currentCategoryId,currentName,targetPath,action,riskLevel,listingCount,productCount,sellerOfferCount,applicationBucket,bucketReason,notes
cmsg4wowy001vuzxwe59qnwfj,Elektronik,Elektronik,KEEP,LOW,0,0,0,SAFE_AUTOMATIC,exact keep,
cmsg4wox6001xuzxwyd1lcls8,Telefon ve Aksesuar,Elektronik › Telefon ve Aksesuar,KEEP,LOW,0,0,0,SAFE_AUTOMATIC,exact keep,
,,Elektronik › Telefon ve Aksesuar › Cep Telefonu,CREATE_NEW,MEDIUM,0,0,0,SAFE_AUTOMATIC,validated no-match create,may receive records from split: split group: phones vs accessories by title/attrs
cmsg3xg0i000vuzdcq5lzaldx,Akıllı Telefon,Elektronik › Telefon ve Aksesuar › Cep Telefonu › Akıllı Telefon,MOVE,CRITICAL,4,3,7,SAFE_WITH_TRANSACTION,related move — txn + alias,move from parent 'Cep Telefonu & Aksesuar' → 'Cep Telefonu'
cmsg3xg11000xuzdczy5pt1ie,Tuşlu Telefon,Elektronik › Telefon ve Aksesuar › Cep Telefonu › Tuşlu Telefon,MOVE,CRITICAL,9,10,15,SAFE_WITH_TRANSACTION,related move — txn + alias,move from parent 'Cep Telefonu & Aksesuar' → 'Cep Telefonu'
,,Elektronik › Telefon ve Aksesuar › Cep Telefonu › Katlanabilir Telefon,CREATE_NEW,MEDIUM,0,0,0,SAFE_AUTOMATIC,validated no-match create,may receive records from split: split group: phones vs accessories by title/attrs
,,Elektronik › Telefon ve Aksesuar › Cep Telefonu › Outdoor Telefon,CREATE_NEW,MEDIUM,0,0,0,SAFE_AUTOMATIC,validated no-match create,may receive records from split: split group: phones vs accessories by title/attrs
,,Elektronik › Telefon ve Aksesuar › Telefon Aksesuarları,CREATE_NEW,MEDIUM,0,0,0,SAFE_AUTOMATIC,validated no-match create,may receive records from split: split group: phones vs accessories by title/attrs
cmsg3xg34001duzdcb74zdgwf,Telefon Kılıfı,Elektronik › Telefon ve Aksesuar › Telefon Aksesuarları › Telefon Kılıfı,MOVE,LOW,0,0,0,SAFE_AUTOMATIC,empty move preserve id,move from parent 'Cep Telefonu & Aksesuar' → 'Telefon Aksesuarları'
cmsg3xg3e001fuzdctc7xfww9,Ekran Koruyucu,Elektronik › Telefon ve Aksesuar › Telefon Aksesuarları › Ekran Koruyucu,MOVE,LOW,0,0,0,SAFE_AUTOMATIC,empty move preserve id,move from parent 'Cep Telefonu & Aksesuar' → 'Telefon Aksesuarları'
,,Elektronik › Telefon ve Aksesuar › Telefon Aksesuarları › Şarj Adaptörü,CREATE_NEW,MEDIUM,0,0,0,SAFE_AUTOMATIC,validated no-match create,may receive records from split: title keyword: powerbank|şarj|adaptör
cmsg3xg3w001juzdc5c71p9y9,Şarj Kablosu,Elektronik › Telefon ve Aksesuar › Telefon Aksesuarları › Şarj Kablosu,MOVE,LOW,0,0,0,SAFE_AUTOMATIC,empty move preserve id,move from parent 'Cep Telefonu & Aksesuar' → 'Telefon Aksesuarları'
,,Elektronik › Telefon ve Aksesuar › Telefon Aksesuarları › Kablosuz Şarj Cihazı,CREATE_NEW,MEDIUM,0,0,0,MANUAL_APPROVAL,create blocked — MEDIUM db match,may receive records from split: split group: phones vs accessories by title/attrs
,,Elektronik › Telefon ve Aksesuar › Telefon Aksesuarları › Powerbank,CREATE_NEW,MEDIUM,0,0,0,MANUAL_APPROVAL,create blocked — EXACT db match,may receive records from split: title keyword: powerbank|şarj|adaptör
,,Elektronik › Telefon ve Aksesuar › Telefon Aksesuarları › Araç İçi Telefon Tutucu,CREATE_NEW,MEDIUM,0,0,0,SAFE_WITH_TRANSACTION,create needs batch review,may receive records from split: split group: phones vs accessories by title/attrs
,,Elektronik › Telefon ve Aksesuar › Telefon Aksesuarları › Masaüstü Telefon Standı,CREATE_NEW,MEDIUM,0,0,0,SAFE_AUTOMATIC,validated no-match create,may receive records from split: split group: phones vs accessories by title/attrs
,,Elektronik › Telefon ve Aksesuar › Telefon Aksesuarları › Selfie Çubuğu,CREATE_NEW,MEDIUM,0,0,0,SAFE_AUTOMATIC,validated no-match create,may receive records from split: split group: phones vs accessories by title/attrs
,,Elektronik › Telefon ve Aksesuar › Telefon Aksesuarları › Bluetooth Kulaklık,CREATE_NEW,MEDIUM,0,0,0,MANUAL_APPROVAL,create blocked — EXACT db match,may receive records from split: manual — bluetooth vs general headphone taxonomy
,,Elektronik › Telefon ve Aksesuar › Telefon Aksesuarları › Kablolu Kulaklık,CREATE_NEW,MEDIUM,0,0,0,SAFE_AUTOMATIC,validated no-match create,may receive records from split: split group: phones vs accessories by title/attrs
,,Elektronik › Telefon ve Aksesuar › Telefon Aksesuarları › Telefon Yedek Parça,CREATE_NEW,MEDIUM,0,0,0,MANUAL_APPROVAL,create blocked — MEDIUM db match,may receive records from split: split group: phones vs accessories by title/attrs
,,Elektronik › Telefon ve Aksesuar › Giyilebilir Teknoloji,CREATE_NEW,LOW,0,0,0,SAFE_AUTOMATIC,validated no-match create,
cmsg3xhtq00c1uzdc4pz4iwjp,Akıllı Saat,Elektronik › Telefon ve Aksesuar › Giyilebilir Teknoloji › Akıllı Saat,MOVE,LOW,0,0,0,SAFE_AUTOMATIC,empty move preserve id,"move from parent 'Saat, Takı & Mücevher' → 'Giyilebilir Teknoloji'"
cmsg3xg2w001buzdcs386yyc7,Akıllı Bileklik,Elektronik › Telefon ve Aksesuar › Giyilebilir Teknoloji › Akıllı Bileklik,MOVE,LOW,0,0,0,SAFE_AUTOMATIC,empty move preserve id,move from parent 'Cep Telefonu & Aksesuar' → 'Giyilebilir Teknoloji'
,,Elektronik › Telefon ve Aksesuar › Giyilebilir Teknoloji › Çocuk Akıllı Saati,CREATE_NEW,LOW,0,0,0,SAFE_AUTOMATIC,validated no-match create,
,,Elektronik › Telefon ve Aksesuar › Giyilebilir Teknoloji › Akıllı Yüzük,CREATE_NEW,LOW,0,0,0,SAFE_WITH_TRANSACTION,create needs batch review,
,,Elektronik › Telefon ve Aksesuar › Giyilebilir Teknoloji › GPS Takip Cihazı,CREATE_NEW,LOW,0,0,0,SAFE_AUTOMATIC,validated no-match create,
,,Elektronik › Telefon ve Aksesuar › İletişim Cihazları,CREATE_NEW,LOW,0,0,0,SAFE_AUTOMATIC,validated no-match create,
,,Elektronik › Telefon ve Aksesuar › İletişim Cihazları › Telsiz,CREATE_NEW,LOW,0,0,0,MANUAL_APPROVAL,create blocked — MEDIUM db match,
,,Elektronik › Telefon ve Aksesuar › İletişim Cihazları › Sabit Telefon,CREATE_NEW,LOW,0,0,0,SAFE_AUTOMATIC,validated no-match create,
,,Elektronik › Telefon ve Aksesuar › İletişim Cihazları › IP Telefon,CREATE_NEW,LOW,0,0,0,SAFE_AUTOMATIC,validated no-match create,
,,Elektronik › Telefon ve Aksesuar › İletişim Cihazları › Uydu Telefonu,CREATE_NEW,LOW,0,0,0,SAFE_AUTOMATIC,validated no-match create,
,,Elektronik › Telefon ve Aksesuar › İletişim Cihazları › Çağrı Cihazı,CREATE_NEW,LOW,0,0,0,SAFE_AUTOMATIC,validated no-match create,
cmsg4wozg001zuzxwvdh4i8ko,Bilgisayar ve Tablet,Elektronik › Bilgisayar ve Tablet,KEEP,LOW,0,0,0,SAFE_AUTOMATIC,exact keep,
cms93j5le001zuz3ggzyxcy3i,Bilgisayar,Elektronik › Bilgisayar ve Tablet › Bilgisayar,KEEP,LOW,1,0,0,SAFE_AUTOMATIC,exact keep,
,,Elektronik › Bilgisayar ve Tablet › Bilgisayar › Dizüstü Bilgisayar,CREATE_NEW,LOW,0,0,0,MANUAL_APPROVAL,create blocked — HIGH db match,
,,Elektronik › Bilgisayar ve Tablet › Bilgisayar › Masaüstü Bilgisayar,CREATE_NEW,LOW,0,0,0,SAFE_WITH_TRANSACTION,create needs batch review,
,,Elektronik › Bilgisayar ve Tablet › Bilgisayar › Mini PC,CREATE_NEW,LOW,0,0,0,SAFE_AUTOMATIC,validated no-match create,
cmsg3xgds002luzdcunyr48xv,All-in-One Bilgisayar,Elektronik › Bilgisayar ve Tablet › Bilgisayar › All-in-One Bilgisayar,KEEP,LOW,0,0,0,SAFE_AUTOMATIC,exact keep,
,,Elektronik › Bilgisayar ve Tablet › Bilgisayar › İş İstasyonu,CREATE_NEW,LOW,0,0,0,SAFE_AUTOMATIC,validated no-match create,
cmsg3xgck002juzdciuwluxwt,Oyuncu Bilgisayarı,Elektronik › Bilgisayar ve Tablet › Bilgisayar › Oyuncu Bilgisayarı,KEEP,LOW,0,0,0,SAFE_AUTOMATIC,exact keep,
,,Elektronik › Bilgisayar ve Tablet › Tablet ve E-Kitap,CREATE_NEW,LOW,0,0,0,SAFE_WITH_TRANSACTION,create needs batch review,
cms93j5ll0021uz3gnjo77yku,Tablet,Elektronik › Bilgisayar ve Tablet › Tablet ve E-Kitap › Tablet,MOVE,LOW,0,0,0,SAFE_AUTOMATIC,empty move preserve id,move from parent 'Bilgisayar ve Tablet' → 'Tablet ve E-Kitap'
cmsg3xgh4002zuzdcug43agde,Grafik Tablet,Elektronik › Bilgisayar ve Tablet › Tablet ve E-Kitap › Grafik Tablet,MOVE,LOW,0,0,0,SAFE_AUTOMATIC,empty move preserve id,move from parent 'Bilgisayar' → 'Tablet ve E-Kitap'
,,Elektronik › Bilgisayar ve Tablet › Tablet ve E-Kitap › E-Kitap Okuyucu,CREATE_NEW,LOW,0,0,0,SAFE_WITH_TRANSACTION,create needs batch review,
,,Elektronik › Bilgisayar ve Tablet › Tablet ve E-Kitap › Çocuk Tableti,CREATE_NEW,LOW,0,0,0,SAFE_AUTOMATIC,validated no-match create,
,,Elektronik › Bilgisayar ve Tablet › Bilgisayar Bileşenleri,CREATE_NEW,LOW,0,0,0,SAFE_WITH_TRANSACTION,create needs batch review,
,,Elektronik › Bilgisayar ve Tablet › Bilgisayar Bileşenleri › İşlemci,CREATE_NEW,LOW,0,0,0,SAFE_AUTOMATIC,validated no-match create,
,,Elektronik › Bilgisayar ve Tablet › Bilgisayar Bileşenleri › Anakart,CREATE_NEW,LOW,0,0,0,SAFE_AUTOMATIC,validated no-match create,
,,Elektronik › Bilgisayar ve Tablet › Bilgisayar Bileşenleri › Ekran Kartı,CREATE_NEW,LOW,0,0,0,SAFE_AUTOMATIC,validated no-match create,
,,Elektronik › Bilgisayar ve Tablet › Bilgisayar Bileşenleri › RAM,CREATE_NEW,LOW,0,0,0,SAFE_AUTOMATIC,validated no-match create,
,,Elektronik › Bilgisayar ve Tablet › Bilgisayar Bileşenleri › SSD,CREATE_NEW,LOW,0,0,0,SAFE_AUTOMATIC,validated no-match create,
,,Elektronik › Bilgisayar ve Tablet › Bilgisayar Bileşenleri › Hard Disk,CREATE_NEW,LOW,0,0,0,SAFE_AUTOMATIC,validated no-match create,
,,Elektronik › Bilgisayar ve Tablet › Bilgisayar Bileşenleri › Bilgisayar Kasası,CREATE_NEW,LOW,0,0,0,SAFE_WITH_TRANSACTION,create needs batch review,
,,Elektronik › Bilgisayar ve Tablet › Bilgisayar Bileşenleri › Güç Kaynağı,CREATE_NEW,LOW,0,0,0,SAFE_AUTOMATIC,validated no-match create,
,,Elektronik › Bilgisayar ve Tablet › Bilgisayar Bileşenleri › İşlemci Soğutucu,CREATE_NEW,LOW,0,0,0,SAFE_AUTOMATIC,validated no-match create,
,,Elektronik › Bilgisayar ve Tablet › Bilgisayar Bileşenleri › Kasa Fanı,CREATE_NEW,LOW,0,0,0,SAFE_AUTOMATIC,validated no-match create,
,,Elektronik › Bilgisayar ve Tablet › Bilgisayar Bileşenleri › Optik Sürücü,CREATE_NEW,LOW,0,0,0,SAFE_AUTOMATIC,validated no-match create,
,,Elektronik › Bilgisayar ve Tablet › Bilgisayar Bileşenleri › Capture Card,CREATE_NEW,LOW,0,0,0,SAFE_AUTOMATIC,validated no-match create,
,,Elektronik › Bilgisayar ve Tablet › Bilgisayar Çevre Birimleri,CREATE_NEW,LOW,0,0,0,SAFE_AUTOMATIC,validated no-match create,
cmsg3xgez002nuzdczxrlb459,Monitör,Elektronik › Bilgisayar ve Tablet › Bilgisayar Çevre Birimleri › Monitör,MOVE,LOW,0,0,0,SAFE_AUTOMATIC,empty move preserve id,move from parent 'Bilgisayar' → 'Bilgisayar Çevre Birimleri'
,,Elektronik › Bilgisayar ve Tablet › Bilgisayar Çevre Birimleri › Klavye,CREATE_NEW,LOW,0,0,0,MANUAL_APPROVAL,create blocked — MEDIUM db match,
,,Elektronik › Bilgisayar ve Tablet › Bilgisayar Çevre Birimleri › Mouse,CREATE_NEW,LOW,0,0,0,MANUAL_APPROVAL,create blocked — MEDIUM db match,
,,Elektronik › Bilgisayar ve Tablet › Bilgisayar Çevre Birimleri › Klavye-Mouse Seti,CREATE_NEW,LOW,0,0,0,SAFE_AUTOMATIC,validated no-match create,
cmsg3xghf0031uzdc7l4o9i5g,Webcam,Elektronik › Bilgisayar ve Tablet › Bilgisayar Çevre Birimleri › Webcam,MOVE,LOW,0,0,0,SAFE_AUTOMATIC,empty move preserve id,move from parent 'Bilgisayar' → 'Bilgisayar Çevre Birimleri'
,,Elektronik › Bilgisayar ve Tablet › Bilgisayar Çevre Birimleri › Mikrofon,CREATE_NEW,LOW,0,0,0,SAFE_AUTOMATIC,validated no-match create,
,,Elektronik › Bilgisayar ve Tablet › Bilgisayar Çevre Birimleri › Hoparlör,CREATE_NEW,LOW,0,0,0,SAFE_AUTOMATIC,validated no-match create,
,,Elektronik › Bilgisayar ve Tablet › Bilgisayar Çevre Birimleri › Kulaklık,CREATE_NEW,LOW,0,0,0,MANUAL_APPROVAL,create blocked — MEDIUM db match,
,,Elektronik › Bilgisayar ve Tablet › Bilgisayar Çevre Birimleri › Yazıcı,CREATE_NEW,MEDIUM,0,0,0,MANUAL_APPROVAL,create blocked — EXACT db match,may receive records from split: title keyword: yazıcı|tarayıcı|scanner
cmsg3xghx0033uzdcm9l8d1sz,Tarayıcı,Elektronik › Bilgisayar ve Tablet › Bilgisayar Çevre Birimleri › Tarayıcı,MOVE,LOW,0,0,0,SAFE_AUTOMATIC,empty move preserve id,move from parent 'Bilgisayar' → 'Bilgisayar Çevre Birimleri'
,,Elektronik › Bilgisayar ve Tablet › Bilgisayar Çevre Birimleri › Projeksiyon Cihazı,CREATE_NEW,LOW,0,0,0,SAFE_WITH_TRANSACTION,create needs batch review,
,,Elektronik › Bilgisayar ve Tablet › Ağ ve İnternet,CREATE_NEW,LOW,0,0,0,SAFE_AUTOMATIC,validated no-match create,
,,Elektronik › Bilgisayar ve Tablet › Ağ ve İnternet › Modem,CREATE_NEW,LOW,0,0,0,MANUAL_APPROVAL,create blocked — MEDIUM db match,
,,Elektronik › Bilgisayar ve Tablet › Ağ ve İnternet › Router,CREATE_NEW,LOW,0,0,0,SAFE_AUTOMATIC,validated no-match create,
,,Elektronik › Bilgisayar ve Tablet › Ağ ve İnternet › Access Point,CREATE_NEW,LOW,0,0,0,SAFE_AUTOMATIC,validated no-match create,
,,Elektronik › Bilgisayar ve Tablet › Ağ ve İnternet › Mesh Wi-Fi Sistemi,CREATE_NEW,LOW,0,0,0,SAFE_AUTOMATIC,validated no-match create,
,,Elektronik › Bilgisayar ve Tablet › Ağ ve İnternet › Switch,CREATE_NEW,LOW,0,0,0,SAFE_AUTOMATIC,validated no-match create,
,,Elektronik › Bilgisayar ve Tablet › Ağ ve İnternet › Range Extender,CREATE_NEW,LOW,0,0,0,SAFE_AUTOMATIC,validated no-match create,
,,Elektronik › Bilgisayar ve Tablet › Ağ ve İnternet › Powerline Adaptör,CREATE_NEW,LOW,0,0,0,SAFE_AUTOMATIC,validated no-match create,
,,Elektronik › Bilgisayar ve Tablet › Ağ ve İnternet › Ağ Kartı,CREATE_NEW,LOW,0,0,0,SAFE_AUTOMATIC,validated no-match create,
,,Elektronik › Bilgisayar ve Tablet › Ağ ve İnternet › Anten,CREATE_NEW,LOW,0,0,0,SAFE_AUTOMATIC,validated no-match create,
,,Elektronik › Bilgisayar ve Tablet › Ağ ve İnternet › Ethernet Kablosu,CREATE_NEW,LOW,0,0,0,SAFE_AUTOMATIC,validated no-match create,
,,Elektronik › Bilgisayar ve Tablet › Depolama ve Bellek,CREATE_NEW,LOW,0,0,0,SAFE_AUTOMATIC,validated no-match create,
,,Elektronik › Bilgisayar ve Tablet › Depolama ve Bellek › USB Bellek,CREATE_NEW,LOW,0,0,0,SAFE_AUTOMATIC,validated no-match create,
,,Elektronik › Bilgisayar ve Tablet › Depolama ve Bellek › Hafıza Kartı,CREATE_NEW,LOW,0,0,0,SAFE_AUTOMATIC,validated no-match create,
,,Elektronik › Bilgisayar ve Tablet › Depolama ve Bellek › Harici SSD,CREATE_NEW,LOW,0,0,0,SAFE_AUTOMATIC,validated no-match create,
,,Elektronik › Bilgisayar ve Tablet › Depolama ve Bellek › Harici Hard Disk,CREATE_NEW,LOW,0,0,0,SAFE_AUTOMATIC,validated no-match create,
,,Elektronik › Bilgisayar ve Tablet › Depolama ve Bellek › NAS,CREATE_NEW,LOW,0,0,0,SAFE_AUTOMATIC,validated no-match create,
,,Elektronik › Bilgisayar ve Tablet › Depolama ve Bellek › Kart Okuyucu,CREATE_NEW,LOW,0,0,0,SAFE_AUTOMATIC,validated no-match create,
,,Elektronik › Bilgisayar ve Tablet › Bilgisayar Aksesuarları,CREATE_NEW,LOW,0,0,0,SAFE_WITH_TRANSACTION,create needs batch review,
,,Elektronik › Bilgisayar ve Tablet › Bilgisayar Aksesuarları › Laptop Çantası,CREATE_NEW,LOW,0,0,0,SAFE_AUTOMATIC,validated no-match create,
,,Elektronik › Bilgisayar ve Tablet › Bilgisayar Aksesuarları › Laptop Standı,CREATE_NEW,LOW,0,0,0,SAFE_AUTOMATIC,validated no-match create,
,,Elektronik › Bilgisayar ve Tablet › Bilgisayar Aksesuarları › Soğutucu,CREATE_NEW,LOW,0,0,0,SAFE_AUTOMATIC,validated no-match create,
,,Elektronik › Bilgisayar ve Tablet › Bilgisayar Aksesuarları › Docking Station,CREATE_NEW,LOW,0,0,0,SAFE_AUTOMATIC,validated no-match create,
,,Elektronik › Bilgisayar ve Tablet › Bilgisayar Aksesuarları › USB Hub,CREATE_NEW,LOW,0,0,0,SAFE_AUTOMATIC,validated no-match create,
,,Elektronik › Bilgisayar ve Tablet › Bilgisayar Aksesuarları › Adaptör,CREATE_NEW,LOW,0,0,0,SAFE_AUTOMATIC,validated no-match create,
,,Elektronik › Bilgisayar ve Tablet › Bilgisayar Aksesuarları › Kablo ve Dönüştürücü,CREATE_NEW,LOW,0,0,0,SAFE_AUTOMATIC,validated no-match create,
,,Elektronik › Bilgisayar ve Tablet › Bilgisayar Aksesuarları › Mouse Pad,CREATE_NEW,LOW,0,0,0,SAFE_AUTOMATIC,validated no-match create,
,,Elektronik › Bilgisayar ve Tablet › Bilgisayar Aksesuarları › Monitör Kolu,CREATE_NEW,LOW,0,0,0,SAFE_WITH_TRANSACTION,create needs batch review,
,,Elektronik › Bilgisayar ve Tablet › Bilgisayar Aksesuarları › KVM Switch,CREATE_NEW,LOW,0,0,0,SAFE_AUTOMATIC,validated no-match create,
,,"Elektronik › Televizyon, Görüntü ve Ses",CREATE_NEW,LOW,0,0,0,MANUAL_APPROVAL,create blocked — EXACT db match,
cmsg3xglw003luzdcxpoenrxj,Televizyon,"Elektronik › Televizyon, Görüntü ve Ses › Televizyon",MOVE,LOW,0,0,0,SAFE_AUTOMATIC,empty move preserve id,"move from parent 'TV, Görüntü ve Ses' → 'Televizyon, Görüntü ve Ses'"
,,"Elektronik › Televizyon, Görüntü ve Ses › Televizyon › LED Televizyon",CREATE_NEW,LOW,0,0,0,SAFE_WITH_TRANSACTION,create needs batch review,
,,"Elektronik › Televizyon, Görüntü ve Ses › Televizyon › QLED Televizyon",CREATE_NEW,LOW,0,0,0,SAFE_WITH_TRANSACTION,create needs batch review,
,,"Elektronik › Televizyon, Görüntü ve Ses › Televizyon › OLED Televizyon",CREATE_NEW,LOW,0,0,0,SAFE_WITH_TRANSACTION,create needs batch review,
,,"Elektronik › Televizyon, Görüntü ve Ses › Televizyon › Mini LED Televizyon",CREATE_NEW,LOW,0,0,0,SAFE_AUTOMATIC,validated no-match create,
,,"Elektronik › Televizyon, Görüntü ve Ses › Televizyon › Taşınabilir Televizyon",CREATE_NEW,LOW,0,0,0,SAFE_WITH_TRANSACTION,create needs batch review,
,,"Elektronik › Televizyon, Görüntü ve Ses › TV Aksesuarları",CREATE_NEW,LOW,0,0,0,SAFE_AUTOMATIC,validated no-match create,
,,"Elektronik › Televizyon, Görüntü ve Ses › TV Aksesuarları › TV Askı Aparatı",CREATE_NEW,LOW,0,0,0,SAFE_AUTOMATIC,validated no-match create,
,,"Elektronik › Televizyon, Görüntü ve Ses › TV Aksesuarları › TV Kumandası",CREATE_NEW,LOW,0,0,0,SAFE_AUTOMATIC,validated no-match create,
,,"Elektronik › Televizyon, Görüntü ve Ses › TV Aksesuarları › Uydu Alıcısı",CREATE_NEW,LOW,0,0,0,SAFE_AUTOMATIC,validated no-match create,
,,"Elektronik › Televizyon, Görüntü ve Ses › TV Aksesuarları › Android TV Box",CREATE_NEW,LOW,0,0,0,SAFE_AUTOMATIC,validated no-match create,
,,"Elektronik › Televizyon, Görüntü ve Ses › TV Aksesuarları › Apple TV ve Medya Oynatıcı",CREATE_NEW,LOW,0,0,0,SAFE_AUTOMATIC,validated no-match create,
,,"Elektronik › Televizyon, Görüntü ve Ses › TV Aksesuarları › HDMI Kablo",CREATE_NEW,LOW,0,0,0,SAFE_AUTOMATIC,validated no-match create,
,,"Elektronik › Televizyon, Görüntü ve Ses › TV Aksesuarları › TV Anteni",CREATE_NEW,LOW,0,0,0,SAFE_AUTOMATIC,validated no-match create,
,,"Elektronik › Televizyon, Görüntü ve Ses › Ses Sistemleri",CREATE_NEW,LOW,0,0,0,SAFE_AUTOMATIC,validated no-match create,
,,"Elektronik › Televizyon, Görüntü ve Ses › Ses Sistemleri › Soundbar",CREATE_NEW,LOW,0,0,0,MANUAL_APPROVAL,create blocked — MEDIUM db match,
,,"Elektronik › Televizyon, Görüntü ve Ses › Ses Sistemleri › Ev Sinema Sistemi",CREATE_NEW,LOW,0,0,0,MANUAL_APPROVAL,create blocked — EXACT db match,
,,"Elektronik › Televizyon, Görüntü ve Ses › Ses Sistemleri › Hi-Fi Sistem",CREATE_NEW,LOW,0,0,0,SAFE_AUTOMATIC,validated no-match create,
,,"Elektronik › Televizyon, Görüntü ve Ses › Ses Sistemleri › Bluetooth Hoparlör",CREATE_NEW,LOW,0,0,0,SAFE_AUTOMATIC,validated no-match create,
,,"Elektronik › Televizyon, Görüntü ve Ses › Ses Sistemleri › Taşınabilir Hoparlör",CREATE_NEW,LOW,0,0,0,SAFE_AUTOMATIC,validated no-match create,
,,"Elektronik › Televizyon, Görüntü ve Ses › Ses Sistemleri › Amfi",CREATE_NEW,LOW,0,0,0,MANUAL_APPROVAL,create blocked — MEDIUM db match,
,,"Elektronik › Televizyon, Görüntü ve Ses › Ses Sistemleri › Subwoofer",CREATE_NEW,LOW,0,0,0,SAFE_AUTOMATIC,validated no-match create,
,,"Elektronik › Televizyon, Görüntü ve Ses › Ses Sistemleri › Hoparlör Seti",CREATE_NEW,LOW,0,0,0,SAFE_AUTOMATIC,validated no-match create,
,,"Elektronik › Televizyon, Görüntü ve Ses › Kulaklık",CREATE_NEW,MEDIUM,0,0,0,MANUAL_APPROVAL,create blocked — MEDIUM db match,may receive records from split: manual — bluetooth vs general headphone taxonomy
,,"Elektronik › Televizyon, Görüntü ve Ses › Kulaklık › TWS Kulaklık",CREATE_NEW,MEDIUM,0,0,0,SAFE_AUTOMATIC,validated no-match create,may receive records from split: manual — bluetooth vs general headphone taxonomy
,,"Elektronik › Televizyon, Görüntü ve Ses › Kulaklık › Kulak Üstü Kulaklık",CREATE_NEW,MEDIUM,0,0,0,SAFE_AUTOMATIC,validated no-match create,may receive records from split: manual — bluetooth vs general headphone taxonomy
,,"Elektronik › Televizyon, Görüntü ve Ses › Kulaklık › Oyuncu Kulaklığı",CREATE_NEW,MEDIUM,0,0,0,SAFE_AUTOMATIC,validated no-match create,may receive records from split: manual — bluetooth vs general headphone taxonomy
,,"Elektronik › Televizyon, Görüntü ve Ses › Kulaklık › Stüdyo Kulaklığı",CREATE_NEW,MEDIUM,0,0,0,SAFE_AUTOMATIC,validated no-match create,may receive records from split: manual — bluetooth vs general headphone taxonomy
,,"Elektronik › Televizyon, Görüntü ve Ses › Kulaklık › Spor Kulaklığı",CREATE_NEW,MEDIUM,0,0,0,SAFE_AUTOMATIC,validated no-match create,may receive records from split: manual — bluetooth vs general headphone taxonomy
,,"Elektronik › Televizyon, Görüntü ve Ses › Projeksiyon ve Sunum",CREATE_NEW,LOW,0,0,0,SAFE_AUTOMATIC,validated no-match create,
,,"Elektronik › Televizyon, Görüntü ve Ses › Projeksiyon ve Sunum › Projeksiyon Cihazı",CREATE_NEW,LOW,0,0,0,SAFE_WITH_TRANSACTION,create needs batch review,
,,"Elektronik › Televizyon, Görüntü ve Ses › Projeksiyon ve Sunum › Projeksiyon Perdesi",CREATE_NEW,LOW,0,0,0,SAFE_WITH_TRANSACTION,create needs batch review,
,,"Elektronik › Televizyon, Görüntü ve Ses › Projeksiyon ve Sunum › Sunum Kumandası",CREATE_NEW,LOW,0,0,0,SAFE_AUTOMATIC,validated no-match create,
,,"Elektronik › Televizyon, Görüntü ve Ses › Projeksiyon ve Sunum › Projeksiyon Askı Aparatı",CREATE_NEW,LOW,0,0,0,SAFE_AUTOMATIC,validated no-match create,
,,"Elektronik › Televizyon, Görüntü ve Ses › Fotoğraf ve Video",CREATE_NEW,LOW,0,0,0,SAFE_WITH_TRANSACTION,create needs batch review,
,,"Elektronik › Televizyon, Görüntü ve Ses › Fotoğraf ve Video › Dijital Fotoğraf Makinesi",CREATE_NEW,LOW,0,0,0,MANUAL_APPROVAL,create blocked — MEDIUM db match,
,,"Elektronik › Televizyon, Görüntü ve Ses › Fotoğraf ve Video › Aksiyon Kamerası",CREATE_NEW,LOW,0,0,0,SAFE_AUTOMATIC,validated no-match create,
cmsg3xh97008huzdcjuq4i74a,Video Kamera,"Elektronik › Televizyon, Görüntü ve Ses › Fotoğraf ve Video › Video Kamera",MOVE,LOW,0,0,0,SAFE_AUTOMATIC,empty move preserve id,move from parent 'Fotoğraf ve Kamera' → 'Fotoğraf ve Video'
cmsg3xh9e008juzdco4aldnox,Drone,"Elektronik › Televizyon, Görüntü ve Ses › Fotoğraf ve Video › Drone",MOVE,LOW,0,0,0,SAFE_AUTOMATIC,empty move preserve id,move from parent 'Fotoğraf ve Kamera' → 'Fotoğraf ve Video'
,,"Elektronik › Televizyon, Görüntü ve Ses › Fotoğraf ve Video › Lens",CREATE_NEW,LOW,0,0,0,SAFE_AUTOMATIC,validated no-match create,
,,"Elektronik › Televizyon, Görüntü ve Ses › Fotoğraf ve Video › Tripod",CREATE_NEW,LOW,0,0,0,MANUAL_APPROVAL,create blocked — MEDIUM db match,
,,"Elektronik › Televizyon, Görüntü ve Ses › Fotoğraf ve Video › Gimbal",CREATE_NEW,LOW,0,0,0,SAFE_AUTOMATIC,validated no-match create,
,,"Elektronik › Televizyon, Görüntü ve Ses › Fotoğraf ve Video › Fotoğraf Çantası",CREATE_NEW,LOW,0,0,0,SAFE_AUTOMATIC,validated no-match create,
,,"Elektronik › Televizyon, Görüntü ve Ses › Fotoğraf ve Video › Flaş",CREATE_NEW,LOW,0,0,0,SAFE_AUTOMATIC,validated no-match create,
,,"Elektronik › Televizyon, Görüntü ve Ses › Fotoğraf ve Video › Işık ve Softbox",CREATE_NEW,LOW,0,0,0,SAFE_AUTOMATIC,validated no-match create,
,,"Elektronik › Televizyon, Görüntü ve Ses › Fotoğraf ve Video › Kamera Aksesuarı",CREATE_NEW,LOW,0,0,0,SAFE_AUTOMATIC,validated no-match create,
cmsg4wp3k0025uzxwhokxbo3o,Oyun ve Konsol,Elektronik › Oyun ve Konsol,KEEP,LOW,0,0,0,SAFE_AUTOMATIC,exact keep,
cmsg3xh77007zuzdc524lrki2,Oyun Konsolu,Elektronik › Oyun ve Konsol › Oyun Konsolu,KEEP,LOW,0,0,0,SAFE_AUTOMATIC,exact keep,
,,Elektronik › Oyun ve Konsol › Oyun Konsolu › PlayStation,CREATE_NEW,LOW,0,0,0,SAFE_AUTOMATIC,validated no-match create,
,,Elektronik › Oyun ve Konsol › Oyun Konsolu › Xbox,CREATE_NEW,LOW,0,0,0,SAFE_AUTOMATIC,validated no-match create,
,,Elektronik › Oyun ve Konsol › Oyun Konsolu › Nintendo Switch,CREATE_NEW,LOW,0,0,0,SAFE_AUTOMATIC,validated no-match create,
,,Elektronik › Oyun ve Konsol › Oyun Konsolu › El Konsolu,CREATE_NEW,LOW,0,0,0,SAFE_AUTOMATIC,validated no-match create,
,,Elektronik › Oyun ve Konsol › Oyun Konsolu › Retro Oyun Konsolu,CREATE_NEW,LOW,0,0,0,MANUAL_APPROVAL,create blocked — MEDIUM db match,
,,Elektronik › Oyun ve Konsol › Konsol Aksesuarları,CREATE_NEW,LOW,0,0,0,SAFE_AUTOMATIC,validated no-match create,
,,Elektronik › Oyun ve Konsol › Konsol Aksesuarları › Gamepad,CREATE_NEW,LOW,0,0,0,SAFE_AUTOMATIC,validated no-match create,
,,Elektronik › Oyun ve Konsol › Konsol Aksesuarları › Direksiyon Seti,CREATE_NEW,LOW,0,0,0,SAFE_AUTOMATIC,validated no-match create,
,,Elektronik › Oyun ve Konsol › Konsol Aksesuarları › VR Gözlük,CREATE_NEW,LOW,0,0,0,SAFE_AUTOMATIC,validated no-match create,
,,Elektronik › Oyun ve Konsol › Konsol Aksesuarları › Şarj İstasyonu,CREATE_NEW,LOW,0,0,0,SAFE_AUTOMATIC,validated no-match create,
,,Elektronik › Oyun ve Konsol › Konsol Aksesuarları › Konsol Kulaklığı,CREATE_NEW,LOW,0,0,0,SAFE_AUTOMATIC,validated no-match create,
,,Elektronik › Oyun ve Konsol › Konsol Aksesuarları › Taşıma Çantası,CREATE_NEW,LOW,0,0,0,SAFE_AUTOMATIC,validated no-match create,
,,Elektronik › Oyun ve Konsol › Oyunlar,CREATE_NEW,LOW,0,0,0,SAFE_AUTOMATIC,validated no-match create,
,,Elektronik › Oyun ve Konsol › Oyunlar › PlayStation Oyunları,CREATE_NEW,LOW,0,0,0,SAFE_AUTOMATIC,validated no-match create,
,,Elektronik › Oyun ve Konsol › Oyunlar › Xbox Oyunları,CREATE_NEW,LOW,0,0,0,SAFE_AUTOMATIC,validated no-match create,
,,Elektronik › Oyun ve Konsol › Oyunlar › Nintendo Oyunları,CREATE_NEW,LOW,0,0,0,SAFE_AUTOMATIC,validated no-match create,
,,Elektronik › Oyun ve Konsol › Oyunlar › PC Oyunları,CREATE_NEW,LOW,0,0,0,SAFE_AUTOMATIC,validated no-match create,
,,Elektronik › Oyun ve Konsol › Oyuncu Ekipmanları,CREATE_NEW,LOW,0,0,0,SAFE_AUTOMATIC,validated no-match create,
,,Elektronik › Oyun ve Konsol › Oyuncu Ekipmanları › Oyuncu Klavyesi,CREATE_NEW,LOW,0,0,0,SAFE_AUTOMATIC,validated no-match create,
,,Elektronik › Oyun ve Konsol › Oyuncu Ekipmanları › Oyuncu Mouse,CREATE_NEW,LOW,0,0,0,SAFE_AUTOMATIC,validated no-match create,
,,Elektronik › Oyun ve Konsol › Oyuncu Ekipmanları › Oyuncu Monitörü,CREATE_NEW,LOW,0,0,0,SAFE_AUTOMATIC,validated no-match create,
,,Elektronik › Oyun ve Konsol › Oyuncu Ekipmanları › Oyuncu Koltuğu,CREATE_NEW,LOW,0,0,0,SAFE_AUTOMATIC,validated no-match create,
,,Elektronik › Oyun ve Konsol › Oyuncu Ekipmanları › Oyuncu Masası,CREATE_NEW,LOW,0,0,0,SAFE_AUTOMATIC,validated no-match create,
,,Elektronik › Oyun ve Konsol › Oyuncu Ekipmanları › Yayıncı Ekipmanı,CREATE_NEW,LOW,0,0,0,SAFE_AUTOMATIC,validated no-match create,
,,Elektronik › Akıllı Ev ve Güvenlik,CREATE_NEW,LOW,0,0,0,SAFE_WITH_TRANSACTION,create needs batch review,
,,Elektronik › Akıllı Ev ve Güvenlik › Akıllı Ev,CREATE_NEW,LOW,0,0,0,SAFE_AUTOMATIC,validated no-match create,
,,Elektronik › Akıllı Ev ve Güvenlik › Akıllı Ev › Akıllı Priz,CREATE_NEW,LOW,0,0,0,SAFE_AUTOMATIC,validated no-match create,
,,Elektronik › Akıllı Ev ve Güvenlik › Akıllı Ev › Akıllı Ampul,CREATE_NEW,LOW,0,0,0,SAFE_AUTOMATIC,validated no-match create,
,,Elektronik › Akıllı Ev ve Güvenlik › Akıllı Ev › Akıllı Anahtar,CREATE_NEW,LOW,0,0,0,SAFE_AUTOMATIC,validated no-match create,
,,Elektronik › Akıllı Ev ve Güvenlik › Akıllı Ev › Akıllı Termostat,CREATE_NEW,LOW,0,0,0,SAFE_AUTOMATIC,validated no-match create,
,,Elektronik › Akıllı Ev ve Güvenlik › Akıllı Ev › Akıllı Perde Motoru,CREATE_NEW,LOW,0,0,0,SAFE_AUTOMATIC,validated no-match create,
,,Elektronik › Akıllı Ev ve Güvenlik › Akıllı Ev › Akıllı Ev Hub,CREATE_NEW,LOW,0,0,0,SAFE_AUTOMATIC,validated no-match create,
,,Elektronik › Akıllı Ev ve Güvenlik › Güvenlik Sistemleri,CREATE_NEW,LOW,0,0,0,SAFE_AUTOMATIC,validated no-match create,
,,Elektronik › Akıllı Ev ve Güvenlik › Güvenlik Sistemleri › IP Kamera,CREATE_NEW,LOW,0,0,0,SAFE_AUTOMATIC,validated no-match create,
,,Elektronik › Akıllı Ev ve Güvenlik › Güvenlik Sistemleri › Analog Kamera,CREATE_NEW,LOW,0,0,0,SAFE_AUTOMATIC,validated no-match create,
,,Elektronik › Akıllı Ev ve Güvenlik › Güvenlik Sistemleri › Kamera Kayıt Cihazı,CREATE_NEW,LOW,0,0,0,SAFE_AUTOMATIC,validated no-match create,
,,Elektronik › Akıllı Ev ve Güvenlik › Güvenlik Sistemleri › Alarm Sistemi,CREATE_NEW,LOW,0,0,0,SAFE_AUTOMATIC,validated no-match create,
,,Elektronik › Akıllı Ev ve Güvenlik › Güvenlik Sistemleri › Hareket Sensörü,CREATE_NEW,LOW,0,0,0,SAFE_AUTOMATIC,validated no-match create,
,,Elektronik › Akıllı Ev ve Güvenlik › Güvenlik Sistemleri › Kapı-Pencere Sensörü,CREATE_NEW,LOW,0,0,0,SAFE_AUTOMATIC,validated no-match create,
,,Elektronik › Akıllı Ev ve Güvenlik › Güvenlik Sistemleri › Görüntülü Diafon,CREATE_NEW,LOW,0,0,0,SAFE_AUTOMATIC,validated no-match create,
,,Elektronik › Akıllı Ev ve Güvenlik › Güvenlik Sistemleri › Akıllı Kilit,CREATE_NEW,LOW,0,0,0,SAFE_AUTOMATIC,validated no-match create,
,,Elektronik › Akıllı Ev ve Güvenlik › Güvenlik Sistemleri › Duman Dedektörü,CREATE_NEW,LOW,0,0,0,SAFE_AUTOMATIC,validated no-match create,
,,Elektronik › Akıllı Ev ve Güvenlik › Enerji ve Güç,CREATE_NEW,LOW,0,0,0,SAFE_AUTOMATIC,validated no-match create,
,,Elektronik › Akıllı Ev ve Güvenlik › Enerji ve Güç › UPS,CREATE_NEW,LOW,0,0,0,SAFE_AUTOMATIC,validated no-match create,
,,Elektronik › Akıllı Ev ve Güvenlik › Enerji ve Güç › Voltaj Regülatörü,CREATE_NEW,LOW,0,0,0,SAFE_AUTOMATIC,validated no-match create,
,,Elektronik › Akıllı Ev ve Güvenlik › Enerji ve Güç › Akım Korumalı Priz,CREATE_NEW,LOW,0,0,0,SAFE_AUTOMATIC,validated no-match create,
,,Elektronik › Akıllı Ev ve Güvenlik › Enerji ve Güç › Solar Şarj Cihazı,CREATE_NEW,LOW,0,0,0,MANUAL_APPROVAL,create blocked — MEDIUM db match,
,,Elektronik › Akıllı Ev ve Güvenlik › Enerji ve Güç › Taşınabilir Güç İstasyonu,CREATE_NEW,LOW,0,0,0,SAFE_AUTOMATIC,validated no-match create,
cmsg4wp4b0027uzxwztiu45qy,Ev Aletleri,Ev Aletleri,KEEP,LOW,0,0,0,SAFE_AUTOMATIC,exact keep,
cmsg4wp4f0029uzxwroue3qn1,Beyaz Eşya,Ev Aletleri › Beyaz Eşya,KEEP,LOW,0,0,0,SAFE_AUTOMATIC,exact keep,
,,Ev Aletleri › Beyaz Eşya › Soğutma,CREATE_NEW,LOW,0,0,0,SAFE_AUTOMATIC,validated no-match create,
cmsg3xgt5004zuzdc72um2ssy,Buzdolabı,Ev Aletleri › Beyaz Eşya › Soğutma › Buzdolabı,MOVE,CRITICAL,0,4,4,SAFE_WITH_TRANSACTION,related move — txn + alias,move from parent 'Beyaz Eşya' → 'Soğutma'
cmsg3xgwt005puzdcbxzwlbt4,Mini Buzdolabı,Ev Aletleri › Beyaz Eşya › Soğutma › Mini Buzdolabı,MOVE,LOW,0,0,0,SAFE_AUTOMATIC,empty move preserve id,move from parent 'Beyaz Eşya' → 'Soğutma'
cmsg3xgxk005vuzdc5vtrab34,Derin Dondurucu,Ev Aletleri › Beyaz Eşya › Soğutma › Derin Dondurucu,MOVE,LOW,0,0,0,SAFE_AUTOMATIC,empty move preserve id,move from parent 'Beyaz Eşya' → 'Soğutma'
,,Ev Aletleri › Beyaz Eşya › Soğutma › Şarap Dolabı,CREATE_NEW,LOW,0,0,0,SAFE_AUTOMATIC,validated no-match create,
,,Ev Aletleri › Beyaz Eşya › Çamaşır Bakımı,CREATE_NEW,LOW,0,0,0,SAFE_AUTOMATIC,validated no-match create,
cmsg3xgtp0051uzdc0u6fpuz1,Çamaşır Makinesi,Ev Aletleri › Beyaz Eşya › Çamaşır Bakımı › Çamaşır Makinesi,MOVE,LOW,0,0,0,SAFE_AUTOMATIC,empty move preserve id,move from parent 'Beyaz Eşya' → 'Çamaşır Bakımı'
cmsg3xgu60055uzdc4mielfdh,Kurutma Makinesi,Ev Aletleri › Beyaz Eşya › Çamaşır Bakımı › Kurutma Makinesi,MOVE,LOW,0,0,0,SAFE_AUTOMATIC,empty move preserve id,move from parent 'Beyaz Eşya' → 'Çamaşır Bakımı'
,,Ev Aletleri › Beyaz Eşya › Çamaşır Bakımı › Kurutmalı Çamaşır Makinesi,CREATE_NEW,LOW,0,0,0,MANUAL_APPROVAL,create blocked — MEDIUM db match,
,,Ev Aletleri › Beyaz Eşya › Bulaşık ve Mutfak,CREATE_NEW,LOW,0,0,0,SAFE_WITH_TRANSACTION,create needs batch review,
cmsg3xgtz0053uzdc41141s2x,Bulaşık Makinesi,Ev Aletleri › Beyaz Eşya › Bulaşık ve Mutfak › Bulaşık Makinesi,MOVE,LOW,0,0,0,SAFE_AUTOMATIC,empty move preserve id,move from parent 'Beyaz Eşya' → 'Bulaşık ve Mutfak'
,,Ev Aletleri › Beyaz Eşya › Bulaşık ve Mutfak › Ankastre Bulaşık Makinesi,CREATE_NEW,LOW,0,0,0,MANUAL_APPROVAL,create blocked — MEDIUM db match,
cmsg4wpfm0033uzxwv88et3xc,Pişirme,Ev Aletleri › Beyaz Eşya › Pişirme,MOVE,LOW,0,0,0,SAFE_AUTOMATIC,empty move preserve id,move from parent 'Mutfak ve Sofra' → 'Beyaz Eşya'
,,Ev Aletleri › Beyaz Eşya › Pişirme › Fırın,CREATE_NEW,LOW,0,0,0,MANUAL_APPROVAL,create blocked — MEDIUM db match,
,,Ev Aletleri › Beyaz Eşya › Pişirme › Ocak,CREATE_NEW,LOW,0,0,0,MANUAL_APPROVAL,create blocked — MEDIUM db match,
cmsg3xgur0059uzdcp093xrys,Davlumbaz,Ev Aletleri › Beyaz Eşya › Pişirme › Davlumbaz,MOVE,LOW,0,0,0,SAFE_AUTOMATIC,empty move preserve id,move from parent 'Beyaz Eşya' → 'Pişirme'
cmsg3xgxs005xuzdcc20llfmm,Aspiratör,Ev Aletleri › Beyaz Eşya › Pişirme › Aspiratör,MOVE,LOW,0,0,0,SAFE_AUTOMATIC,empty move preserve id,move from parent 'Beyaz Eşya' → 'Pişirme'
cmsg3xgy0005zuzdcllwpr6ri,Ankastre Set,Ev Aletleri › Beyaz Eşya › Pişirme › Ankastre Set,MOVE,LOW,0,0,0,SAFE_AUTOMATIC,empty move preserve id,move from parent 'Beyaz Eşya' → 'Pişirme'
,,Ev Aletleri › Beyaz Eşya › Pişirme › Mikrodalga Fırın,CREATE_NEW,LOW,0,0,0,SAFE_AUTOMATIC,validated no-match create,
,,Ev Aletleri › Beyaz Eşya › İklimlendirme,CREATE_NEW,LOW,0,0,0,SAFE_AUTOMATIC,validated no-match create,
cmsg3xguy005buzdc5161xfqn,Klima,Ev Aletleri › Beyaz Eşya › İklimlendirme › Klima,MOVE,LOW,0,0,0,SAFE_AUTOMATIC,empty move preserve id,move from parent 'Beyaz Eşya' → 'İklimlendirme'
,,Ev Aletleri › Beyaz Eşya › İklimlendirme › Portatif Klima,CREATE_NEW,LOW,0,0,0,SAFE_WITH_TRANSACTION,create needs batch review,
,,Ev Aletleri › Beyaz Eşya › İklimlendirme › Vantilatör,CREATE_NEW,LOW,0,0,0,SAFE_AUTOMATIC,validated no-match create,
,,Ev Aletleri › Beyaz Eşya › İklimlendirme › Hava Soğutucu,CREATE_NEW,LOW,0,0,0,SAFE_AUTOMATIC,validated no-match create,
,,Ev Aletleri › Beyaz Eşya › İklimlendirme › Isıtıcı,CREATE_NEW,LOW,0,0,0,MANUAL_APPROVAL,create blocked — MEDIUM db match,
,,Ev Aletleri › Beyaz Eşya › İklimlendirme › Kombi,CREATE_NEW,LOW,0,0,0,MANUAL_APPROVAL,create blocked — MEDIUM db match,
,,Ev Aletleri › Beyaz Eşya › İklimlendirme › Şofben,CREATE_NEW,LOW,0,0,0,SAFE_AUTOMATIC,validated no-match create,
,,Ev Aletleri › Beyaz Eşya › İklimlendirme › Termosifon,CREATE_NEW,LOW,0,0,0,MANUAL_APPROVAL,create blocked — MEDIUM db match,
cmsg4wp6y002buzxw8i935t8o,Küçük Ev Aletleri,Ev Aletleri › Küçük Ev Aletleri,KEEP,LOW,0,0,0,SAFE_AUTOMATIC,exact keep,
,,Ev Aletleri › Küçük Ev Aletleri › Temizlik,CREATE_NEW,LOW,0,0,0,SAFE_AUTOMATIC,validated no-match create,
cmsg3xh2j006zuzdchy5zoyc7,Robot Süpürge,Ev Aletleri › Küçük Ev Aletleri › Temizlik › Robot Süpürge,MOVE,LOW,0,0,0,SAFE_AUTOMATIC,empty move preserve id,move from parent 'Elektrikli Ev Aletleri' → 'Temizlik'
,,Ev Aletleri › Küçük Ev Aletleri › Temizlik › Dikey Süpürge,CREATE_NEW,LOW,0,0,0,SAFE_WITH_TRANSACTION,create needs batch review,
,,Ev Aletleri › Küçük Ev Aletleri › Temizlik › Toz Torbalı Süpürge,CREATE_NEW,LOW,0,0,0,SAFE_AUTOMATIC,validated no-match create,
,,Ev Aletleri › Küçük Ev Aletleri › Temizlik › Toz Torbasız Süpürge,CREATE_NEW,LOW,0,0,0,SAFE_AUTOMATIC,validated no-match create,
,,Ev Aletleri › Küçük Ev Aletleri › Temizlik › Islak-Kuru Süpürge,CREATE_NEW,LOW,0,0,0,SAFE_AUTOMATIC,validated no-match create,
,,Ev Aletleri › Küçük Ev Aletleri › Temizlik › Buharlı Temizleyici,CREATE_NEW,LOW,0,0,0,SAFE_AUTOMATIC,validated no-match create,
,,Ev Aletleri › Küçük Ev Aletleri › Temizlik › Halı Yıkama Makinesi,CREATE_NEW,LOW,0,0,0,SAFE_AUTOMATIC,validated no-match create,
,,Ev Aletleri › Küçük Ev Aletleri › Temizlik › Cam Temizleme Robotu,CREATE_NEW,LOW,0,0,0,SAFE_AUTOMATIC,validated no-match create,
,,Ev Aletleri › Küçük Ev Aletleri › Ütü ve Dikiş,CREATE_NEW,LOW,0,0,0,MANUAL_APPROVAL,create blocked — MEDIUM db match,
,,Ev Aletleri › Küçük Ev Aletleri › Ütü ve Dikiş › Buharlı Ütü,CREATE_NEW,LOW,0,0,0,SAFE_WITH_TRANSACTION,create needs batch review,
,,Ev Aletleri › Küçük Ev Aletleri › Ütü ve Dikiş › Kazanlı Ütü,CREATE_NEW,LOW,0,0,0,SAFE_WITH_TRANSACTION,create needs batch review,
,,Ev Aletleri › Küçük Ev Aletleri › Ütü ve Dikiş › Dikey Ütü,CREATE_NEW,LOW,0,0,0,SAFE_WITH_TRANSACTION,create needs batch review,
,,Ev Aletleri › Küçük Ev Aletleri › Ütü ve Dikiş › Ütü Masası,CREATE_NEW,LOW,0,0,0,SAFE_WITH_TRANSACTION,create needs batch review,
,,Ev Aletleri › Küçük Ev Aletleri › Ütü ve Dikiş › Dikiş Makinesi,CREATE_NEW,LOW,0,0,0,SAFE_WITH_TRANSACTION,create needs batch review,
,,Ev Aletleri › Küçük Ev Aletleri › Ütü ve Dikiş › Overlok Makinesi,CREATE_NEW,LOW,0,0,0,SAFE_AUTOMATIC,validated no-match create,
,,Ev Aletleri › Küçük Ev Aletleri › Hava Kalitesi,CREATE_NEW,LOW,0,0,0,SAFE_AUTOMATIC,validated no-match create,
,,Ev Aletleri › Küçük Ev Aletleri › Hava Kalitesi › Hava Temizleyici,CREATE_NEW,LOW,0,0,0,MANUAL_APPROVAL,create blocked — MEDIUM db match,
,,Ev Aletleri › Küçük Ev Aletleri › Hava Kalitesi › Nem Alma Cihazı,CREATE_NEW,LOW,0,0,0,SAFE_AUTOMATIC,validated no-match create,
,,Ev Aletleri › Küçük Ev Aletleri › Hava Kalitesi › Nemlendirici,CREATE_NEW,LOW,0,0,0,SAFE_AUTOMATIC,validated no-match create,
,,Ev Aletleri › Küçük Ev Aletleri › Hava Kalitesi › Ozon Cihazı,CREATE_NEW,LOW,0,0,0,SAFE_AUTOMATIC,validated no-match create,
,,Ev Aletleri › Küçük Ev Aletleri › Kişisel Konfor,CREATE_NEW,LOW,0,0,0,SAFE_AUTOMATIC,validated no-match create,
,,Ev Aletleri › Küçük Ev Aletleri › Kişisel Konfor › Elektrikli Battaniye,CREATE_NEW,LOW,0,0,0,SAFE_AUTOMATIC,validated no-match create,
,,Ev Aletleri › Küçük Ev Aletleri › Kişisel Konfor › Ayak Isıtıcı,CREATE_NEW,LOW,0,0,0,SAFE_AUTOMATIC,validated no-match create,
,,Ev Aletleri › Küçük Ev Aletleri › Kişisel Konfor › Elektrikli Soba,CREATE_NEW,LOW,0,0,0,SAFE_AUTOMATIC,validated no-match create,
,,Ev Aletleri › Küçük Ev Aletleri › Kişisel Konfor › Sinekkapan Cihazı,CREATE_NEW,LOW,0,0,0,SAFE_AUTOMATIC,validated no-match create,
cmsg4wpfh0031uzxw20d0o7fi,Mutfak ve Sofra,Mutfak ve Sofra,KEEP,LOW,0,0,0,SAFE_AUTOMATIC,exact keep,
cmsg4wpfm0033uzxwv88et3xc,Pişirme,Mutfak ve Sofra › Pişirme,KEEP,LOW,0,0,0,SAFE_AUTOMATIC,exact keep,
,,Mutfak ve Sofra › Pişirme › Elektrikli Pişirme,CREATE_NEW,LOW,0,0,0,SAFE_WITH_TRANSACTION,create needs batch review,
cmsg3xh2b006xuzdcxdsfivrk,Airfryer,Mutfak ve Sofra › Pişirme › Elektrikli Pişirme › Airfryer,MOVE,LOW,0,0,0,SAFE_AUTOMATIC,empty move preserve id,move from parent 'Elektrikli Ev Aletleri' → 'Elektrikli Pişirme'
,,Mutfak ve Sofra › Pişirme › Elektrikli Pişirme › Mini Fırın,CREATE_NEW,LOW,0,0,0,SAFE_AUTOMATIC,validated no-match create,
,,Mutfak ve Sofra › Pişirme › Elektrikli Pişirme › Elektrikli Izgara,CREATE_NEW,LOW,0,0,0,SAFE_AUTOMATIC,validated no-match create,
,,Mutfak ve Sofra › Pişirme › Elektrikli Pişirme › Tost Makinesi,CREATE_NEW,LOW,0,0,0,SAFE_AUTOMATIC,validated no-match create,
,,Mutfak ve Sofra › Pişirme › Elektrikli Pişirme › Waffle Makinesi,CREATE_NEW,LOW,0,0,0,SAFE_AUTOMATIC,validated no-match create,
,,Mutfak ve Sofra › Pişirme › Elektrikli Pişirme › Krep Makinesi,CREATE_NEW,LOW,0,0,0,SAFE_AUTOMATIC,validated no-match create,
,,Mutfak ve Sofra › Pişirme › Elektrikli Pişirme › Ekmek Yapma Makinesi,CREATE_NEW,LOW,0,0,0,SAFE_AUTOMATIC,validated no-match create,
,,Mutfak ve Sofra › Pişirme › Elektrikli Pişirme › Yoğurt Makinesi,CREATE_NEW,LOW,0,0,0,SAFE_AUTOMATIC,validated no-match create,
,,Mutfak ve Sofra › Pişirme › Tencere ve Tavalar,CREATE_NEW,LOW,0,0,0,SAFE_AUTOMATIC,validated no-match create,
,,Mutfak ve Sofra › Pişirme › Tencere ve Tavalar › Tencere,CREATE_NEW,LOW,0,0,0,SAFE_AUTOMATIC,validated no-match create,
,,Mutfak ve Sofra › Pişirme › Tencere ve Tavalar › Tencere Seti,CREATE_NEW,LOW,0,0,0,SAFE_AUTOMATIC,validated no-match create,
,,Mutfak ve Sofra › Pişirme › Tencere ve Tavalar › Tava,CREATE_NEW,LOW,0,0,0,SAFE_AUTOMATIC,validated no-match create,
,,Mutfak ve Sofra › Pişirme › Tencere ve Tavalar › Döküm Tencere,CREATE_NEW,LOW,0,0,0,SAFE_AUTOMATIC,validated no-match create,
,,Mutfak ve Sofra › Pişirme › Tencere ve Tavalar › Döküm Tava,CREATE_NEW,LOW,0,0,0,SAFE_AUTOMATIC,validated no-match create,
,,Mutfak ve Sofra › Pişirme › Tencere ve Tavalar › Düdüklü Tencere,CREATE_NEW,LOW,0,0,0,SAFE_AUTOMATIC,validated no-match create,
,,Mutfak ve Sofra › Pişirme › Tencere ve Tavalar › Sahan,CREATE_NEW,LOW,0,0,0,SAFE_AUTOMATIC,validated no-match create,
,,Mutfak ve Sofra › Pişirme › Tencere ve Tavalar › Wok Tava,CREATE_NEW,LOW,0,0,0,SAFE_AUTOMATIC,validated no-match create,
,,Mutfak ve Sofra › Pişirme › Fırın Gereçleri,CREATE_NEW,LOW,0,0,0,SAFE_AUTOMATIC,validated no-match create,
,,Mutfak ve Sofra › Pişirme › Fırın Gereçleri › Fırın Tepsisi,CREATE_NEW,LOW,0,0,0,SAFE_AUTOMATIC,validated no-match create,
,,Mutfak ve Sofra › Pişirme › Fırın Gereçleri › Kek Kalıbı,CREATE_NEW,LOW,0,0,0,SAFE_AUTOMATIC,validated no-match create,
,,Mutfak ve Sofra › Pişirme › Fırın Gereçleri › Borcam ve Fırın Kabı,CREATE_NEW,LOW,0,0,0,SAFE_WITH_TRANSACTION,create needs batch review,
,,Mutfak ve Sofra › Pişirme › Fırın Gereçleri › Silikon Kalıp,CREATE_NEW,LOW,0,0,0,SAFE_AUTOMATIC,validated no-match create,
,,Mutfak ve Sofra › Pişirme › Fırın Gereçleri › Pişirme Kağıdı ve Mat,CREATE_NEW,LOW,0,0,0,SAFE_AUTOMATIC,validated no-match create,
,,Mutfak ve Sofra › Hazırlık,CREATE_NEW,LOW,0,0,0,SAFE_AUTOMATIC,validated no-match create,
,,Mutfak ve Sofra › Hazırlık › Mutfak Robotları,CREATE_NEW,LOW,0,0,0,SAFE_AUTOMATIC,validated no-match create,
,,Mutfak ve Sofra › Hazırlık › Mutfak Robotları › Mutfak Robotu,CREATE_NEW,LOW,0,0,0,SAFE_AUTOMATIC,validated no-match create,
,,Mutfak ve Sofra › Hazırlık › Mutfak Robotları › Blender,CREATE_NEW,LOW,0,0,0,MANUAL_APPROVAL,create blocked — MEDIUM db match,
,,Mutfak ve Sofra › Hazırlık › Mutfak Robotları › El Blenderı,CREATE_NEW,LOW,0,0,0,SAFE_AUTOMATIC,validated no-match create,
,,Mutfak ve Sofra › Hazırlık › Mutfak Robotları › Mikser,CREATE_NEW,LOW,0,0,0,MANUAL_APPROVAL,create blocked — MEDIUM db match,
,,Mutfak ve Sofra › Hazırlık › Mutfak Robotları › Doğrayıcı,CREATE_NEW,LOW,0,0,0,SAFE_AUTOMATIC,validated no-match create,
,,Mutfak ve Sofra › Hazırlık › Mutfak Robotları › Rondo,CREATE_NEW,LOW,0,0,0,SAFE_AUTOMATIC,validated no-match create,
,,Mutfak ve Sofra › Hazırlık › Mutfak Robotları › Hamur Yoğurma Makinesi,CREATE_NEW,LOW,0,0,0,SAFE_AUTOMATIC,validated no-match create,
,,Mutfak ve Sofra › Hazırlık › Kesme ve Doğrama,CREATE_NEW,LOW,0,0,0,SAFE_AUTOMATIC,validated no-match create,
,,Mutfak ve Sofra › Hazırlık › Kesme ve Doğrama › Bıçak,CREATE_NEW,LOW,0,0,0,SAFE_AUTOMATIC,validated no-match create,
,,Mutfak ve Sofra › Hazırlık › Kesme ve Doğrama › Bıçak Seti,CREATE_NEW,LOW,0,0,0,SAFE_AUTOMATIC,validated no-match create,
,,Mutfak ve Sofra › Hazırlık › Kesme ve Doğrama › Kesme Tahtası,CREATE_NEW,LOW,0,0,0,SAFE_AUTOMATIC,validated no-match create,
,,Mutfak ve Sofra › Hazırlık › Kesme ve Doğrama › Rende,CREATE_NEW,LOW,0,0,0,SAFE_AUTOMATIC,validated no-match create,
,,Mutfak ve Sofra › Hazırlık › Kesme ve Doğrama › Soyacak,CREATE_NEW,LOW,0,0,0,SAFE_AUTOMATIC,validated no-match create,
,,Mutfak ve Sofra › Hazırlık › Kesme ve Doğrama › Mutfak Makası,CREATE_NEW,LOW,0,0,0,SAFE_AUTOMATIC,validated no-match create,
,,Mutfak ve Sofra › Hazırlık › Kesme ve Doğrama › Bileme Aleti,CREATE_NEW,LOW,0,0,0,SAFE_AUTOMATIC,validated no-match create,
,,Mutfak ve Sofra › Hazırlık › Ölçme ve Yardımcılar,CREATE_NEW,LOW,0,0,0,SAFE_AUTOMATIC,validated no-match create,
,,Mutfak ve Sofra › Hazırlık › Ölçme ve Yardımcılar › Mutfak Tartısı,CREATE_NEW,LOW,0,0,0,SAFE_AUTOMATIC,validated no-match create,
,,Mutfak ve Sofra › Hazırlık › Ölçme ve Yardımcılar › Ölçü Kabı,CREATE_NEW,LOW,0,0,0,SAFE_AUTOMATIC,validated no-match create,
,,Mutfak ve Sofra › Hazırlık › Ölçme ve Yardımcılar › Termometre,CREATE_NEW,LOW,0,0,0,SAFE_AUTOMATIC,validated no-match create,
,,Mutfak ve Sofra › Hazırlık › Ölçme ve Yardımcılar › Süzgeç,CREATE_NEW,LOW,0,0,0,SAFE_AUTOMATIC,validated no-match create,
,,Mutfak ve Sofra › Hazırlık › Ölçme ve Yardımcılar › Kevgir,CREATE_NEW,LOW,0,0,0,SAFE_AUTOMATIC,validated no-match create,
,,Mutfak ve Sofra › Hazırlık › Ölçme ve Yardımcılar › Huni,CREATE_NEW,LOW,0,0,0,SAFE_AUTOMATIC,validated no-match create,
,,Mutfak ve Sofra › Hazırlık › Ölçme ve Yardımcılar › Spatula,CREATE_NEW,LOW,0,0,0,SAFE_AUTOMATIC,validated no-match create,
,,Mutfak ve Sofra › Hazırlık › Ölçme ve Yardımcılar › Maşa,CREATE_NEW,LOW,0,0,0,MANUAL_APPROVAL,create blocked — MEDIUM db match,
,,Mutfak ve Sofra › Hazırlık › Ölçme ve Yardımcılar › Çırpıcı,CREATE_NEW,LOW,0,0,0,SAFE_AUTOMATIC,validated no-match create,
,,Mutfak ve Sofra › İçecek Hazırlama,CREATE_NEW,LOW,0,0,0,SAFE_WITH_TRANSACTION,create needs batch review,
,,Mutfak ve Sofra › İçecek Hazırlama › Kahve,CREATE_NEW,LOW,0,0,0,MANUAL_APPROVAL,create blocked — MEDIUM db match,
cmsg3xh3e0075uzdcvf2cu3zj,Türk Kahvesi Makinesi,Mutfak ve Sofra › İçecek Hazırlama › Kahve › Türk Kahvesi Makinesi,MOVE,LOW,0,0,0,SAFE_AUTOMATIC,empty move preserve id,move from parent 'Elektrikli Ev Aletleri' → 'Kahve'
,,Mutfak ve Sofra › İçecek Hazırlama › Kahve › Filtre Kahve Makinesi,CREATE_NEW,LOW,0,0,0,SAFE_WITH_TRANSACTION,create needs batch review,
cmsg3xh3l0077uzdc1l4p7bqy,Espresso Makinesi,Mutfak ve Sofra › İçecek Hazırlama › Kahve › Espresso Makinesi,MOVE,LOW,0,0,0,SAFE_AUTOMATIC,empty move preserve id,move from parent 'Elektrikli Ev Aletleri' → 'Kahve'
,,Mutfak ve Sofra › İçecek Hazırlama › Kahve › Kapsül Kahve Makinesi,CREATE_NEW,LOW,0,0,0,SAFE_WITH_TRANSACTION,create needs batch review,
,,Mutfak ve Sofra › İçecek Hazırlama › Kahve › Kahve Öğütücü,CREATE_NEW,LOW,0,0,0,SAFE_AUTOMATIC,validated no-match create,
,,Mutfak ve Sofra › İçecek Hazırlama › Kahve › French Press,CREATE_NEW,LOW,0,0,0,SAFE_AUTOMATIC,validated no-match create,
,,Mutfak ve Sofra › İçecek Hazırlama › Kahve › Moka Pot,CREATE_NEW,LOW,0,0,0,SAFE_AUTOMATIC,validated no-match create,
,,Mutfak ve Sofra › İçecek Hazırlama › Kahve › Kahve Demleme Ekipmanı,CREATE_NEW,LOW,0,0,0,SAFE_AUTOMATIC,validated no-match create,
,,Mutfak ve Sofra › İçecek Hazırlama › Çay ve Sıcak İçecek,CREATE_NEW,LOW,0,0,0,SAFE_WITH_TRANSACTION,create needs batch review,
,,Mutfak ve Sofra › İçecek Hazırlama › Çay ve Sıcak İçecek › Çay Makinesi,CREATE_NEW,LOW,0,0,0,MANUAL_APPROVAL,create blocked — MEDIUM db match,
,,Mutfak ve Sofra › İçecek Hazırlama › Çay ve Sıcak İçecek › Su Isıtıcısı,CREATE_NEW,LOW,0,0,0,SAFE_AUTOMATIC,validated no-match create,
,,Mutfak ve Sofra › İçecek Hazırlama › Çay ve Sıcak İçecek › Semaver,CREATE_NEW,LOW,0,0,0,SAFE_AUTOMATIC,validated no-match create,
,,Mutfak ve Sofra › İçecek Hazırlama › Çay ve Sıcak İçecek › Termos,CREATE_NEW,LOW,0,0,0,MANUAL_APPROVAL,create blocked — MEDIUM db match,
,,Mutfak ve Sofra › İçecek Hazırlama › Çay ve Sıcak İçecek › Mug ve Termos Bardak,CREATE_NEW,LOW,0,0,0,SAFE_WITH_TRANSACTION,create needs batch review,
,,Mutfak ve Sofra › İçecek Hazırlama › Soğuk İçecek,CREATE_NEW,LOW,0,0,0,SAFE_WITH_TRANSACTION,create needs batch review,
,,Mutfak ve Sofra › İçecek Hazırlama › Soğuk İçecek › Katı Meyve Sıkacağı,CREATE_NEW,LOW,0,0,0,SAFE_AUTOMATIC,validated no-match create,
,,Mutfak ve Sofra › İçecek Hazırlama › Soğuk İçecek › Narenciye Sıkacağı,CREATE_NEW,LOW,0,0,0,SAFE_AUTOMATIC,validated no-match create,
,,Mutfak ve Sofra › İçecek Hazırlama › Soğuk İçecek › Smoothie Blender,CREATE_NEW,LOW,0,0,0,SAFE_AUTOMATIC,validated no-match create,
,,Mutfak ve Sofra › İçecek Hazırlama › Soğuk İçecek › Soda Makinesi,CREATE_NEW,LOW,0,0,0,SAFE_AUTOMATIC,validated no-match create,
,,Mutfak ve Sofra › İçecek Hazırlama › Soğuk İçecek › Buz Makinesi,CREATE_NEW,LOW,0,0,0,SAFE_AUTOMATIC,validated no-match create,
cmsg4wpfs0035uzxws797uiql,Sofra ve Servis,Mutfak ve Sofra › Sofra ve Servis,KEEP,LOW,0,0,0,SAFE_AUTOMATIC,exact keep,
,,Mutfak ve Sofra › Sofra ve Servis › Yemek Takımları,CREATE_NEW,LOW,0,0,0,SAFE_AUTOMATIC,validated no-match create,
,,Mutfak ve Sofra › Sofra ve Servis › Yemek Takımları › Yemek Takımı,CREATE_NEW,LOW,0,0,0,SAFE_AUTOMATIC,validated no-match create,
,,Mutfak ve Sofra › Sofra ve Servis › Yemek Takımları › Kahvaltı Takımı,CREATE_NEW,LOW,0,0,0,SAFE_AUTOMATIC,validated no-match create,
,,Mutfak ve Sofra › Sofra ve Servis › Yemek Takımları › Çatal-Kaşık-Bıçak Seti,CREATE_NEW,LOW,0,0,0,SAFE_AUTOMATIC,validated no-match create,
,,Mutfak ve Sofra › Sofra ve Servis › Yemek Takımları › Servis Tabağı,CREATE_NEW,LOW,0,0,0,SAFE_AUTOMATIC,validated no-match create,
,,Mutfak ve Sofra › Sofra ve Servis › Yemek Takımları › Salata Kasesi,CREATE_NEW,LOW,0,0,0,SAFE_AUTOMATIC,validated no-match create,
,,Mutfak ve Sofra › Sofra ve Servis › Bardak ve Fincan,CREATE_NEW,LOW,0,0,0,SAFE_AUTOMATIC,validated no-match create,
,,Mutfak ve Sofra › Sofra ve Servis › Bardak ve Fincan › Su Bardağı,CREATE_NEW,LOW,0,0,0,SAFE_AUTOMATIC,validated no-match create,
,,Mutfak ve Sofra › Sofra ve Servis › Bardak ve Fincan › Çay Bardağı,CREATE_NEW,LOW,0,0,0,SAFE_AUTOMATIC,validated no-match create,
,,Mutfak ve Sofra › Sofra ve Servis › Bardak ve Fincan › Kahve Fincanı,CREATE_NEW,LOW,0,0,0,SAFE_AUTOMATIC,validated no-match create,
,,Mutfak ve Sofra › Sofra ve Servis › Bardak ve Fincan › Kupa,CREATE_NEW,LOW,0,0,0,SAFE_AUTOMATIC,validated no-match create,
,,Mutfak ve Sofra › Sofra ve Servis › Bardak ve Fincan › Kadeh,CREATE_NEW,LOW,0,0,0,SAFE_AUTOMATIC,validated no-match create,
,,Mutfak ve Sofra › Sofra ve Servis › Bardak ve Fincan › Sürahi ve Karaf,CREATE_NEW,LOW,0,0,0,SAFE_AUTOMATIC,validated no-match create,
,,Mutfak ve Sofra › Sofra ve Servis › Servis Gereçleri,CREATE_NEW,LOW,0,0,0,SAFE_AUTOMATIC,validated no-match create,
,,Mutfak ve Sofra › Sofra ve Servis › Servis Gereçleri › Tepsi,CREATE_NEW,LOW,0,0,0,SAFE_AUTOMATIC,validated no-match create,
,,Mutfak ve Sofra › Sofra ve Servis › Servis Gereçleri › Sunum Tahtası,CREATE_NEW,LOW,0,0,0,SAFE_AUTOMATIC,validated no-match create,
,,Mutfak ve Sofra › Sofra ve Servis › Servis Gereçleri › Servis Kaşığı,CREATE_NEW,LOW,0,0,0,SAFE_AUTOMATIC,validated no-match create,
,,Mutfak ve Sofra › Sofra ve Servis › Servis Gereçleri › Şekerlik,CREATE_NEW,LOW,0,0,0,SAFE_AUTOMATIC,validated no-match create,
,,Mutfak ve Sofra › Sofra ve Servis › Servis Gereçleri › Yağlık-Sirkelik,CREATE_NEW,LOW,0,0,0,SAFE_AUTOMATIC,validated no-match create,
,,Mutfak ve Sofra › Sofra ve Servis › Servis Gereçleri › Tuzluk-Biberlik,CREATE_NEW,LOW,0,0,0,SAFE_AUTOMATIC,validated no-match create,
cmsg4wpfw0037uzxw13ckreh8,Saklama ve Düzenleme,Mutfak ve Sofra › Saklama ve Düzenleme,KEEP,LOW,0,0,0,SAFE_AUTOMATIC,exact keep,
,,Mutfak ve Sofra › Saklama ve Düzenleme › Gıda Saklama,CREATE_NEW,LOW,0,0,0,SAFE_WITH_TRANSACTION,create needs batch review,
,,Mutfak ve Sofra › Saklama ve Düzenleme › Gıda Saklama › Saklama Kabı,CREATE_NEW,LOW,0,0,0,SAFE_AUTOMATIC,validated no-match create,
,,Mutfak ve Sofra › Saklama ve Düzenleme › Gıda Saklama › Vakumlu Saklama Kabı,CREATE_NEW,LOW,0,0,0,SAFE_AUTOMATIC,validated no-match create,
,,Mutfak ve Sofra › Saklama ve Düzenleme › Gıda Saklama › Kavanoz,CREATE_NEW,LOW,0,0,0,SAFE_AUTOMATIC,validated no-match create,
,,Mutfak ve Sofra › Saklama ve Düzenleme › Gıda Saklama › Baharatlık,CREATE_NEW,LOW,0,0,0,SAFE_AUTOMATIC,validated no-match create,
,,Mutfak ve Sofra › Saklama ve Düzenleme › Gıda Saklama › Ekmek Kutusu,CREATE_NEW,LOW,0,0,0,SAFE_AUTOMATIC,validated no-match create,
,,Mutfak ve Sofra › Saklama ve Düzenleme › Gıda Saklama › Buzdolabı Düzenleyici,CREATE_NEW,LOW,0,0,0,SAFE_WITH_TRANSACTION,create needs batch review,
,,Mutfak ve Sofra › Saklama ve Düzenleme › Mutfak Düzenleme,CREATE_NEW,LOW,0,0,0,SAFE_AUTOMATIC,validated no-match create,
,,Mutfak ve Sofra › Saklama ve Düzenleme › Mutfak Düzenleme › Kaşıklık,CREATE_NEW,LOW,0,0,0,SAFE_AUTOMATIC,validated no-match create,
,,Mutfak ve Sofra › Saklama ve Düzenleme › Mutfak Düzenleme › Bulaşıklık,CREATE_NEW,LOW,0,0,0,SAFE_AUTOMATIC,validated no-match create,
,,Mutfak ve Sofra › Saklama ve Düzenleme › Mutfak Düzenleme › Raf Düzenleyici,CREATE_NEW,LOW,0,0,0,SAFE_AUTOMATIC,validated no-match create,
,,Mutfak ve Sofra › Saklama ve Düzenleme › Mutfak Düzenleme › Dolap İçi Düzenleyici,CREATE_NEW,LOW,0,0,0,SAFE_AUTOMATIC,validated no-match create,
,,Mutfak ve Sofra › Saklama ve Düzenleme › Mutfak Düzenleme › Poşetlik,CREATE_NEW,LOW,0,0,0,SAFE_AUTOMATIC,validated no-match create,
,,Mutfak ve Sofra › Saklama ve Düzenleme › Mutfak Düzenleme › Çöp Kovası,CREATE_NEW,LOW,0,0,0,SAFE_AUTOMATIC,validated no-match create,
cmsg4wpgf003duzxwqk7h76y1,Su Arıtma,Mutfak ve Sofra › Su Arıtma,KEEP,LOW,0,0,0,SAFE_AUTOMATIC,exact keep,
,,Mutfak ve Sofra › Su Arıtma › Su Arıtma Ürünleri,CREATE_NEW,LOW,0,0,0,MANUAL_APPROVAL,create blocked — MEDIUM db match,
cmsg4wpgo003fuzxwa61q0p1g,Filtreli Sürahi,Mutfak ve Sofra › Su Arıtma › Su Arıtma Ürünleri › Filtreli Sürahi,MOVE,LOW,0,0,0,SAFE_AUTOMATIC,empty move preserve id,move from parent 'Su Arıtma' → 'Su Arıtma Ürünleri'
cmsg4wpgu003huzxwcrxaoo7f,Su Arıtma Cihazı,Mutfak ve Sofra › Su Arıtma › Su Arıtma Ürünleri › Su Arıtma Cihazı,MOVE,LOW,0,0,0,SAFE_AUTOMATIC,empty move preserve id,move from parent 'Su Arıtma' → 'Su Arıtma Ürünleri'
cmsg4wph1003juzxwgy2nhwi3,Musluk Filtresi,Mutfak ve Sofra › Su Arıtma › Su Arıtma Ürünleri › Musluk Filtresi,MOVE,LOW,0,0,0,SAFE_AUTOMATIC,empty move preserve id,move from parent 'Su Arıtma' → 'Su Arıtma Ürünleri'
cmsg4wphb003luzxwa0y1yfog,Yedek Filtre,Mutfak ve Sofra › Su Arıtma › Su Arıtma Ürünleri › Yedek Filtre,MOVE,LOW,0,0,0,SAFE_AUTOMATIC,empty move preserve id,move from parent 'Su Arıtma' → 'Su Arıtma Ürünleri'
cmsg4wphh003nuzxw20ixspy3,Su Sebili,Mutfak ve Sofra › Su Arıtma › Su Arıtma Ürünleri › Su Sebili,MOVE,LOW,0,0,0,SAFE_AUTOMATIC,empty move preserve id,move from parent 'Su Arıtma' → 'Su Arıtma Ürünleri'
,,Mutfak ve Sofra › Su Arıtma › Su Arıtma Ürünleri › Tezgah Üstü Su Arıtıcı,CREATE_NEW,LOW,0,0,0,SAFE_AUTOMATIC,validated no-match create,
cmsg4wp8m002duzxwzxvqdxep,Ev ve Yaşam,Ev ve Yaşam,KEEP,LOW,0,0,0,SAFE_AUTOMATIC,exact keep,
cmsg3xi8r00ehuzdc20w3nzu7,Mobilya,Ev ve Yaşam › Mobilya,MOVE,LOW,0,0,0,SAFE_AUTOMATIC,empty move preserve id,move from parent 'Ev Dekorasyon & Mobilya' → 'Ev ve Yaşam'
,,Ev ve Yaşam › Mobilya › Salon,CREATE_NEW,LOW,0,0,0,SAFE_AUTOMATIC,validated no-match create,
,,Ev ve Yaşam › Mobilya › Salon › Koltuk Takımı,CREATE_NEW,LOW,0,0,0,SAFE_AUTOMATIC,validated no-match create,
,,Ev ve Yaşam › Mobilya › Salon › Kanepe,CREATE_NEW,LOW,0,0,0,SAFE_AUTOMATIC,validated no-match create,
,,Ev ve Yaşam › Mobilya › Salon › Berjer,CREATE_NEW,LOW,0,0,0,SAFE_AUTOMATIC,validated no-match create,
,,Ev ve Yaşam › Mobilya › Salon › TV Ünitesi,CREATE_NEW,LOW,0,0,0,SAFE_AUTOMATIC,validated no-match create,
,,Ev ve Yaşam › Mobilya › Salon › Orta Sehpa,CREATE_NEW,LOW,0,0,0,SAFE_AUTOMATIC,validated no-match create,
,,Ev ve Yaşam › Mobilya › Salon › Yan Sehpa,CREATE_NEW,LOW,0,0,0,SAFE_AUTOMATIC,validated no-match create,
,,Ev ve Yaşam › Mobilya › Salon › Kitaplık,CREATE_NEW,LOW,0,0,0,SAFE_AUTOMATIC,validated no-match create,
,,Ev ve Yaşam › Mobilya › Salon › Konsol,CREATE_NEW,LOW,0,0,0,MANUAL_APPROVAL,create blocked — MEDIUM db match,
,,Ev ve Yaşam › Mobilya › Salon › Vitrin,CREATE_NEW,LOW,0,0,0,SAFE_AUTOMATIC,validated no-match create,
,,Ev ve Yaşam › Mobilya › Yatak Odası,CREATE_NEW,LOW,0,0,0,SAFE_AUTOMATIC,validated no-match create,
,,Ev ve Yaşam › Mobilya › Yatak Odası › Yatak Odası Takımı,CREATE_NEW,LOW,0,0,0,SAFE_AUTOMATIC,validated no-match create,
,,Ev ve Yaşam › Mobilya › Yatak Odası › Yatak,CREATE_NEW,LOW,0,0,0,SAFE_AUTOMATIC,validated no-match create,
,,Ev ve Yaşam › Mobilya › Yatak Odası › Baza,CREATE_NEW,LOW,0,0,0,SAFE_AUTOMATIC,validated no-match create,
,,Ev ve Yaşam › Mobilya › Yatak Odası › Başlık,CREATE_NEW,LOW,0,0,0,SAFE_AUTOMATIC,validated no-match create,
,,Ev ve Yaşam › Mobilya › Yatak Odası › Gardırop,CREATE_NEW,LOW,0,0,0,MANUAL_APPROVAL,create blocked — MEDIUM db match,
,,Ev ve Yaşam › Mobilya › Yatak Odası › Şifonyer,CREATE_NEW,LOW,0,0,0,SAFE_AUTOMATIC,validated no-match create,
,,Ev ve Yaşam › Mobilya › Yatak Odası › Komodin,CREATE_NEW,LOW,0,0,0,SAFE_AUTOMATIC,validated no-match create,
,,Ev ve Yaşam › Mobilya › Yatak Odası › Makyaj Masası,CREATE_NEW,LOW,0,0,0,SAFE_WITH_TRANSACTION,create needs batch review,
,,Ev ve Yaşam › Mobilya › Yemek Odası,CREATE_NEW,LOW,0,0,0,SAFE_AUTOMATIC,validated no-match create,
,,Ev ve Yaşam › Mobilya › Yemek Odası › Yemek Masası,CREATE_NEW,LOW,0,0,0,SAFE_AUTOMATIC,validated no-match create,
,,Ev ve Yaşam › Mobilya › Yemek Odası › Sandalye,CREATE_NEW,LOW,0,0,0,MANUAL_APPROVAL,create blocked — MEDIUM db match,
,,Ev ve Yaşam › Mobilya › Yemek Odası › Yemek Odası Takımı,CREATE_NEW,LOW,0,0,0,SAFE_AUTOMATIC,validated no-match create,
,,Ev ve Yaşam › Mobilya › Yemek Odası › Bank,CREATE_NEW,LOW,0,0,0,MANUAL_APPROVAL,create blocked — MEDIUM db match,
,,Ev ve Yaşam › Mobilya › Yemek Odası › Bar Masası,CREATE_NEW,LOW,0,0,0,SAFE_AUTOMATIC,validated no-match create,
,,Ev ve Yaşam › Mobilya › Yemek Odası › Bar Sandalyesi,CREATE_NEW,LOW,0,0,0,SAFE_AUTOMATIC,validated no-match create,
,,Ev ve Yaşam › Mobilya › Çalışma Odası,CREATE_NEW,LOW,0,0,0,SAFE_AUTOMATIC,validated no-match create,
,,Ev ve Yaşam › Mobilya › Çalışma Odası › Çalışma Masası,CREATE_NEW,LOW,0,0,0,SAFE_AUTOMATIC,validated no-match create,
,,Ev ve Yaşam › Mobilya › Çalışma Odası › Ofis Koltuğu,CREATE_NEW,LOW,0,0,0,SAFE_AUTOMATIC,validated no-match create,
,,Ev ve Yaşam › Mobilya › Çalışma Odası › Çalışma Koltuğu,CREATE_NEW,LOW,0,0,0,SAFE_AUTOMATIC,validated no-match create,
,,Ev ve Yaşam › Mobilya › Çalışma Odası › Dosya Dolabı,CREATE_NEW,LOW,0,0,0,SAFE_AUTOMATIC,validated no-match create,
,,Ev ve Yaşam › Mobilya › Çalışma Odası › Raf,CREATE_NEW,LOW,0,0,0,SAFE_AUTOMATIC,validated no-match create,
,,Ev ve Yaşam › Mobilya › Çalışma Odası › Toplantı Masası,CREATE_NEW,LOW,0,0,0,SAFE_AUTOMATIC,validated no-match create,
,,Ev ve Yaşam › Mobilya › Çocuk ve Genç Odası,CREATE_NEW,LOW,0,0,0,SAFE_AUTOMATIC,validated no-match create,
,,Ev ve Yaşam › Mobilya › Çocuk ve Genç Odası › Çocuk Odası Takımı,CREATE_NEW,LOW,0,0,0,SAFE_AUTOMATIC,validated no-match create,
,,Ev ve Yaşam › Mobilya › Çocuk ve Genç Odası › Genç Odası Takımı,CREATE_NEW,LOW,0,0,0,SAFE_AUTOMATIC,validated no-match create,
,,Ev ve Yaşam › Mobilya › Çocuk ve Genç Odası › Çocuk Yatağı,CREATE_NEW,LOW,0,0,0,SAFE_AUTOMATIC,validated no-match create,
,,Ev ve Yaşam › Mobilya › Çocuk ve Genç Odası › Ranza,CREATE_NEW,LOW,0,0,0,SAFE_AUTOMATIC,validated no-match create,
,,Ev ve Yaşam › Mobilya › Çocuk ve Genç Odası › Çalışma Masası,CREATE_NEW,LOW,0,0,0,SAFE_AUTOMATIC,validated no-match create,
,,Ev ve Yaşam › Mobilya › Çocuk ve Genç Odası › Oyuncak Dolabı,CREATE_NEW,LOW,0,0,0,SAFE_AUTOMATIC,validated no-match create,
,,Ev ve Yaşam › Mobilya › Antre ve Balkon,CREATE_NEW,LOW,0,0,0,SAFE_AUTOMATIC,validated no-match create,
,,Ev ve Yaşam › Mobilya › Antre ve Balkon › Portmanto,CREATE_NEW,LOW,0,0,0,SAFE_AUTOMATIC,validated no-match create,
,,Ev ve Yaşam › Mobilya › Antre ve Balkon › Ayakkabılık,CREATE_NEW,LOW,0,0,0,SAFE_AUTOMATIC,validated no-match create,
,,Ev ve Yaşam › Mobilya › Antre ve Balkon › Dresuar,CREATE_NEW,LOW,0,0,0,SAFE_AUTOMATIC,validated no-match create,
,,Ev ve Yaşam › Mobilya › Antre ve Balkon › Balkon Mobilyası,CREATE_NEW,LOW,0,0,0,SAFE_AUTOMATIC,validated no-match create,
cmsg3xidn00ffuzdcpytj2evl,Bahçe Mobilyası,Ev ve Yaşam › Mobilya › Antre ve Balkon › Bahçe Mobilyası,MOVE,LOW,0,0,0,SAFE_AUTOMATIC,empty move preserve id,move from parent 'Bahçe & Yapı Market' → 'Antre ve Balkon'
cmsg3xi9200ejuzdclerhgbtd,Ev Tekstili,Ev ve Yaşam › Ev Tekstili,MOVE,LOW,0,0,0,SAFE_AUTOMATIC,empty move preserve id,move from parent 'Ev Dekorasyon & Mobilya' → 'Ev ve Yaşam'
,,Ev ve Yaşam › Ev Tekstili › Yatak Tekstili,CREATE_NEW,LOW,0,0,0,SAFE_AUTOMATIC,validated no-match create,
,,Ev ve Yaşam › Ev Tekstili › Yatak Tekstili › Nevresim Takımı,CREATE_NEW,LOW,0,0,0,SAFE_AUTOMATIC,validated no-match create,
,,Ev ve Yaşam › Ev Tekstili › Yatak Tekstili › Çarşaf,CREATE_NEW,LOW,0,0,0,SAFE_AUTOMATIC,validated no-match create,
,,Ev ve Yaşam › Ev Tekstili › Yatak Tekstili › Yastık,CREATE_NEW,LOW,0,0,0,SAFE_AUTOMATIC,validated no-match create,
,,Ev ve Yaşam › Ev Tekstili › Yatak Tekstili › Yorgan,CREATE_NEW,LOW,0,0,0,SAFE_AUTOMATIC,validated no-match create,
,,Ev ve Yaşam › Ev Tekstili › Yatak Tekstili › Battaniye,CREATE_NEW,LOW,0,0,0,SAFE_AUTOMATIC,validated no-match create,
,,Ev ve Yaşam › Ev Tekstili › Yatak Tekstili › Alez,CREATE_NEW,LOW,0,0,0,SAFE_AUTOMATIC,validated no-match create,
,,Ev ve Yaşam › Ev Tekstili › Yatak Tekstili › Yatak Örtüsü,CREATE_NEW,LOW,0,0,0,SAFE_AUTOMATIC,validated no-match create,
,,Ev ve Yaşam › Ev Tekstili › Banyo Tekstili,CREATE_NEW,LOW,0,0,0,SAFE_AUTOMATIC,validated no-match create,
,,Ev ve Yaşam › Ev Tekstili › Banyo Tekstili › Havlu,CREATE_NEW,LOW,0,0,0,SAFE_AUTOMATIC,validated no-match create,
,,Ev ve Yaşam › Ev Tekstili › Banyo Tekstili › Bornoz,CREATE_NEW,LOW,0,0,0,SAFE_AUTOMATIC,validated no-match create,
,,Ev ve Yaşam › Ev Tekstili › Banyo Tekstili › Banyo Paspası,CREATE_NEW,LOW,0,0,0,SAFE_AUTOMATIC,validated no-match create,
,,Ev ve Yaşam › Ev Tekstili › Banyo Tekstili › Duş Perdesi,CREATE_NEW,LOW,0,0,0,SAFE_AUTOMATIC,validated no-match create,
,,Ev ve Yaşam › Ev Tekstili › Salon Tekstili,CREATE_NEW,LOW,0,0,0,SAFE_AUTOMATIC,validated no-match create,
,,Ev ve Yaşam › Ev Tekstili › Salon Tekstili › Perde,CREATE_NEW,LOW,0,0,0,MANUAL_APPROVAL,create blocked — MEDIUM db match,
,,Ev ve Yaşam › Ev Tekstili › Salon Tekstili › Tül Perde,CREATE_NEW,LOW,0,0,0,SAFE_AUTOMATIC,validated no-match create,
,,Ev ve Yaşam › Ev Tekstili › Salon Tekstili › Fon Perde,CREATE_NEW,LOW,0,0,0,SAFE_AUTOMATIC,validated no-match create,
,,Ev ve Yaşam › Ev Tekstili › Salon Tekstili › Stor Perde,CREATE_NEW,LOW,0,0,0,MANUAL_APPROVAL,create blocked — MEDIUM db match,
,,Ev ve Yaşam › Ev Tekstili › Salon Tekstili › Kırlent,CREATE_NEW,LOW,0,0,0,SAFE_AUTOMATIC,validated no-match create,
,,Ev ve Yaşam › Ev Tekstili › Salon Tekstili › Kırlent Kılıfı,CREATE_NEW,LOW,0,0,0,SAFE_AUTOMATIC,validated no-match create,
,,Ev ve Yaşam › Ev Tekstili › Salon Tekstili › Koltuk Örtüsü,CREATE_NEW,LOW,0,0,0,SAFE_AUTOMATIC,validated no-match create,
,,Ev ve Yaşam › Ev Tekstili › Mutfak Tekstili,CREATE_NEW,LOW,0,0,0,SAFE_AUTOMATIC,validated no-match create,
,,Ev ve Yaşam › Ev Tekstili › Mutfak Tekstili › Masa Örtüsü,CREATE_NEW,LOW,0,0,0,SAFE_AUTOMATIC,validated no-match create,
,,Ev ve Yaşam › Ev Tekstili › Mutfak Tekstili › Runner,CREATE_NEW,LOW,0,0,0,SAFE_AUTOMATIC,validated no-match create,
,,Ev ve Yaşam › Ev Tekstili › Mutfak Tekstili › Peçete,CREATE_NEW,LOW,0,0,0,SAFE_AUTOMATIC,validated no-match create,
,,Ev ve Yaşam › Ev Tekstili › Mutfak Tekstili › Mutfak Havlusu,CREATE_NEW,LOW,0,0,0,SAFE_AUTOMATIC,validated no-match create,
,,Ev ve Yaşam › Ev Tekstili › Mutfak Tekstili › Önlük,CREATE_NEW,LOW,0,0,0,SAFE_AUTOMATIC,validated no-match create,
,,Ev ve Yaşam › Ev Tekstili › Mutfak Tekstili › Eldiven ve Tutacak,CREATE_NEW,LOW,0,0,0,SAFE_AUTOMATIC,validated no-match create,
,,Ev ve Yaşam › Dekorasyon,CREATE_NEW,LOW,0,0,0,MANUAL_APPROVAL,create blocked — MEDIUM db match,
,,Ev ve Yaşam › Dekorasyon › Duvar Dekorasyonu,CREATE_NEW,LOW,0,0,0,SAFE_AUTOMATIC,validated no-match create,
,,Ev ve Yaşam › Dekorasyon › Duvar Dekorasyonu › Tablo,CREATE_NEW,LOW,0,0,0,MANUAL_APPROVAL,create blocked — MEDIUM db match,
,,Ev ve Yaşam › Dekorasyon › Duvar Dekorasyonu › Poster,CREATE_NEW,LOW,0,0,0,SAFE_AUTOMATIC,validated no-match create,
,,Ev ve Yaşam › Dekorasyon › Duvar Dekorasyonu › Duvar Saati,CREATE_NEW,LOW,0,0,0,SAFE_AUTOMATIC,validated no-match create,
,,Ev ve Yaşam › Dekorasyon › Duvar Dekorasyonu › Ayna,CREATE_NEW,LOW,0,0,0,MANUAL_APPROVAL,create blocked — MEDIUM db match,
,,Ev ve Yaşam › Dekorasyon › Duvar Dekorasyonu › Duvar Rafı,CREATE_NEW,LOW,0,0,0,SAFE_AUTOMATIC,validated no-match create,
,,Ev ve Yaşam › Dekorasyon › Duvar Dekorasyonu › Duvar Sticker,CREATE_NEW,LOW,0,0,0,SAFE_AUTOMATIC,validated no-match create,
,,Ev ve Yaşam › Dekorasyon › Masaüstü Dekor,CREATE_NEW,LOW,0,0,0,SAFE_WITH_TRANSACTION,create needs batch review,
,,Ev ve Yaşam › Dekorasyon › Masaüstü Dekor › Vazo,CREATE_NEW,LOW,0,0,0,SAFE_AUTOMATIC,validated no-match create,
,,Ev ve Yaşam › Dekorasyon › Masaüstü Dekor › Biblo,CREATE_NEW,LOW,0,0,0,SAFE_AUTOMATIC,validated no-match create,
,,Ev ve Yaşam › Dekorasyon › Masaüstü Dekor › Mum,CREATE_NEW,LOW,0,0,0,SAFE_AUTOMATIC,validated no-match create,
,,Ev ve Yaşam › Dekorasyon › Masaüstü Dekor › Mumluk,CREATE_NEW,LOW,0,0,0,SAFE_AUTOMATIC,validated no-match create,
,,Ev ve Yaşam › Dekorasyon › Masaüstü Dekor › Dekoratif Kutu,CREATE_NEW,LOW,0,0,0,SAFE_AUTOMATIC,validated no-match create,
,,Ev ve Yaşam › Dekorasyon › Masaüstü Dekor › Fotoğraf Çerçevesi,CREATE_NEW,LOW,0,0,0,SAFE_AUTOMATIC,validated no-match create,
,,Ev ve Yaşam › Dekorasyon › Halı ve Zemin,CREATE_NEW,LOW,0,0,0,SAFE_WITH_TRANSACTION,create needs batch review,
,,Ev ve Yaşam › Dekorasyon › Halı ve Zemin › Halı,CREATE_NEW,LOW,0,0,0,MANUAL_APPROVAL,create blocked — MEDIUM db match,
,,Ev ve Yaşam › Dekorasyon › Halı ve Zemin › Yolluk,CREATE_NEW,LOW,0,0,0,SAFE_AUTOMATIC,validated no-match create,
,,Ev ve Yaşam › Dekorasyon › Halı ve Zemin › Kilim,CREATE_NEW,LOW,0,0,0,MANUAL_APPROVAL,create blocked — MEDIUM db match,
,,Ev ve Yaşam › Dekorasyon › Halı ve Zemin › Paspas,CREATE_NEW,LOW,0,0,0,SAFE_AUTOMATIC,validated no-match create,
,,Ev ve Yaşam › Dekorasyon › Halı ve Zemin › PVC Zemin,CREATE_NEW,LOW,0,0,0,SAFE_AUTOMATIC,validated no-match create,
,,Ev ve Yaşam › Dekorasyon › Halı ve Zemin › Yer Minderi,CREATE_NEW,LOW,0,0,0,SAFE_AUTOMATIC,validated no-match create,
cmsg3xi9a00eluzdc6kwo0dqz,Aydınlatma,Ev ve Yaşam › Aydınlatma,MOVE,LOW,0,0,0,SAFE_AUTOMATIC,empty move preserve id,move from parent 'Ev Dekorasyon & Mobilya' → 'Ev ve Yaşam'
,,Ev ve Yaşam › Aydınlatma › İç Mekan,CREATE_NEW,LOW,0,0,0,SAFE_AUTOMATIC,validated no-match create,
,,Ev ve Yaşam › Aydınlatma › İç Mekan › Avize,CREATE_NEW,LOW,0,0,0,SAFE_AUTOMATIC,validated no-match create,
,,Ev ve Yaşam › Aydınlatma › İç Mekan › Sarkıt,CREATE_NEW,LOW,0,0,0,SAFE_AUTOMATIC,validated no-match create,
,,Ev ve Yaşam › Aydınlatma › İç Mekan › Plafonyer,CREATE_NEW,LOW,0,0,0,SAFE_AUTOMATIC,validated no-match create,
,,Ev ve Yaşam › Aydınlatma › İç Mekan › Aplik,CREATE_NEW,LOW,0,0,0,SAFE_AUTOMATIC,validated no-match create,
,,Ev ve Yaşam › Aydınlatma › İç Mekan › Lambader,CREATE_NEW,LOW,0,0,0,SAFE_AUTOMATIC,validated no-match create,
,,Ev ve Yaşam › Aydınlatma › İç Mekan › Abajur,CREATE_NEW,LOW,0,0,0,SAFE_AUTOMATIC,validated no-match create,
,,Ev ve Yaşam › Aydınlatma › İç Mekan › Masa Lambası,CREATE_NEW,LOW,0,0,0,SAFE_AUTOMATIC,validated no-match create,
,,Ev ve Yaşam › Aydınlatma › İç Mekan › Gece Lambası,CREATE_NEW,LOW,0,0,0,SAFE_AUTOMATIC,validated no-match create,
,,Ev ve Yaşam › Aydınlatma › Dış Mekan,CREATE_NEW,LOW,0,0,0,SAFE_AUTOMATIC,validated no-match create,
,,Ev ve Yaşam › Aydınlatma › Dış Mekan › Bahçe Aydınlatması,CREATE_NEW,LOW,0,0,0,SAFE_AUTOMATIC,validated no-match create,
,,Ev ve Yaşam › Aydınlatma › Dış Mekan › Solar Aydınlatma,CREATE_NEW,LOW,0,0,0,SAFE_WITH_TRANSACTION,create needs batch review,
,,Ev ve Yaşam › Aydınlatma › Dış Mekan › Projektör,CREATE_NEW,LOW,0,0,0,SAFE_AUTOMATIC,validated no-match create,
,,Ev ve Yaşam › Aydınlatma › Dış Mekan › Sensörlü Aydınlatma,CREATE_NEW,LOW,0,0,0,SAFE_WITH_TRANSACTION,create needs batch review,
,,Ev ve Yaşam › Aydınlatma › Ampul ve Ekipman,CREATE_NEW,LOW,0,0,0,SAFE_AUTOMATIC,validated no-match create,
,,Ev ve Yaşam › Aydınlatma › Ampul ve Ekipman › LED Ampul,CREATE_NEW,LOW,0,0,0,SAFE_AUTOMATIC,validated no-match create,
,,Ev ve Yaşam › Aydınlatma › Ampul ve Ekipman › Akıllı Ampul,CREATE_NEW,LOW,0,0,0,SAFE_AUTOMATIC,validated no-match create,
,,Ev ve Yaşam › Aydınlatma › Ampul ve Ekipman › Floresan,CREATE_NEW,LOW,0,0,0,SAFE_AUTOMATIC,validated no-match create,
,,Ev ve Yaşam › Aydınlatma › Ampul ve Ekipman › Şerit LED,CREATE_NEW,LOW,0,0,0,SAFE_AUTOMATIC,validated no-match create,
,,Ev ve Yaşam › Aydınlatma › Ampul ve Ekipman › LED Profil,CREATE_NEW,LOW,0,0,0,SAFE_AUTOMATIC,validated no-match create,
,,Ev ve Yaşam › Aydınlatma › Ampul ve Ekipman › Duy ve Soket,CREATE_NEW,LOW,0,0,0,SAFE_AUTOMATIC,validated no-match create,
,,Ev ve Yaşam › Temizlik ve Düzen,CREATE_NEW,LOW,0,0,0,SAFE_AUTOMATIC,validated no-match create,
,,Ev ve Yaşam › Temizlik ve Düzen › Temizlik Ürünleri,CREATE_NEW,LOW,0,0,0,SAFE_AUTOMATIC,validated no-match create,
,,Ev ve Yaşam › Temizlik ve Düzen › Temizlik Ürünleri › Mop,CREATE_NEW,LOW,0,0,0,SAFE_AUTOMATIC,validated no-match create,
,,Ev ve Yaşam › Temizlik ve Düzen › Temizlik Ürünleri › Kova,CREATE_NEW,LOW,0,0,0,SAFE_AUTOMATIC,validated no-match create,
,,Ev ve Yaşam › Temizlik ve Düzen › Temizlik Ürünleri › Faraş ve Süpürge,CREATE_NEW,LOW,0,0,0,SAFE_AUTOMATIC,validated no-match create,
,,Ev ve Yaşam › Temizlik ve Düzen › Temizlik Ürünleri › Cam Sileceği,CREATE_NEW,LOW,0,0,0,SAFE_AUTOMATIC,validated no-match create,
,,Ev ve Yaşam › Temizlik ve Düzen › Temizlik Ürünleri › Temizlik Bezi,CREATE_NEW,LOW,0,0,0,SAFE_AUTOMATIC,validated no-match create,
,,Ev ve Yaşam › Temizlik ve Düzen › Temizlik Ürünleri › Fırça,CREATE_NEW,LOW,0,0,0,SAFE_AUTOMATIC,validated no-match create,
,,Ev ve Yaşam › Temizlik ve Düzen › Temizlik Ürünleri › Çamaşır Sepeti,CREATE_NEW,LOW,0,0,0,SAFE_AUTOMATIC,validated no-match create,
,,Ev ve Yaşam › Temizlik ve Düzen › Düzenleyiciler,CREATE_NEW,LOW,0,0,0,SAFE_AUTOMATIC,validated no-match create,
,,Ev ve Yaşam › Temizlik ve Düzen › Düzenleyiciler › Hurç,CREATE_NEW,LOW,0,0,0,SAFE_AUTOMATIC,validated no-match create,
,,Ev ve Yaşam › Temizlik ve Düzen › Düzenleyiciler › Vakumlu Poşet,CREATE_NEW,LOW,0,0,0,SAFE_AUTOMATIC,validated no-match create,
,,Ev ve Yaşam › Temizlik ve Düzen › Düzenleyiciler › Askı,CREATE_NEW,LOW,0,0,0,SAFE_AUTOMATIC,validated no-match create,
,,Ev ve Yaşam › Temizlik ve Düzen › Düzenleyiciler › Ayakkabı Organizeri,CREATE_NEW,LOW,0,0,0,SAFE_AUTOMATIC,validated no-match create,
,,Ev ve Yaşam › Temizlik ve Düzen › Düzenleyiciler › Çekmece Düzenleyici,CREATE_NEW,LOW,0,0,0,SAFE_AUTOMATIC,validated no-match create,
,,Ev ve Yaşam › Temizlik ve Düzen › Düzenleyiciler › Kutu ve Sepet,CREATE_NEW,LOW,0,0,0,SAFE_AUTOMATIC,validated no-match create,
cmsg4wpa8002huzxwh73du3bl,Moda,Moda,KEEP,LOW,0,0,0,SAFE_AUTOMATIC,exact keep,
cmsg4wpap002nuzxwdd7tkkx9,Kadın,Moda › Kadın,KEEP,LOW,0,0,0,SAFE_AUTOMATIC,exact keep,
,,Moda › Kadın › Üst Giyim,CREATE_NEW,LOW,0,0,0,SAFE_AUTOMATIC,validated no-match create,
cmsg4wpah002luzxwa5vgezra,Tişört,Moda › Kadın › Üst Giyim › Tişört,MOVE,LOW,0,0,0,SAFE_AUTOMATIC,empty move preserve id,move from parent 'Erkek' → 'Üst Giyim'
cmsg3xhjc00anuzdck80n1z0x,Gömlek,Moda › Kadın › Üst Giyim › Gömlek,MOVE,LOW,0,0,0,SAFE_AUTOMATIC,empty move preserve id,move from parent 'Giyim & Aksesuar' → 'Üst Giyim'
,,Moda › Kadın › Üst Giyim › Bluz,CREATE_NEW,LOW,0,0,0,SAFE_AUTOMATIC,validated no-match create,
,,Moda › Kadın › Üst Giyim › Sweatshirt,CREATE_NEW,LOW,0,0,0,SAFE_AUTOMATIC,validated no-match create,
cmsg3xhjx00aruzdccz5haeeq,Kazak,Moda › Kadın › Üst Giyim › Kazak,MOVE,LOW,0,0,0,SAFE_AUTOMATIC,empty move preserve id,move from parent 'Giyim & Aksesuar' → 'Üst Giyim'
,,Moda › Kadın › Üst Giyim › Hırka,CREATE_NEW,LOW,0,0,0,SAFE_AUTOMATIC,validated no-match create,
,,Moda › Kadın › Üst Giyim › Tunik,CREATE_NEW,LOW,0,0,0,SAFE_AUTOMATIC,validated no-match create,
,,Moda › Kadın › Üst Giyim › Crop Top,CREATE_NEW,LOW,0,0,0,SAFE_AUTOMATIC,validated no-match create,
,,Moda › Kadın › Alt Giyim,CREATE_NEW,LOW,0,0,0,SAFE_AUTOMATIC,validated no-match create,
,,Moda › Kadın › Alt Giyim › Pantolon,CREATE_NEW,LOW,0,0,0,MANUAL_APPROVAL,create blocked — MEDIUM db match,
cmsg3xhjp00apuzdctzq13btm,Jean,Moda › Kadın › Alt Giyim › Jean,MOVE,LOW,0,0,0,SAFE_AUTOMATIC,empty move preserve id,move from parent 'Giyim & Aksesuar' → 'Alt Giyim'
,,Moda › Kadın › Alt Giyim › Etek,CREATE_NEW,LOW,0,0,0,MANUAL_APPROVAL,create blocked — MEDIUM db match,
,,Moda › Kadın › Alt Giyim › Şort,CREATE_NEW,LOW,0,0,0,MANUAL_APPROVAL,create blocked — MEDIUM db match,
,,Moda › Kadın › Alt Giyim › Tayt,CREATE_NEW,LOW,0,0,0,SAFE_AUTOMATIC,validated no-match create,
,,Moda › Kadın › Elbise ve Tulum,CREATE_NEW,LOW,0,0,0,SAFE_AUTOMATIC,validated no-match create,
,,Moda › Kadın › Elbise ve Tulum › Günlük Elbise,CREATE_NEW,LOW,0,0,0,SAFE_WITH_TRANSACTION,create needs batch review,
,,Moda › Kadın › Elbise ve Tulum › Abiye Elbise,CREATE_NEW,LOW,0,0,0,SAFE_WITH_TRANSACTION,create needs batch review,
,,Moda › Kadın › Elbise ve Tulum › Tulum,CREATE_NEW,LOW,0,0,0,SAFE_AUTOMATIC,validated no-match create,
,,Moda › Kadın › Elbise ve Tulum › Salopet,CREATE_NEW,LOW,0,0,0,SAFE_AUTOMATIC,validated no-match create,
,,Moda › Kadın › Dış Giyim,CREATE_NEW,LOW,0,0,0,SAFE_AUTOMATIC,validated no-match create,
,,Moda › Kadın › Dış Giyim › Mont,CREATE_NEW,LOW,0,0,0,MANUAL_APPROVAL,create blocked — MEDIUM db match,
,,Moda › Kadın › Dış Giyim › Kaban,CREATE_NEW,LOW,0,0,0,MANUAL_APPROVAL,create blocked — MEDIUM db match,
,,Moda › Kadın › Dış Giyim › Trençkot,CREATE_NEW,LOW,0,0,0,SAFE_AUTOMATIC,validated no-match create,
,,Moda › Kadın › Dış Giyim › Ceket,CREATE_NEW,LOW,0,0,0,MANUAL_APPROVAL,create blocked — MEDIUM db match,
,,Moda › Kadın › Dış Giyim › Yelek,CREATE_NEW,LOW,0,0,0,SAFE_AUTOMATIC,validated no-match create,
,,Moda › Kadın › Dış Giyim › Yağmurluk,CREATE_NEW,LOW,0,0,0,SAFE_AUTOMATIC,validated no-match create,
,,Moda › Kadın › İç Giyim,CREATE_NEW,LOW,0,0,0,MANUAL_APPROVAL,create blocked — MEDIUM db match,
,,Moda › Kadın › İç Giyim › Sütyen,CREATE_NEW,LOW,0,0,0,SAFE_AUTOMATIC,validated no-match create,
,,Moda › Kadın › İç Giyim › Külot,CREATE_NEW,LOW,0,0,0,SAFE_AUTOMATIC,validated no-match create,
,,Moda › Kadın › İç Giyim › Atlet,CREATE_NEW,LOW,0,0,0,SAFE_AUTOMATIC,validated no-match create,
,,Moda › Kadın › İç Giyim › Body,CREATE_NEW,LOW,0,0,0,SAFE_AUTOMATIC,validated no-match create,
,,Moda › Kadın › İç Giyim › Gecelik,CREATE_NEW,LOW,0,0,0,SAFE_AUTOMATIC,validated no-match create,
,,Moda › Kadın › İç Giyim › Pijama,CREATE_NEW,LOW,0,0,0,MANUAL_APPROVAL,create blocked — MEDIUM db match,
,,Moda › Kadın › İç Giyim › Sabahlık,CREATE_NEW,LOW,0,0,0,SAFE_AUTOMATIC,validated no-match create,
,,Moda › Kadın › Tesettür,CREATE_NEW,LOW,0,0,0,SAFE_AUTOMATIC,validated no-match create,
,,Moda › Kadın › Tesettür › Ferace,CREATE_NEW,LOW,0,0,0,SAFE_AUTOMATIC,validated no-match create,
,,Moda › Kadın › Tesettür › Kap,CREATE_NEW,LOW,0,0,0,SAFE_AUTOMATIC,validated no-match create,
,,Moda › Kadın › Tesettür › Tesettür Elbise,CREATE_NEW,LOW,0,0,0,SAFE_WITH_TRANSACTION,create needs batch review,
,,Moda › Kadın › Tesettür › Şal,CREATE_NEW,LOW,0,0,0,SAFE_AUTOMATIC,validated no-match create,
,,Moda › Kadın › Tesettür › Eşarp,CREATE_NEW,LOW,0,0,0,SAFE_AUTOMATIC,validated no-match create,
cmsg4wpad002juzxwk65dxk6k,Erkek,Moda › Erkek,KEEP,LOW,0,0,0,SAFE_AUTOMATIC,exact keep,
,,Moda › Erkek › Üst Giyim,CREATE_NEW,LOW,0,0,0,SAFE_AUTOMATIC,validated no-match create,
cmsg4wpah002luzxwa5vgezra,Tişört,Moda › Erkek › Üst Giyim › Tişört,MOVE,LOW,0,0,0,SAFE_AUTOMATIC,empty move preserve id,move from parent 'Erkek' → 'Üst Giyim'
,,Moda › Erkek › Üst Giyim › Polo Yaka Tişört,CREATE_NEW,LOW,0,0,0,SAFE_AUTOMATIC,validated no-match create,
cmsg3xhjc00anuzdck80n1z0x,Gömlek,Moda › Erkek › Üst Giyim › Gömlek,MOVE,LOW,0,0,0,SAFE_AUTOMATIC,empty move preserve id,move from parent 'Giyim & Aksesuar' → 'Üst Giyim'
,,Moda › Erkek › Üst Giyim › Sweatshirt,CREATE_NEW,LOW,0,0,0,SAFE_AUTOMATIC,validated no-match create,
cmsg3xhjx00aruzdccz5haeeq,Kazak,Moda › Erkek › Üst Giyim › Kazak,MOVE,LOW,0,0,0,SAFE_AUTOMATIC,empty move preserve id,move from parent 'Giyim & Aksesuar' → 'Üst Giyim'
,,Moda › Erkek › Üst Giyim › Hırka,CREATE_NEW,LOW,0,0,0,SAFE_AUTOMATIC,validated no-match create,
,,Moda › Erkek › Alt Giyim,CREATE_NEW,LOW,0,0,0,SAFE_AUTOMATIC,validated no-match create,
,,Moda › Erkek › Alt Giyim › Pantolon,CREATE_NEW,LOW,0,0,0,MANUAL_APPROVAL,create blocked — MEDIUM db match,
cmsg3xhjp00apuzdctzq13btm,Jean,Moda › Erkek › Alt Giyim › Jean,MOVE,LOW,0,0,0,SAFE_AUTOMATIC,empty move preserve id,move from parent 'Giyim & Aksesuar' → 'Alt Giyim'
,,Moda › Erkek › Alt Giyim › Şort,CREATE_NEW,LOW,0,0,0,MANUAL_APPROVAL,create blocked — MEDIUM db match,
,,Moda › Erkek › Alt Giyim › Eşofman Altı,CREATE_NEW,LOW,0,0,0,SAFE_AUTOMATIC,validated no-match create,
,,Moda › Erkek › Takım ve Dış Giyim,CREATE_NEW,LOW,0,0,0,SAFE_WITH_TRANSACTION,create needs batch review,
,,Moda › Erkek › Takım ve Dış Giyim › Takım Elbise,CREATE_NEW,LOW,0,0,0,SAFE_WITH_TRANSACTION,create needs batch review,
,,Moda › Erkek › Takım ve Dış Giyim › Ceket,CREATE_NEW,LOW,0,0,0,MANUAL_APPROVAL,create blocked — MEDIUM db match,
,,Moda › Erkek › Takım ve Dış Giyim › Mont,CREATE_NEW,LOW,0,0,0,MANUAL_APPROVAL,create blocked — MEDIUM db match,
,,Moda › Erkek › Takım ve Dış Giyim › Kaban,CREATE_NEW,LOW,0,0,0,MANUAL_APPROVAL,create blocked — MEDIUM db match,
,,Moda › Erkek › Takım ve Dış Giyim › Yelek,CREATE_NEW,LOW,0,0,0,SAFE_AUTOMATIC,validated no-match create,
,,Moda › Erkek › Takım ve Dış Giyim › Yağmurluk,CREATE_NEW,LOW,0,0,0,SAFE_AUTOMATIC,validated no-match create,
,,Moda › Erkek › İç Giyim,CREATE_NEW,LOW,0,0,0,MANUAL_APPROVAL,create blocked — MEDIUM db match,
,,Moda › Erkek › İç Giyim › Boxer,CREATE_NEW,LOW,0,0,0,SAFE_AUTOMATIC,validated no-match create,
,,Moda › Erkek › İç Giyim › Atlet,CREATE_NEW,LOW,0,0,0,SAFE_AUTOMATIC,validated no-match create,
,,Moda › Erkek › İç Giyim › Fanila,CREATE_NEW,LOW,0,0,0,SAFE_AUTOMATIC,validated no-match create,
,,Moda › Erkek › İç Giyim › Pijama,CREATE_NEW,LOW,0,0,0,MANUAL_APPROVAL,create blocked — MEDIUM db match,
,,Moda › Erkek › İç Giyim › Çorap,CREATE_NEW,LOW,0,0,0,SAFE_AUTOMATIC,validated no-match create,
,,Moda › Ayakkabı,CREATE_NEW,LOW,0,0,0,MANUAL_APPROVAL,create blocked — MEDIUM db match,
cmsg3xhmd00b7uzdcz4m6bkjp,Kadın Ayakkabı,Moda › Ayakkabı › Kadın Ayakkabı,MOVE,LOW,0,0,0,SAFE_AUTOMATIC,empty move preserve id,move from parent 'Ayakkabı & Çanta' → 'Ayakkabı'
,,Moda › Ayakkabı › Kadın Ayakkabı › Sneaker,CREATE_NEW,LOW,0,0,0,SAFE_AUTOMATIC,validated no-match create,
,,Moda › Ayakkabı › Kadın Ayakkabı › Topuklu Ayakkabı,CREATE_NEW,LOW,0,0,0,SAFE_AUTOMATIC,validated no-match create,
,,Moda › Ayakkabı › Kadın Ayakkabı › Babet,CREATE_NEW,LOW,0,0,0,SAFE_AUTOMATIC,validated no-match create,
,,Moda › Ayakkabı › Kadın Ayakkabı › Sandalet,CREATE_NEW,LOW,0,0,0,SAFE_AUTOMATIC,validated no-match create,
,,Moda › Ayakkabı › Kadın Ayakkabı › Bot,CREATE_NEW,LOW,0,0,0,SAFE_AUTOMATIC,validated no-match create,
,,Moda › Ayakkabı › Kadın Ayakkabı › Çizme,CREATE_NEW,LOW,0,0,0,MANUAL_APPROVAL,create blocked — MEDIUM db match,
,,Moda › Ayakkabı › Kadın Ayakkabı › Terlik,CREATE_NEW,LOW,0,0,0,SAFE_AUTOMATIC,validated no-match create,
cmsg3xhmm00b9uzdco6vry46j,Erkek Ayakkabı,Moda › Ayakkabı › Erkek Ayakkabı,MOVE,LOW,0,0,0,SAFE_AUTOMATIC,empty move preserve id,move from parent 'Ayakkabı & Çanta' → 'Ayakkabı'
,,Moda › Ayakkabı › Erkek Ayakkabı › Sneaker,CREATE_NEW,LOW,0,0,0,SAFE_AUTOMATIC,validated no-match create,
,,Moda › Ayakkabı › Erkek Ayakkabı › Klasik Ayakkabı,CREATE_NEW,LOW,0,0,0,SAFE_AUTOMATIC,validated no-match create,
,,Moda › Ayakkabı › Erkek Ayakkabı › Loafer,CREATE_NEW,LOW,0,0,0,SAFE_AUTOMATIC,validated no-match create,
,,Moda › Ayakkabı › Erkek Ayakkabı › Bot,CREATE_NEW,LOW,0,0,0,SAFE_AUTOMATIC,validated no-match create,
,,Moda › Ayakkabı › Erkek Ayakkabı › Sandalet,CREATE_NEW,LOW,0,0,0,SAFE_AUTOMATIC,validated no-match create,
,,Moda › Ayakkabı › Erkek Ayakkabı › Terlik,CREATE_NEW,LOW,0,0,0,SAFE_AUTOMATIC,validated no-match create,
cmsg3xhn900bduzdc4916aq2p,Spor Ayakkabı,Moda › Ayakkabı › Spor Ayakkabı,MOVE,LOW,0,0,0,SAFE_AUTOMATIC,empty move preserve id,move from parent 'Ayakkabı & Çanta' → 'Ayakkabı'
,,Moda › Ayakkabı › Spor Ayakkabı › Koşu Ayakkabısı,CREATE_NEW,LOW,0,0,0,SAFE_AUTOMATIC,validated no-match create,
,,Moda › Ayakkabı › Spor Ayakkabı › Yürüyüş Ayakkabısı,CREATE_NEW,LOW,0,0,0,SAFE_AUTOMATIC,validated no-match create,
,,Moda › Ayakkabı › Spor Ayakkabı › Basketbol Ayakkabısı,CREATE_NEW,LOW,0,0,0,SAFE_WITH_TRANSACTION,create needs batch review,
,,Moda › Ayakkabı › Spor Ayakkabı › Futbol Ayakkabısı,CREATE_NEW,LOW,0,0,0,SAFE_WITH_TRANSACTION,create needs batch review,
,,Moda › Ayakkabı › Spor Ayakkabı › Outdoor Ayakkabı,CREATE_NEW,LOW,0,0,0,SAFE_AUTOMATIC,validated no-match create,
,,Moda › Çanta ve Aksesuar,CREATE_NEW,LOW,0,0,0,SAFE_WITH_TRANSACTION,create needs batch review,
,,Moda › Çanta ve Aksesuar › Çanta,CREATE_NEW,LOW,0,0,0,MANUAL_APPROVAL,create blocked — MEDIUM db match,
,,Moda › Çanta ve Aksesuar › Çanta › Omuz Çantası,CREATE_NEW,LOW,0,0,0,SAFE_AUTOMATIC,validated no-match create,
,,Moda › Çanta ve Aksesuar › Çanta › El Çantası,CREATE_NEW,LOW,0,0,0,SAFE_AUTOMATIC,validated no-match create,
,,Moda › Çanta ve Aksesuar › Çanta › Sırt Çantası,CREATE_NEW,LOW,0,0,0,SAFE_AUTOMATIC,validated no-match create,
,,Moda › Çanta ve Aksesuar › Çanta › Bel Çantası,CREATE_NEW,LOW,0,0,0,SAFE_AUTOMATIC,validated no-match create,
,,Moda › Çanta ve Aksesuar › Çanta › Laptop Çantası,CREATE_NEW,LOW,0,0,0,SAFE_AUTOMATIC,validated no-match create,
,,Moda › Çanta ve Aksesuar › Çanta › Valiz,CREATE_NEW,LOW,0,0,0,SAFE_AUTOMATIC,validated no-match create,
,,Moda › Çanta ve Aksesuar › Çanta › Cüzdan,CREATE_NEW,LOW,0,0,0,MANUAL_APPROVAL,create blocked — MEDIUM db match,
,,Moda › Çanta ve Aksesuar › Çanta › Kartlık,CREATE_NEW,LOW,0,0,0,MANUAL_APPROVAL,create blocked — MEDIUM db match,
,,Moda › Çanta ve Aksesuar › Aksesuar,CREATE_NEW,LOW,0,0,0,MANUAL_APPROVAL,create blocked — MEDIUM db match,
,,Moda › Çanta ve Aksesuar › Aksesuar › Kemer,CREATE_NEW,LOW,0,0,0,MANUAL_APPROVAL,create blocked — MEDIUM db match,
,,Moda › Çanta ve Aksesuar › Aksesuar › Şapka,CREATE_NEW,LOW,0,0,0,MANUAL_APPROVAL,create blocked — MEDIUM db match,
,,Moda › Çanta ve Aksesuar › Aksesuar › Bere,CREATE_NEW,LOW,0,0,0,SAFE_AUTOMATIC,validated no-match create,
,,Moda › Çanta ve Aksesuar › Aksesuar › Atkı,CREATE_NEW,LOW,0,0,0,MANUAL_APPROVAL,create blocked — MEDIUM db match,
,,Moda › Çanta ve Aksesuar › Aksesuar › Eldiven,CREATE_NEW,LOW,0,0,0,SAFE_AUTOMATIC,validated no-match create,
,,Moda › Çanta ve Aksesuar › Aksesuar › Güneş Gözlüğü,CREATE_NEW,LOW,0,0,0,SAFE_AUTOMATIC,validated no-match create,
,,Moda › Çanta ve Aksesuar › Aksesuar › Şemsiye,CREATE_NEW,LOW,0,0,0,SAFE_AUTOMATIC,validated no-match create,
,,Moda › Çanta ve Aksesuar › Takı,CREATE_NEW,LOW,0,0,0,MANUAL_APPROVAL,create blocked — MEDIUM db match,
cmsg3xhum00c5uzdc1w4mppod,Kolye,Moda › Çanta ve Aksesuar › Takı › Kolye,MOVE,LOW,0,0,0,SAFE_AUTOMATIC,empty move preserve id,"move from parent 'Saat, Takı & Mücevher' → 'Takı'"
cmsg3xhv000c9uzdc23p1513a,Bileklik,Moda › Çanta ve Aksesuar › Takı › Bileklik,MOVE,LOW,0,0,0,SAFE_AUTOMATIC,empty move preserve id,"move from parent 'Saat, Takı & Mücevher' → 'Takı'"
cmsg3xhuu00c7uzdc1she4w2c,Küpe,Moda › Çanta ve Aksesuar › Takı › Küpe,MOVE,LOW,0,0,0,SAFE_AUTOMATIC,empty move preserve id,"move from parent 'Saat, Takı & Mücevher' → 'Takı'"
cmsg3xhu600c3uzdcd80y9x57,Yüzük,Moda › Çanta ve Aksesuar › Takı › Yüzük,MOVE,LOW,0,0,0,SAFE_AUTOMATIC,empty move preserve id,"move from parent 'Saat, Takı & Mücevher' → 'Takı'"
,,Moda › Çanta ve Aksesuar › Takı › Halhal,CREATE_NEW,LOW,0,0,0,SAFE_AUTOMATIC,validated no-match create,
,,Moda › Çanta ve Aksesuar › Takı › Broş,CREATE_NEW,LOW,0,0,0,SAFE_AUTOMATIC,validated no-match create,
,,"Anne, Bebek ve Çocuk",CREATE_NEW,LOW,0,0,0,MANUAL_APPROVAL,create blocked — HIGH db match,
,,"Anne, Bebek ve Çocuk › Bebek Arabası ve Taşıma",CREATE_NEW,LOW,0,0,0,SAFE_WITH_TRANSACTION,create needs batch review,
cmsg3xi3y00dluzdcfsac7kp9,Bebek Arabası,"Anne, Bebek ve Çocuk › Bebek Arabası ve Taşıma › Bebek Arabası",MOVE,LOW,0,0,0,SAFE_AUTOMATIC,empty move preserve id,move from parent 'Anne & Bebek' → 'Bebek Arabası ve Taşıma'
,,"Anne, Bebek ve Çocuk › Bebek Arabası ve Taşıma › Bebek Arabası › Travel Sistem Bebek Arabası",CREATE_NEW,LOW,0,0,0,SAFE_WITH_TRANSACTION,create needs batch review,
,,"Anne, Bebek ve Çocuk › Bebek Arabası ve Taşıma › Bebek Arabası › Baston Bebek Arabası",CREATE_NEW,LOW,0,0,0,MANUAL_APPROVAL,create blocked — MEDIUM db match,
,,"Anne, Bebek ve Çocuk › Bebek Arabası ve Taşıma › Bebek Arabası › İkiz Bebek Arabası",CREATE_NEW,LOW,0,0,0,MANUAL_APPROVAL,create blocked — MEDIUM db match,
,,"Anne, Bebek ve Çocuk › Bebek Arabası ve Taşıma › Bebek Arabası › Jogger Bebek Arabası",CREATE_NEW,LOW,0,0,0,MANUAL_APPROVAL,create blocked — MEDIUM db match,
,,"Anne, Bebek ve Çocuk › Bebek Arabası ve Taşıma › Taşıma",CREATE_NEW,LOW,0,0,0,SAFE_AUTOMATIC,validated no-match create,
,,"Anne, Bebek ve Çocuk › Bebek Arabası ve Taşıma › Taşıma › Ana Kucağı",CREATE_NEW,LOW,0,0,0,SAFE_AUTOMATIC,validated no-match create,
,,"Anne, Bebek ve Çocuk › Bebek Arabası ve Taşıma › Taşıma › Puset",CREATE_NEW,LOW,0,0,0,SAFE_AUTOMATIC,validated no-match create,
,,"Anne, Bebek ve Çocuk › Bebek Arabası ve Taşıma › Taşıma › Kanguru",CREATE_NEW,LOW,0,0,0,SAFE_AUTOMATIC,validated no-match create,
,,"Anne, Bebek ve Çocuk › Bebek Arabası ve Taşıma › Taşıma › Sling",CREATE_NEW,LOW,0,0,0,SAFE_AUTOMATIC,validated no-match create,
,,"Anne, Bebek ve Çocuk › Bebek Arabası ve Taşıma › Taşıma › Portbebe",CREATE_NEW,LOW,0,0,0,SAFE_AUTOMATIC,validated no-match create,
,,"Anne, Bebek ve Çocuk › Bebek Odası",CREATE_NEW,LOW,0,0,0,SAFE_AUTOMATIC,validated no-match create,
cmsg3xi8r00ehuzdc20w3nzu7,Mobilya,"Anne, Bebek ve Çocuk › Bebek Odası › Mobilya",MOVE,LOW,0,0,0,SAFE_AUTOMATIC,empty move preserve id,move from parent 'Ev Dekorasyon & Mobilya' → 'Bebek Odası'
,,"Anne, Bebek ve Çocuk › Bebek Odası › Mobilya › Bebek Beşiği",CREATE_NEW,LOW,0,0,0,SAFE_AUTOMATIC,validated no-match create,
,,"Anne, Bebek ve Çocuk › Bebek Odası › Mobilya › Bebek Karyolası",CREATE_NEW,LOW,0,0,0,SAFE_AUTOMATIC,validated no-match create,
,,"Anne, Bebek ve Çocuk › Bebek Odası › Mobilya › Bebek Yatağı",CREATE_NEW,LOW,0,0,0,SAFE_AUTOMATIC,validated no-match create,
,,"Anne, Bebek ve Çocuk › Bebek Odası › Mobilya › Alt Açma Ünitesi",CREATE_NEW,LOW,0,0,0,SAFE_AUTOMATIC,validated no-match create,
,,"Anne, Bebek ve Çocuk › Bebek Odası › Mobilya › Bebek Dolabı",CREATE_NEW,LOW,0,0,0,SAFE_AUTOMATIC,validated no-match create,
,,"Anne, Bebek ve Çocuk › Bebek Odası › Tekstil",CREATE_NEW,LOW,0,0,0,MANUAL_APPROVAL,create blocked — MEDIUM db match,
,,"Anne, Bebek ve Çocuk › Bebek Odası › Tekstil › Bebek Nevresimi",CREATE_NEW,LOW,0,0,0,SAFE_AUTOMATIC,validated no-match create,
,,"Anne, Bebek ve Çocuk › Bebek Odası › Tekstil › Uyku Tulumu",CREATE_NEW,LOW,0,0,0,SAFE_AUTOMATIC,validated no-match create,
,,"Anne, Bebek ve Çocuk › Bebek Odası › Tekstil › Bebek Battaniyesi",CREATE_NEW,LOW,0,0,0,SAFE_AUTOMATIC,validated no-match create,
,,"Anne, Bebek ve Çocuk › Bebek Odası › Tekstil › Bebek Yastığı",CREATE_NEW,LOW,0,0,0,SAFE_AUTOMATIC,validated no-match create,
,,"Anne, Bebek ve Çocuk › Bebek Odası › Tekstil › Cibinlik",CREATE_NEW,LOW,0,0,0,SAFE_AUTOMATIC,validated no-match create,
,,"Anne, Bebek ve Çocuk › Beslenme",CREATE_NEW,LOW,0,0,0,MANUAL_APPROVAL,create blocked — MEDIUM db match,
,,"Anne, Bebek ve Çocuk › Beslenme › Emzirme",CREATE_NEW,LOW,0,0,0,MANUAL_APPROVAL,create blocked — MEDIUM db match,
,,"Anne, Bebek ve Çocuk › Beslenme › Emzirme › Göğüs Pompası",CREATE_NEW,LOW,0,0,0,SAFE_AUTOMATIC,validated no-match create,
,,"Anne, Bebek ve Çocuk › Beslenme › Emzirme › Emzirme Yastığı",CREATE_NEW,LOW,0,0,0,SAFE_AUTOMATIC,validated no-match create,
,,"Anne, Bebek ve Çocuk › Beslenme › Emzirme › Süt Saklama Poşeti",CREATE_NEW,LOW,0,0,0,SAFE_AUTOMATIC,validated no-match create,
,,"Anne, Bebek ve Çocuk › Beslenme › Emzirme › Göğüs Pedi",CREATE_NEW,LOW,0,0,0,SAFE_AUTOMATIC,validated no-match create,
,,"Anne, Bebek ve Çocuk › Beslenme › Biberon ve Mama",CREATE_NEW,LOW,0,0,0,SAFE_WITH_TRANSACTION,create needs batch review,
,,"Anne, Bebek ve Çocuk › Beslenme › Biberon ve Mama › Biberon",CREATE_NEW,LOW,0,0,0,SAFE_AUTOMATIC,validated no-match create,
,,"Anne, Bebek ve Çocuk › Beslenme › Biberon ve Mama › Emzik",CREATE_NEW,LOW,0,0,0,SAFE_AUTOMATIC,validated no-match create,
,,"Anne, Bebek ve Çocuk › Beslenme › Biberon ve Mama › Biberon Isıtıcı",CREATE_NEW,LOW,0,0,0,SAFE_AUTOMATIC,validated no-match create,
,,"Anne, Bebek ve Çocuk › Beslenme › Biberon ve Mama › Sterilizatör",CREATE_NEW,LOW,0,0,0,SAFE_AUTOMATIC,validated no-match create,
cmsg3xi4g00dpuzdcwf1zmmz4,Mama Sandalyesi,"Anne, Bebek ve Çocuk › Beslenme › Biberon ve Mama › Mama Sandalyesi",MOVE,LOW,0,0,0,SAFE_AUTOMATIC,empty move preserve id,move from parent 'Anne & Bebek' → 'Biberon ve Mama'
,,"Anne, Bebek ve Çocuk › Beslenme › Biberon ve Mama › Mama Seti",CREATE_NEW,LOW,0,0,0,SAFE_AUTOMATIC,validated no-match create,
,,"Anne, Bebek ve Çocuk › Bakım ve Güvenlik",CREATE_NEW,LOW,0,0,0,SAFE_WITH_TRANSACTION,create needs batch review,
,,"Anne, Bebek ve Çocuk › Bakım ve Güvenlik › Bakım",CREATE_NEW,LOW,0,0,0,MANUAL_APPROVAL,create blocked — MEDIUM db match,
,,"Anne, Bebek ve Çocuk › Bakım ve Güvenlik › Bakım › Bebek Bezi",CREATE_NEW,LOW,0,0,0,SAFE_AUTOMATIC,validated no-match create,
,,"Anne, Bebek ve Çocuk › Bakım ve Güvenlik › Bakım › Islak Mendil",CREATE_NEW,LOW,0,0,0,SAFE_AUTOMATIC,validated no-match create,
,,"Anne, Bebek ve Çocuk › Bakım ve Güvenlik › Bakım › Bebek Şampuanı",CREATE_NEW,LOW,0,0,0,SAFE_AUTOMATIC,validated no-match create,
,,"Anne, Bebek ve Çocuk › Bakım ve Güvenlik › Bakım › Bebek Yağı",CREATE_NEW,LOW,0,0,0,SAFE_AUTOMATIC,validated no-match create,
,,"Anne, Bebek ve Çocuk › Bakım ve Güvenlik › Bakım › Pişik Kremi",CREATE_NEW,LOW,0,0,0,SAFE_AUTOMATIC,validated no-match create,
,,"Anne, Bebek ve Çocuk › Bakım ve Güvenlik › Bakım › Bebek Küveti",CREATE_NEW,LOW,0,0,0,SAFE_AUTOMATIC,validated no-match create,
,,"Anne, Bebek ve Çocuk › Bakım ve Güvenlik › Güvenlik",CREATE_NEW,LOW,0,0,0,MANUAL_APPROVAL,create blocked — MEDIUM db match,
,,"Anne, Bebek ve Çocuk › Bakım ve Güvenlik › Güvenlik › Bebek Kamerası",CREATE_NEW,LOW,0,0,0,SAFE_AUTOMATIC,validated no-match create,
,,"Anne, Bebek ve Çocuk › Bakım ve Güvenlik › Güvenlik › Telsiz",CREATE_NEW,LOW,0,0,0,MANUAL_APPROVAL,create blocked — MEDIUM db match,
,,"Anne, Bebek ve Çocuk › Bakım ve Güvenlik › Güvenlik › Güvenlik Kapısı",CREATE_NEW,LOW,0,0,0,SAFE_AUTOMATIC,validated no-match create,
,,"Anne, Bebek ve Çocuk › Bakım ve Güvenlik › Güvenlik › Priz Koruyucu",CREATE_NEW,LOW,0,0,0,SAFE_AUTOMATIC,validated no-match create,
,,"Anne, Bebek ve Çocuk › Bakım ve Güvenlik › Güvenlik › Köşe Koruyucu",CREATE_NEW,LOW,0,0,0,SAFE_AUTOMATIC,validated no-match create,
cmsg3xhh400a7uzdc7nuyslyj,Çocuk Giyim,"Anne, Bebek ve Çocuk › Çocuk Giyim",MOVE,LOW,0,0,0,SAFE_AUTOMATIC,empty move preserve id,"move from parent 'Giyim & Aksesuar' → 'Anne, Bebek ve Çocuk'"
,,"Anne, Bebek ve Çocuk › Çocuk Giyim › Kız Çocuk",CREATE_NEW,LOW,0,0,0,SAFE_AUTOMATIC,validated no-match create,
cmsg4wpah002luzxwa5vgezra,Tişört,"Anne, Bebek ve Çocuk › Çocuk Giyim › Kız Çocuk › Tişört",MOVE,LOW,0,0,0,SAFE_AUTOMATIC,empty move preserve id,move from parent 'Erkek' → 'Kız Çocuk'
cmsg3xhi300aduzdcoo5b0ti3,Elbise,"Anne, Bebek ve Çocuk › Çocuk Giyim › Kız Çocuk › Elbise",MOVE,LOW,0,0,0,SAFE_AUTOMATIC,empty move preserve id,move from parent 'Giyim & Aksesuar' → 'Kız Çocuk'
,,"Anne, Bebek ve Çocuk › Çocuk Giyim › Kız Çocuk › Pantolon",CREATE_NEW,LOW,0,0,0,MANUAL_APPROVAL,create blocked — MEDIUM db match,
,,"Anne, Bebek ve Çocuk › Çocuk Giyim › Kız Çocuk › Etek",CREATE_NEW,LOW,0,0,0,MANUAL_APPROVAL,create blocked — MEDIUM db match,
,,"Anne, Bebek ve Çocuk › Çocuk Giyim › Kız Çocuk › Mont",CREATE_NEW,LOW,0,0,0,MANUAL_APPROVAL,create blocked — MEDIUM db match,
,,"Anne, Bebek ve Çocuk › Çocuk Giyim › Kız Çocuk › Pijama",CREATE_NEW,LOW,0,0,0,MANUAL_APPROVAL,create blocked — MEDIUM db match,
,,"Anne, Bebek ve Çocuk › Çocuk Giyim › Kız Çocuk › İç Giyim",CREATE_NEW,LOW,0,0,0,MANUAL_APPROVAL,create blocked — MEDIUM db match,
,,"Anne, Bebek ve Çocuk › Çocuk Giyim › Erkek Çocuk",CREATE_NEW,LOW,0,0,0,SAFE_WITH_TRANSACTION,create needs batch review,
cmsg4wpah002luzxwa5vgezra,Tişört,"Anne, Bebek ve Çocuk › Çocuk Giyim › Erkek Çocuk › Tişört",MOVE,LOW,0,0,0,SAFE_AUTOMATIC,empty move preserve id,move from parent 'Erkek' → 'Erkek Çocuk'
cmsg3xhjc00anuzdck80n1z0x,Gömlek,"Anne, Bebek ve Çocuk › Çocuk Giyim › Erkek Çocuk › Gömlek",MOVE,LOW,0,0,0,SAFE_AUTOMATIC,empty move preserve id,move from parent 'Giyim & Aksesuar' → 'Erkek Çocuk'
,,"Anne, Bebek ve Çocuk › Çocuk Giyim › Erkek Çocuk › Pantolon",CREATE_NEW,LOW,0,0,0,MANUAL_APPROVAL,create blocked — MEDIUM db match,
,,"Anne, Bebek ve Çocuk › Çocuk Giyim › Erkek Çocuk › Şort",CREATE_NEW,LOW,0,0,0,MANUAL_APPROVAL,create blocked — MEDIUM db match,
,,"Anne, Bebek ve Çocuk › Çocuk Giyim › Erkek Çocuk › Mont",CREATE_NEW,LOW,0,0,0,MANUAL_APPROVAL,create blocked — MEDIUM db match,
,,"Anne, Bebek ve Çocuk › Çocuk Giyim › Erkek Çocuk › Pijama",CREATE_NEW,LOW,0,0,0,MANUAL_APPROVAL,create blocked — MEDIUM db match,
,,"Anne, Bebek ve Çocuk › Çocuk Giyim › Erkek Çocuk › İç Giyim",CREATE_NEW,LOW,0,0,0,MANUAL_APPROVAL,create blocked — MEDIUM db match,
cmsg3xi4q00druzdcxs7xxhsf,Bebek Giyim,"Anne, Bebek ve Çocuk › Çocuk Giyim › Bebek Giyim",MOVE,LOW,0,0,0,SAFE_AUTOMATIC,empty move preserve id,move from parent 'Anne & Bebek' → 'Çocuk Giyim'
,,"Anne, Bebek ve Çocuk › Çocuk Giyim › Bebek Giyim › Body",CREATE_NEW,LOW,0,0,0,SAFE_AUTOMATIC,validated no-match create,
,,"Anne, Bebek ve Çocuk › Çocuk Giyim › Bebek Giyim › Zıbın",CREATE_NEW,LOW,0,0,0,SAFE_AUTOMATIC,validated no-match create,
,,"Anne, Bebek ve Çocuk › Çocuk Giyim › Bebek Giyim › Tulum",CREATE_NEW,LOW,0,0,0,SAFE_AUTOMATIC,validated no-match create,
,,"Anne, Bebek ve Çocuk › Çocuk Giyim › Bebek Giyim › Hastane Çıkışı",CREATE_NEW,LOW,0,0,0,SAFE_AUTOMATIC,validated no-match create,
,,"Anne, Bebek ve Çocuk › Çocuk Giyim › Bebek Giyim › Bebek Takımı",CREATE_NEW,LOW,0,0,0,SAFE_AUTOMATIC,validated no-match create,
,,"Anne, Bebek ve Çocuk › Çocuk Giyim › Bebek Giyim › Bebek Çorabı",CREATE_NEW,LOW,0,0,0,SAFE_AUTOMATIC,validated no-match create,
,,"Anne, Bebek ve Çocuk › Oyuncak",CREATE_NEW,LOW,0,0,0,MANUAL_APPROVAL,create blocked — MEDIUM db match,
cmsg3xio500hruzdcnqfji63g,Eğitici Oyuncak,"Anne, Bebek ve Çocuk › Oyuncak › Eğitici Oyuncak",MOVE,LOW,0,0,0,SAFE_AUTOMATIC,empty move preserve id,move from parent 'Hobi & Oyuncak' → 'Oyuncak'
,,"Anne, Bebek ve Çocuk › Oyuncak › Eğitici Oyuncak › Ahşap Oyuncak",CREATE_NEW,LOW,0,0,0,SAFE_AUTOMATIC,validated no-match create,
,,"Anne, Bebek ve Çocuk › Oyuncak › Eğitici Oyuncak › STEM Oyuncak",CREATE_NEW,LOW,0,0,0,SAFE_AUTOMATIC,validated no-match create,
,,"Anne, Bebek ve Çocuk › Oyuncak › Eğitici Oyuncak › Aktivite Oyuncağı",CREATE_NEW,LOW,0,0,0,SAFE_AUTOMATIC,validated no-match create,
,,"Anne, Bebek ve Çocuk › Oyuncak › Eğitici Oyuncak › Montessori Oyuncak",CREATE_NEW,LOW,0,0,0,SAFE_AUTOMATIC,validated no-match create,
,,"Anne, Bebek ve Çocuk › Oyuncak › Rol Oyunları",CREATE_NEW,LOW,0,0,0,SAFE_AUTOMATIC,validated no-match create,
,,"Anne, Bebek ve Çocuk › Oyuncak › Rol Oyunları › Oyuncak Mutfak",CREATE_NEW,LOW,0,0,0,SAFE_AUTOMATIC,validated no-match create,
,,"Anne, Bebek ve Çocuk › Oyuncak › Rol Oyunları › Doktor Seti",CREATE_NEW,LOW,0,0,0,SAFE_AUTOMATIC,validated no-match create,
,,"Anne, Bebek ve Çocuk › Oyuncak › Rol Oyunları › Tamir Seti",CREATE_NEW,LOW,0,0,0,SAFE_AUTOMATIC,validated no-match create,
,,"Anne, Bebek ve Çocuk › Oyuncak › Rol Oyunları › Bebek ve Aksesuarı",CREATE_NEW,LOW,0,0,0,SAFE_WITH_TRANSACTION,create needs batch review,
,,"Anne, Bebek ve Çocuk › Oyuncak › Araç ve Figür",CREATE_NEW,LOW,0,0,0,SAFE_WITH_TRANSACTION,create needs batch review,
,,"Anne, Bebek ve Çocuk › Oyuncak › Araç ve Figür › Oyuncak Araba",CREATE_NEW,LOW,0,0,0,SAFE_AUTOMATIC,validated no-match create,
,,"Anne, Bebek ve Çocuk › Oyuncak › Araç ve Figür › Uzaktan Kumandalı Araç",CREATE_NEW,LOW,0,0,0,SAFE_AUTOMATIC,validated no-match create,
,,"Anne, Bebek ve Çocuk › Oyuncak › Araç ve Figür › Aksiyon Figürü",CREATE_NEW,LOW,0,0,0,SAFE_AUTOMATIC,validated no-match create,
,,"Anne, Bebek ve Çocuk › Oyuncak › Araç ve Figür › Oyun Seti",CREATE_NEW,LOW,0,0,0,SAFE_WITH_TRANSACTION,create needs batch review,
,,"Anne, Bebek ve Çocuk › Oyuncak › Açık Hava",CREATE_NEW,LOW,0,0,0,SAFE_AUTOMATIC,validated no-match create,
,,"Anne, Bebek ve Çocuk › Oyuncak › Açık Hava › Scooter",CREATE_NEW,LOW,0,0,0,SAFE_AUTOMATIC,validated no-match create,
,,"Anne, Bebek ve Çocuk › Oyuncak › Açık Hava › Akülü Araba",CREATE_NEW,LOW,0,0,0,SAFE_AUTOMATIC,validated no-match create,
,,"Anne, Bebek ve Çocuk › Oyuncak › Açık Hava › Çocuk Bisikleti",CREATE_NEW,LOW,0,0,0,SAFE_AUTOMATIC,validated no-match create,
,,"Anne, Bebek ve Çocuk › Oyuncak › Açık Hava › Trambolin",CREATE_NEW,LOW,0,0,0,SAFE_AUTOMATIC,validated no-match create,
,,"Anne, Bebek ve Çocuk › Oyuncak › Açık Hava › Şişme Havuz",CREATE_NEW,LOW,0,0,0,SAFE_AUTOMATIC,validated no-match create,
,,Kozmetik ve Kişisel Bakım,CREATE_NEW,LOW,0,0,0,MANUAL_APPROVAL,create blocked — EXACT db match,
,,Kozmetik ve Kişisel Bakım › Cilt Bakımı,CREATE_NEW,LOW,0,0,0,SAFE_AUTOMATIC,validated no-match create,
,,Kozmetik ve Kişisel Bakım › Cilt Bakımı › Yüz Bakımı,CREATE_NEW,LOW,0,0,0,SAFE_AUTOMATIC,validated no-match create,
,,Kozmetik ve Kişisel Bakım › Cilt Bakımı › Yüz Bakımı › Yüz Temizleme Jeli,CREATE_NEW,LOW,0,0,0,SAFE_AUTOMATIC,validated no-match create,
,,Kozmetik ve Kişisel Bakım › Cilt Bakımı › Yüz Bakımı › Tonik,CREATE_NEW,LOW,0,0,0,SAFE_AUTOMATIC,validated no-match create,
,,Kozmetik ve Kişisel Bakım › Cilt Bakımı › Yüz Bakımı › Serum,CREATE_NEW,LOW,0,0,0,SAFE_AUTOMATIC,validated no-match create,
,,Kozmetik ve Kişisel Bakım › Cilt Bakımı › Yüz Bakımı › Nemlendirici,CREATE_NEW,LOW,0,0,0,SAFE_AUTOMATIC,validated no-match create,
,,Kozmetik ve Kişisel Bakım › Cilt Bakımı › Yüz Bakımı › Göz Kremi,CREATE_NEW,LOW,0,0,0,SAFE_AUTOMATIC,validated no-match create,
,,Kozmetik ve Kişisel Bakım › Cilt Bakımı › Yüz Bakımı › Peeling,CREATE_NEW,LOW,0,0,0,SAFE_AUTOMATIC,validated no-match create,
,,Kozmetik ve Kişisel Bakım › Cilt Bakımı › Yüz Bakımı › Yüz Maskesi,CREATE_NEW,LOW,0,0,0,SAFE_AUTOMATIC,validated no-match create,
,,Kozmetik ve Kişisel Bakım › Cilt Bakımı › Yüz Bakımı › Güneş Kremi,CREATE_NEW,LOW,0,0,0,SAFE_AUTOMATIC,validated no-match create,
,,Kozmetik ve Kişisel Bakım › Cilt Bakımı › Vücut Bakımı,CREATE_NEW,LOW,0,0,0,SAFE_AUTOMATIC,validated no-match create,
,,Kozmetik ve Kişisel Bakım › Cilt Bakımı › Vücut Bakımı › Vücut Losyonu,CREATE_NEW,LOW,0,0,0,SAFE_AUTOMATIC,validated no-match create,
,,Kozmetik ve Kişisel Bakım › Cilt Bakımı › Vücut Bakımı › Vücut Peelingi,CREATE_NEW,LOW,0,0,0,SAFE_AUTOMATIC,validated no-match create,
,,Kozmetik ve Kişisel Bakım › Cilt Bakımı › Vücut Bakımı › El Kremi,CREATE_NEW,LOW,0,0,0,SAFE_AUTOMATIC,validated no-match create,
,,Kozmetik ve Kişisel Bakım › Cilt Bakımı › Vücut Bakımı › Ayak Bakımı,CREATE_NEW,LOW,0,0,0,SAFE_AUTOMATIC,validated no-match create,
,,Kozmetik ve Kişisel Bakım › Cilt Bakımı › Vücut Bakımı › Selülit Ürünü,CREATE_NEW,LOW,0,0,0,SAFE_AUTOMATIC,validated no-match create,
,,Kozmetik ve Kişisel Bakım › Saç Bakımı,CREATE_NEW,LOW,0,0,0,SAFE_AUTOMATIC,validated no-match create,
,,Kozmetik ve Kişisel Bakım › Saç Bakımı › Saç Ürünleri,CREATE_NEW,LOW,0,0,0,SAFE_AUTOMATIC,validated no-match create,
,,Kozmetik ve Kişisel Bakım › Saç Bakımı › Saç Ürünleri › Şampuan,CREATE_NEW,LOW,0,0,0,SAFE_AUTOMATIC,validated no-match create,
,,Kozmetik ve Kişisel Bakım › Saç Bakımı › Saç Ürünleri › Saç Kremi,CREATE_NEW,LOW,0,0,0,SAFE_AUTOMATIC,validated no-match create,
,,Kozmetik ve Kişisel Bakım › Saç Bakımı › Saç Ürünleri › Saç Maskesi,CREATE_NEW,LOW,0,0,0,SAFE_AUTOMATIC,validated no-match create,
,,Kozmetik ve Kişisel Bakım › Saç Bakımı › Saç Ürünleri › Saç Serumu,CREATE_NEW,LOW,0,0,0,SAFE_AUTOMATIC,validated no-match create,
,,Kozmetik ve Kişisel Bakım › Saç Bakımı › Saç Ürünleri › Saç Yağı,CREATE_NEW,LOW,0,0,0,SAFE_AUTOMATIC,validated no-match create,
,,Kozmetik ve Kişisel Bakım › Saç Bakımı › Saç Ürünleri › Saç Boyası,CREATE_NEW,LOW,0,0,0,SAFE_AUTOMATIC,validated no-match create,
,,Kozmetik ve Kişisel Bakım › Saç Bakımı › Saç Ürünleri › Şekillendirici,CREATE_NEW,LOW,0,0,0,SAFE_AUTOMATIC,validated no-match create,
,,Kozmetik ve Kişisel Bakım › Saç Bakımı › Saç Şekillendirme Cihazları,CREATE_NEW,LOW,0,0,0,SAFE_AUTOMATIC,validated no-match create,
,,Kozmetik ve Kişisel Bakım › Saç Bakımı › Saç Şekillendirme Cihazları › Saç Kurutma Makinesi,CREATE_NEW,LOW,0,0,0,MANUAL_APPROVAL,create blocked — MEDIUM db match,
,,Kozmetik ve Kişisel Bakım › Saç Bakımı › Saç Şekillendirme Cihazları › Saç Düzleştirici,CREATE_NEW,LOW,0,0,0,SAFE_AUTOMATIC,validated no-match create,
,,Kozmetik ve Kişisel Bakım › Saç Bakımı › Saç Şekillendirme Cihazları › Saç Maşası,CREATE_NEW,LOW,0,0,0,SAFE_AUTOMATIC,validated no-match create,
,,Kozmetik ve Kişisel Bakım › Saç Bakımı › Saç Şekillendirme Cihazları › Saç Şekillendirme Seti,CREATE_NEW,LOW,0,0,0,SAFE_AUTOMATIC,validated no-match create,
,,Kozmetik ve Kişisel Bakım › Saç Bakımı › Saç Şekillendirme Cihazları › Elektrikli Saç Fırçası,CREATE_NEW,LOW,0,0,0,SAFE_AUTOMATIC,validated no-match create,
cmsg3xhyf00ctuzdcm9bwb7zp,Makyaj,Kozmetik ve Kişisel Bakım › Makyaj,MOVE,LOW,0,0,0,SAFE_AUTOMATIC,empty move preserve id,move from parent 'Kişisel Bakım & Kozmetik' → 'Kozmetik ve Kişisel Bakım'
,,Kozmetik ve Kişisel Bakım › Makyaj › Ten Makyajı,CREATE_NEW,LOW,0,0,0,SAFE_AUTOMATIC,validated no-match create,
,,Kozmetik ve Kişisel Bakım › Makyaj › Ten Makyajı › Fondöten,CREATE_NEW,LOW,0,0,0,SAFE_AUTOMATIC,validated no-match create,
,,Kozmetik ve Kişisel Bakım › Makyaj › Ten Makyajı › BB-CC Krem,CREATE_NEW,LOW,0,0,0,SAFE_AUTOMATIC,validated no-match create,
,,Kozmetik ve Kişisel Bakım › Makyaj › Ten Makyajı › Kapatıcı,CREATE_NEW,LOW,0,0,0,SAFE_AUTOMATIC,validated no-match create,
,,Kozmetik ve Kişisel Bakım › Makyaj › Ten Makyajı › Pudra,CREATE_NEW,LOW,0,0,0,SAFE_AUTOMATIC,validated no-match create,
,,Kozmetik ve Kişisel Bakım › Makyaj › Ten Makyajı › Allık,CREATE_NEW,LOW,0,0,0,SAFE_AUTOMATIC,validated no-match create,
,,Kozmetik ve Kişisel Bakım › Makyaj › Ten Makyajı › Bronzer,CREATE_NEW,LOW,0,0,0,SAFE_AUTOMATIC,validated no-match create,
,,Kozmetik ve Kişisel Bakım › Makyaj › Ten Makyajı › Aydınlatıcı,CREATE_NEW,LOW,0,0,0,SAFE_AUTOMATIC,validated no-match create,
,,Kozmetik ve Kişisel Bakım › Makyaj › Göz Makyajı,CREATE_NEW,LOW,0,0,0,SAFE_AUTOMATIC,validated no-match create,
,,Kozmetik ve Kişisel Bakım › Makyaj › Göz Makyajı › Maskara,CREATE_NEW,LOW,0,0,0,SAFE_AUTOMATIC,validated no-match create,
,,Kozmetik ve Kişisel Bakım › Makyaj › Göz Makyajı › Eyeliner,CREATE_NEW,LOW,0,0,0,SAFE_AUTOMATIC,validated no-match create,
,,Kozmetik ve Kişisel Bakım › Makyaj › Göz Makyajı › Göz Kalemi,CREATE_NEW,LOW,0,0,0,SAFE_AUTOMATIC,validated no-match create,
,,Kozmetik ve Kişisel Bakım › Makyaj › Göz Makyajı › Far,CREATE_NEW,LOW,0,0,0,SAFE_AUTOMATIC,validated no-match create,
,,Kozmetik ve Kişisel Bakım › Makyaj › Göz Makyajı › Kaş Ürünü,CREATE_NEW,LOW,0,0,0,SAFE_AUTOMATIC,validated no-match create,
,,Kozmetik ve Kişisel Bakım › Makyaj › Göz Makyajı › Takma Kirpik,CREATE_NEW,LOW,0,0,0,SAFE_AUTOMATIC,validated no-match create,
,,Kozmetik ve Kişisel Bakım › Makyaj › Dudak,CREATE_NEW,LOW,0,0,0,SAFE_AUTOMATIC,validated no-match create,
,,Kozmetik ve Kişisel Bakım › Makyaj › Dudak › Ruj,CREATE_NEW,LOW,0,0,0,SAFE_AUTOMATIC,validated no-match create,
,,Kozmetik ve Kişisel Bakım › Makyaj › Dudak › Dudak Parlatıcısı,CREATE_NEW,LOW,0,0,0,SAFE_AUTOMATIC,validated no-match create,
,,Kozmetik ve Kişisel Bakım › Makyaj › Dudak › Dudak Kalemi,CREATE_NEW,LOW,0,0,0,SAFE_AUTOMATIC,validated no-match create,
,,Kozmetik ve Kişisel Bakım › Makyaj › Dudak › Dudak Balmı,CREATE_NEW,LOW,0,0,0,SAFE_AUTOMATIC,validated no-match create,
,,Kozmetik ve Kişisel Bakım › Makyaj › Makyaj Aksesuarı,CREATE_NEW,LOW,0,0,0,SAFE_WITH_TRANSACTION,create needs batch review,
,,Kozmetik ve Kişisel Bakım › Makyaj › Makyaj Aksesuarı › Makyaj Fırçası,CREATE_NEW,LOW,0,0,0,SAFE_WITH_TRANSACTION,create needs batch review,
,,Kozmetik ve Kişisel Bakım › Makyaj › Makyaj Aksesuarı › Makyaj Süngeri,CREATE_NEW,LOW,0,0,0,SAFE_WITH_TRANSACTION,create needs batch review,
,,Kozmetik ve Kişisel Bakım › Makyaj › Makyaj Aksesuarı › Makyaj Aynası,CREATE_NEW,LOW,0,0,0,SAFE_WITH_TRANSACTION,create needs batch review,
,,Kozmetik ve Kişisel Bakım › Makyaj › Makyaj Aksesuarı › Makyaj Çantası,CREATE_NEW,LOW,0,0,0,SAFE_WITH_TRANSACTION,create needs batch review,
,,Kozmetik ve Kişisel Bakım › Parfüm ve Deodorant,CREATE_NEW,LOW,0,0,0,SAFE_AUTOMATIC,validated no-match create,
cmsg3xhz400cxuzdciifr9h0d,Parfüm,Kozmetik ve Kişisel Bakım › Parfüm ve Deodorant › Parfüm,MOVE,LOW,0,0,0,SAFE_AUTOMATIC,empty move preserve id,move from parent 'Kişisel Bakım & Kozmetik' → 'Parfüm ve Deodorant'
,,Kozmetik ve Kişisel Bakım › Parfüm ve Deodorant › Parfüm › Kadın Parfümü,CREATE_NEW,LOW,0,0,0,SAFE_WITH_TRANSACTION,create needs batch review,
,,Kozmetik ve Kişisel Bakım › Parfüm ve Deodorant › Parfüm › Erkek Parfümü,CREATE_NEW,LOW,0,0,0,SAFE_WITH_TRANSACTION,create needs batch review,
,,Kozmetik ve Kişisel Bakım › Parfüm ve Deodorant › Parfüm › Unisex Parfüm,CREATE_NEW,LOW,0,0,0,SAFE_WITH_TRANSACTION,create needs batch review,
,,Kozmetik ve Kişisel Bakım › Parfüm ve Deodorant › Parfüm › Çocuk Parfümü,CREATE_NEW,LOW,0,0,0,SAFE_AUTOMATIC,validated no-match create,
,,Kozmetik ve Kişisel Bakım › Parfüm ve Deodorant › Parfüm › Vücut Spreyi,CREATE_NEW,LOW,0,0,0,SAFE_AUTOMATIC,validated no-match create,
,,Kozmetik ve Kişisel Bakım › Parfüm ve Deodorant › Deodorant,CREATE_NEW,LOW,0,0,0,SAFE_AUTOMATIC,validated no-match create,
,,Kozmetik ve Kişisel Bakım › Parfüm ve Deodorant › Deodorant › Roll-On,CREATE_NEW,LOW,0,0,0,SAFE_AUTOMATIC,validated no-match create,
,,Kozmetik ve Kişisel Bakım › Parfüm ve Deodorant › Deodorant › Sprey Deodorant,CREATE_NEW,LOW,0,0,0,SAFE_AUTOMATIC,validated no-match create,
,,Kozmetik ve Kişisel Bakım › Parfüm ve Deodorant › Deodorant › Stick Deodorant,CREATE_NEW,LOW,0,0,0,SAFE_AUTOMATIC,validated no-match create,
,,Kozmetik ve Kişisel Bakım › Kişisel Bakım Cihazları,CREATE_NEW,LOW,0,0,0,SAFE_WITH_TRANSACTION,create needs batch review,
,,Kozmetik ve Kişisel Bakım › Kişisel Bakım Cihazları › Tıraş,CREATE_NEW,LOW,0,0,0,MANUAL_APPROVAL,create blocked — MEDIUM db match,
,,Kozmetik ve Kişisel Bakım › Kişisel Bakım Cihazları › Tıraş › Tıraş Makinesi,CREATE_NEW,LOW,0,0,0,SAFE_AUTOMATIC,validated no-match create,
,,Kozmetik ve Kişisel Bakım › Kişisel Bakım Cihazları › Tıraş › Sakal Şekillendirici,CREATE_NEW,LOW,0,0,0,SAFE_AUTOMATIC,validated no-match create,
,,Kozmetik ve Kişisel Bakım › Kişisel Bakım Cihazları › Tıraş › Burun-Kulak Kılı Kesici,CREATE_NEW,LOW,0,0,0,SAFE_AUTOMATIC,validated no-match create,
,,Kozmetik ve Kişisel Bakım › Kişisel Bakım Cihazları › Tıraş › Tıraş Bıçağı,CREATE_NEW,LOW,0,0,0,SAFE_AUTOMATIC,validated no-match create,
,,Kozmetik ve Kişisel Bakım › Kişisel Bakım Cihazları › Ağız Bakımı,CREATE_NEW,LOW,0,0,0,SAFE_AUTOMATIC,validated no-match create,
,,Kozmetik ve Kişisel Bakım › Kişisel Bakım Cihazları › Ağız Bakımı › Elektrikli Diş Fırçası,CREATE_NEW,LOW,0,0,0,SAFE_AUTOMATIC,validated no-match create,
,,Kozmetik ve Kişisel Bakım › Kişisel Bakım Cihazları › Ağız Bakımı › Ağız Duşu,CREATE_NEW,LOW,0,0,0,SAFE_AUTOMATIC,validated no-match create,
,,Kozmetik ve Kişisel Bakım › Kişisel Bakım Cihazları › Ağız Bakımı › Diş Beyazlatma Cihazı,CREATE_NEW,LOW,0,0,0,SAFE_AUTOMATIC,validated no-match create,
,,Kozmetik ve Kişisel Bakım › Kişisel Bakım Cihazları › Epilasyon,CREATE_NEW,LOW,0,0,0,MANUAL_APPROVAL,create blocked — MEDIUM db match,
,,Kozmetik ve Kişisel Bakım › Kişisel Bakım Cihazları › Epilasyon › Epilatör,CREATE_NEW,LOW,0,0,0,SAFE_AUTOMATIC,validated no-match create,
,,Kozmetik ve Kişisel Bakım › Kişisel Bakım Cihazları › Epilasyon › IPL Lazer Epilasyon,CREATE_NEW,LOW,0,0,0,SAFE_AUTOMATIC,validated no-match create,
,,Kozmetik ve Kişisel Bakım › Kişisel Bakım Cihazları › Epilasyon › Kadın Tıraş Makinesi,CREATE_NEW,LOW,0,0,0,SAFE_AUTOMATIC,validated no-match create,
,,Kozmetik ve Kişisel Bakım › Kişisel Bakım Cihazları › Masaj ve Sağlık,CREATE_NEW,LOW,0,0,0,SAFE_AUTOMATIC,validated no-match create,
,,Kozmetik ve Kişisel Bakım › Kişisel Bakım Cihazları › Masaj ve Sağlık › Masaj Aleti,CREATE_NEW,LOW,0,0,0,SAFE_AUTOMATIC,validated no-match create,
,,Kozmetik ve Kişisel Bakım › Kişisel Bakım Cihazları › Masaj ve Sağlık › Tartı,CREATE_NEW,LOW,0,0,0,SAFE_AUTOMATIC,validated no-match create,
,,Kozmetik ve Kişisel Bakım › Kişisel Bakım Cihazları › Masaj ve Sağlık › Tansiyon Aleti,CREATE_NEW,LOW,0,0,0,SAFE_AUTOMATIC,validated no-match create,
,,Kozmetik ve Kişisel Bakım › Kişisel Bakım Cihazları › Masaj ve Sağlık › Ateş Ölçer,CREATE_NEW,LOW,0,0,0,SAFE_AUTOMATIC,validated no-match create,
,,Kozmetik ve Kişisel Bakım › Kişisel Bakım Cihazları › Masaj ve Sağlık › Nebulizatör,CREATE_NEW,LOW,0,0,0,SAFE_AUTOMATIC,validated no-match create,
cmsg4wpda002tuzxws7iqvlb3,Spor ve Outdoor,Spor ve Outdoor,KEEP,LOW,0,0,0,SAFE_AUTOMATIC,exact keep,
,,Spor ve Outdoor › Fitness,CREATE_NEW,LOW,0,0,0,MANUAL_APPROVAL,create blocked — MEDIUM db match,
,,Spor ve Outdoor › Fitness › Kardiyo,CREATE_NEW,LOW,0,0,0,SAFE_AUTOMATIC,validated no-match create,
,,Spor ve Outdoor › Fitness › Kardiyo › Koşu Bandı,CREATE_NEW,LOW,0,0,0,SAFE_AUTOMATIC,validated no-match create,
,,Spor ve Outdoor › Fitness › Kardiyo › Eliptik Bisiklet,CREATE_NEW,LOW,0,0,0,SAFE_WITH_TRANSACTION,create needs batch review,
,,Spor ve Outdoor › Fitness › Kardiyo › Kondisyon Bisikleti,CREATE_NEW,LOW,0,0,0,SAFE_AUTOMATIC,validated no-match create,
,,Spor ve Outdoor › Fitness › Kardiyo › Kürek Aleti,CREATE_NEW,LOW,0,0,0,SAFE_AUTOMATIC,validated no-match create,
,,Spor ve Outdoor › Fitness › Kardiyo › Stepper,CREATE_NEW,LOW,0,0,0,SAFE_AUTOMATIC,validated no-match create,
,,Spor ve Outdoor › Fitness › Ağırlık,CREATE_NEW,LOW,0,0,0,SAFE_AUTOMATIC,validated no-match create,
,,Spor ve Outdoor › Fitness › Ağırlık › Dambıl,CREATE_NEW,LOW,0,0,0,SAFE_AUTOMATIC,validated no-match create,
,,Spor ve Outdoor › Fitness › Ağırlık › Halter,CREATE_NEW,LOW,0,0,0,SAFE_AUTOMATIC,validated no-match create,
,,Spor ve Outdoor › Fitness › Ağırlık › Ağırlık Seti,CREATE_NEW,LOW,0,0,0,SAFE_AUTOMATIC,validated no-match create,
,,Spor ve Outdoor › Fitness › Ağırlık › Bench Sehpası,CREATE_NEW,LOW,0,0,0,SAFE_AUTOMATIC,validated no-match create,
,,Spor ve Outdoor › Fitness › Ağırlık › Kettlebell,CREATE_NEW,LOW,0,0,0,SAFE_AUTOMATIC,validated no-match create,
,,Spor ve Outdoor › Fitness › Ağırlık › Direnç Lastiği,CREATE_NEW,LOW,0,0,0,SAFE_AUTOMATIC,validated no-match create,
,,Spor ve Outdoor › Fitness › Yoga ve Pilates,CREATE_NEW,LOW,0,0,0,SAFE_AUTOMATIC,validated no-match create,
,,Spor ve Outdoor › Fitness › Yoga ve Pilates › Yoga Matı,CREATE_NEW,LOW,0,0,0,SAFE_AUTOMATIC,validated no-match create,
,,Spor ve Outdoor › Fitness › Yoga ve Pilates › Pilates Topu,CREATE_NEW,LOW,0,0,0,SAFE_AUTOMATIC,validated no-match create,
,,Spor ve Outdoor › Fitness › Yoga ve Pilates › Pilates Çemberi,CREATE_NEW,LOW,0,0,0,SAFE_AUTOMATIC,validated no-match create,
,,Spor ve Outdoor › Fitness › Yoga ve Pilates › Yoga Bloğu,CREATE_NEW,LOW,0,0,0,SAFE_AUTOMATIC,validated no-match create,
,,Spor ve Outdoor › Fitness › Yoga ve Pilates › Foam Roller,CREATE_NEW,LOW,0,0,0,SAFE_AUTOMATIC,validated no-match create,
,,Spor ve Outdoor › Takım Sporları,CREATE_NEW,LOW,0,0,0,SAFE_AUTOMATIC,validated no-match create,
cmsg3xijk00gruzdc70u0ibf8,Futbol,Spor ve Outdoor › Takım Sporları › Futbol,MOVE,LOW,0,0,0,SAFE_AUTOMATIC,empty move preserve id,move from parent 'Spor & Outdoor' → 'Takım Sporları'
,,Spor ve Outdoor › Takım Sporları › Futbol › Futbol Topu,CREATE_NEW,LOW,0,0,0,SAFE_WITH_TRANSACTION,create needs batch review,
,,Spor ve Outdoor › Takım Sporları › Futbol › Krampon,CREATE_NEW,LOW,0,0,0,SAFE_AUTOMATIC,validated no-match create,
,,Spor ve Outdoor › Takım Sporları › Futbol › Kaleci Eldiveni,CREATE_NEW,LOW,0,0,0,SAFE_AUTOMATIC,validated no-match create,
,,Spor ve Outdoor › Takım Sporları › Futbol › Futbol Kalesi,CREATE_NEW,LOW,0,0,0,SAFE_WITH_TRANSACTION,create needs batch review,
,,Spor ve Outdoor › Takım Sporları › Futbol › Antrenman Ekipmanı,CREATE_NEW,LOW,0,0,0,SAFE_AUTOMATIC,validated no-match create,
cmsg3xijs00gtuzdc299sspws,Basketbol,Spor ve Outdoor › Takım Sporları › Basketbol,MOVE,LOW,0,0,0,SAFE_AUTOMATIC,empty move preserve id,move from parent 'Spor & Outdoor' → 'Takım Sporları'
,,Spor ve Outdoor › Takım Sporları › Basketbol › Basketbol Topu,CREATE_NEW,LOW,0,0,0,SAFE_WITH_TRANSACTION,create needs batch review,
,,Spor ve Outdoor › Takım Sporları › Basketbol › Basketbol Potası,CREATE_NEW,LOW,0,0,0,SAFE_WITH_TRANSACTION,create needs batch review,
,,Spor ve Outdoor › Takım Sporları › Basketbol › Basketbol Ayakkabısı,CREATE_NEW,LOW,0,0,0,SAFE_WITH_TRANSACTION,create needs batch review,
,,Spor ve Outdoor › Takım Sporları › Voleybol,CREATE_NEW,LOW,0,0,0,SAFE_AUTOMATIC,validated no-match create,
,,Spor ve Outdoor › Takım Sporları › Voleybol › Voleybol Topu,CREATE_NEW,LOW,0,0,0,SAFE_AUTOMATIC,validated no-match create,
,,Spor ve Outdoor › Takım Sporları › Voleybol › Voleybol Filesi,CREATE_NEW,LOW,0,0,0,SAFE_AUTOMATIC,validated no-match create,
,,Spor ve Outdoor › Takım Sporları › Voleybol › Dizlik,CREATE_NEW,LOW,0,0,0,SAFE_AUTOMATIC,validated no-match create,
,,Spor ve Outdoor › Takım Sporları › Raket Sporları,CREATE_NEW,LOW,0,0,0,SAFE_AUTOMATIC,validated no-match create,
,,Spor ve Outdoor › Takım Sporları › Raket Sporları › Tenis Raketi,CREATE_NEW,LOW,0,0,0,SAFE_AUTOMATIC,validated no-match create,
,,Spor ve Outdoor › Takım Sporları › Raket Sporları › Tenis Topu,CREATE_NEW,LOW,0,0,0,SAFE_AUTOMATIC,validated no-match create,
,,Spor ve Outdoor › Takım Sporları › Raket Sporları › Masa Tenisi Raketi,CREATE_NEW,LOW,0,0,0,SAFE_WITH_TRANSACTION,create needs batch review,
,,Spor ve Outdoor › Takım Sporları › Raket Sporları › Badminton Raketi,CREATE_NEW,LOW,0,0,0,SAFE_AUTOMATIC,validated no-match create,
,,Spor ve Outdoor › Takım Sporları › Raket Sporları › Padel Raketi,CREATE_NEW,LOW,0,0,0,SAFE_AUTOMATIC,validated no-match create,
,,Spor ve Outdoor › Outdoor ve Kamp,CREATE_NEW,LOW,0,0,0,MANUAL_APPROVAL,create blocked — HIGH db match,
,,Spor ve Outdoor › Outdoor ve Kamp › Kamp,CREATE_NEW,LOW,0,0,0,MANUAL_APPROVAL,create blocked — MEDIUM db match,
,,Spor ve Outdoor › Outdoor ve Kamp › Kamp › Çadır,CREATE_NEW,LOW,0,0,0,SAFE_AUTOMATIC,validated no-match create,
,,Spor ve Outdoor › Outdoor ve Kamp › Kamp › Uyku Tulumu,CREATE_NEW,LOW,0,0,0,SAFE_AUTOMATIC,validated no-match create,
,,Spor ve Outdoor › Outdoor ve Kamp › Kamp › Kamp Matı,CREATE_NEW,LOW,0,0,0,SAFE_AUTOMATIC,validated no-match create,
,,Spor ve Outdoor › Outdoor ve Kamp › Kamp › Kamp Sandalyesi,CREATE_NEW,LOW,0,0,0,SAFE_AUTOMATIC,validated no-match create,
,,Spor ve Outdoor › Outdoor ve Kamp › Kamp › Kamp Masası,CREATE_NEW,LOW,0,0,0,SAFE_AUTOMATIC,validated no-match create,
,,Spor ve Outdoor › Outdoor ve Kamp › Kamp › Kamp Ocağı,CREATE_NEW,LOW,0,0,0,SAFE_AUTOMATIC,validated no-match create,
,,Spor ve Outdoor › Outdoor ve Kamp › Kamp › Kamp Lambası,CREATE_NEW,LOW,0,0,0,SAFE_AUTOMATIC,validated no-match create,
,,Spor ve Outdoor › Outdoor ve Kamp › Dağcılık,CREATE_NEW,LOW,0,0,0,SAFE_AUTOMATIC,validated no-match create,
,,Spor ve Outdoor › Outdoor ve Kamp › Dağcılık › Dağcılık Çantası,CREATE_NEW,LOW,0,0,0,SAFE_AUTOMATIC,validated no-match create,
,,Spor ve Outdoor › Outdoor ve Kamp › Dağcılık › Trekking Baton,CREATE_NEW,LOW,0,0,0,SAFE_AUTOMATIC,validated no-match create,
,,Spor ve Outdoor › Outdoor ve Kamp › Dağcılık › Kask,CREATE_NEW,LOW,0,0,0,SAFE_AUTOMATIC,validated no-match create,
,,Spor ve Outdoor › Outdoor ve Kamp › Dağcılık › Karabina,CREATE_NEW,LOW,0,0,0,SAFE_AUTOMATIC,validated no-match create,
,,Spor ve Outdoor › Outdoor ve Kamp › Dağcılık › Tırmanış İpi,CREATE_NEW,LOW,0,0,0,SAFE_AUTOMATIC,validated no-match create,
,,Spor ve Outdoor › Outdoor ve Kamp › Dağcılık › Emniyet Kemeri,CREATE_NEW,LOW,0,0,0,SAFE_AUTOMATIC,validated no-match create,
,,Spor ve Outdoor › Outdoor ve Kamp › Outdoor Giyim,CREATE_NEW,LOW,0,0,0,SAFE_AUTOMATIC,validated no-match create,
,,Spor ve Outdoor › Outdoor ve Kamp › Outdoor Giyim › Outdoor Mont,CREATE_NEW,LOW,0,0,0,SAFE_AUTOMATIC,validated no-match create,
,,Spor ve Outdoor › Outdoor ve Kamp › Outdoor Giyim › Termal İçlik,CREATE_NEW,LOW,0,0,0,SAFE_AUTOMATIC,validated no-match create,
,,Spor ve Outdoor › Outdoor ve Kamp › Outdoor Giyim › Yağmurluk,CREATE_NEW,LOW,0,0,0,SAFE_AUTOMATIC,validated no-match create,
,,Spor ve Outdoor › Outdoor ve Kamp › Outdoor Giyim › Outdoor Pantolon,CREATE_NEW,LOW,0,0,0,SAFE_AUTOMATIC,validated no-match create,
,,Spor ve Outdoor › Outdoor ve Kamp › Outdoor Giyim › Trekking Ayakkabısı,CREATE_NEW,LOW,0,0,0,SAFE_AUTOMATIC,validated no-match create,
cmsg3xik700gxuzdc4uc0nq6j,Su Sporları,Spor ve Outdoor › Outdoor ve Kamp › Su Sporları,MOVE,LOW,0,0,0,SAFE_AUTOMATIC,empty move preserve id,move from parent 'Spor & Outdoor' → 'Outdoor ve Kamp'
,,Spor ve Outdoor › Outdoor ve Kamp › Su Sporları › Şişme Bot,CREATE_NEW,LOW,0,0,0,SAFE_AUTOMATIC,validated no-match create,
,,Spor ve Outdoor › Outdoor ve Kamp › Su Sporları › Kano,CREATE_NEW,LOW,0,0,0,SAFE_AUTOMATIC,validated no-match create,
,,Spor ve Outdoor › Outdoor ve Kamp › Su Sporları › SUP Board,CREATE_NEW,LOW,0,0,0,SAFE_AUTOMATIC,validated no-match create,
,,Spor ve Outdoor › Outdoor ve Kamp › Su Sporları › Dalış Maskesi,CREATE_NEW,LOW,0,0,0,SAFE_AUTOMATIC,validated no-match create,
,,Spor ve Outdoor › Outdoor ve Kamp › Su Sporları › Palet,CREATE_NEW,LOW,0,0,0,SAFE_AUTOMATIC,validated no-match create,
,,Spor ve Outdoor › Outdoor ve Kamp › Su Sporları › Can Yeleği,CREATE_NEW,LOW,0,0,0,SAFE_AUTOMATIC,validated no-match create,
cmsg3xiiv00gluzdc8ux07pzg,Bisiklet,Spor ve Outdoor › Bisiklet,KEEP,LOW,0,0,0,SAFE_AUTOMATIC,exact keep,
,,Spor ve Outdoor › Bisiklet › Bisiklet Türleri,CREATE_NEW,LOW,0,0,0,SAFE_WITH_TRANSACTION,create needs batch review,
,,Spor ve Outdoor › Bisiklet › Bisiklet Türleri › Dağ Bisikleti,CREATE_NEW,LOW,0,0,0,SAFE_AUTOMATIC,validated no-match create,
,,Spor ve Outdoor › Bisiklet › Bisiklet Türleri › Şehir Bisikleti,CREATE_NEW,LOW,0,0,0,SAFE_AUTOMATIC,validated no-match create,
,,Spor ve Outdoor › Bisiklet › Bisiklet Türleri › Yol Bisikleti,CREATE_NEW,LOW,0,0,0,SAFE_AUTOMATIC,validated no-match create,
,,Spor ve Outdoor › Bisiklet › Bisiklet Türleri › Elektrikli Bisiklet,CREATE_NEW,LOW,0,0,0,SAFE_WITH_TRANSACTION,create needs batch review,
,,Spor ve Outdoor › Bisiklet › Bisiklet Türleri › Katlanır Bisiklet,CREATE_NEW,LOW,0,0,0,SAFE_WITH_TRANSACTION,create needs batch review,
,,Spor ve Outdoor › Bisiklet › Bisiklet Türleri › BMX,CREATE_NEW,LOW,0,0,0,SAFE_AUTOMATIC,validated no-match create,
,,Spor ve Outdoor › Bisiklet › Bisiklet Türleri › Çocuk Bisikleti,CREATE_NEW,LOW,0,0,0,SAFE_AUTOMATIC,validated no-match create,
,,Spor ve Outdoor › Bisiklet › Bisiklet Parça ve Aksesuar,CREATE_NEW,LOW,0,0,0,SAFE_WITH_TRANSACTION,create needs batch review,
,,Spor ve Outdoor › Bisiklet › Bisiklet Parça ve Aksesuar › Bisiklet Kaskı,CREATE_NEW,LOW,0,0,0,SAFE_WITH_TRANSACTION,create needs batch review,
,,Spor ve Outdoor › Bisiklet › Bisiklet Parça ve Aksesuar › Bisiklet Kilidi,CREATE_NEW,LOW,0,0,0,SAFE_WITH_TRANSACTION,create needs batch review,
cmsg3xi9a00eluzdc6kwo0dqz,Aydınlatma,Spor ve Outdoor › Bisiklet › Bisiklet Parça ve Aksesuar › Aydınlatma,MOVE,LOW,0,0,0,SAFE_AUTOMATIC,empty move preserve id,move from parent 'Ev Dekorasyon & Mobilya' → 'Bisiklet Parça ve Aksesuar'
cmsg3xkit00oduzdc2ftrweth,Pompa,Spor ve Outdoor › Bisiklet › Bisiklet Parça ve Aksesuar › Pompa,MOVE,LOW,0,0,0,SAFE_AUTOMATIC,empty move preserve id,move from parent 'Sanayi Makineleri' → 'Bisiklet Parça ve Aksesuar'
,,Spor ve Outdoor › Bisiklet › Bisiklet Parça ve Aksesuar › Sele,CREATE_NEW,LOW,0,0,0,SAFE_AUTOMATIC,validated no-match create,
,,Spor ve Outdoor › Bisiklet › Bisiklet Parça ve Aksesuar › Pedal,CREATE_NEW,LOW,0,0,0,SAFE_AUTOMATIC,validated no-match create,
,,Spor ve Outdoor › Bisiklet › Bisiklet Parça ve Aksesuar › Lastik,CREATE_NEW,LOW,0,0,0,SAFE_AUTOMATIC,validated no-match create,
,,Spor ve Outdoor › Bisiklet › Bisiklet Parça ve Aksesuar › İç Lastik,CREATE_NEW,LOW,0,0,0,SAFE_AUTOMATIC,validated no-match create,
,,Spor ve Outdoor › Bisiklet › Bisiklet Parça ve Aksesuar › Çanta ve Heybe,CREATE_NEW,LOW,0,0,0,SAFE_WITH_TRANSACTION,create needs batch review,
,,Spor ve Outdoor › Bisiklet › Bisiklet Parça ve Aksesuar › Bisiklet Bilgisayarı,CREATE_NEW,LOW,0,0,0,SAFE_WITH_TRANSACTION,create needs batch review,
,,Hobi ve Oyun,CREATE_NEW,LOW,0,0,0,MANUAL_APPROVAL,create blocked — EXACT db match,
,,Hobi ve Oyun › Müzik Aletleri,CREATE_NEW,LOW,0,0,0,SAFE_WITH_TRANSACTION,create needs batch review,
,,Hobi ve Oyun › Müzik Aletleri › Telli Çalgılar,CREATE_NEW,LOW,0,0,0,SAFE_AUTOMATIC,validated no-match create,
cmsg3xiu100j1uzdcd07iktpn,Gitar,Hobi ve Oyun › Müzik Aletleri › Telli Çalgılar › Gitar,MOVE,LOW,0,0,0,SAFE_AUTOMATIC,empty move preserve id,move from parent 'Müzik' → 'Telli Çalgılar'
,,Hobi ve Oyun › Müzik Aletleri › Telli Çalgılar › Elektro Gitar,CREATE_NEW,LOW,0,0,0,SAFE_WITH_TRANSACTION,create needs batch review,
,,Hobi ve Oyun › Müzik Aletleri › Telli Çalgılar › Bas Gitar,CREATE_NEW,LOW,0,0,0,SAFE_WITH_TRANSACTION,create needs batch review,
,,Hobi ve Oyun › Müzik Aletleri › Telli Çalgılar › Ukulele,CREATE_NEW,LOW,0,0,0,SAFE_AUTOMATIC,validated no-match create,
,,Hobi ve Oyun › Müzik Aletleri › Telli Çalgılar › Bağlama,CREATE_NEW,LOW,0,0,0,SAFE_AUTOMATIC,validated no-match create,
,,Hobi ve Oyun › Müzik Aletleri › Telli Çalgılar › Keman,CREATE_NEW,LOW,0,0,0,SAFE_AUTOMATIC,validated no-match create,
,,Hobi ve Oyun › Müzik Aletleri › Tuşlu Çalgılar,CREATE_NEW,LOW,0,0,0,SAFE_AUTOMATIC,validated no-match create,
,,Hobi ve Oyun › Müzik Aletleri › Tuşlu Çalgılar › Dijital Piyano,CREATE_NEW,LOW,0,0,0,SAFE_AUTOMATIC,validated no-match create,
,,Hobi ve Oyun › Müzik Aletleri › Tuşlu Çalgılar › Org,CREATE_NEW,LOW,0,0,0,SAFE_AUTOMATIC,validated no-match create,
,,Hobi ve Oyun › Müzik Aletleri › Tuşlu Çalgılar › MIDI Klavye,CREATE_NEW,LOW,0,0,0,SAFE_AUTOMATIC,validated no-match create,
,,Hobi ve Oyun › Müzik Aletleri › Vurmalı Çalgılar,CREATE_NEW,LOW,0,0,0,SAFE_AUTOMATIC,validated no-match create,
,,Hobi ve Oyun › Müzik Aletleri › Vurmalı Çalgılar › Davul,CREATE_NEW,LOW,0,0,0,SAFE_AUTOMATIC,validated no-match create,
,,Hobi ve Oyun › Müzik Aletleri › Vurmalı Çalgılar › Elektronik Davul,CREATE_NEW,LOW,0,0,0,SAFE_WITH_TRANSACTION,create needs batch review,
,,Hobi ve Oyun › Müzik Aletleri › Vurmalı Çalgılar › Darbuka,CREATE_NEW,LOW,0,0,0,SAFE_AUTOMATIC,validated no-match create,
,,Hobi ve Oyun › Müzik Aletleri › Vurmalı Çalgılar › Cajon,CREATE_NEW,LOW,0,0,0,SAFE_AUTOMATIC,validated no-match create,
,,Hobi ve Oyun › Müzik Aletleri › Nefesli Çalgılar,CREATE_NEW,LOW,0,0,0,SAFE_AUTOMATIC,validated no-match create,
,,Hobi ve Oyun › Müzik Aletleri › Nefesli Çalgılar › Flüt,CREATE_NEW,LOW,0,0,0,SAFE_AUTOMATIC,validated no-match create,
,,Hobi ve Oyun › Müzik Aletleri › Nefesli Çalgılar › Klarnet,CREATE_NEW,LOW,0,0,0,SAFE_AUTOMATIC,validated no-match create,
,,Hobi ve Oyun › Müzik Aletleri › Nefesli Çalgılar › Saksafon,CREATE_NEW,LOW,0,0,0,SAFE_AUTOMATIC,validated no-match create,
,,Hobi ve Oyun › Müzik Aletleri › Nefesli Çalgılar › Trompet,CREATE_NEW,LOW,0,0,0,SAFE_AUTOMATIC,validated no-match create,
,,Hobi ve Oyun › Müzik Aletleri › Müzik Aksesuarları,CREATE_NEW,LOW,0,0,0,SAFE_WITH_TRANSACTION,create needs batch review,
,,Hobi ve Oyun › Müzik Aletleri › Müzik Aksesuarları › Amfi,CREATE_NEW,LOW,0,0,0,MANUAL_APPROVAL,create blocked — MEDIUM db match,
,,Hobi ve Oyun › Müzik Aletleri › Müzik Aksesuarları › Mikrofon,CREATE_NEW,LOW,0,0,0,SAFE_AUTOMATIC,validated no-match create,
,,Hobi ve Oyun › Müzik Aletleri › Müzik Aksesuarları › Nota Sehpası,CREATE_NEW,LOW,0,0,0,SAFE_AUTOMATIC,validated no-match create,
,,Hobi ve Oyun › Müzik Aletleri › Müzik Aksesuarları › Kılıf,CREATE_NEW,LOW,0,0,0,MANUAL_APPROVAL,create blocked — MEDIUM db match,
,,Hobi ve Oyun › Müzik Aletleri › Müzik Aksesuarları › Tel ve Pena,CREATE_NEW,LOW,0,0,0,SAFE_AUTOMATIC,validated no-match create,
,,Hobi ve Oyun › Hobi Malzemeleri,CREATE_NEW,LOW,0,0,0,SAFE_AUTOMATIC,validated no-match create,
,,Hobi ve Oyun › Hobi Malzemeleri › Resim,CREATE_NEW,LOW,0,0,0,SAFE_AUTOMATIC,validated no-match create,
,,Hobi ve Oyun › Hobi Malzemeleri › Resim › Tuval,CREATE_NEW,LOW,0,0,0,SAFE_AUTOMATIC,validated no-match create,
,,Hobi ve Oyun › Hobi Malzemeleri › Resim › Akrilik Boya,CREATE_NEW,LOW,0,0,0,SAFE_AUTOMATIC,validated no-match create,
,,Hobi ve Oyun › Hobi Malzemeleri › Resim › Yağlı Boya,CREATE_NEW,LOW,0,0,0,SAFE_AUTOMATIC,validated no-match create,
,,Hobi ve Oyun › Hobi Malzemeleri › Resim › Suluboya,CREATE_NEW,LOW,0,0,0,SAFE_AUTOMATIC,validated no-match create,
,,Hobi ve Oyun › Hobi Malzemeleri › Resim › Fırça,CREATE_NEW,LOW,0,0,0,SAFE_AUTOMATIC,validated no-match create,
,,Hobi ve Oyun › Hobi Malzemeleri › Resim › Şövale,CREATE_NEW,LOW,0,0,0,SAFE_AUTOMATIC,validated no-match create,
,,Hobi ve Oyun › Hobi Malzemeleri › El İşi,CREATE_NEW,LOW,0,0,0,SAFE_AUTOMATIC,validated no-match create,
,,Hobi ve Oyun › Hobi Malzemeleri › El İşi › Örgü İpi,CREATE_NEW,LOW,0,0,0,SAFE_AUTOMATIC,validated no-match create,
,,Hobi ve Oyun › Hobi Malzemeleri › El İşi › Şiş ve Tığ,CREATE_NEW,LOW,0,0,0,SAFE_AUTOMATIC,validated no-match create,
,,Hobi ve Oyun › Hobi Malzemeleri › El İşi › Dikiş Malzemesi,CREATE_NEW,LOW,0,0,0,SAFE_AUTOMATIC,validated no-match create,
,,Hobi ve Oyun › Hobi Malzemeleri › El İşi › Keçe,CREATE_NEW,LOW,0,0,0,SAFE_AUTOMATIC,validated no-match create,
,,Hobi ve Oyun › Hobi Malzemeleri › El İşi › Boncuk,CREATE_NEW,LOW,0,0,0,SAFE_AUTOMATIC,validated no-match create,
,,Hobi ve Oyun › Hobi Malzemeleri › El İşi › Takı Yapım Malzemesi,CREATE_NEW,LOW,0,0,0,SAFE_AUTOMATIC,validated no-match create,
,,Hobi ve Oyun › Hobi Malzemeleri › Maket ve Model,CREATE_NEW,LOW,0,0,0,SAFE_AUTOMATIC,validated no-match create,
,,Hobi ve Oyun › Hobi Malzemeleri › Maket ve Model › Maket Seti,CREATE_NEW,LOW,0,0,0,SAFE_AUTOMATIC,validated no-match create,
,,Hobi ve Oyun › Hobi Malzemeleri › Maket ve Model › Model Araba,CREATE_NEW,LOW,0,0,0,SAFE_AUTOMATIC,validated no-match create,
,,Hobi ve Oyun › Hobi Malzemeleri › Maket ve Model › Model Uçak,CREATE_NEW,LOW,0,0,0,SAFE_AUTOMATIC,validated no-match create,
,,Hobi ve Oyun › Hobi Malzemeleri › Maket ve Model › Diorama Malzemesi,CREATE_NEW,LOW,0,0,0,SAFE_AUTOMATIC,validated no-match create,
,,Hobi ve Oyun › Hobi Malzemeleri › Maket ve Model › 3D Puzzle,CREATE_NEW,LOW,0,0,0,SAFE_AUTOMATIC,validated no-match create,
,,Hobi ve Oyun › Oyun ve Eğlence,CREATE_NEW,LOW,0,0,0,SAFE_WITH_TRANSACTION,create needs batch review,
,,Hobi ve Oyun › Oyun ve Eğlence › Kutu Oyunları,CREATE_NEW,LOW,0,0,0,SAFE_AUTOMATIC,validated no-match create,
,,Hobi ve Oyun › Oyun ve Eğlence › Kutu Oyunları › Strateji Oyunu,CREATE_NEW,LOW,0,0,0,SAFE_AUTOMATIC,validated no-match create,
,,Hobi ve Oyun › Oyun ve Eğlence › Kutu Oyunları › Aile Oyunu,CREATE_NEW,LOW,0,0,0,SAFE_AUTOMATIC,validated no-match create,
,,Hobi ve Oyun › Oyun ve Eğlence › Kutu Oyunları › Parti Oyunu,CREATE_NEW,LOW,0,0,0,SAFE_AUTOMATIC,validated no-match create,
,,Hobi ve Oyun › Oyun ve Eğlence › Kutu Oyunları › Kart Oyunu,CREATE_NEW,LOW,0,0,0,SAFE_AUTOMATIC,validated no-match create,
,,Hobi ve Oyun › Oyun ve Eğlence › Kutu Oyunları › Satranç,CREATE_NEW,LOW,0,0,0,SAFE_AUTOMATIC,validated no-match create,
,,Hobi ve Oyun › Oyun ve Eğlence › Kutu Oyunları › Puzzle,CREATE_NEW,LOW,0,0,0,SAFE_AUTOMATIC,validated no-match create,
,,Hobi ve Oyun › Oyun ve Eğlence › Koleksiyon,CREATE_NEW,LOW,0,0,0,MANUAL_APPROVAL,create blocked — MEDIUM db match,
,,Hobi ve Oyun › Oyun ve Eğlence › Koleksiyon › Figür,CREATE_NEW,LOW,0,0,0,MANUAL_APPROVAL,create blocked — MEDIUM db match,
,,Hobi ve Oyun › Oyun ve Eğlence › Koleksiyon › Trading Card,CREATE_NEW,LOW,0,0,0,SAFE_AUTOMATIC,validated no-match create,
,,Hobi ve Oyun › Oyun ve Eğlence › Koleksiyon › Madeni Para,CREATE_NEW,LOW,0,0,0,SAFE_AUTOMATIC,validated no-match create,
,,Hobi ve Oyun › Oyun ve Eğlence › Koleksiyon › Pul,CREATE_NEW,LOW,0,0,0,SAFE_AUTOMATIC,validated no-match create,
,,Hobi ve Oyun › Oyun ve Eğlence › Koleksiyon › Koleksiyon Kutusu,CREATE_NEW,LOW,0,0,0,SAFE_AUTOMATIC,validated no-match create,
,,"Kitap, Kırtasiye ve Ofis",CREATE_NEW,LOW,0,0,0,MANUAL_APPROVAL,create blocked — EXACT db match,
cmsg3xiqk00ibuzdcpf5jo15q,Kitap,"Kitap, Kırtasiye ve Ofis › Kitap",MOVE,LOW,0,0,0,SAFE_AUTOMATIC,empty move preserve id,"move from parent 'Kitap, Dergi & Film' → 'Kitap, Kırtasiye ve Ofis'"
,,"Kitap, Kırtasiye ve Ofis › Kitap › Edebiyat",CREATE_NEW,LOW,0,0,0,SAFE_AUTOMATIC,validated no-match create,
,,"Kitap, Kırtasiye ve Ofis › Kitap › Edebiyat › Roman",CREATE_NEW,LOW,0,0,0,SAFE_AUTOMATIC,validated no-match create,
,,"Kitap, Kırtasiye ve Ofis › Kitap › Edebiyat › Öykü",CREATE_NEW,LOW,0,0,0,SAFE_AUTOMATIC,validated no-match create,
,,"Kitap, Kırtasiye ve Ofis › Kitap › Edebiyat › Şiir",CREATE_NEW,LOW,0,0,0,SAFE_AUTOMATIC,validated no-match create,
,,"Kitap, Kırtasiye ve Ofis › Kitap › Edebiyat › Deneme",CREATE_NEW,LOW,0,0,0,SAFE_AUTOMATIC,validated no-match create,
,,"Kitap, Kırtasiye ve Ofis › Kitap › Edebiyat › Biyografi",CREATE_NEW,LOW,0,0,0,SAFE_AUTOMATIC,validated no-match create,
,,"Kitap, Kırtasiye ve Ofis › Kitap › Çocuk Kitapları",CREATE_NEW,LOW,0,0,0,SAFE_AUTOMATIC,validated no-match create,
,,"Kitap, Kırtasiye ve Ofis › Kitap › Çocuk Kitapları › Resimli Kitap",CREATE_NEW,LOW,0,0,0,SAFE_WITH_TRANSACTION,create needs batch review,
,,"Kitap, Kırtasiye ve Ofis › Kitap › Çocuk Kitapları › Masal",CREATE_NEW,LOW,0,0,0,SAFE_AUTOMATIC,validated no-match create,
,,"Kitap, Kırtasiye ve Ofis › Kitap › Çocuk Kitapları › Etkinlik Kitabı",CREATE_NEW,LOW,0,0,0,SAFE_AUTOMATIC,validated no-match create,
,,"Kitap, Kırtasiye ve Ofis › Kitap › Çocuk Kitapları › Gençlik Romanı",CREATE_NEW,LOW,0,0,0,SAFE_AUTOMATIC,validated no-match create,
,,"Kitap, Kırtasiye ve Ofis › Kitap › Eğitim",CREATE_NEW,LOW,0,0,0,SAFE_AUTOMATIC,validated no-match create,
,,"Kitap, Kırtasiye ve Ofis › Kitap › Eğitim › Sınav Hazırlık",CREATE_NEW,LOW,0,0,0,SAFE_AUTOMATIC,validated no-match create,
,,"Kitap, Kırtasiye ve Ofis › Kitap › Eğitim › Ders Kitabı",CREATE_NEW,LOW,0,0,0,MANUAL_APPROVAL,create blocked — MEDIUM db match,
,,"Kitap, Kırtasiye ve Ofis › Kitap › Eğitim › Yabancı Dil",CREATE_NEW,LOW,0,0,0,SAFE_AUTOMATIC,validated no-match create,
,,"Kitap, Kırtasiye ve Ofis › Kitap › Eğitim › Akademik Kitap",CREATE_NEW,LOW,0,0,0,SAFE_WITH_TRANSACTION,create needs batch review,
,,"Kitap, Kırtasiye ve Ofis › Kitap › Hobi ve Yaşam",CREATE_NEW,LOW,0,0,0,SAFE_WITH_TRANSACTION,create needs batch review,
,,"Kitap, Kırtasiye ve Ofis › Kitap › Hobi ve Yaşam › Yemek Kitabı",CREATE_NEW,LOW,0,0,0,SAFE_AUTOMATIC,validated no-match create,
,,"Kitap, Kırtasiye ve Ofis › Kitap › Hobi ve Yaşam › Kişisel Gelişim",CREATE_NEW,LOW,0,0,0,SAFE_AUTOMATIC,validated no-match create,
,,"Kitap, Kırtasiye ve Ofis › Kitap › Hobi ve Yaşam › Sanat",CREATE_NEW,LOW,0,0,0,MANUAL_APPROVAL,create blocked — MEDIUM db match,
,,"Kitap, Kırtasiye ve Ofis › Kitap › Hobi ve Yaşam › Seyahat",CREATE_NEW,LOW,0,0,0,SAFE_AUTOMATIC,validated no-match create,
,,"Kitap, Kırtasiye ve Ofis › Kitap › Hobi ve Yaşam › Sağlık",CREATE_NEW,LOW,0,0,0,SAFE_AUTOMATIC,validated no-match create,
cmsg3xixe00jpuzdc2dxbip56,Kırtasiye,"Kitap, Kırtasiye ve Ofis › Kırtasiye",MOVE,LOW,0,0,0,SAFE_AUTOMATIC,empty move preserve id,"move from parent 'Ofis & Kırtasiye' → 'Kitap, Kırtasiye ve Ofis'"
,,"Kitap, Kırtasiye ve Ofis › Kırtasiye › Yazı Gereçleri",CREATE_NEW,LOW,0,0,0,SAFE_AUTOMATIC,validated no-match create,
,,"Kitap, Kırtasiye ve Ofis › Kırtasiye › Yazı Gereçleri › Tükenmez Kalem",CREATE_NEW,LOW,0,0,0,SAFE_AUTOMATIC,validated no-match create,
,,"Kitap, Kırtasiye ve Ofis › Kırtasiye › Yazı Gereçleri › Dolma Kalem",CREATE_NEW,LOW,0,0,0,SAFE_AUTOMATIC,validated no-match create,
,,"Kitap, Kırtasiye ve Ofis › Kırtasiye › Yazı Gereçleri › Kurşun Kalem",CREATE_NEW,LOW,0,0,0,SAFE_AUTOMATIC,validated no-match create,
,,"Kitap, Kırtasiye ve Ofis › Kırtasiye › Yazı Gereçleri › Keçeli Kalem",CREATE_NEW,LOW,0,0,0,SAFE_AUTOMATIC,validated no-match create,
,,"Kitap, Kırtasiye ve Ofis › Kırtasiye › Yazı Gereçleri › Marker",CREATE_NEW,LOW,0,0,0,SAFE_AUTOMATIC,validated no-match create,
,,"Kitap, Kırtasiye ve Ofis › Kırtasiye › Yazı Gereçleri › Silgi",CREATE_NEW,LOW,0,0,0,SAFE_AUTOMATIC,validated no-match create,
,,"Kitap, Kırtasiye ve Ofis › Kırtasiye › Defter ve Kağıt",CREATE_NEW,LOW,0,0,0,SAFE_AUTOMATIC,validated no-match create,
,,"Kitap, Kırtasiye ve Ofis › Kırtasiye › Defter ve Kağıt › Defter",CREATE_NEW,LOW,0,0,0,SAFE_AUTOMATIC,validated no-match create,
,,"Kitap, Kırtasiye ve Ofis › Kırtasiye › Defter ve Kağıt › Ajanda",CREATE_NEW,LOW,0,0,0,SAFE_AUTOMATIC,validated no-match create,
,,"Kitap, Kırtasiye ve Ofis › Kırtasiye › Defter ve Kağıt › Fotokopi Kağıdı",CREATE_NEW,LOW,0,0,0,SAFE_AUTOMATIC,validated no-match create,
,,"Kitap, Kırtasiye ve Ofis › Kırtasiye › Defter ve Kağıt › Not Kağıdı",CREATE_NEW,LOW,0,0,0,SAFE_AUTOMATIC,validated no-match create,
,,"Kitap, Kırtasiye ve Ofis › Kırtasiye › Defter ve Kağıt › Etiket",CREATE_NEW,LOW,0,0,0,SAFE_AUTOMATIC,validated no-match create,
,,"Kitap, Kırtasiye ve Ofis › Kırtasiye › Defter ve Kağıt › Zarf",CREATE_NEW,LOW,0,0,0,SAFE_AUTOMATIC,validated no-match create,
,,"Kitap, Kırtasiye ve Ofis › Kırtasiye › Okul Gereçleri",CREATE_NEW,LOW,0,0,0,SAFE_AUTOMATIC,validated no-match create,
,,"Kitap, Kırtasiye ve Ofis › Kırtasiye › Okul Gereçleri › Kalem Kutusu",CREATE_NEW,LOW,0,0,0,SAFE_AUTOMATIC,validated no-match create,
,,"Kitap, Kırtasiye ve Ofis › Kırtasiye › Okul Gereçleri › Okul Çantası",CREATE_NEW,LOW,0,0,0,SAFE_AUTOMATIC,validated no-match create,
,,"Kitap, Kırtasiye ve Ofis › Kırtasiye › Okul Gereçleri › Boya Seti",CREATE_NEW,LOW,0,0,0,SAFE_AUTOMATIC,validated no-match create,
,,"Kitap, Kırtasiye ve Ofis › Kırtasiye › Okul Gereçleri › Cetvel Seti",CREATE_NEW,LOW,0,0,0,SAFE_AUTOMATIC,validated no-match create,
,,"Kitap, Kırtasiye ve Ofis › Kırtasiye › Okul Gereçleri › Makas",CREATE_NEW,LOW,0,0,0,SAFE_AUTOMATIC,validated no-match create,
,,"Kitap, Kırtasiye ve Ofis › Kırtasiye › Okul Gereçleri › Yapıştırıcı",CREATE_NEW,LOW,0,0,0,SAFE_AUTOMATIC,validated no-match create,
,,"Kitap, Kırtasiye ve Ofis › Ofis",CREATE_NEW,LOW,0,0,0,MANUAL_APPROVAL,create blocked — MEDIUM db match,
,,"Kitap, Kırtasiye ve Ofis › Ofis › Ofis Makineleri",CREATE_NEW,LOW,0,0,0,MANUAL_APPROVAL,create blocked — MEDIUM db match,
,,"Kitap, Kırtasiye ve Ofis › Ofis › Ofis Makineleri › Yazıcı",CREATE_NEW,LOW,0,0,0,MANUAL_APPROVAL,create blocked — EXACT db match,
,,"Kitap, Kırtasiye ve Ofis › Ofis › Ofis Makineleri › Fotokopi Makinesi",CREATE_NEW,LOW,0,0,0,SAFE_AUTOMATIC,validated no-match create,
,,"Kitap, Kırtasiye ve Ofis › Ofis › Ofis Makineleri › Para Sayma Makinesi",CREATE_NEW,LOW,0,0,0,SAFE_AUTOMATIC,validated no-match create,
,,"Kitap, Kırtasiye ve Ofis › Ofis › Ofis Makineleri › Laminasyon Makinesi",CREATE_NEW,LOW,0,0,0,SAFE_AUTOMATIC,validated no-match create,
,,"Kitap, Kırtasiye ve Ofis › Ofis › Ofis Makineleri › Evrak İmha Makinesi",CREATE_NEW,LOW,0,0,0,SAFE_AUTOMATIC,validated no-match create,
,,"Kitap, Kırtasiye ve Ofis › Ofis › Ofis Sarf",CREATE_NEW,LOW,0,0,0,SAFE_AUTOMATIC,validated no-match create,
,,"Kitap, Kırtasiye ve Ofis › Ofis › Ofis Sarf › Toner",CREATE_NEW,LOW,0,0,0,MANUAL_APPROVAL,create blocked — MEDIUM db match,
,,"Kitap, Kırtasiye ve Ofis › Ofis › Ofis Sarf › Kartuş",CREATE_NEW,LOW,0,0,0,MANUAL_APPROVAL,create blocked — MEDIUM db match,
,,"Kitap, Kırtasiye ve Ofis › Ofis › Ofis Sarf › Zımba",CREATE_NEW,LOW,0,0,0,SAFE_AUTOMATIC,validated no-match create,
,,"Kitap, Kırtasiye ve Ofis › Ofis › Ofis Sarf › Delgeç",CREATE_NEW,LOW,0,0,0,SAFE_AUTOMATIC,validated no-match create,
,,"Kitap, Kırtasiye ve Ofis › Ofis › Ofis Sarf › Dosya",CREATE_NEW,LOW,0,0,0,MANUAL_APPROVAL,create blocked — MEDIUM db match,
,,"Kitap, Kırtasiye ve Ofis › Ofis › Ofis Sarf › Klasör",CREATE_NEW,LOW,0,0,0,SAFE_AUTOMATIC,validated no-match create,
cmsg3xixp00jruzdcnknxszg1,Ofis Mobilyası,"Kitap, Kırtasiye ve Ofis › Ofis › Ofis Mobilyası",MOVE,LOW,0,0,0,SAFE_AUTOMATIC,empty move preserve id,move from parent 'Ofis & Kırtasiye' → 'Ofis'
,,"Kitap, Kırtasiye ve Ofis › Ofis › Ofis Mobilyası › Ofis Masası",CREATE_NEW,LOW,0,0,0,SAFE_AUTOMATIC,validated no-match create,
,,"Kitap, Kırtasiye ve Ofis › Ofis › Ofis Mobilyası › Ofis Koltuğu",CREATE_NEW,LOW,0,0,0,SAFE_AUTOMATIC,validated no-match create,
,,"Kitap, Kırtasiye ve Ofis › Ofis › Ofis Mobilyası › Dosya Dolabı",CREATE_NEW,LOW,0,0,0,SAFE_AUTOMATIC,validated no-match create,
,,"Kitap, Kırtasiye ve Ofis › Ofis › Ofis Mobilyası › Toplantı Masası",CREATE_NEW,LOW,0,0,0,SAFE_AUTOMATIC,validated no-match create,
,,"Kitap, Kırtasiye ve Ofis › Ofis › Ofis Mobilyası › Resepsiyon Bankosu",CREATE_NEW,LOW,0,0,0,SAFE_AUTOMATIC,validated no-match create,
cms93j5px0037uz3g9salmdtp,Pet Shop,Pet Shop,KEEP,LOW,0,0,0,SAFE_AUTOMATIC,exact keep,
,,Pet Shop › Kedi,CREATE_NEW,LOW,0,0,0,MANUAL_APPROVAL,create blocked — MEDIUM db match,
,,Pet Shop › Kedi › Beslenme,CREATE_NEW,LOW,0,0,0,MANUAL_APPROVAL,create blocked — MEDIUM db match,
,,Pet Shop › Kedi › Beslenme › Kedi Maması,CREATE_NEW,LOW,0,0,0,SAFE_AUTOMATIC,validated no-match create,
,,Pet Shop › Kedi › Beslenme › Yaş Mama,CREATE_NEW,LOW,0,0,0,SAFE_AUTOMATIC,validated no-match create,
,,Pet Shop › Kedi › Beslenme › Ödül Maması,CREATE_NEW,LOW,0,0,0,SAFE_AUTOMATIC,validated no-match create,
,,Pet Shop › Kedi › Beslenme › Mama Kabı,CREATE_NEW,LOW,0,0,0,SAFE_AUTOMATIC,validated no-match create,
,,Pet Shop › Kedi › Beslenme › Su Pınarı,CREATE_NEW,LOW,0,0,0,SAFE_AUTOMATIC,validated no-match create,
,,Pet Shop › Kedi › Bakım,CREATE_NEW,LOW,0,0,0,MANUAL_APPROVAL,create blocked — MEDIUM db match,
,,Pet Shop › Kedi › Bakım › Kedi Kumu,CREATE_NEW,LOW,0,0,0,SAFE_AUTOMATIC,validated no-match create,
,,Pet Shop › Kedi › Bakım › Kum Kabı,CREATE_NEW,LOW,0,0,0,SAFE_AUTOMATIC,validated no-match create,
,,Pet Shop › Kedi › Bakım › Tırmalama Tahtası,CREATE_NEW,LOW,0,0,0,SAFE_AUTOMATIC,validated no-match create,
,,Pet Shop › Kedi › Bakım › Tarak,CREATE_NEW,LOW,0,0,0,SAFE_AUTOMATIC,validated no-match create,
,,Pet Shop › Kedi › Bakım › Şampuan,CREATE_NEW,LOW,0,0,0,SAFE_AUTOMATIC,validated no-match create,
,,Pet Shop › Kedi › Aksesuar,CREATE_NEW,LOW,0,0,0,MANUAL_APPROVAL,create blocked — MEDIUM db match,
,,Pet Shop › Kedi › Aksesuar › Kedi Yatağı,CREATE_NEW,LOW,0,0,0,SAFE_AUTOMATIC,validated no-match create,
,,Pet Shop › Kedi › Aksesuar › Taşıma Çantası,CREATE_NEW,LOW,0,0,0,SAFE_AUTOMATIC,validated no-match create,
,,Pet Shop › Kedi › Aksesuar › Tasma,CREATE_NEW,LOW,0,0,0,SAFE_AUTOMATIC,validated no-match create,
,,Pet Shop › Kedi › Aksesuar › Oyuncak,CREATE_NEW,LOW,0,0,0,MANUAL_APPROVAL,create blocked — MEDIUM db match,
,,Pet Shop › Kedi › Aksesuar › Kedi Evi,CREATE_NEW,LOW,0,0,0,SAFE_AUTOMATIC,validated no-match create,
,,Pet Shop › Köpek,CREATE_NEW,LOW,0,0,0,MANUAL_APPROVAL,create blocked — MEDIUM db match,
,,Pet Shop › Köpek › Beslenme,CREATE_NEW,LOW,0,0,0,MANUAL_APPROVAL,create blocked — MEDIUM db match,
,,Pet Shop › Köpek › Beslenme › Köpek Maması,CREATE_NEW,LOW,0,0,0,SAFE_AUTOMATIC,validated no-match create,
,,Pet Shop › Köpek › Beslenme › Yaş Mama,CREATE_NEW,LOW,0,0,0,SAFE_AUTOMATIC,validated no-match create,
,,Pet Shop › Köpek › Beslenme › Ödül Maması,CREATE_NEW,LOW,0,0,0,SAFE_AUTOMATIC,validated no-match create,
,,Pet Shop › Köpek › Beslenme › Mama Kabı,CREATE_NEW,LOW,0,0,0,SAFE_AUTOMATIC,validated no-match create,
,,Pet Shop › Köpek › Beslenme › Su Kabı,CREATE_NEW,LOW,0,0,0,SAFE_AUTOMATIC,validated no-match create,
,,Pet Shop › Köpek › Bakım,CREATE_NEW,LOW,0,0,0,MANUAL_APPROVAL,create blocked — MEDIUM db match,
,,Pet Shop › Köpek › Bakım › Şampuan,CREATE_NEW,LOW,0,0,0,SAFE_AUTOMATIC,validated no-match create,
,,Pet Shop › Köpek › Bakım › Tarak,CREATE_NEW,LOW,0,0,0,SAFE_AUTOMATIC,validated no-match create,
,,Pet Shop › Köpek › Bakım › Tırnak Makası,CREATE_NEW,LOW,0,0,0,SAFE_AUTOMATIC,validated no-match create,
,,Pet Shop › Köpek › Bakım › Ped,CREATE_NEW,LOW,0,0,0,SAFE_AUTOMATIC,validated no-match create,
,,Pet Shop › Köpek › Bakım › Ağız Bakımı,CREATE_NEW,LOW,0,0,0,SAFE_AUTOMATIC,validated no-match create,
,,Pet Shop › Köpek › Aksesuar,CREATE_NEW,LOW,0,0,0,MANUAL_APPROVAL,create blocked — MEDIUM db match,
,,Pet Shop › Köpek › Aksesuar › Tasma,CREATE_NEW,LOW,0,0,0,SAFE_AUTOMATIC,validated no-match create,
,,Pet Shop › Köpek › Aksesuar › Gezdirme Kayışı,CREATE_NEW,LOW,0,0,0,SAFE_AUTOMATIC,validated no-match create,
,,Pet Shop › Köpek › Aksesuar › Göğüs Tasması,CREATE_NEW,LOW,0,0,0,SAFE_AUTOMATIC,validated no-match create,
,,Pet Shop › Köpek › Aksesuar › Köpek Yatağı,CREATE_NEW,LOW,0,0,0,SAFE_AUTOMATIC,validated no-match create,
,,Pet Shop › Köpek › Aksesuar › Taşıma Çantası,CREATE_NEW,LOW,0,0,0,SAFE_AUTOMATIC,validated no-match create,
,,Pet Shop › Köpek › Aksesuar › Oyuncak,CREATE_NEW,LOW,0,0,0,MANUAL_APPROVAL,create blocked — MEDIUM db match,
,,Pet Shop › Köpek › Aksesuar › Köpek Kulübesi,CREATE_NEW,LOW,0,0,0,SAFE_AUTOMATIC,validated no-match create,
,,Pet Shop › Kuş ve Kemirgen,CREATE_NEW,LOW,0,0,0,SAFE_WITH_TRANSACTION,create needs batch review,
,,Pet Shop › Kuş ve Kemirgen › Kuş,CREATE_NEW,LOW,0,0,0,SAFE_WITH_TRANSACTION,create needs batch review,
,,Pet Shop › Kuş ve Kemirgen › Kuş › Kuş Yemi,CREATE_NEW,LOW,0,0,0,SAFE_AUTOMATIC,validated no-match create,
,,Pet Shop › Kuş ve Kemirgen › Kuş › Kafes,CREATE_NEW,LOW,0,0,0,SAFE_AUTOMATIC,validated no-match create,
,,Pet Shop › Kuş ve Kemirgen › Kuş › Tünek,CREATE_NEW,LOW,0,0,0,SAFE_AUTOMATIC,validated no-match create,
,,Pet Shop › Kuş ve Kemirgen › Kuş › Suluk,CREATE_NEW,LOW,0,0,0,SAFE_AUTOMATIC,validated no-match create,
,,Pet Shop › Kuş ve Kemirgen › Kuş › Oyuncak,CREATE_NEW,LOW,0,0,0,MANUAL_APPROVAL,create blocked — MEDIUM db match,
,,Pet Shop › Kuş ve Kemirgen › Kemirgen,CREATE_NEW,LOW,0,0,0,MANUAL_APPROVAL,create blocked — MEDIUM db match,
,,Pet Shop › Kuş ve Kemirgen › Kemirgen › Kemirgen Yemi,CREATE_NEW,LOW,0,0,0,SAFE_AUTOMATIC,validated no-match create,
,,Pet Shop › Kuş ve Kemirgen › Kemirgen › Kafes,CREATE_NEW,LOW,0,0,0,SAFE_AUTOMATIC,validated no-match create,
,,Pet Shop › Kuş ve Kemirgen › Kemirgen › Talaş,CREATE_NEW,LOW,0,0,0,SAFE_AUTOMATIC,validated no-match create,
,,Pet Shop › Kuş ve Kemirgen › Kemirgen › Suluk,CREATE_NEW,LOW,0,0,0,SAFE_AUTOMATIC,validated no-match create,
,,Pet Shop › Kuş ve Kemirgen › Kemirgen › Oyuncak,CREATE_NEW,LOW,0,0,0,MANUAL_APPROVAL,create blocked — MEDIUM db match,
cmsg3xj4000l3uzdcd5neczgm,Akvaryum,Pet Shop › Akvaryum,KEEP,LOW,0,0,0,SAFE_AUTOMATIC,exact keep,
,,Pet Shop › Akvaryum › Akvaryum Ürünleri,CREATE_NEW,LOW,0,0,0,SAFE_WITH_TRANSACTION,create needs batch review,
cmsg3xj4000l3uzdcd5neczgm,Akvaryum,Pet Shop › Akvaryum › Akvaryum Ürünleri › Akvaryum,MOVE,LOW,0,0,0,SAFE_AUTOMATIC,empty move preserve id,move from parent 'Pet Shop' → 'Akvaryum Ürünleri'
,,Pet Shop › Akvaryum › Akvaryum Ürünleri › Filtre,CREATE_NEW,LOW,0,0,0,MANUAL_APPROVAL,create blocked — MEDIUM db match,
,,Pet Shop › Akvaryum › Akvaryum Ürünleri › Isıtıcı,CREATE_NEW,LOW,0,0,0,MANUAL_APPROVAL,create blocked — MEDIUM db match,
,,Pet Shop › Akvaryum › Akvaryum Ürünleri › Hava Motoru,CREATE_NEW,LOW,0,0,0,SAFE_AUTOMATIC,validated no-match create,
cmsg3xi9a00eluzdc6kwo0dqz,Aydınlatma,Pet Shop › Akvaryum › Akvaryum Ürünleri › Aydınlatma,MOVE,LOW,0,0,0,SAFE_AUTOMATIC,empty move preserve id,move from parent 'Ev Dekorasyon & Mobilya' → 'Akvaryum Ürünleri'
,,Pet Shop › Akvaryum › Akvaryum Ürünleri › Balık Yemi,CREATE_NEW,LOW,0,0,0,SAFE_AUTOMATIC,validated no-match create,
,,Pet Shop › Akvaryum › Akvaryum Ürünleri › Dekor,CREATE_NEW,LOW,0,0,0,MANUAL_APPROVAL,create blocked — MEDIUM db match,
,,Otomotiv Aksesuar,CREATE_NEW,LOW,0,0,0,SAFE_AUTOMATIC,validated no-match create,
,,Otomotiv Aksesuar › Araç İçi,CREATE_NEW,LOW,0,0,0,SAFE_AUTOMATIC,validated no-match create,
,,Otomotiv Aksesuar › Araç İçi › Konfor,CREATE_NEW,LOW,0,0,0,SAFE_AUTOMATIC,validated no-match create,
,,Otomotiv Aksesuar › Araç İçi › Konfor › Koltuk Kılıfı,CREATE_NEW,LOW,0,0,0,SAFE_AUTOMATIC,validated no-match create,
,,Otomotiv Aksesuar › Araç İçi › Konfor › Paspas,CREATE_NEW,LOW,0,0,0,SAFE_AUTOMATIC,validated no-match create,
,,Otomotiv Aksesuar › Araç İçi › Konfor › Direksiyon Kılıfı,CREATE_NEW,LOW,0,0,0,SAFE_AUTOMATIC,validated no-match create,
,,Otomotiv Aksesuar › Araç İçi › Konfor › Güneşlik,CREATE_NEW,LOW,0,0,0,SAFE_AUTOMATIC,validated no-match create,
,,Otomotiv Aksesuar › Araç İçi › Konfor › Organizer,CREATE_NEW,LOW,0,0,0,SAFE_AUTOMATIC,validated no-match create,
,,Otomotiv Aksesuar › Araç İçi › Konfor › Araç İçi Buzdolabı,CREATE_NEW,LOW,0,0,0,SAFE_AUTOMATIC,validated no-match create,
cmsg4wowy001vuzxwe59qnwfj,Elektronik,Otomotiv Aksesuar › Araç İçi › Elektronik,MOVE,LOW,0,0,0,SAFE_AUTOMATIC,empty move preserve id,move from parent 'Sıfır' → 'Araç İçi'
,,Otomotiv Aksesuar › Araç İçi › Elektronik › Araç Kamerası,CREATE_NEW,LOW,0,0,0,SAFE_AUTOMATIC,validated no-match create,
,,Otomotiv Aksesuar › Araç İçi › Elektronik › Multimedya Sistemi,CREATE_NEW,LOW,0,0,0,SAFE_AUTOMATIC,validated no-match create,
,,Otomotiv Aksesuar › Araç İçi › Elektronik › Navigasyon,CREATE_NEW,LOW,0,0,0,SAFE_AUTOMATIC,validated no-match create,
,,Otomotiv Aksesuar › Araç İçi › Elektronik › FM Transmitter,CREATE_NEW,LOW,0,0,0,SAFE_AUTOMATIC,validated no-match create,
,,Otomotiv Aksesuar › Araç İçi › Elektronik › Araç Şarj Cihazı,CREATE_NEW,LOW,0,0,0,MANUAL_APPROVAL,create blocked — MEDIUM db match,
,,Otomotiv Aksesuar › Araç İçi › Elektronik › Park Sensörü,CREATE_NEW,LOW,0,0,0,SAFE_AUTOMATIC,validated no-match create,
,,Otomotiv Aksesuar › Araç İçi › Elektronik › Geri Görüş Kamerası,CREATE_NEW,LOW,0,0,0,SAFE_AUTOMATIC,validated no-match create,
,,Otomotiv Aksesuar › Araç Dışı,CREATE_NEW,LOW,0,0,0,SAFE_AUTOMATIC,validated no-match create,
,,Otomotiv Aksesuar › Araç Dışı › Koruma ve Görünüm,CREATE_NEW,LOW,0,0,0,SAFE_AUTOMATIC,validated no-match create,
,,Otomotiv Aksesuar › Araç Dışı › Koruma ve Görünüm › Araç Brandası,CREATE_NEW,LOW,0,0,0,SAFE_AUTOMATIC,validated no-match create,
,,Otomotiv Aksesuar › Araç Dışı › Koruma ve Görünüm › Kapı Koruyucu,CREATE_NEW,LOW,0,0,0,SAFE_AUTOMATIC,validated no-match create,
,,Otomotiv Aksesuar › Araç Dışı › Koruma ve Görünüm › Çamurluk,CREATE_NEW,LOW,0,0,0,SAFE_AUTOMATIC,validated no-match create,
,,Otomotiv Aksesuar › Araç Dışı › Koruma ve Görünüm › Spoiler,CREATE_NEW,LOW,0,0,0,SAFE_AUTOMATIC,validated no-match create,
,,Otomotiv Aksesuar › Araç Dışı › Koruma ve Görünüm › Rüzgarlık,CREATE_NEW,LOW,0,0,0,SAFE_AUTOMATIC,validated no-match create,
,,Otomotiv Aksesuar › Araç Dışı › Koruma ve Görünüm › Sticker ve Folyo,CREATE_NEW,LOW,0,0,0,SAFE_AUTOMATIC,validated no-match create,
,,Otomotiv Aksesuar › Araç Dışı › Taşıma,CREATE_NEW,LOW,0,0,0,SAFE_AUTOMATIC,validated no-match create,
,,Otomotiv Aksesuar › Araç Dışı › Taşıma › Tavan Barı,CREATE_NEW,LOW,0,0,0,SAFE_AUTOMATIC,validated no-match create,
,,Otomotiv Aksesuar › Araç Dışı › Taşıma › Port Bagaj,CREATE_NEW,LOW,0,0,0,SAFE_AUTOMATIC,validated no-match create,
,,Otomotiv Aksesuar › Araç Dışı › Taşıma › Bisiklet Taşıyıcı,CREATE_NEW,LOW,0,0,0,SAFE_WITH_TRANSACTION,create needs batch review,
,,Otomotiv Aksesuar › Araç Dışı › Taşıma › Çeki Demiri,CREATE_NEW,LOW,0,0,0,SAFE_AUTOMATIC,validated no-match create,
,,Otomotiv Aksesuar › Bakım ve Temizlik,CREATE_NEW,LOW,0,0,0,SAFE_WITH_TRANSACTION,create needs batch review,
,,Otomotiv Aksesuar › Bakım ve Temizlik › Temizlik,CREATE_NEW,LOW,0,0,0,SAFE_AUTOMATIC,validated no-match create,
,,Otomotiv Aksesuar › Bakım ve Temizlik › Temizlik › Oto Şampuanı,CREATE_NEW,LOW,0,0,0,SAFE_AUTOMATIC,validated no-match create,
,,Otomotiv Aksesuar › Bakım ve Temizlik › Temizlik › Cila,CREATE_NEW,LOW,0,0,0,SAFE_AUTOMATIC,validated no-match create,
,,Otomotiv Aksesuar › Bakım ve Temizlik › Temizlik › Seramik Kaplama,CREATE_NEW,LOW,0,0,0,SAFE_AUTOMATIC,validated no-match create,
,,Otomotiv Aksesuar › Bakım ve Temizlik › Temizlik › Jant Temizleyici,CREATE_NEW,LOW,0,0,0,SAFE_AUTOMATIC,validated no-match create,
,,Otomotiv Aksesuar › Bakım ve Temizlik › Temizlik › Mikrofiber Bez,CREATE_NEW,LOW,0,0,0,SAFE_AUTOMATIC,validated no-match create,
,,Otomotiv Aksesuar › Bakım ve Temizlik › Temizlik › Araç Süpürgesi,CREATE_NEW,LOW,0,0,0,SAFE_AUTOMATIC,validated no-match create,
,,Otomotiv Aksesuar › Bakım ve Temizlik › Bakım,CREATE_NEW,LOW,0,0,0,MANUAL_APPROVAL,create blocked — MEDIUM db match,
,,Otomotiv Aksesuar › Bakım ve Temizlik › Bakım › Motor Yağı,CREATE_NEW,LOW,0,0,0,SAFE_AUTOMATIC,validated no-match create,
,,Otomotiv Aksesuar › Bakım ve Temizlik › Bakım › Antifriz,CREATE_NEW,LOW,0,0,0,SAFE_AUTOMATIC,validated no-match create,
,,Otomotiv Aksesuar › Bakım ve Temizlik › Bakım › Cam Suyu,CREATE_NEW,LOW,0,0,0,SAFE_AUTOMATIC,validated no-match create,
,,Otomotiv Aksesuar › Bakım ve Temizlik › Bakım › Katkı Ürünleri,CREATE_NEW,LOW,0,0,0,SAFE_AUTOMATIC,validated no-match create,
,,Otomotiv Aksesuar › Bakım ve Temizlik › Bakım › Akü Şarj Cihazı,CREATE_NEW,LOW,0,0,0,MANUAL_APPROVAL,create blocked — MEDIUM db match,
,,Otomotiv Aksesuar › Yedek Parça ve Ekipman,CREATE_NEW,LOW,0,0,0,SAFE_AUTOMATIC,validated no-match create,
,,Otomotiv Aksesuar › Yedek Parça ve Ekipman › Temel Parça,CREATE_NEW,LOW,0,0,0,SAFE_WITH_TRANSACTION,create needs batch review,
,,Otomotiv Aksesuar › Yedek Parça ve Ekipman › Temel Parça › Akü,CREATE_NEW,LOW,0,0,0,SAFE_AUTOMATIC,validated no-match create,
,,Otomotiv Aksesuar › Yedek Parça ve Ekipman › Temel Parça › Silecek,CREATE_NEW,LOW,0,0,0,SAFE_AUTOMATIC,validated no-match create,
,,Otomotiv Aksesuar › Yedek Parça ve Ekipman › Temel Parça › Ampul,CREATE_NEW,LOW,0,0,0,SAFE_AUTOMATIC,validated no-match create,
,,Otomotiv Aksesuar › Yedek Parça ve Ekipman › Temel Parça › Filtre,CREATE_NEW,LOW,0,0,0,MANUAL_APPROVAL,create blocked — MEDIUM db match,
,,Otomotiv Aksesuar › Yedek Parça ve Ekipman › Temel Parça › Buji,CREATE_NEW,LOW,0,0,0,SAFE_AUTOMATIC,validated no-match create,
,,Otomotiv Aksesuar › Yedek Parça ve Ekipman › Temel Parça › Fren Balatası,CREATE_NEW,LOW,0,0,0,SAFE_AUTOMATIC,validated no-match create,
,,Otomotiv Aksesuar › Yedek Parça ve Ekipman › Temel Parça › Debriyaj Seti,CREATE_NEW,LOW,0,0,0,SAFE_AUTOMATIC,validated no-match create,
,,Otomotiv Aksesuar › Yedek Parça ve Ekipman › Lastik ve Jant,CREATE_NEW,LOW,0,0,0,SAFE_AUTOMATIC,validated no-match create,
,,Otomotiv Aksesuar › Yedek Parça ve Ekipman › Lastik ve Jant › Otomobil Lastiği,CREATE_NEW,LOW,0,0,0,SAFE_AUTOMATIC,validated no-match create,
,,Otomotiv Aksesuar › Yedek Parça ve Ekipman › Lastik ve Jant › SUV Lastiği,CREATE_NEW,LOW,0,0,0,SAFE_AUTOMATIC,validated no-match create,
,,Otomotiv Aksesuar › Yedek Parça ve Ekipman › Lastik ve Jant › Motosiklet Lastiği,CREATE_NEW,LOW,0,0,0,SAFE_AUTOMATIC,validated no-match create,
,,Otomotiv Aksesuar › Yedek Parça ve Ekipman › Lastik ve Jant › Jant,CREATE_NEW,LOW,0,0,0,SAFE_AUTOMATIC,validated no-match create,
,,Otomotiv Aksesuar › Yedek Parça ve Ekipman › Lastik ve Jant › Jant Kapağı,CREATE_NEW,LOW,0,0,0,SAFE_AUTOMATIC,validated no-match create,
,,Otomotiv Aksesuar › Yedek Parça ve Ekipman › Lastik ve Jant › Kar Zinciri,CREATE_NEW,LOW,0,0,0,SAFE_AUTOMATIC,validated no-match create,
,,Otomotiv Aksesuar › Yedek Parça ve Ekipman › Acil Durum,CREATE_NEW,LOW,0,0,0,SAFE_AUTOMATIC,validated no-match create,
,,Otomotiv Aksesuar › Yedek Parça ve Ekipman › Acil Durum › İlk Yardım Seti,CREATE_NEW,LOW,0,0,0,SAFE_AUTOMATIC,validated no-match create,
,,Otomotiv Aksesuar › Yedek Parça ve Ekipman › Acil Durum › Yangın Söndürücü,CREATE_NEW,LOW,0,0,0,SAFE_AUTOMATIC,validated no-match create,
,,Otomotiv Aksesuar › Yedek Parça ve Ekipman › Acil Durum › Reflektör,CREATE_NEW,LOW,0,0,0,SAFE_AUTOMATIC,validated no-match create,
,,Otomotiv Aksesuar › Yedek Parça ve Ekipman › Acil Durum › Takviye Kablosu,CREATE_NEW,LOW,0,0,0,SAFE_AUTOMATIC,validated no-match create,
,,Otomotiv Aksesuar › Yedek Parça ve Ekipman › Acil Durum › Kriko,CREATE_NEW,LOW,0,0,0,SAFE_AUTOMATIC,validated no-match create,
,,Otomotiv Aksesuar › Yedek Parça ve Ekipman › Acil Durum › Çekme Halatı,CREATE_NEW,LOW,0,0,0,SAFE_AUTOMATIC,validated no-match create,
,,Otomotiv Aksesuar › Motosiklet Aksesuar,CREATE_NEW,LOW,0,0,0,SAFE_AUTOMATIC,validated no-match create,
,,Otomotiv Aksesuar › Motosiklet Aksesuar › Sürüş Ekipmanı,CREATE_NEW,LOW,0,0,0,SAFE_AUTOMATIC,validated no-match create,
,,Otomotiv Aksesuar › Motosiklet Aksesuar › Sürüş Ekipmanı › Motosiklet Kaskı,CREATE_NEW,LOW,0,0,0,SAFE_AUTOMATIC,validated no-match create,
,,Otomotiv Aksesuar › Motosiklet Aksesuar › Sürüş Ekipmanı › Motosiklet Montu,CREATE_NEW,LOW,0,0,0,SAFE_AUTOMATIC,validated no-match create,
,,Otomotiv Aksesuar › Motosiklet Aksesuar › Sürüş Ekipmanı › Eldiven,CREATE_NEW,LOW,0,0,0,SAFE_AUTOMATIC,validated no-match create,
,,Otomotiv Aksesuar › Motosiklet Aksesuar › Sürüş Ekipmanı › Dizlik,CREATE_NEW,LOW,0,0,0,SAFE_AUTOMATIC,validated no-match create,
,,Otomotiv Aksesuar › Motosiklet Aksesuar › Sürüş Ekipmanı › Bot,CREATE_NEW,LOW,0,0,0,SAFE_AUTOMATIC,validated no-match create,
,,Otomotiv Aksesuar › Motosiklet Aksesuar › Sürüş Ekipmanı › Yağmurluk,CREATE_NEW,LOW,0,0,0,SAFE_AUTOMATIC,validated no-match create,
,,Otomotiv Aksesuar › Motosiklet Aksesuar › Motosiklet Parça,CREATE_NEW,LOW,0,0,0,SAFE_WITH_TRANSACTION,create needs batch review,
,,Otomotiv Aksesuar › Motosiklet Aksesuar › Motosiklet Parça › Motosiklet Çantası,CREATE_NEW,LOW,0,0,0,SAFE_AUTOMATIC,validated no-match create,
,,Otomotiv Aksesuar › Motosiklet Aksesuar › Motosiklet Parça › Telefon Tutucu,CREATE_NEW,LOW,0,0,0,SAFE_AUTOMATIC,validated no-match create,
,,Otomotiv Aksesuar › Motosiklet Aksesuar › Motosiklet Parça › Branda,CREATE_NEW,LOW,0,0,0,SAFE_AUTOMATIC,validated no-match create,
,,Otomotiv Aksesuar › Motosiklet Aksesuar › Motosiklet Parça › Egzoz,CREATE_NEW,LOW,0,0,0,SAFE_AUTOMATIC,validated no-match create,
,,Otomotiv Aksesuar › Motosiklet Aksesuar › Motosiklet Parça › Ayna,CREATE_NEW,LOW,0,0,0,MANUAL_APPROVAL,create blocked — MEDIUM db match,
,,Otomotiv Aksesuar › Motosiklet Aksesuar › Motosiklet Parça › Zincir ve Dişli,CREATE_NEW,LOW,0,0,0,SAFE_AUTOMATIC,validated no-match create,
,,Bahçe ve Yapı,CREATE_NEW,LOW,0,0,0,MANUAL_APPROVAL,create blocked — EXACT db match,
,,Bahçe ve Yapı › Bahçe,CREATE_NEW,LOW,0,0,0,MANUAL_APPROVAL,create blocked — MEDIUM db match,
cmsg3xidn00ffuzdcpytj2evl,Bahçe Mobilyası,Bahçe ve Yapı › Bahçe › Bahçe Mobilyası,MOVE,LOW,0,0,0,SAFE_AUTOMATIC,empty move preserve id,move from parent 'Bahçe & Yapı Market' → 'Bahçe'
,,Bahçe ve Yapı › Bahçe › Bahçe Mobilyası › Bahçe Masa Takımı,CREATE_NEW,LOW,0,0,0,SAFE_AUTOMATIC,validated no-match create,
,,Bahçe ve Yapı › Bahçe › Bahçe Mobilyası › Şezlong,CREATE_NEW,LOW,0,0,0,SAFE_AUTOMATIC,validated no-match create,
,,Bahçe ve Yapı › Bahçe › Bahçe Mobilyası › Salıncak,CREATE_NEW,LOW,0,0,0,SAFE_AUTOMATIC,validated no-match create,
,,Bahçe ve Yapı › Bahçe › Bahçe Mobilyası › Hamak,CREATE_NEW,LOW,0,0,0,SAFE_AUTOMATIC,validated no-match create,
,,Bahçe ve Yapı › Bahçe › Bahçe Mobilyası › Gölgelik,CREATE_NEW,LOW,0,0,0,SAFE_AUTOMATIC,validated no-match create,
,,Bahçe ve Yapı › Bahçe › Bahçe Mobilyası › Şemsiye,CREATE_NEW,LOW,0,0,0,SAFE_AUTOMATIC,validated no-match create,
,,Bahçe ve Yapı › Bahçe › Bahçe Bakımı,CREATE_NEW,LOW,0,0,0,SAFE_AUTOMATIC,validated no-match create,
,,Bahçe ve Yapı › Bahçe › Bahçe Bakımı › Çim Biçme Makinesi,CREATE_NEW,LOW,0,0,0,SAFE_WITH_TRANSACTION,create needs batch review,
,,Bahçe ve Yapı › Bahçe › Bahçe Bakımı › Tırpan,CREATE_NEW,LOW,0,0,0,SAFE_AUTOMATIC,validated no-match create,
,,Bahçe ve Yapı › Bahçe › Bahçe Bakımı › Çit Budama,CREATE_NEW,LOW,0,0,0,SAFE_AUTOMATIC,validated no-match create,
,,Bahçe ve Yapı › Bahçe › Bahçe Bakımı › Yaprak Üfleme,CREATE_NEW,LOW,0,0,0,SAFE_AUTOMATIC,validated no-match create,
,,Bahçe ve Yapı › Bahçe › Bahçe Bakımı › Testere,CREATE_NEW,LOW,0,0,0,SAFE_AUTOMATIC,validated no-match create,
,,Bahçe ve Yapı › Bahçe › Bahçe Bakımı › Bahçe El Aleti,CREATE_NEW,LOW,0,0,0,SAFE_WITH_TRANSACTION,create needs batch review,
cmsg3xk4i00nnuzdc9g47wx1e,Sulama,Bahçe ve Yapı › Bahçe › Sulama,MOVE,LOW,0,0,0,SAFE_AUTOMATIC,empty move preserve id,move from parent 'Tarım Makineleri' → 'Bahçe'
,,Bahçe ve Yapı › Bahçe › Sulama › Bahçe Hortumu,CREATE_NEW,LOW,0,0,0,SAFE_AUTOMATIC,validated no-match create,
,,Bahçe ve Yapı › Bahçe › Sulama › Hortum Makarası,CREATE_NEW,LOW,0,0,0,SAFE_AUTOMATIC,validated no-match create,
,,Bahçe ve Yapı › Bahçe › Sulama › Sulama Tabancası,CREATE_NEW,LOW,0,0,0,SAFE_WITH_TRANSACTION,create needs batch review,
,,Bahçe ve Yapı › Bahçe › Sulama › Damla Sulama,CREATE_NEW,LOW,0,0,0,SAFE_WITH_TRANSACTION,create needs batch review,
,,Bahçe ve Yapı › Bahçe › Sulama › Su Pompası,CREATE_NEW,LOW,0,0,0,SAFE_AUTOMATIC,validated no-match create,
,,Bahçe ve Yapı › Bahçe › Sulama › Hidrofor,CREATE_NEW,LOW,0,0,0,SAFE_AUTOMATIC,validated no-match create,
,,Bahçe ve Yapı › Bahçe › Bitki ve Saksı,CREATE_NEW,LOW,0,0,0,SAFE_AUTOMATIC,validated no-match create,
,,Bahçe ve Yapı › Bahçe › Bitki ve Saksı › Saksı,CREATE_NEW,LOW,0,0,0,SAFE_AUTOMATIC,validated no-match create,
,,Bahçe ve Yapı › Bahçe › Bitki ve Saksı › Toprak,CREATE_NEW,LOW,0,0,0,SAFE_AUTOMATIC,validated no-match create,
,,Bahçe ve Yapı › Bahçe › Bitki ve Saksı › Gübre,CREATE_NEW,LOW,0,0,0,SAFE_AUTOMATIC,validated no-match create,
,,Bahçe ve Yapı › Bahçe › Bitki ve Saksı › Tohum,CREATE_NEW,LOW,0,0,0,SAFE_AUTOMATIC,validated no-match create,
,,Bahçe ve Yapı › Bahçe › Bitki ve Saksı › Fide,CREATE_NEW,LOW,0,0,0,SAFE_AUTOMATIC,validated no-match create,
,,Bahçe ve Yapı › Bahçe › Bitki ve Saksı › Bitki Destek Ürünleri,CREATE_NEW,LOW,0,0,0,SAFE_AUTOMATIC,validated no-match create,
,,Bahçe ve Yapı › Yapı Market,CREATE_NEW,LOW,0,0,0,SAFE_AUTOMATIC,validated no-match create,
,,Bahçe ve Yapı › Yapı Market › El Aletleri,CREATE_NEW,LOW,0,0,0,SAFE_AUTOMATIC,validated no-match create,
,,Bahçe ve Yapı › Yapı Market › El Aletleri › Tornavida,CREATE_NEW,LOW,0,0,0,SAFE_AUTOMATIC,validated no-match create,
,,Bahçe ve Yapı › Yapı Market › El Aletleri › Pense,CREATE_NEW,LOW,0,0,0,SAFE_AUTOMATIC,validated no-match create,
,,Bahçe ve Yapı › Yapı Market › El Aletleri › Anahtar Takımı,CREATE_NEW,LOW,0,0,0,SAFE_AUTOMATIC,validated no-match create,
,,Bahçe ve Yapı › Yapı Market › El Aletleri › Çekiç,CREATE_NEW,LOW,0,0,0,SAFE_AUTOMATIC,validated no-match create,
,,Bahçe ve Yapı › Yapı Market › El Aletleri › Testere,CREATE_NEW,LOW,0,0,0,SAFE_AUTOMATIC,validated no-match create,
,,Bahçe ve Yapı › Yapı Market › El Aletleri › Maket Bıçağı,CREATE_NEW,LOW,0,0,0,SAFE_AUTOMATIC,validated no-match create,
,,Bahçe ve Yapı › Yapı Market › El Aletleri › Ölçüm Aleti,CREATE_NEW,LOW,0,0,0,SAFE_AUTOMATIC,validated no-match create,
,,Bahçe ve Yapı › Yapı Market › Elektrikli El Aletleri,CREATE_NEW,LOW,0,0,0,SAFE_WITH_TRANSACTION,create needs batch review,
,,Bahçe ve Yapı › Yapı Market › Elektrikli El Aletleri › Matkap,CREATE_NEW,LOW,0,0,0,SAFE_AUTOMATIC,validated no-match create,
,,Bahçe ve Yapı › Yapı Market › Elektrikli El Aletleri › Vidalama,CREATE_NEW,LOW,0,0,0,SAFE_AUTOMATIC,validated no-match create,
,,Bahçe ve Yapı › Yapı Market › Elektrikli El Aletleri › Taşlama,CREATE_NEW,LOW,0,0,0,SAFE_AUTOMATIC,validated no-match create,
,,Bahçe ve Yapı › Yapı Market › Elektrikli El Aletleri › Dekupaj,CREATE_NEW,LOW,0,0,0,SAFE_AUTOMATIC,validated no-match create,
,,Bahçe ve Yapı › Yapı Market › Elektrikli El Aletleri › Daire Testere,CREATE_NEW,LOW,0,0,0,SAFE_AUTOMATIC,validated no-match create,
,,Bahçe ve Yapı › Yapı Market › Elektrikli El Aletleri › Kırıcı-Delici,CREATE_NEW,LOW,0,0,0,SAFE_AUTOMATIC,validated no-match create,
,,Bahçe ve Yapı › Yapı Market › Elektrikli El Aletleri › Zımpara,CREATE_NEW,LOW,0,0,0,SAFE_AUTOMATIC,validated no-match create,
,,Bahçe ve Yapı › Yapı Market › Elektrikli El Aletleri › Kaynak Makinesi,CREATE_NEW,LOW,0,0,0,SAFE_AUTOMATIC,validated no-match create,
,,Bahçe ve Yapı › Yapı Market › Boya ve Kimyasal,CREATE_NEW,LOW,0,0,0,SAFE_WITH_TRANSACTION,create needs batch review,
,,Bahçe ve Yapı › Yapı Market › Boya ve Kimyasal › İç Cephe Boyası,CREATE_NEW,LOW,0,0,0,SAFE_AUTOMATIC,validated no-match create,
,,Bahçe ve Yapı › Yapı Market › Boya ve Kimyasal › Dış Cephe Boyası,CREATE_NEW,LOW,0,0,0,SAFE_AUTOMATIC,validated no-match create,
,,Bahçe ve Yapı › Yapı Market › Boya ve Kimyasal › Ahşap Boyası,CREATE_NEW,LOW,0,0,0,SAFE_AUTOMATIC,validated no-match create,
,,Bahçe ve Yapı › Yapı Market › Boya ve Kimyasal › Sprey Boya,CREATE_NEW,LOW,0,0,0,SAFE_AUTOMATIC,validated no-match create,
,,Bahçe ve Yapı › Yapı Market › Boya ve Kimyasal › Vernik,CREATE_NEW,LOW,0,0,0,SAFE_AUTOMATIC,validated no-match create,
,,Bahçe ve Yapı › Yapı Market › Boya ve Kimyasal › Silikon,CREATE_NEW,LOW,0,0,0,SAFE_AUTOMATIC,validated no-match create,
,,Bahçe ve Yapı › Yapı Market › Boya ve Kimyasal › Yapıştırıcı,CREATE_NEW,LOW,0,0,0,SAFE_AUTOMATIC,validated no-match create,
,,Bahçe ve Yapı › Yapı Market › Boya ve Kimyasal › Derz Dolgu,CREATE_NEW,LOW,0,0,0,SAFE_AUTOMATIC,validated no-match create,
,,Bahçe ve Yapı › Yapı Market › Hırdavat,CREATE_NEW,LOW,0,0,0,SAFE_AUTOMATIC,validated no-match create,
,,Bahçe ve Yapı › Yapı Market › Hırdavat › Vida,CREATE_NEW,LOW,0,0,0,SAFE_AUTOMATIC,validated no-match create,
,,Bahçe ve Yapı › Yapı Market › Hırdavat › Dübel,CREATE_NEW,LOW,0,0,0,SAFE_AUTOMATIC,validated no-match create,
,,Bahçe ve Yapı › Yapı Market › Hırdavat › Çivi,CREATE_NEW,LOW,0,0,0,SAFE_AUTOMATIC,validated no-match create,
,,Bahçe ve Yapı › Yapı Market › Hırdavat › Somun,CREATE_NEW,LOW,0,0,0,SAFE_AUTOMATIC,validated no-match create,
,,Bahçe ve Yapı › Yapı Market › Hırdavat › Cıvata,CREATE_NEW,LOW,0,0,0,SAFE_AUTOMATIC,validated no-match create,
,,Bahçe ve Yapı › Yapı Market › Hırdavat › Menteşe,CREATE_NEW,LOW,0,0,0,SAFE_AUTOMATIC,validated no-match create,
,,Bahçe ve Yapı › Yapı Market › Hırdavat › Kilit,CREATE_NEW,LOW,0,0,0,SAFE_AUTOMATIC,validated no-match create,
,,Bahçe ve Yapı › Yapı Market › Hırdavat › Tekerlek,CREATE_NEW,LOW,0,0,0,SAFE_AUTOMATIC,validated no-match create,
,,Bahçe ve Yapı › Yapı Market › Elektrik,CREATE_NEW,LOW,0,0,0,MANUAL_APPROVAL,create blocked — MEDIUM db match,
,,Bahçe ve Yapı › Yapı Market › Elektrik › Priz,CREATE_NEW,LOW,0,0,0,SAFE_AUTOMATIC,validated no-match create,
,,Bahçe ve Yapı › Yapı Market › Elektrik › Anahtar,CREATE_NEW,LOW,0,0,0,SAFE_AUTOMATIC,validated no-match create,
,,Bahçe ve Yapı › Yapı Market › Elektrik › Sigorta,CREATE_NEW,LOW,0,0,0,SAFE_AUTOMATIC,validated no-match create,
,,Bahçe ve Yapı › Yapı Market › Elektrik › Kablo,CREATE_NEW,LOW,0,0,0,MANUAL_APPROVAL,create blocked — MEDIUM db match,
,,Bahçe ve Yapı › Yapı Market › Elektrik › Uzatma Kablosu,CREATE_NEW,LOW,0,0,0,SAFE_AUTOMATIC,validated no-match create,
,,Bahçe ve Yapı › Yapı Market › Elektrik › Pano,CREATE_NEW,LOW,0,0,0,SAFE_AUTOMATIC,validated no-match create,
,,Bahçe ve Yapı › Yapı Market › Elektrik › Sensör,CREATE_NEW,LOW,0,0,0,SAFE_AUTOMATIC,validated no-match create,
,,Bahçe ve Yapı › Yapı Market › Tesisat,CREATE_NEW,LOW,0,0,0,MANUAL_APPROVAL,create blocked — MEDIUM db match,
,,Bahçe ve Yapı › Yapı Market › Tesisat › Musluk,CREATE_NEW,LOW,0,0,0,MANUAL_APPROVAL,create blocked — MEDIUM db match,
,,Bahçe ve Yapı › Yapı Market › Tesisat › Batarya,CREATE_NEW,LOW,0,0,0,SAFE_AUTOMATIC,validated no-match create,
,,Bahçe ve Yapı › Yapı Market › Tesisat › Duş Seti,CREATE_NEW,LOW,0,0,0,SAFE_AUTOMATIC,validated no-match create,
,,Bahçe ve Yapı › Yapı Market › Tesisat › Vana,CREATE_NEW,LOW,0,0,0,SAFE_AUTOMATIC,validated no-match create,
,,Bahçe ve Yapı › Yapı Market › Tesisat › Boru,CREATE_NEW,LOW,0,0,0,SAFE_AUTOMATIC,validated no-match create,
,,Bahçe ve Yapı › Yapı Market › Tesisat › Sifon,CREATE_NEW,LOW,0,0,0,MANUAL_APPROVAL,create blocked — MEDIUM db match,
,,Bahçe ve Yapı › Yapı Market › Tesisat › Armatür,CREATE_NEW,LOW,0,0,0,SAFE_AUTOMATIC,validated no-match create,
,,Bahçe ve Yapı › Yapı Market › İzolasyon,CREATE_NEW,LOW,0,0,0,SAFE_AUTOMATIC,validated no-match create,
,,Bahçe ve Yapı › Yapı Market › İzolasyon › Isı Yalıtımı,CREATE_NEW,LOW,0,0,0,SAFE_AUTOMATIC,validated no-match create,
,,Bahçe ve Yapı › Yapı Market › İzolasyon › Su Yalıtımı,CREATE_NEW,LOW,0,0,0,SAFE_AUTOMATIC,validated no-match create,
,,Bahçe ve Yapı › Yapı Market › İzolasyon › Ses Yalıtımı,CREATE_NEW,LOW,0,0,0,SAFE_AUTOMATIC,validated no-match create,
,,Bahçe ve Yapı › Yapı Market › İzolasyon › Çatı Kaplama,CREATE_NEW,LOW,0,0,0,SAFE_AUTOMATIC,validated no-match create,
,,Bahçe ve Yapı › Yapı Market › İzolasyon › Yalıtım Bandı,CREATE_NEW,LOW,0,0,0,SAFE_AUTOMATIC,validated no-match create,
,,Endüstriyel ve Ticari Ürünler,CREATE_NEW,LOW,0,0,0,MANUAL_APPROVAL,create blocked — EXACT db match,
,,Endüstriyel ve Ticari Ürünler › Endüstriyel Makineler,CREATE_NEW,LOW,0,0,0,SAFE_AUTOMATIC,validated no-match create,
,,Endüstriyel ve Ticari Ürünler › Endüstriyel Makineler › Üretim Makineleri,CREATE_NEW,LOW,0,0,0,SAFE_AUTOMATIC,validated no-match create,
,,Endüstriyel ve Ticari Ürünler › Endüstriyel Makineler › Üretim Makineleri › CNC Makinesi,CREATE_NEW,LOW,0,0,0,SAFE_AUTOMATIC,validated no-match create,
,,Endüstriyel ve Ticari Ürünler › Endüstriyel Makineler › Üretim Makineleri › Torna,CREATE_NEW,LOW,0,0,0,MANUAL_APPROVAL,create blocked — MEDIUM db match,
,,Endüstriyel ve Ticari Ürünler › Endüstriyel Makineler › Üretim Makineleri › Freze,CREATE_NEW,LOW,0,0,0,MANUAL_APPROVAL,create blocked — MEDIUM db match,
,,Endüstriyel ve Ticari Ürünler › Endüstriyel Makineler › Üretim Makineleri › Pres,CREATE_NEW,LOW,0,0,0,MANUAL_APPROVAL,create blocked — MEDIUM db match,
,,Endüstriyel ve Ticari Ürünler › Endüstriyel Makineler › Üretim Makineleri › Lazer Kesim,CREATE_NEW,LOW,0,0,0,SAFE_AUTOMATIC,validated no-match create,
,,Endüstriyel ve Ticari Ürünler › Endüstriyel Makineler › Üretim Makineleri › Plazma Kesim,CREATE_NEW,LOW,0,0,0,SAFE_AUTOMATIC,validated no-match create,
,,Endüstriyel ve Ticari Ürünler › Endüstriyel Makineler › Üretim Makineleri › Şerit Testere,CREATE_NEW,LOW,0,0,0,SAFE_AUTOMATIC,validated no-match create,
,,Endüstriyel ve Ticari Ürünler › Endüstriyel Makineler › Üretim Makineleri › Paketleme Makinesi,CREATE_NEW,LOW,0,0,0,SAFE_AUTOMATIC,validated no-match create,
,,Endüstriyel ve Ticari Ürünler › Endüstriyel Makineler › Atölye Ekipmanları,CREATE_NEW,LOW,0,0,0,SAFE_AUTOMATIC,validated no-match create,
cmsg3xkhc00o9uzdcnb2mks41,Kompresör,Endüstriyel ve Ticari Ürünler › Endüstriyel Makineler › Atölye Ekipmanları › Kompresör,MOVE,LOW,0,0,0,SAFE_AUTOMATIC,empty move preserve id,move from parent 'Sanayi Makineleri' → 'Atölye Ekipmanları'
cmsg3xki300obuzdcfdpdmkxu,Jeneratör,Endüstriyel ve Ticari Ürünler › Endüstriyel Makineler › Atölye Ekipmanları › Jeneratör,MOVE,LOW,0,0,0,SAFE_AUTOMATIC,empty move preserve id,move from parent 'Sanayi Makineleri' → 'Atölye Ekipmanları'
,,Endüstriyel ve Ticari Ürünler › Endüstriyel Makineler › Atölye Ekipmanları › Kaynak Makinesi,CREATE_NEW,LOW,0,0,0,SAFE_AUTOMATIC,validated no-match create,
,,Endüstriyel ve Ticari Ürünler › Endüstriyel Makineler › Atölye Ekipmanları › Hava Tabancası,CREATE_NEW,LOW,0,0,0,SAFE_AUTOMATIC,validated no-match create,
,,Endüstriyel ve Ticari Ürünler › Endüstriyel Makineler › Atölye Ekipmanları › Takım Arabası,CREATE_NEW,LOW,0,0,0,SAFE_AUTOMATIC,validated no-match create,
,,Endüstriyel ve Ticari Ürünler › Endüstriyel Makineler › Atölye Ekipmanları › Mengene,CREATE_NEW,LOW,0,0,0,SAFE_AUTOMATIC,validated no-match create,
,,Endüstriyel ve Ticari Ürünler › Endüstriyel Makineler › Gıda Makineleri,CREATE_NEW,LOW,0,0,0,SAFE_WITH_TRANSACTION,create needs batch review,
,,Endüstriyel ve Ticari Ürünler › Endüstriyel Makineler › Gıda Makineleri › Hamur Yoğurma,CREATE_NEW,LOW,0,0,0,SAFE_AUTOMATIC,validated no-match create,
,,Endüstriyel ve Ticari Ürünler › Endüstriyel Makineler › Gıda Makineleri › Dilimleme Makinesi,CREATE_NEW,LOW,0,0,0,SAFE_AUTOMATIC,validated no-match create,
,,Endüstriyel ve Ticari Ürünler › Endüstriyel Makineler › Gıda Makineleri › Et Kıyma Makinesi,CREATE_NEW,LOW,0,0,0,SAFE_AUTOMATIC,validated no-match create,
,,Endüstriyel ve Ticari Ürünler › Endüstriyel Makineler › Gıda Makineleri › Vakum Makinesi,CREATE_NEW,LOW,0,0,0,SAFE_AUTOMATIC,validated no-match create,
,,Endüstriyel ve Ticari Ürünler › Endüstriyel Makineler › Gıda Makineleri › Endüstriyel Mikser,CREATE_NEW,LOW,0,0,0,SAFE_AUTOMATIC,validated no-match create,
,,Endüstriyel ve Ticari Ürünler › Endüstriyel Makineler › Gıda Makineleri › Fritöz,CREATE_NEW,LOW,0,0,0,SAFE_AUTOMATIC,validated no-match create,
,,Endüstriyel ve Ticari Ürünler › Depo ve Lojistik,CREATE_NEW,LOW,0,0,0,SAFE_AUTOMATIC,validated no-match create,
,,Endüstriyel ve Ticari Ürünler › Depo ve Lojistik › Depolama,CREATE_NEW,LOW,0,0,0,SAFE_AUTOMATIC,validated no-match create,
,,Endüstriyel ve Ticari Ürünler › Depo ve Lojistik › Depolama › Depo Rafı,CREATE_NEW,LOW,0,0,0,SAFE_AUTOMATIC,validated no-match create,
,,Endüstriyel ve Ticari Ürünler › Depo ve Lojistik › Depolama › Çelik Raf,CREATE_NEW,LOW,0,0,0,SAFE_AUTOMATIC,validated no-match create,
,,Endüstriyel ve Ticari Ürünler › Depo ve Lojistik › Depolama › Plastik Kasa,CREATE_NEW,LOW,0,0,0,SAFE_AUTOMATIC,validated no-match create,
,,Endüstriyel ve Ticari Ürünler › Depo ve Lojistik › Depolama › Palet,CREATE_NEW,LOW,0,0,0,SAFE_AUTOMATIC,validated no-match create,
,,Endüstriyel ve Ticari Ürünler › Depo ve Lojistik › Depolama › İstif Kutusu,CREATE_NEW,LOW,0,0,0,SAFE_AUTOMATIC,validated no-match create,
,,Endüstriyel ve Ticari Ürünler › Depo ve Lojistik › Depolama › Dolap,CREATE_NEW,LOW,0,0,0,SAFE_AUTOMATIC,validated no-match create,
,,Endüstriyel ve Ticari Ürünler › Depo ve Lojistik › Taşıma,CREATE_NEW,LOW,0,0,0,SAFE_AUTOMATIC,validated no-match create,
,,Endüstriyel ve Ticari Ürünler › Depo ve Lojistik › Taşıma › Transpalet,CREATE_NEW,LOW,0,0,0,SAFE_AUTOMATIC,validated no-match create,
,,Endüstriyel ve Ticari Ürünler › Depo ve Lojistik › Taşıma › İstif Makinesi,CREATE_NEW,LOW,0,0,0,SAFE_AUTOMATIC,validated no-match create,
,,Endüstriyel ve Ticari Ürünler › Depo ve Lojistik › Taşıma › Platform Arabası,CREATE_NEW,LOW,0,0,0,SAFE_AUTOMATIC,validated no-match create,
,,Endüstriyel ve Ticari Ürünler › Depo ve Lojistik › Taşıma › El Arabası,CREATE_NEW,LOW,0,0,0,SAFE_AUTOMATIC,validated no-match create,
,,Endüstriyel ve Ticari Ürünler › Depo ve Lojistik › Taşıma › Konveyör,CREATE_NEW,LOW,0,0,0,SAFE_AUTOMATIC,validated no-match create,
,,Endüstriyel ve Ticari Ürünler › Depo ve Lojistik › Taşıma › Forklift Ataşmanı,CREATE_NEW,LOW,0,0,0,SAFE_WITH_TRANSACTION,create needs batch review,
,,Endüstriyel ve Ticari Ürünler › Mağaza ve Market,CREATE_NEW,LOW,0,0,0,SAFE_AUTOMATIC,validated no-match create,
,,Endüstriyel ve Ticari Ürünler › Mağaza ve Market › Mağaza Ekipmanları,CREATE_NEW,LOW,0,0,0,SAFE_AUTOMATIC,validated no-match create,
,,Endüstriyel ve Ticari Ürünler › Mağaza ve Market › Mağaza Ekipmanları › Raf Sistemi,CREATE_NEW,LOW,0,0,0,SAFE_AUTOMATIC,validated no-match create,
,,Endüstriyel ve Ticari Ürünler › Mağaza ve Market › Mağaza Ekipmanları › Vitrin,CREATE_NEW,LOW,0,0,0,SAFE_AUTOMATIC,validated no-match create,
,,Endüstriyel ve Ticari Ürünler › Mağaza ve Market › Mağaza Ekipmanları › Askılık,CREATE_NEW,LOW,0,0,0,SAFE_AUTOMATIC,validated no-match create,
,,Endüstriyel ve Ticari Ürünler › Mağaza ve Market › Mağaza Ekipmanları › Manken,CREATE_NEW,LOW,0,0,0,SAFE_AUTOMATIC,validated no-match create,
,,Endüstriyel ve Ticari Ürünler › Mağaza ve Market › Mağaza Ekipmanları › Kasa Bankosu,CREATE_NEW,LOW,0,0,0,SAFE_AUTOMATIC,validated no-match create,
,,Endüstriyel ve Ticari Ürünler › Mağaza ve Market › Mağaza Ekipmanları › Fiyat Etiketi,CREATE_NEW,LOW,0,0,0,SAFE_AUTOMATIC,validated no-match create,
,,Endüstriyel ve Ticari Ürünler › Mağaza ve Market › Ödeme ve Otomasyon,CREATE_NEW,LOW,0,0,0,SAFE_AUTOMATIC,validated no-match create,
,,Endüstriyel ve Ticari Ürünler › Mağaza ve Market › Ödeme ve Otomasyon › Yazar Kasa,CREATE_NEW,LOW,0,0,0,SAFE_AUTOMATIC,validated no-match create,
,,Endüstriyel ve Ticari Ürünler › Mağaza ve Market › Ödeme ve Otomasyon › POS Terminali,CREATE_NEW,LOW,0,0,0,SAFE_AUTOMATIC,validated no-match create,
,,Endüstriyel ve Ticari Ürünler › Mağaza ve Market › Ödeme ve Otomasyon › Barkod Okuyucu,CREATE_NEW,LOW,0,0,0,SAFE_AUTOMATIC,validated no-match create,
,,Endüstriyel ve Ticari Ürünler › Mağaza ve Market › Ödeme ve Otomasyon › Etiket Yazıcı,CREATE_NEW,LOW,0,0,0,SAFE_WITH_TRANSACTION,create needs batch review,
,,Endüstriyel ve Ticari Ürünler › Mağaza ve Market › Ödeme ve Otomasyon › Para Çekmecesi,CREATE_NEW,LOW,0,0,0,SAFE_AUTOMATIC,validated no-match create,
,,Endüstriyel ve Ticari Ürünler › Mağaza ve Market › Ödeme ve Otomasyon › Terazi,CREATE_NEW,LOW,0,0,0,SAFE_AUTOMATIC,validated no-match create,
,,Endüstriyel ve Ticari Ürünler › Mağaza ve Market › Soğutma,CREATE_NEW,LOW,0,0,0,SAFE_AUTOMATIC,validated no-match create,
,,Endüstriyel ve Ticari Ürünler › Mağaza ve Market › Soğutma › Market Dolabı,CREATE_NEW,LOW,0,0,0,SAFE_AUTOMATIC,validated no-match create,
,,Endüstriyel ve Ticari Ürünler › Mağaza ve Market › Soğutma › Şarküteri Dolabı,CREATE_NEW,LOW,0,0,0,SAFE_AUTOMATIC,validated no-match create,
,,Endüstriyel ve Ticari Ürünler › Mağaza ve Market › Soğutma › Dondurma Reyonu,CREATE_NEW,LOW,0,0,0,SAFE_AUTOMATIC,validated no-match create,
,,Endüstriyel ve Ticari Ürünler › Mağaza ve Market › Soğutma › Soğuk Oda Ekipmanı,CREATE_NEW,LOW,0,0,0,SAFE_AUTOMATIC,validated no-match create,
,,Endüstriyel ve Ticari Ürünler › Restoran ve Otel,CREATE_NEW,LOW,0,0,0,SAFE_AUTOMATIC,validated no-match create,
,,Endüstriyel ve Ticari Ürünler › Restoran ve Otel › Mutfak Ekipmanları,CREATE_NEW,LOW,0,0,0,SAFE_AUTOMATIC,validated no-match create,
,,Endüstriyel ve Ticari Ürünler › Restoran ve Otel › Mutfak Ekipmanları › Endüstriyel Fırın,CREATE_NEW,LOW,0,0,0,SAFE_AUTOMATIC,validated no-match create,
,,Endüstriyel ve Ticari Ürünler › Restoran ve Otel › Mutfak Ekipmanları › Endüstriyel Ocak,CREATE_NEW,LOW,0,0,0,SAFE_AUTOMATIC,validated no-match create,
,,Endüstriyel ve Ticari Ürünler › Restoran ve Otel › Mutfak Ekipmanları › Endüstriyel Bulaşık,CREATE_NEW,LOW,0,0,0,SAFE_AUTOMATIC,validated no-match create,
cmsg3xgur0059uzdcp093xrys,Davlumbaz,Endüstriyel ve Ticari Ürünler › Restoran ve Otel › Mutfak Ekipmanları › Davlumbaz,MOVE,LOW,0,0,0,SAFE_AUTOMATIC,empty move preserve id,move from parent 'Beyaz Eşya' → 'Mutfak Ekipmanları'
,,Endüstriyel ve Ticari Ürünler › Restoran ve Otel › Mutfak Ekipmanları › Hazırlık Tezgahı,CREATE_NEW,LOW,0,0,0,SAFE_AUTOMATIC,validated no-match create,
,,Endüstriyel ve Ticari Ürünler › Restoran ve Otel › Servis Ekipmanları,CREATE_NEW,LOW,0,0,0,SAFE_AUTOMATIC,validated no-match create,
,,Endüstriyel ve Ticari Ürünler › Restoran ve Otel › Servis Ekipmanları › Servis Arabası,CREATE_NEW,LOW,0,0,0,SAFE_AUTOMATIC,validated no-match create,
,,Endüstriyel ve Ticari Ürünler › Restoran ve Otel › Servis Ekipmanları › Benmari,CREATE_NEW,LOW,0,0,0,SAFE_AUTOMATIC,validated no-match create,
,,Endüstriyel ve Ticari Ürünler › Restoran ve Otel › Servis Ekipmanları › Çay Kazanı,CREATE_NEW,LOW,0,0,0,SAFE_AUTOMATIC,validated no-match create,
,,Endüstriyel ve Ticari Ürünler › Restoran ve Otel › Servis Ekipmanları › Kahve Makinesi,CREATE_NEW,LOW,0,0,0,SAFE_WITH_TRANSACTION,create needs batch review,
,,Endüstriyel ve Ticari Ürünler › Restoran ve Otel › Servis Ekipmanları › Buz Makinesi,CREATE_NEW,LOW,0,0,0,SAFE_AUTOMATIC,validated no-match create,
,,Endüstriyel ve Ticari Ürünler › Restoran ve Otel › Otel Ekipmanları,CREATE_NEW,LOW,0,0,0,SAFE_AUTOMATIC,validated no-match create,
,,Endüstriyel ve Ticari Ürünler › Restoran ve Otel › Otel Ekipmanları › Mini Bar,CREATE_NEW,LOW,0,0,0,SAFE_AUTOMATIC,validated no-match create,
,,Endüstriyel ve Ticari Ürünler › Restoran ve Otel › Otel Ekipmanları › Otel Tipi Kasa,CREATE_NEW,LOW,0,0,0,SAFE_AUTOMATIC,validated no-match create,
,,Endüstriyel ve Ticari Ürünler › Restoran ve Otel › Otel Ekipmanları › Bagaj Arabası,CREATE_NEW,LOW,0,0,0,SAFE_AUTOMATIC,validated no-match create,
,,Endüstriyel ve Ticari Ürünler › Restoran ve Otel › Otel Ekipmanları › Kat Arabası,CREATE_NEW,LOW,0,0,0,SAFE_AUTOMATIC,validated no-match create,
,,Endüstriyel ve Ticari Ürünler › Restoran ve Otel › Otel Ekipmanları › Otel Tekstili,CREATE_NEW,LOW,0,0,0,SAFE_AUTOMATIC,validated no-match create,
,,Endüstriyel ve Ticari Ürünler › İş Güvenliği,CREATE_NEW,LOW,0,0,0,SAFE_AUTOMATIC,validated no-match create,
,,Endüstriyel ve Ticari Ürünler › İş Güvenliği › Kişisel Koruyucu,CREATE_NEW,LOW,0,0,0,SAFE_AUTOMATIC,validated no-match create,
,,Endüstriyel ve Ticari Ürünler › İş Güvenliği › Kişisel Koruyucu › Baret,CREATE_NEW,LOW,0,0,0,SAFE_AUTOMATIC,validated no-match create,
,,Endüstriyel ve Ticari Ürünler › İş Güvenliği › Kişisel Koruyucu › İş Ayakkabısı,CREATE_NEW,LOW,0,0,0,SAFE_AUTOMATIC,validated no-match create,
,,Endüstriyel ve Ticari Ürünler › İş Güvenliği › Kişisel Koruyucu › İş Eldiveni,CREATE_NEW,LOW,0,0,0,SAFE_AUTOMATIC,validated no-match create,
,,Endüstriyel ve Ticari Ürünler › İş Güvenliği › Kişisel Koruyucu › Koruyucu Gözlük,CREATE_NEW,LOW,0,0,0,SAFE_AUTOMATIC,validated no-match create,
,,Endüstriyel ve Ticari Ürünler › İş Güvenliği › Kişisel Koruyucu › Maske,CREATE_NEW,LOW,0,0,0,SAFE_AUTOMATIC,validated no-match create,
,,Endüstriyel ve Ticari Ürünler › İş Güvenliği › Kişisel Koruyucu › Reflektörlü Yelek,CREATE_NEW,LOW,0,0,0,SAFE_AUTOMATIC,validated no-match create,
,,Endüstriyel ve Ticari Ürünler › İş Güvenliği › Kişisel Koruyucu › Emniyet Kemeri,CREATE_NEW,LOW,0,0,0,SAFE_AUTOMATIC,validated no-match create,
,,Endüstriyel ve Ticari Ürünler › İş Güvenliği › İşyeri Güvenliği,CREATE_NEW,LOW,0,0,0,SAFE_AUTOMATIC,validated no-match create,
,,Endüstriyel ve Ticari Ürünler › İş Güvenliği › İşyeri Güvenliği › Yangın Söndürücü,CREATE_NEW,LOW,0,0,0,SAFE_AUTOMATIC,validated no-match create,
,,Endüstriyel ve Ticari Ürünler › İş Güvenliği › İşyeri Güvenliği › Uyarı Levhası,CREATE_NEW,LOW,0,0,0,SAFE_AUTOMATIC,validated no-match create,
,,Endüstriyel ve Ticari Ürünler › İş Güvenliği › İşyeri Güvenliği › Bariyer,CREATE_NEW,LOW,0,0,0,SAFE_AUTOMATIC,validated no-match create,
,,Endüstriyel ve Ticari Ürünler › İş Güvenliği › İşyeri Güvenliği › İlk Yardım Dolabı,CREATE_NEW,LOW,0,0,0,SAFE_AUTOMATIC,validated no-match create,
,,Endüstriyel ve Ticari Ürünler › İş Güvenliği › İşyeri Güvenliği › Acil Aydınlatma,CREATE_NEW,LOW,0,0,0,SAFE_WITH_TRANSACTION,create needs batch review,
,,Endüstriyel ve Ticari Ürünler › Ofis ve Ticari Teknoloji,CREATE_NEW,LOW,0,0,0,SAFE_AUTOMATIC,validated no-match create,
,,Endüstriyel ve Ticari Ürünler › Ofis ve Ticari Teknoloji › Kurumsal Donanım,CREATE_NEW,LOW,0,0,0,SAFE_AUTOMATIC,validated no-match create,
,,Endüstriyel ve Ticari Ürünler › Ofis ve Ticari Teknoloji › Kurumsal Donanım › Sunucu,CREATE_NEW,LOW,0,0,0,SAFE_AUTOMATIC,validated no-match create,
,,Endüstriyel ve Ticari Ürünler › Ofis ve Ticari Teknoloji › Kurumsal Donanım › Rack Kabin,CREATE_NEW,LOW,0,0,0,SAFE_AUTOMATIC,validated no-match create,
,,Endüstriyel ve Ticari Ürünler › Ofis ve Ticari Teknoloji › Kurumsal Donanım › UPS,CREATE_NEW,LOW,0,0,0,SAFE_AUTOMATIC,validated no-match create,
,,Endüstriyel ve Ticari Ürünler › Ofis ve Ticari Teknoloji › Kurumsal Donanım › Switch,CREATE_NEW,LOW,0,0,0,SAFE_AUTOMATIC,validated no-match create,
,,Endüstriyel ve Ticari Ürünler › Ofis ve Ticari Teknoloji › Kurumsal Donanım › Kurumsal Yazıcı,CREATE_NEW,LOW,0,0,0,SAFE_WITH_TRANSACTION,create needs batch review,
,,Endüstriyel ve Ticari Ürünler › Ofis ve Ticari Teknoloji › Kurumsal Donanım › Video Konferans Sistemi,CREATE_NEW,LOW,0,0,0,SAFE_AUTOMATIC,validated no-match create,
,,Endüstriyel ve Ticari Ürünler › Ofis ve Ticari Teknoloji › Güvenlik ve Geçiş,CREATE_NEW,LOW,0,0,0,SAFE_AUTOMATIC,validated no-match create,
,,Endüstriyel ve Ticari Ürünler › Ofis ve Ticari Teknoloji › Güvenlik ve Geçiş › Turnike,CREATE_NEW,LOW,0,0,0,SAFE_AUTOMATIC,validated no-match create,
,,Endüstriyel ve Ticari Ürünler › Ofis ve Ticari Teknoloji › Güvenlik ve Geçiş › Kartlı Geçiş,CREATE_NEW,LOW,0,0,0,SAFE_AUTOMATIC,validated no-match create,
,,Endüstriyel ve Ticari Ürünler › Ofis ve Ticari Teknoloji › Güvenlik ve Geçiş › Parmak İzi Cihazı,CREATE_NEW,LOW,0,0,0,SAFE_AUTOMATIC,validated no-match create,
,,Endüstriyel ve Ticari Ürünler › Ofis ve Ticari Teknoloji › Güvenlik ve Geçiş › X-Ray Cihazı,CREATE_NEW,LOW,0,0,0,SAFE_AUTOMATIC,validated no-match create,
,,Endüstriyel ve Ticari Ürünler › Ofis ve Ticari Teknoloji › Güvenlik ve Geçiş › Metal Dedektörü,CREATE_NEW,LOW,0,0,0,SAFE_AUTOMATIC,validated no-match create,
cms93j5l1001vuz3gboidp5m9,Sıfır,,ARCHIVE,LOW,4,0,0,MANUAL_APPROVAL,KEEP,in DB (sifir) but not in target MD by name match
cmsg3xg18000zuzdct7y3h84l,Akıllı Saat & Bileklik,,ARCHIVE,LOW,0,0,0,MANUAL_APPROVAL,RENAME,in DB (sifir) but not in target MD by name match
cmsg3xg1g0011uzdcfo9uiwzh,Kulaklık & Bluetooth,,ARCHIVE,LOW,0,0,0,MANUAL_APPROVAL,RENAME,in DB (sifir) but not in target MD by name match
cmsg3xg1y0013uzdcn3no2nil,Şarj & Powerbank,,SPLIT,HIGH,0,0,0,MANUAL_APPROVAL,SPLIT,title keyword: powerbank|şarj|adaptör
cmsg3xg250015uzdcac1tp3f4,Kılıf & Koruyucu,,ARCHIVE,LOW,0,0,0,SAFE_WITH_TRANSACTION,archive confirmed empty,in DB (sifir) but not in target MD by name match
cmsg3xg2e0017uzdcsodciep8,Diğer Aksesuar,,ARCHIVE,LOW,0,0,0,SAFE_WITH_TRANSACTION,archive confirmed empty,in DB (sifir) but not in target MD by name match
cmsg3xg2n0019uzdc9ltguw8a,Yenilenmiş Telefon,,ARCHIVE,LOW,0,0,0,SAFE_WITH_TRANSACTION,archive confirmed empty,in DB (sifir) but not in target MD by name match
cmsg3xg3m001huzdc7fdghxgl,Şarj Cihazı,,ARCHIVE,LOW,0,0,0,MANUAL_APPROVAL,MANUAL_REVIEW,in DB (sifir) but not in target MD by name match
cmsg3xg46001luzdc6nkzdram,Araç Telefon Aksesuarı,,ARCHIVE,LOW,0,0,0,SAFE_WITH_TRANSACTION,archive confirmed empty,in DB (sifir) but not in target MD by name match
cmsg3xg4p001nuzdcfo07dap1,Telefon Yedek Parçası,,ARCHIVE,LOW,0,0,0,SAFE_WITH_TRANSACTION,archive confirmed empty,in DB (sifir) but not in target MD by name match
cmsg3xgb4002fuzdc9803rtxy,Dizüstü (Notebook),,ARCHIVE,LOW,0,0,0,MANUAL_APPROVAL,MOVE,in DB (sifir) but not in target MD by name match
cmsg3xgbp002huzdcc5tcrs10,Masaüstü,,ARCHIVE,LOW,0,0,0,SAFE_WITH_TRANSACTION,archive confirmed empty,in DB (sifir) but not in target MD by name match
cmsg3xgfp002puzdcg7jmoiov,Yazıcı & Tarayıcı,,SPLIT,HIGH,0,0,0,MANUAL_APPROVAL,SPLIT,title keyword: yazıcı|tarayıcı|scanner
cmsg3xgg0002ruzdcqrjb1co0,"Parça (RAM, SSD, Ekran Kartı…)",,ARCHIVE,LOW,0,0,0,SAFE_WITH_TRANSACTION,archive confirmed empty,in DB (sifir) but not in target MD by name match
cmsg3xgg9002tuzdctxioz346,"Klavye, Mouse & Çevre Birimi",,ARCHIVE,LOW,0,0,0,SAFE_WITH_TRANSACTION,archive confirmed empty,in DB (sifir) but not in target MD by name match
cmsg3xggl002vuzdc797cj1tk,Network & Modem,,ARCHIVE,LOW,0,0,0,SAFE_WITH_TRANSACTION,archive confirmed empty,in DB (sifir) but not in target MD by name match
cmsg3xggw002xuzdcmr7bli1s,Yazılım,,ARCHIVE,LOW,0,0,0,SAFE_WITH_TRANSACTION,archive confirmed empty,in DB (sifir) but not in target MD by name match
cms93j5p80031uz3g0ifpzc1a,Müzik,,ARCHIVE,LOW,0,0,0,MANUAL_APPROVAL,MOVE,in DB (sifir) but not in target MD by name match
cms93j5pg0033uz3gj3ie66g7,Ofis & Kırtasiye,,ARCHIVE,LOW,1,0,0,MANUAL_APPROVAL,RENAME,in DB (sifir) but not in target MD by name match
cms93j5pn0035uz3guja0tfco,Antika & Koleksiyon,,ARCHIVE,LOW,0,0,0,MANUAL_APPROVAL,KEEP,in DB (sifir) but not in target MD by name match
cms93j5q50039uz3gnhdqjrvs,Yiyecek & İçecek,,ARCHIVE,LOW,0,0,0,MANUAL_APPROVAL,ADD_TO_TARGET_TREE,in DB (sifir) but not in target MD by name match
cmsdkecae003huzyc6uys6m47,İş Makineleri,,ARCHIVE,LOW,0,0,0,MANUAL_APPROVAL,RENAME,in DB (sifir) but not in target MD by name match
cmsdkecak003juzycjc0pp98j,Tarım Makineleri,,ARCHIVE,LOW,0,0,0,MANUAL_APPROVAL,RENAME,in DB (sifir) but not in target MD by name match
cms93j5ma0029uz3gdtgnknvu,Ev Elektroniği,,ARCHIVE,LOW,1,0,0,MANUAL_APPROVAL,MERGE,in DB (sifir) but not in target MD by name match
cms93j5mx002fuz3gpwzgsr4y,Teknik Elektronik,,MANUAL_REVIEW,MEDIUM,0,0,0,MANUAL_APPROVAL,MANUAL_REVIEW,fold legacy electronics ana into Elektronik — MANUAL_REVIEW children → Elektronik
cms93j5nc002juz3g4cu8n2z7,Ayakkabı & Çanta,,MANUAL_REVIEW,HIGH,1,0,0,MANUAL_APPROVAL,MANUAL_REVIEW,Ayakkabı & Çanta ana → Moda subtree — MANUAL_REVIEW → Moda
cms93j5nj002luz3g1ovcvwie,"Saat, Takı & Mücevher",,ARCHIVE,LOW,0,0,0,MANUAL_APPROVAL,ADD_TO_TARGET_TREE,in DB (sifir) but not in target MD by name match
cms93j5nq002nuz3g1h9mrras,Kişisel Bakım & Kozmetik,,ARCHIVE,LOW,0,0,0,MANUAL_APPROVAL,RENAME,in DB (sifir) but not in target MD by name match
cms93j5ny002puz3ghofscas0,Anne & Bebek,,ARCHIVE,LOW,0,0,0,MANUAL_APPROVAL,MOVE,in DB (sifir) but not in target MD by name match
cms93j5oc002tuz3gqj1lq1rr,Bahçe & Yapı Market,,ARCHIVE,LOW,0,0,0,MANUAL_APPROVAL,RENAME,in DB (sifir) but not in target MD by name match
cms93j5l8001xuz3gsasrgk49,Cep Telefonu & Aksesuar,,SPLIT,CRITICAL,1,0,0,MANUAL_APPROVAL,SPLIT,split group: phones vs accessories by title/attrs
cms93j5or002xuz3gee4atdma,Hobi & Oyuncak,,ARCHIVE,LOW,1,0,0,MANUAL_APPROVAL,RENAME,in DB (sifir) but not in target MD by name match
cms93j5oz002zuz3gnhm3q5gn,"Kitap, Dergi & Film",,ARCHIVE,LOW,1,0,0,MANUAL_APPROVAL,RENAME,in DB (sifir) but not in target MD by name match
cmsdkecar003luzyc7d1wqrb7,Sanayi Makineleri,,ARCHIVE,LOW,0,0,0,MANUAL_APPROVAL,RENAME,in DB (sifir) but not in target MD by name match
cms93j5qc003buz3g50apc5vu,Diğer Her Şey,,ARCHIVE,LOW,0,0,0,MANUAL_APPROVAL,MANUAL_REVIEW,Diğer Her Şey — ARCHIVE or MANUAL_REVIEW
cmsg3xgj80037uzdcbfpvakj4,Tablet Aksesuar,,ARCHIVE,LOW,0,0,0,SAFE_WITH_TRANSACTION,archive confirmed empty,in DB (sifir) but not in target MD by name match
cmsg3xguk0057uzdckk84z04k,Fırın & Ocak,,ARCHIVE,LOW,0,0,0,SAFE_WITH_TRANSACTION,archive confirmed empty,in DB (sifir) but not in target MD by name match
cmsg3xgv7005duzdc7yd6gsvx,Kombi & Termosifon,,ARCHIVE,LOW,0,0,0,SAFE_WITH_TRANSACTION,archive confirmed empty,in DB (sifir) but not in target MD by name match
cmsg3xgve005fuzdcqx1ux0ep,Diğer,,ARCHIVE,LOW,0,0,0,SAFE_WITH_TRANSACTION,archive confirmed empty,in DB (sifir) but not in target MD by name match
cmsg3xgvm005huzdcjd0j97tj,Tek Kapılı Buzdolabı,,ARCHIVE,LOW,0,0,0,SAFE_WITH_TRANSACTION,archive confirmed empty,in DB (sifir) but not in target MD by name match
cmsg3xgvz005juzdc4tdlnfvm,Çift Kapılı Buzdolabı,,ARCHIVE,LOW,0,0,0,SAFE_WITH_TRANSACTION,archive confirmed empty,in DB (sifir) but not in target MD by name match
cmsg3xgwd005luzdczbg5qdwz,No Frost,,ARCHIVE,LOW,0,0,0,SAFE_WITH_TRANSACTION,archive confirmed empty,in DB (sifir) but not in target MD by name match
cmsg3xgwl005nuzdcgpl7tkao,Gardırop Tipi,,ARCHIVE,LOW,0,0,0,SAFE_WITH_TRANSACTION,archive confirmed empty,in DB (sifir) but not in target MD by name match
cmsg3xh91008fuzdc774prz92,Fotoğraf Makinesi,,ARCHIVE,LOW,0,0,0,MANUAL_APPROVAL,MANUAL_REVIEW,in DB (sifir) but not in target MD by name match
cmsg3xh9m008luzdc2lhby8xv,Objektif,,ARCHIVE,LOW,0,0,0,SAFE_WITH_TRANSACTION,archive confirmed empty,in DB (sifir) but not in target MD by name match
cmsg3xh9u008nuzdcn9mpo67o,Tripod & Aksesuar,,ARCHIVE,LOW,0,0,0,MANUAL_APPROVAL,SPLIT,in DB (sifir) but not in target MD by name match
cmsg3xh7e0081uzdc7qnjowfz,Oyun (CD / Dijital),,ARCHIVE,LOW,0,0,0,SAFE_WITH_TRANSACTION,archive confirmed empty,in DB (sifir) but not in target MD by name match
cmsg3xh54007juzdcu4xw1fg8,Isıtıcı & Fan,,ARCHIVE,LOW,0,0,0,SAFE_WITH_TRANSACTION,archive confirmed empty,in DB (sifir) but not in target MD by name match
cmsg3xh5d007luzdc8wcf168q,Nem Alma & Hava Temizleyici,,ARCHIVE,LOW,0,0,0,MANUAL_APPROVAL,MANUAL_REVIEW,in DB (sifir) but not in target MD by name match
cmsg3xh5j007nuzdcxy5fxy14,Dikiş & Ütü Makinesi,,ARCHIVE,LOW,0,0,0,MANUAL_APPROVAL,MANUAL_REVIEW,in DB (sifir) but not in target MD by name match
cmsg3xh5t007puzdcry188nlg,Su Arıtma,,ARCHIVE,LOW,0,0,0,MANUAL_APPROVAL,RENAME,in DB (sifir) but not in target MD by name match
cmsg3xh63007ruzdcbu03rqaf,Diğer,,ARCHIVE,LOW,0,0,0,SAFE_WITH_TRANSACTION,archive confirmed empty,in DB (sifir) but not in target MD by name match
cmsg3xhbr0091uzdckxwp3a3v,Elektronik Komponent,,ARCHIVE,LOW,0,0,0,SAFE_WITH_TRANSACTION,archive confirmed empty,in DB (sifir) but not in target MD by name match
cmsg3xhc40093uzdceipe4zr2,Arduino / Raspberry / Maker,,ARCHIVE,LOW,0,0,0,SAFE_WITH_TRANSACTION,archive confirmed empty,in DB (sifir) but not in target MD by name match
cmsg3xhcb0095uzdcxn7vhwj9,Ölçüm Cihazı,,ARCHIVE,LOW,0,0,0,SAFE_WITH_TRANSACTION,archive confirmed empty,in DB (sifir) but not in target MD by name match
cmsg3xhch0097uzdcjbgb4iw3,Güvenlik Kamerası,,ARCHIVE,LOW,0,0,0,SAFE_WITH_TRANSACTION,archive confirmed empty,in DB (sifir) but not in target MD by name match
cmsg3xhcq0099uzdcuueznmxr,Telsiz & Haberleşme,,ARCHIVE,LOW,0,0,0,SAFE_WITH_TRANSACTION,archive confirmed empty,in DB (sifir) but not in target MD by name match
cmsg3xhd1009buzdc8hh06x88,Diğer,,ARCHIVE,LOW,0,0,0,SAFE_WITH_TRANSACTION,archive confirmed empty,in DB (sifir) but not in target MD by name match
cmsg3xhgr00a3uzdcm2l6v0bz,Kadın Giyim,,ARCHIVE,LOW,0,0,0,SAFE_WITH_TRANSACTION,archive confirmed empty,in DB (sifir) but not in target MD by name match
cmsg3xhgx00a5uzdcibdkfgcj,Erkek Giyim,,ARCHIVE,LOW,0,0,0,SAFE_WITH_TRANSACTION,archive confirmed empty,in DB (sifir) but not in target MD by name match
cmsg3xhhc00a9uzdc398gz2xm,"Mont, Ceket & Kaban",,ARCHIVE,LOW,0,0,0,SAFE_WITH_TRANSACTION,archive confirmed empty,in DB (sifir) but not in target MD by name match
cmsg3xhhu00abuzdcpst0lb76,Pantolon & Etek,,ARCHIVE,LOW,0,0,0,SAFE_WITH_TRANSACTION,archive confirmed empty,in DB (sifir) but not in target MD by name match
cmsg3xhia00afuzdc1ks2rfgz,Spor Giyim,,ARCHIVE,LOW,0,0,0,SAFE_WITH_TRANSACTION,archive confirmed empty,in DB (sifir) but not in target MD by name match
cmsg3xhil00ahuzdcjltxgunu,İç Giyim & Pijama,,ARCHIVE,LOW,0,0,0,SAFE_WITH_TRANSACTION,archive confirmed empty,in DB (sifir) but not in target MD by name match
cmsg3xhix00ajuzdcfuswu4rw,"Şapka, Atkı & Kemer",,ARCHIVE,LOW,0,0,0,SAFE_WITH_TRANSACTION,archive confirmed empty,in DB (sifir) but not in target MD by name match
cmsg3xgmc003nuzdcr45bxgf1,Projeksiyon,,MANUAL_REVIEW,MEDIUM,0,0,0,MANUAL_APPROVAL,MANUAL_REVIEW,"legacy TV wrapper — alias to Televizyon, Görüntü ve Ses group → Elektronik › Televizyon, Görüntü ve Ses"
cmsg3xgmm003puzdcielhsi13,Ses Sistemi & Soundbar,,MANUAL_REVIEW,MEDIUM,0,0,0,MANUAL_APPROVAL,MANUAL_REVIEW,"legacy TV wrapper — alias to Televizyon, Görüntü ve Ses group → Elektronik › Televizyon, Görüntü ve Ses"
cmsg3xhmx00bbuzdcdbqnd7ro,Çocuk Ayakkabı,,MANUAL_REVIEW,MEDIUM,0,0,0,MANUAL_APPROVAL,MANUAL_REVIEW,Ayakkabı & Çanta ana → Moda subtree — MANUAL_REVIEW → Moda
cmsg3xhnl00bfuzdc46yu1kv0,Bot & Çizme,,MANUAL_REVIEW,MEDIUM,0,0,0,MANUAL_APPROVAL,MANUAL_REVIEW,Ayakkabı & Çanta ana → Moda subtree — MANUAL_REVIEW → Moda
cmsg3xhny00bhuzdc76u18q3l,Çanta & Bavul,,MANUAL_REVIEW,MEDIUM,0,0,0,MANUAL_APPROVAL,MANUAL_REVIEW,Ayakkabı & Çanta ana → Moda subtree — MANUAL_REVIEW → Moda
cmsg3xhot00bjuzdc6l7jez5s,Cüzdan & Kartlık,,MANUAL_REVIEW,MEDIUM,0,0,0,MANUAL_APPROVAL,MANUAL_REVIEW,Ayakkabı & Çanta ana → Moda subtree — MANUAL_REVIEW → Moda
cmsg3xht900bzuzdccxs5ex1b,Kol Saati,,ARCHIVE,LOW,0,0,0,SAFE_WITH_TRANSACTION,archive confirmed empty,in DB (sifir) but not in target MD by name match
cmsg3xhv900cbuzdcisdc2s26,Takı Seti,,ARCHIVE,LOW,0,0,0,MANUAL_APPROVAL,ADD_TO_TARGET_TREE,in DB (sifir) but not in target MD by name match
cmsg3xhy400cruzdccxizc257,Cilt Bakım,,ARCHIVE,LOW,0,0,0,SAFE_WITH_TRANSACTION,archive confirmed empty,in DB (sifir) but not in target MD by name match
cmsg3xhyt00cvuzdcyh6vkq2u,Saç Bakım,,ARCHIVE,LOW,0,0,0,SAFE_WITH_TRANSACTION,archive confirmed empty,in DB (sifir) but not in target MD by name match
cmsg3xhzf00czuzdcqmfrn5tv,Tıraş & Epilasyon,,ARCHIVE,LOW,0,0,0,SAFE_WITH_TRANSACTION,archive confirmed empty,in DB (sifir) but not in target MD by name match
cmsg3xhzx00d1uzdc1jtbzbr0,Ağız Bakım,,ARCHIVE,LOW,0,0,0,SAFE_WITH_TRANSACTION,archive confirmed empty,in DB (sifir) but not in target MD by name match
cmsg3xi0g00d3uzdc7by3vyg5,Erkek Bakım,,ARCHIVE,LOW,0,0,0,SAFE_WITH_TRANSACTION,archive confirmed empty,in DB (sifir) but not in target MD by name match
cmsg3xi4600dnuzdcgi3tt8qc,Oto Koltuğu,,ARCHIVE,LOW,0,0,0,SAFE_WITH_TRANSACTION,archive confirmed empty,in DB (sifir) but not in target MD by name match
cmsg3xi5000dtuzdckoicrtic,Bebek Bakım,,ARCHIVE,LOW,0,0,0,SAFE_WITH_TRANSACTION,archive confirmed empty,in DB (sifir) but not in target MD by name match
cmsg3xi5700dvuzdc3a9u7zee,Bebek Oyuncak,,ARCHIVE,LOW,0,0,0,SAFE_WITH_TRANSACTION,archive confirmed empty,in DB (sifir) but not in target MD by name match
cmsg3xi5g00dxuzdc8oboyx8d,Emzirme & Beslenme,,ARCHIVE,LOW,0,0,0,SAFE_WITH_TRANSACTION,archive confirmed empty,in DB (sifir) but not in target MD by name match
cmsg3xi5u00dzuzdco0d1bm39,Hamile Giyim,,ARCHIVE,LOW,0,0,0,SAFE_WITH_TRANSACTION,archive confirmed empty,in DB (sifir) but not in target MD by name match
cmsg3xgmy003ruzdcokrcyx4b,Ev Sineması,,MANUAL_REVIEW,MEDIUM,0,0,0,MANUAL_APPROVAL,MANUAL_REVIEW,"legacy TV wrapper — alias to Televizyon, Görüntü ve Ses group → Elektronik › Televizyon, Görüntü ve Ses"
cmsg3xgn8003tuzdcol02vrxf,Uydu & Receiver,,MANUAL_REVIEW,MEDIUM,0,0,0,MANUAL_APPROVAL,MANUAL_REVIEW,"legacy TV wrapper — alias to Televizyon, Görüntü ve Ses group → Elektronik › Televizyon, Görüntü ve Ses"
cmsg3xgnn003vuzdc5fidr31f,Media Player,,MANUAL_REVIEW,MEDIUM,0,0,0,MANUAL_APPROVAL,MANUAL_REVIEW,"legacy TV wrapper — alias to Televizyon, Görüntü ve Ses group → Elektronik › Televizyon, Görüntü ve Ses"
cmsg3xidu00fhuzdc6focam1e,Bahçe Aletleri,,ARCHIVE,LOW,0,0,0,SAFE_WITH_TRANSACTION,archive confirmed empty,in DB (sifir) but not in target MD by name match
cmsg3xie000fjuzdcl9asgi0c,Çim Biçme & Budama,,ARCHIVE,LOW,0,0,0,SAFE_WITH_TRANSACTION,archive confirmed empty,in DB (sifir) but not in target MD by name match
cmsg3xie900fluzdccz8unian,Sulama Sistemi,,ARCHIVE,LOW,0,0,0,SAFE_WITH_TRANSACTION,archive confirmed empty,in DB (sifir) but not in target MD by name match
cmsg3xief00fnuzdc3s4lvqk4,Yapı Malzemesi,,ARCHIVE,LOW,0,0,0,SAFE_WITH_TRANSACTION,archive confirmed empty,in DB (sifir) but not in target MD by name match
cmsg3xiem00fpuzdckq3kn6k7,El Aleti & Takım,,ARCHIVE,LOW,0,0,0,MANUAL_APPROVAL,ADD_TO_TARGET_TREE,in DB (sifir) but not in target MD by name match
cmsg3xieu00fruzdc4gz0bgd9,Elektrikli El Aleti,,ARCHIVE,LOW,0,0,0,SAFE_WITH_TRANSACTION,archive confirmed empty,in DB (sifir) but not in target MD by name match
cmsg3xif100ftuzdcqa93t5bv,Boya & Yalıtım,,ARCHIVE,LOW,0,0,0,SAFE_WITH_TRANSACTION,archive confirmed empty,in DB (sifir) but not in target MD by name match
cmsg3xif800fvuzdcsqbt481c,Tesisat Malzemesi,,ARCHIVE,LOW,0,0,0,SAFE_WITH_TRANSACTION,archive confirmed empty,in DB (sifir) but not in target MD by name match
cmsg3xi9k00enuzdc5ikopwip,Dekoratif Ürünler,,ARCHIVE,LOW,0,0,0,SAFE_WITH_TRANSACTION,archive confirmed empty,in DB (sifir) but not in target MD by name match
cmsg3xi9v00epuzdc8gn4b9jg,Mutfak Gereçleri,,ARCHIVE,LOW,0,0,0,SAFE_WITH_TRANSACTION,archive confirmed empty,in DB (sifir) but not in target MD by name match
cmsg3xia700eruzdcy6di2hub,Banyo Ürünleri,,ARCHIVE,LOW,0,0,0,SAFE_WITH_TRANSACTION,archive confirmed empty,in DB (sifir) but not in target MD by name match
cmsg3xiat00evuzdcfoa0iohd,Perde & Stor,,ARCHIVE,LOW,0,0,0,MANUAL_APPROVAL,MANUAL_REVIEW,in DB (sifir) but not in target MD by name match
cmsg3xiii00gjuzdc154c9rvm,Fitness & Kondisyon,,ARCHIVE,LOW,0,0,0,SAFE_WITH_TRANSACTION,archive confirmed empty,in DB (sifir) but not in target MD by name match
cmsg3xij600gnuzdc31ls39f2,Kamp & Outdoor,,ARCHIVE,LOW,0,0,0,MANUAL_APPROVAL,MOVE,in DB (sifir) but not in target MD by name match
cmsg3xijd00gpuzdc97wucurg,Yürüyüş & Koşu,,ARCHIVE,LOW,0,0,0,SAFE_WITH_TRANSACTION,archive confirmed empty,in DB (sifir) but not in target MD by name match
cmsg3xik000gvuzdc7lrq1uge,Tenis / Badminton / Masa Tenisi,,ARCHIVE,LOW,0,0,0,SAFE_WITH_TRANSACTION,archive confirmed empty,in DB (sifir) but not in target MD by name match
cmsg3xikg00gzuzdcp7yjr242,Kış Sporları,,ARCHIVE,LOW,0,0,0,SAFE_WITH_TRANSACTION,archive confirmed empty,in DB (sifir) but not in target MD by name match
cmsg3xind00hluzdcp0zt0e1x,LEGO & Yapboz,,ARCHIVE,LOW,0,0,0,SAFE_WITH_TRANSACTION,archive confirmed empty,in DB (sifir) but not in target MD by name match
cmsg3xinl00hnuzdcw45go9ys,Modelcilik & RC,,ARCHIVE,LOW,0,0,0,SAFE_WITH_TRANSACTION,archive confirmed empty,in DB (sifir) but not in target MD by name match
cmsg3xint00hpuzdc2gnpn0a9,Figür & Koleksiyon,,ARCHIVE,LOW,0,0,0,SAFE_WITH_TRANSACTION,archive confirmed empty,in DB (sifir) but not in target MD by name match
cmsg3xioe00htuzdcdxytvp0z,Pelüş,,ARCHIVE,LOW,0,0,0,SAFE_WITH_TRANSACTION,archive confirmed empty,in DB (sifir) but not in target MD by name match
cmsg3xiol00hvuzdc1qili42a,Kutu Oyunu,,ARCHIVE,LOW,0,0,0,SAFE_WITH_TRANSACTION,archive confirmed empty,in DB (sifir) but not in target MD by name match
cmsg3xiou00hxuzdcultde43w,Hobi Malzemesi,,ARCHIVE,LOW,0,0,0,SAFE_WITH_TRANSACTION,archive confirmed empty,in DB (sifir) but not in target MD by name match
cmsg3xip200hzuzdcwrshzgvc,Diğer,,ARCHIVE,LOW,0,0,0,SAFE_WITH_TRANSACTION,archive confirmed empty,in DB (sifir) but not in target MD by name match
cmsg3xiqu00iduzdceexrp97a,Ders Kitabı & Sınav,,ARCHIVE,LOW,0,0,0,SAFE_WITH_TRANSACTION,archive confirmed empty,in DB (sifir) but not in target MD by name match
cmsg3xir300ifuzdc6b1gd7z8,Dergi,,ARCHIVE,LOW,0,0,0,SAFE_WITH_TRANSACTION,archive confirmed empty,in DB (sifir) but not in target MD by name match
cmsg3xire00ihuzdc9o46387r,DVD / Blu-ray,,ARCHIVE,LOW,0,0,0,SAFE_WITH_TRANSACTION,archive confirmed empty,in DB (sifir) but not in target MD by name match
cmsg3xirn00ijuzdcqyfkqkbe,Plak & CD,,ARCHIVE,LOW,0,0,0,SAFE_WITH_TRANSACTION,archive confirmed empty,in DB (sifir) but not in target MD by name match
cmsg3xiua00j3uzdclupvubrz,Piyano & Klavye,,ARCHIVE,LOW,0,0,0,SAFE_WITH_TRANSACTION,archive confirmed empty,in DB (sifir) but not in target MD by name match
cmsg3xiun00j5uzdc2ytyjoj1,Bateri & Perküsyon,,ARCHIVE,LOW,0,0,0,SAFE_WITH_TRANSACTION,archive confirmed empty,in DB (sifir) but not in target MD by name match
cmsg3xiuz00j7uzdclt9279xq,Yaylı Çalgılar,,ARCHIVE,LOW,0,0,0,SAFE_WITH_TRANSACTION,archive confirmed empty,in DB (sifir) but not in target MD by name match
cmsg3xiv600j9uzdc60a5kz9u,Üflemeli,,ARCHIVE,LOW,0,0,0,SAFE_WITH_TRANSACTION,archive confirmed empty,in DB (sifir) but not in target MD by name match
cmsg3xivf00jbuzdcephgzpim,DJ & Stüdyo,,ARCHIVE,LOW,0,0,0,SAFE_WITH_TRANSACTION,archive confirmed empty,in DB (sifir) but not in target MD by name match
cmsg3xivr00jduzdcpr0k8nwz,Amfi & Efekt,,ARCHIVE,LOW,0,0,0,SAFE_WITH_TRANSACTION,archive confirmed empty,in DB (sifir) but not in target MD by name match
cmsg3xiw100jfuzdclktt1rvs,Aksesuar & Nota,,ARCHIVE,LOW,0,0,0,MANUAL_APPROVAL,SPLIT,in DB (sifir) but not in target MD by name match
cmsg3xixx00jtuzdcpyc3m3p4,Toner & Kartuş,,ARCHIVE,LOW,0,0,0,SAFE_WITH_TRANSACTION,archive confirmed empty,in DB (sifir) but not in target MD by name match
cmsg3xiy400jvuzdcxktlvgtr,Dosyalama & Organizasyon,,ARCHIVE,LOW,0,0,0,SAFE_WITH_TRANSACTION,archive confirmed empty,in DB (sifir) but not in target MD by name match
cmsg3xj0700k9uzdcdg5zadg3,Antika Mobilya,,ARCHIVE,LOW,0,0,0,SAFE_WITH_TRANSACTION,archive confirmed empty,in DB (sifir) but not in target MD by name match
cmsg3xj0h00kbuzdcev2jntjx,Eski Para & Pul,,ARCHIVE,LOW,0,0,0,SAFE_WITH_TRANSACTION,archive confirmed empty,in DB (sifir) but not in target MD by name match
cmsg3xj0s00kduzdc28f1e2pj,Plak Koleksiyon,,ARCHIVE,LOW,0,0,0,SAFE_WITH_TRANSACTION,archive confirmed empty,in DB (sifir) but not in target MD by name match
cmsg3xj1100kfuzdc5ttssakt,Oyuncak Koleksiyon,,ARCHIVE,LOW,0,0,0,SAFE_WITH_TRANSACTION,archive confirmed empty,in DB (sifir) but not in target MD by name match
cmsg3xj1800khuzdcn4i0n43y,Tablo & Sanat,,ARCHIVE,LOW,0,0,0,SAFE_WITH_TRANSACTION,archive confirmed empty,in DB (sifir) but not in target MD by name match
cmsg3xj1g00kjuzdcs8bpz9w9,Diğer Koleksiyon,,ARCHIVE,LOW,0,0,0,SAFE_WITH_TRANSACTION,archive confirmed empty,in DB (sifir) but not in target MD by name match
cmsg3xj3d00kxuzdcrmf1hgay,Köpek Ürünleri,,ARCHIVE,LOW,0,0,0,SAFE_WITH_TRANSACTION,archive confirmed empty,in DB (sifir) but not in target MD by name match
cmsg3xj3j00kzuzdcbkeavz0e,Kedi Ürünleri,,ARCHIVE,LOW,0,0,0,SAFE_WITH_TRANSACTION,archive confirmed empty,in DB (sifir) but not in target MD by name match
cmsg3xj3r00l1uzdcn09eu5gl,Kuş Ürünleri,,ARCHIVE,LOW,0,0,0,SAFE_WITH_TRANSACTION,archive confirmed empty,in DB (sifir) but not in target MD by name match
cmsg3xj4a00l5uzdc2q0etaor,Kemirgen & Diğer,,ARCHIVE,LOW,0,0,0,SAFE_WITH_TRANSACTION,archive confirmed empty,in DB (sifir) but not in target MD by name match
cmsg3xj4l00l7uzdcjl6065sf,Mama & Kum,,ARCHIVE,LOW,0,0,0,SAFE_WITH_TRANSACTION,archive confirmed empty,in DB (sifir) but not in target MD by name match
cmsg3xj5y00lhuzdc0zensn61,Gıda,,ARCHIVE,LOW,0,0,0,MANUAL_APPROVAL,ADD_TO_TARGET_TREE,in DB (sifir) but not in target MD by name match
cmsg3xj6800ljuzdcca30zr9t,İçecek,,ARCHIVE,LOW,0,0,0,MANUAL_APPROVAL,ADD_TO_TARGET_TREE,in DB (sifir) but not in target MD by name match
cmsg3xj6i00lluzdc4hqglgit,Organik / Doğal,,ARCHIVE,LOW,0,0,0,SAFE_WITH_TRANSACTION,archive confirmed empty,in DB (sifir) but not in target MD by name match
cmsg3xj6s00lnuzdc67cwmjla,Vitamin & Takviye,,ARCHIVE,LOW,0,0,0,SAFE_WITH_TRANSACTION,archive confirmed empty,in DB (sifir) but not in target MD by name match
cmsg3xjmg00mfuzdc0hfalv6r,Ekskavatör,,ARCHIVE,LOW,0,0,0,SAFE_WITH_TRANSACTION,archive confirmed empty,in DB (sifir) but not in target MD by name match
cmsg3xjn100mhuzdc4za72yps,Beko Loder (Kazıcı-Yükleyici),,ARCHIVE,LOW,0,0,0,SAFE_WITH_TRANSACTION,archive confirmed empty,in DB (sifir) but not in target MD by name match
cmsg3xjnm00mjuzdc2xsp3eup,Loder (Yükleyici),,ARCHIVE,LOW,0,0,0,SAFE_WITH_TRANSACTION,archive confirmed empty,in DB (sifir) but not in target MD by name match
cmsg3xjoh00mluzdc1k5hldck,Dozer,,ARCHIVE,LOW,0,0,0,SAFE_WITH_TRANSACTION,archive confirmed empty,in DB (sifir) but not in target MD by name match
cmsg3xjpd00mnuzdcbzwlgf81,Greyder,,ARCHIVE,LOW,0,0,0,SAFE_WITH_TRANSACTION,archive confirmed empty,in DB (sifir) but not in target MD by name match
cmsg3xjpp00mpuzdcd2a29dbl,Silindir,,ARCHIVE,LOW,0,0,0,SAFE_WITH_TRANSACTION,archive confirmed empty,in DB (sifir) but not in target MD by name match
cmsg3xjq600mruzdch02zhkek,Forklift,,ARCHIVE,LOW,0,0,0,SAFE_WITH_TRANSACTION,archive confirmed empty,in DB (sifir) but not in target MD by name match
cmsg3xjqk00mtuzdc5mwxoo7b,Teleskopik Yükleyici,,ARCHIVE,LOW,0,0,0,SAFE_WITH_TRANSACTION,archive confirmed empty,in DB (sifir) but not in target MD by name match
cmsg3xjqw00mvuzdco6yslmta,Mobil Vinç,,ARCHIVE,LOW,0,0,0,SAFE_WITH_TRANSACTION,archive confirmed empty,in DB (sifir) but not in target MD by name match
cmsg3xjrl00mxuzdci8xvz2ul,Beton Pompası,,ARCHIVE,LOW,0,0,0,SAFE_WITH_TRANSACTION,archive confirmed empty,in DB (sifir) but not in target MD by name match
cmsg3xjsz00mzuzdcgeyx6shp,Asfalt Makinesi,,ARCHIVE,LOW,0,0,0,SAFE_WITH_TRANSACTION,archive confirmed empty,in DB (sifir) but not in target MD by name match
cmsg3xjtf00n1uzdc7a8h16ch,Sondaj Makinesi,,ARCHIVE,LOW,0,0,0,SAFE_WITH_TRANSACTION,archive confirmed empty,in DB (sifir) but not in target MD by name match
cmsg3xjue00n3uzdcc1tc9gbr,Diğer İş Makinesi,,ARCHIVE,LOW,0,0,0,SAFE_WITH_TRANSACTION,archive confirmed empty,in DB (sifir) but not in target MD by name match
cmsg3xk2900nhuzdczw1pp2t7,Traktör,,ARCHIVE,LOW,0,0,0,SAFE_WITH_TRANSACTION,archive confirmed empty,in DB (sifir) but not in target MD by name match
cmsg3xk2z00njuzdcwdkudhem,Biçerdöver,,ARCHIVE,LOW,0,0,0,SAFE_WITH_TRANSACTION,archive confirmed empty,in DB (sifir) but not in target MD by name match
cmsg3xk3r00nluzdci5u30s5o,Pulluk & Ekim,,ARCHIVE,LOW,0,0,0,SAFE_WITH_TRANSACTION,archive confirmed empty,in DB (sifir) but not in target MD by name match
cmsg3xk5d00npuzdcfj7kk5wj,Balya & Silaj,,ARCHIVE,LOW,0,0,0,SAFE_WITH_TRANSACTION,archive confirmed empty,in DB (sifir) but not in target MD by name match
cmsg3xk6300nruzdcgr2yfhh4,Diğer Tarım Makinesi,,ARCHIVE,LOW,0,0,0,MANUAL_APPROVAL,MOVE,in DB (sifir) but not in target MD by name match
cmsg3xkfc00o5uzdc6k9i53vv,Torna / Freze,,ARCHIVE,LOW,0,0,0,SAFE_WITH_TRANSACTION,archive confirmed empty,in DB (sifir) but not in target MD by name match
cmsg3xkgr00o7uzdc3jarsh2c,Pres & Kaynak,,ARCHIVE,LOW,0,0,0,SAFE_WITH_TRANSACTION,archive confirmed empty,in DB (sifir) but not in target MD by name match
cmsg3xkk200ofuzdcdcb07841,Diğer Sanayi,,ARCHIVE,LOW,0,0,0,MANUAL_APPROVAL,MOVE,in DB (sifir) but not in target MD by name match
cmsg3xknv00ojuzdczpo8d4kw,Diğer,,ARCHIVE,LOW,0,0,0,SAFE_WITH_TRANSACTION,archive confirmed empty,Diğer Her Şey — ARCHIVE or MANUAL_REVIEW
cmsg3xh7l0083uzdcqmff5pvf,"Kol, Kulaklık & Aksesuar",,ARCHIVE,LOW,0,0,0,MANUAL_APPROVAL,SPLIT,in DB (sifir) but not in target MD by name match
cmsg3xgx4005ruzdc6zbsbfmu,Ankastre Buzdolabı,,ARCHIVE,LOW,0,0,0,SAFE_WITH_TRANSACTION,archive confirmed empty,in DB (sifir) but not in target MD by name match
cmsg3xgxe005tuzdc8mjjsx2b,Çamaşır ve Kurutma Makinesi,,ARCHIVE,LOW,0,0,0,SAFE_WITH_TRANSACTION,archive confirmed empty,in DB (sifir) but not in target MD by name match
cmsg4wp1h0021uzxwh40ko79d,"TV, Görüntü ve Ses",,MANUAL_REVIEW,HIGH,1,0,0,MANUAL_APPROVAL,MANUAL_REVIEW,"legacy TV wrapper — alias to Televizyon, Görüntü ve Ses group → Elektronik › Televizyon, Görüntü ve Ses"
cmsg4wp2n0023uzxw8u4sgot9,Fotoğraf ve Kamera,,ARCHIVE,LOW,0,0,0,MANUAL_APPROVAL,KEEP,in DB (sifir) but not in target MD by name match
cms93j5m20027uz3g910o9sc3,Elektrikli Ev Aletleri,,ARCHIVE,LOW,3,0,0,MANUAL_APPROVAL,MANUAL_REVIEW,in DB (sifir) but not in target MD by name match
cmsg3xh17006nuzdcq1pi5vtx,Süpürge,,ARCHIVE,LOW,0,0,0,SAFE_WITH_TRANSACTION,archive confirmed empty,in DB (sifir) but not in target MD by name match
cmsg3xh1e006puzdchzvfhd9y,Ütü,,ARCHIVE,LOW,0,0,0,SAFE_WITH_TRANSACTION,archive confirmed empty,in DB (sifir) but not in target MD by name match
cmsg3xh1m006ruzdc70t2uqd0,Kahve & Çay Makinesi,,ARCHIVE,LOW,0,0,0,SAFE_WITH_TRANSACTION,archive confirmed empty,in DB (sifir) but not in target MD by name match
cmsg3xh1w006tuzdc746ad8e3,Blender & Mikser,,ARCHIVE,LOW,0,0,0,SAFE_WITH_TRANSACTION,archive confirmed empty,in DB (sifir) but not in target MD by name match
cmsg3xh24006vuzdcics8ubsa,Tost & Mikrodalga,,ARCHIVE,LOW,0,0,0,SAFE_WITH_TRANSACTION,archive confirmed empty,in DB (sifir) but not in target MD by name match
cmsg3xh2t0071uzdc2lzvdqiz,Diğer Küçük Ev Aleti,,ARCHIVE,LOW,0,0,0,SAFE_WITH_TRANSACTION,archive confirmed empty,in DB (sifir) but not in target MD by name match
cmsg3xh350073uzdcy4uxrfah,Airfryer,,ARCHIVE,LOW,0,0,0,MANUAL_APPROVAL,RENAME,in DB (sifir) but not in target MD by name match
cmsg4wp8w002fuzxwt18nv883,Ev Dekorasyon & Mobilya,,ARCHIVE,LOW,1,0,0,MANUAL_APPROVAL,KEEP,in DB (sifir) but not in target MD by name match
cmsg4wpb0002ruzxwe7r6a6gk,Giyim & Aksesuar,,ARCHIVE,LOW,0,0,0,MANUAL_APPROVAL,KEEP,in DB (sifir) but not in target MD by name match
cmsg4wpdh002vuzxwh2lo3l0x,Bisiklet,,ARCHIVE,LOW,0,0,0,MANUAL_APPROVAL,RENAME,in DB (sifir) but not in target MD by name match
cmsg4wpdw002zuzxwynzc4p9m,Spor Ürünleri,,ARCHIVE,LOW,0,0,0,MANUAL_APPROVAL,KEEP,in DB (sifir) but not in target MD by name match
cms93j5oj002vuz3g5py6nixh,Spor & Outdoor,,ARCHIVE,LOW,1,0,0,MANUAL_APPROVAL,RENAME,in DB (sifir) but not in target MD by name match
cmsg3xiko00h1uzdcaj25qg2k,Dalış & Balıkçılık,,ARCHIVE,LOW,0,0,0,SAFE_WITH_TRANSACTION,archive confirmed empty,in DB (sifir) but not in target MD by name match
cmsg3xikw00h3uzdc6f9wt0qh,Diğer Spor,,ARCHIVE,LOW,0,0,0,SAFE_WITH_TRANSACTION,archive confirmed empty,in DB (sifir) but not in target MD by name match
cmsg4wpg00039uzxw6rhjcfm9,Mutfak Gereçleri,,ARCHIVE,LOW,0,0,0,SAFE_WITH_TRANSACTION,archive confirmed empty,in DB (sifir) but not in target MD by name match
cmsg4wpg7003buzxwxevr2ep1,Termos ve Matara,,ARCHIVE,LOW,0,0,0,SAFE_WITH_TRANSACTION,archive confirmed empty,in DB (sifir) but not in target MD by name match
cmsg3xiah00etuzdcqy5qptwd,Halı & Kilim,,ARCHIVE,LOW,0,0,0,SAFE_WITH_TRANSACTION,archive confirmed empty,in DB (sifir) but not in target MD by name match
cmsg4wpdm002xuzxwz1jpbybb,Bisiklet,,MERGE,MEDIUM,0,0,0,MANUAL_APPROVAL,MERGE,Bisiklet→Bisiklet nest: merge leaf into parent or rename parent
cmsg4wpau002puzxwuyaikv2b,Tişört,,ARCHIVE,HIGH,0,2,6,MANUAL_APPROVAL,RENAME,in DB (sifir) but not in target MD by name match
cmsg3xhj500aluzdcziy977zl,Tişört,,ARCHIVE,LOW,0,0,0,MANUAL_APPROVAL,RENAME,in DB (sifir) but not in target MD by name match
