categoryPath,leafName,templateId,notes
Elektronik › Telefon ve Aksesuar › Cep Telefonu › Akıllı Telefon,Akıllı Telefon,PHONE,
Elektronik › Telefon ve Aksesuar › Cep Telefonu › Tuşlu Telefon,Tuşlu Telefon,PHONE,
Elektronik › Telefon ve Aksesuar › Cep Telefonu › Katlanabilir Telefon,Katlanabilir Telefon,PHONE,
Elektronik › Telefon ve Aksesuar › Cep Telefonu › Outdoor Telefon,Outdoor Telefon,PHONE,
Elektronik › Telefon ve Aksesuar › Telefon Aksesuarları › Telefon Kılıfı,Telefon Kılıfı,SMALL_APPLIANCE,
Elektronik › Telefon ve Aksesuar › Telefon Aksesuarları › Ekran Koruyucu,Ekran Koruyucu,SMALL_APPLIANCE,
Elektronik › Telefon ve Aksesuar › Telefon Aksesuarları › Şarj Adaptörü,Şarj Adaptörü,SMALL_APPLIANCE,
Elektronik › Telefon ve Aksesuar › Telefon Aksesuarları › Şarj Kablosu,Şarj Kablosu,SMALL_APPLIANCE,
Elektronik › Telefon ve Aksesuar › Telefon Aksesuarları › Kablosuz Şarj Cihazı,Kablosuz Şarj Cihazı,SMALL_APPLIANCE,
Elektronik › Telefon ve Aksesuar › Telefon Aksesuarları › Powerbank,Powerbank,SMALL_APPLIANCE,
Elektronik › Telefon ve Aksesuar › Telefon Aksesuarları › Araç İçi Telefon Tutucu,Araç İçi Telefon Tutucu,SMALL_APPLIANCE,
Elektronik › Telefon ve Aksesuar › Telefon Aksesuarları › Masaüstü Telefon Standı,Masaüstü Telefon Standı,COMPUTER,
Elektronik › Telefon ve Aksesuar › Telefon Aksesuarları › Selfie Çubuğu,Selfie Çubuğu,SMALL_APPLIANCE,
Elektronik › Telefon ve Aksesuar › Telefon Aksesuarları › Bluetooth Kulaklık,Bluetooth Kulaklık,SMALL_APPLIANCE,
Elektronik › Telefon ve Aksesuar › Telefon Aksesuarları › Kablolu Kulaklık,Kablolu Kulaklık,SMALL_APPLIANCE,
Elektronik › Telefon ve Aksesuar › Telefon Aksesuarları › Telefon Yedek Parça,Telefon Yedek Parça,SMALL_APPLIANCE,
Elektronik › Telefon ve Aksesuar › Giyilebilir Teknoloji › Akıllı Saat,Akıllı Saat,SMALL_APPLIANCE,
Elektronik › Telefon ve Aksesuar › Giyilebilir Teknoloji › Akıllı Bileklik,Akıllı Bileklik,SMALL_APPLIANCE,
Elektronik › Telefon ve Aksesuar › Giyilebilir Teknoloji › Çocuk Akıllı Saati,Çocuk Akıllı Saati,BABY_PRODUCT,
Elektronik › Telefon ve Aksesuar › Giyilebilir Teknoloji › Akıllı Yüzük,Akıllı Yüzük,SMALL_APPLIANCE,
Elektronik › Telefon ve Aksesuar › Giyilebilir Teknoloji › GPS Takip Cihazı,GPS Takip Cihazı,SMALL_APPLIANCE,
Elektronik › Telefon ve Aksesuar › İletişim Cihazları › Telsiz,Telsiz,SMALL_APPLIANCE,
Elektronik › Telefon ve Aksesuar › İletişim Cihazları › Sabit Telefon,Sabit Telefon,SMALL_APPLIANCE,
Elektronik › Telefon ve Aksesuar › İletişim Cihazları › IP Telefon,IP Telefon,SMALL_APPLIANCE,
Elektronik › Telefon ve Aksesuar › İletişim Cihazları › Uydu Telefonu,Uydu Telefonu,SMALL_APPLIANCE,
Elektronik › Telefon ve Aksesuar › İletişim Cihazları › Çağrı Cihazı,Çağrı Cihazı,SMALL_APPLIANCE,
Elektronik › Bilgisayar ve Tablet › Bilgisayar › Dizüstü Bilgisayar,Dizüstü Bilgisayar,COMPUTER,
Elektronik › Bilgisayar ve Tablet › Bilgisayar › Masaüstü Bilgisayar,Masaüstü Bilgisayar,COMPUTER,
Elektronik › Bilgisayar ve Tablet › Bilgisayar › Mini PC,Mini PC,COMPUTER,
Elektronik › Bilgisayar ve Tablet › Bilgisayar › All-in-One Bilgisayar,All-in-One Bilgisayar,COMPUTER,
Elektronik › Bilgisayar ve Tablet › Bilgisayar › İş İstasyonu,İş İstasyonu,SMALL_APPLIANCE,
Elektronik › Bilgisayar ve Tablet › Bilgisayar › Oyuncu Bilgisayarı,Oyuncu Bilgisayarı,SMALL_APPLIANCE,
Elektronik › Bilgisayar ve Tablet › Tablet ve E-Kitap › Tablet,Tablet,BOOK_STATIONERY,
Elektronik › Bilgisayar ve Tablet › Tablet ve E-Kitap › Grafik Tablet,Grafik Tablet,FURNITURE,
Elektronik › Bilgisayar ve Tablet › Tablet ve E-Kitap › E-Kitap Okuyucu,E-Kitap Okuyucu,BOOK_STATIONERY,
Elektronik › Bilgisayar ve Tablet › Tablet ve E-Kitap › Çocuk Tableti,Çocuk Tableti,BOOK_STATIONERY,
Elektronik › Bilgisayar ve Tablet › Bilgisayar Bileşenleri › İşlemci,İşlemci,SMALL_APPLIANCE,
Elektronik › Bilgisayar ve Tablet › Bilgisayar Bileşenleri › Anakart,Anakart,SMALL_APPLIANCE,
Elektronik › Bilgisayar ve Tablet › Bilgisayar Bileşenleri › Ekran Kartı,Ekran Kartı,SMALL_APPLIANCE,
Elektronik › Bilgisayar ve Tablet › Bilgisayar Bileşenleri › RAM,RAM,SMALL_APPLIANCE,
Elektronik › Bilgisayar ve Tablet › Bilgisayar Bileşenleri › SSD,SSD,SMALL_APPLIANCE,
Elektronik › Bilgisayar ve Tablet › Bilgisayar Bileşenleri › Hard Disk,Hard Disk,SMALL_APPLIANCE,
Elektronik › Bilgisayar ve Tablet › Bilgisayar Bileşenleri › Bilgisayar Kasası,Bilgisayar Kasası,SMALL_APPLIANCE,
Elektronik › Bilgisayar ve Tablet › Bilgisayar Bileşenleri › Güç Kaynağı,Güç Kaynağı,SMALL_APPLIANCE,
Elektronik › Bilgisayar ve Tablet › Bilgisayar Bileşenleri › İşlemci Soğutucu,İşlemci Soğutucu,SMALL_APPLIANCE,
Elektronik › Bilgisayar ve Tablet › Bilgisayar Bileşenleri › Kasa Fanı,Kasa Fanı,SMALL_APPLIANCE,
Elektronik › Bilgisayar ve Tablet › Bilgisayar Bileşenleri › Optik Sürücü,Optik Sürücü,SMALL_APPLIANCE,
Elektronik › Bilgisayar ve Tablet › Bilgisayar Bileşenleri › Capture Card,Capture Card,SMALL_APPLIANCE,
Elektronik › Bilgisayar ve Tablet › Bilgisayar Çevre Birimleri › Monitör,Monitör,SMALL_APPLIANCE,
Elektronik › Bilgisayar ve Tablet › Bilgisayar Çevre Birimleri › Klavye,Klavye,SMALL_APPLIANCE,
Elektronik › Bilgisayar ve Tablet › Bilgisayar Çevre Birimleri › Mouse,Mouse,SMALL_APPLIANCE,
Elektronik › Bilgisayar ve Tablet › Bilgisayar Çevre Birimleri › Klavye-Mouse Seti,Klavye-Mouse Seti,SMALL_APPLIANCE,
Elektronik › Bilgisayar ve Tablet › Bilgisayar Çevre Birimleri › Webcam,Webcam,SMALL_APPLIANCE,
Elektronik › Bilgisayar ve Tablet › Bilgisayar Çevre Birimleri › Mikrofon,Mikrofon,SMALL_APPLIANCE,
Elektronik › Bilgisayar ve Tablet › Bilgisayar Çevre Birimleri › Hoparlör,Hoparlör,SMALL_APPLIANCE,
Elektronik › Bilgisayar ve Tablet › Bilgisayar Çevre Birimleri › Kulaklık,Kulaklık,SMALL_APPLIANCE,
Elektronik › Bilgisayar ve Tablet › Bilgisayar Çevre Birimleri › Yazıcı,Yazıcı,SMALL_APPLIANCE,
Elektronik › Bilgisayar ve Tablet › Bilgisayar Çevre Birimleri › Tarayıcı,Tarayıcı,SMALL_APPLIANCE,
Elektronik › Bilgisayar ve Tablet › Bilgisayar Çevre Birimleri › Projeksiyon Cihazı,Projeksiyon Cihazı,SMALL_APPLIANCE,
Elektronik › Bilgisayar ve Tablet › Ağ ve İnternet › Modem,Modem,SMALL_APPLIANCE,
Elektronik › Bilgisayar ve Tablet › Ağ ve İnternet › Router,Router,SMALL_APPLIANCE,
Elektronik › Bilgisayar ve Tablet › Ağ ve İnternet › Access Point,Access Point,SMALL_APPLIANCE,
Elektronik › Bilgisayar ve Tablet › Ağ ve İnternet › Mesh Wi-Fi Sistemi,Mesh Wi-Fi Sistemi,SMALL_APPLIANCE,
Elektronik › Bilgisayar ve Tablet › Ağ ve İnternet › Switch,Switch,SMALL_APPLIANCE,
Elektronik › Bilgisayar ve Tablet › Ağ ve İnternet › Range Extender,Range Extender,SMALL_APPLIANCE,
Elektronik › Bilgisayar ve Tablet › Ağ ve İnternet › Powerline Adaptör,Powerline Adaptör,SMALL_APPLIANCE,
Elektronik › Bilgisayar ve Tablet › Ağ ve İnternet › Ağ Kartı,Ağ Kartı,SMALL_APPLIANCE,
Elektronik › Bilgisayar ve Tablet › Ağ ve İnternet › Anten,Anten,SMALL_APPLIANCE,
Elektronik › Bilgisayar ve Tablet › Ağ ve İnternet › Ethernet Kablosu,Ethernet Kablosu,SMALL_APPLIANCE,
Elektronik › Bilgisayar ve Tablet › Depolama ve Bellek › USB Bellek,USB Bellek,SMALL_APPLIANCE,
Elektronik › Bilgisayar ve Tablet › Depolama ve Bellek › Hafıza Kartı,Hafıza Kartı,SMALL_APPLIANCE,
Elektronik › Bilgisayar ve Tablet › Depolama ve Bellek › Harici SSD,Harici SSD,SMALL_APPLIANCE,
Elektronik › Bilgisayar ve Tablet › Depolama ve Bellek › Harici Hard Disk,Harici Hard Disk,SMALL_APPLIANCE,
Elektronik › Bilgisayar ve Tablet › Depolama ve Bellek › NAS,NAS,SMALL_APPLIANCE,
Elektronik › Bilgisayar ve Tablet › Depolama ve Bellek › Kart Okuyucu,Kart Okuyucu,SMALL_APPLIANCE,
Elektronik › Bilgisayar ve Tablet › Bilgisayar Aksesuarları › Laptop Çantası,Laptop Çantası,SPORTS_EQUIPMENT,
Elektronik › Bilgisayar ve Tablet › Bilgisayar Aksesuarları › Laptop Standı,Laptop Standı,COMPUTER,
Elektronik › Bilgisayar ve Tablet › Bilgisayar Aksesuarları › Soğutucu,Soğutucu,SMALL_APPLIANCE,
Elektronik › Bilgisayar ve Tablet › Bilgisayar Aksesuarları › Docking Station,Docking Station,SMALL_APPLIANCE,
Elektronik › Bilgisayar ve Tablet › Bilgisayar Aksesuarları › USB Hub,USB Hub,SMALL_APPLIANCE,
Elektronik › Bilgisayar ve Tablet › Bilgisayar Aksesuarları › Adaptör,Adaptör,SMALL_APPLIANCE,
Elektronik › Bilgisayar ve Tablet › Bilgisayar Aksesuarları › Kablo ve Dönüştürücü,Kablo ve Dönüştürücü,SMALL_APPLIANCE,
Elektronik › Bilgisayar ve Tablet › Bilgisayar Aksesuarları › Mouse Pad,Mouse Pad,SMALL_APPLIANCE,
Elektronik › Bilgisayar ve Tablet › Bilgisayar Aksesuarları › Monitör Kolu,Monitör Kolu,SMALL_APPLIANCE,
Elektronik › Bilgisayar ve Tablet › Bilgisayar Aksesuarları › KVM Switch,KVM Switch,SMALL_APPLIANCE,
"Elektronik › Televizyon, Görüntü ve Ses › Televizyon › LED Televizyon",LED Televizyon,TV,
"Elektronik › Televizyon, Görüntü ve Ses › Televizyon › QLED Televizyon",QLED Televizyon,TV,
"Elektronik › Televizyon, Görüntü ve Ses › Televizyon › OLED Televizyon",OLED Televizyon,TV,
"Elektronik › Televizyon, Görüntü ve Ses › Televizyon › Mini LED Televizyon",Mini LED Televizyon,TV,
"Elektronik › Televizyon, Görüntü ve Ses › Televizyon › Taşınabilir Televizyon",Taşınabilir Televizyon,TV,
"Elektronik › Televizyon, Görüntü ve Ses › TV Aksesuarları › TV Askı Aparatı",TV Askı Aparatı,SMALL_APPLIANCE,
"Elektronik › Televizyon, Görüntü ve Ses › TV Aksesuarları › TV Kumandası",TV Kumandası,PET_PRODUCT,
"Elektronik › Televizyon, Görüntü ve Ses › TV Aksesuarları › Uydu Alıcısı",Uydu Alıcısı,SMALL_APPLIANCE,
"Elektronik › Televizyon, Görüntü ve Ses › TV Aksesuarları › Android TV Box",Android TV Box,SMALL_APPLIANCE,
"Elektronik › Televizyon, Görüntü ve Ses › TV Aksesuarları › Apple TV ve Medya Oynatıcı",Apple TV ve Medya Oynatıcı,SMALL_APPLIANCE,
"Elektronik › Televizyon, Görüntü ve Ses › TV Aksesuarları › HDMI Kablo",HDMI Kablo,SMALL_APPLIANCE,
"Elektronik › Televizyon, Görüntü ve Ses › TV Aksesuarları › TV Anteni",TV Anteni,SMALL_APPLIANCE,
"Elektronik › Televizyon, Görüntü ve Ses › Ses Sistemleri › Soundbar",Soundbar,SMALL_APPLIANCE,
"Elektronik › Televizyon, Görüntü ve Ses › Ses Sistemleri › Ev Sinema Sistemi",Ev Sinema Sistemi,SMALL_APPLIANCE,
"Elektronik › Televizyon, Görüntü ve Ses › Ses Sistemleri › Hi-Fi Sistem",Hi-Fi Sistem,SMALL_APPLIANCE,
"Elektronik › Televizyon, Görüntü ve Ses › Ses Sistemleri › Bluetooth Hoparlör",Bluetooth Hoparlör,SMALL_APPLIANCE,
"Elektronik › Televizyon, Görüntü ve Ses › Ses Sistemleri › Taşınabilir Hoparlör",Taşınabilir Hoparlör,SMALL_APPLIANCE,
"Elektronik › Televizyon, Görüntü ve Ses › Ses Sistemleri › Amfi",Amfi,SMALL_APPLIANCE,
"Elektronik › Televizyon, Görüntü ve Ses › Ses Sistemleri › Subwoofer",Subwoofer,SMALL_APPLIANCE,
"Elektronik › Televizyon, Görüntü ve Ses › Ses Sistemleri › Hoparlör Seti",Hoparlör Seti,SMALL_APPLIANCE,
"Elektronik › Televizyon, Görüntü ve Ses › Kulaklık › TWS Kulaklık",TWS Kulaklık,SMALL_APPLIANCE,
"Elektronik › Televizyon, Görüntü ve Ses › Kulaklık › Kulak Üstü Kulaklık",Kulak Üstü Kulaklık,SMALL_APPLIANCE,
"Elektronik › Televizyon, Görüntü ve Ses › Kulaklık › Oyuncu Kulaklığı",Oyuncu Kulaklığı,SMALL_APPLIANCE,
"Elektronik › Televizyon, Görüntü ve Ses › Kulaklık › Stüdyo Kulaklığı",Stüdyo Kulaklığı,SMALL_APPLIANCE,
"Elektronik › Televizyon, Görüntü ve Ses › Kulaklık › Spor Kulaklığı",Spor Kulaklığı,SPORTS_EQUIPMENT,
"Elektronik › Televizyon, Görüntü ve Ses › Projeksiyon ve Sunum › Projeksiyon Cihazı",Projeksiyon Cihazı,SMALL_APPLIANCE,
"Elektronik › Televizyon, Görüntü ve Ses › Projeksiyon ve Sunum › Projeksiyon Perdesi",Projeksiyon Perdesi,SMALL_APPLIANCE,
"Elektronik › Televizyon, Görüntü ve Ses › Projeksiyon ve Sunum › Sunum Kumandası",Sunum Kumandası,PET_PRODUCT,
"Elektronik › Televizyon, Görüntü ve Ses › Projeksiyon ve Sunum › Projeksiyon Askı Aparatı",Projeksiyon Askı Aparatı,SMALL_APPLIANCE,
"Elektronik › Televizyon, Görüntü ve Ses › Fotoğraf ve Video › Dijital Fotoğraf Makinesi",Dijital Fotoğraf Makinesi,FURNITURE,
"Elektronik › Televizyon, Görüntü ve Ses › Fotoğraf ve Video › Aksiyon Kamerası",Aksiyon Kamerası,SMALL_APPLIANCE,
"Elektronik › Televizyon, Görüntü ve Ses › Fotoğraf ve Video › Video Kamera",Video Kamera,SMALL_APPLIANCE,
"Elektronik › Televizyon, Görüntü ve Ses › Fotoğraf ve Video › Drone",Drone,SMALL_APPLIANCE,
"Elektronik › Televizyon, Görüntü ve Ses › Fotoğraf ve Video › Lens",Lens,SMALL_APPLIANCE,
"Elektronik › Televizyon, Görüntü ve Ses › Fotoğraf ve Video › Tripod",Tripod,SMALL_APPLIANCE,
"Elektronik › Televizyon, Görüntü ve Ses › Fotoğraf ve Video › Gimbal",Gimbal,SMALL_APPLIANCE,
"Elektronik › Televizyon, Görüntü ve Ses › Fotoğraf ve Video › Fotoğraf Çantası",Fotoğraf Çantası,FURNITURE,
"Elektronik › Televizyon, Görüntü ve Ses › Fotoğraf ve Video › Flaş",Flaş,SMALL_APPLIANCE,
"Elektronik › Televizyon, Görüntü ve Ses › Fotoğraf ve Video › Işık ve Softbox",Işık ve Softbox,SMALL_APPLIANCE,
"Elektronik › Televizyon, Görüntü ve Ses › Fotoğraf ve Video › Kamera Aksesuarı",Kamera Aksesuarı,AUTOMOTIVE_PART,
Elektronik › Oyun ve Konsol › Oyun Konsolu › PlayStation,PlayStation,SMALL_APPLIANCE,
Elektronik › Oyun ve Konsol › Oyun Konsolu › Xbox,Xbox,SMALL_APPLIANCE,
Elektronik › Oyun ve Konsol › Oyun Konsolu › Nintendo Switch,Nintendo Switch,SMALL_APPLIANCE,
Elektronik › Oyun ve Konsol › Oyun Konsolu › El Konsolu,El Konsolu,SMALL_APPLIANCE,
Elektronik › Oyun ve Konsol › Oyun Konsolu › Retro Oyun Konsolu,Retro Oyun Konsolu,SMALL_APPLIANCE,
Elektronik › Oyun ve Konsol › Konsol Aksesuarları › Gamepad,Gamepad,SMALL_APPLIANCE,
Elektronik › Oyun ve Konsol › Konsol Aksesuarları › Direksiyon Seti,Direksiyon Seti,SMALL_APPLIANCE,
Elektronik › Oyun ve Konsol › Konsol Aksesuarları › VR Gözlük,VR Gözlük,SMALL_APPLIANCE,
Elektronik › Oyun ve Konsol › Konsol Aksesuarları › Şarj İstasyonu,Şarj İstasyonu,SMALL_APPLIANCE,
Elektronik › Oyun ve Konsol › Konsol Aksesuarları › Konsol Kulaklığı,Konsol Kulaklığı,SMALL_APPLIANCE,
Elektronik › Oyun ve Konsol › Konsol Aksesuarları › Taşıma Çantası,Taşıma Çantası,PET_PRODUCT,
Elektronik › Oyun ve Konsol › Oyunlar › PlayStation Oyunları,PlayStation Oyunları,SMALL_APPLIANCE,
Elektronik › Oyun ve Konsol › Oyunlar › Xbox Oyunları,Xbox Oyunları,SMALL_APPLIANCE,
Elektronik › Oyun ve Konsol › Oyunlar › Nintendo Oyunları,Nintendo Oyunları,SMALL_APPLIANCE,
Elektronik › Oyun ve Konsol › Oyunlar › PC Oyunları,PC Oyunları,SMALL_APPLIANCE,
Elektronik › Oyun ve Konsol › Oyuncu Ekipmanları › Oyuncu Klavyesi,Oyuncu Klavyesi,SMALL_APPLIANCE,
Elektronik › Oyun ve Konsol › Oyuncu Ekipmanları › Oyuncu Mouse,Oyuncu Mouse,SMALL_APPLIANCE,
Elektronik › Oyun ve Konsol › Oyuncu Ekipmanları › Oyuncu Monitörü,Oyuncu Monitörü,SMALL_APPLIANCE,
Elektronik › Oyun ve Konsol › Oyuncu Ekipmanları › Oyuncu Koltuğu,Oyuncu Koltuğu,SMALL_APPLIANCE,
Elektronik › Oyun ve Konsol › Oyuncu Ekipmanları › Oyuncu Masası,Oyuncu Masası,FURNITURE,
Elektronik › Oyun ve Konsol › Oyuncu Ekipmanları › Yayıncı Ekipmanı,Yayıncı Ekipmanı,SMALL_APPLIANCE,
Elektronik › Akıllı Ev ve Güvenlik › Akıllı Ev › Akıllı Priz,Akıllı Priz,SMALL_APPLIANCE,
Elektronik › Akıllı Ev ve Güvenlik › Akıllı Ev › Akıllı Ampul,Akıllı Ampul,AUTOMOTIVE_PART,
Elektronik › Akıllı Ev ve Güvenlik › Akıllı Ev › Akıllı Anahtar,Akıllı Anahtar,SMALL_APPLIANCE,
Elektronik › Akıllı Ev ve Güvenlik › Akıllı Ev › Akıllı Termostat,Akıllı Termostat,SMALL_APPLIANCE,
Elektronik › Akıllı Ev ve Güvenlik › Akıllı Ev › Akıllı Perde Motoru,Akıllı Perde Motoru,SMALL_APPLIANCE,
Elektronik › Akıllı Ev ve Güvenlik › Akıllı Ev › Akıllı Ev Hub,Akıllı Ev Hub,SMALL_APPLIANCE,
Elektronik › Akıllı Ev ve Güvenlik › Güvenlik Sistemleri › IP Kamera,IP Kamera,SMALL_APPLIANCE,
Elektronik › Akıllı Ev ve Güvenlik › Güvenlik Sistemleri › Analog Kamera,Analog Kamera,SMALL_APPLIANCE,
Elektronik › Akıllı Ev ve Güvenlik › Güvenlik Sistemleri › Kamera Kayıt Cihazı,Kamera Kayıt Cihazı,SMALL_APPLIANCE,
Elektronik › Akıllı Ev ve Güvenlik › Güvenlik Sistemleri › Alarm Sistemi,Alarm Sistemi,SMALL_APPLIANCE,
Elektronik › Akıllı Ev ve Güvenlik › Güvenlik Sistemleri › Hareket Sensörü,Hareket Sensörü,SMALL_APPLIANCE,
Elektronik › Akıllı Ev ve Güvenlik › Güvenlik Sistemleri › Kapı-Pencere Sensörü,Kapı-Pencere Sensörü,SMALL_APPLIANCE,
Elektronik › Akıllı Ev ve Güvenlik › Güvenlik Sistemleri › Görüntülü Diafon,Görüntülü Diafon,SMALL_APPLIANCE,
Elektronik › Akıllı Ev ve Güvenlik › Güvenlik Sistemleri › Akıllı Kilit,Akıllı Kilit,SMALL_APPLIANCE,
Elektronik › Akıllı Ev ve Güvenlik › Güvenlik Sistemleri › Duman Dedektörü,Duman Dedektörü,SMALL_APPLIANCE,
Elektronik › Akıllı Ev ve Güvenlik › Enerji ve Güç › UPS,UPS,SMALL_APPLIANCE,
Elektronik › Akıllı Ev ve Güvenlik › Enerji ve Güç › Voltaj Regülatörü,Voltaj Regülatörü,SMALL_APPLIANCE,
Elektronik › Akıllı Ev ve Güvenlik › Enerji ve Güç › Akım Korumalı Priz,Akım Korumalı Priz,SMALL_APPLIANCE,
Elektronik › Akıllı Ev ve Güvenlik › Enerji ve Güç › Solar Şarj Cihazı,Solar Şarj Cihazı,SMALL_APPLIANCE,
Elektronik › Akıllı Ev ve Güvenlik › Enerji ve Güç › Taşınabilir Güç İstasyonu,Taşınabilir Güç İstasyonu,SMALL_APPLIANCE,
Ev Aletleri › Beyaz Eşya › Soğutma › Buzdolabı,Buzdolabı,WHITE_GOODS,
Ev Aletleri › Beyaz Eşya › Soğutma › Mini Buzdolabı,Mini Buzdolabı,WHITE_GOODS,
Ev Aletleri › Beyaz Eşya › Soğutma › Derin Dondurucu,Derin Dondurucu,WHITE_GOODS,
Ev Aletleri › Beyaz Eşya › Soğutma › Şarap Dolabı,Şarap Dolabı,SMALL_APPLIANCE,
Ev Aletleri › Beyaz Eşya › Çamaşır Bakımı › Çamaşır Makinesi,Çamaşır Makinesi,WHITE_GOODS,
Ev Aletleri › Beyaz Eşya › Çamaşır Bakımı › Kurutma Makinesi,Kurutma Makinesi,WHITE_GOODS,
Ev Aletleri › Beyaz Eşya › Çamaşır Bakımı › Kurutmalı Çamaşır Makinesi,Kurutmalı Çamaşır Makinesi,WHITE_GOODS,
Ev Aletleri › Beyaz Eşya › Bulaşık ve Mutfak › Bulaşık Makinesi,Bulaşık Makinesi,WHITE_GOODS,
Ev Aletleri › Beyaz Eşya › Bulaşık ve Mutfak › Ankastre Bulaşık Makinesi,Ankastre Bulaşık Makinesi,WHITE_GOODS,
Ev Aletleri › Beyaz Eşya › Pişirme › Fırın,Fırın,WHITE_GOODS,
Ev Aletleri › Beyaz Eşya › Pişirme › Ocak,Ocak,WHITE_GOODS,
Ev Aletleri › Beyaz Eşya › Pişirme › Davlumbaz,Davlumbaz,SMALL_APPLIANCE,
Ev Aletleri › Beyaz Eşya › Pişirme › Aspiratör,Aspiratör,SMALL_APPLIANCE,
Ev Aletleri › Beyaz Eşya › Pişirme › Ankastre Set,Ankastre Set,SMALL_APPLIANCE,
Ev Aletleri › Beyaz Eşya › Pişirme › Mikrodalga Fırın,Mikrodalga Fırın,SMALL_APPLIANCE,
Ev Aletleri › Beyaz Eşya › İklimlendirme › Klima,Klima,WHITE_GOODS,
Ev Aletleri › Beyaz Eşya › İklimlendirme › Portatif Klima,Portatif Klima,WHITE_GOODS,
Ev Aletleri › Beyaz Eşya › İklimlendirme › Vantilatör,Vantilatör,SMALL_APPLIANCE,
Ev Aletleri › Beyaz Eşya › İklimlendirme › Hava Soğutucu,Hava Soğutucu,SMALL_APPLIANCE,
Ev Aletleri › Beyaz Eşya › İklimlendirme › Isıtıcı,Isıtıcı,SMALL_APPLIANCE,
Ev Aletleri › Beyaz Eşya › İklimlendirme › Kombi,Kombi,WHITE_GOODS,
Ev Aletleri › Beyaz Eşya › İklimlendirme › Şofben,Şofben,SMALL_APPLIANCE,
Ev Aletleri › Beyaz Eşya › İklimlendirme › Termosifon,Termosifon,SMALL_APPLIANCE,
Ev Aletleri › Küçük Ev Aletleri › Temizlik › Robot Süpürge,Robot Süpürge,SMALL_APPLIANCE,
Ev Aletleri › Küçük Ev Aletleri › Temizlik › Dikey Süpürge,Dikey Süpürge,SMALL_APPLIANCE,
Ev Aletleri › Küçük Ev Aletleri › Temizlik › Toz Torbalı Süpürge,Toz Torbalı Süpürge,SMALL_APPLIANCE,
Ev Aletleri › Küçük Ev Aletleri › Temizlik › Toz Torbasız Süpürge,Toz Torbasız Süpürge,SMALL_APPLIANCE,
Ev Aletleri › Küçük Ev Aletleri › Temizlik › Islak-Kuru Süpürge,Islak-Kuru Süpürge,SMALL_APPLIANCE,
Ev Aletleri › Küçük Ev Aletleri › Temizlik › Buharlı Temizleyici,Buharlı Temizleyici,SMALL_APPLIANCE,
Ev Aletleri › Küçük Ev Aletleri › Temizlik › Halı Yıkama Makinesi,Halı Yıkama Makinesi,SMALL_APPLIANCE,
Ev Aletleri › Küçük Ev Aletleri › Temizlik › Cam Temizleme Robotu,Cam Temizleme Robotu,FOOTWEAR,
Ev Aletleri › Küçük Ev Aletleri › Ütü ve Dikiş › Buharlı Ütü,Buharlı Ütü,SMALL_APPLIANCE,
Ev Aletleri › Küçük Ev Aletleri › Ütü ve Dikiş › Kazanlı Ütü,Kazanlı Ütü,SMALL_APPLIANCE,
Ev Aletleri › Küçük Ev Aletleri › Ütü ve Dikiş › Dikey Ütü,Dikey Ütü,SMALL_APPLIANCE,
Ev Aletleri › Küçük Ev Aletleri › Ütü ve Dikiş › Ütü Masası,Ütü Masası,SMALL_APPLIANCE,
Ev Aletleri › Küçük Ev Aletleri › Ütü ve Dikiş › Dikiş Makinesi,Dikiş Makinesi,SMALL_APPLIANCE,
Ev Aletleri › Küçük Ev Aletleri › Ütü ve Dikiş › Overlok Makinesi,Overlok Makinesi,SMALL_APPLIANCE,
Ev Aletleri › Küçük Ev Aletleri › Hava Kalitesi › Hava Temizleyici,Hava Temizleyici,SMALL_APPLIANCE,
Ev Aletleri › Küçük Ev Aletleri › Hava Kalitesi › Nem Alma Cihazı,Nem Alma Cihazı,SMALL_APPLIANCE,
Ev Aletleri › Küçük Ev Aletleri › Hava Kalitesi › Nemlendirici,Nemlendirici,SMALL_APPLIANCE,
Ev Aletleri › Küçük Ev Aletleri › Hava Kalitesi › Ozon Cihazı,Ozon Cihazı,SMALL_APPLIANCE,
Ev Aletleri › Küçük Ev Aletleri › Kişisel Konfor › Elektrikli Battaniye,Elektrikli Battaniye,SMALL_APPLIANCE,
Ev Aletleri › Küçük Ev Aletleri › Kişisel Konfor › Ayak Isıtıcı,Ayak Isıtıcı,SMALL_APPLIANCE,
Ev Aletleri › Küçük Ev Aletleri › Kişisel Konfor › Elektrikli Soba,Elektrikli Soba,SMALL_APPLIANCE,
Ev Aletleri › Küçük Ev Aletleri › Kişisel Konfor › Sinekkapan Cihazı,Sinekkapan Cihazı,SMALL_APPLIANCE,
Mutfak ve Sofra › Pişirme › Elektrikli Pişirme › Airfryer,Airfryer,SMALL_APPLIANCE,
Mutfak ve Sofra › Pişirme › Elektrikli Pişirme › Mini Fırın,Mini Fırın,KITCHENWARE,
Mutfak ve Sofra › Pişirme › Elektrikli Pişirme › Elektrikli Izgara,Elektrikli Izgara,KITCHENWARE,
Mutfak ve Sofra › Pişirme › Elektrikli Pişirme › Tost Makinesi,Tost Makinesi,SMALL_APPLIANCE,
Mutfak ve Sofra › Pişirme › Elektrikli Pişirme › Waffle Makinesi,Waffle Makinesi,KITCHENWARE,
Mutfak ve Sofra › Pişirme › Elektrikli Pişirme › Krep Makinesi,Krep Makinesi,KITCHENWARE,
Mutfak ve Sofra › Pişirme › Elektrikli Pişirme › Ekmek Yapma Makinesi,Ekmek Yapma Makinesi,KITCHENWARE,
Mutfak ve Sofra › Pişirme › Elektrikli Pişirme › Yoğurt Makinesi,Yoğurt Makinesi,KITCHENWARE,
Mutfak ve Sofra › Pişirme › Tencere ve Tavalar › Tencere,Tencere,KITCHENWARE,
Mutfak ve Sofra › Pişirme › Tencere ve Tavalar › Tencere Seti,Tencere Seti,KITCHENWARE,
Mutfak ve Sofra › Pişirme › Tencere ve Tavalar › Tava,Tava,KITCHENWARE,
Mutfak ve Sofra › Pişirme › Tencere ve Tavalar › Döküm Tencere,Döküm Tencere,KITCHENWARE,
Mutfak ve Sofra › Pişirme › Tencere ve Tavalar › Döküm Tava,Döküm Tava,KITCHENWARE,
Mutfak ve Sofra › Pişirme › Tencere ve Tavalar › Düdüklü Tencere,Düdüklü Tencere,KITCHENWARE,
Mutfak ve Sofra › Pişirme › Tencere ve Tavalar › Sahan,Sahan,KITCHENWARE,
Mutfak ve Sofra › Pişirme › Tencere ve Tavalar › Wok Tava,Wok Tava,KITCHENWARE,
Mutfak ve Sofra › Pişirme › Fırın Gereçleri › Fırın Tepsisi,Fırın Tepsisi,KITCHENWARE,
Mutfak ve Sofra › Pişirme › Fırın Gereçleri › Kek Kalıbı,Kek Kalıbı,KITCHENWARE,
Mutfak ve Sofra › Pişirme › Fırın Gereçleri › Borcam ve Fırın Kabı,Borcam ve Fırın Kabı,KITCHENWARE,
Mutfak ve Sofra › Pişirme › Fırın Gereçleri › Silikon Kalıp,Silikon Kalıp,KITCHENWARE,
Mutfak ve Sofra › Pişirme › Fırın Gereçleri › Pişirme Kağıdı ve Mat,Pişirme Kağıdı ve Mat,SPORTS_EQUIPMENT,
Mutfak ve Sofra › Hazırlık › Mutfak Robotları › Mutfak Robotu,Mutfak Robotu,FOOTWEAR,
Mutfak ve Sofra › Hazırlık › Mutfak Robotları › Blender,Blender,SMALL_APPLIANCE,
Mutfak ve Sofra › Hazırlık › Mutfak Robotları › El Blenderı,El Blenderı,WHITE_GOODS,
Mutfak ve Sofra › Hazırlık › Mutfak Robotları › Mikser,Mikser,SMALL_APPLIANCE,
Mutfak ve Sofra › Hazırlık › Mutfak Robotları › Doğrayıcı,Doğrayıcı,KITCHENWARE,
Mutfak ve Sofra › Hazırlık › Mutfak Robotları › Rondo,Rondo,KITCHENWARE,
Mutfak ve Sofra › Hazırlık › Mutfak Robotları › Hamur Yoğurma Makinesi,Hamur Yoğurma Makinesi,KITCHENWARE,
Mutfak ve Sofra › Hazırlık › Kesme ve Doğrama › Bıçak,Bıçak,KITCHENWARE,
Mutfak ve Sofra › Hazırlık › Kesme ve Doğrama › Bıçak Seti,Bıçak Seti,KITCHENWARE,
Mutfak ve Sofra › Hazırlık › Kesme ve Doğrama › Kesme Tahtası,Kesme Tahtası,KITCHENWARE,
Mutfak ve Sofra › Hazırlık › Kesme ve Doğrama › Rende,Rende,KITCHENWARE,
Mutfak ve Sofra › Hazırlık › Kesme ve Doğrama › Soyacak,Soyacak,KITCHENWARE,
Mutfak ve Sofra › Hazırlık › Kesme ve Doğrama › Mutfak Makası,Mutfak Makası,KITCHENWARE,
Mutfak ve Sofra › Hazırlık › Kesme ve Doğrama › Bileme Aleti,Bileme Aleti,KITCHENWARE,
Mutfak ve Sofra › Hazırlık › Ölçme ve Yardımcılar › Mutfak Tartısı,Mutfak Tartısı,KITCHENWARE,
Mutfak ve Sofra › Hazırlık › Ölçme ve Yardımcılar › Ölçü Kabı,Ölçü Kabı,KITCHENWARE,
Mutfak ve Sofra › Hazırlık › Ölçme ve Yardımcılar › Termometre,Termometre,KITCHENWARE,
Mutfak ve Sofra › Hazırlık › Ölçme ve Yardımcılar › Süzgeç,Süzgeç,KITCHENWARE,
Mutfak ve Sofra › Hazırlık › Ölçme ve Yardımcılar › Kevgir,Kevgir,KITCHENWARE,
Mutfak ve Sofra › Hazırlık › Ölçme ve Yardımcılar › Huni,Huni,KITCHENWARE,
Mutfak ve Sofra › Hazırlık › Ölçme ve Yardımcılar › Spatula,Spatula,KITCHENWARE,
Mutfak ve Sofra › Hazırlık › Ölçme ve Yardımcılar › Maşa,Maşa,FURNITURE,
Mutfak ve Sofra › Hazırlık › Ölçme ve Yardımcılar › Çırpıcı,Çırpıcı,KITCHENWARE,
Mutfak ve Sofra › İçecek Hazırlama › Kahve › Türk Kahvesi Makinesi,Türk Kahvesi Makinesi,SMALL_APPLIANCE,
Mutfak ve Sofra › İçecek Hazırlama › Kahve › Filtre Kahve Makinesi,Filtre Kahve Makinesi,SMALL_APPLIANCE,
Mutfak ve Sofra › İçecek Hazırlama › Kahve › Espresso Makinesi,Espresso Makinesi,INDUSTRIAL_MACHINE,
Mutfak ve Sofra › İçecek Hazırlama › Kahve › Kapsül Kahve Makinesi,Kapsül Kahve Makinesi,SMALL_APPLIANCE,
Mutfak ve Sofra › İçecek Hazırlama › Kahve › Kahve Öğütücü,Kahve Öğütücü,SMALL_APPLIANCE,
Mutfak ve Sofra › İçecek Hazırlama › Kahve › French Press,French Press,INDUSTRIAL_MACHINE,
Mutfak ve Sofra › İçecek Hazırlama › Kahve › Moka Pot,Moka Pot,KITCHENWARE,
Mutfak ve Sofra › İçecek Hazırlama › Kahve › Kahve Demleme Ekipmanı,Kahve Demleme Ekipmanı,SMALL_APPLIANCE,
Mutfak ve Sofra › İçecek Hazırlama › Çay ve Sıcak İçecek › Çay Makinesi,Çay Makinesi,KITCHENWARE,
Mutfak ve Sofra › İçecek Hazırlama › Çay ve Sıcak İçecek › Su Isıtıcısı,Su Isıtıcısı,KITCHENWARE,
Mutfak ve Sofra › İçecek Hazırlama › Çay ve Sıcak İçecek › Semaver,Semaver,KITCHENWARE,
Mutfak ve Sofra › İçecek Hazırlama › Çay ve Sıcak İçecek › Termos,Termos,KITCHENWARE,
Mutfak ve Sofra › İçecek Hazırlama › Çay ve Sıcak İçecek › Mug ve Termos Bardak,Mug ve Termos Bardak,KITCHENWARE,
Mutfak ve Sofra › İçecek Hazırlama › Soğuk İçecek › Katı Meyve Sıkacağı,Katı Meyve Sıkacağı,KITCHENWARE,
Mutfak ve Sofra › İçecek Hazırlama › Soğuk İçecek › Narenciye Sıkacağı,Narenciye Sıkacağı,KITCHENWARE,
Mutfak ve Sofra › İçecek Hazırlama › Soğuk İçecek › Smoothie Blender,Smoothie Blender,SMALL_APPLIANCE,
Mutfak ve Sofra › İçecek Hazırlama › Soğuk İçecek › Soda Makinesi,Soda Makinesi,KITCHENWARE,
Mutfak ve Sofra › İçecek Hazırlama › Soğuk İçecek › Buz Makinesi,Buz Makinesi,KITCHENWARE,
Mutfak ve Sofra › Sofra ve Servis › Yemek Takımları › Yemek Takımı,Yemek Takımı,KITCHENWARE,
Mutfak ve Sofra › Sofra ve Servis › Yemek Takımları › Kahvaltı Takımı,Kahvaltı Takımı,KITCHENWARE,
Mutfak ve Sofra › Sofra ve Servis › Yemek Takımları › Çatal-Kaşık-Bıçak Seti,Çatal-Kaşık-Bıçak Seti,KITCHENWARE,
Mutfak ve Sofra › Sofra ve Servis › Yemek Takımları › Servis Tabağı,Servis Tabağı,KITCHENWARE,
Mutfak ve Sofra › Sofra ve Servis › Yemek Takımları › Salata Kasesi,Salata Kasesi,KITCHENWARE,
Mutfak ve Sofra › Sofra ve Servis › Bardak ve Fincan › Su Bardağı,Su Bardağı,KITCHENWARE,
Mutfak ve Sofra › Sofra ve Servis › Bardak ve Fincan › Çay Bardağı,Çay Bardağı,KITCHENWARE,
Mutfak ve Sofra › Sofra ve Servis › Bardak ve Fincan › Kahve Fincanı,Kahve Fincanı,SMALL_APPLIANCE,
Mutfak ve Sofra › Sofra ve Servis › Bardak ve Fincan › Kupa,Kupa,KITCHENWARE,
Mutfak ve Sofra › Sofra ve Servis › Bardak ve Fincan › Kadeh,Kadeh,KITCHENWARE,
Mutfak ve Sofra › Sofra ve Servis › Bardak ve Fincan › Sürahi ve Karaf,Sürahi ve Karaf,SMALL_APPLIANCE,
Mutfak ve Sofra › Sofra ve Servis › Servis Gereçleri › Tepsi,Tepsi,KITCHENWARE,
Mutfak ve Sofra › Sofra ve Servis › Servis Gereçleri › Sunum Tahtası,Sunum Tahtası,KITCHENWARE,
Mutfak ve Sofra › Sofra ve Servis › Servis Gereçleri › Servis Kaşığı,Servis Kaşığı,KITCHENWARE,
Mutfak ve Sofra › Sofra ve Servis › Servis Gereçleri › Şekerlik,Şekerlik,KITCHENWARE,
Mutfak ve Sofra › Sofra ve Servis › Servis Gereçleri › Yağlık-Sirkelik,Yağlık-Sirkelik,AUTOMOTIVE_PART,
Mutfak ve Sofra › Sofra ve Servis › Servis Gereçleri › Tuzluk-Biberlik,Tuzluk-Biberlik,KITCHENWARE,
Mutfak ve Sofra › Saklama ve Düzenleme › Gıda Saklama › Saklama Kabı,Saklama Kabı,KITCHENWARE,
Mutfak ve Sofra › Saklama ve Düzenleme › Gıda Saklama › Vakumlu Saklama Kabı,Vakumlu Saklama Kabı,PET_PRODUCT,
Mutfak ve Sofra › Saklama ve Düzenleme › Gıda Saklama › Kavanoz,Kavanoz,KITCHENWARE,
Mutfak ve Sofra › Saklama ve Düzenleme › Gıda Saklama › Baharatlık,Baharatlık,KITCHENWARE,
Mutfak ve Sofra › Saklama ve Düzenleme › Gıda Saklama › Ekmek Kutusu,Ekmek Kutusu,SMALL_APPLIANCE,
Mutfak ve Sofra › Saklama ve Düzenleme › Gıda Saklama › Buzdolabı Düzenleyici,Buzdolabı Düzenleyici,WHITE_GOODS,
Mutfak ve Sofra › Saklama ve Düzenleme › Mutfak Düzenleme › Kaşıklık,Kaşıklık,KITCHENWARE,
Mutfak ve Sofra › Saklama ve Düzenleme › Mutfak Düzenleme › Bulaşıklık,Bulaşıklık,WHITE_GOODS,
Mutfak ve Sofra › Saklama ve Düzenleme › Mutfak Düzenleme › Raf Düzenleyici,Raf Düzenleyici,FURNITURE,
Mutfak ve Sofra › Saklama ve Düzenleme › Mutfak Düzenleme › Dolap İçi Düzenleyici,Dolap İçi Düzenleyici,FURNITURE,
Mutfak ve Sofra › Saklama ve Düzenleme › Mutfak Düzenleme › Poşetlik,Poşetlik,KITCHENWARE,
Mutfak ve Sofra › Saklama ve Düzenleme › Mutfak Düzenleme › Çöp Kovası,Çöp Kovası,KITCHENWARE,
Mutfak ve Sofra › Su Arıtma › Su Arıtma Ürünleri › Filtreli Sürahi,Filtreli Sürahi,SMALL_APPLIANCE,
Mutfak ve Sofra › Su Arıtma › Su Arıtma Ürünleri › Su Arıtma Cihazı,Su Arıtma Cihazı,KITCHENWARE,
Mutfak ve Sofra › Su Arıtma › Su Arıtma Ürünleri › Musluk Filtresi,Musluk Filtresi,AUTOMOTIVE_PART,
Mutfak ve Sofra › Su Arıtma › Su Arıtma Ürünleri › Yedek Filtre,Yedek Filtre,AUTOMOTIVE_PART,
Mutfak ve Sofra › Su Arıtma › Su Arıtma Ürünleri › Su Sebili,Su Sebili,KITCHENWARE,
Mutfak ve Sofra › Su Arıtma › Su Arıtma Ürünleri › Tezgah Üstü Su Arıtıcı,Tezgah Üstü Su Arıtıcı,KITCHENWARE,
Ev ve Yaşam › Mobilya › Salon › Koltuk Takımı,Koltuk Takımı,FURNITURE,
Ev ve Yaşam › Mobilya › Salon › Kanepe,Kanepe,FURNITURE,
Ev ve Yaşam › Mobilya › Salon › Berjer,Berjer,FURNITURE,
Ev ve Yaşam › Mobilya › Salon › TV Ünitesi,TV Ünitesi,FURNITURE,
Ev ve Yaşam › Mobilya › Salon › Orta Sehpa,Orta Sehpa,FURNITURE,
Ev ve Yaşam › Mobilya › Salon › Yan Sehpa,Yan Sehpa,FURNITURE,
Ev ve Yaşam › Mobilya › Salon › Kitaplık,Kitaplık,BOOK_STATIONERY,
Ev ve Yaşam › Mobilya › Salon › Konsol,Konsol,FURNITURE,
Ev ve Yaşam › Mobilya › Salon › Vitrin,Vitrin,FURNITURE,
Ev ve Yaşam › Mobilya › Yatak Odası › Yatak Odası Takımı,Yatak Odası Takımı,FURNITURE,
Ev ve Yaşam › Mobilya › Yatak Odası › Yatak,Yatak,FURNITURE,
Ev ve Yaşam › Mobilya › Yatak Odası › Baza,Baza,FURNITURE,
Ev ve Yaşam › Mobilya › Yatak Odası › Başlık,Başlık,FURNITURE,
Ev ve Yaşam › Mobilya › Yatak Odası › Gardırop,Gardırop,FURNITURE,
Ev ve Yaşam › Mobilya › Yatak Odası › Şifonyer,Şifonyer,FURNITURE,
Ev ve Yaşam › Mobilya › Yatak Odası › Komodin,Komodin,FURNITURE,
Ev ve Yaşam › Mobilya › Yatak Odası › Makyaj Masası,Makyaj Masası,FURNITURE,
Ev ve Yaşam › Mobilya › Yemek Odası › Yemek Masası,Yemek Masası,FURNITURE,
Ev ve Yaşam › Mobilya › Yemek Odası › Sandalye,Sandalye,FURNITURE,
Ev ve Yaşam › Mobilya › Yemek Odası › Yemek Odası Takımı,Yemek Odası Takımı,FURNITURE,
Ev ve Yaşam › Mobilya › Yemek Odası › Bank,Bank,FURNITURE,
Ev ve Yaşam › Mobilya › Yemek Odası › Bar Masası,Bar Masası,FURNITURE,
Ev ve Yaşam › Mobilya › Yemek Odası › Bar Sandalyesi,Bar Sandalyesi,FURNITURE,
Ev ve Yaşam › Mobilya › Çalışma Odası › Çalışma Masası,Çalışma Masası,FURNITURE,
Ev ve Yaşam › Mobilya › Çalışma Odası › Ofis Koltuğu,Ofis Koltuğu,BOOK_STATIONERY,
Ev ve Yaşam › Mobilya › Çalışma Odası › Çalışma Koltuğu,Çalışma Koltuğu,FURNITURE,
Ev ve Yaşam › Mobilya › Çalışma Odası › Dosya Dolabı,Dosya Dolabı,BOOK_STATIONERY,
Ev ve Yaşam › Mobilya › Çalışma Odası › Raf,Raf,FURNITURE,
Ev ve Yaşam › Mobilya › Çalışma Odası › Toplantı Masası,Toplantı Masası,FURNITURE,
Ev ve Yaşam › Mobilya › Çocuk ve Genç Odası › Çocuk Odası Takımı,Çocuk Odası Takımı,BABY_PRODUCT,
Ev ve Yaşam › Mobilya › Çocuk ve Genç Odası › Genç Odası Takımı,Genç Odası Takımı,BABY_PRODUCT,
Ev ve Yaşam › Mobilya › Çocuk ve Genç Odası › Çocuk Yatağı,Çocuk Yatağı,BABY_PRODUCT,
Ev ve Yaşam › Mobilya › Çocuk ve Genç Odası › Ranza,Ranza,BABY_PRODUCT,
Ev ve Yaşam › Mobilya › Çocuk ve Genç Odası › Çalışma Masası,Çalışma Masası,FURNITURE,
Ev ve Yaşam › Mobilya › Çocuk ve Genç Odası › Oyuncak Dolabı,Oyuncak Dolabı,BABY_PRODUCT,
Ev ve Yaşam › Mobilya › Antre ve Balkon › Portmanto,Portmanto,FURNITURE,
Ev ve Yaşam › Mobilya › Antre ve Balkon › Ayakkabılık,Ayakkabılık,FOOTWEAR,
Ev ve Yaşam › Mobilya › Antre ve Balkon › Dresuar,Dresuar,FURNITURE,
Ev ve Yaşam › Mobilya › Antre ve Balkon › Balkon Mobilyası,Balkon Mobilyası,FURNITURE,
Ev ve Yaşam › Mobilya › Antre ve Balkon › Bahçe Mobilyası,Bahçe Mobilyası,FURNITURE,
Ev ve Yaşam › Ev Tekstili › Yatak Tekstili › Nevresim Takımı,Nevresim Takımı,FURNITURE,
Ev ve Yaşam › Ev Tekstili › Yatak Tekstili › Çarşaf,Çarşaf,FURNITURE,
Ev ve Yaşam › Ev Tekstili › Yatak Tekstili › Yastık,Yastık,FURNITURE,
Ev ve Yaşam › Ev Tekstili › Yatak Tekstili › Yorgan,Yorgan,FURNITURE,
Ev ve Yaşam › Ev Tekstili › Yatak Tekstili › Battaniye,Battaniye,FURNITURE,
Ev ve Yaşam › Ev Tekstili › Yatak Tekstili › Alez,Alez,FURNITURE,
Ev ve Yaşam › Ev Tekstili › Yatak Tekstili › Yatak Örtüsü,Yatak Örtüsü,FURNITURE,
Ev ve Yaşam › Ev Tekstili › Banyo Tekstili › Havlu,Havlu,FURNITURE,
Ev ve Yaşam › Ev Tekstili › Banyo Tekstili › Bornoz,Bornoz,FURNITURE,
Ev ve Yaşam › Ev Tekstili › Banyo Tekstili › Banyo Paspası,Banyo Paspası,FURNITURE,
Ev ve Yaşam › Ev Tekstili › Banyo Tekstili › Duş Perdesi,Duş Perdesi,FURNITURE,
Ev ve Yaşam › Ev Tekstili › Salon Tekstili › Perde,Perde,FURNITURE,
Ev ve Yaşam › Ev Tekstili › Salon Tekstili › Tül Perde,Tül Perde,FURNITURE,
Ev ve Yaşam › Ev Tekstili › Salon Tekstili › Fon Perde,Fon Perde,FURNITURE,
Ev ve Yaşam › Ev Tekstili › Salon Tekstili › Stor Perde,Stor Perde,FURNITURE,
Ev ve Yaşam › Ev Tekstili › Salon Tekstili › Kırlent,Kırlent,FURNITURE,
Ev ve Yaşam › Ev Tekstili › Salon Tekstili › Kırlent Kılıfı,Kırlent Kılıfı,FURNITURE,
Ev ve Yaşam › Ev Tekstili › Salon Tekstili › Koltuk Örtüsü,Koltuk Örtüsü,FURNITURE,
Ev ve Yaşam › Ev Tekstili › Mutfak Tekstili › Masa Örtüsü,Masa Örtüsü,FURNITURE,
Ev ve Yaşam › Ev Tekstili › Mutfak Tekstili › Runner,Runner,FURNITURE,
Ev ve Yaşam › Ev Tekstili › Mutfak Tekstili › Peçete,Peçete,FURNITURE,
Ev ve Yaşam › Ev Tekstili › Mutfak Tekstili › Mutfak Havlusu,Mutfak Havlusu,FURNITURE,
Ev ve Yaşam › Ev Tekstili › Mutfak Tekstili › Önlük,Önlük,FURNITURE,
Ev ve Yaşam › Ev Tekstili › Mutfak Tekstili › Eldiven ve Tutacak,Eldiven ve Tutacak,FURNITURE,
Ev ve Yaşam › Dekorasyon › Duvar Dekorasyonu › Tablo,Tablo,FURNITURE,
Ev ve Yaşam › Dekorasyon › Duvar Dekorasyonu › Poster,Poster,FURNITURE,
Ev ve Yaşam › Dekorasyon › Duvar Dekorasyonu › Duvar Saati,Duvar Saati,FURNITURE,
Ev ve Yaşam › Dekorasyon › Duvar Dekorasyonu › Ayna,Ayna,FURNITURE,
Ev ve Yaşam › Dekorasyon › Duvar Dekorasyonu › Duvar Rafı,Duvar Rafı,FURNITURE,
Ev ve Yaşam › Dekorasyon › Duvar Dekorasyonu › Duvar Sticker,Duvar Sticker,FURNITURE,
Ev ve Yaşam › Dekorasyon › Masaüstü Dekor › Vazo,Vazo,FURNITURE,
Ev ve Yaşam › Dekorasyon › Masaüstü Dekor › Biblo,Biblo,FURNITURE,
Ev ve Yaşam › Dekorasyon › Masaüstü Dekor › Mum,Mum,FURNITURE,
Ev ve Yaşam › Dekorasyon › Masaüstü Dekor › Mumluk,Mumluk,FURNITURE,
Ev ve Yaşam › Dekorasyon › Masaüstü Dekor › Dekoratif Kutu,Dekoratif Kutu,SMALL_APPLIANCE,
Ev ve Yaşam › Dekorasyon › Masaüstü Dekor › Fotoğraf Çerçevesi,Fotoğraf Çerçevesi,FURNITURE,
Ev ve Yaşam › Dekorasyon › Halı ve Zemin › Halı,Halı,FURNITURE,
Ev ve Yaşam › Dekorasyon › Halı ve Zemin › Yolluk,Yolluk,FURNITURE,
Ev ve Yaşam › Dekorasyon › Halı ve Zemin › Kilim,Kilim,FURNITURE,
Ev ve Yaşam › Dekorasyon › Halı ve Zemin › Paspas,Paspas,FURNITURE,
Ev ve Yaşam › Dekorasyon › Halı ve Zemin › PVC Zemin,PVC Zemin,FURNITURE,
Ev ve Yaşam › Dekorasyon › Halı ve Zemin › Yer Minderi,Yer Minderi,WHITE_GOODS,
Ev ve Yaşam › Aydınlatma › İç Mekan › Avize,Avize,FURNITURE,
Ev ve Yaşam › Aydınlatma › İç Mekan › Sarkıt,Sarkıt,FURNITURE,
Ev ve Yaşam › Aydınlatma › İç Mekan › Plafonyer,Plafonyer,FURNITURE,
Ev ve Yaşam › Aydınlatma › İç Mekan › Aplik,Aplik,FURNITURE,
Ev ve Yaşam › Aydınlatma › İç Mekan › Lambader,Lambader,FURNITURE,
Ev ve Yaşam › Aydınlatma › İç Mekan › Abajur,Abajur,FURNITURE,
Ev ve Yaşam › Aydınlatma › İç Mekan › Masa Lambası,Masa Lambası,FURNITURE,
Ev ve Yaşam › Aydınlatma › İç Mekan › Gece Lambası,Gece Lambası,FURNITURE,
Ev ve Yaşam › Aydınlatma › Dış Mekan › Bahçe Aydınlatması,Bahçe Aydınlatması,FURNITURE,
Ev ve Yaşam › Aydınlatma › Dış Mekan › Solar Aydınlatma,Solar Aydınlatma,FURNITURE,
Ev ve Yaşam › Aydınlatma › Dış Mekan › Projektör,Projektör,FURNITURE,
Ev ve Yaşam › Aydınlatma › Dış Mekan › Sensörlü Aydınlatma,Sensörlü Aydınlatma,FURNITURE,
Ev ve Yaşam › Aydınlatma › Ampul ve Ekipman › LED Ampul,LED Ampul,AUTOMOTIVE_PART,
Ev ve Yaşam › Aydınlatma › Ampul ve Ekipman › Akıllı Ampul,Akıllı Ampul,AUTOMOTIVE_PART,
Ev ve Yaşam › Aydınlatma › Ampul ve Ekipman › Floresan,Floresan,FURNITURE,
Ev ve Yaşam › Aydınlatma › Ampul ve Ekipman › Şerit LED,Şerit LED,FURNITURE,
Ev ve Yaşam › Aydınlatma › Ampul ve Ekipman › LED Profil,LED Profil,FURNITURE,
Ev ve Yaşam › Aydınlatma › Ampul ve Ekipman › Duy ve Soket,Duy ve Soket,FURNITURE,
Ev ve Yaşam › Temizlik ve Düzen › Temizlik Ürünleri › Mop,Mop,FURNITURE,
Ev ve Yaşam › Temizlik ve Düzen › Temizlik Ürünleri › Kova,Kova,FURNITURE,
Ev ve Yaşam › Temizlik ve Düzen › Temizlik Ürünleri › Faraş ve Süpürge,Faraş ve Süpürge,SMALL_APPLIANCE,
Ev ve Yaşam › Temizlik ve Düzen › Temizlik Ürünleri › Cam Sileceği,Cam Sileceği,FURNITURE,
Ev ve Yaşam › Temizlik ve Düzen › Temizlik Ürünleri › Temizlik Bezi,Temizlik Bezi,FURNITURE,
Ev ve Yaşam › Temizlik ve Düzen › Temizlik Ürünleri › Fırça,Fırça,FURNITURE,
Ev ve Yaşam › Temizlik ve Düzen › Temizlik Ürünleri › Çamaşır Sepeti,Çamaşır Sepeti,WHITE_GOODS,
Ev ve Yaşam › Temizlik ve Düzen › Düzenleyiciler › Hurç,Hurç,FURNITURE,
Ev ve Yaşam › Temizlik ve Düzen › Düzenleyiciler › Vakumlu Poşet,Vakumlu Poşet,PET_PRODUCT,
Ev ve Yaşam › Temizlik ve Düzen › Düzenleyiciler › Askı,Askı,FURNITURE,
Ev ve Yaşam › Temizlik ve Düzen › Düzenleyiciler › Ayakkabı Organizeri,Ayakkabı Organizeri,FOOTWEAR,
Ev ve Yaşam › Temizlik ve Düzen › Düzenleyiciler › Çekmece Düzenleyici,Çekmece Düzenleyici,FURNITURE,
Ev ve Yaşam › Temizlik ve Düzen › Düzenleyiciler › Kutu ve Sepet,Kutu ve Sepet,SMALL_APPLIANCE,
Moda › Kadın › Üst Giyim › Tişört,Tişört,APPAREL,
Moda › Kadın › Üst Giyim › Gömlek,Gömlek,APPAREL,
Moda › Kadın › Üst Giyim › Bluz,Bluz,APPAREL,
Moda › Kadın › Üst Giyim › Sweatshirt,Sweatshirt,APPAREL,
Moda › Kadın › Üst Giyim › Kazak,Kazak,APPAREL,
Moda › Kadın › Üst Giyim › Hırka,Hırka,APPAREL,
Moda › Kadın › Üst Giyim › Tunik,Tunik,APPAREL,
Moda › Kadın › Üst Giyim › Crop Top,Crop Top,SPORTS_EQUIPMENT,
Moda › Kadın › Alt Giyim › Pantolon,Pantolon,APPAREL,
Moda › Kadın › Alt Giyim › Jean,Jean,APPAREL,
Moda › Kadın › Alt Giyim › Etek,Etek,APPAREL,
Moda › Kadın › Alt Giyim › Şort,Şort,APPAREL,
Moda › Kadın › Alt Giyim › Tayt,Tayt,APPAREL,
Moda › Kadın › Elbise ve Tulum › Günlük Elbise,Günlük Elbise,APPAREL,
Moda › Kadın › Elbise ve Tulum › Abiye Elbise,Abiye Elbise,APPAREL,
Moda › Kadın › Elbise ve Tulum › Tulum,Tulum,GENERIC,fallback — improve via overrides when traffic warrants
Moda › Kadın › Elbise ve Tulum › Salopet,Salopet,PET_PRODUCT,
Moda › Kadın › Dış Giyim › Mont,Mont,APPAREL,
Moda › Kadın › Dış Giyim › Kaban,Kaban,APPAREL,
Moda › Kadın › Dış Giyim › Trençkot,Trençkot,APPAREL,
Moda › Kadın › Dış Giyim › Ceket,Ceket,APPAREL,
Moda › Kadın › Dış Giyim › Yelek,Yelek,APPAREL,
Moda › Kadın › Dış Giyim › Yağmurluk,Yağmurluk,AUTOMOTIVE_PART,
Moda › Kadın › İç Giyim › Sütyen,Sütyen,APPAREL,
Moda › Kadın › İç Giyim › Külot,Külot,APPAREL,
Moda › Kadın › İç Giyim › Atlet,Atlet,APPAREL,
Moda › Kadın › İç Giyim › Body,Body,APPAREL,
Moda › Kadın › İç Giyim › Gecelik,Gecelik,APPAREL,
Moda › Kadın › İç Giyim › Pijama,Pijama,APPAREL,
Moda › Kadın › İç Giyim › Sabahlık,Sabahlık,APPAREL,
Moda › Kadın › Tesettür › Ferace,Ferace,GENERIC,fallback — improve via overrides when traffic warrants
Moda › Kadın › Tesettür › Kap,Kap,GENERIC,fallback — improve via overrides when traffic warrants
Moda › Kadın › Tesettür › Tesettür Elbise,Tesettür Elbise,APPAREL,
Moda › Kadın › Tesettür › Şal,Şal,GENERIC,fallback — improve via overrides when traffic warrants
Moda › Kadın › Tesettür › Eşarp,Eşarp,GENERIC,fallback — improve via overrides when traffic warrants
Moda › Erkek › Üst Giyim › Tişört,Tişört,APPAREL,
Moda › Erkek › Üst Giyim › Polo Yaka Tişört,Polo Yaka Tişört,APPAREL,
Moda › Erkek › Üst Giyim › Gömlek,Gömlek,APPAREL,
Moda › Erkek › Üst Giyim › Sweatshirt,Sweatshirt,APPAREL,
Moda › Erkek › Üst Giyim › Kazak,Kazak,APPAREL,
Moda › Erkek › Üst Giyim › Hırka,Hırka,APPAREL,
Moda › Erkek › Alt Giyim › Pantolon,Pantolon,APPAREL,
Moda › Erkek › Alt Giyim › Jean,Jean,APPAREL,
Moda › Erkek › Alt Giyim › Şort,Şort,APPAREL,
Moda › Erkek › Alt Giyim › Eşofman Altı,Eşofman Altı,APPAREL,
Moda › Erkek › Takım ve Dış Giyim › Takım Elbise,Takım Elbise,APPAREL,
Moda › Erkek › Takım ve Dış Giyim › Ceket,Ceket,APPAREL,
Moda › Erkek › Takım ve Dış Giyim › Mont,Mont,APPAREL,
Moda › Erkek › Takım ve Dış Giyim › Kaban,Kaban,APPAREL,
Moda › Erkek › Takım ve Dış Giyim › Yelek,Yelek,APPAREL,
Moda › Erkek › Takım ve Dış Giyim › Yağmurluk,Yağmurluk,AUTOMOTIVE_PART,
Moda › Erkek › İç Giyim › Boxer,Boxer,APPAREL,
Moda › Erkek › İç Giyim › Atlet,Atlet,APPAREL,
Moda › Erkek › İç Giyim › Fanila,Fanila,APPAREL,
Moda › Erkek › İç Giyim › Pijama,Pijama,APPAREL,
Moda › Erkek › İç Giyim › Çorap,Çorap,APPAREL,
Moda › Ayakkabı › Kadın Ayakkabı › Sneaker,Sneaker,FOOTWEAR,
Moda › Ayakkabı › Kadın Ayakkabı › Topuklu Ayakkabı,Topuklu Ayakkabı,FOOTWEAR,
Moda › Ayakkabı › Kadın Ayakkabı › Babet,Babet,FOOTWEAR,
Moda › Ayakkabı › Kadın Ayakkabı › Sandalet,Sandalet,FOOTWEAR,
Moda › Ayakkabı › Kadın Ayakkabı › Bot,Bot,FOOTWEAR,
Moda › Ayakkabı › Kadın Ayakkabı › Çizme,Çizme,FOOTWEAR,
Moda › Ayakkabı › Kadın Ayakkabı › Terlik,Terlik,FOOTWEAR,
Moda › Ayakkabı › Erkek Ayakkabı › Sneaker,Sneaker,FOOTWEAR,
Moda › Ayakkabı › Erkek Ayakkabı › Klasik Ayakkabı,Klasik Ayakkabı,FOOTWEAR,
Moda › Ayakkabı › Erkek Ayakkabı › Loafer,Loafer,FOOTWEAR,
Moda › Ayakkabı › Erkek Ayakkabı › Bot,Bot,FOOTWEAR,
Moda › Ayakkabı › Erkek Ayakkabı › Sandalet,Sandalet,FOOTWEAR,
Moda › Ayakkabı › Erkek Ayakkabı › Terlik,Terlik,FOOTWEAR,
Moda › Ayakkabı › Spor Ayakkabı › Koşu Ayakkabısı,Koşu Ayakkabısı,FOOTWEAR,
Moda › Ayakkabı › Spor Ayakkabı › Yürüyüş Ayakkabısı,Yürüyüş Ayakkabısı,FOOTWEAR,
Moda › Ayakkabı › Spor Ayakkabı › Basketbol Ayakkabısı,Basketbol Ayakkabısı,FOOTWEAR,
Moda › Ayakkabı › Spor Ayakkabı › Futbol Ayakkabısı,Futbol Ayakkabısı,FOOTWEAR,
Moda › Ayakkabı › Spor Ayakkabı › Outdoor Ayakkabı,Outdoor Ayakkabı,FOOTWEAR,
Moda › Çanta ve Aksesuar › Çanta › Omuz Çantası,Omuz Çantası,GENERIC,fallback — improve via overrides when traffic warrants
Moda › Çanta ve Aksesuar › Çanta › El Çantası,El Çantası,GENERIC,fallback — improve via overrides when traffic warrants
Moda › Çanta ve Aksesuar › Çanta › Sırt Çantası,Sırt Çantası,GENERIC,fallback — improve via overrides when traffic warrants
Moda › Çanta ve Aksesuar › Çanta › Bel Çantası,Bel Çantası,GENERIC,fallback — improve via overrides when traffic warrants
Moda › Çanta ve Aksesuar › Çanta › Laptop Çantası,Laptop Çantası,SPORTS_EQUIPMENT,
Moda › Çanta ve Aksesuar › Çanta › Valiz,Valiz,GENERIC,fallback — improve via overrides when traffic warrants
Moda › Çanta ve Aksesuar › Çanta › Cüzdan,Cüzdan,GENERIC,fallback — improve via overrides when traffic warrants
Moda › Çanta ve Aksesuar › Çanta › Kartlık,Kartlık,GENERIC,fallback — improve via overrides when traffic warrants
Moda › Çanta ve Aksesuar › Aksesuar › Kemer,Kemer,GENERIC,fallback — improve via overrides when traffic warrants
Moda › Çanta ve Aksesuar › Aksesuar › Şapka,Şapka,GENERIC,fallback — improve via overrides when traffic warrants
Moda › Çanta ve Aksesuar › Aksesuar › Bere,Bere,GENERIC,fallback — improve via overrides when traffic warrants
Moda › Çanta ve Aksesuar › Aksesuar › Atkı,Atkı,GENERIC,fallback — improve via overrides when traffic warrants
Moda › Çanta ve Aksesuar › Aksesuar › Eldiven,Eldiven,GENERIC,fallback — improve via overrides when traffic warrants
Moda › Çanta ve Aksesuar › Aksesuar › Güneş Gözlüğü,Güneş Gözlüğü,GENERIC,fallback — improve via overrides when traffic warrants
Moda › Çanta ve Aksesuar › Aksesuar › Şemsiye,Şemsiye,GENERIC,fallback — improve via overrides when traffic warrants
Moda › Çanta ve Aksesuar › Takı › Kolye,Kolye,GENERIC,fallback — improve via overrides when traffic warrants
Moda › Çanta ve Aksesuar › Takı › Bileklik,Bileklik,GENERIC,fallback — improve via overrides when traffic warrants
Moda › Çanta ve Aksesuar › Takı › Küpe,Küpe,GENERIC,fallback — improve via overrides when traffic warrants
Moda › Çanta ve Aksesuar › Takı › Yüzük,Yüzük,GENERIC,fallback — improve via overrides when traffic warrants
Moda › Çanta ve Aksesuar › Takı › Halhal,Halhal,GENERIC,fallback — improve via overrides when traffic warrants
Moda › Çanta ve Aksesuar › Takı › Broş,Broş,GENERIC,fallback — improve via overrides when traffic warrants
"Anne, Bebek ve Çocuk › Bebek Arabası ve Taşıma › Bebek Arabası › Travel Sistem Bebek Arabası",Travel Sistem Bebek Arabası,BABY_PRODUCT,
"Anne, Bebek ve Çocuk › Bebek Arabası ve Taşıma › Bebek Arabası › Baston Bebek Arabası",Baston Bebek Arabası,BABY_PRODUCT,
"Anne, Bebek ve Çocuk › Bebek Arabası ve Taşıma › Bebek Arabası › İkiz Bebek Arabası",İkiz Bebek Arabası,BABY_PRODUCT,
"Anne, Bebek ve Çocuk › Bebek Arabası ve Taşıma › Bebek Arabası › Jogger Bebek Arabası",Jogger Bebek Arabası,BABY_PRODUCT,
"Anne, Bebek ve Çocuk › Bebek Arabası ve Taşıma › Taşıma › Ana Kucağı",Ana Kucağı,BABY_PRODUCT,
"Anne, Bebek ve Çocuk › Bebek Arabası ve Taşıma › Taşıma › Puset",Puset,BABY_PRODUCT,
"Anne, Bebek ve Çocuk › Bebek Arabası ve Taşıma › Taşıma › Kanguru",Kanguru,BABY_PRODUCT,
"Anne, Bebek ve Çocuk › Bebek Arabası ve Taşıma › Taşıma › Sling",Sling,BABY_PRODUCT,
"Anne, Bebek ve Çocuk › Bebek Arabası ve Taşıma › Taşıma › Portbebe",Portbebe,BABY_PRODUCT,
"Anne, Bebek ve Çocuk › Bebek Odası › Mobilya › Bebek Beşiği",Bebek Beşiği,BABY_PRODUCT,
"Anne, Bebek ve Çocuk › Bebek Odası › Mobilya › Bebek Karyolası",Bebek Karyolası,BABY_PRODUCT,
"Anne, Bebek ve Çocuk › Bebek Odası › Mobilya › Bebek Yatağı",Bebek Yatağı,BABY_PRODUCT,
"Anne, Bebek ve Çocuk › Bebek Odası › Mobilya › Alt Açma Ünitesi",Alt Açma Ünitesi,BABY_PRODUCT,
"Anne, Bebek ve Çocuk › Bebek Odası › Mobilya › Bebek Dolabı",Bebek Dolabı,BABY_PRODUCT,
"Anne, Bebek ve Çocuk › Bebek Odası › Tekstil › Bebek Nevresimi",Bebek Nevresimi,BABY_PRODUCT,
"Anne, Bebek ve Çocuk › Bebek Odası › Tekstil › Uyku Tulumu",Uyku Tulumu,BABY_PRODUCT,
"Anne, Bebek ve Çocuk › Bebek Odası › Tekstil › Bebek Battaniyesi",Bebek Battaniyesi,BABY_PRODUCT,
"Anne, Bebek ve Çocuk › Bebek Odası › Tekstil › Bebek Yastığı",Bebek Yastığı,BABY_PRODUCT,
"Anne, Bebek ve Çocuk › Bebek Odası › Tekstil › Cibinlik",Cibinlik,BABY_PRODUCT,
"Anne, Bebek ve Çocuk › Beslenme › Emzirme › Göğüs Pompası",Göğüs Pompası,BABY_PRODUCT,
"Anne, Bebek ve Çocuk › Beslenme › Emzirme › Emzirme Yastığı",Emzirme Yastığı,BABY_PRODUCT,
"Anne, Bebek ve Çocuk › Beslenme › Emzirme › Süt Saklama Poşeti",Süt Saklama Poşeti,BABY_PRODUCT,
"Anne, Bebek ve Çocuk › Beslenme › Emzirme › Göğüs Pedi",Göğüs Pedi,BABY_PRODUCT,
"Anne, Bebek ve Çocuk › Beslenme › Biberon ve Mama › Biberon",Biberon,BABY_PRODUCT,
"Anne, Bebek ve Çocuk › Beslenme › Biberon ve Mama › Emzik",Emzik,BABY_PRODUCT,
"Anne, Bebek ve Çocuk › Beslenme › Biberon ve Mama › Biberon Isıtıcı",Biberon Isıtıcı,BABY_PRODUCT,
"Anne, Bebek ve Çocuk › Beslenme › Biberon ve Mama › Sterilizatör",Sterilizatör,BABY_PRODUCT,
"Anne, Bebek ve Çocuk › Beslenme › Biberon ve Mama › Mama Sandalyesi",Mama Sandalyesi,FURNITURE,
"Anne, Bebek ve Çocuk › Beslenme › Biberon ve Mama › Mama Seti",Mama Seti,PET_PRODUCT,
"Anne, Bebek ve Çocuk › Bakım ve Güvenlik › Bakım › Bebek Bezi",Bebek Bezi,BABY_PRODUCT,
"Anne, Bebek ve Çocuk › Bakım ve Güvenlik › Bakım › Islak Mendil",Islak Mendil,BABY_PRODUCT,
"Anne, Bebek ve Çocuk › Bakım ve Güvenlik › Bakım › Bebek Şampuanı",Bebek Şampuanı,COSMETICS,
"Anne, Bebek ve Çocuk › Bakım ve Güvenlik › Bakım › Bebek Yağı",Bebek Yağı,AUTOMOTIVE_PART,
"Anne, Bebek ve Çocuk › Bakım ve Güvenlik › Bakım › Pişik Kremi",Pişik Kremi,COSMETICS,
"Anne, Bebek ve Çocuk › Bakım ve Güvenlik › Bakım › Bebek Küveti",Bebek Küveti,BABY_PRODUCT,
"Anne, Bebek ve Çocuk › Bakım ve Güvenlik › Güvenlik › Bebek Kamerası",Bebek Kamerası,BABY_PRODUCT,
"Anne, Bebek ve Çocuk › Bakım ve Güvenlik › Güvenlik › Telsiz",Telsiz,BABY_PRODUCT,
"Anne, Bebek ve Çocuk › Bakım ve Güvenlik › Güvenlik › Güvenlik Kapısı",Güvenlik Kapısı,BABY_PRODUCT,
"Anne, Bebek ve Çocuk › Bakım ve Güvenlik › Güvenlik › Priz Koruyucu",Priz Koruyucu,BABY_PRODUCT,
"Anne, Bebek ve Çocuk › Bakım ve Güvenlik › Güvenlik › Köşe Koruyucu",Köşe Koruyucu,BABY_PRODUCT,
"Anne, Bebek ve Çocuk › Çocuk Giyim › Kız Çocuk › Tişört",Tişört,APPAREL,
"Anne, Bebek ve Çocuk › Çocuk Giyim › Kız Çocuk › Elbise",Elbise,APPAREL,
"Anne, Bebek ve Çocuk › Çocuk Giyim › Kız Çocuk › Pantolon",Pantolon,APPAREL,
"Anne, Bebek ve Çocuk › Çocuk Giyim › Kız Çocuk › Etek",Etek,APPAREL,
"Anne, Bebek ve Çocuk › Çocuk Giyim › Kız Çocuk › Mont",Mont,APPAREL,
"Anne, Bebek ve Çocuk › Çocuk Giyim › Kız Çocuk › Pijama",Pijama,APPAREL,
"Anne, Bebek ve Çocuk › Çocuk Giyim › Kız Çocuk › İç Giyim",İç Giyim,APPAREL,
"Anne, Bebek ve Çocuk › Çocuk Giyim › Erkek Çocuk › Tişört",Tişört,APPAREL,
"Anne, Bebek ve Çocuk › Çocuk Giyim › Erkek Çocuk › Gömlek",Gömlek,APPAREL,
"Anne, Bebek ve Çocuk › Çocuk Giyim › Erkek Çocuk › Pantolon",Pantolon,APPAREL,
"Anne, Bebek ve Çocuk › Çocuk Giyim › Erkek Çocuk › Şort",Şort,APPAREL,
"Anne, Bebek ve Çocuk › Çocuk Giyim › Erkek Çocuk › Mont",Mont,APPAREL,
"Anne, Bebek ve Çocuk › Çocuk Giyim › Erkek Çocuk › Pijama",Pijama,APPAREL,
"Anne, Bebek ve Çocuk › Çocuk Giyim › Erkek Çocuk › İç Giyim",İç Giyim,APPAREL,
"Anne, Bebek ve Çocuk › Çocuk Giyim › Bebek Giyim › Body",Body,BABY_PRODUCT,
"Anne, Bebek ve Çocuk › Çocuk Giyim › Bebek Giyim › Zıbın",Zıbın,BABY_PRODUCT,
"Anne, Bebek ve Çocuk › Çocuk Giyim › Bebek Giyim › Tulum",Tulum,BABY_PRODUCT,
"Anne, Bebek ve Çocuk › Çocuk Giyim › Bebek Giyim › Hastane Çıkışı",Hastane Çıkışı,BABY_PRODUCT,
"Anne, Bebek ve Çocuk › Çocuk Giyim › Bebek Giyim › Bebek Takımı",Bebek Takımı,BABY_PRODUCT,
"Anne, Bebek ve Çocuk › Çocuk Giyim › Bebek Giyim › Bebek Çorabı",Bebek Çorabı,BABY_PRODUCT,
"Anne, Bebek ve Çocuk › Oyuncak › Eğitici Oyuncak › Ahşap Oyuncak",Ahşap Oyuncak,BABY_PRODUCT,
"Anne, Bebek ve Çocuk › Oyuncak › Eğitici Oyuncak › STEM Oyuncak",STEM Oyuncak,BABY_PRODUCT,
"Anne, Bebek ve Çocuk › Oyuncak › Eğitici Oyuncak › Aktivite Oyuncağı",Aktivite Oyuncağı,BABY_PRODUCT,
"Anne, Bebek ve Çocuk › Oyuncak › Eğitici Oyuncak › Montessori Oyuncak",Montessori Oyuncak,APPAREL,
"Anne, Bebek ve Çocuk › Oyuncak › Rol Oyunları › Oyuncak Mutfak",Oyuncak Mutfak,BABY_PRODUCT,
"Anne, Bebek ve Çocuk › Oyuncak › Rol Oyunları › Doktor Seti",Doktor Seti,BABY_PRODUCT,
"Anne, Bebek ve Çocuk › Oyuncak › Rol Oyunları › Tamir Seti",Tamir Seti,BABY_PRODUCT,
"Anne, Bebek ve Çocuk › Oyuncak › Rol Oyunları › Bebek ve Aksesuarı",Bebek ve Aksesuarı,BABY_PRODUCT,
"Anne, Bebek ve Çocuk › Oyuncak › Araç ve Figür › Oyuncak Araba",Oyuncak Araba,BABY_PRODUCT,
"Anne, Bebek ve Çocuk › Oyuncak › Araç ve Figür › Uzaktan Kumandalı Araç",Uzaktan Kumandalı Araç,PET_PRODUCT,
"Anne, Bebek ve Çocuk › Oyuncak › Araç ve Figür › Aksiyon Figürü",Aksiyon Figürü,BABY_PRODUCT,
"Anne, Bebek ve Çocuk › Oyuncak › Araç ve Figür › Oyun Seti",Oyun Seti,BABY_PRODUCT,
"Anne, Bebek ve Çocuk › Oyuncak › Açık Hava › Scooter",Scooter,SPORTS_EQUIPMENT,
"Anne, Bebek ve Çocuk › Oyuncak › Açık Hava › Akülü Araba",Akülü Araba,AUTOMOTIVE_PART,
"Anne, Bebek ve Çocuk › Oyuncak › Açık Hava › Çocuk Bisikleti",Çocuk Bisikleti,SPORTS_EQUIPMENT,
"Anne, Bebek ve Çocuk › Oyuncak › Açık Hava › Trambolin",Trambolin,BABY_PRODUCT,
"Anne, Bebek ve Çocuk › Oyuncak › Açık Hava › Şişme Havuz",Şişme Havuz,BABY_PRODUCT,
Kozmetik ve Kişisel Bakım › Cilt Bakımı › Yüz Bakımı › Yüz Temizleme Jeli,Yüz Temizleme Jeli,COSMETICS,
Kozmetik ve Kişisel Bakım › Cilt Bakımı › Yüz Bakımı › Tonik,Tonik,COSMETICS,
Kozmetik ve Kişisel Bakım › Cilt Bakımı › Yüz Bakımı › Serum,Serum,COSMETICS,
Kozmetik ve Kişisel Bakım › Cilt Bakımı › Yüz Bakımı › Nemlendirici,Nemlendirici,COSMETICS,
Kozmetik ve Kişisel Bakım › Cilt Bakımı › Yüz Bakımı › Göz Kremi,Göz Kremi,COSMETICS,
Kozmetik ve Kişisel Bakım › Cilt Bakımı › Yüz Bakımı › Peeling,Peeling,COSMETICS,
Kozmetik ve Kişisel Bakım › Cilt Bakımı › Yüz Bakımı › Yüz Maskesi,Yüz Maskesi,COSMETICS,
Kozmetik ve Kişisel Bakım › Cilt Bakımı › Yüz Bakımı › Güneş Kremi,Güneş Kremi,COSMETICS,
Kozmetik ve Kişisel Bakım › Cilt Bakımı › Vücut Bakımı › Vücut Losyonu,Vücut Losyonu,COSMETICS,
Kozmetik ve Kişisel Bakım › Cilt Bakımı › Vücut Bakımı › Vücut Peelingi,Vücut Peelingi,COSMETICS,
Kozmetik ve Kişisel Bakım › Cilt Bakımı › Vücut Bakımı › El Kremi,El Kremi,COSMETICS,
Kozmetik ve Kişisel Bakım › Cilt Bakımı › Vücut Bakımı › Ayak Bakımı,Ayak Bakımı,COSMETICS,
Kozmetik ve Kişisel Bakım › Cilt Bakımı › Vücut Bakımı › Selülit Ürünü,Selülit Ürünü,COSMETICS,
Kozmetik ve Kişisel Bakım › Saç Bakımı › Saç Ürünleri › Şampuan,Şampuan,COSMETICS,
Kozmetik ve Kişisel Bakım › Saç Bakımı › Saç Ürünleri › Saç Kremi,Saç Kremi,COSMETICS,
Kozmetik ve Kişisel Bakım › Saç Bakımı › Saç Ürünleri › Saç Maskesi,Saç Maskesi,COSMETICS,
Kozmetik ve Kişisel Bakım › Saç Bakımı › Saç Ürünleri › Saç Serumu,Saç Serumu,COSMETICS,
Kozmetik ve Kişisel Bakım › Saç Bakımı › Saç Ürünleri › Saç Yağı,Saç Yağı,AUTOMOTIVE_PART,
Kozmetik ve Kişisel Bakım › Saç Bakımı › Saç Ürünleri › Saç Boyası,Saç Boyası,COSMETICS,
Kozmetik ve Kişisel Bakım › Saç Bakımı › Saç Ürünleri › Şekillendirici,Şekillendirici,COSMETICS,
Kozmetik ve Kişisel Bakım › Saç Bakımı › Saç Şekillendirme Cihazları › Saç Kurutma Makinesi,Saç Kurutma Makinesi,WHITE_GOODS,
Kozmetik ve Kişisel Bakım › Saç Bakımı › Saç Şekillendirme Cihazları › Saç Düzleştirici,Saç Düzleştirici,COSMETICS,
Kozmetik ve Kişisel Bakım › Saç Bakımı › Saç Şekillendirme Cihazları › Saç Maşası,Saç Maşası,FURNITURE,
Kozmetik ve Kişisel Bakım › Saç Bakımı › Saç Şekillendirme Cihazları › Saç Şekillendirme Seti,Saç Şekillendirme Seti,COSMETICS,
Kozmetik ve Kişisel Bakım › Saç Bakımı › Saç Şekillendirme Cihazları › Elektrikli Saç Fırçası,Elektrikli Saç Fırçası,COSMETICS,
Kozmetik ve Kişisel Bakım › Makyaj › Ten Makyajı › Fondöten,Fondöten,COSMETICS,
Kozmetik ve Kişisel Bakım › Makyaj › Ten Makyajı › BB-CC Krem,BB-CC Krem,COSMETICS,
Kozmetik ve Kişisel Bakım › Makyaj › Ten Makyajı › Kapatıcı,Kapatıcı,COSMETICS,
Kozmetik ve Kişisel Bakım › Makyaj › Ten Makyajı › Pudra,Pudra,COSMETICS,
Kozmetik ve Kişisel Bakım › Makyaj › Ten Makyajı › Allık,Allık,COSMETICS,
Kozmetik ve Kişisel Bakım › Makyaj › Ten Makyajı › Bronzer,Bronzer,COSMETICS,
Kozmetik ve Kişisel Bakım › Makyaj › Ten Makyajı › Aydınlatıcı,Aydınlatıcı,COSMETICS,
Kozmetik ve Kişisel Bakım › Makyaj › Göz Makyajı › Maskara,Maskara,COSMETICS,
Kozmetik ve Kişisel Bakım › Makyaj › Göz Makyajı › Eyeliner,Eyeliner,COSMETICS,
Kozmetik ve Kişisel Bakım › Makyaj › Göz Makyajı › Göz Kalemi,Göz Kalemi,COSMETICS,
Kozmetik ve Kişisel Bakım › Makyaj › Göz Makyajı › Far,Far,COSMETICS,
Kozmetik ve Kişisel Bakım › Makyaj › Göz Makyajı › Kaş Ürünü,Kaş Ürünü,COSMETICS,
Kozmetik ve Kişisel Bakım › Makyaj › Göz Makyajı › Takma Kirpik,Takma Kirpik,COSMETICS,
Kozmetik ve Kişisel Bakım › Makyaj › Dudak › Ruj,Ruj,COSMETICS,
Kozmetik ve Kişisel Bakım › Makyaj › Dudak › Dudak Parlatıcısı,Dudak Parlatıcısı,COSMETICS,
Kozmetik ve Kişisel Bakım › Makyaj › Dudak › Dudak Kalemi,Dudak Kalemi,COSMETICS,
Kozmetik ve Kişisel Bakım › Makyaj › Dudak › Dudak Balmı,Dudak Balmı,COSMETICS,
Kozmetik ve Kişisel Bakım › Makyaj › Makyaj Aksesuarı › Makyaj Fırçası,Makyaj Fırçası,COSMETICS,
Kozmetik ve Kişisel Bakım › Makyaj › Makyaj Aksesuarı › Makyaj Süngeri,Makyaj Süngeri,COSMETICS,
Kozmetik ve Kişisel Bakım › Makyaj › Makyaj Aksesuarı › Makyaj Aynası,Makyaj Aynası,COSMETICS,
Kozmetik ve Kişisel Bakım › Makyaj › Makyaj Aksesuarı › Makyaj Çantası,Makyaj Çantası,COSMETICS,
Kozmetik ve Kişisel Bakım › Parfüm ve Deodorant › Parfüm › Kadın Parfümü,Kadın Parfümü,COSMETICS,
Kozmetik ve Kişisel Bakım › Parfüm ve Deodorant › Parfüm › Erkek Parfümü,Erkek Parfümü,COSMETICS,
Kozmetik ve Kişisel Bakım › Parfüm ve Deodorant › Parfüm › Unisex Parfüm,Unisex Parfüm,COSMETICS,
Kozmetik ve Kişisel Bakım › Parfüm ve Deodorant › Parfüm › Çocuk Parfümü,Çocuk Parfümü,COSMETICS,
Kozmetik ve Kişisel Bakım › Parfüm ve Deodorant › Parfüm › Vücut Spreyi,Vücut Spreyi,COSMETICS,
Kozmetik ve Kişisel Bakım › Parfüm ve Deodorant › Deodorant › Roll-On,Roll-On,COSMETICS,
Kozmetik ve Kişisel Bakım › Parfüm ve Deodorant › Deodorant › Sprey Deodorant,Sprey Deodorant,COSMETICS,
Kozmetik ve Kişisel Bakım › Parfüm ve Deodorant › Deodorant › Stick Deodorant,Stick Deodorant,COSMETICS,
Kozmetik ve Kişisel Bakım › Kişisel Bakım Cihazları › Tıraş › Tıraş Makinesi,Tıraş Makinesi,COSMETICS,
Kozmetik ve Kişisel Bakım › Kişisel Bakım Cihazları › Tıraş › Sakal Şekillendirici,Sakal Şekillendirici,COSMETICS,
Kozmetik ve Kişisel Bakım › Kişisel Bakım Cihazları › Tıraş › Burun-Kulak Kılı Kesici,Burun-Kulak Kılı Kesici,COSMETICS,
Kozmetik ve Kişisel Bakım › Kişisel Bakım Cihazları › Tıraş › Tıraş Bıçağı,Tıraş Bıçağı,COSMETICS,
Kozmetik ve Kişisel Bakım › Kişisel Bakım Cihazları › Ağız Bakımı › Elektrikli Diş Fırçası,Elektrikli Diş Fırçası,COSMETICS,
Kozmetik ve Kişisel Bakım › Kişisel Bakım Cihazları › Ağız Bakımı › Ağız Duşu,Ağız Duşu,COSMETICS,
Kozmetik ve Kişisel Bakım › Kişisel Bakım Cihazları › Ağız Bakımı › Diş Beyazlatma Cihazı,Diş Beyazlatma Cihazı,COSMETICS,
Kozmetik ve Kişisel Bakım › Kişisel Bakım Cihazları › Epilasyon › Epilatör,Epilatör,COSMETICS,
Kozmetik ve Kişisel Bakım › Kişisel Bakım Cihazları › Epilasyon › IPL Lazer Epilasyon,IPL Lazer Epilasyon,COSMETICS,
Kozmetik ve Kişisel Bakım › Kişisel Bakım Cihazları › Epilasyon › Kadın Tıraş Makinesi,Kadın Tıraş Makinesi,COSMETICS,
Kozmetik ve Kişisel Bakım › Kişisel Bakım Cihazları › Masaj ve Sağlık › Masaj Aleti,Masaj Aleti,FURNITURE,
Kozmetik ve Kişisel Bakım › Kişisel Bakım Cihazları › Masaj ve Sağlık › Tartı,Tartı,COSMETICS,
Kozmetik ve Kişisel Bakım › Kişisel Bakım Cihazları › Masaj ve Sağlık › Tansiyon Aleti,Tansiyon Aleti,COSMETICS,
Kozmetik ve Kişisel Bakım › Kişisel Bakım Cihazları › Masaj ve Sağlık › Ateş Ölçer,Ateş Ölçer,COSMETICS,
Kozmetik ve Kişisel Bakım › Kişisel Bakım Cihazları › Masaj ve Sağlık › Nebulizatör,Nebulizatör,COSMETICS,
Spor ve Outdoor › Fitness › Kardiyo › Koşu Bandı,Koşu Bandı,SPORTS_EQUIPMENT,
Spor ve Outdoor › Fitness › Kardiyo › Eliptik Bisiklet,Eliptik Bisiklet,SPORTS_EQUIPMENT,
Spor ve Outdoor › Fitness › Kardiyo › Kondisyon Bisikleti,Kondisyon Bisikleti,SPORTS_EQUIPMENT,
Spor ve Outdoor › Fitness › Kardiyo › Kürek Aleti,Kürek Aleti,SPORTS_EQUIPMENT,
Spor ve Outdoor › Fitness › Kardiyo › Stepper,Stepper,SPORTS_EQUIPMENT,
Spor ve Outdoor › Fitness › Ağırlık › Dambıl,Dambıl,SPORTS_EQUIPMENT,
Spor ve Outdoor › Fitness › Ağırlık › Halter,Halter,SPORTS_EQUIPMENT,
Spor ve Outdoor › Fitness › Ağırlık › Ağırlık Seti,Ağırlık Seti,SPORTS_EQUIPMENT,
Spor ve Outdoor › Fitness › Ağırlık › Bench Sehpası,Bench Sehpası,SPORTS_EQUIPMENT,
Spor ve Outdoor › Fitness › Ağırlık › Kettlebell,Kettlebell,SMALL_APPLIANCE,
Spor ve Outdoor › Fitness › Ağırlık › Direnç Lastiği,Direnç Lastiği,SPORTS_EQUIPMENT,
Spor ve Outdoor › Fitness › Yoga ve Pilates › Yoga Matı,Yoga Matı,SPORTS_EQUIPMENT,
Spor ve Outdoor › Fitness › Yoga ve Pilates › Pilates Topu,Pilates Topu,SPORTS_EQUIPMENT,
Spor ve Outdoor › Fitness › Yoga ve Pilates › Pilates Çemberi,Pilates Çemberi,SPORTS_EQUIPMENT,
Spor ve Outdoor › Fitness › Yoga ve Pilates › Yoga Bloğu,Yoga Bloğu,SPORTS_EQUIPMENT,
Spor ve Outdoor › Fitness › Yoga ve Pilates › Foam Roller,Foam Roller,SPORTS_EQUIPMENT,
Spor ve Outdoor › Takım Sporları › Futbol › Futbol Topu,Futbol Topu,SPORTS_EQUIPMENT,
Spor ve Outdoor › Takım Sporları › Futbol › Krampon,Krampon,SPORTS_EQUIPMENT,
Spor ve Outdoor › Takım Sporları › Futbol › Kaleci Eldiveni,Kaleci Eldiveni,SPORTS_EQUIPMENT,
Spor ve Outdoor › Takım Sporları › Futbol › Futbol Kalesi,Futbol Kalesi,SPORTS_EQUIPMENT,
Spor ve Outdoor › Takım Sporları › Futbol › Antrenman Ekipmanı,Antrenman Ekipmanı,SPORTS_EQUIPMENT,
Spor ve Outdoor › Takım Sporları › Basketbol › Basketbol Topu,Basketbol Topu,SPORTS_EQUIPMENT,
Spor ve Outdoor › Takım Sporları › Basketbol › Basketbol Potası,Basketbol Potası,SPORTS_EQUIPMENT,
Spor ve Outdoor › Takım Sporları › Basketbol › Basketbol Ayakkabısı,Basketbol Ayakkabısı,FOOTWEAR,
Spor ve Outdoor › Takım Sporları › Voleybol › Voleybol Topu,Voleybol Topu,SPORTS_EQUIPMENT,
Spor ve Outdoor › Takım Sporları › Voleybol › Voleybol Filesi,Voleybol Filesi,SPORTS_EQUIPMENT,
Spor ve Outdoor › Takım Sporları › Voleybol › Dizlik,Dizlik,SPORTS_EQUIPMENT,
Spor ve Outdoor › Takım Sporları › Raket Sporları › Tenis Raketi,Tenis Raketi,SPORTS_EQUIPMENT,
Spor ve Outdoor › Takım Sporları › Raket Sporları › Tenis Topu,Tenis Topu,SPORTS_EQUIPMENT,
Spor ve Outdoor › Takım Sporları › Raket Sporları › Masa Tenisi Raketi,Masa Tenisi Raketi,FURNITURE,
Spor ve Outdoor › Takım Sporları › Raket Sporları › Badminton Raketi,Badminton Raketi,SPORTS_EQUIPMENT,
Spor ve Outdoor › Takım Sporları › Raket Sporları › Padel Raketi,Padel Raketi,SPORTS_EQUIPMENT,
Spor ve Outdoor › Outdoor ve Kamp › Kamp › Çadır,Çadır,SPORTS_EQUIPMENT,
Spor ve Outdoor › Outdoor ve Kamp › Kamp › Uyku Tulumu,Uyku Tulumu,SPORTS_EQUIPMENT,
Spor ve Outdoor › Outdoor ve Kamp › Kamp › Kamp Matı,Kamp Matı,SPORTS_EQUIPMENT,
Spor ve Outdoor › Outdoor ve Kamp › Kamp › Kamp Sandalyesi,Kamp Sandalyesi,FURNITURE,
Spor ve Outdoor › Outdoor ve Kamp › Kamp › Kamp Masası,Kamp Masası,FURNITURE,
Spor ve Outdoor › Outdoor ve Kamp › Kamp › Kamp Ocağı,Kamp Ocağı,SPORTS_EQUIPMENT,
Spor ve Outdoor › Outdoor ve Kamp › Kamp › Kamp Lambası,Kamp Lambası,SPORTS_EQUIPMENT,
Spor ve Outdoor › Outdoor ve Kamp › Dağcılık › Dağcılık Çantası,Dağcılık Çantası,SPORTS_EQUIPMENT,
Spor ve Outdoor › Outdoor ve Kamp › Dağcılık › Trekking Baton,Trekking Baton,SPORTS_EQUIPMENT,
Spor ve Outdoor › Outdoor ve Kamp › Dağcılık › Kask,Kask,SPORTS_EQUIPMENT,
Spor ve Outdoor › Outdoor ve Kamp › Dağcılık › Karabina,Karabina,SPORTS_EQUIPMENT,
Spor ve Outdoor › Outdoor ve Kamp › Dağcılık › Tırmanış İpi,Tırmanış İpi,SPORTS_EQUIPMENT,
Spor ve Outdoor › Outdoor ve Kamp › Dağcılık › Emniyet Kemeri,Emniyet Kemeri,SPORTS_EQUIPMENT,
Spor ve Outdoor › Outdoor ve Kamp › Outdoor Giyim › Outdoor Mont,Outdoor Mont,APPAREL,
Spor ve Outdoor › Outdoor ve Kamp › Outdoor Giyim › Termal İçlik,Termal İçlik,SPORTS_EQUIPMENT,
Spor ve Outdoor › Outdoor ve Kamp › Outdoor Giyim › Yağmurluk,Yağmurluk,AUTOMOTIVE_PART,
Spor ve Outdoor › Outdoor ve Kamp › Outdoor Giyim › Outdoor Pantolon,Outdoor Pantolon,APPAREL,
Spor ve Outdoor › Outdoor ve Kamp › Outdoor Giyim › Trekking Ayakkabısı,Trekking Ayakkabısı,FOOTWEAR,
Spor ve Outdoor › Outdoor ve Kamp › Su Sporları › Şişme Bot,Şişme Bot,FOOTWEAR,
Spor ve Outdoor › Outdoor ve Kamp › Su Sporları › Kano,Kano,SPORTS_EQUIPMENT,
Spor ve Outdoor › Outdoor ve Kamp › Su Sporları › SUP Board,SUP Board,SPORTS_EQUIPMENT,
Spor ve Outdoor › Outdoor ve Kamp › Su Sporları › Dalış Maskesi,Dalış Maskesi,SPORTS_EQUIPMENT,
Spor ve Outdoor › Outdoor ve Kamp › Su Sporları › Palet,Palet,SPORTS_EQUIPMENT,
Spor ve Outdoor › Outdoor ve Kamp › Su Sporları › Can Yeleği,Can Yeleği,SPORTS_EQUIPMENT,
Spor ve Outdoor › Bisiklet › Bisiklet Türleri › Dağ Bisikleti,Dağ Bisikleti,SPORTS_EQUIPMENT,
Spor ve Outdoor › Bisiklet › Bisiklet Türleri › Şehir Bisikleti,Şehir Bisikleti,SPORTS_EQUIPMENT,
Spor ve Outdoor › Bisiklet › Bisiklet Türleri › Yol Bisikleti,Yol Bisikleti,SPORTS_EQUIPMENT,
Spor ve Outdoor › Bisiklet › Bisiklet Türleri › Elektrikli Bisiklet,Elektrikli Bisiklet,SPORTS_EQUIPMENT,
Spor ve Outdoor › Bisiklet › Bisiklet Türleri › Katlanır Bisiklet,Katlanır Bisiklet,SPORTS_EQUIPMENT,
Spor ve Outdoor › Bisiklet › Bisiklet Türleri › BMX,BMX,SPORTS_EQUIPMENT,
Spor ve Outdoor › Bisiklet › Bisiklet Türleri › Çocuk Bisikleti,Çocuk Bisikleti,SPORTS_EQUIPMENT,
Spor ve Outdoor › Bisiklet › Bisiklet Parça ve Aksesuar › Bisiklet Kaskı,Bisiklet Kaskı,SPORTS_EQUIPMENT,
Spor ve Outdoor › Bisiklet › Bisiklet Parça ve Aksesuar › Bisiklet Kilidi,Bisiklet Kilidi,SPORTS_EQUIPMENT,
Spor ve Outdoor › Bisiklet › Bisiklet Parça ve Aksesuar › Aydınlatma,Aydınlatma,SPORTS_EQUIPMENT,
Spor ve Outdoor › Bisiklet › Bisiklet Parça ve Aksesuar › Pompa,Pompa,SPORTS_EQUIPMENT,
Spor ve Outdoor › Bisiklet › Bisiklet Parça ve Aksesuar › Sele,Sele,SPORTS_EQUIPMENT,
Spor ve Outdoor › Bisiklet › Bisiklet Parça ve Aksesuar › Pedal,Pedal,SPORTS_EQUIPMENT,
Spor ve Outdoor › Bisiklet › Bisiklet Parça ve Aksesuar › Lastik,Lastik,AUTOMOTIVE_PART,
Spor ve Outdoor › Bisiklet › Bisiklet Parça ve Aksesuar › İç Lastik,İç Lastik,AUTOMOTIVE_PART,
Spor ve Outdoor › Bisiklet › Bisiklet Parça ve Aksesuar › Çanta ve Heybe,Çanta ve Heybe,SPORTS_EQUIPMENT,
Spor ve Outdoor › Bisiklet › Bisiklet Parça ve Aksesuar › Bisiklet Bilgisayarı,Bisiklet Bilgisayarı,SPORTS_EQUIPMENT,
Hobi ve Oyun › Müzik Aletleri › Telli Çalgılar › Gitar,Gitar,SPORTS_EQUIPMENT,
Hobi ve Oyun › Müzik Aletleri › Telli Çalgılar › Elektro Gitar,Elektro Gitar,SPORTS_EQUIPMENT,
Hobi ve Oyun › Müzik Aletleri › Telli Çalgılar › Bas Gitar,Bas Gitar,SPORTS_EQUIPMENT,
Hobi ve Oyun › Müzik Aletleri › Telli Çalgılar › Ukulele,Ukulele,SPORTS_EQUIPMENT,
Hobi ve Oyun › Müzik Aletleri › Telli Çalgılar › Bağlama,Bağlama,SPORTS_EQUIPMENT,
Hobi ve Oyun › Müzik Aletleri › Telli Çalgılar › Keman,Keman,SPORTS_EQUIPMENT,
Hobi ve Oyun › Müzik Aletleri › Tuşlu Çalgılar › Dijital Piyano,Dijital Piyano,SPORTS_EQUIPMENT,
Hobi ve Oyun › Müzik Aletleri › Tuşlu Çalgılar › Org,Org,SPORTS_EQUIPMENT,
Hobi ve Oyun › Müzik Aletleri › Tuşlu Çalgılar › MIDI Klavye,MIDI Klavye,SPORTS_EQUIPMENT,
Hobi ve Oyun › Müzik Aletleri › Vurmalı Çalgılar › Davul,Davul,SPORTS_EQUIPMENT,
Hobi ve Oyun › Müzik Aletleri › Vurmalı Çalgılar › Elektronik Davul,Elektronik Davul,SMALL_APPLIANCE,
Hobi ve Oyun › Müzik Aletleri › Vurmalı Çalgılar › Darbuka,Darbuka,SPORTS_EQUIPMENT,
Hobi ve Oyun › Müzik Aletleri › Vurmalı Çalgılar › Cajon,Cajon,SPORTS_EQUIPMENT,
Hobi ve Oyun › Müzik Aletleri › Nefesli Çalgılar › Flüt,Flüt,SPORTS_EQUIPMENT,
Hobi ve Oyun › Müzik Aletleri › Nefesli Çalgılar › Klarnet,Klarnet,SPORTS_EQUIPMENT,
Hobi ve Oyun › Müzik Aletleri › Nefesli Çalgılar › Saksafon,Saksafon,SPORTS_EQUIPMENT,
Hobi ve Oyun › Müzik Aletleri › Nefesli Çalgılar › Trompet,Trompet,PET_PRODUCT,
Hobi ve Oyun › Müzik Aletleri › Müzik Aksesuarları › Amfi,Amfi,SPORTS_EQUIPMENT,
Hobi ve Oyun › Müzik Aletleri › Müzik Aksesuarları › Mikrofon,Mikrofon,SPORTS_EQUIPMENT,
Hobi ve Oyun › Müzik Aletleri › Müzik Aksesuarları › Nota Sehpası,Nota Sehpası,SPORTS_EQUIPMENT,
Hobi ve Oyun › Müzik Aletleri › Müzik Aksesuarları › Kılıf,Kılıf,SPORTS_EQUIPMENT,
Hobi ve Oyun › Müzik Aletleri › Müzik Aksesuarları › Tel ve Pena,Tel ve Pena,SPORTS_EQUIPMENT,
Hobi ve Oyun › Hobi Malzemeleri › Resim › Tuval,Tuval,SPORTS_EQUIPMENT,
Hobi ve Oyun › Hobi Malzemeleri › Resim › Akrilik Boya,Akrilik Boya,SPORTS_EQUIPMENT,
Hobi ve Oyun › Hobi Malzemeleri › Resim › Yağlı Boya,Yağlı Boya,AUTOMOTIVE_PART,
Hobi ve Oyun › Hobi Malzemeleri › Resim › Suluboya,Suluboya,SPORTS_EQUIPMENT,
Hobi ve Oyun › Hobi Malzemeleri › Resim › Fırça,Fırça,SPORTS_EQUIPMENT,
Hobi ve Oyun › Hobi Malzemeleri › Resim › Şövale,Şövale,SPORTS_EQUIPMENT,
Hobi ve Oyun › Hobi Malzemeleri › El İşi › Örgü İpi,Örgü İpi,SPORTS_EQUIPMENT,
Hobi ve Oyun › Hobi Malzemeleri › El İşi › Şiş ve Tığ,Şiş ve Tığ,SPORTS_EQUIPMENT,
Hobi ve Oyun › Hobi Malzemeleri › El İşi › Dikiş Malzemesi,Dikiş Malzemesi,SMALL_APPLIANCE,
Hobi ve Oyun › Hobi Malzemeleri › El İşi › Keçe,Keçe,SPORTS_EQUIPMENT,
Hobi ve Oyun › Hobi Malzemeleri › El İşi › Boncuk,Boncuk,SPORTS_EQUIPMENT,
Hobi ve Oyun › Hobi Malzemeleri › El İşi › Takı Yapım Malzemesi,Takı Yapım Malzemesi,SPORTS_EQUIPMENT,
Hobi ve Oyun › Hobi Malzemeleri › Maket ve Model › Maket Seti,Maket Seti,SPORTS_EQUIPMENT,
Hobi ve Oyun › Hobi Malzemeleri › Maket ve Model › Model Araba,Model Araba,SPORTS_EQUIPMENT,
Hobi ve Oyun › Hobi Malzemeleri › Maket ve Model › Model Uçak,Model Uçak,SPORTS_EQUIPMENT,
Hobi ve Oyun › Hobi Malzemeleri › Maket ve Model › Diorama Malzemesi,Diorama Malzemesi,SPORTS_EQUIPMENT,
Hobi ve Oyun › Hobi Malzemeleri › Maket ve Model › 3D Puzzle,3D Puzzle,SPORTS_EQUIPMENT,
Hobi ve Oyun › Oyun ve Eğlence › Kutu Oyunları › Strateji Oyunu,Strateji Oyunu,SPORTS_EQUIPMENT,
Hobi ve Oyun › Oyun ve Eğlence › Kutu Oyunları › Aile Oyunu,Aile Oyunu,SPORTS_EQUIPMENT,
Hobi ve Oyun › Oyun ve Eğlence › Kutu Oyunları › Parti Oyunu,Parti Oyunu,SPORTS_EQUIPMENT,
Hobi ve Oyun › Oyun ve Eğlence › Kutu Oyunları › Kart Oyunu,Kart Oyunu,SPORTS_EQUIPMENT,
Hobi ve Oyun › Oyun ve Eğlence › Kutu Oyunları › Satranç,Satranç,SPORTS_EQUIPMENT,
Hobi ve Oyun › Oyun ve Eğlence › Kutu Oyunları › Puzzle,Puzzle,SPORTS_EQUIPMENT,
Hobi ve Oyun › Oyun ve Eğlence › Koleksiyon › Figür,Figür,SPORTS_EQUIPMENT,
Hobi ve Oyun › Oyun ve Eğlence › Koleksiyon › Trading Card,Trading Card,SPORTS_EQUIPMENT,
Hobi ve Oyun › Oyun ve Eğlence › Koleksiyon › Madeni Para,Madeni Para,SPORTS_EQUIPMENT,
Hobi ve Oyun › Oyun ve Eğlence › Koleksiyon › Pul,Pul,SPORTS_EQUIPMENT,
Hobi ve Oyun › Oyun ve Eğlence › Koleksiyon › Koleksiyon Kutusu,Koleksiyon Kutusu,SMALL_APPLIANCE,
"Kitap, Kırtasiye ve Ofis › Kitap › Edebiyat › Roman",Roman,BOOK_STATIONERY,
"Kitap, Kırtasiye ve Ofis › Kitap › Edebiyat › Öykü",Öykü,BOOK_STATIONERY,
"Kitap, Kırtasiye ve Ofis › Kitap › Edebiyat › Şiir",Şiir,BOOK_STATIONERY,
"Kitap, Kırtasiye ve Ofis › Kitap › Edebiyat › Deneme",Deneme,BOOK_STATIONERY,
"Kitap, Kırtasiye ve Ofis › Kitap › Edebiyat › Biyografi",Biyografi,FURNITURE,
"Kitap, Kırtasiye ve Ofis › Kitap › Çocuk Kitapları › Resimli Kitap",Resimli Kitap,BOOK_STATIONERY,
"Kitap, Kırtasiye ve Ofis › Kitap › Çocuk Kitapları › Masal",Masal,FURNITURE,
"Kitap, Kırtasiye ve Ofis › Kitap › Çocuk Kitapları › Etkinlik Kitabı",Etkinlik Kitabı,BOOK_STATIONERY,
"Kitap, Kırtasiye ve Ofis › Kitap › Çocuk Kitapları › Gençlik Romanı",Gençlik Romanı,BOOK_STATIONERY,
"Kitap, Kırtasiye ve Ofis › Kitap › Eğitim › Sınav Hazırlık",Sınav Hazırlık,BOOK_STATIONERY,
"Kitap, Kırtasiye ve Ofis › Kitap › Eğitim › Ders Kitabı",Ders Kitabı,BOOK_STATIONERY,
"Kitap, Kırtasiye ve Ofis › Kitap › Eğitim › Yabancı Dil",Yabancı Dil,BOOK_STATIONERY,
"Kitap, Kırtasiye ve Ofis › Kitap › Eğitim › Akademik Kitap",Akademik Kitap,BOOK_STATIONERY,
"Kitap, Kırtasiye ve Ofis › Kitap › Hobi ve Yaşam › Yemek Kitabı",Yemek Kitabı,BOOK_STATIONERY,
"Kitap, Kırtasiye ve Ofis › Kitap › Hobi ve Yaşam › Kişisel Gelişim",Kişisel Gelişim,BOOK_STATIONERY,
"Kitap, Kırtasiye ve Ofis › Kitap › Hobi ve Yaşam › Sanat",Sanat,BOOK_STATIONERY,
"Kitap, Kırtasiye ve Ofis › Kitap › Hobi ve Yaşam › Seyahat",Seyahat,BOOK_STATIONERY,
"Kitap, Kırtasiye ve Ofis › Kitap › Hobi ve Yaşam › Sağlık",Sağlık,BOOK_STATIONERY,
"Kitap, Kırtasiye ve Ofis › Kırtasiye › Yazı Gereçleri › Tükenmez Kalem",Tükenmez Kalem,BOOK_STATIONERY,
"Kitap, Kırtasiye ve Ofis › Kırtasiye › Yazı Gereçleri › Dolma Kalem",Dolma Kalem,BOOK_STATIONERY,
"Kitap, Kırtasiye ve Ofis › Kırtasiye › Yazı Gereçleri › Kurşun Kalem",Kurşun Kalem,BOOK_STATIONERY,
"Kitap, Kırtasiye ve Ofis › Kırtasiye › Yazı Gereçleri › Keçeli Kalem",Keçeli Kalem,BOOK_STATIONERY,
"Kitap, Kırtasiye ve Ofis › Kırtasiye › Yazı Gereçleri › Marker",Marker,BOOK_STATIONERY,
"Kitap, Kırtasiye ve Ofis › Kırtasiye › Yazı Gereçleri › Silgi",Silgi,BOOK_STATIONERY,
"Kitap, Kırtasiye ve Ofis › Kırtasiye › Defter ve Kağıt › Defter",Defter,BOOK_STATIONERY,
"Kitap, Kırtasiye ve Ofis › Kırtasiye › Defter ve Kağıt › Ajanda",Ajanda,BOOK_STATIONERY,
"Kitap, Kırtasiye ve Ofis › Kırtasiye › Defter ve Kağıt › Fotokopi Kağıdı",Fotokopi Kağıdı,BOOK_STATIONERY,
"Kitap, Kırtasiye ve Ofis › Kırtasiye › Defter ve Kağıt › Not Kağıdı",Not Kağıdı,BOOK_STATIONERY,
"Kitap, Kırtasiye ve Ofis › Kırtasiye › Defter ve Kağıt › Etiket",Etiket,BOOK_STATIONERY,
"Kitap, Kırtasiye ve Ofis › Kırtasiye › Defter ve Kağıt › Zarf",Zarf,BOOK_STATIONERY,
"Kitap, Kırtasiye ve Ofis › Kırtasiye › Okul Gereçleri › Kalem Kutusu",Kalem Kutusu,SMALL_APPLIANCE,
"Kitap, Kırtasiye ve Ofis › Kırtasiye › Okul Gereçleri › Okul Çantası",Okul Çantası,BOOK_STATIONERY,
"Kitap, Kırtasiye ve Ofis › Kırtasiye › Okul Gereçleri › Boya Seti",Boya Seti,BOOK_STATIONERY,
"Kitap, Kırtasiye ve Ofis › Kırtasiye › Okul Gereçleri › Cetvel Seti",Cetvel Seti,BOOK_STATIONERY,
"Kitap, Kırtasiye ve Ofis › Kırtasiye › Okul Gereçleri › Makas",Makas,BOOK_STATIONERY,
"Kitap, Kırtasiye ve Ofis › Kırtasiye › Okul Gereçleri › Yapıştırıcı",Yapıştırıcı,BOOK_STATIONERY,
"Kitap, Kırtasiye ve Ofis › Ofis › Ofis Makineleri › Yazıcı",Yazıcı,BOOK_STATIONERY,
"Kitap, Kırtasiye ve Ofis › Ofis › Ofis Makineleri › Fotokopi Makinesi",Fotokopi Makinesi,BOOK_STATIONERY,
"Kitap, Kırtasiye ve Ofis › Ofis › Ofis Makineleri › Para Sayma Makinesi",Para Sayma Makinesi,BOOK_STATIONERY,
"Kitap, Kırtasiye ve Ofis › Ofis › Ofis Makineleri › Laminasyon Makinesi",Laminasyon Makinesi,BOOK_STATIONERY,
"Kitap, Kırtasiye ve Ofis › Ofis › Ofis Makineleri › Evrak İmha Makinesi",Evrak İmha Makinesi,BOOK_STATIONERY,
"Kitap, Kırtasiye ve Ofis › Ofis › Ofis Sarf › Toner",Toner,BOOK_STATIONERY,
"Kitap, Kırtasiye ve Ofis › Ofis › Ofis Sarf › Kartuş",Kartuş,BOOK_STATIONERY,
"Kitap, Kırtasiye ve Ofis › Ofis › Ofis Sarf › Zımba",Zımba,BOOK_STATIONERY,
"Kitap, Kırtasiye ve Ofis › Ofis › Ofis Sarf › Delgeç",Delgeç,BOOK_STATIONERY,
"Kitap, Kırtasiye ve Ofis › Ofis › Ofis Sarf › Dosya",Dosya,BOOK_STATIONERY,
"Kitap, Kırtasiye ve Ofis › Ofis › Ofis Sarf › Klasör",Klasör,BOOK_STATIONERY,
"Kitap, Kırtasiye ve Ofis › Ofis › Ofis Mobilyası › Ofis Masası",Ofis Masası,FURNITURE,
"Kitap, Kırtasiye ve Ofis › Ofis › Ofis Mobilyası › Ofis Koltuğu",Ofis Koltuğu,BOOK_STATIONERY,
"Kitap, Kırtasiye ve Ofis › Ofis › Ofis Mobilyası › Dosya Dolabı",Dosya Dolabı,BOOK_STATIONERY,
"Kitap, Kırtasiye ve Ofis › Ofis › Ofis Mobilyası › Toplantı Masası",Toplantı Masası,FURNITURE,
"Kitap, Kırtasiye ve Ofis › Ofis › Ofis Mobilyası › Resepsiyon Bankosu",Resepsiyon Bankosu,BOOK_STATIONERY,
Pet Shop › Kedi › Beslenme › Kedi Maması,Kedi Maması,PET_PRODUCT,
Pet Shop › Kedi › Beslenme › Yaş Mama,Yaş Mama,PET_PRODUCT,
Pet Shop › Kedi › Beslenme › Ödül Maması,Ödül Maması,PET_PRODUCT,
Pet Shop › Kedi › Beslenme › Mama Kabı,Mama Kabı,PET_PRODUCT,
Pet Shop › Kedi › Beslenme › Su Pınarı,Su Pınarı,GENERIC,fallback — improve via overrides when traffic warrants
Pet Shop › Kedi › Bakım › Kedi Kumu,Kedi Kumu,PET_PRODUCT,
Pet Shop › Kedi › Bakım › Kum Kabı,Kum Kabı,PET_PRODUCT,
Pet Shop › Kedi › Bakım › Tırmalama Tahtası,Tırmalama Tahtası,GENERIC,fallback — improve via overrides when traffic warrants
Pet Shop › Kedi › Bakım › Tarak,Tarak,GENERIC,fallback — improve via overrides when traffic warrants
Pet Shop › Kedi › Bakım › Şampuan,Şampuan,COSMETICS,
Pet Shop › Kedi › Aksesuar › Kedi Yatağı,Kedi Yatağı,PET_PRODUCT,
Pet Shop › Kedi › Aksesuar › Taşıma Çantası,Taşıma Çantası,PET_PRODUCT,
Pet Shop › Kedi › Aksesuar › Tasma,Tasma,PET_PRODUCT,
Pet Shop › Kedi › Aksesuar › Oyuncak,Oyuncak,GENERIC,fallback — improve via overrides when traffic warrants
Pet Shop › Kedi › Aksesuar › Kedi Evi,Kedi Evi,PET_PRODUCT,
Pet Shop › Köpek › Beslenme › Köpek Maması,Köpek Maması,PET_PRODUCT,
Pet Shop › Köpek › Beslenme › Yaş Mama,Yaş Mama,PET_PRODUCT,
Pet Shop › Köpek › Beslenme › Ödül Maması,Ödül Maması,PET_PRODUCT,
Pet Shop › Köpek › Beslenme › Mama Kabı,Mama Kabı,PET_PRODUCT,
Pet Shop › Köpek › Beslenme › Su Kabı,Su Kabı,GENERIC,fallback — improve via overrides when traffic warrants
Pet Shop › Köpek › Bakım › Şampuan,Şampuan,COSMETICS,
Pet Shop › Köpek › Bakım › Tarak,Tarak,GENERIC,fallback — improve via overrides when traffic warrants
Pet Shop › Köpek › Bakım › Tırnak Makası,Tırnak Makası,GENERIC,fallback — improve via overrides when traffic warrants
Pet Shop › Köpek › Bakım › Ped,Ped,GENERIC,fallback — improve via overrides when traffic warrants
Pet Shop › Köpek › Bakım › Ağız Bakımı,Ağız Bakımı,GENERIC,fallback — improve via overrides when traffic warrants
Pet Shop › Köpek › Aksesuar › Tasma,Tasma,PET_PRODUCT,
Pet Shop › Köpek › Aksesuar › Gezdirme Kayışı,Gezdirme Kayışı,GENERIC,fallback — improve via overrides when traffic warrants
Pet Shop › Köpek › Aksesuar › Göğüs Tasması,Göğüs Tasması,PET_PRODUCT,
Pet Shop › Köpek › Aksesuar › Köpek Yatağı,Köpek Yatağı,PET_PRODUCT,
Pet Shop › Köpek › Aksesuar › Taşıma Çantası,Taşıma Çantası,PET_PRODUCT,
Pet Shop › Köpek › Aksesuar › Oyuncak,Oyuncak,GENERIC,fallback — improve via overrides when traffic warrants
Pet Shop › Köpek › Aksesuar › Köpek Kulübesi,Köpek Kulübesi,PET_PRODUCT,
Pet Shop › Kuş ve Kemirgen › Kuş › Kuş Yemi,Kuş Yemi,PET_PRODUCT,
Pet Shop › Kuş ve Kemirgen › Kuş › Kafes,Kafes,GENERIC,fallback — improve via overrides when traffic warrants
Pet Shop › Kuş ve Kemirgen › Kuş › Tünek,Tünek,GENERIC,fallback — improve via overrides when traffic warrants
Pet Shop › Kuş ve Kemirgen › Kuş › Suluk,Suluk,GENERIC,fallback — improve via overrides when traffic warrants
Pet Shop › Kuş ve Kemirgen › Kuş › Oyuncak,Oyuncak,GENERIC,fallback — improve via overrides when traffic warrants
Pet Shop › Kuş ve Kemirgen › Kemirgen › Kemirgen Yemi,Kemirgen Yemi,GENERIC,fallback — improve via overrides when traffic warrants
Pet Shop › Kuş ve Kemirgen › Kemirgen › Kafes,Kafes,GENERIC,fallback — improve via overrides when traffic warrants
Pet Shop › Kuş ve Kemirgen › Kemirgen › Talaş,Talaş,GENERIC,fallback — improve via overrides when traffic warrants
Pet Shop › Kuş ve Kemirgen › Kemirgen › Suluk,Suluk,GENERIC,fallback — improve via overrides when traffic warrants
Pet Shop › Kuş ve Kemirgen › Kemirgen › Oyuncak,Oyuncak,GENERIC,fallback — improve via overrides when traffic warrants
Pet Shop › Akvaryum › Akvaryum Ürünleri › Akvaryum,Akvaryum,PET_PRODUCT,
Pet Shop › Akvaryum › Akvaryum Ürünleri › Filtre,Filtre,AUTOMOTIVE_PART,
Pet Shop › Akvaryum › Akvaryum Ürünleri › Isıtıcı,Isıtıcı,GENERIC,fallback — improve via overrides when traffic warrants
Pet Shop › Akvaryum › Akvaryum Ürünleri › Hava Motoru,Hava Motoru,GENERIC,fallback — improve via overrides when traffic warrants
Pet Shop › Akvaryum › Akvaryum Ürünleri › Aydınlatma,Aydınlatma,GENERIC,fallback — improve via overrides when traffic warrants
Pet Shop › Akvaryum › Akvaryum Ürünleri › Balık Yemi,Balık Yemi,GENERIC,fallback — improve via overrides when traffic warrants
Pet Shop › Akvaryum › Akvaryum Ürünleri › Dekor,Dekor,GENERIC,fallback — improve via overrides when traffic warrants
Otomotiv Aksesuar › Araç İçi › Konfor › Koltuk Kılıfı,Koltuk Kılıfı,FURNITURE,
Otomotiv Aksesuar › Araç İçi › Konfor › Paspas,Paspas,AUTOMOTIVE_PART,
Otomotiv Aksesuar › Araç İçi › Konfor › Direksiyon Kılıfı,Direksiyon Kılıfı,AUTOMOTIVE_PART,
Otomotiv Aksesuar › Araç İçi › Konfor › Güneşlik,Güneşlik,AUTOMOTIVE_PART,
Otomotiv Aksesuar › Araç İçi › Konfor › Organizer,Organizer,AUTOMOTIVE_PART,
Otomotiv Aksesuar › Araç İçi › Konfor › Araç İçi Buzdolabı,Araç İçi Buzdolabı,WHITE_GOODS,
Otomotiv Aksesuar › Araç İçi › Elektronik › Araç Kamerası,Araç Kamerası,AUTOMOTIVE_PART,
Otomotiv Aksesuar › Araç İçi › Elektronik › Multimedya Sistemi,Multimedya Sistemi,AUTOMOTIVE_PART,
Otomotiv Aksesuar › Araç İçi › Elektronik › Navigasyon,Navigasyon,AUTOMOTIVE_PART,
Otomotiv Aksesuar › Araç İçi › Elektronik › FM Transmitter,FM Transmitter,AUTOMOTIVE_PART,
Otomotiv Aksesuar › Araç İçi › Elektronik › Araç Şarj Cihazı,Araç Şarj Cihazı,AUTOMOTIVE_PART,
Otomotiv Aksesuar › Araç İçi › Elektronik › Park Sensörü,Park Sensörü,AUTOMOTIVE_PART,
Otomotiv Aksesuar › Araç İçi › Elektronik › Geri Görüş Kamerası,Geri Görüş Kamerası,AUTOMOTIVE_PART,
Otomotiv Aksesuar › Araç Dışı › Koruma ve Görünüm › Araç Brandası,Araç Brandası,AUTOMOTIVE_PART,
Otomotiv Aksesuar › Araç Dışı › Koruma ve Görünüm › Kapı Koruyucu,Kapı Koruyucu,AUTOMOTIVE_PART,
Otomotiv Aksesuar › Araç Dışı › Koruma ve Görünüm › Çamurluk,Çamurluk,AUTOMOTIVE_PART,
Otomotiv Aksesuar › Araç Dışı › Koruma ve Görünüm › Spoiler,Spoiler,AUTOMOTIVE_PART,
Otomotiv Aksesuar › Araç Dışı › Koruma ve Görünüm › Rüzgarlık,Rüzgarlık,AUTOMOTIVE_PART,
Otomotiv Aksesuar › Araç Dışı › Koruma ve Görünüm › Sticker ve Folyo,Sticker ve Folyo,AUTOMOTIVE_PART,
Otomotiv Aksesuar › Araç Dışı › Taşıma › Tavan Barı,Tavan Barı,KITCHENWARE,
Otomotiv Aksesuar › Araç Dışı › Taşıma › Port Bagaj,Port Bagaj,AUTOMOTIVE_PART,
Otomotiv Aksesuar › Araç Dışı › Taşıma › Bisiklet Taşıyıcı,Bisiklet Taşıyıcı,SPORTS_EQUIPMENT,
Otomotiv Aksesuar › Araç Dışı › Taşıma › Çeki Demiri,Çeki Demiri,AUTOMOTIVE_PART,
Otomotiv Aksesuar › Bakım ve Temizlik › Temizlik › Oto Şampuanı,Oto Şampuanı,AUTOMOTIVE_PART,
Otomotiv Aksesuar › Bakım ve Temizlik › Temizlik › Cila,Cila,AUTOMOTIVE_PART,
Otomotiv Aksesuar › Bakım ve Temizlik › Temizlik › Seramik Kaplama,Seramik Kaplama,AUTOMOTIVE_PART,
Otomotiv Aksesuar › Bakım ve Temizlik › Temizlik › Jant Temizleyici,Jant Temizleyici,AUTOMOTIVE_PART,
Otomotiv Aksesuar › Bakım ve Temizlik › Temizlik › Mikrofiber Bez,Mikrofiber Bez,AUTOMOTIVE_PART,
Otomotiv Aksesuar › Bakım ve Temizlik › Temizlik › Araç Süpürgesi,Araç Süpürgesi,SMALL_APPLIANCE,
Otomotiv Aksesuar › Bakım ve Temizlik › Bakım › Motor Yağı,Motor Yağı,AUTOMOTIVE_PART,
Otomotiv Aksesuar › Bakım ve Temizlik › Bakım › Antifriz,Antifriz,AUTOMOTIVE_PART,
Otomotiv Aksesuar › Bakım ve Temizlik › Bakım › Cam Suyu,Cam Suyu,AUTOMOTIVE_PART,
Otomotiv Aksesuar › Bakım ve Temizlik › Bakım › Katkı Ürünleri,Katkı Ürünleri,AUTOMOTIVE_PART,
Otomotiv Aksesuar › Bakım ve Temizlik › Bakım › Akü Şarj Cihazı,Akü Şarj Cihazı,AUTOMOTIVE_PART,
Otomotiv Aksesuar › Yedek Parça ve Ekipman › Temel Parça › Akü,Akü,AUTOMOTIVE_PART,
Otomotiv Aksesuar › Yedek Parça ve Ekipman › Temel Parça › Silecek,Silecek,AUTOMOTIVE_PART,
Otomotiv Aksesuar › Yedek Parça ve Ekipman › Temel Parça › Ampul,Ampul,AUTOMOTIVE_PART,
Otomotiv Aksesuar › Yedek Parça ve Ekipman › Temel Parça › Filtre,Filtre,AUTOMOTIVE_PART,
Otomotiv Aksesuar › Yedek Parça ve Ekipman › Temel Parça › Buji,Buji,AUTOMOTIVE_PART,
Otomotiv Aksesuar › Yedek Parça ve Ekipman › Temel Parça › Fren Balatası,Fren Balatası,AUTOMOTIVE_PART,
Otomotiv Aksesuar › Yedek Parça ve Ekipman › Temel Parça › Debriyaj Seti,Debriyaj Seti,AUTOMOTIVE_PART,
Otomotiv Aksesuar › Yedek Parça ve Ekipman › Lastik ve Jant › Otomobil Lastiği,Otomobil Lastiği,AUTOMOTIVE_PART,
Otomotiv Aksesuar › Yedek Parça ve Ekipman › Lastik ve Jant › SUV Lastiği,SUV Lastiği,AUTOMOTIVE_PART,
Otomotiv Aksesuar › Yedek Parça ve Ekipman › Lastik ve Jant › Motosiklet Lastiği,Motosiklet Lastiği,AUTOMOTIVE_PART,
Otomotiv Aksesuar › Yedek Parça ve Ekipman › Lastik ve Jant › Jant,Jant,AUTOMOTIVE_PART,
Otomotiv Aksesuar › Yedek Parça ve Ekipman › Lastik ve Jant › Jant Kapağı,Jant Kapağı,AUTOMOTIVE_PART,
Otomotiv Aksesuar › Yedek Parça ve Ekipman › Lastik ve Jant › Kar Zinciri,Kar Zinciri,AUTOMOTIVE_PART,
Otomotiv Aksesuar › Yedek Parça ve Ekipman › Acil Durum › İlk Yardım Seti,İlk Yardım Seti,AUTOMOTIVE_PART,
Otomotiv Aksesuar › Yedek Parça ve Ekipman › Acil Durum › Yangın Söndürücü,Yangın Söndürücü,AUTOMOTIVE_PART,
Otomotiv Aksesuar › Yedek Parça ve Ekipman › Acil Durum › Reflektör,Reflektör,AUTOMOTIVE_PART,
Otomotiv Aksesuar › Yedek Parça ve Ekipman › Acil Durum › Takviye Kablosu,Takviye Kablosu,AUTOMOTIVE_PART,
Otomotiv Aksesuar › Yedek Parça ve Ekipman › Acil Durum › Kriko,Kriko,AUTOMOTIVE_PART,
Otomotiv Aksesuar › Yedek Parça ve Ekipman › Acil Durum › Çekme Halatı,Çekme Halatı,AUTOMOTIVE_PART,
Otomotiv Aksesuar › Motosiklet Aksesuar › Sürüş Ekipmanı › Motosiklet Kaskı,Motosiklet Kaskı,AUTOMOTIVE_PART,
Otomotiv Aksesuar › Motosiklet Aksesuar › Sürüş Ekipmanı › Motosiklet Montu,Motosiklet Montu,APPAREL,
Otomotiv Aksesuar › Motosiklet Aksesuar › Sürüş Ekipmanı › Eldiven,Eldiven,AUTOMOTIVE_PART,
Otomotiv Aksesuar › Motosiklet Aksesuar › Sürüş Ekipmanı › Dizlik,Dizlik,AUTOMOTIVE_PART,
Otomotiv Aksesuar › Motosiklet Aksesuar › Sürüş Ekipmanı › Bot,Bot,FOOTWEAR,
Otomotiv Aksesuar › Motosiklet Aksesuar › Sürüş Ekipmanı › Yağmurluk,Yağmurluk,AUTOMOTIVE_PART,
Otomotiv Aksesuar › Motosiklet Aksesuar › Motosiklet Parça › Motosiklet Çantası,Motosiklet Çantası,AUTOMOTIVE_PART,
Otomotiv Aksesuar › Motosiklet Aksesuar › Motosiklet Parça › Telefon Tutucu,Telefon Tutucu,SMALL_APPLIANCE,
Otomotiv Aksesuar › Motosiklet Aksesuar › Motosiklet Parça › Branda,Branda,AUTOMOTIVE_PART,
Otomotiv Aksesuar › Motosiklet Aksesuar › Motosiklet Parça › Egzoz,Egzoz,AUTOMOTIVE_PART,
Otomotiv Aksesuar › Motosiklet Aksesuar › Motosiklet Parça › Ayna,Ayna,AUTOMOTIVE_PART,
Otomotiv Aksesuar › Motosiklet Aksesuar › Motosiklet Parça › Zincir ve Dişli,Zincir ve Dişli,AUTOMOTIVE_PART,
Bahçe ve Yapı › Bahçe › Bahçe Mobilyası › Bahçe Masa Takımı,Bahçe Masa Takımı,FURNITURE,
Bahçe ve Yapı › Bahçe › Bahçe Mobilyası › Şezlong,Şezlong,FURNITURE,
Bahçe ve Yapı › Bahçe › Bahçe Mobilyası › Salıncak,Salıncak,FURNITURE,
Bahçe ve Yapı › Bahçe › Bahçe Mobilyası › Hamak,Hamak,FURNITURE,
Bahçe ve Yapı › Bahçe › Bahçe Mobilyası › Gölgelik,Gölgelik,FURNITURE,
Bahçe ve Yapı › Bahçe › Bahçe Mobilyası › Şemsiye,Şemsiye,FURNITURE,
Bahçe ve Yapı › Bahçe › Bahçe Bakımı › Çim Biçme Makinesi,Çim Biçme Makinesi,INDUSTRIAL_MACHINE,
Bahçe ve Yapı › Bahçe › Bahçe Bakımı › Tırpan,Tırpan,INDUSTRIAL_MACHINE,
Bahçe ve Yapı › Bahçe › Bahçe Bakımı › Çit Budama,Çit Budama,INDUSTRIAL_MACHINE,
Bahçe ve Yapı › Bahçe › Bahçe Bakımı › Yaprak Üfleme,Yaprak Üfleme,INDUSTRIAL_MACHINE,
Bahçe ve Yapı › Bahçe › Bahçe Bakımı › Testere,Testere,INDUSTRIAL_MACHINE,
Bahçe ve Yapı › Bahçe › Bahçe Bakımı › Bahçe El Aleti,Bahçe El Aleti,INDUSTRIAL_MACHINE,
Bahçe ve Yapı › Bahçe › Sulama › Bahçe Hortumu,Bahçe Hortumu,INDUSTRIAL_MACHINE,
Bahçe ve Yapı › Bahçe › Sulama › Hortum Makarası,Hortum Makarası,INDUSTRIAL_MACHINE,
Bahçe ve Yapı › Bahçe › Sulama › Sulama Tabancası,Sulama Tabancası,INDUSTRIAL_MACHINE,
Bahçe ve Yapı › Bahçe › Sulama › Damla Sulama,Damla Sulama,INDUSTRIAL_MACHINE,
Bahçe ve Yapı › Bahçe › Sulama › Su Pompası,Su Pompası,INDUSTRIAL_MACHINE,
Bahçe ve Yapı › Bahçe › Sulama › Hidrofor,Hidrofor,INDUSTRIAL_MACHINE,
Bahçe ve Yapı › Bahçe › Bitki ve Saksı › Saksı,Saksı,INDUSTRIAL_MACHINE,
Bahçe ve Yapı › Bahçe › Bitki ve Saksı › Toprak,Toprak,SPORTS_EQUIPMENT,
Bahçe ve Yapı › Bahçe › Bitki ve Saksı › Gübre,Gübre,INDUSTRIAL_MACHINE,
Bahçe ve Yapı › Bahçe › Bitki ve Saksı › Tohum,Tohum,INDUSTRIAL_MACHINE,
Bahçe ve Yapı › Bahçe › Bitki ve Saksı › Fide,Fide,INDUSTRIAL_MACHINE,
Bahçe ve Yapı › Bahçe › Bitki ve Saksı › Bitki Destek Ürünleri,Bitki Destek Ürünleri,INDUSTRIAL_MACHINE,
Bahçe ve Yapı › Yapı Market › El Aletleri › Tornavida,Tornavida,INDUSTRIAL_MACHINE,
Bahçe ve Yapı › Yapı Market › El Aletleri › Pense,Pense,INDUSTRIAL_MACHINE,
Bahçe ve Yapı › Yapı Market › El Aletleri › Anahtar Takımı,Anahtar Takımı,INDUSTRIAL_MACHINE,
Bahçe ve Yapı › Yapı Market › El Aletleri › Çekiç,Çekiç,INDUSTRIAL_MACHINE,
Bahçe ve Yapı › Yapı Market › El Aletleri › Testere,Testere,INDUSTRIAL_MACHINE,
Bahçe ve Yapı › Yapı Market › El Aletleri › Maket Bıçağı,Maket Bıçağı,INDUSTRIAL_MACHINE,
Bahçe ve Yapı › Yapı Market › El Aletleri › Ölçüm Aleti,Ölçüm Aleti,INDUSTRIAL_MACHINE,
Bahçe ve Yapı › Yapı Market › Elektrikli El Aletleri › Matkap,Matkap,SPORTS_EQUIPMENT,
Bahçe ve Yapı › Yapı Market › Elektrikli El Aletleri › Vidalama,Vidalama,INDUSTRIAL_MACHINE,
Bahçe ve Yapı › Yapı Market › Elektrikli El Aletleri › Taşlama,Taşlama,INDUSTRIAL_MACHINE,
Bahçe ve Yapı › Yapı Market › Elektrikli El Aletleri › Dekupaj,Dekupaj,INDUSTRIAL_MACHINE,
Bahçe ve Yapı › Yapı Market › Elektrikli El Aletleri › Daire Testere,Daire Testere,INDUSTRIAL_MACHINE,
Bahçe ve Yapı › Yapı Market › Elektrikli El Aletleri › Kırıcı-Delici,Kırıcı-Delici,INDUSTRIAL_MACHINE,
Bahçe ve Yapı › Yapı Market › Elektrikli El Aletleri › Zımpara,Zımpara,INDUSTRIAL_MACHINE,
Bahçe ve Yapı › Yapı Market › Elektrikli El Aletleri › Kaynak Makinesi,Kaynak Makinesi,INDUSTRIAL_MACHINE,
Bahçe ve Yapı › Yapı Market › Boya ve Kimyasal › İç Cephe Boyası,İç Cephe Boyası,INDUSTRIAL_MACHINE,
Bahçe ve Yapı › Yapı Market › Boya ve Kimyasal › Dış Cephe Boyası,Dış Cephe Boyası,INDUSTRIAL_MACHINE,
Bahçe ve Yapı › Yapı Market › Boya ve Kimyasal › Ahşap Boyası,Ahşap Boyası,INDUSTRIAL_MACHINE,
Bahçe ve Yapı › Yapı Market › Boya ve Kimyasal › Sprey Boya,Sprey Boya,INDUSTRIAL_MACHINE,
Bahçe ve Yapı › Yapı Market › Boya ve Kimyasal › Vernik,Vernik,INDUSTRIAL_MACHINE,
Bahçe ve Yapı › Yapı Market › Boya ve Kimyasal › Silikon,Silikon,INDUSTRIAL_MACHINE,
Bahçe ve Yapı › Yapı Market › Boya ve Kimyasal › Yapıştırıcı,Yapıştırıcı,INDUSTRIAL_MACHINE,
Bahçe ve Yapı › Yapı Market › Boya ve Kimyasal › Derz Dolgu,Derz Dolgu,INDUSTRIAL_MACHINE,
Bahçe ve Yapı › Yapı Market › Hırdavat › Vida,Vida,INDUSTRIAL_MACHINE,
Bahçe ve Yapı › Yapı Market › Hırdavat › Dübel,Dübel,INDUSTRIAL_MACHINE,
Bahçe ve Yapı › Yapı Market › Hırdavat › Çivi,Çivi,INDUSTRIAL_MACHINE,
Bahçe ve Yapı › Yapı Market › Hırdavat › Somun,Somun,INDUSTRIAL_MACHINE,
Bahçe ve Yapı › Yapı Market › Hırdavat › Cıvata,Cıvata,INDUSTRIAL_MACHINE,
Bahçe ve Yapı › Yapı Market › Hırdavat › Menteşe,Menteşe,INDUSTRIAL_MACHINE,
Bahçe ve Yapı › Yapı Market › Hırdavat › Kilit,Kilit,INDUSTRIAL_MACHINE,
Bahçe ve Yapı › Yapı Market › Hırdavat › Tekerlek,Tekerlek,INDUSTRIAL_MACHINE,
Bahçe ve Yapı › Yapı Market › Elektrik › Priz,Priz,INDUSTRIAL_MACHINE,
Bahçe ve Yapı › Yapı Market › Elektrik › Anahtar,Anahtar,INDUSTRIAL_MACHINE,
Bahçe ve Yapı › Yapı Market › Elektrik › Sigorta,Sigorta,INDUSTRIAL_MACHINE,
Bahçe ve Yapı › Yapı Market › Elektrik › Kablo,Kablo,INDUSTRIAL_MACHINE,
Bahçe ve Yapı › Yapı Market › Elektrik › Uzatma Kablosu,Uzatma Kablosu,INDUSTRIAL_MACHINE,
Bahçe ve Yapı › Yapı Market › Elektrik › Pano,Pano,INDUSTRIAL_MACHINE,
Bahçe ve Yapı › Yapı Market › Elektrik › Sensör,Sensör,INDUSTRIAL_MACHINE,
Bahçe ve Yapı › Yapı Market › Tesisat › Musluk,Musluk,INDUSTRIAL_MACHINE,
Bahçe ve Yapı › Yapı Market › Tesisat › Batarya,Batarya,INDUSTRIAL_MACHINE,
Bahçe ve Yapı › Yapı Market › Tesisat › Duş Seti,Duş Seti,INDUSTRIAL_MACHINE,
Bahçe ve Yapı › Yapı Market › Tesisat › Vana,Vana,INDUSTRIAL_MACHINE,
Bahçe ve Yapı › Yapı Market › Tesisat › Boru,Boru,INDUSTRIAL_MACHINE,
Bahçe ve Yapı › Yapı Market › Tesisat › Sifon,Sifon,INDUSTRIAL_MACHINE,
Bahçe ve Yapı › Yapı Market › Tesisat › Armatür,Armatür,SPORTS_EQUIPMENT,
Bahçe ve Yapı › Yapı Market › İzolasyon › Isı Yalıtımı,Isı Yalıtımı,INDUSTRIAL_MACHINE,
Bahçe ve Yapı › Yapı Market › İzolasyon › Su Yalıtımı,Su Yalıtımı,INDUSTRIAL_MACHINE,
Bahçe ve Yapı › Yapı Market › İzolasyon › Ses Yalıtımı,Ses Yalıtımı,INDUSTRIAL_MACHINE,
Bahçe ve Yapı › Yapı Market › İzolasyon › Çatı Kaplama,Çatı Kaplama,INDUSTRIAL_MACHINE,
Bahçe ve Yapı › Yapı Market › İzolasyon › Yalıtım Bandı,Yalıtım Bandı,INDUSTRIAL_MACHINE,
Endüstriyel ve Ticari Ürünler › Endüstriyel Makineler › Üretim Makineleri › CNC Makinesi,CNC Makinesi,INDUSTRIAL_MACHINE,
Endüstriyel ve Ticari Ürünler › Endüstriyel Makineler › Üretim Makineleri › Torna,Torna,INDUSTRIAL_MACHINE,
Endüstriyel ve Ticari Ürünler › Endüstriyel Makineler › Üretim Makineleri › Freze,Freze,INDUSTRIAL_MACHINE,
Endüstriyel ve Ticari Ürünler › Endüstriyel Makineler › Üretim Makineleri › Pres,Pres,INDUSTRIAL_MACHINE,
Endüstriyel ve Ticari Ürünler › Endüstriyel Makineler › Üretim Makineleri › Lazer Kesim,Lazer Kesim,INDUSTRIAL_MACHINE,
Endüstriyel ve Ticari Ürünler › Endüstriyel Makineler › Üretim Makineleri › Plazma Kesim,Plazma Kesim,INDUSTRIAL_MACHINE,
Endüstriyel ve Ticari Ürünler › Endüstriyel Makineler › Üretim Makineleri › Şerit Testere,Şerit Testere,INDUSTRIAL_MACHINE,
Endüstriyel ve Ticari Ürünler › Endüstriyel Makineler › Üretim Makineleri › Paketleme Makinesi,Paketleme Makinesi,INDUSTRIAL_MACHINE,
Endüstriyel ve Ticari Ürünler › Endüstriyel Makineler › Atölye Ekipmanları › Kompresör,Kompresör,INDUSTRIAL_MACHINE,
Endüstriyel ve Ticari Ürünler › Endüstriyel Makineler › Atölye Ekipmanları › Jeneratör,Jeneratör,INDUSTRIAL_MACHINE,
Endüstriyel ve Ticari Ürünler › Endüstriyel Makineler › Atölye Ekipmanları › Kaynak Makinesi,Kaynak Makinesi,INDUSTRIAL_MACHINE,
Endüstriyel ve Ticari Ürünler › Endüstriyel Makineler › Atölye Ekipmanları › Hava Tabancası,Hava Tabancası,INDUSTRIAL_MACHINE,
Endüstriyel ve Ticari Ürünler › Endüstriyel Makineler › Atölye Ekipmanları › Takım Arabası,Takım Arabası,INDUSTRIAL_MACHINE,
Endüstriyel ve Ticari Ürünler › Endüstriyel Makineler › Atölye Ekipmanları › Mengene,Mengene,INDUSTRIAL_MACHINE,
Endüstriyel ve Ticari Ürünler › Endüstriyel Makineler › Gıda Makineleri › Hamur Yoğurma,Hamur Yoğurma,INDUSTRIAL_MACHINE,
Endüstriyel ve Ticari Ürünler › Endüstriyel Makineler › Gıda Makineleri › Dilimleme Makinesi,Dilimleme Makinesi,INDUSTRIAL_MACHINE,
Endüstriyel ve Ticari Ürünler › Endüstriyel Makineler › Gıda Makineleri › Et Kıyma Makinesi,Et Kıyma Makinesi,INDUSTRIAL_MACHINE,
Endüstriyel ve Ticari Ürünler › Endüstriyel Makineler › Gıda Makineleri › Vakum Makinesi,Vakum Makinesi,PET_PRODUCT,
Endüstriyel ve Ticari Ürünler › Endüstriyel Makineler › Gıda Makineleri › Endüstriyel Mikser,Endüstriyel Mikser,SMALL_APPLIANCE,
Endüstriyel ve Ticari Ürünler › Endüstriyel Makineler › Gıda Makineleri › Fritöz,Fritöz,SMALL_APPLIANCE,
Endüstriyel ve Ticari Ürünler › Depo ve Lojistik › Depolama › Depo Rafı,Depo Rafı,FURNITURE,
Endüstriyel ve Ticari Ürünler › Depo ve Lojistik › Depolama › Çelik Raf,Çelik Raf,FURNITURE,
Endüstriyel ve Ticari Ürünler › Depo ve Lojistik › Depolama › Plastik Kasa,Plastik Kasa,AUTOMOTIVE_PART,
Endüstriyel ve Ticari Ürünler › Depo ve Lojistik › Depolama › Palet,Palet,INDUSTRIAL_MACHINE,
Endüstriyel ve Ticari Ürünler › Depo ve Lojistik › Depolama › İstif Kutusu,İstif Kutusu,SMALL_APPLIANCE,
Endüstriyel ve Ticari Ürünler › Depo ve Lojistik › Depolama › Dolap,Dolap,FURNITURE,
Endüstriyel ve Ticari Ürünler › Depo ve Lojistik › Taşıma › Transpalet,Transpalet,INDUSTRIAL_MACHINE,
Endüstriyel ve Ticari Ürünler › Depo ve Lojistik › Taşıma › İstif Makinesi,İstif Makinesi,INDUSTRIAL_MACHINE,
Endüstriyel ve Ticari Ürünler › Depo ve Lojistik › Taşıma › Platform Arabası,Platform Arabası,INDUSTRIAL_MACHINE,
Endüstriyel ve Ticari Ürünler › Depo ve Lojistik › Taşıma › El Arabası,El Arabası,INDUSTRIAL_MACHINE,
Endüstriyel ve Ticari Ürünler › Depo ve Lojistik › Taşıma › Konveyör,Konveyör,INDUSTRIAL_MACHINE,
Endüstriyel ve Ticari Ürünler › Depo ve Lojistik › Taşıma › Forklift Ataşmanı,Forklift Ataşmanı,PET_PRODUCT,
Endüstriyel ve Ticari Ürünler › Mağaza ve Market › Mağaza Ekipmanları › Raf Sistemi,Raf Sistemi,FURNITURE,
Endüstriyel ve Ticari Ürünler › Mağaza ve Market › Mağaza Ekipmanları › Vitrin,Vitrin,INDUSTRIAL_MACHINE,
Endüstriyel ve Ticari Ürünler › Mağaza ve Market › Mağaza Ekipmanları › Askılık,Askılık,INDUSTRIAL_MACHINE,
Endüstriyel ve Ticari Ürünler › Mağaza ve Market › Mağaza Ekipmanları › Manken,Manken,INDUSTRIAL_MACHINE,
Endüstriyel ve Ticari Ürünler › Mağaza ve Market › Mağaza Ekipmanları › Kasa Bankosu,Kasa Bankosu,INDUSTRIAL_MACHINE,
Endüstriyel ve Ticari Ürünler › Mağaza ve Market › Mağaza Ekipmanları › Fiyat Etiketi,Fiyat Etiketi,INDUSTRIAL_MACHINE,
Endüstriyel ve Ticari Ürünler › Mağaza ve Market › Ödeme ve Otomasyon › Yazar Kasa,Yazar Kasa,INDUSTRIAL_MACHINE,
Endüstriyel ve Ticari Ürünler › Mağaza ve Market › Ödeme ve Otomasyon › POS Terminali,POS Terminali,INDUSTRIAL_MACHINE,
Endüstriyel ve Ticari Ürünler › Mağaza ve Market › Ödeme ve Otomasyon › Barkod Okuyucu,Barkod Okuyucu,INDUSTRIAL_MACHINE,
Endüstriyel ve Ticari Ürünler › Mağaza ve Market › Ödeme ve Otomasyon › Etiket Yazıcı,Etiket Yazıcı,INDUSTRIAL_MACHINE,
Endüstriyel ve Ticari Ürünler › Mağaza ve Market › Ödeme ve Otomasyon › Para Çekmecesi,Para Çekmecesi,INDUSTRIAL_MACHINE,
Endüstriyel ve Ticari Ürünler › Mağaza ve Market › Ödeme ve Otomasyon › Terazi,Terazi,INDUSTRIAL_MACHINE,
Endüstriyel ve Ticari Ürünler › Mağaza ve Market › Soğutma › Market Dolabı,Market Dolabı,INDUSTRIAL_MACHINE,
Endüstriyel ve Ticari Ürünler › Mağaza ve Market › Soğutma › Şarküteri Dolabı,Şarküteri Dolabı,INDUSTRIAL_MACHINE,
Endüstriyel ve Ticari Ürünler › Mağaza ve Market › Soğutma › Dondurma Reyonu,Dondurma Reyonu,INDUSTRIAL_MACHINE,
Endüstriyel ve Ticari Ürünler › Mağaza ve Market › Soğutma › Soğuk Oda Ekipmanı,Soğuk Oda Ekipmanı,INDUSTRIAL_MACHINE,
Endüstriyel ve Ticari Ürünler › Restoran ve Otel › Mutfak Ekipmanları › Endüstriyel Fırın,Endüstriyel Fırın,INDUSTRIAL_MACHINE,
Endüstriyel ve Ticari Ürünler › Restoran ve Otel › Mutfak Ekipmanları › Endüstriyel Ocak,Endüstriyel Ocak,INDUSTRIAL_MACHINE,
Endüstriyel ve Ticari Ürünler › Restoran ve Otel › Mutfak Ekipmanları › Endüstriyel Bulaşık,Endüstriyel Bulaşık,WHITE_GOODS,
Endüstriyel ve Ticari Ürünler › Restoran ve Otel › Mutfak Ekipmanları › Davlumbaz,Davlumbaz,INDUSTRIAL_MACHINE,
Endüstriyel ve Ticari Ürünler › Restoran ve Otel › Mutfak Ekipmanları › Hazırlık Tezgahı,Hazırlık Tezgahı,INDUSTRIAL_MACHINE,
Endüstriyel ve Ticari Ürünler › Restoran ve Otel › Servis Ekipmanları › Servis Arabası,Servis Arabası,INDUSTRIAL_MACHINE,
Endüstriyel ve Ticari Ürünler › Restoran ve Otel › Servis Ekipmanları › Benmari,Benmari,INDUSTRIAL_MACHINE,
Endüstriyel ve Ticari Ürünler › Restoran ve Otel › Servis Ekipmanları › Çay Kazanı,Çay Kazanı,INDUSTRIAL_MACHINE,
Endüstriyel ve Ticari Ürünler › Restoran ve Otel › Servis Ekipmanları › Kahve Makinesi,Kahve Makinesi,SMALL_APPLIANCE,
Endüstriyel ve Ticari Ürünler › Restoran ve Otel › Servis Ekipmanları › Buz Makinesi,Buz Makinesi,INDUSTRIAL_MACHINE,
Endüstriyel ve Ticari Ürünler › Restoran ve Otel › Otel Ekipmanları › Mini Bar,Mini Bar,INDUSTRIAL_MACHINE,
Endüstriyel ve Ticari Ürünler › Restoran ve Otel › Otel Ekipmanları › Otel Tipi Kasa,Otel Tipi Kasa,INDUSTRIAL_MACHINE,
Endüstriyel ve Ticari Ürünler › Restoran ve Otel › Otel Ekipmanları › Bagaj Arabası,Bagaj Arabası,INDUSTRIAL_MACHINE,
Endüstriyel ve Ticari Ürünler › Restoran ve Otel › Otel Ekipmanları › Kat Arabası,Kat Arabası,INDUSTRIAL_MACHINE,
Endüstriyel ve Ticari Ürünler › Restoran ve Otel › Otel Ekipmanları › Otel Tekstili,Otel Tekstili,INDUSTRIAL_MACHINE,
Endüstriyel ve Ticari Ürünler › İş Güvenliği › Kişisel Koruyucu › Baret,Baret,INDUSTRIAL_MACHINE,
Endüstriyel ve Ticari Ürünler › İş Güvenliği › Kişisel Koruyucu › İş Ayakkabısı,İş Ayakkabısı,FOOTWEAR,
Endüstriyel ve Ticari Ürünler › İş Güvenliği › Kişisel Koruyucu › İş Eldiveni,İş Eldiveni,INDUSTRIAL_MACHINE,
Endüstriyel ve Ticari Ürünler › İş Güvenliği › Kişisel Koruyucu › Koruyucu Gözlük,Koruyucu Gözlük,INDUSTRIAL_MACHINE,
Endüstriyel ve Ticari Ürünler › İş Güvenliği › Kişisel Koruyucu › Maske,Maske,INDUSTRIAL_MACHINE,
Endüstriyel ve Ticari Ürünler › İş Güvenliği › Kişisel Koruyucu › Reflektörlü Yelek,Reflektörlü Yelek,APPAREL,
Endüstriyel ve Ticari Ürünler › İş Güvenliği › Kişisel Koruyucu › Emniyet Kemeri,Emniyet Kemeri,INDUSTRIAL_MACHINE,
Endüstriyel ve Ticari Ürünler › İş Güvenliği › İşyeri Güvenliği › Yangın Söndürücü,Yangın Söndürücü,INDUSTRIAL_MACHINE,
Endüstriyel ve Ticari Ürünler › İş Güvenliği › İşyeri Güvenliği › Uyarı Levhası,Uyarı Levhası,INDUSTRIAL_MACHINE,
Endüstriyel ve Ticari Ürünler › İş Güvenliği › İşyeri Güvenliği › Bariyer,Bariyer,INDUSTRIAL_MACHINE,
Endüstriyel ve Ticari Ürünler › İş Güvenliği › İşyeri Güvenliği › İlk Yardım Dolabı,İlk Yardım Dolabı,INDUSTRIAL_MACHINE,
Endüstriyel ve Ticari Ürünler › İş Güvenliği › İşyeri Güvenliği › Acil Aydınlatma,Acil Aydınlatma,INDUSTRIAL_MACHINE,
Endüstriyel ve Ticari Ürünler › Ofis ve Ticari Teknoloji › Kurumsal Donanım › Sunucu,Sunucu,INDUSTRIAL_MACHINE,
Endüstriyel ve Ticari Ürünler › Ofis ve Ticari Teknoloji › Kurumsal Donanım › Rack Kabin,Rack Kabin,INDUSTRIAL_MACHINE,
Endüstriyel ve Ticari Ürünler › Ofis ve Ticari Teknoloji › Kurumsal Donanım › UPS,UPS,INDUSTRIAL_MACHINE,
Endüstriyel ve Ticari Ürünler › Ofis ve Ticari Teknoloji › Kurumsal Donanım › Switch,Switch,INDUSTRIAL_MACHINE,
Endüstriyel ve Ticari Ürünler › Ofis ve Ticari Teknoloji › Kurumsal Donanım › Kurumsal Yazıcı,Kurumsal Yazıcı,INDUSTRIAL_MACHINE,
Endüstriyel ve Ticari Ürünler › Ofis ve Ticari Teknoloji › Kurumsal Donanım › Video Konferans Sistemi,Video Konferans Sistemi,INDUSTRIAL_MACHINE,
Endüstriyel ve Ticari Ürünler › Ofis ve Ticari Teknoloji › Güvenlik ve Geçiş › Turnike,Turnike,INDUSTRIAL_MACHINE,
Endüstriyel ve Ticari Ürünler › Ofis ve Ticari Teknoloji › Güvenlik ve Geçiş › Kartlı Geçiş,Kartlı Geçiş,INDUSTRIAL_MACHINE,
Endüstriyel ve Ticari Ürünler › Ofis ve Ticari Teknoloji › Güvenlik ve Geçiş › Parmak İzi Cihazı,Parmak İzi Cihazı,INDUSTRIAL_MACHINE,
Endüstriyel ve Ticari Ürünler › Ofis ve Ticari Teknoloji › Güvenlik ve Geçiş › X-Ray Cihazı,X-Ray Cihazı,INDUSTRIAL_MACHINE,
Endüstriyel ve Ticari Ürünler › Ofis ve Ticari Teknoloji › Güvenlik ve Geçiş › Metal Dedektörü,Metal Dedektörü,INDUSTRIAL_MACHINE,
