categoryPath,attributeName,attributeSlug,type,required,filterable,searchable,formVisible,detailVisible,comparisonVisible,isVariant,unit,sortOrder,optionValues,source,notes
Elektronik › Telefon ve Aksesuar › Cep Telefonu › Akıllı Telefon,Renk,renk,COLOR,false,true,true,true,true,false,true,,1,Siyah;Beyaz;Gri;Mavi;Kırmızı;Diğer,plan,generic plan — refine per leaf in FAZ A
Elektronik › Telefon ve Aksesuar › Cep Telefonu › Akıllı Telefon,Garanti,garanti,SINGLE_SELECT,false,false,false,true,true,false,false,,2,Yok;6 Ay;12 Ay;24 Ay,plan,generic
Elektronik › Telefon ve Aksesuar › Cep Telefonu › Tuşlu Telefon,Renk,renk,COLOR,false,true,true,true,true,false,true,,1,Siyah;Beyaz;Gri;Mavi;Kırmızı;Diğer,plan,generic plan — refine per leaf in FAZ A
Elektronik › Telefon ve Aksesuar › Cep Telefonu › Tuşlu Telefon,Garanti,garanti,SINGLE_SELECT,false,false,false,true,true,false,false,,2,Yok;6 Ay;12 Ay;24 Ay,plan,generic
Elektronik › Telefon ve Aksesuar › Cep Telefonu › Katlanabilir Telefon,Depolama,depolama,SINGLE_SELECT,true,true,true,true,true,true,true,,1,64 GB;128 GB;256 GB;512 GB;1 TB,plan,variant key with renk
Elektronik › Telefon ve Aksesuar › Cep Telefonu › Katlanabilir Telefon,RAM,ram,SINGLE_SELECT,false,true,true,true,true,true,true,,2,4 GB;6 GB;8 GB;12 GB;16 GB,plan,
Elektronik › Telefon ve Aksesuar › Cep Telefonu › Katlanabilir Telefon,Renk,renk,COLOR,false,true,true,true,true,true,true,,3,Siyah;Beyaz;Gri;Mavi;Altın;Mor;Diğer,plan,
Elektronik › Telefon ve Aksesuar › Cep Telefonu › Katlanabilir Telefon,Ekran Boyutu,ekran-boyutu,SINGLE_SELECT,false,true,true,true,true,true,true,,4,,plan,
Elektronik › Telefon ve Aksesuar › Cep Telefonu › Katlanabilir Telefon,İşletim Sistemi,isletim-sistemi,SINGLE_SELECT,false,true,true,true,true,true,true,,5,iOS;Android;HarmonyOS;Diğer,plan,
Elektronik › Telefon ve Aksesuar › Cep Telefonu › Katlanabilir Telefon,SIM Tipi,sim-tipi,SINGLE_SELECT,false,true,true,true,true,true,true,,6,Tek SIM;Çift SIM;eSIM;Çift SIM + eSIM,plan,
Elektronik › Telefon ve Aksesuar › Cep Telefonu › Katlanabilir Telefon,5G,5g,BOOLEAN,false,true,true,true,true,true,true,,7,,plan,
Elektronik › Telefon ve Aksesuar › Cep Telefonu › Katlanabilir Telefon,Garanti,garanti,SINGLE_SELECT,false,true,true,true,true,true,false,,8,Yok;6 Ay;12 Ay;24 Ay,plan,
Elektronik › Telefon ve Aksesuar › Cep Telefonu › Outdoor Telefon,Depolama,depolama,SINGLE_SELECT,true,true,true,true,true,true,true,,1,64 GB;128 GB;256 GB;512 GB;1 TB,plan,variant key with renk
Elektronik › Telefon ve Aksesuar › Cep Telefonu › Outdoor Telefon,RAM,ram,SINGLE_SELECT,false,true,true,true,true,true,true,,2,4 GB;6 GB;8 GB;12 GB;16 GB,plan,
Elektronik › Telefon ve Aksesuar › Cep Telefonu › Outdoor Telefon,Renk,renk,COLOR,false,true,true,true,true,true,true,,3,Siyah;Beyaz;Gri;Mavi;Altın;Mor;Diğer,plan,
Elektronik › Telefon ve Aksesuar › Cep Telefonu › Outdoor Telefon,Ekran Boyutu,ekran-boyutu,SINGLE_SELECT,false,true,true,true,true,true,true,,4,,plan,
Elektronik › Telefon ve Aksesuar › Cep Telefonu › Outdoor Telefon,İşletim Sistemi,isletim-sistemi,SINGLE_SELECT,false,true,true,true,true,true,true,,5,iOS;Android;HarmonyOS;Diğer,plan,
Elektronik › Telefon ve Aksesuar › Cep Telefonu › Outdoor Telefon,SIM Tipi,sim-tipi,SINGLE_SELECT,false,true,true,true,true,true,true,,6,Tek SIM;Çift SIM;eSIM;Çift SIM + eSIM,plan,
Elektronik › Telefon ve Aksesuar › Cep Telefonu › Outdoor Telefon,5G,5g,BOOLEAN,false,true,true,true,true,true,true,,7,,plan,
Elektronik › Telefon ve Aksesuar › Cep Telefonu › Outdoor Telefon,Garanti,garanti,SINGLE_SELECT,false,true,true,true,true,true,false,,8,Yok;6 Ay;12 Ay;24 Ay,plan,
Elektronik › Telefon ve Aksesuar › Telefon Aksesuarları › Telefon Kılıfı,Renk,renk,COLOR,false,true,true,true,true,false,true,,1,Siyah;Beyaz;Gri;Mavi;Kırmızı;Diğer,plan,generic plan — refine per leaf in FAZ A
Elektronik › Telefon ve Aksesuar › Telefon Aksesuarları › Telefon Kılıfı,Garanti,garanti,SINGLE_SELECT,false,false,false,true,true,false,false,,2,Yok;6 Ay;12 Ay;24 Ay,plan,generic
Elektronik › Telefon ve Aksesuar › Telefon Aksesuarları › Ekran Koruyucu,Renk,renk,COLOR,false,true,true,true,true,false,true,,1,Siyah;Beyaz;Gri;Mavi;Kırmızı;Diğer,plan,generic plan — refine per leaf in FAZ A
Elektronik › Telefon ve Aksesuar › Telefon Aksesuarları › Ekran Koruyucu,Garanti,garanti,SINGLE_SELECT,false,false,false,true,true,false,false,,2,Yok;6 Ay;12 Ay;24 Ay,plan,generic
Elektronik › Telefon ve Aksesuar › Telefon Aksesuarları › Şarj Adaptörü,Renk,renk,COLOR,false,true,true,true,true,false,true,,1,Siyah;Beyaz;Gri;Mavi;Kırmızı;Diğer,plan,generic plan — refine per leaf in FAZ A
Elektronik › Telefon ve Aksesuar › Telefon Aksesuarları › Şarj Adaptörü,Garanti,garanti,SINGLE_SELECT,false,false,false,true,true,false,false,,2,Yok;6 Ay;12 Ay;24 Ay,plan,generic
Elektronik › Telefon ve Aksesuar › Telefon Aksesuarları › Şarj Kablosu,Renk,renk,COLOR,false,true,true,true,true,false,true,,1,Siyah;Beyaz;Gri;Mavi;Kırmızı;Diğer,plan,generic plan — refine per leaf in FAZ A
Elektronik › Telefon ve Aksesuar › Telefon Aksesuarları › Şarj Kablosu,Garanti,garanti,SINGLE_SELECT,false,false,false,true,true,false,false,,2,Yok;6 Ay;12 Ay;24 Ay,plan,generic
Elektronik › Telefon ve Aksesuar › Telefon Aksesuarları › Kablosuz Şarj Cihazı,Renk,renk,COLOR,false,true,true,true,true,false,true,,1,Siyah;Beyaz;Gri;Mavi;Kırmızı;Diğer,plan,generic plan — refine per leaf in FAZ A
Elektronik › Telefon ve Aksesuar › Telefon Aksesuarları › Kablosuz Şarj Cihazı,Garanti,garanti,SINGLE_SELECT,false,false,false,true,true,false,false,,2,Yok;6 Ay;12 Ay;24 Ay,plan,generic
Elektronik › Telefon ve Aksesuar › Telefon Aksesuarları › Powerbank,Renk,renk,COLOR,false,true,true,true,true,false,true,,1,Siyah;Beyaz;Gri;Mavi;Kırmızı;Diğer,plan,generic plan — refine per leaf in FAZ A
Elektronik › Telefon ve Aksesuar › Telefon Aksesuarları › Powerbank,Garanti,garanti,SINGLE_SELECT,false,false,false,true,true,false,false,,2,Yok;6 Ay;12 Ay;24 Ay,plan,generic
Elektronik › Telefon ve Aksesuar › Telefon Aksesuarları › Araç İçi Telefon Tutucu,Renk,renk,COLOR,false,true,true,true,true,false,true,,1,Siyah;Beyaz;Gri;Mavi;Kırmızı;Diğer,plan,generic plan — refine per leaf in FAZ A
Elektronik › Telefon ve Aksesuar › Telefon Aksesuarları › Araç İçi Telefon Tutucu,Garanti,garanti,SINGLE_SELECT,false,false,false,true,true,false,false,,2,Yok;6 Ay;12 Ay;24 Ay,plan,generic
Elektronik › Telefon ve Aksesuar › Telefon Aksesuarları › Masaüstü Telefon Standı,Renk,renk,COLOR,false,true,true,true,true,false,true,,1,Siyah;Beyaz;Gri;Mavi;Kırmızı;Diğer,plan,generic plan — refine per leaf in FAZ A
Elektronik › Telefon ve Aksesuar › Telefon Aksesuarları › Masaüstü Telefon Standı,Garanti,garanti,SINGLE_SELECT,false,false,false,true,true,false,false,,2,Yok;6 Ay;12 Ay;24 Ay,plan,generic
Elektronik › Telefon ve Aksesuar › Telefon Aksesuarları › Selfie Çubuğu,Renk,renk,COLOR,false,true,true,true,true,false,true,,1,Siyah;Beyaz;Gri;Mavi;Kırmızı;Diğer,plan,generic plan — refine per leaf in FAZ A
Elektronik › Telefon ve Aksesuar › Telefon Aksesuarları › Selfie Çubuğu,Garanti,garanti,SINGLE_SELECT,false,false,false,true,true,false,false,,2,Yok;6 Ay;12 Ay;24 Ay,plan,generic
Elektronik › Telefon ve Aksesuar › Telefon Aksesuarları › Bluetooth Kulaklık,Renk,renk,COLOR,false,true,true,true,true,false,true,,1,Siyah;Beyaz;Gri;Mavi;Kırmızı;Diğer,plan,generic plan — refine per leaf in FAZ A
Elektronik › Telefon ve Aksesuar › Telefon Aksesuarları › Bluetooth Kulaklık,Garanti,garanti,SINGLE_SELECT,false,false,false,true,true,false,false,,2,Yok;6 Ay;12 Ay;24 Ay,plan,generic
Elektronik › Telefon ve Aksesuar › Telefon Aksesuarları › Kablolu Kulaklık,Renk,renk,COLOR,false,true,true,true,true,false,true,,1,Siyah;Beyaz;Gri;Mavi;Kırmızı;Diğer,plan,generic plan — refine per leaf in FAZ A
Elektronik › Telefon ve Aksesuar › Telefon Aksesuarları › Kablolu Kulaklık,Garanti,garanti,SINGLE_SELECT,false,false,false,true,true,false,false,,2,Yok;6 Ay;12 Ay;24 Ay,plan,generic
Elektronik › Telefon ve Aksesuar › Telefon Aksesuarları › Telefon Yedek Parça,Renk,renk,COLOR,false,true,true,true,true,false,true,,1,Siyah;Beyaz;Gri;Mavi;Kırmızı;Diğer,plan,generic plan — refine per leaf in FAZ A
Elektronik › Telefon ve Aksesuar › Telefon Aksesuarları › Telefon Yedek Parça,Garanti,garanti,SINGLE_SELECT,false,false,false,true,true,false,false,,2,Yok;6 Ay;12 Ay;24 Ay,plan,generic
Elektronik › Telefon ve Aksesuar › Giyilebilir Teknoloji › Akıllı Saat,Renk,renk,COLOR,false,true,true,true,true,false,true,,1,Siyah;Beyaz;Gri;Mavi;Kırmızı;Diğer,plan,generic plan — refine per leaf in FAZ A
Elektronik › Telefon ve Aksesuar › Giyilebilir Teknoloji › Akıllı Saat,Garanti,garanti,SINGLE_SELECT,false,false,false,true,true,false,false,,2,Yok;6 Ay;12 Ay;24 Ay,plan,generic
Elektronik › Telefon ve Aksesuar › Giyilebilir Teknoloji › Akıllı Bileklik,Renk,renk,COLOR,false,true,true,true,true,false,true,,1,Siyah;Beyaz;Gri;Mavi;Kırmızı;Diğer,plan,generic plan — refine per leaf in FAZ A
Elektronik › Telefon ve Aksesuar › Giyilebilir Teknoloji › Akıllı Bileklik,Garanti,garanti,SINGLE_SELECT,false,false,false,true,true,false,false,,2,Yok;6 Ay;12 Ay;24 Ay,plan,generic
Elektronik › Telefon ve Aksesuar › Giyilebilir Teknoloji › Çocuk Akıllı Saati,Renk,renk,COLOR,false,true,true,true,true,false,true,,1,Siyah;Beyaz;Gri;Mavi;Kırmızı;Diğer,plan,generic plan — refine per leaf in FAZ A
Elektronik › Telefon ve Aksesuar › Giyilebilir Teknoloji › Çocuk Akıllı Saati,Garanti,garanti,SINGLE_SELECT,false,false,false,true,true,false,false,,2,Yok;6 Ay;12 Ay;24 Ay,plan,generic
Elektronik › Telefon ve Aksesuar › Giyilebilir Teknoloji › Akıllı Yüzük,Renk,renk,COLOR,false,true,true,true,true,false,true,,1,Siyah;Beyaz;Gri;Mavi;Kırmızı;Diğer,plan,generic plan — refine per leaf in FAZ A
Elektronik › Telefon ve Aksesuar › Giyilebilir Teknoloji › Akıllı Yüzük,Garanti,garanti,SINGLE_SELECT,false,false,false,true,true,false,false,,2,Yok;6 Ay;12 Ay;24 Ay,plan,generic
Elektronik › Telefon ve Aksesuar › Giyilebilir Teknoloji › GPS Takip Cihazı,Renk,renk,COLOR,false,true,true,true,true,false,true,,1,Siyah;Beyaz;Gri;Mavi;Kırmızı;Diğer,plan,generic plan — refine per leaf in FAZ A
Elektronik › Telefon ve Aksesuar › Giyilebilir Teknoloji › GPS Takip Cihazı,Garanti,garanti,SINGLE_SELECT,false,false,false,true,true,false,false,,2,Yok;6 Ay;12 Ay;24 Ay,plan,generic
Elektronik › Telefon ve Aksesuar › İletişim Cihazları › Telsiz,Renk,renk,COLOR,false,true,true,true,true,false,true,,1,Siyah;Beyaz;Gri;Mavi;Kırmızı;Diğer,plan,generic plan — refine per leaf in FAZ A
Elektronik › Telefon ve Aksesuar › İletişim Cihazları › Telsiz,Garanti,garanti,SINGLE_SELECT,false,false,false,true,true,false,false,,2,Yok;6 Ay;12 Ay;24 Ay,plan,generic
Elektronik › Telefon ve Aksesuar › İletişim Cihazları › Sabit Telefon,Renk,renk,COLOR,false,true,true,true,true,false,true,,1,Siyah;Beyaz;Gri;Mavi;Kırmızı;Diğer,plan,generic plan — refine per leaf in FAZ A
Elektronik › Telefon ve Aksesuar › İletişim Cihazları › Sabit Telefon,Garanti,garanti,SINGLE_SELECT,false,false,false,true,true,false,false,,2,Yok;6 Ay;12 Ay;24 Ay,plan,generic
Elektronik › Telefon ve Aksesuar › İletişim Cihazları › IP Telefon,Renk,renk,COLOR,false,true,true,true,true,false,true,,1,Siyah;Beyaz;Gri;Mavi;Kırmızı;Diğer,plan,generic plan — refine per leaf in FAZ A
Elektronik › Telefon ve Aksesuar › İletişim Cihazları › IP Telefon,Garanti,garanti,SINGLE_SELECT,false,false,false,true,true,false,false,,2,Yok;6 Ay;12 Ay;24 Ay,plan,generic
Elektronik › Telefon ve Aksesuar › İletişim Cihazları › Uydu Telefonu,Renk,renk,COLOR,false,true,true,true,true,false,true,,1,Siyah;Beyaz;Gri;Mavi;Kırmızı;Diğer,plan,generic plan — refine per leaf in FAZ A
Elektronik › Telefon ve Aksesuar › İletişim Cihazları › Uydu Telefonu,Garanti,garanti,SINGLE_SELECT,false,false,false,true,true,false,false,,2,Yok;6 Ay;12 Ay;24 Ay,plan,generic
Elektronik › Telefon ve Aksesuar › İletişim Cihazları › Çağrı Cihazı,Renk,renk,COLOR,false,true,true,true,true,false,true,,1,Siyah;Beyaz;Gri;Mavi;Kırmızı;Diğer,plan,generic plan — refine per leaf in FAZ A
Elektronik › Telefon ve Aksesuar › İletişim Cihazları › Çağrı Cihazı,Garanti,garanti,SINGLE_SELECT,false,false,false,true,true,false,false,,2,Yok;6 Ay;12 Ay;24 Ay,plan,generic
Elektronik › Bilgisayar ve Tablet › Bilgisayar › Dizüstü Bilgisayar,Renk,renk,COLOR,false,true,true,true,true,false,true,,1,Siyah;Beyaz;Gri;Mavi;Kırmızı;Diğer,plan,generic plan — refine per leaf in FAZ A
Elektronik › Bilgisayar ve Tablet › Bilgisayar › Dizüstü Bilgisayar,Garanti,garanti,SINGLE_SELECT,false,false,false,true,true,false,false,,2,Yok;6 Ay;12 Ay;24 Ay,plan,generic
Elektronik › Bilgisayar ve Tablet › Bilgisayar › Masaüstü Bilgisayar,Renk,renk,COLOR,false,true,true,true,true,false,true,,1,Siyah;Beyaz;Gri;Mavi;Kırmızı;Diğer,plan,generic plan — refine per leaf in FAZ A
Elektronik › Bilgisayar ve Tablet › Bilgisayar › Masaüstü Bilgisayar,Garanti,garanti,SINGLE_SELECT,false,false,false,true,true,false,false,,2,Yok;6 Ay;12 Ay;24 Ay,plan,generic
Elektronik › Bilgisayar ve Tablet › Bilgisayar › Mini PC,Renk,renk,COLOR,false,true,true,true,true,false,true,,1,Siyah;Beyaz;Gri;Mavi;Kırmızı;Diğer,plan,generic plan — refine per leaf in FAZ A
Elektronik › Bilgisayar ve Tablet › Bilgisayar › Mini PC,Garanti,garanti,SINGLE_SELECT,false,false,false,true,true,false,false,,2,Yok;6 Ay;12 Ay;24 Ay,plan,generic
Elektronik › Bilgisayar ve Tablet › Bilgisayar › All-in-One Bilgisayar,Renk,renk,COLOR,false,true,true,true,true,false,true,,1,Siyah;Beyaz;Gri;Mavi;Kırmızı;Diğer,plan,generic plan — refine per leaf in FAZ A
Elektronik › Bilgisayar ve Tablet › Bilgisayar › All-in-One Bilgisayar,Garanti,garanti,SINGLE_SELECT,false,false,false,true,true,false,false,,2,Yok;6 Ay;12 Ay;24 Ay,plan,generic
Elektronik › Bilgisayar ve Tablet › Bilgisayar › İş İstasyonu,Renk,renk,COLOR,false,true,true,true,true,false,true,,1,Siyah;Beyaz;Gri;Mavi;Kırmızı;Diğer,plan,generic plan — refine per leaf in FAZ A
Elektronik › Bilgisayar ve Tablet › Bilgisayar › İş İstasyonu,Garanti,garanti,SINGLE_SELECT,false,false,false,true,true,false,false,,2,Yok;6 Ay;12 Ay;24 Ay,plan,generic
Elektronik › Bilgisayar ve Tablet › Bilgisayar › Oyuncu Bilgisayarı,Renk,renk,COLOR,false,true,true,true,true,false,true,,1,Siyah;Beyaz;Gri;Mavi;Kırmızı;Diğer,plan,generic plan — refine per leaf in FAZ A
Elektronik › Bilgisayar ve Tablet › Bilgisayar › Oyuncu Bilgisayarı,Garanti,garanti,SINGLE_SELECT,false,false,false,true,true,false,false,,2,Yok;6 Ay;12 Ay;24 Ay,plan,generic
Elektronik › Bilgisayar ve Tablet › Tablet ve E-Kitap › Tablet,Renk,renk,COLOR,false,true,true,true,true,false,true,,1,Siyah;Beyaz;Gri;Mavi;Kırmızı;Diğer,plan,generic plan — refine per leaf in FAZ A
Elektronik › Bilgisayar ve Tablet › Tablet ve E-Kitap › Tablet,Garanti,garanti,SINGLE_SELECT,false,false,false,true,true,false,false,,2,Yok;6 Ay;12 Ay;24 Ay,plan,generic
Elektronik › Bilgisayar ve Tablet › Tablet ve E-Kitap › Grafik Tablet,Renk,renk,COLOR,false,true,true,true,true,false,true,,1,Siyah;Beyaz;Gri;Mavi;Kırmızı;Diğer,plan,generic plan — refine per leaf in FAZ A
Elektronik › Bilgisayar ve Tablet › Tablet ve E-Kitap › Grafik Tablet,Garanti,garanti,SINGLE_SELECT,false,false,false,true,true,false,false,,2,Yok;6 Ay;12 Ay;24 Ay,plan,generic
Elektronik › Bilgisayar ve Tablet › Tablet ve E-Kitap › E-Kitap Okuyucu,Renk,renk,COLOR,false,true,true,true,true,false,true,,1,Siyah;Beyaz;Gri;Mavi;Kırmızı;Diğer,plan,generic plan — refine per leaf in FAZ A
Elektronik › Bilgisayar ve Tablet › Tablet ve E-Kitap › E-Kitap Okuyucu,Garanti,garanti,SINGLE_SELECT,false,false,false,true,true,false,false,,2,Yok;6 Ay;12 Ay;24 Ay,plan,generic
Elektronik › Bilgisayar ve Tablet › Tablet ve E-Kitap › Çocuk Tableti,Renk,renk,COLOR,false,true,true,true,true,false,true,,1,Siyah;Beyaz;Gri;Mavi;Kırmızı;Diğer,plan,generic plan — refine per leaf in FAZ A
Elektronik › Bilgisayar ve Tablet › Tablet ve E-Kitap › Çocuk Tableti,Garanti,garanti,SINGLE_SELECT,false,false,false,true,true,false,false,,2,Yok;6 Ay;12 Ay;24 Ay,plan,generic
Elektronik › Bilgisayar ve Tablet › Bilgisayar Bileşenleri › İşlemci,Renk,renk,COLOR,false,true,true,true,true,false,true,,1,Siyah;Beyaz;Gri;Mavi;Kırmızı;Diğer,plan,generic plan — refine per leaf in FAZ A
Elektronik › Bilgisayar ve Tablet › Bilgisayar Bileşenleri › İşlemci,Garanti,garanti,SINGLE_SELECT,false,false,false,true,true,false,false,,2,Yok;6 Ay;12 Ay;24 Ay,plan,generic
Elektronik › Bilgisayar ve Tablet › Bilgisayar Bileşenleri › Anakart,Renk,renk,COLOR,false,true,true,true,true,false,true,,1,Siyah;Beyaz;Gri;Mavi;Kırmızı;Diğer,plan,generic plan — refine per leaf in FAZ A
Elektronik › Bilgisayar ve Tablet › Bilgisayar Bileşenleri › Anakart,Garanti,garanti,SINGLE_SELECT,false,false,false,true,true,false,false,,2,Yok;6 Ay;12 Ay;24 Ay,plan,generic
Elektronik › Bilgisayar ve Tablet › Bilgisayar Bileşenleri › Ekran Kartı,Renk,renk,COLOR,false,true,true,true,true,false,true,,1,Siyah;Beyaz;Gri;Mavi;Kırmızı;Diğer,plan,generic plan — refine per leaf in FAZ A
Elektronik › Bilgisayar ve Tablet › Bilgisayar Bileşenleri › Ekran Kartı,Garanti,garanti,SINGLE_SELECT,false,false,false,true,true,false,false,,2,Yok;6 Ay;12 Ay;24 Ay,plan,generic
Elektronik › Bilgisayar ve Tablet › Bilgisayar Bileşenleri › RAM,Renk,renk,COLOR,false,true,true,true,true,false,true,,1,Siyah;Beyaz;Gri;Mavi;Kırmızı;Diğer,plan,generic plan — refine per leaf in FAZ A
Elektronik › Bilgisayar ve Tablet › Bilgisayar Bileşenleri › RAM,Garanti,garanti,SINGLE_SELECT,false,false,false,true,true,false,false,,2,Yok;6 Ay;12 Ay;24 Ay,plan,generic
Elektronik › Bilgisayar ve Tablet › Bilgisayar Bileşenleri › SSD,Renk,renk,COLOR,false,true,true,true,true,false,true,,1,Siyah;Beyaz;Gri;Mavi;Kırmızı;Diğer,plan,generic plan — refine per leaf in FAZ A
Elektronik › Bilgisayar ve Tablet › Bilgisayar Bileşenleri › SSD,Garanti,garanti,SINGLE_SELECT,false,false,false,true,true,false,false,,2,Yok;6 Ay;12 Ay;24 Ay,plan,generic
Elektronik › Bilgisayar ve Tablet › Bilgisayar Bileşenleri › Hard Disk,Renk,renk,COLOR,false,true,true,true,true,false,true,,1,Siyah;Beyaz;Gri;Mavi;Kırmızı;Diğer,plan,generic plan — refine per leaf in FAZ A
Elektronik › Bilgisayar ve Tablet › Bilgisayar Bileşenleri › Hard Disk,Garanti,garanti,SINGLE_SELECT,false,false,false,true,true,false,false,,2,Yok;6 Ay;12 Ay;24 Ay,plan,generic
Elektronik › Bilgisayar ve Tablet › Bilgisayar Bileşenleri › Bilgisayar Kasası,Renk,renk,COLOR,false,true,true,true,true,false,true,,1,Siyah;Beyaz;Gri;Mavi;Kırmızı;Diğer,plan,generic plan — refine per leaf in FAZ A
Elektronik › Bilgisayar ve Tablet › Bilgisayar Bileşenleri › Bilgisayar Kasası,Garanti,garanti,SINGLE_SELECT,false,false,false,true,true,false,false,,2,Yok;6 Ay;12 Ay;24 Ay,plan,generic
Elektronik › Bilgisayar ve Tablet › Bilgisayar Bileşenleri › Güç Kaynağı,Renk,renk,COLOR,false,true,true,true,true,false,true,,1,Siyah;Beyaz;Gri;Mavi;Kırmızı;Diğer,plan,generic plan — refine per leaf in FAZ A
Elektronik › Bilgisayar ve Tablet › Bilgisayar Bileşenleri › Güç Kaynağı,Garanti,garanti,SINGLE_SELECT,false,false,false,true,true,false,false,,2,Yok;6 Ay;12 Ay;24 Ay,plan,generic
Elektronik › Bilgisayar ve Tablet › Bilgisayar Bileşenleri › İşlemci Soğutucu,Renk,renk,COLOR,false,true,true,true,true,false,true,,1,Siyah;Beyaz;Gri;Mavi;Kırmızı;Diğer,plan,generic plan — refine per leaf in FAZ A
Elektronik › Bilgisayar ve Tablet › Bilgisayar Bileşenleri › İşlemci Soğutucu,Garanti,garanti,SINGLE_SELECT,false,false,false,true,true,false,false,,2,Yok;6 Ay;12 Ay;24 Ay,plan,generic
Elektronik › Bilgisayar ve Tablet › Bilgisayar Bileşenleri › Kasa Fanı,Renk,renk,COLOR,false,true,true,true,true,false,true,,1,Siyah;Beyaz;Gri;Mavi;Kırmızı;Diğer,plan,generic plan — refine per leaf in FAZ A
Elektronik › Bilgisayar ve Tablet › Bilgisayar Bileşenleri › Kasa Fanı,Garanti,garanti,SINGLE_SELECT,false,false,false,true,true,false,false,,2,Yok;6 Ay;12 Ay;24 Ay,plan,generic
Elektronik › Bilgisayar ve Tablet › Bilgisayar Bileşenleri › Optik Sürücü,Renk,renk,COLOR,false,true,true,true,true,false,true,,1,Siyah;Beyaz;Gri;Mavi;Kırmızı;Diğer,plan,generic plan — refine per leaf in FAZ A
Elektronik › Bilgisayar ve Tablet › Bilgisayar Bileşenleri › Optik Sürücü,Garanti,garanti,SINGLE_SELECT,false,false,false,true,true,false,false,,2,Yok;6 Ay;12 Ay;24 Ay,plan,generic
Elektronik › Bilgisayar ve Tablet › Bilgisayar Bileşenleri › Capture Card,Renk,renk,COLOR,false,true,true,true,true,false,true,,1,Siyah;Beyaz;Gri;Mavi;Kırmızı;Diğer,plan,generic plan — refine per leaf in FAZ A
Elektronik › Bilgisayar ve Tablet › Bilgisayar Bileşenleri › Capture Card,Garanti,garanti,SINGLE_SELECT,false,false,false,true,true,false,false,,2,Yok;6 Ay;12 Ay;24 Ay,plan,generic
Elektronik › Bilgisayar ve Tablet › Bilgisayar Çevre Birimleri › Monitör,Renk,renk,COLOR,false,true,true,true,true,false,true,,1,Siyah;Beyaz;Gri;Mavi;Kırmızı;Diğer,plan,generic plan — refine per leaf in FAZ A
Elektronik › Bilgisayar ve Tablet › Bilgisayar Çevre Birimleri › Monitör,Garanti,garanti,SINGLE_SELECT,false,false,false,true,true,false,false,,2,Yok;6 Ay;12 Ay;24 Ay,plan,generic
Elektronik › Bilgisayar ve Tablet › Bilgisayar Çevre Birimleri › Klavye,Renk,renk,COLOR,false,true,true,true,true,false,true,,1,Siyah;Beyaz;Gri;Mavi;Kırmızı;Diğer,plan,generic plan — refine per leaf in FAZ A
Elektronik › Bilgisayar ve Tablet › Bilgisayar Çevre Birimleri › Klavye,Garanti,garanti,SINGLE_SELECT,false,false,false,true,true,false,false,,2,Yok;6 Ay;12 Ay;24 Ay,plan,generic
Elektronik › Bilgisayar ve Tablet › Bilgisayar Çevre Birimleri › Mouse,Renk,renk,COLOR,false,true,true,true,true,false,true,,1,Siyah;Beyaz;Gri;Mavi;Kırmızı;Diğer,plan,generic plan — refine per leaf in FAZ A
Elektronik › Bilgisayar ve Tablet › Bilgisayar Çevre Birimleri › Mouse,Garanti,garanti,SINGLE_SELECT,false,false,false,true,true,false,false,,2,Yok;6 Ay;12 Ay;24 Ay,plan,generic
Elektronik › Bilgisayar ve Tablet › Bilgisayar Çevre Birimleri › Klavye-Mouse Seti,Renk,renk,COLOR,false,true,true,true,true,false,true,,1,Siyah;Beyaz;Gri;Mavi;Kırmızı;Diğer,plan,generic plan — refine per leaf in FAZ A
Elektronik › Bilgisayar ve Tablet › Bilgisayar Çevre Birimleri › Klavye-Mouse Seti,Garanti,garanti,SINGLE_SELECT,false,false,false,true,true,false,false,,2,Yok;6 Ay;12 Ay;24 Ay,plan,generic
Elektronik › Bilgisayar ve Tablet › Bilgisayar Çevre Birimleri › Webcam,Renk,renk,COLOR,false,true,true,true,true,false,true,,1,Siyah;Beyaz;Gri;Mavi;Kırmızı;Diğer,plan,generic plan — refine per leaf in FAZ A
Elektronik › Bilgisayar ve Tablet › Bilgisayar Çevre Birimleri › Webcam,Garanti,garanti,SINGLE_SELECT,false,false,false,true,true,false,false,,2,Yok;6 Ay;12 Ay;24 Ay,plan,generic
Elektronik › Bilgisayar ve Tablet › Bilgisayar Çevre Birimleri › Mikrofon,Renk,renk,COLOR,false,true,true,true,true,false,true,,1,Siyah;Beyaz;Gri;Mavi;Kırmızı;Diğer,plan,generic plan — refine per leaf in FAZ A
Elektronik › Bilgisayar ve Tablet › Bilgisayar Çevre Birimleri › Mikrofon,Garanti,garanti,SINGLE_SELECT,false,false,false,true,true,false,false,,2,Yok;6 Ay;12 Ay;24 Ay,plan,generic
Elektronik › Bilgisayar ve Tablet › Bilgisayar Çevre Birimleri › Hoparlör,Renk,renk,COLOR,false,true,true,true,true,false,true,,1,Siyah;Beyaz;Gri;Mavi;Kırmızı;Diğer,plan,generic plan — refine per leaf in FAZ A
Elektronik › Bilgisayar ve Tablet › Bilgisayar Çevre Birimleri › Hoparlör,Garanti,garanti,SINGLE_SELECT,false,false,false,true,true,false,false,,2,Yok;6 Ay;12 Ay;24 Ay,plan,generic
Elektronik › Bilgisayar ve Tablet › Bilgisayar Çevre Birimleri › Kulaklık,Renk,renk,COLOR,false,true,true,true,true,false,true,,1,Siyah;Beyaz;Gri;Mavi;Kırmızı;Diğer,plan,generic plan — refine per leaf in FAZ A
Elektronik › Bilgisayar ve Tablet › Bilgisayar Çevre Birimleri › Kulaklık,Garanti,garanti,SINGLE_SELECT,false,false,false,true,true,false,false,,2,Yok;6 Ay;12 Ay;24 Ay,plan,generic
Elektronik › Bilgisayar ve Tablet › Bilgisayar Çevre Birimleri › Yazıcı,Renk,renk,COLOR,false,true,true,true,true,false,true,,1,Siyah;Beyaz;Gri;Mavi;Kırmızı;Diğer,plan,generic plan — refine per leaf in FAZ A
Elektronik › Bilgisayar ve Tablet › Bilgisayar Çevre Birimleri › Yazıcı,Garanti,garanti,SINGLE_SELECT,false,false,false,true,true,false,false,,2,Yok;6 Ay;12 Ay;24 Ay,plan,generic
Elektronik › Bilgisayar ve Tablet › Bilgisayar Çevre Birimleri › Tarayıcı,Renk,renk,COLOR,false,true,true,true,true,false,true,,1,Siyah;Beyaz;Gri;Mavi;Kırmızı;Diğer,plan,generic plan — refine per leaf in FAZ A
Elektronik › Bilgisayar ve Tablet › Bilgisayar Çevre Birimleri › Tarayıcı,Garanti,garanti,SINGLE_SELECT,false,false,false,true,true,false,false,,2,Yok;6 Ay;12 Ay;24 Ay,plan,generic
Elektronik › Bilgisayar ve Tablet › Bilgisayar Çevre Birimleri › Projeksiyon Cihazı,Renk,renk,COLOR,false,true,true,true,true,false,true,,1,Siyah;Beyaz;Gri;Mavi;Kırmızı;Diğer,plan,generic plan — refine per leaf in FAZ A
Elektronik › Bilgisayar ve Tablet › Bilgisayar Çevre Birimleri › Projeksiyon Cihazı,Garanti,garanti,SINGLE_SELECT,false,false,false,true,true,false,false,,2,Yok;6 Ay;12 Ay;24 Ay,plan,generic
Elektronik › Bilgisayar ve Tablet › Ağ ve İnternet › Modem,Renk,renk,COLOR,false,true,true,true,true,false,true,,1,Siyah;Beyaz;Gri;Mavi;Kırmızı;Diğer,plan,generic plan — refine per leaf in FAZ A
Elektronik › Bilgisayar ve Tablet › Ağ ve İnternet › Modem,Garanti,garanti,SINGLE_SELECT,false,false,false,true,true,false,false,,2,Yok;6 Ay;12 Ay;24 Ay,plan,generic
Elektronik › Bilgisayar ve Tablet › Ağ ve İnternet › Router,Renk,renk,COLOR,false,true,true,true,true,false,true,,1,Siyah;Beyaz;Gri;Mavi;Kırmızı;Diğer,plan,generic plan — refine per leaf in FAZ A
Elektronik › Bilgisayar ve Tablet › Ağ ve İnternet › Router,Garanti,garanti,SINGLE_SELECT,false,false,false,true,true,false,false,,2,Yok;6 Ay;12 Ay;24 Ay,plan,generic
Elektronik › Bilgisayar ve Tablet › Ağ ve İnternet › Access Point,Renk,renk,COLOR,false,true,true,true,true,false,true,,1,Siyah;Beyaz;Gri;Mavi;Kırmızı;Diğer,plan,generic plan — refine per leaf in FAZ A
Elektronik › Bilgisayar ve Tablet › Ağ ve İnternet › Access Point,Garanti,garanti,SINGLE_SELECT,false,false,false,true,true,false,false,,2,Yok;6 Ay;12 Ay;24 Ay,plan,generic
Elektronik › Bilgisayar ve Tablet › Ağ ve İnternet › Mesh Wi-Fi Sistemi,Renk,renk,COLOR,false,true,true,true,true,false,true,,1,Siyah;Beyaz;Gri;Mavi;Kırmızı;Diğer,plan,generic plan — refine per leaf in FAZ A
Elektronik › Bilgisayar ve Tablet › Ağ ve İnternet › Mesh Wi-Fi Sistemi,Garanti,garanti,SINGLE_SELECT,false,false,false,true,true,false,false,,2,Yok;6 Ay;12 Ay;24 Ay,plan,generic
Elektronik › Bilgisayar ve Tablet › Ağ ve İnternet › Switch,Renk,renk,COLOR,false,true,true,true,true,false,true,,1,Siyah;Beyaz;Gri;Mavi;Kırmızı;Diğer,plan,generic plan — refine per leaf in FAZ A
Elektronik › Bilgisayar ve Tablet › Ağ ve İnternet › Switch,Garanti,garanti,SINGLE_SELECT,false,false,false,true,true,false,false,,2,Yok;6 Ay;12 Ay;24 Ay,plan,generic
Elektronik › Bilgisayar ve Tablet › Ağ ve İnternet › Range Extender,Renk,renk,COLOR,false,true,true,true,true,false,true,,1,Siyah;Beyaz;Gri;Mavi;Kırmızı;Diğer,plan,generic plan — refine per leaf in FAZ A
Elektronik › Bilgisayar ve Tablet › Ağ ve İnternet › Range Extender,Garanti,garanti,SINGLE_SELECT,false,false,false,true,true,false,false,,2,Yok;6 Ay;12 Ay;24 Ay,plan,generic
Elektronik › Bilgisayar ve Tablet › Ağ ve İnternet › Powerline Adaptör,Renk,renk,COLOR,false,true,true,true,true,false,true,,1,Siyah;Beyaz;Gri;Mavi;Kırmızı;Diğer,plan,generic plan — refine per leaf in FAZ A
Elektronik › Bilgisayar ve Tablet › Ağ ve İnternet › Powerline Adaptör,Garanti,garanti,SINGLE_SELECT,false,false,false,true,true,false,false,,2,Yok;6 Ay;12 Ay;24 Ay,plan,generic
Elektronik › Bilgisayar ve Tablet › Ağ ve İnternet › Ağ Kartı,Renk,renk,COLOR,false,true,true,true,true,false,true,,1,Siyah;Beyaz;Gri;Mavi;Kırmızı;Diğer,plan,generic plan — refine per leaf in FAZ A
Elektronik › Bilgisayar ve Tablet › Ağ ve İnternet › Ağ Kartı,Garanti,garanti,SINGLE_SELECT,false,false,false,true,true,false,false,,2,Yok;6 Ay;12 Ay;24 Ay,plan,generic
Elektronik › Bilgisayar ve Tablet › Ağ ve İnternet › Anten,Renk,renk,COLOR,false,true,true,true,true,false,true,,1,Siyah;Beyaz;Gri;Mavi;Kırmızı;Diğer,plan,generic plan — refine per leaf in FAZ A
Elektronik › Bilgisayar ve Tablet › Ağ ve İnternet › Anten,Garanti,garanti,SINGLE_SELECT,false,false,false,true,true,false,false,,2,Yok;6 Ay;12 Ay;24 Ay,plan,generic
Elektronik › Bilgisayar ve Tablet › Ağ ve İnternet › Ethernet Kablosu,Renk,renk,COLOR,false,true,true,true,true,false,true,,1,Siyah;Beyaz;Gri;Mavi;Kırmızı;Diğer,plan,generic plan — refine per leaf in FAZ A
Elektronik › Bilgisayar ve Tablet › Ağ ve İnternet › Ethernet Kablosu,Garanti,garanti,SINGLE_SELECT,false,false,false,true,true,false,false,,2,Yok;6 Ay;12 Ay;24 Ay,plan,generic
Elektronik › Bilgisayar ve Tablet › Depolama ve Bellek › USB Bellek,Renk,renk,COLOR,false,true,true,true,true,false,true,,1,Siyah;Beyaz;Gri;Mavi;Kırmızı;Diğer,plan,generic plan — refine per leaf in FAZ A
Elektronik › Bilgisayar ve Tablet › Depolama ve Bellek › USB Bellek,Garanti,garanti,SINGLE_SELECT,false,false,false,true,true,false,false,,2,Yok;6 Ay;12 Ay;24 Ay,plan,generic
Elektronik › Bilgisayar ve Tablet › Depolama ve Bellek › Hafıza Kartı,Renk,renk,COLOR,false,true,true,true,true,false,true,,1,Siyah;Beyaz;Gri;Mavi;Kırmızı;Diğer,plan,generic plan — refine per leaf in FAZ A
Elektronik › Bilgisayar ve Tablet › Depolama ve Bellek › Hafıza Kartı,Garanti,garanti,SINGLE_SELECT,false,false,false,true,true,false,false,,2,Yok;6 Ay;12 Ay;24 Ay,plan,generic
Elektronik › Bilgisayar ve Tablet › Depolama ve Bellek › Harici SSD,Renk,renk,COLOR,false,true,true,true,true,false,true,,1,Siyah;Beyaz;Gri;Mavi;Kırmızı;Diğer,plan,generic plan — refine per leaf in FAZ A
Elektronik › Bilgisayar ve Tablet › Depolama ve Bellek › Harici SSD,Garanti,garanti,SINGLE_SELECT,false,false,false,true,true,false,false,,2,Yok;6 Ay;12 Ay;24 Ay,plan,generic
Elektronik › Bilgisayar ve Tablet › Depolama ve Bellek › Harici Hard Disk,Renk,renk,COLOR,false,true,true,true,true,false,true,,1,Siyah;Beyaz;Gri;Mavi;Kırmızı;Diğer,plan,generic plan — refine per leaf in FAZ A
Elektronik › Bilgisayar ve Tablet › Depolama ve Bellek › Harici Hard Disk,Garanti,garanti,SINGLE_SELECT,false,false,false,true,true,false,false,,2,Yok;6 Ay;12 Ay;24 Ay,plan,generic
Elektronik › Bilgisayar ve Tablet › Depolama ve Bellek › NAS,Renk,renk,COLOR,false,true,true,true,true,false,true,,1,Siyah;Beyaz;Gri;Mavi;Kırmızı;Diğer,plan,generic plan — refine per leaf in FAZ A
Elektronik › Bilgisayar ve Tablet › Depolama ve Bellek › NAS,Garanti,garanti,SINGLE_SELECT,false,false,false,true,true,false,false,,2,Yok;6 Ay;12 Ay;24 Ay,plan,generic
Elektronik › Bilgisayar ve Tablet › Depolama ve Bellek › Kart Okuyucu,Renk,renk,COLOR,false,true,true,true,true,false,true,,1,Siyah;Beyaz;Gri;Mavi;Kırmızı;Diğer,plan,generic plan — refine per leaf in FAZ A
Elektronik › Bilgisayar ve Tablet › Depolama ve Bellek › Kart Okuyucu,Garanti,garanti,SINGLE_SELECT,false,false,false,true,true,false,false,,2,Yok;6 Ay;12 Ay;24 Ay,plan,generic
Elektronik › Bilgisayar ve Tablet › Bilgisayar Aksesuarları › Laptop Çantası,Renk,renk,COLOR,false,true,true,true,true,false,true,,1,Siyah;Beyaz;Gri;Mavi;Kırmızı;Diğer,plan,generic plan — refine per leaf in FAZ A
Elektronik › Bilgisayar ve Tablet › Bilgisayar Aksesuarları › Laptop Çantası,Garanti,garanti,SINGLE_SELECT,false,false,false,true,true,false,false,,2,Yok;6 Ay;12 Ay;24 Ay,plan,generic
Elektronik › Bilgisayar ve Tablet › Bilgisayar Aksesuarları › Laptop Standı,Renk,renk,COLOR,false,true,true,true,true,false,true,,1,Siyah;Beyaz;Gri;Mavi;Kırmızı;Diğer,plan,generic plan — refine per leaf in FAZ A
Elektronik › Bilgisayar ve Tablet › Bilgisayar Aksesuarları › Laptop Standı,Garanti,garanti,SINGLE_SELECT,false,false,false,true,true,false,false,,2,Yok;6 Ay;12 Ay;24 Ay,plan,generic
Elektronik › Bilgisayar ve Tablet › Bilgisayar Aksesuarları › Soğutucu,Renk,renk,COLOR,false,true,true,true,true,false,true,,1,Siyah;Beyaz;Gri;Mavi;Kırmızı;Diğer,plan,generic plan — refine per leaf in FAZ A
Elektronik › Bilgisayar ve Tablet › Bilgisayar Aksesuarları › Soğutucu,Garanti,garanti,SINGLE_SELECT,false,false,false,true,true,false,false,,2,Yok;6 Ay;12 Ay;24 Ay,plan,generic
Elektronik › Bilgisayar ve Tablet › Bilgisayar Aksesuarları › Docking Station,Renk,renk,COLOR,false,true,true,true,true,false,true,,1,Siyah;Beyaz;Gri;Mavi;Kırmızı;Diğer,plan,generic plan — refine per leaf in FAZ A
Elektronik › Bilgisayar ve Tablet › Bilgisayar Aksesuarları › Docking Station,Garanti,garanti,SINGLE_SELECT,false,false,false,true,true,false,false,,2,Yok;6 Ay;12 Ay;24 Ay,plan,generic
Elektronik › Bilgisayar ve Tablet › Bilgisayar Aksesuarları › USB Hub,Renk,renk,COLOR,false,true,true,true,true,false,true,,1,Siyah;Beyaz;Gri;Mavi;Kırmızı;Diğer,plan,generic plan — refine per leaf in FAZ A
Elektronik › Bilgisayar ve Tablet › Bilgisayar Aksesuarları › USB Hub,Garanti,garanti,SINGLE_SELECT,false,false,false,true,true,false,false,,2,Yok;6 Ay;12 Ay;24 Ay,plan,generic
Elektronik › Bilgisayar ve Tablet › Bilgisayar Aksesuarları › Adaptör,Renk,renk,COLOR,false,true,true,true,true,false,true,,1,Siyah;Beyaz;Gri;Mavi;Kırmızı;Diğer,plan,generic plan — refine per leaf in FAZ A
Elektronik › Bilgisayar ve Tablet › Bilgisayar Aksesuarları › Adaptör,Garanti,garanti,SINGLE_SELECT,false,false,false,true,true,false,false,,2,Yok;6 Ay;12 Ay;24 Ay,plan,generic
Elektronik › Bilgisayar ve Tablet › Bilgisayar Aksesuarları › Kablo ve Dönüştürücü,Renk,renk,COLOR,false,true,true,true,true,false,true,,1,Siyah;Beyaz;Gri;Mavi;Kırmızı;Diğer,plan,generic plan — refine per leaf in FAZ A
Elektronik › Bilgisayar ve Tablet › Bilgisayar Aksesuarları › Kablo ve Dönüştürücü,Garanti,garanti,SINGLE_SELECT,false,false,false,true,true,false,false,,2,Yok;6 Ay;12 Ay;24 Ay,plan,generic
Elektronik › Bilgisayar ve Tablet › Bilgisayar Aksesuarları › Mouse Pad,Renk,renk,COLOR,false,true,true,true,true,false,true,,1,Siyah;Beyaz;Gri;Mavi;Kırmızı;Diğer,plan,generic plan — refine per leaf in FAZ A
Elektronik › Bilgisayar ve Tablet › Bilgisayar Aksesuarları › Mouse Pad,Garanti,garanti,SINGLE_SELECT,false,false,false,true,true,false,false,,2,Yok;6 Ay;12 Ay;24 Ay,plan,generic
Elektronik › Bilgisayar ve Tablet › Bilgisayar Aksesuarları › Monitör Kolu,Renk,renk,COLOR,false,true,true,true,true,false,true,,1,Siyah;Beyaz;Gri;Mavi;Kırmızı;Diğer,plan,generic plan — refine per leaf in FAZ A
Elektronik › Bilgisayar ve Tablet › Bilgisayar Aksesuarları › Monitör Kolu,Garanti,garanti,SINGLE_SELECT,false,false,false,true,true,false,false,,2,Yok;6 Ay;12 Ay;24 Ay,plan,generic
Elektronik › Bilgisayar ve Tablet › Bilgisayar Aksesuarları › KVM Switch,Renk,renk,COLOR,false,true,true,true,true,false,true,,1,Siyah;Beyaz;Gri;Mavi;Kırmızı;Diğer,plan,generic plan — refine per leaf in FAZ A
Elektronik › Bilgisayar ve Tablet › Bilgisayar Aksesuarları › KVM Switch,Garanti,garanti,SINGLE_SELECT,false,false,false,true,true,false,false,,2,Yok;6 Ay;12 Ay;24 Ay,plan,generic
"Elektronik › Televizyon, Görüntü ve Ses › Televizyon › LED Televizyon",Renk,renk,COLOR,false,true,true,true,true,false,true,,1,Siyah;Beyaz;Gri;Mavi;Kırmızı;Diğer,plan,generic plan — refine per leaf in FAZ A
"Elektronik › Televizyon, Görüntü ve Ses › Televizyon › LED Televizyon",Garanti,garanti,SINGLE_SELECT,false,false,false,true,true,false,false,,2,Yok;6 Ay;12 Ay;24 Ay,plan,generic
"Elektronik › Televizyon, Görüntü ve Ses › Televizyon › QLED Televizyon",Renk,renk,COLOR,false,true,true,true,true,false,true,,1,Siyah;Beyaz;Gri;Mavi;Kırmızı;Diğer,plan,generic plan — refine per leaf in FAZ A
"Elektronik › Televizyon, Görüntü ve Ses › Televizyon › QLED Televizyon",Garanti,garanti,SINGLE_SELECT,false,false,false,true,true,false,false,,2,Yok;6 Ay;12 Ay;24 Ay,plan,generic
"Elektronik › Televizyon, Görüntü ve Ses › Televizyon › OLED Televizyon",Renk,renk,COLOR,false,true,true,true,true,false,true,,1,Siyah;Beyaz;Gri;Mavi;Kırmızı;Diğer,plan,generic plan — refine per leaf in FAZ A
"Elektronik › Televizyon, Görüntü ve Ses › Televizyon › OLED Televizyon",Garanti,garanti,SINGLE_SELECT,false,false,false,true,true,false,false,,2,Yok;6 Ay;12 Ay;24 Ay,plan,generic
"Elektronik › Televizyon, Görüntü ve Ses › Televizyon › Mini LED Televizyon",Renk,renk,COLOR,false,true,true,true,true,false,true,,1,Siyah;Beyaz;Gri;Mavi;Kırmızı;Diğer,plan,generic plan — refine per leaf in FAZ A
"Elektronik › Televizyon, Görüntü ve Ses › Televizyon › Mini LED Televizyon",Garanti,garanti,SINGLE_SELECT,false,false,false,true,true,false,false,,2,Yok;6 Ay;12 Ay;24 Ay,plan,generic
"Elektronik › Televizyon, Görüntü ve Ses › Televizyon › Taşınabilir Televizyon",Renk,renk,COLOR,false,true,true,true,true,false,true,,1,Siyah;Beyaz;Gri;Mavi;Kırmızı;Diğer,plan,generic plan — refine per leaf in FAZ A
"Elektronik › Televizyon, Görüntü ve Ses › Televizyon › Taşınabilir Televizyon",Garanti,garanti,SINGLE_SELECT,false,false,false,true,true,false,false,,2,Yok;6 Ay;12 Ay;24 Ay,plan,generic
"Elektronik › Televizyon, Görüntü ve Ses › TV Aksesuarları › TV Askı Aparatı",Renk,renk,COLOR,false,true,true,true,true,false,true,,1,Siyah;Beyaz;Gri;Mavi;Kırmızı;Diğer,plan,generic plan — refine per leaf in FAZ A
"Elektronik › Televizyon, Görüntü ve Ses › TV Aksesuarları › TV Askı Aparatı",Garanti,garanti,SINGLE_SELECT,false,false,false,true,true,false,false,,2,Yok;6 Ay;12 Ay;24 Ay,plan,generic
"Elektronik › Televizyon, Görüntü ve Ses › TV Aksesuarları › TV Kumandası",Renk,renk,COLOR,false,true,true,true,true,false,true,,1,Siyah;Beyaz;Gri;Mavi;Kırmızı;Diğer,plan,generic plan — refine per leaf in FAZ A
"Elektronik › Televizyon, Görüntü ve Ses › TV Aksesuarları › TV Kumandası",Garanti,garanti,SINGLE_SELECT,false,false,false,true,true,false,false,,2,Yok;6 Ay;12 Ay;24 Ay,plan,generic
"Elektronik › Televizyon, Görüntü ve Ses › TV Aksesuarları › Uydu Alıcısı",Renk,renk,COLOR,false,true,true,true,true,false,true,,1,Siyah;Beyaz;Gri;Mavi;Kırmızı;Diğer,plan,generic plan — refine per leaf in FAZ A
"Elektronik › Televizyon, Görüntü ve Ses › TV Aksesuarları › Uydu Alıcısı",Garanti,garanti,SINGLE_SELECT,false,false,false,true,true,false,false,,2,Yok;6 Ay;12 Ay;24 Ay,plan,generic
"Elektronik › Televizyon, Görüntü ve Ses › TV Aksesuarları › Android TV Box",Renk,renk,COLOR,false,true,true,true,true,false,true,,1,Siyah;Beyaz;Gri;Mavi;Kırmızı;Diğer,plan,generic plan — refine per leaf in FAZ A
"Elektronik › Televizyon, Görüntü ve Ses › TV Aksesuarları › Android TV Box",Garanti,garanti,SINGLE_SELECT,false,false,false,true,true,false,false,,2,Yok;6 Ay;12 Ay;24 Ay,plan,generic
"Elektronik › Televizyon, Görüntü ve Ses › TV Aksesuarları › Apple TV ve Medya Oynatıcı",Renk,renk,COLOR,false,true,true,true,true,false,true,,1,Siyah;Beyaz;Gri;Mavi;Kırmızı;Diğer,plan,generic plan — refine per leaf in FAZ A
"Elektronik › Televizyon, Görüntü ve Ses › TV Aksesuarları › Apple TV ve Medya Oynatıcı",Garanti,garanti,SINGLE_SELECT,false,false,false,true,true,false,false,,2,Yok;6 Ay;12 Ay;24 Ay,plan,generic
"Elektronik › Televizyon, Görüntü ve Ses › TV Aksesuarları › HDMI Kablo",Renk,renk,COLOR,false,true,true,true,true,false,true,,1,Siyah;Beyaz;Gri;Mavi;Kırmızı;Diğer,plan,generic plan — refine per leaf in FAZ A
"Elektronik › Televizyon, Görüntü ve Ses › TV Aksesuarları › HDMI Kablo",Garanti,garanti,SINGLE_SELECT,false,false,false,true,true,false,false,,2,Yok;6 Ay;12 Ay;24 Ay,plan,generic
"Elektronik › Televizyon, Görüntü ve Ses › TV Aksesuarları › TV Anteni",Renk,renk,COLOR,false,true,true,true,true,false,true,,1,Siyah;Beyaz;Gri;Mavi;Kırmızı;Diğer,plan,generic plan — refine per leaf in FAZ A
"Elektronik › Televizyon, Görüntü ve Ses › TV Aksesuarları › TV Anteni",Garanti,garanti,SINGLE_SELECT,false,false,false,true,true,false,false,,2,Yok;6 Ay;12 Ay;24 Ay,plan,generic
"Elektronik › Televizyon, Görüntü ve Ses › Ses Sistemleri › Soundbar",Renk,renk,COLOR,false,true,true,true,true,false,true,,1,Siyah;Beyaz;Gri;Mavi;Kırmızı;Diğer,plan,generic plan — refine per leaf in FAZ A
"Elektronik › Televizyon, Görüntü ve Ses › Ses Sistemleri › Soundbar",Garanti,garanti,SINGLE_SELECT,false,false,false,true,true,false,false,,2,Yok;6 Ay;12 Ay;24 Ay,plan,generic
"Elektronik › Televizyon, Görüntü ve Ses › Ses Sistemleri › Ev Sinema Sistemi",Renk,renk,COLOR,false,true,true,true,true,false,true,,1,Siyah;Beyaz;Gri;Mavi;Kırmızı;Diğer,plan,generic plan — refine per leaf in FAZ A
"Elektronik › Televizyon, Görüntü ve Ses › Ses Sistemleri › Ev Sinema Sistemi",Garanti,garanti,SINGLE_SELECT,false,false,false,true,true,false,false,,2,Yok;6 Ay;12 Ay;24 Ay,plan,generic
"Elektronik › Televizyon, Görüntü ve Ses › Ses Sistemleri › Hi-Fi Sistem",Renk,renk,COLOR,false,true,true,true,true,false,true,,1,Siyah;Beyaz;Gri;Mavi;Kırmızı;Diğer,plan,generic plan — refine per leaf in FAZ A
"Elektronik › Televizyon, Görüntü ve Ses › Ses Sistemleri › Hi-Fi Sistem",Garanti,garanti,SINGLE_SELECT,false,false,false,true,true,false,false,,2,Yok;6 Ay;12 Ay;24 Ay,plan,generic
"Elektronik › Televizyon, Görüntü ve Ses › Ses Sistemleri › Bluetooth Hoparlör",Renk,renk,COLOR,false,true,true,true,true,false,true,,1,Siyah;Beyaz;Gri;Mavi;Kırmızı;Diğer,plan,generic plan — refine per leaf in FAZ A
"Elektronik › Televizyon, Görüntü ve Ses › Ses Sistemleri › Bluetooth Hoparlör",Garanti,garanti,SINGLE_SELECT,false,false,false,true,true,false,false,,2,Yok;6 Ay;12 Ay;24 Ay,plan,generic
"Elektronik › Televizyon, Görüntü ve Ses › Ses Sistemleri › Taşınabilir Hoparlör",Renk,renk,COLOR,false,true,true,true,true,false,true,,1,Siyah;Beyaz;Gri;Mavi;Kırmızı;Diğer,plan,generic plan — refine per leaf in FAZ A
"Elektronik › Televizyon, Görüntü ve Ses › Ses Sistemleri › Taşınabilir Hoparlör",Garanti,garanti,SINGLE_SELECT,false,false,false,true,true,false,false,,2,Yok;6 Ay;12 Ay;24 Ay,plan,generic
"Elektronik › Televizyon, Görüntü ve Ses › Ses Sistemleri › Amfi",Renk,renk,COLOR,false,true,true,true,true,false,true,,1,Siyah;Beyaz;Gri;Mavi;Kırmızı;Diğer,plan,generic plan — refine per leaf in FAZ A
"Elektronik › Televizyon, Görüntü ve Ses › Ses Sistemleri › Amfi",Garanti,garanti,SINGLE_SELECT,false,false,false,true,true,false,false,,2,Yok;6 Ay;12 Ay;24 Ay,plan,generic
"Elektronik › Televizyon, Görüntü ve Ses › Ses Sistemleri › Subwoofer",Renk,renk,COLOR,false,true,true,true,true,false,true,,1,Siyah;Beyaz;Gri;Mavi;Kırmızı;Diğer,plan,generic plan — refine per leaf in FAZ A
"Elektronik › Televizyon, Görüntü ve Ses › Ses Sistemleri › Subwoofer",Garanti,garanti,SINGLE_SELECT,false,false,false,true,true,false,false,,2,Yok;6 Ay;12 Ay;24 Ay,plan,generic
"Elektronik › Televizyon, Görüntü ve Ses › Ses Sistemleri › Hoparlör Seti",Renk,renk,COLOR,false,true,true,true,true,false,true,,1,Siyah;Beyaz;Gri;Mavi;Kırmızı;Diğer,plan,generic plan — refine per leaf in FAZ A
"Elektronik › Televizyon, Görüntü ve Ses › Ses Sistemleri › Hoparlör Seti",Garanti,garanti,SINGLE_SELECT,false,false,false,true,true,false,false,,2,Yok;6 Ay;12 Ay;24 Ay,plan,generic
"Elektronik › Televizyon, Görüntü ve Ses › Kulaklık › TWS Kulaklık",Renk,renk,COLOR,false,true,true,true,true,false,true,,1,Siyah;Beyaz;Gri;Mavi;Kırmızı;Diğer,plan,generic plan — refine per leaf in FAZ A
"Elektronik › Televizyon, Görüntü ve Ses › Kulaklık › TWS Kulaklık",Garanti,garanti,SINGLE_SELECT,false,false,false,true,true,false,false,,2,Yok;6 Ay;12 Ay;24 Ay,plan,generic
"Elektronik › Televizyon, Görüntü ve Ses › Kulaklık › Kulak Üstü Kulaklık",Renk,renk,COLOR,false,true,true,true,true,false,true,,1,Siyah;Beyaz;Gri;Mavi;Kırmızı;Diğer,plan,generic plan — refine per leaf in FAZ A
"Elektronik › Televizyon, Görüntü ve Ses › Kulaklık › Kulak Üstü Kulaklık",Garanti,garanti,SINGLE_SELECT,false,false,false,true,true,false,false,,2,Yok;6 Ay;12 Ay;24 Ay,plan,generic
"Elektronik › Televizyon, Görüntü ve Ses › Kulaklık › Oyuncu Kulaklığı",Renk,renk,COLOR,false,true,true,true,true,false,true,,1,Siyah;Beyaz;Gri;Mavi;Kırmızı;Diğer,plan,generic plan — refine per leaf in FAZ A
"Elektronik › Televizyon, Görüntü ve Ses › Kulaklık › Oyuncu Kulaklığı",Garanti,garanti,SINGLE_SELECT,false,false,false,true,true,false,false,,2,Yok;6 Ay;12 Ay;24 Ay,plan,generic
"Elektronik › Televizyon, Görüntü ve Ses › Kulaklık › Stüdyo Kulaklığı",Renk,renk,COLOR,false,true,true,true,true,false,true,,1,Siyah;Beyaz;Gri;Mavi;Kırmızı;Diğer,plan,generic plan — refine per leaf in FAZ A
"Elektronik › Televizyon, Görüntü ve Ses › Kulaklık › Stüdyo Kulaklığı",Garanti,garanti,SINGLE_SELECT,false,false,false,true,true,false,false,,2,Yok;6 Ay;12 Ay;24 Ay,plan,generic
"Elektronik › Televizyon, Görüntü ve Ses › Kulaklık › Spor Kulaklığı",Renk,renk,COLOR,false,true,true,true,true,false,true,,1,Siyah;Beyaz;Gri;Mavi;Kırmızı;Diğer,plan,generic plan — refine per leaf in FAZ A
"Elektronik › Televizyon, Görüntü ve Ses › Kulaklık › Spor Kulaklığı",Garanti,garanti,SINGLE_SELECT,false,false,false,true,true,false,false,,2,Yok;6 Ay;12 Ay;24 Ay,plan,generic
"Elektronik › Televizyon, Görüntü ve Ses › Projeksiyon ve Sunum › Projeksiyon Cihazı",Renk,renk,COLOR,false,true,true,true,true,false,true,,1,Siyah;Beyaz;Gri;Mavi;Kırmızı;Diğer,plan,generic plan — refine per leaf in FAZ A
"Elektronik › Televizyon, Görüntü ve Ses › Projeksiyon ve Sunum › Projeksiyon Cihazı",Garanti,garanti,SINGLE_SELECT,false,false,false,true,true,false,false,,2,Yok;6 Ay;12 Ay;24 Ay,plan,generic
"Elektronik › Televizyon, Görüntü ve Ses › Projeksiyon ve Sunum › Projeksiyon Perdesi",Renk,renk,COLOR,false,true,true,true,true,false,true,,1,Siyah;Beyaz;Gri;Mavi;Kırmızı;Diğer,plan,generic plan — refine per leaf in FAZ A
"Elektronik › Televizyon, Görüntü ve Ses › Projeksiyon ve Sunum › Projeksiyon Perdesi",Garanti,garanti,SINGLE_SELECT,false,false,false,true,true,false,false,,2,Yok;6 Ay;12 Ay;24 Ay,plan,generic
"Elektronik › Televizyon, Görüntü ve Ses › Projeksiyon ve Sunum › Sunum Kumandası",Renk,renk,COLOR,false,true,true,true,true,false,true,,1,Siyah;Beyaz;Gri;Mavi;Kırmızı;Diğer,plan,generic plan — refine per leaf in FAZ A
"Elektronik › Televizyon, Görüntü ve Ses › Projeksiyon ve Sunum › Sunum Kumandası",Garanti,garanti,SINGLE_SELECT,false,false,false,true,true,false,false,,2,Yok;6 Ay;12 Ay;24 Ay,plan,generic
"Elektronik › Televizyon, Görüntü ve Ses › Projeksiyon ve Sunum › Projeksiyon Askı Aparatı",Renk,renk,COLOR,false,true,true,true,true,false,true,,1,Siyah;Beyaz;Gri;Mavi;Kırmızı;Diğer,plan,generic plan — refine per leaf in FAZ A
"Elektronik › Televizyon, Görüntü ve Ses › Projeksiyon ve Sunum › Projeksiyon Askı Aparatı",Garanti,garanti,SINGLE_SELECT,false,false,false,true,true,false,false,,2,Yok;6 Ay;12 Ay;24 Ay,plan,generic
"Elektronik › Televizyon, Görüntü ve Ses › Fotoğraf ve Video › Dijital Fotoğraf Makinesi",Renk,renk,COLOR,false,true,true,true,true,false,true,,1,Siyah;Beyaz;Gri;Mavi;Kırmızı;Diğer,plan,generic plan — refine per leaf in FAZ A
"Elektronik › Televizyon, Görüntü ve Ses › Fotoğraf ve Video › Dijital Fotoğraf Makinesi",Garanti,garanti,SINGLE_SELECT,false,false,false,true,true,false,false,,2,Yok;6 Ay;12 Ay;24 Ay,plan,generic
"Elektronik › Televizyon, Görüntü ve Ses › Fotoğraf ve Video › Aksiyon Kamerası",Renk,renk,COLOR,false,true,true,true,true,false,true,,1,Siyah;Beyaz;Gri;Mavi;Kırmızı;Diğer,plan,generic plan — refine per leaf in FAZ A
"Elektronik › Televizyon, Görüntü ve Ses › Fotoğraf ve Video › Aksiyon Kamerası",Garanti,garanti,SINGLE_SELECT,false,false,false,true,true,false,false,,2,Yok;6 Ay;12 Ay;24 Ay,plan,generic
"Elektronik › Televizyon, Görüntü ve Ses › Fotoğraf ve Video › Video Kamera",Renk,renk,COLOR,false,true,true,true,true,false,true,,1,Siyah;Beyaz;Gri;Mavi;Kırmızı;Diğer,plan,generic plan — refine per leaf in FAZ A
"Elektronik › Televizyon, Görüntü ve Ses › Fotoğraf ve Video › Video Kamera",Garanti,garanti,SINGLE_SELECT,false,false,false,true,true,false,false,,2,Yok;6 Ay;12 Ay;24 Ay,plan,generic
"Elektronik › Televizyon, Görüntü ve Ses › Fotoğraf ve Video › Drone",Renk,renk,COLOR,false,true,true,true,true,false,true,,1,Siyah;Beyaz;Gri;Mavi;Kırmızı;Diğer,plan,generic plan — refine per leaf in FAZ A
"Elektronik › Televizyon, Görüntü ve Ses › Fotoğraf ve Video › Drone",Garanti,garanti,SINGLE_SELECT,false,false,false,true,true,false,false,,2,Yok;6 Ay;12 Ay;24 Ay,plan,generic
"Elektronik › Televizyon, Görüntü ve Ses › Fotoğraf ve Video › Lens",Renk,renk,COLOR,false,true,true,true,true,false,true,,1,Siyah;Beyaz;Gri;Mavi;Kırmızı;Diğer,plan,generic plan — refine per leaf in FAZ A
"Elektronik › Televizyon, Görüntü ve Ses › Fotoğraf ve Video › Lens",Garanti,garanti,SINGLE_SELECT,false,false,false,true,true,false,false,,2,Yok;6 Ay;12 Ay;24 Ay,plan,generic
"Elektronik › Televizyon, Görüntü ve Ses › Fotoğraf ve Video › Tripod",Renk,renk,COLOR,false,true,true,true,true,false,true,,1,Siyah;Beyaz;Gri;Mavi;Kırmızı;Diğer,plan,generic plan — refine per leaf in FAZ A
"Elektronik › Televizyon, Görüntü ve Ses › Fotoğraf ve Video › Tripod",Garanti,garanti,SINGLE_SELECT,false,false,false,true,true,false,false,,2,Yok;6 Ay;12 Ay;24 Ay,plan,generic
"Elektronik › Televizyon, Görüntü ve Ses › Fotoğraf ve Video › Gimbal",Renk,renk,COLOR,false,true,true,true,true,false,true,,1,Siyah;Beyaz;Gri;Mavi;Kırmızı;Diğer,plan,generic plan — refine per leaf in FAZ A
"Elektronik › Televizyon, Görüntü ve Ses › Fotoğraf ve Video › Gimbal",Garanti,garanti,SINGLE_SELECT,false,false,false,true,true,false,false,,2,Yok;6 Ay;12 Ay;24 Ay,plan,generic
"Elektronik › Televizyon, Görüntü ve Ses › Fotoğraf ve Video › Fotoğraf Çantası",Renk,renk,COLOR,false,true,true,true,true,false,true,,1,Siyah;Beyaz;Gri;Mavi;Kırmızı;Diğer,plan,generic plan — refine per leaf in FAZ A
"Elektronik › Televizyon, Görüntü ve Ses › Fotoğraf ve Video › Fotoğraf Çantası",Garanti,garanti,SINGLE_SELECT,false,false,false,true,true,false,false,,2,Yok;6 Ay;12 Ay;24 Ay,plan,generic
"Elektronik › Televizyon, Görüntü ve Ses › Fotoğraf ve Video › Flaş",Renk,renk,COLOR,false,true,true,true,true,false,true,,1,Siyah;Beyaz;Gri;Mavi;Kırmızı;Diğer,plan,generic plan — refine per leaf in FAZ A
"Elektronik › Televizyon, Görüntü ve Ses › Fotoğraf ve Video › Flaş",Garanti,garanti,SINGLE_SELECT,false,false,false,true,true,false,false,,2,Yok;6 Ay;12 Ay;24 Ay,plan,generic
"Elektronik › Televizyon, Görüntü ve Ses › Fotoğraf ve Video › Işık ve Softbox",Renk,renk,COLOR,false,true,true,true,true,false,true,,1,Siyah;Beyaz;Gri;Mavi;Kırmızı;Diğer,plan,generic plan — refine per leaf in FAZ A
"Elektronik › Televizyon, Görüntü ve Ses › Fotoğraf ve Video › Işık ve Softbox",Garanti,garanti,SINGLE_SELECT,false,false,false,true,true,false,false,,2,Yok;6 Ay;12 Ay;24 Ay,plan,generic
"Elektronik › Televizyon, Görüntü ve Ses › Fotoğraf ve Video › Kamera Aksesuarı",Renk,renk,COLOR,false,true,true,true,true,false,true,,1,Siyah;Beyaz;Gri;Mavi;Kırmızı;Diğer,plan,generic plan — refine per leaf in FAZ A
"Elektronik › Televizyon, Görüntü ve Ses › Fotoğraf ve Video › Kamera Aksesuarı",Garanti,garanti,SINGLE_SELECT,false,false,false,true,true,false,false,,2,Yok;6 Ay;12 Ay;24 Ay,plan,generic
Elektronik › Oyun ve Konsol › Oyun Konsolu › PlayStation,Renk,renk,COLOR,false,true,true,true,true,false,true,,1,Siyah;Beyaz;Gri;Mavi;Kırmızı;Diğer,plan,generic plan — refine per leaf in FAZ A
Elektronik › Oyun ve Konsol › Oyun Konsolu › PlayStation,Garanti,garanti,SINGLE_SELECT,false,false,false,true,true,false,false,,2,Yok;6 Ay;12 Ay;24 Ay,plan,generic
Elektronik › Oyun ve Konsol › Oyun Konsolu › Xbox,Renk,renk,COLOR,false,true,true,true,true,false,true,,1,Siyah;Beyaz;Gri;Mavi;Kırmızı;Diğer,plan,generic plan — refine per leaf in FAZ A
Elektronik › Oyun ve Konsol › Oyun Konsolu › Xbox,Garanti,garanti,SINGLE_SELECT,false,false,false,true,true,false,false,,2,Yok;6 Ay;12 Ay;24 Ay,plan,generic
Elektronik › Oyun ve Konsol › Oyun Konsolu › Nintendo Switch,Renk,renk,COLOR,false,true,true,true,true,false,true,,1,Siyah;Beyaz;Gri;Mavi;Kırmızı;Diğer,plan,generic plan — refine per leaf in FAZ A
Elektronik › Oyun ve Konsol › Oyun Konsolu › Nintendo Switch,Garanti,garanti,SINGLE_SELECT,false,false,false,true,true,false,false,,2,Yok;6 Ay;12 Ay;24 Ay,plan,generic
Elektronik › Oyun ve Konsol › Oyun Konsolu › El Konsolu,Renk,renk,COLOR,false,true,true,true,true,false,true,,1,Siyah;Beyaz;Gri;Mavi;Kırmızı;Diğer,plan,generic plan — refine per leaf in FAZ A
Elektronik › Oyun ve Konsol › Oyun Konsolu › El Konsolu,Garanti,garanti,SINGLE_SELECT,false,false,false,true,true,false,false,,2,Yok;6 Ay;12 Ay;24 Ay,plan,generic
Elektronik › Oyun ve Konsol › Oyun Konsolu › Retro Oyun Konsolu,Renk,renk,COLOR,false,true,true,true,true,false,true,,1,Siyah;Beyaz;Gri;Mavi;Kırmızı;Diğer,plan,generic plan — refine per leaf in FAZ A
Elektronik › Oyun ve Konsol › Oyun Konsolu › Retro Oyun Konsolu,Garanti,garanti,SINGLE_SELECT,false,false,false,true,true,false,false,,2,Yok;6 Ay;12 Ay;24 Ay,plan,generic
Elektronik › Oyun ve Konsol › Konsol Aksesuarları › Gamepad,Renk,renk,COLOR,false,true,true,true,true,false,true,,1,Siyah;Beyaz;Gri;Mavi;Kırmızı;Diğer,plan,generic plan — refine per leaf in FAZ A
Elektronik › Oyun ve Konsol › Konsol Aksesuarları › Gamepad,Garanti,garanti,SINGLE_SELECT,false,false,false,true,true,false,false,,2,Yok;6 Ay;12 Ay;24 Ay,plan,generic
Elektronik › Oyun ve Konsol › Konsol Aksesuarları › Direksiyon Seti,Renk,renk,COLOR,false,true,true,true,true,false,true,,1,Siyah;Beyaz;Gri;Mavi;Kırmızı;Diğer,plan,generic plan — refine per leaf in FAZ A
Elektronik › Oyun ve Konsol › Konsol Aksesuarları › Direksiyon Seti,Garanti,garanti,SINGLE_SELECT,false,false,false,true,true,false,false,,2,Yok;6 Ay;12 Ay;24 Ay,plan,generic
Elektronik › Oyun ve Konsol › Konsol Aksesuarları › VR Gözlük,Renk,renk,COLOR,false,true,true,true,true,false,true,,1,Siyah;Beyaz;Gri;Mavi;Kırmızı;Diğer,plan,generic plan — refine per leaf in FAZ A
Elektronik › Oyun ve Konsol › Konsol Aksesuarları › VR Gözlük,Garanti,garanti,SINGLE_SELECT,false,false,false,true,true,false,false,,2,Yok;6 Ay;12 Ay;24 Ay,plan,generic
Elektronik › Oyun ve Konsol › Konsol Aksesuarları › Şarj İstasyonu,Renk,renk,COLOR,false,true,true,true,true,false,true,,1,Siyah;Beyaz;Gri;Mavi;Kırmızı;Diğer,plan,generic plan — refine per leaf in FAZ A
Elektronik › Oyun ve Konsol › Konsol Aksesuarları › Şarj İstasyonu,Garanti,garanti,SINGLE_SELECT,false,false,false,true,true,false,false,,2,Yok;6 Ay;12 Ay;24 Ay,plan,generic
Elektronik › Oyun ve Konsol › Konsol Aksesuarları › Konsol Kulaklığı,Renk,renk,COLOR,false,true,true,true,true,false,true,,1,Siyah;Beyaz;Gri;Mavi;Kırmızı;Diğer,plan,generic plan — refine per leaf in FAZ A
Elektronik › Oyun ve Konsol › Konsol Aksesuarları › Konsol Kulaklığı,Garanti,garanti,SINGLE_SELECT,false,false,false,true,true,false,false,,2,Yok;6 Ay;12 Ay;24 Ay,plan,generic
Elektronik › Oyun ve Konsol › Konsol Aksesuarları › Taşıma Çantası,Renk,renk,COLOR,false,true,true,true,true,false,true,,1,Siyah;Beyaz;Gri;Mavi;Kırmızı;Diğer,plan,generic plan — refine per leaf in FAZ A
Elektronik › Oyun ve Konsol › Konsol Aksesuarları › Taşıma Çantası,Garanti,garanti,SINGLE_SELECT,false,false,false,true,true,false,false,,2,Yok;6 Ay;12 Ay;24 Ay,plan,generic
Elektronik › Oyun ve Konsol › Oyunlar › PlayStation Oyunları,Renk,renk,COLOR,false,true,true,true,true,false,true,,1,Siyah;Beyaz;Gri;Mavi;Kırmızı;Diğer,plan,generic plan — refine per leaf in FAZ A
Elektronik › Oyun ve Konsol › Oyunlar › PlayStation Oyunları,Garanti,garanti,SINGLE_SELECT,false,false,false,true,true,false,false,,2,Yok;6 Ay;12 Ay;24 Ay,plan,generic
Elektronik › Oyun ve Konsol › Oyunlar › Xbox Oyunları,Renk,renk,COLOR,false,true,true,true,true,false,true,,1,Siyah;Beyaz;Gri;Mavi;Kırmızı;Diğer,plan,generic plan — refine per leaf in FAZ A
Elektronik › Oyun ve Konsol › Oyunlar › Xbox Oyunları,Garanti,garanti,SINGLE_SELECT,false,false,false,true,true,false,false,,2,Yok;6 Ay;12 Ay;24 Ay,plan,generic
Elektronik › Oyun ve Konsol › Oyunlar › Nintendo Oyunları,Renk,renk,COLOR,false,true,true,true,true,false,true,,1,Siyah;Beyaz;Gri;Mavi;Kırmızı;Diğer,plan,generic plan — refine per leaf in FAZ A
Elektronik › Oyun ve Konsol › Oyunlar › Nintendo Oyunları,Garanti,garanti,SINGLE_SELECT,false,false,false,true,true,false,false,,2,Yok;6 Ay;12 Ay;24 Ay,plan,generic
Elektronik › Oyun ve Konsol › Oyunlar › PC Oyunları,Renk,renk,COLOR,false,true,true,true,true,false,true,,1,Siyah;Beyaz;Gri;Mavi;Kırmızı;Diğer,plan,generic plan — refine per leaf in FAZ A
Elektronik › Oyun ve Konsol › Oyunlar › PC Oyunları,Garanti,garanti,SINGLE_SELECT,false,false,false,true,true,false,false,,2,Yok;6 Ay;12 Ay;24 Ay,plan,generic
Elektronik › Oyun ve Konsol › Oyuncu Ekipmanları › Oyuncu Klavyesi,Renk,renk,COLOR,false,true,true,true,true,false,true,,1,Siyah;Beyaz;Gri;Mavi;Kırmızı;Diğer,plan,generic plan — refine per leaf in FAZ A
Elektronik › Oyun ve Konsol › Oyuncu Ekipmanları › Oyuncu Klavyesi,Garanti,garanti,SINGLE_SELECT,false,false,false,true,true,false,false,,2,Yok;6 Ay;12 Ay;24 Ay,plan,generic
Elektronik › Oyun ve Konsol › Oyuncu Ekipmanları › Oyuncu Mouse,Renk,renk,COLOR,false,true,true,true,true,false,true,,1,Siyah;Beyaz;Gri;Mavi;Kırmızı;Diğer,plan,generic plan — refine per leaf in FAZ A
Elektronik › Oyun ve Konsol › Oyuncu Ekipmanları › Oyuncu Mouse,Garanti,garanti,SINGLE_SELECT,false,false,false,true,true,false,false,,2,Yok;6 Ay;12 Ay;24 Ay,plan,generic
Elektronik › Oyun ve Konsol › Oyuncu Ekipmanları › Oyuncu Monitörü,Renk,renk,COLOR,false,true,true,true,true,false,true,,1,Siyah;Beyaz;Gri;Mavi;Kırmızı;Diğer,plan,generic plan — refine per leaf in FAZ A
Elektronik › Oyun ve Konsol › Oyuncu Ekipmanları › Oyuncu Monitörü,Garanti,garanti,SINGLE_SELECT,false,false,false,true,true,false,false,,2,Yok;6 Ay;12 Ay;24 Ay,plan,generic
Elektronik › Oyun ve Konsol › Oyuncu Ekipmanları › Oyuncu Koltuğu,Renk,renk,COLOR,false,true,true,true,true,false,true,,1,Siyah;Beyaz;Gri;Mavi;Kırmızı;Diğer,plan,generic plan — refine per leaf in FAZ A
Elektronik › Oyun ve Konsol › Oyuncu Ekipmanları › Oyuncu Koltuğu,Garanti,garanti,SINGLE_SELECT,false,false,false,true,true,false,false,,2,Yok;6 Ay;12 Ay;24 Ay,plan,generic
Elektronik › Oyun ve Konsol › Oyuncu Ekipmanları › Oyuncu Masası,Renk,renk,COLOR,false,true,true,true,true,false,true,,1,Siyah;Beyaz;Gri;Mavi;Kırmızı;Diğer,plan,generic plan — refine per leaf in FAZ A
Elektronik › Oyun ve Konsol › Oyuncu Ekipmanları › Oyuncu Masası,Garanti,garanti,SINGLE_SELECT,false,false,false,true,true,false,false,,2,Yok;6 Ay;12 Ay;24 Ay,plan,generic
Elektronik › Oyun ve Konsol › Oyuncu Ekipmanları › Yayıncı Ekipmanı,Renk,renk,COLOR,false,true,true,true,true,false,true,,1,Siyah;Beyaz;Gri;Mavi;Kırmızı;Diğer,plan,generic plan — refine per leaf in FAZ A
Elektronik › Oyun ve Konsol › Oyuncu Ekipmanları › Yayıncı Ekipmanı,Garanti,garanti,SINGLE_SELECT,false,false,false,true,true,false,false,,2,Yok;6 Ay;12 Ay;24 Ay,plan,generic
Elektronik › Akıllı Ev ve Güvenlik › Akıllı Ev › Akıllı Priz,Renk,renk,COLOR,false,true,true,true,true,false,true,,1,Siyah;Beyaz;Gri;Mavi;Kırmızı;Diğer,plan,generic plan — refine per leaf in FAZ A
Elektronik › Akıllı Ev ve Güvenlik › Akıllı Ev › Akıllı Priz,Garanti,garanti,SINGLE_SELECT,false,false,false,true,true,false,false,,2,Yok;6 Ay;12 Ay;24 Ay,plan,generic
Elektronik › Akıllı Ev ve Güvenlik › Akıllı Ev › Akıllı Ampul,Renk,renk,COLOR,false,true,true,true,true,false,true,,1,Siyah;Beyaz;Gri;Mavi;Kırmızı;Diğer,plan,generic plan — refine per leaf in FAZ A
Elektronik › Akıllı Ev ve Güvenlik › Akıllı Ev › Akıllı Ampul,Garanti,garanti,SINGLE_SELECT,false,false,false,true,true,false,false,,2,Yok;6 Ay;12 Ay;24 Ay,plan,generic
Elektronik › Akıllı Ev ve Güvenlik › Akıllı Ev › Akıllı Anahtar,Renk,renk,COLOR,false,true,true,true,true,false,true,,1,Siyah;Beyaz;Gri;Mavi;Kırmızı;Diğer,plan,generic plan — refine per leaf in FAZ A
Elektronik › Akıllı Ev ve Güvenlik › Akıllı Ev › Akıllı Anahtar,Garanti,garanti,SINGLE_SELECT,false,false,false,true,true,false,false,,2,Yok;6 Ay;12 Ay;24 Ay,plan,generic
Elektronik › Akıllı Ev ve Güvenlik › Akıllı Ev › Akıllı Termostat,Renk,renk,COLOR,false,true,true,true,true,false,true,,1,Siyah;Beyaz;Gri;Mavi;Kırmızı;Diğer,plan,generic plan — refine per leaf in FAZ A
Elektronik › Akıllı Ev ve Güvenlik › Akıllı Ev › Akıllı Termostat,Garanti,garanti,SINGLE_SELECT,false,false,false,true,true,false,false,,2,Yok;6 Ay;12 Ay;24 Ay,plan,generic
Elektronik › Akıllı Ev ve Güvenlik › Akıllı Ev › Akıllı Perde Motoru,Renk,renk,COLOR,false,true,true,true,true,false,true,,1,Siyah;Beyaz;Gri;Mavi;Kırmızı;Diğer,plan,generic plan — refine per leaf in FAZ A
Elektronik › Akıllı Ev ve Güvenlik › Akıllı Ev › Akıllı Perde Motoru,Garanti,garanti,SINGLE_SELECT,false,false,false,true,true,false,false,,2,Yok;6 Ay;12 Ay;24 Ay,plan,generic
Elektronik › Akıllı Ev ve Güvenlik › Akıllı Ev › Akıllı Ev Hub,Renk,renk,COLOR,false,true,true,true,true,false,true,,1,Siyah;Beyaz;Gri;Mavi;Kırmızı;Diğer,plan,generic plan — refine per leaf in FAZ A
Elektronik › Akıllı Ev ve Güvenlik › Akıllı Ev › Akıllı Ev Hub,Garanti,garanti,SINGLE_SELECT,false,false,false,true,true,false,false,,2,Yok;6 Ay;12 Ay;24 Ay,plan,generic
Elektronik › Akıllı Ev ve Güvenlik › Güvenlik Sistemleri › IP Kamera,Renk,renk,COLOR,false,true,true,true,true,false,true,,1,Siyah;Beyaz;Gri;Mavi;Kırmızı;Diğer,plan,generic plan — refine per leaf in FAZ A
Elektronik › Akıllı Ev ve Güvenlik › Güvenlik Sistemleri › IP Kamera,Garanti,garanti,SINGLE_SELECT,false,false,false,true,true,false,false,,2,Yok;6 Ay;12 Ay;24 Ay,plan,generic
Elektronik › Akıllı Ev ve Güvenlik › Güvenlik Sistemleri › Analog Kamera,Renk,renk,COLOR,false,true,true,true,true,false,true,,1,Siyah;Beyaz;Gri;Mavi;Kırmızı;Diğer,plan,generic plan — refine per leaf in FAZ A
Elektronik › Akıllı Ev ve Güvenlik › Güvenlik Sistemleri › Analog Kamera,Garanti,garanti,SINGLE_SELECT,false,false,false,true,true,false,false,,2,Yok;6 Ay;12 Ay;24 Ay,plan,generic
Elektronik › Akıllı Ev ve Güvenlik › Güvenlik Sistemleri › Kamera Kayıt Cihazı,Renk,renk,COLOR,false,true,true,true,true,false,true,,1,Siyah;Beyaz;Gri;Mavi;Kırmızı;Diğer,plan,generic plan — refine per leaf in FAZ A
Elektronik › Akıllı Ev ve Güvenlik › Güvenlik Sistemleri › Kamera Kayıt Cihazı,Garanti,garanti,SINGLE_SELECT,false,false,false,true,true,false,false,,2,Yok;6 Ay;12 Ay;24 Ay,plan,generic
Elektronik › Akıllı Ev ve Güvenlik › Güvenlik Sistemleri › Alarm Sistemi,Renk,renk,COLOR,false,true,true,true,true,false,true,,1,Siyah;Beyaz;Gri;Mavi;Kırmızı;Diğer,plan,generic plan — refine per leaf in FAZ A
Elektronik › Akıllı Ev ve Güvenlik › Güvenlik Sistemleri › Alarm Sistemi,Garanti,garanti,SINGLE_SELECT,false,false,false,true,true,false,false,,2,Yok;6 Ay;12 Ay;24 Ay,plan,generic
Elektronik › Akıllı Ev ve Güvenlik › Güvenlik Sistemleri › Hareket Sensörü,Renk,renk,COLOR,false,true,true,true,true,false,true,,1,Siyah;Beyaz;Gri;Mavi;Kırmızı;Diğer,plan,generic plan — refine per leaf in FAZ A
Elektronik › Akıllı Ev ve Güvenlik › Güvenlik Sistemleri › Hareket Sensörü,Garanti,garanti,SINGLE_SELECT,false,false,false,true,true,false,false,,2,Yok;6 Ay;12 Ay;24 Ay,plan,generic
Elektronik › Akıllı Ev ve Güvenlik › Güvenlik Sistemleri › Kapı-Pencere Sensörü,Renk,renk,COLOR,false,true,true,true,true,false,true,,1,Siyah;Beyaz;Gri;Mavi;Kırmızı;Diğer,plan,generic plan — refine per leaf in FAZ A
Elektronik › Akıllı Ev ve Güvenlik › Güvenlik Sistemleri › Kapı-Pencere Sensörü,Garanti,garanti,SINGLE_SELECT,false,false,false,true,true,false,false,,2,Yok;6 Ay;12 Ay;24 Ay,plan,generic
Elektronik › Akıllı Ev ve Güvenlik › Güvenlik Sistemleri › Görüntülü Diafon,Renk,renk,COLOR,false,true,true,true,true,false,true,,1,Siyah;Beyaz;Gri;Mavi;Kırmızı;Diğer,plan,generic plan — refine per leaf in FAZ A
Elektronik › Akıllı Ev ve Güvenlik › Güvenlik Sistemleri › Görüntülü Diafon,Garanti,garanti,SINGLE_SELECT,false,false,false,true,true,false,false,,2,Yok;6 Ay;12 Ay;24 Ay,plan,generic
Elektronik › Akıllı Ev ve Güvenlik › Güvenlik Sistemleri › Akıllı Kilit,Renk,renk,COLOR,false,true,true,true,true,false,true,,1,Siyah;Beyaz;Gri;Mavi;Kırmızı;Diğer,plan,generic plan — refine per leaf in FAZ A
Elektronik › Akıllı Ev ve Güvenlik › Güvenlik Sistemleri › Akıllı Kilit,Garanti,garanti,SINGLE_SELECT,false,false,false,true,true,false,false,,2,Yok;6 Ay;12 Ay;24 Ay,plan,generic
Elektronik › Akıllı Ev ve Güvenlik › Güvenlik Sistemleri › Duman Dedektörü,Renk,renk,COLOR,false,true,true,true,true,false,true,,1,Siyah;Beyaz;Gri;Mavi;Kırmızı;Diğer,plan,generic plan — refine per leaf in FAZ A
Elektronik › Akıllı Ev ve Güvenlik › Güvenlik Sistemleri › Duman Dedektörü,Garanti,garanti,SINGLE_SELECT,false,false,false,true,true,false,false,,2,Yok;6 Ay;12 Ay;24 Ay,plan,generic
Elektronik › Akıllı Ev ve Güvenlik › Enerji ve Güç › UPS,Renk,renk,COLOR,false,true,true,true,true,false,true,,1,Siyah;Beyaz;Gri;Mavi;Kırmızı;Diğer,plan,generic plan — refine per leaf in FAZ A
Elektronik › Akıllı Ev ve Güvenlik › Enerji ve Güç › UPS,Garanti,garanti,SINGLE_SELECT,false,false,false,true,true,false,false,,2,Yok;6 Ay;12 Ay;24 Ay,plan,generic
Elektronik › Akıllı Ev ve Güvenlik › Enerji ve Güç › Voltaj Regülatörü,Renk,renk,COLOR,false,true,true,true,true,false,true,,1,Siyah;Beyaz;Gri;Mavi;Kırmızı;Diğer,plan,generic plan — refine per leaf in FAZ A
Elektronik › Akıllı Ev ve Güvenlik › Enerji ve Güç › Voltaj Regülatörü,Garanti,garanti,SINGLE_SELECT,false,false,false,true,true,false,false,,2,Yok;6 Ay;12 Ay;24 Ay,plan,generic
Elektronik › Akıllı Ev ve Güvenlik › Enerji ve Güç › Akım Korumalı Priz,Renk,renk,COLOR,false,true,true,true,true,false,true,,1,Siyah;Beyaz;Gri;Mavi;Kırmızı;Diğer,plan,generic plan — refine per leaf in FAZ A
Elektronik › Akıllı Ev ve Güvenlik › Enerji ve Güç › Akım Korumalı Priz,Garanti,garanti,SINGLE_SELECT,false,false,false,true,true,false,false,,2,Yok;6 Ay;12 Ay;24 Ay,plan,generic
Elektronik › Akıllı Ev ve Güvenlik › Enerji ve Güç › Solar Şarj Cihazı,Renk,renk,COLOR,false,true,true,true,true,false,true,,1,Siyah;Beyaz;Gri;Mavi;Kırmızı;Diğer,plan,generic plan — refine per leaf in FAZ A
Elektronik › Akıllı Ev ve Güvenlik › Enerji ve Güç › Solar Şarj Cihazı,Garanti,garanti,SINGLE_SELECT,false,false,false,true,true,false,false,,2,Yok;6 Ay;12 Ay;24 Ay,plan,generic
Elektronik › Akıllı Ev ve Güvenlik › Enerji ve Güç › Taşınabilir Güç İstasyonu,Renk,renk,COLOR,false,true,true,true,true,false,true,,1,Siyah;Beyaz;Gri;Mavi;Kırmızı;Diğer,plan,generic plan — refine per leaf in FAZ A
Elektronik › Akıllı Ev ve Güvenlik › Enerji ve Güç › Taşınabilir Güç İstasyonu,Garanti,garanti,SINGLE_SELECT,false,false,false,true,true,false,false,,2,Yok;6 Ay;12 Ay;24 Ay,plan,generic
Ev Aletleri › Beyaz Eşya › Soğutma › Buzdolabı,Renk,renk,COLOR,false,true,true,true,true,false,true,,1,Siyah;Beyaz;Gri;Mavi;Kırmızı;Diğer,plan,generic plan — refine per leaf in FAZ A
Ev Aletleri › Beyaz Eşya › Soğutma › Buzdolabı,Garanti,garanti,SINGLE_SELECT,false,false,false,true,true,false,false,,2,Yok;6 Ay;12 Ay;24 Ay,plan,generic
Ev Aletleri › Beyaz Eşya › Soğutma › Mini Buzdolabı,Renk,renk,COLOR,false,true,true,true,true,false,true,,1,Siyah;Beyaz;Gri;Mavi;Kırmızı;Diğer,plan,generic plan — refine per leaf in FAZ A
Ev Aletleri › Beyaz Eşya › Soğutma › Mini Buzdolabı,Garanti,garanti,SINGLE_SELECT,false,false,false,true,true,false,false,,2,Yok;6 Ay;12 Ay;24 Ay,plan,generic
Ev Aletleri › Beyaz Eşya › Soğutma › Derin Dondurucu,Renk,renk,COLOR,false,true,true,true,true,false,true,,1,Siyah;Beyaz;Gri;Mavi;Kırmızı;Diğer,plan,generic plan — refine per leaf in FAZ A
Ev Aletleri › Beyaz Eşya › Soğutma › Derin Dondurucu,Garanti,garanti,SINGLE_SELECT,false,false,false,true,true,false,false,,2,Yok;6 Ay;12 Ay;24 Ay,plan,generic
Ev Aletleri › Beyaz Eşya › Soğutma › Şarap Dolabı,Renk,renk,COLOR,false,true,true,true,true,false,true,,1,Siyah;Beyaz;Gri;Mavi;Kırmızı;Diğer,plan,generic plan — refine per leaf in FAZ A
Ev Aletleri › Beyaz Eşya › Soğutma › Şarap Dolabı,Garanti,garanti,SINGLE_SELECT,false,false,false,true,true,false,false,,2,Yok;6 Ay;12 Ay;24 Ay,plan,generic
Ev Aletleri › Beyaz Eşya › Çamaşır Bakımı › Çamaşır Makinesi,Renk,renk,COLOR,false,true,true,true,true,false,true,,1,Siyah;Beyaz;Gri;Mavi;Kırmızı;Diğer,plan,generic plan — refine per leaf in FAZ A
Ev Aletleri › Beyaz Eşya › Çamaşır Bakımı › Çamaşır Makinesi,Garanti,garanti,SINGLE_SELECT,false,false,false,true,true,false,false,,2,Yok;6 Ay;12 Ay;24 Ay,plan,generic
Ev Aletleri › Beyaz Eşya › Çamaşır Bakımı › Kurutma Makinesi,Renk,renk,COLOR,false,true,true,true,true,false,true,,1,Siyah;Beyaz;Gri;Mavi;Kırmızı;Diğer,plan,generic plan — refine per leaf in FAZ A
Ev Aletleri › Beyaz Eşya › Çamaşır Bakımı › Kurutma Makinesi,Garanti,garanti,SINGLE_SELECT,false,false,false,true,true,false,false,,2,Yok;6 Ay;12 Ay;24 Ay,plan,generic
Ev Aletleri › Beyaz Eşya › Çamaşır Bakımı › Kurutmalı Çamaşır Makinesi,Renk,renk,COLOR,false,true,true,true,true,false,true,,1,Siyah;Beyaz;Gri;Mavi;Kırmızı;Diğer,plan,generic plan — refine per leaf in FAZ A
Ev Aletleri › Beyaz Eşya › Çamaşır Bakımı › Kurutmalı Çamaşır Makinesi,Garanti,garanti,SINGLE_SELECT,false,false,false,true,true,false,false,,2,Yok;6 Ay;12 Ay;24 Ay,plan,generic
Ev Aletleri › Beyaz Eşya › Bulaşık ve Mutfak › Bulaşık Makinesi,Renk,renk,COLOR,false,true,true,true,true,false,true,,1,Siyah;Beyaz;Gri;Mavi;Kırmızı;Diğer,plan,generic plan — refine per leaf in FAZ A
Ev Aletleri › Beyaz Eşya › Bulaşık ve Mutfak › Bulaşık Makinesi,Garanti,garanti,SINGLE_SELECT,false,false,false,true,true,false,false,,2,Yok;6 Ay;12 Ay;24 Ay,plan,generic
Ev Aletleri › Beyaz Eşya › Bulaşık ve Mutfak › Ankastre Bulaşık Makinesi,Renk,renk,COLOR,false,true,true,true,true,false,true,,1,Siyah;Beyaz;Gri;Mavi;Kırmızı;Diğer,plan,generic plan — refine per leaf in FAZ A
Ev Aletleri › Beyaz Eşya › Bulaşık ve Mutfak › Ankastre Bulaşık Makinesi,Garanti,garanti,SINGLE_SELECT,false,false,false,true,true,false,false,,2,Yok;6 Ay;12 Ay;24 Ay,plan,generic
Ev Aletleri › Beyaz Eşya › Pişirme › Fırın,Renk,renk,COLOR,false,true,true,true,true,false,true,,1,Siyah;Beyaz;Gri;Mavi;Kırmızı;Diğer,plan,generic plan — refine per leaf in FAZ A
Ev Aletleri › Beyaz Eşya › Pişirme › Fırın,Garanti,garanti,SINGLE_SELECT,false,false,false,true,true,false,false,,2,Yok;6 Ay;12 Ay;24 Ay,plan,generic
Ev Aletleri › Beyaz Eşya › Pişirme › Ocak,Renk,renk,COLOR,false,true,true,true,true,false,true,,1,Siyah;Beyaz;Gri;Mavi;Kırmızı;Diğer,plan,generic plan — refine per leaf in FAZ A
Ev Aletleri › Beyaz Eşya › Pişirme › Ocak,Garanti,garanti,SINGLE_SELECT,false,false,false,true,true,false,false,,2,Yok;6 Ay;12 Ay;24 Ay,plan,generic
Ev Aletleri › Beyaz Eşya › Pişirme › Davlumbaz,Renk,renk,COLOR,false,true,true,true,true,false,true,,1,Siyah;Beyaz;Gri;Mavi;Kırmızı;Diğer,plan,generic plan — refine per leaf in FAZ A
Ev Aletleri › Beyaz Eşya › Pişirme › Davlumbaz,Garanti,garanti,SINGLE_SELECT,false,false,false,true,true,false,false,,2,Yok;6 Ay;12 Ay;24 Ay,plan,generic
Ev Aletleri › Beyaz Eşya › Pişirme › Aspiratör,Renk,renk,COLOR,false,true,true,true,true,false,true,,1,Siyah;Beyaz;Gri;Mavi;Kırmızı;Diğer,plan,generic plan — refine per leaf in FAZ A
Ev Aletleri › Beyaz Eşya › Pişirme › Aspiratör,Garanti,garanti,SINGLE_SELECT,false,false,false,true,true,false,false,,2,Yok;6 Ay;12 Ay;24 Ay,plan,generic
Ev Aletleri › Beyaz Eşya › Pişirme › Ankastre Set,Renk,renk,COLOR,false,true,true,true,true,false,true,,1,Siyah;Beyaz;Gri;Mavi;Kırmızı;Diğer,plan,generic plan — refine per leaf in FAZ A
Ev Aletleri › Beyaz Eşya › Pişirme › Ankastre Set,Garanti,garanti,SINGLE_SELECT,false,false,false,true,true,false,false,,2,Yok;6 Ay;12 Ay;24 Ay,plan,generic
Ev Aletleri › Beyaz Eşya › Pişirme › Mikrodalga Fırın,Renk,renk,COLOR,false,true,true,true,true,false,true,,1,Siyah;Beyaz;Gri;Mavi;Kırmızı;Diğer,plan,generic plan — refine per leaf in FAZ A
Ev Aletleri › Beyaz Eşya › Pişirme › Mikrodalga Fırın,Garanti,garanti,SINGLE_SELECT,false,false,false,true,true,false,false,,2,Yok;6 Ay;12 Ay;24 Ay,plan,generic
Ev Aletleri › Beyaz Eşya › İklimlendirme › Klima,Renk,renk,COLOR,false,true,true,true,true,false,true,,1,Siyah;Beyaz;Gri;Mavi;Kırmızı;Diğer,plan,generic plan — refine per leaf in FAZ A
Ev Aletleri › Beyaz Eşya › İklimlendirme › Klima,Garanti,garanti,SINGLE_SELECT,false,false,false,true,true,false,false,,2,Yok;6 Ay;12 Ay;24 Ay,plan,generic
Ev Aletleri › Beyaz Eşya › İklimlendirme › Portatif Klima,Renk,renk,COLOR,false,true,true,true,true,false,true,,1,Siyah;Beyaz;Gri;Mavi;Kırmızı;Diğer,plan,generic plan — refine per leaf in FAZ A
Ev Aletleri › Beyaz Eşya › İklimlendirme › Portatif Klima,Garanti,garanti,SINGLE_SELECT,false,false,false,true,true,false,false,,2,Yok;6 Ay;12 Ay;24 Ay,plan,generic
Ev Aletleri › Beyaz Eşya › İklimlendirme › Vantilatör,Renk,renk,COLOR,false,true,true,true,true,false,true,,1,Siyah;Beyaz;Gri;Mavi;Kırmızı;Diğer,plan,generic plan — refine per leaf in FAZ A
Ev Aletleri › Beyaz Eşya › İklimlendirme › Vantilatör,Garanti,garanti,SINGLE_SELECT,false,false,false,true,true,false,false,,2,Yok;6 Ay;12 Ay;24 Ay,plan,generic
Ev Aletleri › Beyaz Eşya › İklimlendirme › Hava Soğutucu,Renk,renk,COLOR,false,true,true,true,true,false,true,,1,Siyah;Beyaz;Gri;Mavi;Kırmızı;Diğer,plan,generic plan — refine per leaf in FAZ A
Ev Aletleri › Beyaz Eşya › İklimlendirme › Hava Soğutucu,Garanti,garanti,SINGLE_SELECT,false,false,false,true,true,false,false,,2,Yok;6 Ay;12 Ay;24 Ay,plan,generic
Ev Aletleri › Beyaz Eşya › İklimlendirme › Isıtıcı,Renk,renk,COLOR,false,true,true,true,true,false,true,,1,Siyah;Beyaz;Gri;Mavi;Kırmızı;Diğer,plan,generic plan — refine per leaf in FAZ A
Ev Aletleri › Beyaz Eşya › İklimlendirme › Isıtıcı,Garanti,garanti,SINGLE_SELECT,false,false,false,true,true,false,false,,2,Yok;6 Ay;12 Ay;24 Ay,plan,generic
Ev Aletleri › Beyaz Eşya › İklimlendirme › Kombi,Renk,renk,COLOR,false,true,true,true,true,false,true,,1,Siyah;Beyaz;Gri;Mavi;Kırmızı;Diğer,plan,generic plan — refine per leaf in FAZ A
Ev Aletleri › Beyaz Eşya › İklimlendirme › Kombi,Garanti,garanti,SINGLE_SELECT,false,false,false,true,true,false,false,,2,Yok;6 Ay;12 Ay;24 Ay,plan,generic
Ev Aletleri › Beyaz Eşya › İklimlendirme › Şofben,Renk,renk,COLOR,false,true,true,true,true,false,true,,1,Siyah;Beyaz;Gri;Mavi;Kırmızı;Diğer,plan,generic plan — refine per leaf in FAZ A
Ev Aletleri › Beyaz Eşya › İklimlendirme › Şofben,Garanti,garanti,SINGLE_SELECT,false,false,false,true,true,false,false,,2,Yok;6 Ay;12 Ay;24 Ay,plan,generic
Ev Aletleri › Beyaz Eşya › İklimlendirme › Termosifon,Renk,renk,COLOR,false,true,true,true,true,false,true,,1,Siyah;Beyaz;Gri;Mavi;Kırmızı;Diğer,plan,generic plan — refine per leaf in FAZ A
Ev Aletleri › Beyaz Eşya › İklimlendirme › Termosifon,Garanti,garanti,SINGLE_SELECT,false,false,false,true,true,false,false,,2,Yok;6 Ay;12 Ay;24 Ay,plan,generic
Ev Aletleri › Küçük Ev Aletleri › Temizlik › Robot Süpürge,Renk,renk,COLOR,false,true,true,true,true,false,true,,1,Siyah;Beyaz;Gri;Mavi;Kırmızı;Diğer,plan,generic plan — refine per leaf in FAZ A
Ev Aletleri › Küçük Ev Aletleri › Temizlik › Robot Süpürge,Garanti,garanti,SINGLE_SELECT,false,false,false,true,true,false,false,,2,Yok;6 Ay;12 Ay;24 Ay,plan,generic
Ev Aletleri › Küçük Ev Aletleri › Temizlik › Dikey Süpürge,Renk,renk,COLOR,false,true,true,true,true,false,true,,1,Siyah;Beyaz;Gri;Mavi;Kırmızı;Diğer,plan,generic plan — refine per leaf in FAZ A
Ev Aletleri › Küçük Ev Aletleri › Temizlik › Dikey Süpürge,Garanti,garanti,SINGLE_SELECT,false,false,false,true,true,false,false,,2,Yok;6 Ay;12 Ay;24 Ay,plan,generic
Ev Aletleri › Küçük Ev Aletleri › Temizlik › Toz Torbalı Süpürge,Renk,renk,COLOR,false,true,true,true,true,false,true,,1,Siyah;Beyaz;Gri;Mavi;Kırmızı;Diğer,plan,generic plan — refine per leaf in FAZ A
Ev Aletleri › Küçük Ev Aletleri › Temizlik › Toz Torbalı Süpürge,Garanti,garanti,SINGLE_SELECT,false,false,false,true,true,false,false,,2,Yok;6 Ay;12 Ay;24 Ay,plan,generic
Ev Aletleri › Küçük Ev Aletleri › Temizlik › Toz Torbasız Süpürge,Renk,renk,COLOR,false,true,true,true,true,false,true,,1,Siyah;Beyaz;Gri;Mavi;Kırmızı;Diğer,plan,generic plan — refine per leaf in FAZ A
Ev Aletleri › Küçük Ev Aletleri › Temizlik › Toz Torbasız Süpürge,Garanti,garanti,SINGLE_SELECT,false,false,false,true,true,false,false,,2,Yok;6 Ay;12 Ay;24 Ay,plan,generic
Ev Aletleri › Küçük Ev Aletleri › Temizlik › Islak-Kuru Süpürge,Renk,renk,COLOR,false,true,true,true,true,false,true,,1,Siyah;Beyaz;Gri;Mavi;Kırmızı;Diğer,plan,generic plan — refine per leaf in FAZ A
Ev Aletleri › Küçük Ev Aletleri › Temizlik › Islak-Kuru Süpürge,Garanti,garanti,SINGLE_SELECT,false,false,false,true,true,false,false,,2,Yok;6 Ay;12 Ay;24 Ay,plan,generic
Ev Aletleri › Küçük Ev Aletleri › Temizlik › Buharlı Temizleyici,Renk,renk,COLOR,false,true,true,true,true,false,true,,1,Siyah;Beyaz;Gri;Mavi;Kırmızı;Diğer,plan,generic plan — refine per leaf in FAZ A
Ev Aletleri › Küçük Ev Aletleri › Temizlik › Buharlı Temizleyici,Garanti,garanti,SINGLE_SELECT,false,false,false,true,true,false,false,,2,Yok;6 Ay;12 Ay;24 Ay,plan,generic
Ev Aletleri › Küçük Ev Aletleri › Temizlik › Halı Yıkama Makinesi,Renk,renk,COLOR,false,true,true,true,true,false,true,,1,Siyah;Beyaz;Gri;Mavi;Kırmızı;Diğer,plan,generic plan — refine per leaf in FAZ A
Ev Aletleri › Küçük Ev Aletleri › Temizlik › Halı Yıkama Makinesi,Garanti,garanti,SINGLE_SELECT,false,false,false,true,true,false,false,,2,Yok;6 Ay;12 Ay;24 Ay,plan,generic
Ev Aletleri › Küçük Ev Aletleri › Temizlik › Cam Temizleme Robotu,Renk,renk,COLOR,false,true,true,true,true,false,true,,1,Siyah;Beyaz;Gri;Mavi;Kırmızı;Diğer,plan,generic plan — refine per leaf in FAZ A
Ev Aletleri › Küçük Ev Aletleri › Temizlik › Cam Temizleme Robotu,Garanti,garanti,SINGLE_SELECT,false,false,false,true,true,false,false,,2,Yok;6 Ay;12 Ay;24 Ay,plan,generic
Ev Aletleri › Küçük Ev Aletleri › Ütü ve Dikiş › Buharlı Ütü,Renk,renk,COLOR,false,true,true,true,true,false,true,,1,Siyah;Beyaz;Gri;Mavi;Kırmızı;Diğer,plan,generic plan — refine per leaf in FAZ A
Ev Aletleri › Küçük Ev Aletleri › Ütü ve Dikiş › Buharlı Ütü,Garanti,garanti,SINGLE_SELECT,false,false,false,true,true,false,false,,2,Yok;6 Ay;12 Ay;24 Ay,plan,generic
Ev Aletleri › Küçük Ev Aletleri › Ütü ve Dikiş › Kazanlı Ütü,Renk,renk,COLOR,false,true,true,true,true,false,true,,1,Siyah;Beyaz;Gri;Mavi;Kırmızı;Diğer,plan,generic plan — refine per leaf in FAZ A
Ev Aletleri › Küçük Ev Aletleri › Ütü ve Dikiş › Kazanlı Ütü,Garanti,garanti,SINGLE_SELECT,false,false,false,true,true,false,false,,2,Yok;6 Ay;12 Ay;24 Ay,plan,generic
Ev Aletleri › Küçük Ev Aletleri › Ütü ve Dikiş › Dikey Ütü,Renk,renk,COLOR,false,true,true,true,true,false,true,,1,Siyah;Beyaz;Gri;Mavi;Kırmızı;Diğer,plan,generic plan — refine per leaf in FAZ A
Ev Aletleri › Küçük Ev Aletleri › Ütü ve Dikiş › Dikey Ütü,Garanti,garanti,SINGLE_SELECT,false,false,false,true,true,false,false,,2,Yok;6 Ay;12 Ay;24 Ay,plan,generic
Ev Aletleri › Küçük Ev Aletleri › Ütü ve Dikiş › Ütü Masası,Renk,renk,COLOR,false,true,true,true,true,false,true,,1,Siyah;Beyaz;Gri;Mavi;Kırmızı;Diğer,plan,generic plan — refine per leaf in FAZ A
Ev Aletleri › Küçük Ev Aletleri › Ütü ve Dikiş › Ütü Masası,Garanti,garanti,SINGLE_SELECT,false,false,false,true,true,false,false,,2,Yok;6 Ay;12 Ay;24 Ay,plan,generic
Ev Aletleri › Küçük Ev Aletleri › Ütü ve Dikiş › Dikiş Makinesi,Renk,renk,COLOR,false,true,true,true,true,false,true,,1,Siyah;Beyaz;Gri;Mavi;Kırmızı;Diğer,plan,generic plan — refine per leaf in FAZ A
Ev Aletleri › Küçük Ev Aletleri › Ütü ve Dikiş › Dikiş Makinesi,Garanti,garanti,SINGLE_SELECT,false,false,false,true,true,false,false,,2,Yok;6 Ay;12 Ay;24 Ay,plan,generic
Ev Aletleri › Küçük Ev Aletleri › Ütü ve Dikiş › Overlok Makinesi,Renk,renk,COLOR,false,true,true,true,true,false,true,,1,Siyah;Beyaz;Gri;Mavi;Kırmızı;Diğer,plan,generic plan — refine per leaf in FAZ A
Ev Aletleri › Küçük Ev Aletleri › Ütü ve Dikiş › Overlok Makinesi,Garanti,garanti,SINGLE_SELECT,false,false,false,true,true,false,false,,2,Yok;6 Ay;12 Ay;24 Ay,plan,generic
Ev Aletleri › Küçük Ev Aletleri › Hava Kalitesi › Hava Temizleyici,Renk,renk,COLOR,false,true,true,true,true,false,true,,1,Siyah;Beyaz;Gri;Mavi;Kırmızı;Diğer,plan,generic plan — refine per leaf in FAZ A
Ev Aletleri › Küçük Ev Aletleri › Hava Kalitesi › Hava Temizleyici,Garanti,garanti,SINGLE_SELECT,false,false,false,true,true,false,false,,2,Yok;6 Ay;12 Ay;24 Ay,plan,generic
Ev Aletleri › Küçük Ev Aletleri › Hava Kalitesi › Nem Alma Cihazı,Renk,renk,COLOR,false,true,true,true,true,false,true,,1,Siyah;Beyaz;Gri;Mavi;Kırmızı;Diğer,plan,generic plan — refine per leaf in FAZ A
Ev Aletleri › Küçük Ev Aletleri › Hava Kalitesi › Nem Alma Cihazı,Garanti,garanti,SINGLE_SELECT,false,false,false,true,true,false,false,,2,Yok;6 Ay;12 Ay;24 Ay,plan,generic
Ev Aletleri › Küçük Ev Aletleri › Hava Kalitesi › Nemlendirici,Renk,renk,COLOR,false,true,true,true,true,false,true,,1,Siyah;Beyaz;Gri;Mavi;Kırmızı;Diğer,plan,generic plan — refine per leaf in FAZ A
Ev Aletleri › Küçük Ev Aletleri › Hava Kalitesi › Nemlendirici,Garanti,garanti,SINGLE_SELECT,false,false,false,true,true,false,false,,2,Yok;6 Ay;12 Ay;24 Ay,plan,generic
Ev Aletleri › Küçük Ev Aletleri › Hava Kalitesi › Ozon Cihazı,Renk,renk,COLOR,false,true,true,true,true,false,true,,1,Siyah;Beyaz;Gri;Mavi;Kırmızı;Diğer,plan,generic plan — refine per leaf in FAZ A
Ev Aletleri › Küçük Ev Aletleri › Hava Kalitesi › Ozon Cihazı,Garanti,garanti,SINGLE_SELECT,false,false,false,true,true,false,false,,2,Yok;6 Ay;12 Ay;24 Ay,plan,generic
Ev Aletleri › Küçük Ev Aletleri › Kişisel Konfor › Elektrikli Battaniye,Renk,renk,COLOR,false,true,true,true,true,false,true,,1,Siyah;Beyaz;Gri;Mavi;Kırmızı;Diğer,plan,generic plan — refine per leaf in FAZ A
Ev Aletleri › Küçük Ev Aletleri › Kişisel Konfor › Elektrikli Battaniye,Garanti,garanti,SINGLE_SELECT,false,false,false,true,true,false,false,,2,Yok;6 Ay;12 Ay;24 Ay,plan,generic
Ev Aletleri › Küçük Ev Aletleri › Kişisel Konfor › Ayak Isıtıcı,Renk,renk,COLOR,false,true,true,true,true,false,true,,1,Siyah;Beyaz;Gri;Mavi;Kırmızı;Diğer,plan,generic plan — refine per leaf in FAZ A
Ev Aletleri › Küçük Ev Aletleri › Kişisel Konfor › Ayak Isıtıcı,Garanti,garanti,SINGLE_SELECT,false,false,false,true,true,false,false,,2,Yok;6 Ay;12 Ay;24 Ay,plan,generic
Ev Aletleri › Küçük Ev Aletleri › Kişisel Konfor › Elektrikli Soba,Renk,renk,COLOR,false,true,true,true,true,false,true,,1,Siyah;Beyaz;Gri;Mavi;Kırmızı;Diğer,plan,generic plan — refine per leaf in FAZ A
Ev Aletleri › Küçük Ev Aletleri › Kişisel Konfor › Elektrikli Soba,Garanti,garanti,SINGLE_SELECT,false,false,false,true,true,false,false,,2,Yok;6 Ay;12 Ay;24 Ay,plan,generic
Ev Aletleri › Küçük Ev Aletleri › Kişisel Konfor › Sinekkapan Cihazı,Renk,renk,COLOR,false,true,true,true,true,false,true,,1,Siyah;Beyaz;Gri;Mavi;Kırmızı;Diğer,plan,generic plan — refine per leaf in FAZ A
Ev Aletleri › Küçük Ev Aletleri › Kişisel Konfor › Sinekkapan Cihazı,Garanti,garanti,SINGLE_SELECT,false,false,false,true,true,false,false,,2,Yok;6 Ay;12 Ay;24 Ay,plan,generic
Mutfak ve Sofra › Pişirme › Elektrikli Pişirme › Airfryer,Renk,renk,COLOR,false,true,true,true,true,false,true,,1,Siyah;Beyaz;Gri;Mavi;Kırmızı;Diğer,plan,generic plan — refine per leaf in FAZ A
Mutfak ve Sofra › Pişirme › Elektrikli Pişirme › Airfryer,Garanti,garanti,SINGLE_SELECT,false,false,false,true,true,false,false,,2,Yok;6 Ay;12 Ay;24 Ay,plan,generic
Mutfak ve Sofra › Pişirme › Elektrikli Pişirme › Mini Fırın,Renk,renk,COLOR,false,true,true,true,true,false,true,,1,Siyah;Beyaz;Gri;Mavi;Kırmızı;Diğer,plan,generic plan — refine per leaf in FAZ A
Mutfak ve Sofra › Pişirme › Elektrikli Pişirme › Mini Fırın,Garanti,garanti,SINGLE_SELECT,false,false,false,true,true,false,false,,2,Yok;6 Ay;12 Ay;24 Ay,plan,generic
Mutfak ve Sofra › Pişirme › Elektrikli Pişirme › Elektrikli Izgara,Renk,renk,COLOR,false,true,true,true,true,false,true,,1,Siyah;Beyaz;Gri;Mavi;Kırmızı;Diğer,plan,generic plan — refine per leaf in FAZ A
Mutfak ve Sofra › Pişirme › Elektrikli Pişirme › Elektrikli Izgara,Garanti,garanti,SINGLE_SELECT,false,false,false,true,true,false,false,,2,Yok;6 Ay;12 Ay;24 Ay,plan,generic
Mutfak ve Sofra › Pişirme › Elektrikli Pişirme › Tost Makinesi,Renk,renk,COLOR,false,true,true,true,true,false,true,,1,Siyah;Beyaz;Gri;Mavi;Kırmızı;Diğer,plan,generic plan — refine per leaf in FAZ A
Mutfak ve Sofra › Pişirme › Elektrikli Pişirme › Tost Makinesi,Garanti,garanti,SINGLE_SELECT,false,false,false,true,true,false,false,,2,Yok;6 Ay;12 Ay;24 Ay,plan,generic
Mutfak ve Sofra › Pişirme › Elektrikli Pişirme › Waffle Makinesi,Renk,renk,COLOR,false,true,true,true,true,false,true,,1,Siyah;Beyaz;Gri;Mavi;Kırmızı;Diğer,plan,generic plan — refine per leaf in FAZ A
Mutfak ve Sofra › Pişirme › Elektrikli Pişirme › Waffle Makinesi,Garanti,garanti,SINGLE_SELECT,false,false,false,true,true,false,false,,2,Yok;6 Ay;12 Ay;24 Ay,plan,generic
Mutfak ve Sofra › Pişirme › Elektrikli Pişirme › Krep Makinesi,Renk,renk,COLOR,false,true,true,true,true,false,true,,1,Siyah;Beyaz;Gri;Mavi;Kırmızı;Diğer,plan,generic plan — refine per leaf in FAZ A
Mutfak ve Sofra › Pişirme › Elektrikli Pişirme › Krep Makinesi,Garanti,garanti,SINGLE_SELECT,false,false,false,true,true,false,false,,2,Yok;6 Ay;12 Ay;24 Ay,plan,generic
Mutfak ve Sofra › Pişirme › Elektrikli Pişirme › Ekmek Yapma Makinesi,Renk,renk,COLOR,false,true,true,true,true,false,true,,1,Siyah;Beyaz;Gri;Mavi;Kırmızı;Diğer,plan,generic plan — refine per leaf in FAZ A
Mutfak ve Sofra › Pişirme › Elektrikli Pişirme › Ekmek Yapma Makinesi,Garanti,garanti,SINGLE_SELECT,false,false,false,true,true,false,false,,2,Yok;6 Ay;12 Ay;24 Ay,plan,generic
Mutfak ve Sofra › Pişirme › Elektrikli Pişirme › Yoğurt Makinesi,Renk,renk,COLOR,false,true,true,true,true,false,true,,1,Siyah;Beyaz;Gri;Mavi;Kırmızı;Diğer,plan,generic plan — refine per leaf in FAZ A
Mutfak ve Sofra › Pişirme › Elektrikli Pişirme › Yoğurt Makinesi,Garanti,garanti,SINGLE_SELECT,false,false,false,true,true,false,false,,2,Yok;6 Ay;12 Ay;24 Ay,plan,generic
Mutfak ve Sofra › Pişirme › Tencere ve Tavalar › Tencere,Renk,renk,COLOR,false,true,true,true,true,false,true,,1,Siyah;Beyaz;Gri;Mavi;Kırmızı;Diğer,plan,generic plan — refine per leaf in FAZ A
Mutfak ve Sofra › Pişirme › Tencere ve Tavalar › Tencere,Garanti,garanti,SINGLE_SELECT,false,false,false,true,true,false,false,,2,Yok;6 Ay;12 Ay;24 Ay,plan,generic
Mutfak ve Sofra › Pişirme › Tencere ve Tavalar › Tencere Seti,Renk,renk,COLOR,false,true,true,true,true,false,true,,1,Siyah;Beyaz;Gri;Mavi;Kırmızı;Diğer,plan,generic plan — refine per leaf in FAZ A
Mutfak ve Sofra › Pişirme › Tencere ve Tavalar › Tencere Seti,Garanti,garanti,SINGLE_SELECT,false,false,false,true,true,false,false,,2,Yok;6 Ay;12 Ay;24 Ay,plan,generic
Mutfak ve Sofra › Pişirme › Tencere ve Tavalar › Tava,Renk,renk,COLOR,false,true,true,true,true,false,true,,1,Siyah;Beyaz;Gri;Mavi;Kırmızı;Diğer,plan,generic plan — refine per leaf in FAZ A
Mutfak ve Sofra › Pişirme › Tencere ve Tavalar › Tava,Garanti,garanti,SINGLE_SELECT,false,false,false,true,true,false,false,,2,Yok;6 Ay;12 Ay;24 Ay,plan,generic
Mutfak ve Sofra › Pişirme › Tencere ve Tavalar › Döküm Tencere,Renk,renk,COLOR,false,true,true,true,true,false,true,,1,Siyah;Beyaz;Gri;Mavi;Kırmızı;Diğer,plan,generic plan — refine per leaf in FAZ A
Mutfak ve Sofra › Pişirme › Tencere ve Tavalar › Döküm Tencere,Garanti,garanti,SINGLE_SELECT,false,false,false,true,true,false,false,,2,Yok;6 Ay;12 Ay;24 Ay,plan,generic
Mutfak ve Sofra › Pişirme › Tencere ve Tavalar › Döküm Tava,Renk,renk,COLOR,false,true,true,true,true,false,true,,1,Siyah;Beyaz;Gri;Mavi;Kırmızı;Diğer,plan,generic plan — refine per leaf in FAZ A
Mutfak ve Sofra › Pişirme › Tencere ve Tavalar › Döküm Tava,Garanti,garanti,SINGLE_SELECT,false,false,false,true,true,false,false,,2,Yok;6 Ay;12 Ay;24 Ay,plan,generic
Mutfak ve Sofra › Pişirme › Tencere ve Tavalar › Düdüklü Tencere,Renk,renk,COLOR,false,true,true,true,true,false,true,,1,Siyah;Beyaz;Gri;Mavi;Kırmızı;Diğer,plan,generic plan — refine per leaf in FAZ A
Mutfak ve Sofra › Pişirme › Tencere ve Tavalar › Düdüklü Tencere,Garanti,garanti,SINGLE_SELECT,false,false,false,true,true,false,false,,2,Yok;6 Ay;12 Ay;24 Ay,plan,generic
Mutfak ve Sofra › Pişirme › Tencere ve Tavalar › Sahan,Renk,renk,COLOR,false,true,true,true,true,false,true,,1,Siyah;Beyaz;Gri;Mavi;Kırmızı;Diğer,plan,generic plan — refine per leaf in FAZ A
Mutfak ve Sofra › Pişirme › Tencere ve Tavalar › Sahan,Garanti,garanti,SINGLE_SELECT,false,false,false,true,true,false,false,,2,Yok;6 Ay;12 Ay;24 Ay,plan,generic
Mutfak ve Sofra › Pişirme › Tencere ve Tavalar › Wok Tava,Renk,renk,COLOR,false,true,true,true,true,false,true,,1,Siyah;Beyaz;Gri;Mavi;Kırmızı;Diğer,plan,generic plan — refine per leaf in FAZ A
Mutfak ve Sofra › Pişirme › Tencere ve Tavalar › Wok Tava,Garanti,garanti,SINGLE_SELECT,false,false,false,true,true,false,false,,2,Yok;6 Ay;12 Ay;24 Ay,plan,generic
Mutfak ve Sofra › Pişirme › Fırın Gereçleri › Fırın Tepsisi,Renk,renk,COLOR,false,true,true,true,true,false,true,,1,Siyah;Beyaz;Gri;Mavi;Kırmızı;Diğer,plan,generic plan — refine per leaf in FAZ A
Mutfak ve Sofra › Pişirme › Fırın Gereçleri › Fırın Tepsisi,Garanti,garanti,SINGLE_SELECT,false,false,false,true,true,false,false,,2,Yok;6 Ay;12 Ay;24 Ay,plan,generic
Mutfak ve Sofra › Pişirme › Fırın Gereçleri › Kek Kalıbı,Renk,renk,COLOR,false,true,true,true,true,false,true,,1,Siyah;Beyaz;Gri;Mavi;Kırmızı;Diğer,plan,generic plan — refine per leaf in FAZ A
Mutfak ve Sofra › Pişirme › Fırın Gereçleri › Kek Kalıbı,Garanti,garanti,SINGLE_SELECT,false,false,false,true,true,false,false,,2,Yok;6 Ay;12 Ay;24 Ay,plan,generic
Mutfak ve Sofra › Pişirme › Fırın Gereçleri › Borcam ve Fırın Kabı,Renk,renk,COLOR,false,true,true,true,true,false,true,,1,Siyah;Beyaz;Gri;Mavi;Kırmızı;Diğer,plan,generic plan — refine per leaf in FAZ A
Mutfak ve Sofra › Pişirme › Fırın Gereçleri › Borcam ve Fırın Kabı,Garanti,garanti,SINGLE_SELECT,false,false,false,true,true,false,false,,2,Yok;6 Ay;12 Ay;24 Ay,plan,generic
Mutfak ve Sofra › Pişirme › Fırın Gereçleri › Silikon Kalıp,Renk,renk,COLOR,false,true,true,true,true,false,true,,1,Siyah;Beyaz;Gri;Mavi;Kırmızı;Diğer,plan,generic plan — refine per leaf in FAZ A
Mutfak ve Sofra › Pişirme › Fırın Gereçleri › Silikon Kalıp,Garanti,garanti,SINGLE_SELECT,false,false,false,true,true,false,false,,2,Yok;6 Ay;12 Ay;24 Ay,plan,generic
Mutfak ve Sofra › Pişirme › Fırın Gereçleri › Pişirme Kağıdı ve Mat,Renk,renk,COLOR,false,true,true,true,true,false,true,,1,Siyah;Beyaz;Gri;Mavi;Kırmızı;Diğer,plan,generic plan — refine per leaf in FAZ A
Mutfak ve Sofra › Pişirme › Fırın Gereçleri › Pişirme Kağıdı ve Mat,Garanti,garanti,SINGLE_SELECT,false,false,false,true,true,false,false,,2,Yok;6 Ay;12 Ay;24 Ay,plan,generic
Mutfak ve Sofra › Hazırlık › Mutfak Robotları › Mutfak Robotu,Renk,renk,COLOR,false,true,true,true,true,false,true,,1,Siyah;Beyaz;Gri;Mavi;Kırmızı;Diğer,plan,generic plan — refine per leaf in FAZ A
Mutfak ve Sofra › Hazırlık › Mutfak Robotları › Mutfak Robotu,Garanti,garanti,SINGLE_SELECT,false,false,false,true,true,false,false,,2,Yok;6 Ay;12 Ay;24 Ay,plan,generic
Mutfak ve Sofra › Hazırlık › Mutfak Robotları › Blender,Renk,renk,COLOR,false,true,true,true,true,false,true,,1,Siyah;Beyaz;Gri;Mavi;Kırmızı;Diğer,plan,generic plan — refine per leaf in FAZ A
Mutfak ve Sofra › Hazırlık › Mutfak Robotları › Blender,Garanti,garanti,SINGLE_SELECT,false,false,false,true,true,false,false,,2,Yok;6 Ay;12 Ay;24 Ay,plan,generic
Mutfak ve Sofra › Hazırlık › Mutfak Robotları › El Blenderı,Renk,renk,COLOR,false,true,true,true,true,false,true,,1,Siyah;Beyaz;Gri;Mavi;Kırmızı;Diğer,plan,generic plan — refine per leaf in FAZ A
Mutfak ve Sofra › Hazırlık › Mutfak Robotları › El Blenderı,Garanti,garanti,SINGLE_SELECT,false,false,false,true,true,false,false,,2,Yok;6 Ay;12 Ay;24 Ay,plan,generic
Mutfak ve Sofra › Hazırlık › Mutfak Robotları › Mikser,Renk,renk,COLOR,false,true,true,true,true,false,true,,1,Siyah;Beyaz;Gri;Mavi;Kırmızı;Diğer,plan,generic plan — refine per leaf in FAZ A
Mutfak ve Sofra › Hazırlık › Mutfak Robotları › Mikser,Garanti,garanti,SINGLE_SELECT,false,false,false,true,true,false,false,,2,Yok;6 Ay;12 Ay;24 Ay,plan,generic
Mutfak ve Sofra › Hazırlık › Mutfak Robotları › Doğrayıcı,Renk,renk,COLOR,false,true,true,true,true,false,true,,1,Siyah;Beyaz;Gri;Mavi;Kırmızı;Diğer,plan,generic plan — refine per leaf in FAZ A
Mutfak ve Sofra › Hazırlık › Mutfak Robotları › Doğrayıcı,Garanti,garanti,SINGLE_SELECT,false,false,false,true,true,false,false,,2,Yok;6 Ay;12 Ay;24 Ay,plan,generic
Mutfak ve Sofra › Hazırlık › Mutfak Robotları › Rondo,Renk,renk,COLOR,false,true,true,true,true,false,true,,1,Siyah;Beyaz;Gri;Mavi;Kırmızı;Diğer,plan,generic plan — refine per leaf in FAZ A
Mutfak ve Sofra › Hazırlık › Mutfak Robotları › Rondo,Garanti,garanti,SINGLE_SELECT,false,false,false,true,true,false,false,,2,Yok;6 Ay;12 Ay;24 Ay,plan,generic
Mutfak ve Sofra › Hazırlık › Mutfak Robotları › Hamur Yoğurma Makinesi,Renk,renk,COLOR,false,true,true,true,true,false,true,,1,Siyah;Beyaz;Gri;Mavi;Kırmızı;Diğer,plan,generic plan — refine per leaf in FAZ A
Mutfak ve Sofra › Hazırlık › Mutfak Robotları › Hamur Yoğurma Makinesi,Garanti,garanti,SINGLE_SELECT,false,false,false,true,true,false,false,,2,Yok;6 Ay;12 Ay;24 Ay,plan,generic
Mutfak ve Sofra › Hazırlık › Kesme ve Doğrama › Bıçak,Renk,renk,COLOR,false,true,true,true,true,false,true,,1,Siyah;Beyaz;Gri;Mavi;Kırmızı;Diğer,plan,generic plan — refine per leaf in FAZ A
Mutfak ve Sofra › Hazırlık › Kesme ve Doğrama › Bıçak,Garanti,garanti,SINGLE_SELECT,false,false,false,true,true,false,false,,2,Yok;6 Ay;12 Ay;24 Ay,plan,generic
Mutfak ve Sofra › Hazırlık › Kesme ve Doğrama › Bıçak Seti,Renk,renk,COLOR,false,true,true,true,true,false,true,,1,Siyah;Beyaz;Gri;Mavi;Kırmızı;Diğer,plan,generic plan — refine per leaf in FAZ A
Mutfak ve Sofra › Hazırlık › Kesme ve Doğrama › Bıçak Seti,Garanti,garanti,SINGLE_SELECT,false,false,false,true,true,false,false,,2,Yok;6 Ay;12 Ay;24 Ay,plan,generic
Mutfak ve Sofra › Hazırlık › Kesme ve Doğrama › Kesme Tahtası,Renk,renk,COLOR,false,true,true,true,true,false,true,,1,Siyah;Beyaz;Gri;Mavi;Kırmızı;Diğer,plan,generic plan — refine per leaf in FAZ A
Mutfak ve Sofra › Hazırlık › Kesme ve Doğrama › Kesme Tahtası,Garanti,garanti,SINGLE_SELECT,false,false,false,true,true,false,false,,2,Yok;6 Ay;12 Ay;24 Ay,plan,generic
Mutfak ve Sofra › Hazırlık › Kesme ve Doğrama › Rende,Renk,renk,COLOR,false,true,true,true,true,false,true,,1,Siyah;Beyaz;Gri;Mavi;Kırmızı;Diğer,plan,generic plan — refine per leaf in FAZ A
Mutfak ve Sofra › Hazırlık › Kesme ve Doğrama › Rende,Garanti,garanti,SINGLE_SELECT,false,false,false,true,true,false,false,,2,Yok;6 Ay;12 Ay;24 Ay,plan,generic
Mutfak ve Sofra › Hazırlık › Kesme ve Doğrama › Soyacak,Renk,renk,COLOR,false,true,true,true,true,false,true,,1,Siyah;Beyaz;Gri;Mavi;Kırmızı;Diğer,plan,generic plan — refine per leaf in FAZ A
Mutfak ve Sofra › Hazırlık › Kesme ve Doğrama › Soyacak,Garanti,garanti,SINGLE_SELECT,false,false,false,true,true,false,false,,2,Yok;6 Ay;12 Ay;24 Ay,plan,generic
Mutfak ve Sofra › Hazırlık › Kesme ve Doğrama › Mutfak Makası,Renk,renk,COLOR,false,true,true,true,true,false,true,,1,Siyah;Beyaz;Gri;Mavi;Kırmızı;Diğer,plan,generic plan — refine per leaf in FAZ A
Mutfak ve Sofra › Hazırlık › Kesme ve Doğrama › Mutfak Makası,Garanti,garanti,SINGLE_SELECT,false,false,false,true,true,false,false,,2,Yok;6 Ay;12 Ay;24 Ay,plan,generic
Mutfak ve Sofra › Hazırlık › Kesme ve Doğrama › Bileme Aleti,Renk,renk,COLOR,false,true,true,true,true,false,true,,1,Siyah;Beyaz;Gri;Mavi;Kırmızı;Diğer,plan,generic plan — refine per leaf in FAZ A
Mutfak ve Sofra › Hazırlık › Kesme ve Doğrama › Bileme Aleti,Garanti,garanti,SINGLE_SELECT,false,false,false,true,true,false,false,,2,Yok;6 Ay;12 Ay;24 Ay,plan,generic
Mutfak ve Sofra › Hazırlık › Ölçme ve Yardımcılar › Mutfak Tartısı,Renk,renk,COLOR,false,true,true,true,true,false,true,,1,Siyah;Beyaz;Gri;Mavi;Kırmızı;Diğer,plan,generic plan — refine per leaf in FAZ A
Mutfak ve Sofra › Hazırlık › Ölçme ve Yardımcılar › Mutfak Tartısı,Garanti,garanti,SINGLE_SELECT,false,false,false,true,true,false,false,,2,Yok;6 Ay;12 Ay;24 Ay,plan,generic
Mutfak ve Sofra › Hazırlık › Ölçme ve Yardımcılar › Ölçü Kabı,Renk,renk,COLOR,false,true,true,true,true,false,true,,1,Siyah;Beyaz;Gri;Mavi;Kırmızı;Diğer,plan,generic plan — refine per leaf in FAZ A
Mutfak ve Sofra › Hazırlık › Ölçme ve Yardımcılar › Ölçü Kabı,Garanti,garanti,SINGLE_SELECT,false,false,false,true,true,false,false,,2,Yok;6 Ay;12 Ay;24 Ay,plan,generic
Mutfak ve Sofra › Hazırlık › Ölçme ve Yardımcılar › Termometre,Renk,renk,COLOR,false,true,true,true,true,false,true,,1,Siyah;Beyaz;Gri;Mavi;Kırmızı;Diğer,plan,generic plan — refine per leaf in FAZ A
Mutfak ve Sofra › Hazırlık › Ölçme ve Yardımcılar › Termometre,Garanti,garanti,SINGLE_SELECT,false,false,false,true,true,false,false,,2,Yok;6 Ay;12 Ay;24 Ay,plan,generic
Mutfak ve Sofra › Hazırlık › Ölçme ve Yardımcılar › Süzgeç,Renk,renk,COLOR,false,true,true,true,true,false,true,,1,Siyah;Beyaz;Gri;Mavi;Kırmızı;Diğer,plan,generic plan — refine per leaf in FAZ A
Mutfak ve Sofra › Hazırlık › Ölçme ve Yardımcılar › Süzgeç,Garanti,garanti,SINGLE_SELECT,false,false,false,true,true,false,false,,2,Yok;6 Ay;12 Ay;24 Ay,plan,generic
Mutfak ve Sofra › Hazırlık › Ölçme ve Yardımcılar › Kevgir,Renk,renk,COLOR,false,true,true,true,true,false,true,,1,Siyah;Beyaz;Gri;Mavi;Kırmızı;Diğer,plan,generic plan — refine per leaf in FAZ A
Mutfak ve Sofra › Hazırlık › Ölçme ve Yardımcılar › Kevgir,Garanti,garanti,SINGLE_SELECT,false,false,false,true,true,false,false,,2,Yok;6 Ay;12 Ay;24 Ay,plan,generic
Mutfak ve Sofra › Hazırlık › Ölçme ve Yardımcılar › Huni,Renk,renk,COLOR,false,true,true,true,true,false,true,,1,Siyah;Beyaz;Gri;Mavi;Kırmızı;Diğer,plan,generic plan — refine per leaf in FAZ A
Mutfak ve Sofra › Hazırlık › Ölçme ve Yardımcılar › Huni,Garanti,garanti,SINGLE_SELECT,false,false,false,true,true,false,false,,2,Yok;6 Ay;12 Ay;24 Ay,plan,generic
Mutfak ve Sofra › Hazırlık › Ölçme ve Yardımcılar › Spatula,Renk,renk,COLOR,false,true,true,true,true,false,true,,1,Siyah;Beyaz;Gri;Mavi;Kırmızı;Diğer,plan,generic plan — refine per leaf in FAZ A
Mutfak ve Sofra › Hazırlık › Ölçme ve Yardımcılar › Spatula,Garanti,garanti,SINGLE_SELECT,false,false,false,true,true,false,false,,2,Yok;6 Ay;12 Ay;24 Ay,plan,generic
Mutfak ve Sofra › Hazırlık › Ölçme ve Yardımcılar › Maşa,Renk,renk,COLOR,false,true,true,true,true,false,true,,1,Siyah;Beyaz;Gri;Mavi;Kırmızı;Diğer,plan,generic plan — refine per leaf in FAZ A
Mutfak ve Sofra › Hazırlık › Ölçme ve Yardımcılar › Maşa,Garanti,garanti,SINGLE_SELECT,false,false,false,true,true,false,false,,2,Yok;6 Ay;12 Ay;24 Ay,plan,generic
Mutfak ve Sofra › Hazırlık › Ölçme ve Yardımcılar › Çırpıcı,Renk,renk,COLOR,false,true,true,true,true,false,true,,1,Siyah;Beyaz;Gri;Mavi;Kırmızı;Diğer,plan,generic plan — refine per leaf in FAZ A
Mutfak ve Sofra › Hazırlık › Ölçme ve Yardımcılar › Çırpıcı,Garanti,garanti,SINGLE_SELECT,false,false,false,true,true,false,false,,2,Yok;6 Ay;12 Ay;24 Ay,plan,generic
Mutfak ve Sofra › İçecek Hazırlama › Kahve › Türk Kahvesi Makinesi,Renk,renk,COLOR,false,true,true,true,true,false,true,,1,Siyah;Beyaz;Gri;Mavi;Kırmızı;Diğer,plan,generic plan — refine per leaf in FAZ A
Mutfak ve Sofra › İçecek Hazırlama › Kahve › Türk Kahvesi Makinesi,Garanti,garanti,SINGLE_SELECT,false,false,false,true,true,false,false,,2,Yok;6 Ay;12 Ay;24 Ay,plan,generic
Mutfak ve Sofra › İçecek Hazırlama › Kahve › Filtre Kahve Makinesi,Renk,renk,COLOR,false,true,true,true,true,false,true,,1,Siyah;Beyaz;Gri;Mavi;Kırmızı;Diğer,plan,generic plan — refine per leaf in FAZ A
Mutfak ve Sofra › İçecek Hazırlama › Kahve › Filtre Kahve Makinesi,Garanti,garanti,SINGLE_SELECT,false,false,false,true,true,false,false,,2,Yok;6 Ay;12 Ay;24 Ay,plan,generic
Mutfak ve Sofra › İçecek Hazırlama › Kahve › Espresso Makinesi,Renk,renk,COLOR,false,true,true,true,true,false,true,,1,Siyah;Beyaz;Gri;Mavi;Kırmızı;Diğer,plan,generic plan — refine per leaf in FAZ A
Mutfak ve Sofra › İçecek Hazırlama › Kahve › Espresso Makinesi,Garanti,garanti,SINGLE_SELECT,false,false,false,true,true,false,false,,2,Yok;6 Ay;12 Ay;24 Ay,plan,generic
Mutfak ve Sofra › İçecek Hazırlama › Kahve › Kapsül Kahve Makinesi,Renk,renk,COLOR,false,true,true,true,true,false,true,,1,Siyah;Beyaz;Gri;Mavi;Kırmızı;Diğer,plan,generic plan — refine per leaf in FAZ A
Mutfak ve Sofra › İçecek Hazırlama › Kahve › Kapsül Kahve Makinesi,Garanti,garanti,SINGLE_SELECT,false,false,false,true,true,false,false,,2,Yok;6 Ay;12 Ay;24 Ay,plan,generic
Mutfak ve Sofra › İçecek Hazırlama › Kahve › Kahve Öğütücü,Renk,renk,COLOR,false,true,true,true,true,false,true,,1,Siyah;Beyaz;Gri;Mavi;Kırmızı;Diğer,plan,generic plan — refine per leaf in FAZ A
Mutfak ve Sofra › İçecek Hazırlama › Kahve › Kahve Öğütücü,Garanti,garanti,SINGLE_SELECT,false,false,false,true,true,false,false,,2,Yok;6 Ay;12 Ay;24 Ay,plan,generic
Mutfak ve Sofra › İçecek Hazırlama › Kahve › French Press,Renk,renk,COLOR,false,true,true,true,true,false,true,,1,Siyah;Beyaz;Gri;Mavi;Kırmızı;Diğer,plan,generic plan — refine per leaf in FAZ A
Mutfak ve Sofra › İçecek Hazırlama › Kahve › French Press,Garanti,garanti,SINGLE_SELECT,false,false,false,true,true,false,false,,2,Yok;6 Ay;12 Ay;24 Ay,plan,generic
Mutfak ve Sofra › İçecek Hazırlama › Kahve › Moka Pot,Renk,renk,COLOR,false,true,true,true,true,false,true,,1,Siyah;Beyaz;Gri;Mavi;Kırmızı;Diğer,plan,generic plan — refine per leaf in FAZ A
Mutfak ve Sofra › İçecek Hazırlama › Kahve › Moka Pot,Garanti,garanti,SINGLE_SELECT,false,false,false,true,true,false,false,,2,Yok;6 Ay;12 Ay;24 Ay,plan,generic
Mutfak ve Sofra › İçecek Hazırlama › Kahve › Kahve Demleme Ekipmanı,Renk,renk,COLOR,false,true,true,true,true,false,true,,1,Siyah;Beyaz;Gri;Mavi;Kırmızı;Diğer,plan,generic plan — refine per leaf in FAZ A
Mutfak ve Sofra › İçecek Hazırlama › Kahve › Kahve Demleme Ekipmanı,Garanti,garanti,SINGLE_SELECT,false,false,false,true,true,false,false,,2,Yok;6 Ay;12 Ay;24 Ay,plan,generic
Mutfak ve Sofra › İçecek Hazırlama › Çay ve Sıcak İçecek › Çay Makinesi,Renk,renk,COLOR,false,true,true,true,true,false,true,,1,Siyah;Beyaz;Gri;Mavi;Kırmızı;Diğer,plan,generic plan — refine per leaf in FAZ A
Mutfak ve Sofra › İçecek Hazırlama › Çay ve Sıcak İçecek › Çay Makinesi,Garanti,garanti,SINGLE_SELECT,false,false,false,true,true,false,false,,2,Yok;6 Ay;12 Ay;24 Ay,plan,generic
Mutfak ve Sofra › İçecek Hazırlama › Çay ve Sıcak İçecek › Su Isıtıcısı,Renk,renk,COLOR,false,true,true,true,true,false,true,,1,Siyah;Beyaz;Gri;Mavi;Kırmızı;Diğer,plan,generic plan — refine per leaf in FAZ A
Mutfak ve Sofra › İçecek Hazırlama › Çay ve Sıcak İçecek › Su Isıtıcısı,Garanti,garanti,SINGLE_SELECT,false,false,false,true,true,false,false,,2,Yok;6 Ay;12 Ay;24 Ay,plan,generic
Mutfak ve Sofra › İçecek Hazırlama › Çay ve Sıcak İçecek › Semaver,Renk,renk,COLOR,false,true,true,true,true,false,true,,1,Siyah;Beyaz;Gri;Mavi;Kırmızı;Diğer,plan,generic plan — refine per leaf in FAZ A
Mutfak ve Sofra › İçecek Hazırlama › Çay ve Sıcak İçecek › Semaver,Garanti,garanti,SINGLE_SELECT,false,false,false,true,true,false,false,,2,Yok;6 Ay;12 Ay;24 Ay,plan,generic
Mutfak ve Sofra › İçecek Hazırlama › Çay ve Sıcak İçecek › Termos,Renk,renk,COLOR,false,true,true,true,true,false,true,,1,Siyah;Beyaz;Gri;Mavi;Kırmızı;Diğer,plan,generic plan — refine per leaf in FAZ A
Mutfak ve Sofra › İçecek Hazırlama › Çay ve Sıcak İçecek › Termos,Garanti,garanti,SINGLE_SELECT,false,false,false,true,true,false,false,,2,Yok;6 Ay;12 Ay;24 Ay,plan,generic
Mutfak ve Sofra › İçecek Hazırlama › Çay ve Sıcak İçecek › Mug ve Termos Bardak,Renk,renk,COLOR,false,true,true,true,true,false,true,,1,Siyah;Beyaz;Gri;Mavi;Kırmızı;Diğer,plan,generic plan — refine per leaf in FAZ A
Mutfak ve Sofra › İçecek Hazırlama › Çay ve Sıcak İçecek › Mug ve Termos Bardak,Garanti,garanti,SINGLE_SELECT,false,false,false,true,true,false,false,,2,Yok;6 Ay;12 Ay;24 Ay,plan,generic
Mutfak ve Sofra › İçecek Hazırlama › Soğuk İçecek › Katı Meyve Sıkacağı,Renk,renk,COLOR,false,true,true,true,true,false,true,,1,Siyah;Beyaz;Gri;Mavi;Kırmızı;Diğer,plan,generic plan — refine per leaf in FAZ A
Mutfak ve Sofra › İçecek Hazırlama › Soğuk İçecek › Katı Meyve Sıkacağı,Garanti,garanti,SINGLE_SELECT,false,false,false,true,true,false,false,,2,Yok;6 Ay;12 Ay;24 Ay,plan,generic
Mutfak ve Sofra › İçecek Hazırlama › Soğuk İçecek › Narenciye Sıkacağı,Renk,renk,COLOR,false,true,true,true,true,false,true,,1,Siyah;Beyaz;Gri;Mavi;Kırmızı;Diğer,plan,generic plan — refine per leaf in FAZ A
Mutfak ve Sofra › İçecek Hazırlama › Soğuk İçecek › Narenciye Sıkacağı,Garanti,garanti,SINGLE_SELECT,false,false,false,true,true,false,false,,2,Yok;6 Ay;12 Ay;24 Ay,plan,generic
Mutfak ve Sofra › İçecek Hazırlama › Soğuk İçecek › Smoothie Blender,Renk,renk,COLOR,false,true,true,true,true,false,true,,1,Siyah;Beyaz;Gri;Mavi;Kırmızı;Diğer,plan,generic plan — refine per leaf in FAZ A
Mutfak ve Sofra › İçecek Hazırlama › Soğuk İçecek › Smoothie Blender,Garanti,garanti,SINGLE_SELECT,false,false,false,true,true,false,false,,2,Yok;6 Ay;12 Ay;24 Ay,plan,generic
Mutfak ve Sofra › İçecek Hazırlama › Soğuk İçecek › Soda Makinesi,Renk,renk,COLOR,false,true,true,true,true,false,true,,1,Siyah;Beyaz;Gri;Mavi;Kırmızı;Diğer,plan,generic plan — refine per leaf in FAZ A
Mutfak ve Sofra › İçecek Hazırlama › Soğuk İçecek › Soda Makinesi,Garanti,garanti,SINGLE_SELECT,false,false,false,true,true,false,false,,2,Yok;6 Ay;12 Ay;24 Ay,plan,generic
Mutfak ve Sofra › İçecek Hazırlama › Soğuk İçecek › Buz Makinesi,Renk,renk,COLOR,false,true,true,true,true,false,true,,1,Siyah;Beyaz;Gri;Mavi;Kırmızı;Diğer,plan,generic plan — refine per leaf in FAZ A
Mutfak ve Sofra › İçecek Hazırlama › Soğuk İçecek › Buz Makinesi,Garanti,garanti,SINGLE_SELECT,false,false,false,true,true,false,false,,2,Yok;6 Ay;12 Ay;24 Ay,plan,generic
Mutfak ve Sofra › Sofra ve Servis › Yemek Takımları › Yemek Takımı,Renk,renk,COLOR,false,true,true,true,true,false,true,,1,Siyah;Beyaz;Gri;Mavi;Kırmızı;Diğer,plan,generic plan — refine per leaf in FAZ A
Mutfak ve Sofra › Sofra ve Servis › Yemek Takımları › Yemek Takımı,Garanti,garanti,SINGLE_SELECT,false,false,false,true,true,false,false,,2,Yok;6 Ay;12 Ay;24 Ay,plan,generic
Mutfak ve Sofra › Sofra ve Servis › Yemek Takımları › Kahvaltı Takımı,Renk,renk,COLOR,false,true,true,true,true,false,true,,1,Siyah;Beyaz;Gri;Mavi;Kırmızı;Diğer,plan,generic plan — refine per leaf in FAZ A
Mutfak ve Sofra › Sofra ve Servis › Yemek Takımları › Kahvaltı Takımı,Garanti,garanti,SINGLE_SELECT,false,false,false,true,true,false,false,,2,Yok;6 Ay;12 Ay;24 Ay,plan,generic
Mutfak ve Sofra › Sofra ve Servis › Yemek Takımları › Çatal-Kaşık-Bıçak Seti,Renk,renk,COLOR,false,true,true,true,true,false,true,,1,Siyah;Beyaz;Gri;Mavi;Kırmızı;Diğer,plan,generic plan — refine per leaf in FAZ A
Mutfak ve Sofra › Sofra ve Servis › Yemek Takımları › Çatal-Kaşık-Bıçak Seti,Garanti,garanti,SINGLE_SELECT,false,false,false,true,true,false,false,,2,Yok;6 Ay;12 Ay;24 Ay,plan,generic
Mutfak ve Sofra › Sofra ve Servis › Yemek Takımları › Servis Tabağı,Renk,renk,COLOR,false,true,true,true,true,false,true,,1,Siyah;Beyaz;Gri;Mavi;Kırmızı;Diğer,plan,generic plan — refine per leaf in FAZ A
Mutfak ve Sofra › Sofra ve Servis › Yemek Takımları › Servis Tabağı,Garanti,garanti,SINGLE_SELECT,false,false,false,true,true,false,false,,2,Yok;6 Ay;12 Ay;24 Ay,plan,generic
Mutfak ve Sofra › Sofra ve Servis › Yemek Takımları › Salata Kasesi,Renk,renk,COLOR,false,true,true,true,true,false,true,,1,Siyah;Beyaz;Gri;Mavi;Kırmızı;Diğer,plan,generic plan — refine per leaf in FAZ A
Mutfak ve Sofra › Sofra ve Servis › Yemek Takımları › Salata Kasesi,Garanti,garanti,SINGLE_SELECT,false,false,false,true,true,false,false,,2,Yok;6 Ay;12 Ay;24 Ay,plan,generic
Mutfak ve Sofra › Sofra ve Servis › Bardak ve Fincan › Su Bardağı,Renk,renk,COLOR,false,true,true,true,true,false,true,,1,Siyah;Beyaz;Gri;Mavi;Kırmızı;Diğer,plan,generic plan — refine per leaf in FAZ A
Mutfak ve Sofra › Sofra ve Servis › Bardak ve Fincan › Su Bardağı,Garanti,garanti,SINGLE_SELECT,false,false,false,true,true,false,false,,2,Yok;6 Ay;12 Ay;24 Ay,plan,generic
Mutfak ve Sofra › Sofra ve Servis › Bardak ve Fincan › Çay Bardağı,Renk,renk,COLOR,false,true,true,true,true,false,true,,1,Siyah;Beyaz;Gri;Mavi;Kırmızı;Diğer,plan,generic plan — refine per leaf in FAZ A
Mutfak ve Sofra › Sofra ve Servis › Bardak ve Fincan › Çay Bardağı,Garanti,garanti,SINGLE_SELECT,false,false,false,true,true,false,false,,2,Yok;6 Ay;12 Ay;24 Ay,plan,generic
Mutfak ve Sofra › Sofra ve Servis › Bardak ve Fincan › Kahve Fincanı,Renk,renk,COLOR,false,true,true,true,true,false,true,,1,Siyah;Beyaz;Gri;Mavi;Kırmızı;Diğer,plan,generic plan — refine per leaf in FAZ A
Mutfak ve Sofra › Sofra ve Servis › Bardak ve Fincan › Kahve Fincanı,Garanti,garanti,SINGLE_SELECT,false,false,false,true,true,false,false,,2,Yok;6 Ay;12 Ay;24 Ay,plan,generic
Mutfak ve Sofra › Sofra ve Servis › Bardak ve Fincan › Kupa,Renk,renk,COLOR,false,true,true,true,true,false,true,,1,Siyah;Beyaz;Gri;Mavi;Kırmızı;Diğer,plan,generic plan — refine per leaf in FAZ A
Mutfak ve Sofra › Sofra ve Servis › Bardak ve Fincan › Kupa,Garanti,garanti,SINGLE_SELECT,false,false,false,true,true,false,false,,2,Yok;6 Ay;12 Ay;24 Ay,plan,generic
Mutfak ve Sofra › Sofra ve Servis › Bardak ve Fincan › Kadeh,Renk,renk,COLOR,false,true,true,true,true,false,true,,1,Siyah;Beyaz;Gri;Mavi;Kırmızı;Diğer,plan,generic plan — refine per leaf in FAZ A
Mutfak ve Sofra › Sofra ve Servis › Bardak ve Fincan › Kadeh,Garanti,garanti,SINGLE_SELECT,false,false,false,true,true,false,false,,2,Yok;6 Ay;12 Ay;24 Ay,plan,generic
Mutfak ve Sofra › Sofra ve Servis › Bardak ve Fincan › Sürahi ve Karaf,Renk,renk,COLOR,false,true,true,true,true,false,true,,1,Siyah;Beyaz;Gri;Mavi;Kırmızı;Diğer,plan,generic plan — refine per leaf in FAZ A
Mutfak ve Sofra › Sofra ve Servis › Bardak ve Fincan › Sürahi ve Karaf,Garanti,garanti,SINGLE_SELECT,false,false,false,true,true,false,false,,2,Yok;6 Ay;12 Ay;24 Ay,plan,generic
Mutfak ve Sofra › Sofra ve Servis › Servis Gereçleri › Tepsi,Renk,renk,COLOR,false,true,true,true,true,false,true,,1,Siyah;Beyaz;Gri;Mavi;Kırmızı;Diğer,plan,generic plan — refine per leaf in FAZ A
Mutfak ve Sofra › Sofra ve Servis › Servis Gereçleri › Tepsi,Garanti,garanti,SINGLE_SELECT,false,false,false,true,true,false,false,,2,Yok;6 Ay;12 Ay;24 Ay,plan,generic
Mutfak ve Sofra › Sofra ve Servis › Servis Gereçleri › Sunum Tahtası,Renk,renk,COLOR,false,true,true,true,true,false,true,,1,Siyah;Beyaz;Gri;Mavi;Kırmızı;Diğer,plan,generic plan — refine per leaf in FAZ A
Mutfak ve Sofra › Sofra ve Servis › Servis Gereçleri › Sunum Tahtası,Garanti,garanti,SINGLE_SELECT,false,false,false,true,true,false,false,,2,Yok;6 Ay;12 Ay;24 Ay,plan,generic
Mutfak ve Sofra › Sofra ve Servis › Servis Gereçleri › Servis Kaşığı,Renk,renk,COLOR,false,true,true,true,true,false,true,,1,Siyah;Beyaz;Gri;Mavi;Kırmızı;Diğer,plan,generic plan — refine per leaf in FAZ A
Mutfak ve Sofra › Sofra ve Servis › Servis Gereçleri › Servis Kaşığı,Garanti,garanti,SINGLE_SELECT,false,false,false,true,true,false,false,,2,Yok;6 Ay;12 Ay;24 Ay,plan,generic
Mutfak ve Sofra › Sofra ve Servis › Servis Gereçleri › Şekerlik,Renk,renk,COLOR,false,true,true,true,true,false,true,,1,Siyah;Beyaz;Gri;Mavi;Kırmızı;Diğer,plan,generic plan — refine per leaf in FAZ A
Mutfak ve Sofra › Sofra ve Servis › Servis Gereçleri › Şekerlik,Garanti,garanti,SINGLE_SELECT,false,false,false,true,true,false,false,,2,Yok;6 Ay;12 Ay;24 Ay,plan,generic
Mutfak ve Sofra › Sofra ve Servis › Servis Gereçleri › Yağlık-Sirkelik,Renk,renk,COLOR,false,true,true,true,true,false,true,,1,Siyah;Beyaz;Gri;Mavi;Kırmızı;Diğer,plan,generic plan — refine per leaf in FAZ A
Mutfak ve Sofra › Sofra ve Servis › Servis Gereçleri › Yağlık-Sirkelik,Garanti,garanti,SINGLE_SELECT,false,false,false,true,true,false,false,,2,Yok;6 Ay;12 Ay;24 Ay,plan,generic
Mutfak ve Sofra › Sofra ve Servis › Servis Gereçleri › Tuzluk-Biberlik,Renk,renk,COLOR,false,true,true,true,true,false,true,,1,Siyah;Beyaz;Gri;Mavi;Kırmızı;Diğer,plan,generic plan — refine per leaf in FAZ A
Mutfak ve Sofra › Sofra ve Servis › Servis Gereçleri › Tuzluk-Biberlik,Garanti,garanti,SINGLE_SELECT,false,false,false,true,true,false,false,,2,Yok;6 Ay;12 Ay;24 Ay,plan,generic
Mutfak ve Sofra › Saklama ve Düzenleme › Gıda Saklama › Saklama Kabı,Renk,renk,COLOR,false,true,true,true,true,false,true,,1,Siyah;Beyaz;Gri;Mavi;Kırmızı;Diğer,plan,generic plan — refine per leaf in FAZ A
Mutfak ve Sofra › Saklama ve Düzenleme › Gıda Saklama › Saklama Kabı,Garanti,garanti,SINGLE_SELECT,false,false,false,true,true,false,false,,2,Yok;6 Ay;12 Ay;24 Ay,plan,generic
Mutfak ve Sofra › Saklama ve Düzenleme › Gıda Saklama › Vakumlu Saklama Kabı,Renk,renk,COLOR,false,true,true,true,true,false,true,,1,Siyah;Beyaz;Gri;Mavi;Kırmızı;Diğer,plan,generic plan — refine per leaf in FAZ A
Mutfak ve Sofra › Saklama ve Düzenleme › Gıda Saklama › Vakumlu Saklama Kabı,Garanti,garanti,SINGLE_SELECT,false,false,false,true,true,false,false,,2,Yok;6 Ay;12 Ay;24 Ay,plan,generic
Mutfak ve Sofra › Saklama ve Düzenleme › Gıda Saklama › Kavanoz,Renk,renk,COLOR,false,true,true,true,true,false,true,,1,Siyah;Beyaz;Gri;Mavi;Kırmızı;Diğer,plan,generic plan — refine per leaf in FAZ A
Mutfak ve Sofra › Saklama ve Düzenleme › Gıda Saklama › Kavanoz,Garanti,garanti,SINGLE_SELECT,false,false,false,true,true,false,false,,2,Yok;6 Ay;12 Ay;24 Ay,plan,generic
Mutfak ve Sofra › Saklama ve Düzenleme › Gıda Saklama › Baharatlık,Renk,renk,COLOR,false,true,true,true,true,false,true,,1,Siyah;Beyaz;Gri;Mavi;Kırmızı;Diğer,plan,generic plan — refine per leaf in FAZ A
Mutfak ve Sofra › Saklama ve Düzenleme › Gıda Saklama › Baharatlık,Garanti,garanti,SINGLE_SELECT,false,false,false,true,true,false,false,,2,Yok;6 Ay;12 Ay;24 Ay,plan,generic
Mutfak ve Sofra › Saklama ve Düzenleme › Gıda Saklama › Ekmek Kutusu,Renk,renk,COLOR,false,true,true,true,true,false,true,,1,Siyah;Beyaz;Gri;Mavi;Kırmızı;Diğer,plan,generic plan — refine per leaf in FAZ A
Mutfak ve Sofra › Saklama ve Düzenleme › Gıda Saklama › Ekmek Kutusu,Garanti,garanti,SINGLE_SELECT,false,false,false,true,true,false,false,,2,Yok;6 Ay;12 Ay;24 Ay,plan,generic
Mutfak ve Sofra › Saklama ve Düzenleme › Gıda Saklama › Buzdolabı Düzenleyici,Renk,renk,COLOR,false,true,true,true,true,false,true,,1,Siyah;Beyaz;Gri;Mavi;Kırmızı;Diğer,plan,generic plan — refine per leaf in FAZ A
Mutfak ve Sofra › Saklama ve Düzenleme › Gıda Saklama › Buzdolabı Düzenleyici,Garanti,garanti,SINGLE_SELECT,false,false,false,true,true,false,false,,2,Yok;6 Ay;12 Ay;24 Ay,plan,generic
Mutfak ve Sofra › Saklama ve Düzenleme › Mutfak Düzenleme › Kaşıklık,Renk,renk,COLOR,false,true,true,true,true,false,true,,1,Siyah;Beyaz;Gri;Mavi;Kırmızı;Diğer,plan,generic plan — refine per leaf in FAZ A
Mutfak ve Sofra › Saklama ve Düzenleme › Mutfak Düzenleme › Kaşıklık,Garanti,garanti,SINGLE_SELECT,false,false,false,true,true,false,false,,2,Yok;6 Ay;12 Ay;24 Ay,plan,generic
Mutfak ve Sofra › Saklama ve Düzenleme › Mutfak Düzenleme › Bulaşıklık,Renk,renk,COLOR,false,true,true,true,true,false,true,,1,Siyah;Beyaz;Gri;Mavi;Kırmızı;Diğer,plan,generic plan — refine per leaf in FAZ A
Mutfak ve Sofra › Saklama ve Düzenleme › Mutfak Düzenleme › Bulaşıklık,Garanti,garanti,SINGLE_SELECT,false,false,false,true,true,false,false,,2,Yok;6 Ay;12 Ay;24 Ay,plan,generic
Mutfak ve Sofra › Saklama ve Düzenleme › Mutfak Düzenleme › Raf Düzenleyici,Renk,renk,COLOR,false,true,true,true,true,false,true,,1,Siyah;Beyaz;Gri;Mavi;Kırmızı;Diğer,plan,generic plan — refine per leaf in FAZ A
Mutfak ve Sofra › Saklama ve Düzenleme › Mutfak Düzenleme › Raf Düzenleyici,Garanti,garanti,SINGLE_SELECT,false,false,false,true,true,false,false,,2,Yok;6 Ay;12 Ay;24 Ay,plan,generic
Mutfak ve Sofra › Saklama ve Düzenleme › Mutfak Düzenleme › Dolap İçi Düzenleyici,Renk,renk,COLOR,false,true,true,true,true,false,true,,1,Siyah;Beyaz;Gri;Mavi;Kırmızı;Diğer,plan,generic plan — refine per leaf in FAZ A
Mutfak ve Sofra › Saklama ve Düzenleme › Mutfak Düzenleme › Dolap İçi Düzenleyici,Garanti,garanti,SINGLE_SELECT,false,false,false,true,true,false,false,,2,Yok;6 Ay;12 Ay;24 Ay,plan,generic
Mutfak ve Sofra › Saklama ve Düzenleme › Mutfak Düzenleme › Poşetlik,Renk,renk,COLOR,false,true,true,true,true,false,true,,1,Siyah;Beyaz;Gri;Mavi;Kırmızı;Diğer,plan,generic plan — refine per leaf in FAZ A
Mutfak ve Sofra › Saklama ve Düzenleme › Mutfak Düzenleme › Poşetlik,Garanti,garanti,SINGLE_SELECT,false,false,false,true,true,false,false,,2,Yok;6 Ay;12 Ay;24 Ay,plan,generic
Mutfak ve Sofra › Saklama ve Düzenleme › Mutfak Düzenleme › Çöp Kovası,Renk,renk,COLOR,false,true,true,true,true,false,true,,1,Siyah;Beyaz;Gri;Mavi;Kırmızı;Diğer,plan,generic plan — refine per leaf in FAZ A
Mutfak ve Sofra › Saklama ve Düzenleme › Mutfak Düzenleme › Çöp Kovası,Garanti,garanti,SINGLE_SELECT,false,false,false,true,true,false,false,,2,Yok;6 Ay;12 Ay;24 Ay,plan,generic
Mutfak ve Sofra › Su Arıtma › Su Arıtma Ürünleri › Filtreli Sürahi,Renk,renk,COLOR,false,true,true,true,true,false,true,,1,Siyah;Beyaz;Gri;Mavi;Kırmızı;Diğer,plan,generic plan — refine per leaf in FAZ A
Mutfak ve Sofra › Su Arıtma › Su Arıtma Ürünleri › Filtreli Sürahi,Garanti,garanti,SINGLE_SELECT,false,false,false,true,true,false,false,,2,Yok;6 Ay;12 Ay;24 Ay,plan,generic
Mutfak ve Sofra › Su Arıtma › Su Arıtma Ürünleri › Su Arıtma Cihazı,Renk,renk,COLOR,false,true,true,true,true,false,true,,1,Siyah;Beyaz;Gri;Mavi;Kırmızı;Diğer,plan,generic plan — refine per leaf in FAZ A
Mutfak ve Sofra › Su Arıtma › Su Arıtma Ürünleri › Su Arıtma Cihazı,Garanti,garanti,SINGLE_SELECT,false,false,false,true,true,false,false,,2,Yok;6 Ay;12 Ay;24 Ay,plan,generic
Mutfak ve Sofra › Su Arıtma › Su Arıtma Ürünleri › Musluk Filtresi,Renk,renk,COLOR,false,true,true,true,true,false,true,,1,Siyah;Beyaz;Gri;Mavi;Kırmızı;Diğer,plan,generic plan — refine per leaf in FAZ A
Mutfak ve Sofra › Su Arıtma › Su Arıtma Ürünleri › Musluk Filtresi,Garanti,garanti,SINGLE_SELECT,false,false,false,true,true,false,false,,2,Yok;6 Ay;12 Ay;24 Ay,plan,generic
Mutfak ve Sofra › Su Arıtma › Su Arıtma Ürünleri › Yedek Filtre,Renk,renk,COLOR,false,true,true,true,true,false,true,,1,Siyah;Beyaz;Gri;Mavi;Kırmızı;Diğer,plan,generic plan — refine per leaf in FAZ A
Mutfak ve Sofra › Su Arıtma › Su Arıtma Ürünleri › Yedek Filtre,Garanti,garanti,SINGLE_SELECT,false,false,false,true,true,false,false,,2,Yok;6 Ay;12 Ay;24 Ay,plan,generic
Mutfak ve Sofra › Su Arıtma › Su Arıtma Ürünleri › Su Sebili,Renk,renk,COLOR,false,true,true,true,true,false,true,,1,Siyah;Beyaz;Gri;Mavi;Kırmızı;Diğer,plan,generic plan — refine per leaf in FAZ A
Mutfak ve Sofra › Su Arıtma › Su Arıtma Ürünleri › Su Sebili,Garanti,garanti,SINGLE_SELECT,false,false,false,true,true,false,false,,2,Yok;6 Ay;12 Ay;24 Ay,plan,generic
Mutfak ve Sofra › Su Arıtma › Su Arıtma Ürünleri › Tezgah Üstü Su Arıtıcı,Renk,renk,COLOR,false,true,true,true,true,false,true,,1,Siyah;Beyaz;Gri;Mavi;Kırmızı;Diğer,plan,generic plan — refine per leaf in FAZ A
Mutfak ve Sofra › Su Arıtma › Su Arıtma Ürünleri › Tezgah Üstü Su Arıtıcı,Garanti,garanti,SINGLE_SELECT,false,false,false,true,true,false,false,,2,Yok;6 Ay;12 Ay;24 Ay,plan,generic
Ev ve Yaşam › Mobilya › Salon › Koltuk Takımı,Renk,renk,COLOR,false,true,true,true,true,false,true,,1,Siyah;Beyaz;Gri;Mavi;Kırmızı;Diğer,plan,generic plan — refine per leaf in FAZ A
Ev ve Yaşam › Mobilya › Salon › Koltuk Takımı,Garanti,garanti,SINGLE_SELECT,false,false,false,true,true,false,false,,2,Yok;6 Ay;12 Ay;24 Ay,plan,generic
Ev ve Yaşam › Mobilya › Salon › Kanepe,Renk,renk,COLOR,false,true,true,true,true,false,true,,1,Siyah;Beyaz;Gri;Mavi;Kırmızı;Diğer,plan,generic plan — refine per leaf in FAZ A
Ev ve Yaşam › Mobilya › Salon › Kanepe,Garanti,garanti,SINGLE_SELECT,false,false,false,true,true,false,false,,2,Yok;6 Ay;12 Ay;24 Ay,plan,generic
Ev ve Yaşam › Mobilya › Salon › Berjer,Renk,renk,COLOR,false,true,true,true,true,false,true,,1,Siyah;Beyaz;Gri;Mavi;Kırmızı;Diğer,plan,generic plan — refine per leaf in FAZ A
Ev ve Yaşam › Mobilya › Salon › Berjer,Garanti,garanti,SINGLE_SELECT,false,false,false,true,true,false,false,,2,Yok;6 Ay;12 Ay;24 Ay,plan,generic
Ev ve Yaşam › Mobilya › Salon › TV Ünitesi,Renk,renk,COLOR,false,true,true,true,true,false,true,,1,Siyah;Beyaz;Gri;Mavi;Kırmızı;Diğer,plan,generic plan — refine per leaf in FAZ A
Ev ve Yaşam › Mobilya › Salon › TV Ünitesi,Garanti,garanti,SINGLE_SELECT,false,false,false,true,true,false,false,,2,Yok;6 Ay;12 Ay;24 Ay,plan,generic
Ev ve Yaşam › Mobilya › Salon › Orta Sehpa,Renk,renk,COLOR,false,true,true,true,true,false,true,,1,Siyah;Beyaz;Gri;Mavi;Kırmızı;Diğer,plan,generic plan — refine per leaf in FAZ A
Ev ve Yaşam › Mobilya › Salon › Orta Sehpa,Garanti,garanti,SINGLE_SELECT,false,false,false,true,true,false,false,,2,Yok;6 Ay;12 Ay;24 Ay,plan,generic
Ev ve Yaşam › Mobilya › Salon › Yan Sehpa,Renk,renk,COLOR,false,true,true,true,true,false,true,,1,Siyah;Beyaz;Gri;Mavi;Kırmızı;Diğer,plan,generic plan — refine per leaf in FAZ A
Ev ve Yaşam › Mobilya › Salon › Yan Sehpa,Garanti,garanti,SINGLE_SELECT,false,false,false,true,true,false,false,,2,Yok;6 Ay;12 Ay;24 Ay,plan,generic
Ev ve Yaşam › Mobilya › Salon › Kitaplık,Renk,renk,COLOR,false,true,true,true,true,false,true,,1,Siyah;Beyaz;Gri;Mavi;Kırmızı;Diğer,plan,generic plan — refine per leaf in FAZ A
Ev ve Yaşam › Mobilya › Salon › Kitaplık,Garanti,garanti,SINGLE_SELECT,false,false,false,true,true,false,false,,2,Yok;6 Ay;12 Ay;24 Ay,plan,generic
Ev ve Yaşam › Mobilya › Salon › Konsol,Renk,renk,COLOR,false,true,true,true,true,false,true,,1,Siyah;Beyaz;Gri;Mavi;Kırmızı;Diğer,plan,generic plan — refine per leaf in FAZ A
Ev ve Yaşam › Mobilya › Salon › Konsol,Garanti,garanti,SINGLE_SELECT,false,false,false,true,true,false,false,,2,Yok;6 Ay;12 Ay;24 Ay,plan,generic
Ev ve Yaşam › Mobilya › Salon › Vitrin,Renk,renk,COLOR,false,true,true,true,true,false,true,,1,Siyah;Beyaz;Gri;Mavi;Kırmızı;Diğer,plan,generic plan — refine per leaf in FAZ A
Ev ve Yaşam › Mobilya › Salon › Vitrin,Garanti,garanti,SINGLE_SELECT,false,false,false,true,true,false,false,,2,Yok;6 Ay;12 Ay;24 Ay,plan,generic
Ev ve Yaşam › Mobilya › Yatak Odası › Yatak Odası Takımı,Renk,renk,COLOR,false,true,true,true,true,false,true,,1,Siyah;Beyaz;Gri;Mavi;Kırmızı;Diğer,plan,generic plan — refine per leaf in FAZ A
Ev ve Yaşam › Mobilya › Yatak Odası › Yatak Odası Takımı,Garanti,garanti,SINGLE_SELECT,false,false,false,true,true,false,false,,2,Yok;6 Ay;12 Ay;24 Ay,plan,generic
Ev ve Yaşam › Mobilya › Yatak Odası › Yatak,Renk,renk,COLOR,false,true,true,true,true,false,true,,1,Siyah;Beyaz;Gri;Mavi;Kırmızı;Diğer,plan,generic plan — refine per leaf in FAZ A
Ev ve Yaşam › Mobilya › Yatak Odası › Yatak,Garanti,garanti,SINGLE_SELECT,false,false,false,true,true,false,false,,2,Yok;6 Ay;12 Ay;24 Ay,plan,generic
Ev ve Yaşam › Mobilya › Yatak Odası › Baza,Renk,renk,COLOR,false,true,true,true,true,false,true,,1,Siyah;Beyaz;Gri;Mavi;Kırmızı;Diğer,plan,generic plan — refine per leaf in FAZ A
Ev ve Yaşam › Mobilya › Yatak Odası › Baza,Garanti,garanti,SINGLE_SELECT,false,false,false,true,true,false,false,,2,Yok;6 Ay;12 Ay;24 Ay,plan,generic
Ev ve Yaşam › Mobilya › Yatak Odası › Başlık,Renk,renk,COLOR,false,true,true,true,true,false,true,,1,Siyah;Beyaz;Gri;Mavi;Kırmızı;Diğer,plan,generic plan — refine per leaf in FAZ A
Ev ve Yaşam › Mobilya › Yatak Odası › Başlık,Garanti,garanti,SINGLE_SELECT,false,false,false,true,true,false,false,,2,Yok;6 Ay;12 Ay;24 Ay,plan,generic
Ev ve Yaşam › Mobilya › Yatak Odası › Gardırop,Renk,renk,COLOR,false,true,true,true,true,false,true,,1,Siyah;Beyaz;Gri;Mavi;Kırmızı;Diğer,plan,generic plan — refine per leaf in FAZ A
Ev ve Yaşam › Mobilya › Yatak Odası › Gardırop,Garanti,garanti,SINGLE_SELECT,false,false,false,true,true,false,false,,2,Yok;6 Ay;12 Ay;24 Ay,plan,generic
Ev ve Yaşam › Mobilya › Yatak Odası › Şifonyer,Renk,renk,COLOR,false,true,true,true,true,false,true,,1,Siyah;Beyaz;Gri;Mavi;Kırmızı;Diğer,plan,generic plan — refine per leaf in FAZ A
Ev ve Yaşam › Mobilya › Yatak Odası › Şifonyer,Garanti,garanti,SINGLE_SELECT,false,false,false,true,true,false,false,,2,Yok;6 Ay;12 Ay;24 Ay,plan,generic
Ev ve Yaşam › Mobilya › Yatak Odası › Komodin,Renk,renk,COLOR,false,true,true,true,true,false,true,,1,Siyah;Beyaz;Gri;Mavi;Kırmızı;Diğer,plan,generic plan — refine per leaf in FAZ A
Ev ve Yaşam › Mobilya › Yatak Odası › Komodin,Garanti,garanti,SINGLE_SELECT,false,false,false,true,true,false,false,,2,Yok;6 Ay;12 Ay;24 Ay,plan,generic
Ev ve Yaşam › Mobilya › Yatak Odası › Makyaj Masası,Renk,renk,COLOR,false,true,true,true,true,false,true,,1,Siyah;Beyaz;Gri;Mavi;Kırmızı;Diğer,plan,generic plan — refine per leaf in FAZ A
Ev ve Yaşam › Mobilya › Yatak Odası › Makyaj Masası,Garanti,garanti,SINGLE_SELECT,false,false,false,true,true,false,false,,2,Yok;6 Ay;12 Ay;24 Ay,plan,generic
Ev ve Yaşam › Mobilya › Yemek Odası › Yemek Masası,Renk,renk,COLOR,false,true,true,true,true,false,true,,1,Siyah;Beyaz;Gri;Mavi;Kırmızı;Diğer,plan,generic plan — refine per leaf in FAZ A
Ev ve Yaşam › Mobilya › Yemek Odası › Yemek Masası,Garanti,garanti,SINGLE_SELECT,false,false,false,true,true,false,false,,2,Yok;6 Ay;12 Ay;24 Ay,plan,generic
Ev ve Yaşam › Mobilya › Yemek Odası › Sandalye,Renk,renk,COLOR,false,true,true,true,true,false,true,,1,Siyah;Beyaz;Gri;Mavi;Kırmızı;Diğer,plan,generic plan — refine per leaf in FAZ A
Ev ve Yaşam › Mobilya › Yemek Odası › Sandalye,Garanti,garanti,SINGLE_SELECT,false,false,false,true,true,false,false,,2,Yok;6 Ay;12 Ay;24 Ay,plan,generic
Ev ve Yaşam › Mobilya › Yemek Odası › Yemek Odası Takımı,Renk,renk,COLOR,false,true,true,true,true,false,true,,1,Siyah;Beyaz;Gri;Mavi;Kırmızı;Diğer,plan,generic plan — refine per leaf in FAZ A
Ev ve Yaşam › Mobilya › Yemek Odası › Yemek Odası Takımı,Garanti,garanti,SINGLE_SELECT,false,false,false,true,true,false,false,,2,Yok;6 Ay;12 Ay;24 Ay,plan,generic
Ev ve Yaşam › Mobilya › Yemek Odası › Bank,Renk,renk,COLOR,false,true,true,true,true,false,true,,1,Siyah;Beyaz;Gri;Mavi;Kırmızı;Diğer,plan,generic plan — refine per leaf in FAZ A
Ev ve Yaşam › Mobilya › Yemek Odası › Bank,Garanti,garanti,SINGLE_SELECT,false,false,false,true,true,false,false,,2,Yok;6 Ay;12 Ay;24 Ay,plan,generic
Ev ve Yaşam › Mobilya › Yemek Odası › Bar Masası,Renk,renk,COLOR,false,true,true,true,true,false,true,,1,Siyah;Beyaz;Gri;Mavi;Kırmızı;Diğer,plan,generic plan — refine per leaf in FAZ A
Ev ve Yaşam › Mobilya › Yemek Odası › Bar Masası,Garanti,garanti,SINGLE_SELECT,false,false,false,true,true,false,false,,2,Yok;6 Ay;12 Ay;24 Ay,plan,generic
Ev ve Yaşam › Mobilya › Yemek Odası › Bar Sandalyesi,Renk,renk,COLOR,false,true,true,true,true,false,true,,1,Siyah;Beyaz;Gri;Mavi;Kırmızı;Diğer,plan,generic plan — refine per leaf in FAZ A
Ev ve Yaşam › Mobilya › Yemek Odası › Bar Sandalyesi,Garanti,garanti,SINGLE_SELECT,false,false,false,true,true,false,false,,2,Yok;6 Ay;12 Ay;24 Ay,plan,generic
Ev ve Yaşam › Mobilya › Çalışma Odası › Çalışma Masası,Renk,renk,COLOR,false,true,true,true,true,false,true,,1,Siyah;Beyaz;Gri;Mavi;Kırmızı;Diğer,plan,generic plan — refine per leaf in FAZ A
Ev ve Yaşam › Mobilya › Çalışma Odası › Çalışma Masası,Garanti,garanti,SINGLE_SELECT,false,false,false,true,true,false,false,,2,Yok;6 Ay;12 Ay;24 Ay,plan,generic
Ev ve Yaşam › Mobilya › Çalışma Odası › Ofis Koltuğu,Renk,renk,COLOR,false,true,true,true,true,false,true,,1,Siyah;Beyaz;Gri;Mavi;Kırmızı;Diğer,plan,generic plan — refine per leaf in FAZ A
Ev ve Yaşam › Mobilya › Çalışma Odası › Ofis Koltuğu,Garanti,garanti,SINGLE_SELECT,false,false,false,true,true,false,false,,2,Yok;6 Ay;12 Ay;24 Ay,plan,generic
Ev ve Yaşam › Mobilya › Çalışma Odası › Çalışma Koltuğu,Renk,renk,COLOR,false,true,true,true,true,false,true,,1,Siyah;Beyaz;Gri;Mavi;Kırmızı;Diğer,plan,generic plan — refine per leaf in FAZ A
Ev ve Yaşam › Mobilya › Çalışma Odası › Çalışma Koltuğu,Garanti,garanti,SINGLE_SELECT,false,false,false,true,true,false,false,,2,Yok;6 Ay;12 Ay;24 Ay,plan,generic
Ev ve Yaşam › Mobilya › Çalışma Odası › Dosya Dolabı,Renk,renk,COLOR,false,true,true,true,true,false,true,,1,Siyah;Beyaz;Gri;Mavi;Kırmızı;Diğer,plan,generic plan — refine per leaf in FAZ A
Ev ve Yaşam › Mobilya › Çalışma Odası › Dosya Dolabı,Garanti,garanti,SINGLE_SELECT,false,false,false,true,true,false,false,,2,Yok;6 Ay;12 Ay;24 Ay,plan,generic
Ev ve Yaşam › Mobilya › Çalışma Odası › Raf,Renk,renk,COLOR,false,true,true,true,true,false,true,,1,Siyah;Beyaz;Gri;Mavi;Kırmızı;Diğer,plan,generic plan — refine per leaf in FAZ A
Ev ve Yaşam › Mobilya › Çalışma Odası › Raf,Garanti,garanti,SINGLE_SELECT,false,false,false,true,true,false,false,,2,Yok;6 Ay;12 Ay;24 Ay,plan,generic
Ev ve Yaşam › Mobilya › Çalışma Odası › Toplantı Masası,Renk,renk,COLOR,false,true,true,true,true,false,true,,1,Siyah;Beyaz;Gri;Mavi;Kırmızı;Diğer,plan,generic plan — refine per leaf in FAZ A
Ev ve Yaşam › Mobilya › Çalışma Odası › Toplantı Masası,Garanti,garanti,SINGLE_SELECT,false,false,false,true,true,false,false,,2,Yok;6 Ay;12 Ay;24 Ay,plan,generic
Ev ve Yaşam › Mobilya › Çocuk ve Genç Odası › Çocuk Odası Takımı,Renk,renk,COLOR,false,true,true,true,true,false,true,,1,Siyah;Beyaz;Gri;Mavi;Kırmızı;Diğer,plan,generic plan — refine per leaf in FAZ A
Ev ve Yaşam › Mobilya › Çocuk ve Genç Odası › Çocuk Odası Takımı,Garanti,garanti,SINGLE_SELECT,false,false,false,true,true,false,false,,2,Yok;6 Ay;12 Ay;24 Ay,plan,generic
Ev ve Yaşam › Mobilya › Çocuk ve Genç Odası › Genç Odası Takımı,Renk,renk,COLOR,false,true,true,true,true,false,true,,1,Siyah;Beyaz;Gri;Mavi;Kırmızı;Diğer,plan,generic plan — refine per leaf in FAZ A
Ev ve Yaşam › Mobilya › Çocuk ve Genç Odası › Genç Odası Takımı,Garanti,garanti,SINGLE_SELECT,false,false,false,true,true,false,false,,2,Yok;6 Ay;12 Ay;24 Ay,plan,generic
Ev ve Yaşam › Mobilya › Çocuk ve Genç Odası › Çocuk Yatağı,Renk,renk,COLOR,false,true,true,true,true,false,true,,1,Siyah;Beyaz;Gri;Mavi;Kırmızı;Diğer,plan,generic plan — refine per leaf in FAZ A
Ev ve Yaşam › Mobilya › Çocuk ve Genç Odası › Çocuk Yatağı,Garanti,garanti,SINGLE_SELECT,false,false,false,true,true,false,false,,2,Yok;6 Ay;12 Ay;24 Ay,plan,generic
Ev ve Yaşam › Mobilya › Çocuk ve Genç Odası › Ranza,Renk,renk,COLOR,false,true,true,true,true,false,true,,1,Siyah;Beyaz;Gri;Mavi;Kırmızı;Diğer,plan,generic plan — refine per leaf in FAZ A
Ev ve Yaşam › Mobilya › Çocuk ve Genç Odası › Ranza,Garanti,garanti,SINGLE_SELECT,false,false,false,true,true,false,false,,2,Yok;6 Ay;12 Ay;24 Ay,plan,generic
Ev ve Yaşam › Mobilya › Çocuk ve Genç Odası › Çalışma Masası,Renk,renk,COLOR,false,true,true,true,true,false,true,,1,Siyah;Beyaz;Gri;Mavi;Kırmızı;Diğer,plan,generic plan — refine per leaf in FAZ A
Ev ve Yaşam › Mobilya › Çocuk ve Genç Odası › Çalışma Masası,Garanti,garanti,SINGLE_SELECT,false,false,false,true,true,false,false,,2,Yok;6 Ay;12 Ay;24 Ay,plan,generic
Ev ve Yaşam › Mobilya › Çocuk ve Genç Odası › Oyuncak Dolabı,Renk,renk,COLOR,false,true,true,true,true,false,true,,1,Siyah;Beyaz;Gri;Mavi;Kırmızı;Diğer,plan,generic plan — refine per leaf in FAZ A
Ev ve Yaşam › Mobilya › Çocuk ve Genç Odası › Oyuncak Dolabı,Garanti,garanti,SINGLE_SELECT,false,false,false,true,true,false,false,,2,Yok;6 Ay;12 Ay;24 Ay,plan,generic
Ev ve Yaşam › Mobilya › Antre ve Balkon › Portmanto,Renk,renk,COLOR,false,true,true,true,true,false,true,,1,Siyah;Beyaz;Gri;Mavi;Kırmızı;Diğer,plan,generic plan — refine per leaf in FAZ A
Ev ve Yaşam › Mobilya › Antre ve Balkon › Portmanto,Garanti,garanti,SINGLE_SELECT,false,false,false,true,true,false,false,,2,Yok;6 Ay;12 Ay;24 Ay,plan,generic
Ev ve Yaşam › Mobilya › Antre ve Balkon › Ayakkabılık,Renk,renk,COLOR,false,true,true,true,true,false,true,,1,Siyah;Beyaz;Gri;Mavi;Kırmızı;Diğer,plan,generic plan — refine per leaf in FAZ A
Ev ve Yaşam › Mobilya › Antre ve Balkon › Ayakkabılık,Garanti,garanti,SINGLE_SELECT,false,false,false,true,true,false,false,,2,Yok;6 Ay;12 Ay;24 Ay,plan,generic
Ev ve Yaşam › Mobilya › Antre ve Balkon › Dresuar,Renk,renk,COLOR,false,true,true,true,true,false,true,,1,Siyah;Beyaz;Gri;Mavi;Kırmızı;Diğer,plan,generic plan — refine per leaf in FAZ A
Ev ve Yaşam › Mobilya › Antre ve Balkon › Dresuar,Garanti,garanti,SINGLE_SELECT,false,false,false,true,true,false,false,,2,Yok;6 Ay;12 Ay;24 Ay,plan,generic
Ev ve Yaşam › Mobilya › Antre ve Balkon › Balkon Mobilyası,Renk,renk,COLOR,false,true,true,true,true,false,true,,1,Siyah;Beyaz;Gri;Mavi;Kırmızı;Diğer,plan,generic plan — refine per leaf in FAZ A
Ev ve Yaşam › Mobilya › Antre ve Balkon › Balkon Mobilyası,Garanti,garanti,SINGLE_SELECT,false,false,false,true,true,false,false,,2,Yok;6 Ay;12 Ay;24 Ay,plan,generic
Ev ve Yaşam › Mobilya › Antre ve Balkon › Bahçe Mobilyası,Renk,renk,COLOR,false,true,true,true,true,false,true,,1,Siyah;Beyaz;Gri;Mavi;Kırmızı;Diğer,plan,generic plan — refine per leaf in FAZ A
Ev ve Yaşam › Mobilya › Antre ve Balkon › Bahçe Mobilyası,Garanti,garanti,SINGLE_SELECT,false,false,false,true,true,false,false,,2,Yok;6 Ay;12 Ay;24 Ay,plan,generic
Ev ve Yaşam › Ev Tekstili › Yatak Tekstili › Nevresim Takımı,Renk,renk,COLOR,false,true,true,true,true,false,true,,1,Siyah;Beyaz;Gri;Mavi;Kırmızı;Diğer,plan,generic plan — refine per leaf in FAZ A
Ev ve Yaşam › Ev Tekstili › Yatak Tekstili › Nevresim Takımı,Garanti,garanti,SINGLE_SELECT,false,false,false,true,true,false,false,,2,Yok;6 Ay;12 Ay;24 Ay,plan,generic
Ev ve Yaşam › Ev Tekstili › Yatak Tekstili › Çarşaf,Renk,renk,COLOR,false,true,true,true,true,false,true,,1,Siyah;Beyaz;Gri;Mavi;Kırmızı;Diğer,plan,generic plan — refine per leaf in FAZ A
Ev ve Yaşam › Ev Tekstili › Yatak Tekstili › Çarşaf,Garanti,garanti,SINGLE_SELECT,false,false,false,true,true,false,false,,2,Yok;6 Ay;12 Ay;24 Ay,plan,generic
Ev ve Yaşam › Ev Tekstili › Yatak Tekstili › Yastık,Renk,renk,COLOR,false,true,true,true,true,false,true,,1,Siyah;Beyaz;Gri;Mavi;Kırmızı;Diğer,plan,generic plan — refine per leaf in FAZ A
Ev ve Yaşam › Ev Tekstili › Yatak Tekstili › Yastık,Garanti,garanti,SINGLE_SELECT,false,false,false,true,true,false,false,,2,Yok;6 Ay;12 Ay;24 Ay,plan,generic
Ev ve Yaşam › Ev Tekstili › Yatak Tekstili › Yorgan,Renk,renk,COLOR,false,true,true,true,true,false,true,,1,Siyah;Beyaz;Gri;Mavi;Kırmızı;Diğer,plan,generic plan — refine per leaf in FAZ A
Ev ve Yaşam › Ev Tekstili › Yatak Tekstili › Yorgan,Garanti,garanti,SINGLE_SELECT,false,false,false,true,true,false,false,,2,Yok;6 Ay;12 Ay;24 Ay,plan,generic
Ev ve Yaşam › Ev Tekstili › Yatak Tekstili › Battaniye,Renk,renk,COLOR,false,true,true,true,true,false,true,,1,Siyah;Beyaz;Gri;Mavi;Kırmızı;Diğer,plan,generic plan — refine per leaf in FAZ A
Ev ve Yaşam › Ev Tekstili › Yatak Tekstili › Battaniye,Garanti,garanti,SINGLE_SELECT,false,false,false,true,true,false,false,,2,Yok;6 Ay;12 Ay;24 Ay,plan,generic
Ev ve Yaşam › Ev Tekstili › Yatak Tekstili › Alez,Renk,renk,COLOR,false,true,true,true,true,false,true,,1,Siyah;Beyaz;Gri;Mavi;Kırmızı;Diğer,plan,generic plan — refine per leaf in FAZ A
Ev ve Yaşam › Ev Tekstili › Yatak Tekstili › Alez,Garanti,garanti,SINGLE_SELECT,false,false,false,true,true,false,false,,2,Yok;6 Ay;12 Ay;24 Ay,plan,generic
Ev ve Yaşam › Ev Tekstili › Yatak Tekstili › Yatak Örtüsü,Renk,renk,COLOR,false,true,true,true,true,false,true,,1,Siyah;Beyaz;Gri;Mavi;Kırmızı;Diğer,plan,generic plan — refine per leaf in FAZ A
Ev ve Yaşam › Ev Tekstili › Yatak Tekstili › Yatak Örtüsü,Garanti,garanti,SINGLE_SELECT,false,false,false,true,true,false,false,,2,Yok;6 Ay;12 Ay;24 Ay,plan,generic
Ev ve Yaşam › Ev Tekstili › Banyo Tekstili › Havlu,Renk,renk,COLOR,false,true,true,true,true,false,true,,1,Siyah;Beyaz;Gri;Mavi;Kırmızı;Diğer,plan,generic plan — refine per leaf in FAZ A
Ev ve Yaşam › Ev Tekstili › Banyo Tekstili › Havlu,Garanti,garanti,SINGLE_SELECT,false,false,false,true,true,false,false,,2,Yok;6 Ay;12 Ay;24 Ay,plan,generic
Ev ve Yaşam › Ev Tekstili › Banyo Tekstili › Bornoz,Renk,renk,COLOR,false,true,true,true,true,false,true,,1,Siyah;Beyaz;Gri;Mavi;Kırmızı;Diğer,plan,generic plan — refine per leaf in FAZ A
Ev ve Yaşam › Ev Tekstili › Banyo Tekstili › Bornoz,Garanti,garanti,SINGLE_SELECT,false,false,false,true,true,false,false,,2,Yok;6 Ay;12 Ay;24 Ay,plan,generic
Ev ve Yaşam › Ev Tekstili › Banyo Tekstili › Banyo Paspası,Renk,renk,COLOR,false,true,true,true,true,false,true,,1,Siyah;Beyaz;Gri;Mavi;Kırmızı;Diğer,plan,generic plan — refine per leaf in FAZ A
Ev ve Yaşam › Ev Tekstili › Banyo Tekstili › Banyo Paspası,Garanti,garanti,SINGLE_SELECT,false,false,false,true,true,false,false,,2,Yok;6 Ay;12 Ay;24 Ay,plan,generic
Ev ve Yaşam › Ev Tekstili › Banyo Tekstili › Duş Perdesi,Renk,renk,COLOR,false,true,true,true,true,false,true,,1,Siyah;Beyaz;Gri;Mavi;Kırmızı;Diğer,plan,generic plan — refine per leaf in FAZ A
Ev ve Yaşam › Ev Tekstili › Banyo Tekstili › Duş Perdesi,Garanti,garanti,SINGLE_SELECT,false,false,false,true,true,false,false,,2,Yok;6 Ay;12 Ay;24 Ay,plan,generic
Ev ve Yaşam › Ev Tekstili › Salon Tekstili › Perde,Renk,renk,COLOR,false,true,true,true,true,false,true,,1,Siyah;Beyaz;Gri;Mavi;Kırmızı;Diğer,plan,generic plan — refine per leaf in FAZ A
Ev ve Yaşam › Ev Tekstili › Salon Tekstili › Perde,Garanti,garanti,SINGLE_SELECT,false,false,false,true,true,false,false,,2,Yok;6 Ay;12 Ay;24 Ay,plan,generic
Ev ve Yaşam › Ev Tekstili › Salon Tekstili › Tül Perde,Renk,renk,COLOR,false,true,true,true,true,false,true,,1,Siyah;Beyaz;Gri;Mavi;Kırmızı;Diğer,plan,generic plan — refine per leaf in FAZ A
Ev ve Yaşam › Ev Tekstili › Salon Tekstili › Tül Perde,Garanti,garanti,SINGLE_SELECT,false,false,false,true,true,false,false,,2,Yok;6 Ay;12 Ay;24 Ay,plan,generic
Ev ve Yaşam › Ev Tekstili › Salon Tekstili › Fon Perde,Renk,renk,COLOR,false,true,true,true,true,false,true,,1,Siyah;Beyaz;Gri;Mavi;Kırmızı;Diğer,plan,generic plan — refine per leaf in FAZ A
Ev ve Yaşam › Ev Tekstili › Salon Tekstili › Fon Perde,Garanti,garanti,SINGLE_SELECT,false,false,false,true,true,false,false,,2,Yok;6 Ay;12 Ay;24 Ay,plan,generic
Ev ve Yaşam › Ev Tekstili › Salon Tekstili › Stor Perde,Renk,renk,COLOR,false,true,true,true,true,false,true,,1,Siyah;Beyaz;Gri;Mavi;Kırmızı;Diğer,plan,generic plan — refine per leaf in FAZ A
Ev ve Yaşam › Ev Tekstili › Salon Tekstili › Stor Perde,Garanti,garanti,SINGLE_SELECT,false,false,false,true,true,false,false,,2,Yok;6 Ay;12 Ay;24 Ay,plan,generic
Ev ve Yaşam › Ev Tekstili › Salon Tekstili › Kırlent,Renk,renk,COLOR,false,true,true,true,true,false,true,,1,Siyah;Beyaz;Gri;Mavi;Kırmızı;Diğer,plan,generic plan — refine per leaf in FAZ A
Ev ve Yaşam › Ev Tekstili › Salon Tekstili › Kırlent,Garanti,garanti,SINGLE_SELECT,false,false,false,true,true,false,false,,2,Yok;6 Ay;12 Ay;24 Ay,plan,generic
Ev ve Yaşam › Ev Tekstili › Salon Tekstili › Kırlent Kılıfı,Renk,renk,COLOR,false,true,true,true,true,false,true,,1,Siyah;Beyaz;Gri;Mavi;Kırmızı;Diğer,plan,generic plan — refine per leaf in FAZ A
Ev ve Yaşam › Ev Tekstili › Salon Tekstili › Kırlent Kılıfı,Garanti,garanti,SINGLE_SELECT,false,false,false,true,true,false,false,,2,Yok;6 Ay;12 Ay;24 Ay,plan,generic
Ev ve Yaşam › Ev Tekstili › Salon Tekstili › Koltuk Örtüsü,Renk,renk,COLOR,false,true,true,true,true,false,true,,1,Siyah;Beyaz;Gri;Mavi;Kırmızı;Diğer,plan,generic plan — refine per leaf in FAZ A
Ev ve Yaşam › Ev Tekstili › Salon Tekstili › Koltuk Örtüsü,Garanti,garanti,SINGLE_SELECT,false,false,false,true,true,false,false,,2,Yok;6 Ay;12 Ay;24 Ay,plan,generic
Ev ve Yaşam › Ev Tekstili › Mutfak Tekstili › Masa Örtüsü,Renk,renk,COLOR,false,true,true,true,true,false,true,,1,Siyah;Beyaz;Gri;Mavi;Kırmızı;Diğer,plan,generic plan — refine per leaf in FAZ A
Ev ve Yaşam › Ev Tekstili › Mutfak Tekstili › Masa Örtüsü,Garanti,garanti,SINGLE_SELECT,false,false,false,true,true,false,false,,2,Yok;6 Ay;12 Ay;24 Ay,plan,generic
Ev ve Yaşam › Ev Tekstili › Mutfak Tekstili › Runner,Renk,renk,COLOR,false,true,true,true,true,false,true,,1,Siyah;Beyaz;Gri;Mavi;Kırmızı;Diğer,plan,generic plan — refine per leaf in FAZ A
Ev ve Yaşam › Ev Tekstili › Mutfak Tekstili › Runner,Garanti,garanti,SINGLE_SELECT,false,false,false,true,true,false,false,,2,Yok;6 Ay;12 Ay;24 Ay,plan,generic
Ev ve Yaşam › Ev Tekstili › Mutfak Tekstili › Peçete,Renk,renk,COLOR,false,true,true,true,true,false,true,,1,Siyah;Beyaz;Gri;Mavi;Kırmızı;Diğer,plan,generic plan — refine per leaf in FAZ A
Ev ve Yaşam › Ev Tekstili › Mutfak Tekstili › Peçete,Garanti,garanti,SINGLE_SELECT,false,false,false,true,true,false,false,,2,Yok;6 Ay;12 Ay;24 Ay,plan,generic
Ev ve Yaşam › Ev Tekstili › Mutfak Tekstili › Mutfak Havlusu,Renk,renk,COLOR,false,true,true,true,true,false,true,,1,Siyah;Beyaz;Gri;Mavi;Kırmızı;Diğer,plan,generic plan — refine per leaf in FAZ A
Ev ve Yaşam › Ev Tekstili › Mutfak Tekstili › Mutfak Havlusu,Garanti,garanti,SINGLE_SELECT,false,false,false,true,true,false,false,,2,Yok;6 Ay;12 Ay;24 Ay,plan,generic
Ev ve Yaşam › Ev Tekstili › Mutfak Tekstili › Önlük,Renk,renk,COLOR,false,true,true,true,true,false,true,,1,Siyah;Beyaz;Gri;Mavi;Kırmızı;Diğer,plan,generic plan — refine per leaf in FAZ A
Ev ve Yaşam › Ev Tekstili › Mutfak Tekstili › Önlük,Garanti,garanti,SINGLE_SELECT,false,false,false,true,true,false,false,,2,Yok;6 Ay;12 Ay;24 Ay,plan,generic
Ev ve Yaşam › Ev Tekstili › Mutfak Tekstili › Eldiven ve Tutacak,Renk,renk,COLOR,false,true,true,true,true,false,true,,1,Siyah;Beyaz;Gri;Mavi;Kırmızı;Diğer,plan,generic plan — refine per leaf in FAZ A
Ev ve Yaşam › Ev Tekstili › Mutfak Tekstili › Eldiven ve Tutacak,Garanti,garanti,SINGLE_SELECT,false,false,false,true,true,false,false,,2,Yok;6 Ay;12 Ay;24 Ay,plan,generic
Ev ve Yaşam › Dekorasyon › Duvar Dekorasyonu › Tablo,Renk,renk,COLOR,false,true,true,true,true,false,true,,1,Siyah;Beyaz;Gri;Mavi;Kırmızı;Diğer,plan,generic plan — refine per leaf in FAZ A
Ev ve Yaşam › Dekorasyon › Duvar Dekorasyonu › Tablo,Garanti,garanti,SINGLE_SELECT,false,false,false,true,true,false,false,,2,Yok;6 Ay;12 Ay;24 Ay,plan,generic
Ev ve Yaşam › Dekorasyon › Duvar Dekorasyonu › Poster,Renk,renk,COLOR,false,true,true,true,true,false,true,,1,Siyah;Beyaz;Gri;Mavi;Kırmızı;Diğer,plan,generic plan — refine per leaf in FAZ A
Ev ve Yaşam › Dekorasyon › Duvar Dekorasyonu › Poster,Garanti,garanti,SINGLE_SELECT,false,false,false,true,true,false,false,,2,Yok;6 Ay;12 Ay;24 Ay,plan,generic
Ev ve Yaşam › Dekorasyon › Duvar Dekorasyonu › Duvar Saati,Renk,renk,COLOR,false,true,true,true,true,false,true,,1,Siyah;Beyaz;Gri;Mavi;Kırmızı;Diğer,plan,generic plan — refine per leaf in FAZ A
Ev ve Yaşam › Dekorasyon › Duvar Dekorasyonu › Duvar Saati,Garanti,garanti,SINGLE_SELECT,false,false,false,true,true,false,false,,2,Yok;6 Ay;12 Ay;24 Ay,plan,generic
Ev ve Yaşam › Dekorasyon › Duvar Dekorasyonu › Ayna,Renk,renk,COLOR,false,true,true,true,true,false,true,,1,Siyah;Beyaz;Gri;Mavi;Kırmızı;Diğer,plan,generic plan — refine per leaf in FAZ A
Ev ve Yaşam › Dekorasyon › Duvar Dekorasyonu › Ayna,Garanti,garanti,SINGLE_SELECT,false,false,false,true,true,false,false,,2,Yok;6 Ay;12 Ay;24 Ay,plan,generic
Ev ve Yaşam › Dekorasyon › Duvar Dekorasyonu › Duvar Rafı,Renk,renk,COLOR,false,true,true,true,true,false,true,,1,Siyah;Beyaz;Gri;Mavi;Kırmızı;Diğer,plan,generic plan — refine per leaf in FAZ A
Ev ve Yaşam › Dekorasyon › Duvar Dekorasyonu › Duvar Rafı,Garanti,garanti,SINGLE_SELECT,false,false,false,true,true,false,false,,2,Yok;6 Ay;12 Ay;24 Ay,plan,generic
Ev ve Yaşam › Dekorasyon › Duvar Dekorasyonu › Duvar Sticker,Renk,renk,COLOR,false,true,true,true,true,false,true,,1,Siyah;Beyaz;Gri;Mavi;Kırmızı;Diğer,plan,generic plan — refine per leaf in FAZ A
Ev ve Yaşam › Dekorasyon › Duvar Dekorasyonu › Duvar Sticker,Garanti,garanti,SINGLE_SELECT,false,false,false,true,true,false,false,,2,Yok;6 Ay;12 Ay;24 Ay,plan,generic
Ev ve Yaşam › Dekorasyon › Masaüstü Dekor › Vazo,Renk,renk,COLOR,false,true,true,true,true,false,true,,1,Siyah;Beyaz;Gri;Mavi;Kırmızı;Diğer,plan,generic plan — refine per leaf in FAZ A
Ev ve Yaşam › Dekorasyon › Masaüstü Dekor › Vazo,Garanti,garanti,SINGLE_SELECT,false,false,false,true,true,false,false,,2,Yok;6 Ay;12 Ay;24 Ay,plan,generic
Ev ve Yaşam › Dekorasyon › Masaüstü Dekor › Biblo,Renk,renk,COLOR,false,true,true,true,true,false,true,,1,Siyah;Beyaz;Gri;Mavi;Kırmızı;Diğer,plan,generic plan — refine per leaf in FAZ A
Ev ve Yaşam › Dekorasyon › Masaüstü Dekor › Biblo,Garanti,garanti,SINGLE_SELECT,false,false,false,true,true,false,false,,2,Yok;6 Ay;12 Ay;24 Ay,plan,generic
Ev ve Yaşam › Dekorasyon › Masaüstü Dekor › Mum,Renk,renk,COLOR,false,true,true,true,true,false,true,,1,Siyah;Beyaz;Gri;Mavi;Kırmızı;Diğer,plan,generic plan — refine per leaf in FAZ A
Ev ve Yaşam › Dekorasyon › Masaüstü Dekor › Mum,Garanti,garanti,SINGLE_SELECT,false,false,false,true,true,false,false,,2,Yok;6 Ay;12 Ay;24 Ay,plan,generic
Ev ve Yaşam › Dekorasyon › Masaüstü Dekor › Mumluk,Renk,renk,COLOR,false,true,true,true,true,false,true,,1,Siyah;Beyaz;Gri;Mavi;Kırmızı;Diğer,plan,generic plan — refine per leaf in FAZ A
Ev ve Yaşam › Dekorasyon › Masaüstü Dekor › Mumluk,Garanti,garanti,SINGLE_SELECT,false,false,false,true,true,false,false,,2,Yok;6 Ay;12 Ay;24 Ay,plan,generic
Ev ve Yaşam › Dekorasyon › Masaüstü Dekor › Dekoratif Kutu,Renk,renk,COLOR,false,true,true,true,true,false,true,,1,Siyah;Beyaz;Gri;Mavi;Kırmızı;Diğer,plan,generic plan — refine per leaf in FAZ A
Ev ve Yaşam › Dekorasyon › Masaüstü Dekor › Dekoratif Kutu,Garanti,garanti,SINGLE_SELECT,false,false,false,true,true,false,false,,2,Yok;6 Ay;12 Ay;24 Ay,plan,generic
Ev ve Yaşam › Dekorasyon › Masaüstü Dekor › Fotoğraf Çerçevesi,Renk,renk,COLOR,false,true,true,true,true,false,true,,1,Siyah;Beyaz;Gri;Mavi;Kırmızı;Diğer,plan,generic plan — refine per leaf in FAZ A
Ev ve Yaşam › Dekorasyon › Masaüstü Dekor › Fotoğraf Çerçevesi,Garanti,garanti,SINGLE_SELECT,false,false,false,true,true,false,false,,2,Yok;6 Ay;12 Ay;24 Ay,plan,generic
Ev ve Yaşam › Dekorasyon › Halı ve Zemin › Halı,Renk,renk,COLOR,false,true,true,true,true,false,true,,1,Siyah;Beyaz;Gri;Mavi;Kırmızı;Diğer,plan,generic plan — refine per leaf in FAZ A
Ev ve Yaşam › Dekorasyon › Halı ve Zemin › Halı,Garanti,garanti,SINGLE_SELECT,false,false,false,true,true,false,false,,2,Yok;6 Ay;12 Ay;24 Ay,plan,generic
Ev ve Yaşam › Dekorasyon › Halı ve Zemin › Yolluk,Renk,renk,COLOR,false,true,true,true,true,false,true,,1,Siyah;Beyaz;Gri;Mavi;Kırmızı;Diğer,plan,generic plan — refine per leaf in FAZ A
Ev ve Yaşam › Dekorasyon › Halı ve Zemin › Yolluk,Garanti,garanti,SINGLE_SELECT,false,false,false,true,true,false,false,,2,Yok;6 Ay;12 Ay;24 Ay,plan,generic
Ev ve Yaşam › Dekorasyon › Halı ve Zemin › Kilim,Renk,renk,COLOR,false,true,true,true,true,false,true,,1,Siyah;Beyaz;Gri;Mavi;Kırmızı;Diğer,plan,generic plan — refine per leaf in FAZ A
Ev ve Yaşam › Dekorasyon › Halı ve Zemin › Kilim,Garanti,garanti,SINGLE_SELECT,false,false,false,true,true,false,false,,2,Yok;6 Ay;12 Ay;24 Ay,plan,generic
Ev ve Yaşam › Dekorasyon › Halı ve Zemin › Paspas,Renk,renk,COLOR,false,true,true,true,true,false,true,,1,Siyah;Beyaz;Gri;Mavi;Kırmızı;Diğer,plan,generic plan — refine per leaf in FAZ A
Ev ve Yaşam › Dekorasyon › Halı ve Zemin › Paspas,Garanti,garanti,SINGLE_SELECT,false,false,false,true,true,false,false,,2,Yok;6 Ay;12 Ay;24 Ay,plan,generic
Ev ve Yaşam › Dekorasyon › Halı ve Zemin › PVC Zemin,Renk,renk,COLOR,false,true,true,true,true,false,true,,1,Siyah;Beyaz;Gri;Mavi;Kırmızı;Diğer,plan,generic plan — refine per leaf in FAZ A
Ev ve Yaşam › Dekorasyon › Halı ve Zemin › PVC Zemin,Garanti,garanti,SINGLE_SELECT,false,false,false,true,true,false,false,,2,Yok;6 Ay;12 Ay;24 Ay,plan,generic
Ev ve Yaşam › Dekorasyon › Halı ve Zemin › Yer Minderi,Renk,renk,COLOR,false,true,true,true,true,false,true,,1,Siyah;Beyaz;Gri;Mavi;Kırmızı;Diğer,plan,generic plan — refine per leaf in FAZ A
Ev ve Yaşam › Dekorasyon › Halı ve Zemin › Yer Minderi,Garanti,garanti,SINGLE_SELECT,false,false,false,true,true,false,false,,2,Yok;6 Ay;12 Ay;24 Ay,plan,generic
Ev ve Yaşam › Aydınlatma › İç Mekan › Avize,Renk,renk,COLOR,false,true,true,true,true,false,true,,1,Siyah;Beyaz;Gri;Mavi;Kırmızı;Diğer,plan,generic plan — refine per leaf in FAZ A
Ev ve Yaşam › Aydınlatma › İç Mekan › Avize,Garanti,garanti,SINGLE_SELECT,false,false,false,true,true,false,false,,2,Yok;6 Ay;12 Ay;24 Ay,plan,generic
Ev ve Yaşam › Aydınlatma › İç Mekan › Sarkıt,Renk,renk,COLOR,false,true,true,true,true,false,true,,1,Siyah;Beyaz;Gri;Mavi;Kırmızı;Diğer,plan,generic plan — refine per leaf in FAZ A
Ev ve Yaşam › Aydınlatma › İç Mekan › Sarkıt,Garanti,garanti,SINGLE_SELECT,false,false,false,true,true,false,false,,2,Yok;6 Ay;12 Ay;24 Ay,plan,generic
Ev ve Yaşam › Aydınlatma › İç Mekan › Plafonyer,Renk,renk,COLOR,false,true,true,true,true,false,true,,1,Siyah;Beyaz;Gri;Mavi;Kırmızı;Diğer,plan,generic plan — refine per leaf in FAZ A
Ev ve Yaşam › Aydınlatma › İç Mekan › Plafonyer,Garanti,garanti,SINGLE_SELECT,false,false,false,true,true,false,false,,2,Yok;6 Ay;12 Ay;24 Ay,plan,generic
Ev ve Yaşam › Aydınlatma › İç Mekan › Aplik,Renk,renk,COLOR,false,true,true,true,true,false,true,,1,Siyah;Beyaz;Gri;Mavi;Kırmızı;Diğer,plan,generic plan — refine per leaf in FAZ A
Ev ve Yaşam › Aydınlatma › İç Mekan › Aplik,Garanti,garanti,SINGLE_SELECT,false,false,false,true,true,false,false,,2,Yok;6 Ay;12 Ay;24 Ay,plan,generic
Ev ve Yaşam › Aydınlatma › İç Mekan › Lambader,Renk,renk,COLOR,false,true,true,true,true,false,true,,1,Siyah;Beyaz;Gri;Mavi;Kırmızı;Diğer,plan,generic plan — refine per leaf in FAZ A
Ev ve Yaşam › Aydınlatma › İç Mekan › Lambader,Garanti,garanti,SINGLE_SELECT,false,false,false,true,true,false,false,,2,Yok;6 Ay;12 Ay;24 Ay,plan,generic
Ev ve Yaşam › Aydınlatma › İç Mekan › Abajur,Renk,renk,COLOR,false,true,true,true,true,false,true,,1,Siyah;Beyaz;Gri;Mavi;Kırmızı;Diğer,plan,generic plan — refine per leaf in FAZ A
Ev ve Yaşam › Aydınlatma › İç Mekan › Abajur,Garanti,garanti,SINGLE_SELECT,false,false,false,true,true,false,false,,2,Yok;6 Ay;12 Ay;24 Ay,plan,generic
Ev ve Yaşam › Aydınlatma › İç Mekan › Masa Lambası,Renk,renk,COLOR,false,true,true,true,true,false,true,,1,Siyah;Beyaz;Gri;Mavi;Kırmızı;Diğer,plan,generic plan — refine per leaf in FAZ A
Ev ve Yaşam › Aydınlatma › İç Mekan › Masa Lambası,Garanti,garanti,SINGLE_SELECT,false,false,false,true,true,false,false,,2,Yok;6 Ay;12 Ay;24 Ay,plan,generic
Ev ve Yaşam › Aydınlatma › İç Mekan › Gece Lambası,Renk,renk,COLOR,false,true,true,true,true,false,true,,1,Siyah;Beyaz;Gri;Mavi;Kırmızı;Diğer,plan,generic plan — refine per leaf in FAZ A
Ev ve Yaşam › Aydınlatma › İç Mekan › Gece Lambası,Garanti,garanti,SINGLE_SELECT,false,false,false,true,true,false,false,,2,Yok;6 Ay;12 Ay;24 Ay,plan,generic
Ev ve Yaşam › Aydınlatma › Dış Mekan › Bahçe Aydınlatması,Renk,renk,COLOR,false,true,true,true,true,false,true,,1,Siyah;Beyaz;Gri;Mavi;Kırmızı;Diğer,plan,generic plan — refine per leaf in FAZ A
Ev ve Yaşam › Aydınlatma › Dış Mekan › Bahçe Aydınlatması,Garanti,garanti,SINGLE_SELECT,false,false,false,true,true,false,false,,2,Yok;6 Ay;12 Ay;24 Ay,plan,generic
Ev ve Yaşam › Aydınlatma › Dış Mekan › Solar Aydınlatma,Renk,renk,COLOR,false,true,true,true,true,false,true,,1,Siyah;Beyaz;Gri;Mavi;Kırmızı;Diğer,plan,generic plan — refine per leaf in FAZ A
Ev ve Yaşam › Aydınlatma › Dış Mekan › Solar Aydınlatma,Garanti,garanti,SINGLE_SELECT,false,false,false,true,true,false,false,,2,Yok;6 Ay;12 Ay;24 Ay,plan,generic
Ev ve Yaşam › Aydınlatma › Dış Mekan › Projektör,Renk,renk,COLOR,false,true,true,true,true,false,true,,1,Siyah;Beyaz;Gri;Mavi;Kırmızı;Diğer,plan,generic plan — refine per leaf in FAZ A
Ev ve Yaşam › Aydınlatma › Dış Mekan › Projektör,Garanti,garanti,SINGLE_SELECT,false,false,false,true,true,false,false,,2,Yok;6 Ay;12 Ay;24 Ay,plan,generic
Ev ve Yaşam › Aydınlatma › Dış Mekan › Sensörlü Aydınlatma,Renk,renk,COLOR,false,true,true,true,true,false,true,,1,Siyah;Beyaz;Gri;Mavi;Kırmızı;Diğer,plan,generic plan — refine per leaf in FAZ A
Ev ve Yaşam › Aydınlatma › Dış Mekan › Sensörlü Aydınlatma,Garanti,garanti,SINGLE_SELECT,false,false,false,true,true,false,false,,2,Yok;6 Ay;12 Ay;24 Ay,plan,generic
Ev ve Yaşam › Aydınlatma › Ampul ve Ekipman › LED Ampul,Renk,renk,COLOR,false,true,true,true,true,false,true,,1,Siyah;Beyaz;Gri;Mavi;Kırmızı;Diğer,plan,generic plan — refine per leaf in FAZ A
Ev ve Yaşam › Aydınlatma › Ampul ve Ekipman › LED Ampul,Garanti,garanti,SINGLE_SELECT,false,false,false,true,true,false,false,,2,Yok;6 Ay;12 Ay;24 Ay,plan,generic
Ev ve Yaşam › Aydınlatma › Ampul ve Ekipman › Akıllı Ampul,Renk,renk,COLOR,false,true,true,true,true,false,true,,1,Siyah;Beyaz;Gri;Mavi;Kırmızı;Diğer,plan,generic plan — refine per leaf in FAZ A
Ev ve Yaşam › Aydınlatma › Ampul ve Ekipman › Akıllı Ampul,Garanti,garanti,SINGLE_SELECT,false,false,false,true,true,false,false,,2,Yok;6 Ay;12 Ay;24 Ay,plan,generic
Ev ve Yaşam › Aydınlatma › Ampul ve Ekipman › Floresan,Renk,renk,COLOR,false,true,true,true,true,false,true,,1,Siyah;Beyaz;Gri;Mavi;Kırmızı;Diğer,plan,generic plan — refine per leaf in FAZ A
Ev ve Yaşam › Aydınlatma › Ampul ve Ekipman › Floresan,Garanti,garanti,SINGLE_SELECT,false,false,false,true,true,false,false,,2,Yok;6 Ay;12 Ay;24 Ay,plan,generic
Ev ve Yaşam › Aydınlatma › Ampul ve Ekipman › Şerit LED,Renk,renk,COLOR,false,true,true,true,true,false,true,,1,Siyah;Beyaz;Gri;Mavi;Kırmızı;Diğer,plan,generic plan — refine per leaf in FAZ A
Ev ve Yaşam › Aydınlatma › Ampul ve Ekipman › Şerit LED,Garanti,garanti,SINGLE_SELECT,false,false,false,true,true,false,false,,2,Yok;6 Ay;12 Ay;24 Ay,plan,generic
Ev ve Yaşam › Aydınlatma › Ampul ve Ekipman › LED Profil,Renk,renk,COLOR,false,true,true,true,true,false,true,,1,Siyah;Beyaz;Gri;Mavi;Kırmızı;Diğer,plan,generic plan — refine per leaf in FAZ A
Ev ve Yaşam › Aydınlatma › Ampul ve Ekipman › LED Profil,Garanti,garanti,SINGLE_SELECT,false,false,false,true,true,false,false,,2,Yok;6 Ay;12 Ay;24 Ay,plan,generic
Ev ve Yaşam › Aydınlatma › Ampul ve Ekipman › Duy ve Soket,Renk,renk,COLOR,false,true,true,true,true,false,true,,1,Siyah;Beyaz;Gri;Mavi;Kırmızı;Diğer,plan,generic plan — refine per leaf in FAZ A
Ev ve Yaşam › Aydınlatma › Ampul ve Ekipman › Duy ve Soket,Garanti,garanti,SINGLE_SELECT,false,false,false,true,true,false,false,,2,Yok;6 Ay;12 Ay;24 Ay,plan,generic
Ev ve Yaşam › Temizlik ve Düzen › Temizlik Ürünleri › Mop,Renk,renk,COLOR,false,true,true,true,true,false,true,,1,Siyah;Beyaz;Gri;Mavi;Kırmızı;Diğer,plan,generic plan — refine per leaf in FAZ A
Ev ve Yaşam › Temizlik ve Düzen › Temizlik Ürünleri › Mop,Garanti,garanti,SINGLE_SELECT,false,false,false,true,true,false,false,,2,Yok;6 Ay;12 Ay;24 Ay,plan,generic
Ev ve Yaşam › Temizlik ve Düzen › Temizlik Ürünleri › Kova,Renk,renk,COLOR,false,true,true,true,true,false,true,,1,Siyah;Beyaz;Gri;Mavi;Kırmızı;Diğer,plan,generic plan — refine per leaf in FAZ A
Ev ve Yaşam › Temizlik ve Düzen › Temizlik Ürünleri › Kova,Garanti,garanti,SINGLE_SELECT,false,false,false,true,true,false,false,,2,Yok;6 Ay;12 Ay;24 Ay,plan,generic
Ev ve Yaşam › Temizlik ve Düzen › Temizlik Ürünleri › Faraş ve Süpürge,Renk,renk,COLOR,false,true,true,true,true,false,true,,1,Siyah;Beyaz;Gri;Mavi;Kırmızı;Diğer,plan,generic plan — refine per leaf in FAZ A
Ev ve Yaşam › Temizlik ve Düzen › Temizlik Ürünleri › Faraş ve Süpürge,Garanti,garanti,SINGLE_SELECT,false,false,false,true,true,false,false,,2,Yok;6 Ay;12 Ay;24 Ay,plan,generic
Ev ve Yaşam › Temizlik ve Düzen › Temizlik Ürünleri › Cam Sileceği,Renk,renk,COLOR,false,true,true,true,true,false,true,,1,Siyah;Beyaz;Gri;Mavi;Kırmızı;Diğer,plan,generic plan — refine per leaf in FAZ A
Ev ve Yaşam › Temizlik ve Düzen › Temizlik Ürünleri › Cam Sileceği,Garanti,garanti,SINGLE_SELECT,false,false,false,true,true,false,false,,2,Yok;6 Ay;12 Ay;24 Ay,plan,generic
Ev ve Yaşam › Temizlik ve Düzen › Temizlik Ürünleri › Temizlik Bezi,Renk,renk,COLOR,false,true,true,true,true,false,true,,1,Siyah;Beyaz;Gri;Mavi;Kırmızı;Diğer,plan,generic plan — refine per leaf in FAZ A
Ev ve Yaşam › Temizlik ve Düzen › Temizlik Ürünleri › Temizlik Bezi,Garanti,garanti,SINGLE_SELECT,false,false,false,true,true,false,false,,2,Yok;6 Ay;12 Ay;24 Ay,plan,generic
Ev ve Yaşam › Temizlik ve Düzen › Temizlik Ürünleri › Fırça,Renk,renk,COLOR,false,true,true,true,true,false,true,,1,Siyah;Beyaz;Gri;Mavi;Kırmızı;Diğer,plan,generic plan — refine per leaf in FAZ A
Ev ve Yaşam › Temizlik ve Düzen › Temizlik Ürünleri › Fırça,Garanti,garanti,SINGLE_SELECT,false,false,false,true,true,false,false,,2,Yok;6 Ay;12 Ay;24 Ay,plan,generic
Ev ve Yaşam › Temizlik ve Düzen › Temizlik Ürünleri › Çamaşır Sepeti,Renk,renk,COLOR,false,true,true,true,true,false,true,,1,Siyah;Beyaz;Gri;Mavi;Kırmızı;Diğer,plan,generic plan — refine per leaf in FAZ A
Ev ve Yaşam › Temizlik ve Düzen › Temizlik Ürünleri › Çamaşır Sepeti,Garanti,garanti,SINGLE_SELECT,false,false,false,true,true,false,false,,2,Yok;6 Ay;12 Ay;24 Ay,plan,generic
Ev ve Yaşam › Temizlik ve Düzen › Düzenleyiciler › Hurç,Renk,renk,COLOR,false,true,true,true,true,false,true,,1,Siyah;Beyaz;Gri;Mavi;Kırmızı;Diğer,plan,generic plan — refine per leaf in FAZ A
Ev ve Yaşam › Temizlik ve Düzen › Düzenleyiciler › Hurç,Garanti,garanti,SINGLE_SELECT,false,false,false,true,true,false,false,,2,Yok;6 Ay;12 Ay;24 Ay,plan,generic
Ev ve Yaşam › Temizlik ve Düzen › Düzenleyiciler › Vakumlu Poşet,Renk,renk,COLOR,false,true,true,true,true,false,true,,1,Siyah;Beyaz;Gri;Mavi;Kırmızı;Diğer,plan,generic plan — refine per leaf in FAZ A
Ev ve Yaşam › Temizlik ve Düzen › Düzenleyiciler › Vakumlu Poşet,Garanti,garanti,SINGLE_SELECT,false,false,false,true,true,false,false,,2,Yok;6 Ay;12 Ay;24 Ay,plan,generic
Ev ve Yaşam › Temizlik ve Düzen › Düzenleyiciler › Askı,Renk,renk,COLOR,false,true,true,true,true,false,true,,1,Siyah;Beyaz;Gri;Mavi;Kırmızı;Diğer,plan,generic plan — refine per leaf in FAZ A
Ev ve Yaşam › Temizlik ve Düzen › Düzenleyiciler › Askı,Garanti,garanti,SINGLE_SELECT,false,false,false,true,true,false,false,,2,Yok;6 Ay;12 Ay;24 Ay,plan,generic
Ev ve Yaşam › Temizlik ve Düzen › Düzenleyiciler › Ayakkabı Organizeri,Renk,renk,COLOR,false,true,true,true,true,false,true,,1,Siyah;Beyaz;Gri;Mavi;Kırmızı;Diğer,plan,generic plan — refine per leaf in FAZ A
Ev ve Yaşam › Temizlik ve Düzen › Düzenleyiciler › Ayakkabı Organizeri,Garanti,garanti,SINGLE_SELECT,false,false,false,true,true,false,false,,2,Yok;6 Ay;12 Ay;24 Ay,plan,generic
Ev ve Yaşam › Temizlik ve Düzen › Düzenleyiciler › Çekmece Düzenleyici,Renk,renk,COLOR,false,true,true,true,true,false,true,,1,Siyah;Beyaz;Gri;Mavi;Kırmızı;Diğer,plan,generic plan — refine per leaf in FAZ A
Ev ve Yaşam › Temizlik ve Düzen › Düzenleyiciler › Çekmece Düzenleyici,Garanti,garanti,SINGLE_SELECT,false,false,false,true,true,false,false,,2,Yok;6 Ay;12 Ay;24 Ay,plan,generic
Ev ve Yaşam › Temizlik ve Düzen › Düzenleyiciler › Kutu ve Sepet,Renk,renk,COLOR,false,true,true,true,true,false,true,,1,Siyah;Beyaz;Gri;Mavi;Kırmızı;Diğer,plan,generic plan — refine per leaf in FAZ A
Ev ve Yaşam › Temizlik ve Düzen › Düzenleyiciler › Kutu ve Sepet,Garanti,garanti,SINGLE_SELECT,false,false,false,true,true,false,false,,2,Yok;6 Ay;12 Ay;24 Ay,plan,generic
Moda › Kadın › Üst Giyim › Tişört,Renk,renk,COLOR,false,true,true,true,true,false,true,,1,Siyah;Beyaz;Gri;Mavi;Kırmızı;Diğer,plan,generic plan — refine per leaf in FAZ A
Moda › Kadın › Üst Giyim › Tişört,Garanti,garanti,SINGLE_SELECT,false,false,false,true,true,false,false,,2,Yok;6 Ay;12 Ay;24 Ay,plan,generic
Moda › Kadın › Üst Giyim › Gömlek,Renk,renk,COLOR,false,true,true,true,true,false,true,,1,Siyah;Beyaz;Gri;Mavi;Kırmızı;Diğer,plan,generic plan — refine per leaf in FAZ A
Moda › Kadın › Üst Giyim › Gömlek,Garanti,garanti,SINGLE_SELECT,false,false,false,true,true,false,false,,2,Yok;6 Ay;12 Ay;24 Ay,plan,generic
Moda › Kadın › Üst Giyim › Bluz,Renk,renk,COLOR,false,true,true,true,true,false,true,,1,Siyah;Beyaz;Gri;Mavi;Kırmızı;Diğer,plan,generic plan — refine per leaf in FAZ A
Moda › Kadın › Üst Giyim › Bluz,Garanti,garanti,SINGLE_SELECT,false,false,false,true,true,false,false,,2,Yok;6 Ay;12 Ay;24 Ay,plan,generic
Moda › Kadın › Üst Giyim › Sweatshirt,Renk,renk,COLOR,false,true,true,true,true,false,true,,1,Siyah;Beyaz;Gri;Mavi;Kırmızı;Diğer,plan,generic plan — refine per leaf in FAZ A
Moda › Kadın › Üst Giyim › Sweatshirt,Garanti,garanti,SINGLE_SELECT,false,false,false,true,true,false,false,,2,Yok;6 Ay;12 Ay;24 Ay,plan,generic
Moda › Kadın › Üst Giyim › Kazak,Renk,renk,COLOR,false,true,true,true,true,false,true,,1,Siyah;Beyaz;Gri;Mavi;Kırmızı;Diğer,plan,generic plan — refine per leaf in FAZ A
Moda › Kadın › Üst Giyim › Kazak,Garanti,garanti,SINGLE_SELECT,false,false,false,true,true,false,false,,2,Yok;6 Ay;12 Ay;24 Ay,plan,generic
Moda › Kadın › Üst Giyim › Hırka,Renk,renk,COLOR,false,true,true,true,true,false,true,,1,Siyah;Beyaz;Gri;Mavi;Kırmızı;Diğer,plan,generic plan — refine per leaf in FAZ A
Moda › Kadın › Üst Giyim › Hırka,Garanti,garanti,SINGLE_SELECT,false,false,false,true,true,false,false,,2,Yok;6 Ay;12 Ay;24 Ay,plan,generic
Moda › Kadın › Üst Giyim › Tunik,Renk,renk,COLOR,false,true,true,true,true,false,true,,1,Siyah;Beyaz;Gri;Mavi;Kırmızı;Diğer,plan,generic plan — refine per leaf in FAZ A
Moda › Kadın › Üst Giyim › Tunik,Garanti,garanti,SINGLE_SELECT,false,false,false,true,true,false,false,,2,Yok;6 Ay;12 Ay;24 Ay,plan,generic
Moda › Kadın › Üst Giyim › Crop Top,Renk,renk,COLOR,false,true,true,true,true,false,true,,1,Siyah;Beyaz;Gri;Mavi;Kırmızı;Diğer,plan,generic plan — refine per leaf in FAZ A
Moda › Kadın › Üst Giyim › Crop Top,Garanti,garanti,SINGLE_SELECT,false,false,false,true,true,false,false,,2,Yok;6 Ay;12 Ay;24 Ay,plan,generic
Moda › Kadın › Alt Giyim › Pantolon,Renk,renk,COLOR,false,true,true,true,true,false,true,,1,Siyah;Beyaz;Gri;Mavi;Kırmızı;Diğer,plan,generic plan — refine per leaf in FAZ A
Moda › Kadın › Alt Giyim › Pantolon,Garanti,garanti,SINGLE_SELECT,false,false,false,true,true,false,false,,2,Yok;6 Ay;12 Ay;24 Ay,plan,generic
Moda › Kadın › Alt Giyim › Jean,Renk,renk,COLOR,false,true,true,true,true,false,true,,1,Siyah;Beyaz;Gri;Mavi;Kırmızı;Diğer,plan,generic plan — refine per leaf in FAZ A
Moda › Kadın › Alt Giyim › Jean,Garanti,garanti,SINGLE_SELECT,false,false,false,true,true,false,false,,2,Yok;6 Ay;12 Ay;24 Ay,plan,generic
Moda › Kadın › Alt Giyim › Etek,Renk,renk,COLOR,false,true,true,true,true,false,true,,1,Siyah;Beyaz;Gri;Mavi;Kırmızı;Diğer,plan,generic plan — refine per leaf in FAZ A
Moda › Kadın › Alt Giyim › Etek,Garanti,garanti,SINGLE_SELECT,false,false,false,true,true,false,false,,2,Yok;6 Ay;12 Ay;24 Ay,plan,generic
Moda › Kadın › Alt Giyim › Şort,Renk,renk,COLOR,false,true,true,true,true,false,true,,1,Siyah;Beyaz;Gri;Mavi;Kırmızı;Diğer,plan,generic plan — refine per leaf in FAZ A
Moda › Kadın › Alt Giyim › Şort,Garanti,garanti,SINGLE_SELECT,false,false,false,true,true,false,false,,2,Yok;6 Ay;12 Ay;24 Ay,plan,generic
Moda › Kadın › Alt Giyim › Tayt,Renk,renk,COLOR,false,true,true,true,true,false,true,,1,Siyah;Beyaz;Gri;Mavi;Kırmızı;Diğer,plan,generic plan — refine per leaf in FAZ A
Moda › Kadın › Alt Giyim › Tayt,Garanti,garanti,SINGLE_SELECT,false,false,false,true,true,false,false,,2,Yok;6 Ay;12 Ay;24 Ay,plan,generic
Moda › Kadın › Elbise ve Tulum › Günlük Elbise,Renk,renk,COLOR,false,true,true,true,true,false,true,,1,Siyah;Beyaz;Gri;Mavi;Kırmızı;Diğer,plan,generic plan — refine per leaf in FAZ A
Moda › Kadın › Elbise ve Tulum › Günlük Elbise,Garanti,garanti,SINGLE_SELECT,false,false,false,true,true,false,false,,2,Yok;6 Ay;12 Ay;24 Ay,plan,generic
Moda › Kadın › Elbise ve Tulum › Abiye Elbise,Renk,renk,COLOR,false,true,true,true,true,false,true,,1,Siyah;Beyaz;Gri;Mavi;Kırmızı;Diğer,plan,generic plan — refine per leaf in FAZ A
Moda › Kadın › Elbise ve Tulum › Abiye Elbise,Garanti,garanti,SINGLE_SELECT,false,false,false,true,true,false,false,,2,Yok;6 Ay;12 Ay;24 Ay,plan,generic
Moda › Kadın › Elbise ve Tulum › Tulum,Renk,renk,COLOR,false,true,true,true,true,false,true,,1,Siyah;Beyaz;Gri;Mavi;Kırmızı;Diğer,plan,generic plan — refine per leaf in FAZ A
Moda › Kadın › Elbise ve Tulum › Tulum,Garanti,garanti,SINGLE_SELECT,false,false,false,true,true,false,false,,2,Yok;6 Ay;12 Ay;24 Ay,plan,generic
Moda › Kadın › Elbise ve Tulum › Salopet,Renk,renk,COLOR,false,true,true,true,true,false,true,,1,Siyah;Beyaz;Gri;Mavi;Kırmızı;Diğer,plan,generic plan — refine per leaf in FAZ A
Moda › Kadın › Elbise ve Tulum › Salopet,Garanti,garanti,SINGLE_SELECT,false,false,false,true,true,false,false,,2,Yok;6 Ay;12 Ay;24 Ay,plan,generic
Moda › Kadın › Dış Giyim › Mont,Renk,renk,COLOR,false,true,true,true,true,false,true,,1,Siyah;Beyaz;Gri;Mavi;Kırmızı;Diğer,plan,generic plan — refine per leaf in FAZ A
Moda › Kadın › Dış Giyim › Mont,Garanti,garanti,SINGLE_SELECT,false,false,false,true,true,false,false,,2,Yok;6 Ay;12 Ay;24 Ay,plan,generic
Moda › Kadın › Dış Giyim › Kaban,Renk,renk,COLOR,false,true,true,true,true,false,true,,1,Siyah;Beyaz;Gri;Mavi;Kırmızı;Diğer,plan,generic plan — refine per leaf in FAZ A
Moda › Kadın › Dış Giyim › Kaban,Garanti,garanti,SINGLE_SELECT,false,false,false,true,true,false,false,,2,Yok;6 Ay;12 Ay;24 Ay,plan,generic
Moda › Kadın › Dış Giyim › Trençkot,Renk,renk,COLOR,false,true,true,true,true,false,true,,1,Siyah;Beyaz;Gri;Mavi;Kırmızı;Diğer,plan,generic plan — refine per leaf in FAZ A
Moda › Kadın › Dış Giyim › Trençkot,Garanti,garanti,SINGLE_SELECT,false,false,false,true,true,false,false,,2,Yok;6 Ay;12 Ay;24 Ay,plan,generic
Moda › Kadın › Dış Giyim › Ceket,Renk,renk,COLOR,false,true,true,true,true,false,true,,1,Siyah;Beyaz;Gri;Mavi;Kırmızı;Diğer,plan,generic plan — refine per leaf in FAZ A
Moda › Kadın › Dış Giyim › Ceket,Garanti,garanti,SINGLE_SELECT,false,false,false,true,true,false,false,,2,Yok;6 Ay;12 Ay;24 Ay,plan,generic
Moda › Kadın › Dış Giyim › Yelek,Renk,renk,COLOR,false,true,true,true,true,false,true,,1,Siyah;Beyaz;Gri;Mavi;Kırmızı;Diğer,plan,generic plan — refine per leaf in FAZ A
Moda › Kadın › Dış Giyim › Yelek,Garanti,garanti,SINGLE_SELECT,false,false,false,true,true,false,false,,2,Yok;6 Ay;12 Ay;24 Ay,plan,generic
Moda › Kadın › Dış Giyim › Yağmurluk,Renk,renk,COLOR,false,true,true,true,true,false,true,,1,Siyah;Beyaz;Gri;Mavi;Kırmızı;Diğer,plan,generic plan — refine per leaf in FAZ A
Moda › Kadın › Dış Giyim › Yağmurluk,Garanti,garanti,SINGLE_SELECT,false,false,false,true,true,false,false,,2,Yok;6 Ay;12 Ay;24 Ay,plan,generic
Moda › Kadın › İç Giyim › Sütyen,Renk,renk,COLOR,false,true,true,true,true,false,true,,1,Siyah;Beyaz;Gri;Mavi;Kırmızı;Diğer,plan,generic plan — refine per leaf in FAZ A
Moda › Kadın › İç Giyim › Sütyen,Garanti,garanti,SINGLE_SELECT,false,false,false,true,true,false,false,,2,Yok;6 Ay;12 Ay;24 Ay,plan,generic
Moda › Kadın › İç Giyim › Külot,Renk,renk,COLOR,false,true,true,true,true,false,true,,1,Siyah;Beyaz;Gri;Mavi;Kırmızı;Diğer,plan,generic plan — refine per leaf in FAZ A
Moda › Kadın › İç Giyim › Külot,Garanti,garanti,SINGLE_SELECT,false,false,false,true,true,false,false,,2,Yok;6 Ay;12 Ay;24 Ay,plan,generic
Moda › Kadın › İç Giyim › Atlet,Renk,renk,COLOR,false,true,true,true,true,false,true,,1,Siyah;Beyaz;Gri;Mavi;Kırmızı;Diğer,plan,generic plan — refine per leaf in FAZ A
Moda › Kadın › İç Giyim › Atlet,Garanti,garanti,SINGLE_SELECT,false,false,false,true,true,false,false,,2,Yok;6 Ay;12 Ay;24 Ay,plan,generic
Moda › Kadın › İç Giyim › Body,Renk,renk,COLOR,false,true,true,true,true,false,true,,1,Siyah;Beyaz;Gri;Mavi;Kırmızı;Diğer,plan,generic plan — refine per leaf in FAZ A
Moda › Kadın › İç Giyim › Body,Garanti,garanti,SINGLE_SELECT,false,false,false,true,true,false,false,,2,Yok;6 Ay;12 Ay;24 Ay,plan,generic
Moda › Kadın › İç Giyim › Gecelik,Renk,renk,COLOR,false,true,true,true,true,false,true,,1,Siyah;Beyaz;Gri;Mavi;Kırmızı;Diğer,plan,generic plan — refine per leaf in FAZ A
Moda › Kadın › İç Giyim › Gecelik,Garanti,garanti,SINGLE_SELECT,false,false,false,true,true,false,false,,2,Yok;6 Ay;12 Ay;24 Ay,plan,generic
Moda › Kadın › İç Giyim › Pijama,Renk,renk,COLOR,false,true,true,true,true,false,true,,1,Siyah;Beyaz;Gri;Mavi;Kırmızı;Diğer,plan,generic plan — refine per leaf in FAZ A
Moda › Kadın › İç Giyim › Pijama,Garanti,garanti,SINGLE_SELECT,false,false,false,true,true,false,false,,2,Yok;6 Ay;12 Ay;24 Ay,plan,generic
Moda › Kadın › İç Giyim › Sabahlık,Renk,renk,COLOR,false,true,true,true,true,false,true,,1,Siyah;Beyaz;Gri;Mavi;Kırmızı;Diğer,plan,generic plan — refine per leaf in FAZ A
Moda › Kadın › İç Giyim › Sabahlık,Garanti,garanti,SINGLE_SELECT,false,false,false,true,true,false,false,,2,Yok;6 Ay;12 Ay;24 Ay,plan,generic
Moda › Kadın › Tesettür › Ferace,Renk,renk,COLOR,false,true,true,true,true,false,true,,1,Siyah;Beyaz;Gri;Mavi;Kırmızı;Diğer,plan,generic plan — refine per leaf in FAZ A
Moda › Kadın › Tesettür › Ferace,Garanti,garanti,SINGLE_SELECT,false,false,false,true,true,false,false,,2,Yok;6 Ay;12 Ay;24 Ay,plan,generic
Moda › Kadın › Tesettür › Kap,Renk,renk,COLOR,false,true,true,true,true,false,true,,1,Siyah;Beyaz;Gri;Mavi;Kırmızı;Diğer,plan,generic plan — refine per leaf in FAZ A
Moda › Kadın › Tesettür › Kap,Garanti,garanti,SINGLE_SELECT,false,false,false,true,true,false,false,,2,Yok;6 Ay;12 Ay;24 Ay,plan,generic
Moda › Kadın › Tesettür › Tesettür Elbise,Renk,renk,COLOR,false,true,true,true,true,false,true,,1,Siyah;Beyaz;Gri;Mavi;Kırmızı;Diğer,plan,generic plan — refine per leaf in FAZ A
Moda › Kadın › Tesettür › Tesettür Elbise,Garanti,garanti,SINGLE_SELECT,false,false,false,true,true,false,false,,2,Yok;6 Ay;12 Ay;24 Ay,plan,generic
Moda › Kadın › Tesettür › Şal,Renk,renk,COLOR,false,true,true,true,true,false,true,,1,Siyah;Beyaz;Gri;Mavi;Kırmızı;Diğer,plan,generic plan — refine per leaf in FAZ A
Moda › Kadın › Tesettür › Şal,Garanti,garanti,SINGLE_SELECT,false,false,false,true,true,false,false,,2,Yok;6 Ay;12 Ay;24 Ay,plan,generic
Moda › Kadın › Tesettür › Eşarp,Renk,renk,COLOR,false,true,true,true,true,false,true,,1,Siyah;Beyaz;Gri;Mavi;Kırmızı;Diğer,plan,generic plan — refine per leaf in FAZ A
Moda › Kadın › Tesettür › Eşarp,Garanti,garanti,SINGLE_SELECT,false,false,false,true,true,false,false,,2,Yok;6 Ay;12 Ay;24 Ay,plan,generic
Moda › Erkek › Üst Giyim › Tişört,Renk,renk,COLOR,false,true,true,true,true,false,true,,1,Siyah;Beyaz;Gri;Mavi;Kırmızı;Diğer,plan,generic plan — refine per leaf in FAZ A
Moda › Erkek › Üst Giyim › Tişört,Garanti,garanti,SINGLE_SELECT,false,false,false,true,true,false,false,,2,Yok;6 Ay;12 Ay;24 Ay,plan,generic
Moda › Erkek › Üst Giyim › Polo Yaka Tişört,Renk,renk,COLOR,false,true,true,true,true,false,true,,1,Siyah;Beyaz;Gri;Mavi;Kırmızı;Diğer,plan,generic plan — refine per leaf in FAZ A
Moda › Erkek › Üst Giyim › Polo Yaka Tişört,Garanti,garanti,SINGLE_SELECT,false,false,false,true,true,false,false,,2,Yok;6 Ay;12 Ay;24 Ay,plan,generic
Moda › Erkek › Üst Giyim › Gömlek,Renk,renk,COLOR,false,true,true,true,true,false,true,,1,Siyah;Beyaz;Gri;Mavi;Kırmızı;Diğer,plan,generic plan — refine per leaf in FAZ A
Moda › Erkek › Üst Giyim › Gömlek,Garanti,garanti,SINGLE_SELECT,false,false,false,true,true,false,false,,2,Yok;6 Ay;12 Ay;24 Ay,plan,generic
Moda › Erkek › Üst Giyim › Sweatshirt,Renk,renk,COLOR,false,true,true,true,true,false,true,,1,Siyah;Beyaz;Gri;Mavi;Kırmızı;Diğer,plan,generic plan — refine per leaf in FAZ A
Moda › Erkek › Üst Giyim › Sweatshirt,Garanti,garanti,SINGLE_SELECT,false,false,false,true,true,false,false,,2,Yok;6 Ay;12 Ay;24 Ay,plan,generic
Moda › Erkek › Üst Giyim › Kazak,Renk,renk,COLOR,false,true,true,true,true,false,true,,1,Siyah;Beyaz;Gri;Mavi;Kırmızı;Diğer,plan,generic plan — refine per leaf in FAZ A
Moda › Erkek › Üst Giyim › Kazak,Garanti,garanti,SINGLE_SELECT,false,false,false,true,true,false,false,,2,Yok;6 Ay;12 Ay;24 Ay,plan,generic
Moda › Erkek › Üst Giyim › Hırka,Renk,renk,COLOR,false,true,true,true,true,false,true,,1,Siyah;Beyaz;Gri;Mavi;Kırmızı;Diğer,plan,generic plan — refine per leaf in FAZ A
Moda › Erkek › Üst Giyim › Hırka,Garanti,garanti,SINGLE_SELECT,false,false,false,true,true,false,false,,2,Yok;6 Ay;12 Ay;24 Ay,plan,generic
Moda › Erkek › Alt Giyim › Pantolon,Renk,renk,COLOR,false,true,true,true,true,false,true,,1,Siyah;Beyaz;Gri;Mavi;Kırmızı;Diğer,plan,generic plan — refine per leaf in FAZ A
Moda › Erkek › Alt Giyim › Pantolon,Garanti,garanti,SINGLE_SELECT,false,false,false,true,true,false,false,,2,Yok;6 Ay;12 Ay;24 Ay,plan,generic
Moda › Erkek › Alt Giyim › Jean,Renk,renk,COLOR,false,true,true,true,true,false,true,,1,Siyah;Beyaz;Gri;Mavi;Kırmızı;Diğer,plan,generic plan — refine per leaf in FAZ A
Moda › Erkek › Alt Giyim › Jean,Garanti,garanti,SINGLE_SELECT,false,false,false,true,true,false,false,,2,Yok;6 Ay;12 Ay;24 Ay,plan,generic
Moda › Erkek › Alt Giyim › Şort,Renk,renk,COLOR,false,true,true,true,true,false,true,,1,Siyah;Beyaz;Gri;Mavi;Kırmızı;Diğer,plan,generic plan — refine per leaf in FAZ A
Moda › Erkek › Alt Giyim › Şort,Garanti,garanti,SINGLE_SELECT,false,false,false,true,true,false,false,,2,Yok;6 Ay;12 Ay;24 Ay,plan,generic
Moda › Erkek › Alt Giyim › Eşofman Altı,Renk,renk,COLOR,false,true,true,true,true,false,true,,1,Siyah;Beyaz;Gri;Mavi;Kırmızı;Diğer,plan,generic plan — refine per leaf in FAZ A
Moda › Erkek › Alt Giyim › Eşofman Altı,Garanti,garanti,SINGLE_SELECT,false,false,false,true,true,false,false,,2,Yok;6 Ay;12 Ay;24 Ay,plan,generic
Moda › Erkek › Takım ve Dış Giyim › Takım Elbise,Renk,renk,COLOR,false,true,true,true,true,false,true,,1,Siyah;Beyaz;Gri;Mavi;Kırmızı;Diğer,plan,generic plan — refine per leaf in FAZ A
Moda › Erkek › Takım ve Dış Giyim › Takım Elbise,Garanti,garanti,SINGLE_SELECT,false,false,false,true,true,false,false,,2,Yok;6 Ay;12 Ay;24 Ay,plan,generic
Moda › Erkek › Takım ve Dış Giyim › Ceket,Renk,renk,COLOR,false,true,true,true,true,false,true,,1,Siyah;Beyaz;Gri;Mavi;Kırmızı;Diğer,plan,generic plan — refine per leaf in FAZ A
Moda › Erkek › Takım ve Dış Giyim › Ceket,Garanti,garanti,SINGLE_SELECT,false,false,false,true,true,false,false,,2,Yok;6 Ay;12 Ay;24 Ay,plan,generic
Moda › Erkek › Takım ve Dış Giyim › Mont,Renk,renk,COLOR,false,true,true,true,true,false,true,,1,Siyah;Beyaz;Gri;Mavi;Kırmızı;Diğer,plan,generic plan — refine per leaf in FAZ A
Moda › Erkek › Takım ve Dış Giyim › Mont,Garanti,garanti,SINGLE_SELECT,false,false,false,true,true,false,false,,2,Yok;6 Ay;12 Ay;24 Ay,plan,generic
Moda › Erkek › Takım ve Dış Giyim › Kaban,Renk,renk,COLOR,false,true,true,true,true,false,true,,1,Siyah;Beyaz;Gri;Mavi;Kırmızı;Diğer,plan,generic plan — refine per leaf in FAZ A
Moda › Erkek › Takım ve Dış Giyim › Kaban,Garanti,garanti,SINGLE_SELECT,false,false,false,true,true,false,false,,2,Yok;6 Ay;12 Ay;24 Ay,plan,generic
Moda › Erkek › Takım ve Dış Giyim › Yelek,Renk,renk,COLOR,false,true,true,true,true,false,true,,1,Siyah;Beyaz;Gri;Mavi;Kırmızı;Diğer,plan,generic plan — refine per leaf in FAZ A
Moda › Erkek › Takım ve Dış Giyim › Yelek,Garanti,garanti,SINGLE_SELECT,false,false,false,true,true,false,false,,2,Yok;6 Ay;12 Ay;24 Ay,plan,generic
Moda › Erkek › Takım ve Dış Giyim › Yağmurluk,Renk,renk,COLOR,false,true,true,true,true,false,true,,1,Siyah;Beyaz;Gri;Mavi;Kırmızı;Diğer,plan,generic plan — refine per leaf in FAZ A
Moda › Erkek › Takım ve Dış Giyim › Yağmurluk,Garanti,garanti,SINGLE_SELECT,false,false,false,true,true,false,false,,2,Yok;6 Ay;12 Ay;24 Ay,plan,generic
Moda › Erkek › İç Giyim › Boxer,Renk,renk,COLOR,false,true,true,true,true,false,true,,1,Siyah;Beyaz;Gri;Mavi;Kırmızı;Diğer,plan,generic plan — refine per leaf in FAZ A
Moda › Erkek › İç Giyim › Boxer,Garanti,garanti,SINGLE_SELECT,false,false,false,true,true,false,false,,2,Yok;6 Ay;12 Ay;24 Ay,plan,generic
Moda › Erkek › İç Giyim › Atlet,Renk,renk,COLOR,false,true,true,true,true,false,true,,1,Siyah;Beyaz;Gri;Mavi;Kırmızı;Diğer,plan,generic plan — refine per leaf in FAZ A
Moda › Erkek › İç Giyim › Atlet,Garanti,garanti,SINGLE_SELECT,false,false,false,true,true,false,false,,2,Yok;6 Ay;12 Ay;24 Ay,plan,generic
Moda › Erkek › İç Giyim › Fanila,Renk,renk,COLOR,false,true,true,true,true,false,true,,1,Siyah;Beyaz;Gri;Mavi;Kırmızı;Diğer,plan,generic plan — refine per leaf in FAZ A
Moda › Erkek › İç Giyim › Fanila,Garanti,garanti,SINGLE_SELECT,false,false,false,true,true,false,false,,2,Yok;6 Ay;12 Ay;24 Ay,plan,generic
Moda › Erkek › İç Giyim › Pijama,Renk,renk,COLOR,false,true,true,true,true,false,true,,1,Siyah;Beyaz;Gri;Mavi;Kırmızı;Diğer,plan,generic plan — refine per leaf in FAZ A
Moda › Erkek › İç Giyim › Pijama,Garanti,garanti,SINGLE_SELECT,false,false,false,true,true,false,false,,2,Yok;6 Ay;12 Ay;24 Ay,plan,generic
Moda › Erkek › İç Giyim › Çorap,Renk,renk,COLOR,false,true,true,true,true,false,true,,1,Siyah;Beyaz;Gri;Mavi;Kırmızı;Diğer,plan,generic plan — refine per leaf in FAZ A
Moda › Erkek › İç Giyim › Çorap,Garanti,garanti,SINGLE_SELECT,false,false,false,true,true,false,false,,2,Yok;6 Ay;12 Ay;24 Ay,plan,generic
Moda › Ayakkabı › Kadın Ayakkabı › Sneaker,Renk,renk,COLOR,false,true,true,true,true,false,true,,1,Siyah;Beyaz;Gri;Mavi;Kırmızı;Diğer,plan,generic plan — refine per leaf in FAZ A
Moda › Ayakkabı › Kadın Ayakkabı › Sneaker,Garanti,garanti,SINGLE_SELECT,false,false,false,true,true,false,false,,2,Yok;6 Ay;12 Ay;24 Ay,plan,generic
Moda › Ayakkabı › Kadın Ayakkabı › Topuklu Ayakkabı,Renk,renk,COLOR,false,true,true,true,true,false,true,,1,Siyah;Beyaz;Gri;Mavi;Kırmızı;Diğer,plan,generic plan — refine per leaf in FAZ A
Moda › Ayakkabı › Kadın Ayakkabı › Topuklu Ayakkabı,Garanti,garanti,SINGLE_SELECT,false,false,false,true,true,false,false,,2,Yok;6 Ay;12 Ay;24 Ay,plan,generic
Moda › Ayakkabı › Kadın Ayakkabı › Babet,Renk,renk,COLOR,false,true,true,true,true,false,true,,1,Siyah;Beyaz;Gri;Mavi;Kırmızı;Diğer,plan,generic plan — refine per leaf in FAZ A
Moda › Ayakkabı › Kadın Ayakkabı › Babet,Garanti,garanti,SINGLE_SELECT,false,false,false,true,true,false,false,,2,Yok;6 Ay;12 Ay;24 Ay,plan,generic
Moda › Ayakkabı › Kadın Ayakkabı › Sandalet,Renk,renk,COLOR,false,true,true,true,true,false,true,,1,Siyah;Beyaz;Gri;Mavi;Kırmızı;Diğer,plan,generic plan — refine per leaf in FAZ A
Moda › Ayakkabı › Kadın Ayakkabı › Sandalet,Garanti,garanti,SINGLE_SELECT,false,false,false,true,true,false,false,,2,Yok;6 Ay;12 Ay;24 Ay,plan,generic
Moda › Ayakkabı › Kadın Ayakkabı › Bot,Renk,renk,COLOR,false,true,true,true,true,false,true,,1,Siyah;Beyaz;Gri;Mavi;Kırmızı;Diğer,plan,generic plan — refine per leaf in FAZ A
Moda › Ayakkabı › Kadın Ayakkabı › Bot,Garanti,garanti,SINGLE_SELECT,false,false,false,true,true,false,false,,2,Yok;6 Ay;12 Ay;24 Ay,plan,generic
Moda › Ayakkabı › Kadın Ayakkabı › Çizme,Renk,renk,COLOR,false,true,true,true,true,false,true,,1,Siyah;Beyaz;Gri;Mavi;Kırmızı;Diğer,plan,generic plan — refine per leaf in FAZ A
Moda › Ayakkabı › Kadın Ayakkabı › Çizme,Garanti,garanti,SINGLE_SELECT,false,false,false,true,true,false,false,,2,Yok;6 Ay;12 Ay;24 Ay,plan,generic
Moda › Ayakkabı › Kadın Ayakkabı › Terlik,Renk,renk,COLOR,false,true,true,true,true,false,true,,1,Siyah;Beyaz;Gri;Mavi;Kırmızı;Diğer,plan,generic plan — refine per leaf in FAZ A
Moda › Ayakkabı › Kadın Ayakkabı › Terlik,Garanti,garanti,SINGLE_SELECT,false,false,false,true,true,false,false,,2,Yok;6 Ay;12 Ay;24 Ay,plan,generic
Moda › Ayakkabı › Erkek Ayakkabı › Sneaker,Renk,renk,COLOR,false,true,true,true,true,false,true,,1,Siyah;Beyaz;Gri;Mavi;Kırmızı;Diğer,plan,generic plan — refine per leaf in FAZ A
Moda › Ayakkabı › Erkek Ayakkabı › Sneaker,Garanti,garanti,SINGLE_SELECT,false,false,false,true,true,false,false,,2,Yok;6 Ay;12 Ay;24 Ay,plan,generic
Moda › Ayakkabı › Erkek Ayakkabı › Klasik Ayakkabı,Renk,renk,COLOR,false,true,true,true,true,false,true,,1,Siyah;Beyaz;Gri;Mavi;Kırmızı;Diğer,plan,generic plan — refine per leaf in FAZ A
Moda › Ayakkabı › Erkek Ayakkabı › Klasik Ayakkabı,Garanti,garanti,SINGLE_SELECT,false,false,false,true,true,false,false,,2,Yok;6 Ay;12 Ay;24 Ay,plan,generic
Moda › Ayakkabı › Erkek Ayakkabı › Loafer,Renk,renk,COLOR,false,true,true,true,true,false,true,,1,Siyah;Beyaz;Gri;Mavi;Kırmızı;Diğer,plan,generic plan — refine per leaf in FAZ A
Moda › Ayakkabı › Erkek Ayakkabı › Loafer,Garanti,garanti,SINGLE_SELECT,false,false,false,true,true,false,false,,2,Yok;6 Ay;12 Ay;24 Ay,plan,generic
Moda › Ayakkabı › Erkek Ayakkabı › Bot,Renk,renk,COLOR,false,true,true,true,true,false,true,,1,Siyah;Beyaz;Gri;Mavi;Kırmızı;Diğer,plan,generic plan — refine per leaf in FAZ A
Moda › Ayakkabı › Erkek Ayakkabı › Bot,Garanti,garanti,SINGLE_SELECT,false,false,false,true,true,false,false,,2,Yok;6 Ay;12 Ay;24 Ay,plan,generic
Moda › Ayakkabı › Erkek Ayakkabı › Sandalet,Renk,renk,COLOR,false,true,true,true,true,false,true,,1,Siyah;Beyaz;Gri;Mavi;Kırmızı;Diğer,plan,generic plan — refine per leaf in FAZ A
Moda › Ayakkabı › Erkek Ayakkabı › Sandalet,Garanti,garanti,SINGLE_SELECT,false,false,false,true,true,false,false,,2,Yok;6 Ay;12 Ay;24 Ay,plan,generic
Moda › Ayakkabı › Erkek Ayakkabı › Terlik,Renk,renk,COLOR,false,true,true,true,true,false,true,,1,Siyah;Beyaz;Gri;Mavi;Kırmızı;Diğer,plan,generic plan — refine per leaf in FAZ A
Moda › Ayakkabı › Erkek Ayakkabı › Terlik,Garanti,garanti,SINGLE_SELECT,false,false,false,true,true,false,false,,2,Yok;6 Ay;12 Ay;24 Ay,plan,generic
Moda › Ayakkabı › Spor Ayakkabı › Koşu Ayakkabısı,Renk,renk,COLOR,false,true,true,true,true,false,true,,1,Siyah;Beyaz;Gri;Mavi;Kırmızı;Diğer,plan,generic plan — refine per leaf in FAZ A
Moda › Ayakkabı › Spor Ayakkabı › Koşu Ayakkabısı,Garanti,garanti,SINGLE_SELECT,false,false,false,true,true,false,false,,2,Yok;6 Ay;12 Ay;24 Ay,plan,generic
Moda › Ayakkabı › Spor Ayakkabı › Yürüyüş Ayakkabısı,Renk,renk,COLOR,false,true,true,true,true,false,true,,1,Siyah;Beyaz;Gri;Mavi;Kırmızı;Diğer,plan,generic plan — refine per leaf in FAZ A
Moda › Ayakkabı › Spor Ayakkabı › Yürüyüş Ayakkabısı,Garanti,garanti,SINGLE_SELECT,false,false,false,true,true,false,false,,2,Yok;6 Ay;12 Ay;24 Ay,plan,generic
Moda › Ayakkabı › Spor Ayakkabı › Basketbol Ayakkabısı,Renk,renk,COLOR,false,true,true,true,true,false,true,,1,Siyah;Beyaz;Gri;Mavi;Kırmızı;Diğer,plan,generic plan — refine per leaf in FAZ A
Moda › Ayakkabı › Spor Ayakkabı › Basketbol Ayakkabısı,Garanti,garanti,SINGLE_SELECT,false,false,false,true,true,false,false,,2,Yok;6 Ay;12 Ay;24 Ay,plan,generic
Moda › Ayakkabı › Spor Ayakkabı › Futbol Ayakkabısı,Renk,renk,COLOR,false,true,true,true,true,false,true,,1,Siyah;Beyaz;Gri;Mavi;Kırmızı;Diğer,plan,generic plan — refine per leaf in FAZ A
Moda › Ayakkabı › Spor Ayakkabı › Futbol Ayakkabısı,Garanti,garanti,SINGLE_SELECT,false,false,false,true,true,false,false,,2,Yok;6 Ay;12 Ay;24 Ay,plan,generic
Moda › Ayakkabı › Spor Ayakkabı › Outdoor Ayakkabı,Renk,renk,COLOR,false,true,true,true,true,false,true,,1,Siyah;Beyaz;Gri;Mavi;Kırmızı;Diğer,plan,generic plan — refine per leaf in FAZ A
Moda › Ayakkabı › Spor Ayakkabı › Outdoor Ayakkabı,Garanti,garanti,SINGLE_SELECT,false,false,false,true,true,false,false,,2,Yok;6 Ay;12 Ay;24 Ay,plan,generic
Moda › Çanta ve Aksesuar › Çanta › Omuz Çantası,Renk,renk,COLOR,false,true,true,true,true,false,true,,1,Siyah;Beyaz;Gri;Mavi;Kırmızı;Diğer,plan,generic plan — refine per leaf in FAZ A
Moda › Çanta ve Aksesuar › Çanta › Omuz Çantası,Garanti,garanti,SINGLE_SELECT,false,false,false,true,true,false,false,,2,Yok;6 Ay;12 Ay;24 Ay,plan,generic
Moda › Çanta ve Aksesuar › Çanta › El Çantası,Renk,renk,COLOR,false,true,true,true,true,false,true,,1,Siyah;Beyaz;Gri;Mavi;Kırmızı;Diğer,plan,generic plan — refine per leaf in FAZ A
Moda › Çanta ve Aksesuar › Çanta › El Çantası,Garanti,garanti,SINGLE_SELECT,false,false,false,true,true,false,false,,2,Yok;6 Ay;12 Ay;24 Ay,plan,generic
Moda › Çanta ve Aksesuar › Çanta › Sırt Çantası,Renk,renk,COLOR,false,true,true,true,true,false,true,,1,Siyah;Beyaz;Gri;Mavi;Kırmızı;Diğer,plan,generic plan — refine per leaf in FAZ A
Moda › Çanta ve Aksesuar › Çanta › Sırt Çantası,Garanti,garanti,SINGLE_SELECT,false,false,false,true,true,false,false,,2,Yok;6 Ay;12 Ay;24 Ay,plan,generic
Moda › Çanta ve Aksesuar › Çanta › Bel Çantası,Renk,renk,COLOR,false,true,true,true,true,false,true,,1,Siyah;Beyaz;Gri;Mavi;Kırmızı;Diğer,plan,generic plan — refine per leaf in FAZ A
Moda › Çanta ve Aksesuar › Çanta › Bel Çantası,Garanti,garanti,SINGLE_SELECT,false,false,false,true,true,false,false,,2,Yok;6 Ay;12 Ay;24 Ay,plan,generic
Moda › Çanta ve Aksesuar › Çanta › Laptop Çantası,Renk,renk,COLOR,false,true,true,true,true,false,true,,1,Siyah;Beyaz;Gri;Mavi;Kırmızı;Diğer,plan,generic plan — refine per leaf in FAZ A
Moda › Çanta ve Aksesuar › Çanta › Laptop Çantası,Garanti,garanti,SINGLE_SELECT,false,false,false,true,true,false,false,,2,Yok;6 Ay;12 Ay;24 Ay,plan,generic
Moda › Çanta ve Aksesuar › Çanta › Valiz,Renk,renk,COLOR,false,true,true,true,true,false,true,,1,Siyah;Beyaz;Gri;Mavi;Kırmızı;Diğer,plan,generic plan — refine per leaf in FAZ A
Moda › Çanta ve Aksesuar › Çanta › Valiz,Garanti,garanti,SINGLE_SELECT,false,false,false,true,true,false,false,,2,Yok;6 Ay;12 Ay;24 Ay,plan,generic
Moda › Çanta ve Aksesuar › Çanta › Cüzdan,Renk,renk,COLOR,false,true,true,true,true,false,true,,1,Siyah;Beyaz;Gri;Mavi;Kırmızı;Diğer,plan,generic plan — refine per leaf in FAZ A
Moda › Çanta ve Aksesuar › Çanta › Cüzdan,Garanti,garanti,SINGLE_SELECT,false,false,false,true,true,false,false,,2,Yok;6 Ay;12 Ay;24 Ay,plan,generic
Moda › Çanta ve Aksesuar › Çanta › Kartlık,Renk,renk,COLOR,false,true,true,true,true,false,true,,1,Siyah;Beyaz;Gri;Mavi;Kırmızı;Diğer,plan,generic plan — refine per leaf in FAZ A
Moda › Çanta ve Aksesuar › Çanta › Kartlık,Garanti,garanti,SINGLE_SELECT,false,false,false,true,true,false,false,,2,Yok;6 Ay;12 Ay;24 Ay,plan,generic
Moda › Çanta ve Aksesuar › Aksesuar › Kemer,Renk,renk,COLOR,false,true,true,true,true,false,true,,1,Siyah;Beyaz;Gri;Mavi;Kırmızı;Diğer,plan,generic plan — refine per leaf in FAZ A
Moda › Çanta ve Aksesuar › Aksesuar › Kemer,Garanti,garanti,SINGLE_SELECT,false,false,false,true,true,false,false,,2,Yok;6 Ay;12 Ay;24 Ay,plan,generic
Moda › Çanta ve Aksesuar › Aksesuar › Şapka,Renk,renk,COLOR,false,true,true,true,true,false,true,,1,Siyah;Beyaz;Gri;Mavi;Kırmızı;Diğer,plan,generic plan — refine per leaf in FAZ A
Moda › Çanta ve Aksesuar › Aksesuar › Şapka,Garanti,garanti,SINGLE_SELECT,false,false,false,true,true,false,false,,2,Yok;6 Ay;12 Ay;24 Ay,plan,generic
Moda › Çanta ve Aksesuar › Aksesuar › Bere,Renk,renk,COLOR,false,true,true,true,true,false,true,,1,Siyah;Beyaz;Gri;Mavi;Kırmızı;Diğer,plan,generic plan — refine per leaf in FAZ A
Moda › Çanta ve Aksesuar › Aksesuar › Bere,Garanti,garanti,SINGLE_SELECT,false,false,false,true,true,false,false,,2,Yok;6 Ay;12 Ay;24 Ay,plan,generic
Moda › Çanta ve Aksesuar › Aksesuar › Atkı,Renk,renk,COLOR,false,true,true,true,true,false,true,,1,Siyah;Beyaz;Gri;Mavi;Kırmızı;Diğer,plan,generic plan — refine per leaf in FAZ A
Moda › Çanta ve Aksesuar › Aksesuar › Atkı,Garanti,garanti,SINGLE_SELECT,false,false,false,true,true,false,false,,2,Yok;6 Ay;12 Ay;24 Ay,plan,generic
Moda › Çanta ve Aksesuar › Aksesuar › Eldiven,Renk,renk,COLOR,false,true,true,true,true,false,true,,1,Siyah;Beyaz;Gri;Mavi;Kırmızı;Diğer,plan,generic plan — refine per leaf in FAZ A
Moda › Çanta ve Aksesuar › Aksesuar › Eldiven,Garanti,garanti,SINGLE_SELECT,false,false,false,true,true,false,false,,2,Yok;6 Ay;12 Ay;24 Ay,plan,generic
Moda › Çanta ve Aksesuar › Aksesuar › Güneş Gözlüğü,Renk,renk,COLOR,false,true,true,true,true,false,true,,1,Siyah;Beyaz;Gri;Mavi;Kırmızı;Diğer,plan,generic plan — refine per leaf in FAZ A
Moda › Çanta ve Aksesuar › Aksesuar › Güneş Gözlüğü,Garanti,garanti,SINGLE_SELECT,false,false,false,true,true,false,false,,2,Yok;6 Ay;12 Ay;24 Ay,plan,generic
Moda › Çanta ve Aksesuar › Aksesuar › Şemsiye,Renk,renk,COLOR,false,true,true,true,true,false,true,,1,Siyah;Beyaz;Gri;Mavi;Kırmızı;Diğer,plan,generic plan — refine per leaf in FAZ A
Moda › Çanta ve Aksesuar › Aksesuar › Şemsiye,Garanti,garanti,SINGLE_SELECT,false,false,false,true,true,false,false,,2,Yok;6 Ay;12 Ay;24 Ay,plan,generic
Moda › Çanta ve Aksesuar › Takı › Kolye,Renk,renk,COLOR,false,true,true,true,true,false,true,,1,Siyah;Beyaz;Gri;Mavi;Kırmızı;Diğer,plan,generic plan — refine per leaf in FAZ A
Moda › Çanta ve Aksesuar › Takı › Kolye,Garanti,garanti,SINGLE_SELECT,false,false,false,true,true,false,false,,2,Yok;6 Ay;12 Ay;24 Ay,plan,generic
Moda › Çanta ve Aksesuar › Takı › Bileklik,Renk,renk,COLOR,false,true,true,true,true,false,true,,1,Siyah;Beyaz;Gri;Mavi;Kırmızı;Diğer,plan,generic plan — refine per leaf in FAZ A
Moda › Çanta ve Aksesuar › Takı › Bileklik,Garanti,garanti,SINGLE_SELECT,false,false,false,true,true,false,false,,2,Yok;6 Ay;12 Ay;24 Ay,plan,generic
Moda › Çanta ve Aksesuar › Takı › Küpe,Renk,renk,COLOR,false,true,true,true,true,false,true,,1,Siyah;Beyaz;Gri;Mavi;Kırmızı;Diğer,plan,generic plan — refine per leaf in FAZ A
Moda › Çanta ve Aksesuar › Takı › Küpe,Garanti,garanti,SINGLE_SELECT,false,false,false,true,true,false,false,,2,Yok;6 Ay;12 Ay;24 Ay,plan,generic
Moda › Çanta ve Aksesuar › Takı › Yüzük,Renk,renk,COLOR,false,true,true,true,true,false,true,,1,Siyah;Beyaz;Gri;Mavi;Kırmızı;Diğer,plan,generic plan — refine per leaf in FAZ A
Moda › Çanta ve Aksesuar › Takı › Yüzük,Garanti,garanti,SINGLE_SELECT,false,false,false,true,true,false,false,,2,Yok;6 Ay;12 Ay;24 Ay,plan,generic
Moda › Çanta ve Aksesuar › Takı › Halhal,Renk,renk,COLOR,false,true,true,true,true,false,true,,1,Siyah;Beyaz;Gri;Mavi;Kırmızı;Diğer,plan,generic plan — refine per leaf in FAZ A
Moda › Çanta ve Aksesuar › Takı › Halhal,Garanti,garanti,SINGLE_SELECT,false,false,false,true,true,false,false,,2,Yok;6 Ay;12 Ay;24 Ay,plan,generic
Moda › Çanta ve Aksesuar › Takı › Broş,Renk,renk,COLOR,false,true,true,true,true,false,true,,1,Siyah;Beyaz;Gri;Mavi;Kırmızı;Diğer,plan,generic plan — refine per leaf in FAZ A
Moda › Çanta ve Aksesuar › Takı › Broş,Garanti,garanti,SINGLE_SELECT,false,false,false,true,true,false,false,,2,Yok;6 Ay;12 Ay;24 Ay,plan,generic
"Anne, Bebek ve Çocuk › Bebek Arabası ve Taşıma › Bebek Arabası › Travel Sistem Bebek Arabası",Renk,renk,COLOR,false,true,true,true,true,false,true,,1,Siyah;Beyaz;Gri;Mavi;Kırmızı;Diğer,plan,generic plan — refine per leaf in FAZ A
"Anne, Bebek ve Çocuk › Bebek Arabası ve Taşıma › Bebek Arabası › Travel Sistem Bebek Arabası",Garanti,garanti,SINGLE_SELECT,false,false,false,true,true,false,false,,2,Yok;6 Ay;12 Ay;24 Ay,plan,generic
"Anne, Bebek ve Çocuk › Bebek Arabası ve Taşıma › Bebek Arabası › Baston Bebek Arabası",Renk,renk,COLOR,false,true,true,true,true,false,true,,1,Siyah;Beyaz;Gri;Mavi;Kırmızı;Diğer,plan,generic plan — refine per leaf in FAZ A
"Anne, Bebek ve Çocuk › Bebek Arabası ve Taşıma › Bebek Arabası › Baston Bebek Arabası",Garanti,garanti,SINGLE_SELECT,false,false,false,true,true,false,false,,2,Yok;6 Ay;12 Ay;24 Ay,plan,generic
"Anne, Bebek ve Çocuk › Bebek Arabası ve Taşıma › Bebek Arabası › İkiz Bebek Arabası",Renk,renk,COLOR,false,true,true,true,true,false,true,,1,Siyah;Beyaz;Gri;Mavi;Kırmızı;Diğer,plan,generic plan — refine per leaf in FAZ A
"Anne, Bebek ve Çocuk › Bebek Arabası ve Taşıma › Bebek Arabası › İkiz Bebek Arabası",Garanti,garanti,SINGLE_SELECT,false,false,false,true,true,false,false,,2,Yok;6 Ay;12 Ay;24 Ay,plan,generic
"Anne, Bebek ve Çocuk › Bebek Arabası ve Taşıma › Bebek Arabası › Jogger Bebek Arabası",Renk,renk,COLOR,false,true,true,true,true,false,true,,1,Siyah;Beyaz;Gri;Mavi;Kırmızı;Diğer,plan,generic plan — refine per leaf in FAZ A
"Anne, Bebek ve Çocuk › Bebek Arabası ve Taşıma › Bebek Arabası › Jogger Bebek Arabası",Garanti,garanti,SINGLE_SELECT,false,false,false,true,true,false,false,,2,Yok;6 Ay;12 Ay;24 Ay,plan,generic
"Anne, Bebek ve Çocuk › Bebek Arabası ve Taşıma › Taşıma › Ana Kucağı",Renk,renk,COLOR,false,true,true,true,true,false,true,,1,Siyah;Beyaz;Gri;Mavi;Kırmızı;Diğer,plan,generic plan — refine per leaf in FAZ A
"Anne, Bebek ve Çocuk › Bebek Arabası ve Taşıma › Taşıma › Ana Kucağı",Garanti,garanti,SINGLE_SELECT,false,false,false,true,true,false,false,,2,Yok;6 Ay;12 Ay;24 Ay,plan,generic
"Anne, Bebek ve Çocuk › Bebek Arabası ve Taşıma › Taşıma › Puset",Renk,renk,COLOR,false,true,true,true,true,false,true,,1,Siyah;Beyaz;Gri;Mavi;Kırmızı;Diğer,plan,generic plan — refine per leaf in FAZ A
"Anne, Bebek ve Çocuk › Bebek Arabası ve Taşıma › Taşıma › Puset",Garanti,garanti,SINGLE_SELECT,false,false,false,true,true,false,false,,2,Yok;6 Ay;12 Ay;24 Ay,plan,generic
"Anne, Bebek ve Çocuk › Bebek Arabası ve Taşıma › Taşıma › Kanguru",Renk,renk,COLOR,false,true,true,true,true,false,true,,1,Siyah;Beyaz;Gri;Mavi;Kırmızı;Diğer,plan,generic plan — refine per leaf in FAZ A
"Anne, Bebek ve Çocuk › Bebek Arabası ve Taşıma › Taşıma › Kanguru",Garanti,garanti,SINGLE_SELECT,false,false,false,true,true,false,false,,2,Yok;6 Ay;12 Ay;24 Ay,plan,generic
"Anne, Bebek ve Çocuk › Bebek Arabası ve Taşıma › Taşıma › Sling",Renk,renk,COLOR,false,true,true,true,true,false,true,,1,Siyah;Beyaz;Gri;Mavi;Kırmızı;Diğer,plan,generic plan — refine per leaf in FAZ A
"Anne, Bebek ve Çocuk › Bebek Arabası ve Taşıma › Taşıma › Sling",Garanti,garanti,SINGLE_SELECT,false,false,false,true,true,false,false,,2,Yok;6 Ay;12 Ay;24 Ay,plan,generic
"Anne, Bebek ve Çocuk › Bebek Arabası ve Taşıma › Taşıma › Portbebe",Renk,renk,COLOR,false,true,true,true,true,false,true,,1,Siyah;Beyaz;Gri;Mavi;Kırmızı;Diğer,plan,generic plan — refine per leaf in FAZ A
"Anne, Bebek ve Çocuk › Bebek Arabası ve Taşıma › Taşıma › Portbebe",Garanti,garanti,SINGLE_SELECT,false,false,false,true,true,false,false,,2,Yok;6 Ay;12 Ay;24 Ay,plan,generic
"Anne, Bebek ve Çocuk › Bebek Odası › Mobilya › Bebek Beşiği",Renk,renk,COLOR,false,true,true,true,true,false,true,,1,Siyah;Beyaz;Gri;Mavi;Kırmızı;Diğer,plan,generic plan — refine per leaf in FAZ A
"Anne, Bebek ve Çocuk › Bebek Odası › Mobilya › Bebek Beşiği",Garanti,garanti,SINGLE_SELECT,false,false,false,true,true,false,false,,2,Yok;6 Ay;12 Ay;24 Ay,plan,generic
"Anne, Bebek ve Çocuk › Bebek Odası › Mobilya › Bebek Karyolası",Renk,renk,COLOR,false,true,true,true,true,false,true,,1,Siyah;Beyaz;Gri;Mavi;Kırmızı;Diğer,plan,generic plan — refine per leaf in FAZ A
"Anne, Bebek ve Çocuk › Bebek Odası › Mobilya › Bebek Karyolası",Garanti,garanti,SINGLE_SELECT,false,false,false,true,true,false,false,,2,Yok;6 Ay;12 Ay;24 Ay,plan,generic
"Anne, Bebek ve Çocuk › Bebek Odası › Mobilya › Bebek Yatağı",Renk,renk,COLOR,false,true,true,true,true,false,true,,1,Siyah;Beyaz;Gri;Mavi;Kırmızı;Diğer,plan,generic plan — refine per leaf in FAZ A
"Anne, Bebek ve Çocuk › Bebek Odası › Mobilya › Bebek Yatağı",Garanti,garanti,SINGLE_SELECT,false,false,false,true,true,false,false,,2,Yok;6 Ay;12 Ay;24 Ay,plan,generic
"Anne, Bebek ve Çocuk › Bebek Odası › Mobilya › Alt Açma Ünitesi",Renk,renk,COLOR,false,true,true,true,true,false,true,,1,Siyah;Beyaz;Gri;Mavi;Kırmızı;Diğer,plan,generic plan — refine per leaf in FAZ A
"Anne, Bebek ve Çocuk › Bebek Odası › Mobilya › Alt Açma Ünitesi",Garanti,garanti,SINGLE_SELECT,false,false,false,true,true,false,false,,2,Yok;6 Ay;12 Ay;24 Ay,plan,generic
"Anne, Bebek ve Çocuk › Bebek Odası › Mobilya › Bebek Dolabı",Renk,renk,COLOR,false,true,true,true,true,false,true,,1,Siyah;Beyaz;Gri;Mavi;Kırmızı;Diğer,plan,generic plan — refine per leaf in FAZ A
"Anne, Bebek ve Çocuk › Bebek Odası › Mobilya › Bebek Dolabı",Garanti,garanti,SINGLE_SELECT,false,false,false,true,true,false,false,,2,Yok;6 Ay;12 Ay;24 Ay,plan,generic
"Anne, Bebek ve Çocuk › Bebek Odası › Tekstil › Bebek Nevresimi",Renk,renk,COLOR,false,true,true,true,true,false,true,,1,Siyah;Beyaz;Gri;Mavi;Kırmızı;Diğer,plan,generic plan — refine per leaf in FAZ A
"Anne, Bebek ve Çocuk › Bebek Odası › Tekstil › Bebek Nevresimi",Garanti,garanti,SINGLE_SELECT,false,false,false,true,true,false,false,,2,Yok;6 Ay;12 Ay;24 Ay,plan,generic
"Anne, Bebek ve Çocuk › Bebek Odası › Tekstil › Uyku Tulumu",Renk,renk,COLOR,false,true,true,true,true,false,true,,1,Siyah;Beyaz;Gri;Mavi;Kırmızı;Diğer,plan,generic plan — refine per leaf in FAZ A
"Anne, Bebek ve Çocuk › Bebek Odası › Tekstil › Uyku Tulumu",Garanti,garanti,SINGLE_SELECT,false,false,false,true,true,false,false,,2,Yok;6 Ay;12 Ay;24 Ay,plan,generic
"Anne, Bebek ve Çocuk › Bebek Odası › Tekstil › Bebek Battaniyesi",Renk,renk,COLOR,false,true,true,true,true,false,true,,1,Siyah;Beyaz;Gri;Mavi;Kırmızı;Diğer,plan,generic plan — refine per leaf in FAZ A
"Anne, Bebek ve Çocuk › Bebek Odası › Tekstil › Bebek Battaniyesi",Garanti,garanti,SINGLE_SELECT,false,false,false,true,true,false,false,,2,Yok;6 Ay;12 Ay;24 Ay,plan,generic
"Anne, Bebek ve Çocuk › Bebek Odası › Tekstil › Bebek Yastığı",Renk,renk,COLOR,false,true,true,true,true,false,true,,1,Siyah;Beyaz;Gri;Mavi;Kırmızı;Diğer,plan,generic plan — refine per leaf in FAZ A
"Anne, Bebek ve Çocuk › Bebek Odası › Tekstil › Bebek Yastığı",Garanti,garanti,SINGLE_SELECT,false,false,false,true,true,false,false,,2,Yok;6 Ay;12 Ay;24 Ay,plan,generic
"Anne, Bebek ve Çocuk › Bebek Odası › Tekstil › Cibinlik",Renk,renk,COLOR,false,true,true,true,true,false,true,,1,Siyah;Beyaz;Gri;Mavi;Kırmızı;Diğer,plan,generic plan — refine per leaf in FAZ A
"Anne, Bebek ve Çocuk › Bebek Odası › Tekstil › Cibinlik",Garanti,garanti,SINGLE_SELECT,false,false,false,true,true,false,false,,2,Yok;6 Ay;12 Ay;24 Ay,plan,generic
"Anne, Bebek ve Çocuk › Beslenme › Emzirme › Göğüs Pompası",Renk,renk,COLOR,false,true,true,true,true,false,true,,1,Siyah;Beyaz;Gri;Mavi;Kırmızı;Diğer,plan,generic plan — refine per leaf in FAZ A
"Anne, Bebek ve Çocuk › Beslenme › Emzirme › Göğüs Pompası",Garanti,garanti,SINGLE_SELECT,false,false,false,true,true,false,false,,2,Yok;6 Ay;12 Ay;24 Ay,plan,generic
"Anne, Bebek ve Çocuk › Beslenme › Emzirme › Emzirme Yastığı",Renk,renk,COLOR,false,true,true,true,true,false,true,,1,Siyah;Beyaz;Gri;Mavi;Kırmızı;Diğer,plan,generic plan — refine per leaf in FAZ A
"Anne, Bebek ve Çocuk › Beslenme › Emzirme › Emzirme Yastığı",Garanti,garanti,SINGLE_SELECT,false,false,false,true,true,false,false,,2,Yok;6 Ay;12 Ay;24 Ay,plan,generic
"Anne, Bebek ve Çocuk › Beslenme › Emzirme › Süt Saklama Poşeti",Renk,renk,COLOR,false,true,true,true,true,false,true,,1,Siyah;Beyaz;Gri;Mavi;Kırmızı;Diğer,plan,generic plan — refine per leaf in FAZ A
"Anne, Bebek ve Çocuk › Beslenme › Emzirme › Süt Saklama Poşeti",Garanti,garanti,SINGLE_SELECT,false,false,false,true,true,false,false,,2,Yok;6 Ay;12 Ay;24 Ay,plan,generic
"Anne, Bebek ve Çocuk › Beslenme › Emzirme › Göğüs Pedi",Renk,renk,COLOR,false,true,true,true,true,false,true,,1,Siyah;Beyaz;Gri;Mavi;Kırmızı;Diğer,plan,generic plan — refine per leaf in FAZ A
"Anne, Bebek ve Çocuk › Beslenme › Emzirme › Göğüs Pedi",Garanti,garanti,SINGLE_SELECT,false,false,false,true,true,false,false,,2,Yok;6 Ay;12 Ay;24 Ay,plan,generic
"Anne, Bebek ve Çocuk › Beslenme › Biberon ve Mama › Biberon",Renk,renk,COLOR,false,true,true,true,true,false,true,,1,Siyah;Beyaz;Gri;Mavi;Kırmızı;Diğer,plan,generic plan — refine per leaf in FAZ A
"Anne, Bebek ve Çocuk › Beslenme › Biberon ve Mama › Biberon",Garanti,garanti,SINGLE_SELECT,false,false,false,true,true,false,false,,2,Yok;6 Ay;12 Ay;24 Ay,plan,generic
"Anne, Bebek ve Çocuk › Beslenme › Biberon ve Mama › Emzik",Renk,renk,COLOR,false,true,true,true,true,false,true,,1,Siyah;Beyaz;Gri;Mavi;Kırmızı;Diğer,plan,generic plan — refine per leaf in FAZ A
"Anne, Bebek ve Çocuk › Beslenme › Biberon ve Mama › Emzik",Garanti,garanti,SINGLE_SELECT,false,false,false,true,true,false,false,,2,Yok;6 Ay;12 Ay;24 Ay,plan,generic
"Anne, Bebek ve Çocuk › Beslenme › Biberon ve Mama › Biberon Isıtıcı",Renk,renk,COLOR,false,true,true,true,true,false,true,,1,Siyah;Beyaz;Gri;Mavi;Kırmızı;Diğer,plan,generic plan — refine per leaf in FAZ A
"Anne, Bebek ve Çocuk › Beslenme › Biberon ve Mama › Biberon Isıtıcı",Garanti,garanti,SINGLE_SELECT,false,false,false,true,true,false,false,,2,Yok;6 Ay;12 Ay;24 Ay,plan,generic
"Anne, Bebek ve Çocuk › Beslenme › Biberon ve Mama › Sterilizatör",Renk,renk,COLOR,false,true,true,true,true,false,true,,1,Siyah;Beyaz;Gri;Mavi;Kırmızı;Diğer,plan,generic plan — refine per leaf in FAZ A
"Anne, Bebek ve Çocuk › Beslenme › Biberon ve Mama › Sterilizatör",Garanti,garanti,SINGLE_SELECT,false,false,false,true,true,false,false,,2,Yok;6 Ay;12 Ay;24 Ay,plan,generic
"Anne, Bebek ve Çocuk › Beslenme › Biberon ve Mama › Mama Sandalyesi",Renk,renk,COLOR,false,true,true,true,true,false,true,,1,Siyah;Beyaz;Gri;Mavi;Kırmızı;Diğer,plan,generic plan — refine per leaf in FAZ A
"Anne, Bebek ve Çocuk › Beslenme › Biberon ve Mama › Mama Sandalyesi",Garanti,garanti,SINGLE_SELECT,false,false,false,true,true,false,false,,2,Yok;6 Ay;12 Ay;24 Ay,plan,generic
"Anne, Bebek ve Çocuk › Beslenme › Biberon ve Mama › Mama Seti",Renk,renk,COLOR,false,true,true,true,true,false,true,,1,Siyah;Beyaz;Gri;Mavi;Kırmızı;Diğer,plan,generic plan — refine per leaf in FAZ A
"Anne, Bebek ve Çocuk › Beslenme › Biberon ve Mama › Mama Seti",Garanti,garanti,SINGLE_SELECT,false,false,false,true,true,false,false,,2,Yok;6 Ay;12 Ay;24 Ay,plan,generic
"Anne, Bebek ve Çocuk › Bakım ve Güvenlik › Bakım › Bebek Bezi",Renk,renk,COLOR,false,true,true,true,true,false,true,,1,Siyah;Beyaz;Gri;Mavi;Kırmızı;Diğer,plan,generic plan — refine per leaf in FAZ A
"Anne, Bebek ve Çocuk › Bakım ve Güvenlik › Bakım › Bebek Bezi",Garanti,garanti,SINGLE_SELECT,false,false,false,true,true,false,false,,2,Yok;6 Ay;12 Ay;24 Ay,plan,generic
"Anne, Bebek ve Çocuk › Bakım ve Güvenlik › Bakım › Islak Mendil",Renk,renk,COLOR,false,true,true,true,true,false,true,,1,Siyah;Beyaz;Gri;Mavi;Kırmızı;Diğer,plan,generic plan — refine per leaf in FAZ A
"Anne, Bebek ve Çocuk › Bakım ve Güvenlik › Bakım › Islak Mendil",Garanti,garanti,SINGLE_SELECT,false,false,false,true,true,false,false,,2,Yok;6 Ay;12 Ay;24 Ay,plan,generic
"Anne, Bebek ve Çocuk › Bakım ve Güvenlik › Bakım › Bebek Şampuanı",Renk,renk,COLOR,false,true,true,true,true,false,true,,1,Siyah;Beyaz;Gri;Mavi;Kırmızı;Diğer,plan,generic plan — refine per leaf in FAZ A
"Anne, Bebek ve Çocuk › Bakım ve Güvenlik › Bakım › Bebek Şampuanı",Garanti,garanti,SINGLE_SELECT,false,false,false,true,true,false,false,,2,Yok;6 Ay;12 Ay;24 Ay,plan,generic
"Anne, Bebek ve Çocuk › Bakım ve Güvenlik › Bakım › Bebek Yağı",Renk,renk,COLOR,false,true,true,true,true,false,true,,1,Siyah;Beyaz;Gri;Mavi;Kırmızı;Diğer,plan,generic plan — refine per leaf in FAZ A
"Anne, Bebek ve Çocuk › Bakım ve Güvenlik › Bakım › Bebek Yağı",Garanti,garanti,SINGLE_SELECT,false,false,false,true,true,false,false,,2,Yok;6 Ay;12 Ay;24 Ay,plan,generic
"Anne, Bebek ve Çocuk › Bakım ve Güvenlik › Bakım › Pişik Kremi",Renk,renk,COLOR,false,true,true,true,true,false,true,,1,Siyah;Beyaz;Gri;Mavi;Kırmızı;Diğer,plan,generic plan — refine per leaf in FAZ A
"Anne, Bebek ve Çocuk › Bakım ve Güvenlik › Bakım › Pişik Kremi",Garanti,garanti,SINGLE_SELECT,false,false,false,true,true,false,false,,2,Yok;6 Ay;12 Ay;24 Ay,plan,generic
"Anne, Bebek ve Çocuk › Bakım ve Güvenlik › Bakım › Bebek Küveti",Renk,renk,COLOR,false,true,true,true,true,false,true,,1,Siyah;Beyaz;Gri;Mavi;Kırmızı;Diğer,plan,generic plan — refine per leaf in FAZ A
"Anne, Bebek ve Çocuk › Bakım ve Güvenlik › Bakım › Bebek Küveti",Garanti,garanti,SINGLE_SELECT,false,false,false,true,true,false,false,,2,Yok;6 Ay;12 Ay;24 Ay,plan,generic
"Anne, Bebek ve Çocuk › Bakım ve Güvenlik › Güvenlik › Bebek Kamerası",Renk,renk,COLOR,false,true,true,true,true,false,true,,1,Siyah;Beyaz;Gri;Mavi;Kırmızı;Diğer,plan,generic plan — refine per leaf in FAZ A
"Anne, Bebek ve Çocuk › Bakım ve Güvenlik › Güvenlik › Bebek Kamerası",Garanti,garanti,SINGLE_SELECT,false,false,false,true,true,false,false,,2,Yok;6 Ay;12 Ay;24 Ay,plan,generic
"Anne, Bebek ve Çocuk › Bakım ve Güvenlik › Güvenlik › Telsiz",Renk,renk,COLOR,false,true,true,true,true,false,true,,1,Siyah;Beyaz;Gri;Mavi;Kırmızı;Diğer,plan,generic plan — refine per leaf in FAZ A
"Anne, Bebek ve Çocuk › Bakım ve Güvenlik › Güvenlik › Telsiz",Garanti,garanti,SINGLE_SELECT,false,false,false,true,true,false,false,,2,Yok;6 Ay;12 Ay;24 Ay,plan,generic
"Anne, Bebek ve Çocuk › Bakım ve Güvenlik › Güvenlik › Güvenlik Kapısı",Renk,renk,COLOR,false,true,true,true,true,false,true,,1,Siyah;Beyaz;Gri;Mavi;Kırmızı;Diğer,plan,generic plan — refine per leaf in FAZ A
"Anne, Bebek ve Çocuk › Bakım ve Güvenlik › Güvenlik › Güvenlik Kapısı",Garanti,garanti,SINGLE_SELECT,false,false,false,true,true,false,false,,2,Yok;6 Ay;12 Ay;24 Ay,plan,generic
"Anne, Bebek ve Çocuk › Bakım ve Güvenlik › Güvenlik › Priz Koruyucu",Renk,renk,COLOR,false,true,true,true,true,false,true,,1,Siyah;Beyaz;Gri;Mavi;Kırmızı;Diğer,plan,generic plan — refine per leaf in FAZ A
"Anne, Bebek ve Çocuk › Bakım ve Güvenlik › Güvenlik › Priz Koruyucu",Garanti,garanti,SINGLE_SELECT,false,false,false,true,true,false,false,,2,Yok;6 Ay;12 Ay;24 Ay,plan,generic
"Anne, Bebek ve Çocuk › Bakım ve Güvenlik › Güvenlik › Köşe Koruyucu",Renk,renk,COLOR,false,true,true,true,true,false,true,,1,Siyah;Beyaz;Gri;Mavi;Kırmızı;Diğer,plan,generic plan — refine per leaf in FAZ A
"Anne, Bebek ve Çocuk › Bakım ve Güvenlik › Güvenlik › Köşe Koruyucu",Garanti,garanti,SINGLE_SELECT,false,false,false,true,true,false,false,,2,Yok;6 Ay;12 Ay;24 Ay,plan,generic
"Anne, Bebek ve Çocuk › Çocuk Giyim › Kız Çocuk › Tişört",Renk,renk,COLOR,false,true,true,true,true,false,true,,1,Siyah;Beyaz;Gri;Mavi;Kırmızı;Diğer,plan,generic plan — refine per leaf in FAZ A
"Anne, Bebek ve Çocuk › Çocuk Giyim › Kız Çocuk › Tişört",Garanti,garanti,SINGLE_SELECT,false,false,false,true,true,false,false,,2,Yok;6 Ay;12 Ay;24 Ay,plan,generic
"Anne, Bebek ve Çocuk › Çocuk Giyim › Kız Çocuk › Elbise",Renk,renk,COLOR,false,true,true,true,true,false,true,,1,Siyah;Beyaz;Gri;Mavi;Kırmızı;Diğer,plan,generic plan — refine per leaf in FAZ A
"Anne, Bebek ve Çocuk › Çocuk Giyim › Kız Çocuk › Elbise",Garanti,garanti,SINGLE_SELECT,false,false,false,true,true,false,false,,2,Yok;6 Ay;12 Ay;24 Ay,plan,generic
"Anne, Bebek ve Çocuk › Çocuk Giyim › Kız Çocuk › Pantolon",Renk,renk,COLOR,false,true,true,true,true,false,true,,1,Siyah;Beyaz;Gri;Mavi;Kırmızı;Diğer,plan,generic plan — refine per leaf in FAZ A
"Anne, Bebek ve Çocuk › Çocuk Giyim › Kız Çocuk › Pantolon",Garanti,garanti,SINGLE_SELECT,false,false,false,true,true,false,false,,2,Yok;6 Ay;12 Ay;24 Ay,plan,generic
"Anne, Bebek ve Çocuk › Çocuk Giyim › Kız Çocuk › Etek",Renk,renk,COLOR,false,true,true,true,true,false,true,,1,Siyah;Beyaz;Gri;Mavi;Kırmızı;Diğer,plan,generic plan — refine per leaf in FAZ A
"Anne, Bebek ve Çocuk › Çocuk Giyim › Kız Çocuk › Etek",Garanti,garanti,SINGLE_SELECT,false,false,false,true,true,false,false,,2,Yok;6 Ay;12 Ay;24 Ay,plan,generic
"Anne, Bebek ve Çocuk › Çocuk Giyim › Kız Çocuk › Mont",Renk,renk,COLOR,false,true,true,true,true,false,true,,1,Siyah;Beyaz;Gri;Mavi;Kırmızı;Diğer,plan,generic plan — refine per leaf in FAZ A
"Anne, Bebek ve Çocuk › Çocuk Giyim › Kız Çocuk › Mont",Garanti,garanti,SINGLE_SELECT,false,false,false,true,true,false,false,,2,Yok;6 Ay;12 Ay;24 Ay,plan,generic
"Anne, Bebek ve Çocuk › Çocuk Giyim › Kız Çocuk › Pijama",Renk,renk,COLOR,false,true,true,true,true,false,true,,1,Siyah;Beyaz;Gri;Mavi;Kırmızı;Diğer,plan,generic plan — refine per leaf in FAZ A
"Anne, Bebek ve Çocuk › Çocuk Giyim › Kız Çocuk › Pijama",Garanti,garanti,SINGLE_SELECT,false,false,false,true,true,false,false,,2,Yok;6 Ay;12 Ay;24 Ay,plan,generic
"Anne, Bebek ve Çocuk › Çocuk Giyim › Kız Çocuk › İç Giyim",Renk,renk,COLOR,false,true,true,true,true,false,true,,1,Siyah;Beyaz;Gri;Mavi;Kırmızı;Diğer,plan,generic plan — refine per leaf in FAZ A
"Anne, Bebek ve Çocuk › Çocuk Giyim › Kız Çocuk › İç Giyim",Garanti,garanti,SINGLE_SELECT,false,false,false,true,true,false,false,,2,Yok;6 Ay;12 Ay;24 Ay,plan,generic
"Anne, Bebek ve Çocuk › Çocuk Giyim › Erkek Çocuk › Tişört",Renk,renk,COLOR,false,true,true,true,true,false,true,,1,Siyah;Beyaz;Gri;Mavi;Kırmızı;Diğer,plan,generic plan — refine per leaf in FAZ A
"Anne, Bebek ve Çocuk › Çocuk Giyim › Erkek Çocuk › Tişört",Garanti,garanti,SINGLE_SELECT,false,false,false,true,true,false,false,,2,Yok;6 Ay;12 Ay;24 Ay,plan,generic
"Anne, Bebek ve Çocuk › Çocuk Giyim › Erkek Çocuk › Gömlek",Renk,renk,COLOR,false,true,true,true,true,false,true,,1,Siyah;Beyaz;Gri;Mavi;Kırmızı;Diğer,plan,generic plan — refine per leaf in FAZ A
"Anne, Bebek ve Çocuk › Çocuk Giyim › Erkek Çocuk › Gömlek",Garanti,garanti,SINGLE_SELECT,false,false,false,true,true,false,false,,2,Yok;6 Ay;12 Ay;24 Ay,plan,generic
"Anne, Bebek ve Çocuk › Çocuk Giyim › Erkek Çocuk › Pantolon",Renk,renk,COLOR,false,true,true,true,true,false,true,,1,Siyah;Beyaz;Gri;Mavi;Kırmızı;Diğer,plan,generic plan — refine per leaf in FAZ A
"Anne, Bebek ve Çocuk › Çocuk Giyim › Erkek Çocuk › Pantolon",Garanti,garanti,SINGLE_SELECT,false,false,false,true,true,false,false,,2,Yok;6 Ay;12 Ay;24 Ay,plan,generic
"Anne, Bebek ve Çocuk › Çocuk Giyim › Erkek Çocuk › Şort",Renk,renk,COLOR,false,true,true,true,true,false,true,,1,Siyah;Beyaz;Gri;Mavi;Kırmızı;Diğer,plan,generic plan — refine per leaf in FAZ A
"Anne, Bebek ve Çocuk › Çocuk Giyim › Erkek Çocuk › Şort",Garanti,garanti,SINGLE_SELECT,false,false,false,true,true,false,false,,2,Yok;6 Ay;12 Ay;24 Ay,plan,generic
"Anne, Bebek ve Çocuk › Çocuk Giyim › Erkek Çocuk › Mont",Renk,renk,COLOR,false,true,true,true,true,false,true,,1,Siyah;Beyaz;Gri;Mavi;Kırmızı;Diğer,plan,generic plan — refine per leaf in FAZ A
"Anne, Bebek ve Çocuk › Çocuk Giyim › Erkek Çocuk › Mont",Garanti,garanti,SINGLE_SELECT,false,false,false,true,true,false,false,,2,Yok;6 Ay;12 Ay;24 Ay,plan,generic
"Anne, Bebek ve Çocuk › Çocuk Giyim › Erkek Çocuk › Pijama",Renk,renk,COLOR,false,true,true,true,true,false,true,,1,Siyah;Beyaz;Gri;Mavi;Kırmızı;Diğer,plan,generic plan — refine per leaf in FAZ A
"Anne, Bebek ve Çocuk › Çocuk Giyim › Erkek Çocuk › Pijama",Garanti,garanti,SINGLE_SELECT,false,false,false,true,true,false,false,,2,Yok;6 Ay;12 Ay;24 Ay,plan,generic
"Anne, Bebek ve Çocuk › Çocuk Giyim › Erkek Çocuk › İç Giyim",Renk,renk,COLOR,false,true,true,true,true,false,true,,1,Siyah;Beyaz;Gri;Mavi;Kırmızı;Diğer,plan,generic plan — refine per leaf in FAZ A
"Anne, Bebek ve Çocuk › Çocuk Giyim › Erkek Çocuk › İç Giyim",Garanti,garanti,SINGLE_SELECT,false,false,false,true,true,false,false,,2,Yok;6 Ay;12 Ay;24 Ay,plan,generic
"Anne, Bebek ve Çocuk › Çocuk Giyim › Bebek Giyim › Body",Renk,renk,COLOR,false,true,true,true,true,false,true,,1,Siyah;Beyaz;Gri;Mavi;Kırmızı;Diğer,plan,generic plan — refine per leaf in FAZ A
"Anne, Bebek ve Çocuk › Çocuk Giyim › Bebek Giyim › Body",Garanti,garanti,SINGLE_SELECT,false,false,false,true,true,false,false,,2,Yok;6 Ay;12 Ay;24 Ay,plan,generic
"Anne, Bebek ve Çocuk › Çocuk Giyim › Bebek Giyim › Zıbın",Renk,renk,COLOR,false,true,true,true,true,false,true,,1,Siyah;Beyaz;Gri;Mavi;Kırmızı;Diğer,plan,generic plan — refine per leaf in FAZ A
"Anne, Bebek ve Çocuk › Çocuk Giyim › Bebek Giyim › Zıbın",Garanti,garanti,SINGLE_SELECT,false,false,false,true,true,false,false,,2,Yok;6 Ay;12 Ay;24 Ay,plan,generic
"Anne, Bebek ve Çocuk › Çocuk Giyim › Bebek Giyim › Tulum",Renk,renk,COLOR,false,true,true,true,true,false,true,,1,Siyah;Beyaz;Gri;Mavi;Kırmızı;Diğer,plan,generic plan — refine per leaf in FAZ A
"Anne, Bebek ve Çocuk › Çocuk Giyim › Bebek Giyim › Tulum",Garanti,garanti,SINGLE_SELECT,false,false,false,true,true,false,false,,2,Yok;6 Ay;12 Ay;24 Ay,plan,generic
"Anne, Bebek ve Çocuk › Çocuk Giyim › Bebek Giyim › Hastane Çıkışı",Renk,renk,COLOR,false,true,true,true,true,false,true,,1,Siyah;Beyaz;Gri;Mavi;Kırmızı;Diğer,plan,generic plan — refine per leaf in FAZ A
"Anne, Bebek ve Çocuk › Çocuk Giyim › Bebek Giyim › Hastane Çıkışı",Garanti,garanti,SINGLE_SELECT,false,false,false,true,true,false,false,,2,Yok;6 Ay;12 Ay;24 Ay,plan,generic
"Anne, Bebek ve Çocuk › Çocuk Giyim › Bebek Giyim › Bebek Takımı",Renk,renk,COLOR,false,true,true,true,true,false,true,,1,Siyah;Beyaz;Gri;Mavi;Kırmızı;Diğer,plan,generic plan — refine per leaf in FAZ A
"Anne, Bebek ve Çocuk › Çocuk Giyim › Bebek Giyim › Bebek Takımı",Garanti,garanti,SINGLE_SELECT,false,false,false,true,true,false,false,,2,Yok;6 Ay;12 Ay;24 Ay,plan,generic
"Anne, Bebek ve Çocuk › Çocuk Giyim › Bebek Giyim › Bebek Çorabı",Renk,renk,COLOR,false,true,true,true,true,false,true,,1,Siyah;Beyaz;Gri;Mavi;Kırmızı;Diğer,plan,generic plan — refine per leaf in FAZ A
"Anne, Bebek ve Çocuk › Çocuk Giyim › Bebek Giyim › Bebek Çorabı",Garanti,garanti,SINGLE_SELECT,false,false,false,true,true,false,false,,2,Yok;6 Ay;12 Ay;24 Ay,plan,generic
"Anne, Bebek ve Çocuk › Oyuncak › Eğitici Oyuncak › Ahşap Oyuncak",Renk,renk,COLOR,false,true,true,true,true,false,true,,1,Siyah;Beyaz;Gri;Mavi;Kırmızı;Diğer,plan,generic plan — refine per leaf in FAZ A
"Anne, Bebek ve Çocuk › Oyuncak › Eğitici Oyuncak › Ahşap Oyuncak",Garanti,garanti,SINGLE_SELECT,false,false,false,true,true,false,false,,2,Yok;6 Ay;12 Ay;24 Ay,plan,generic
"Anne, Bebek ve Çocuk › Oyuncak › Eğitici Oyuncak › STEM Oyuncak",Renk,renk,COLOR,false,true,true,true,true,false,true,,1,Siyah;Beyaz;Gri;Mavi;Kırmızı;Diğer,plan,generic plan — refine per leaf in FAZ A
"Anne, Bebek ve Çocuk › Oyuncak › Eğitici Oyuncak › STEM Oyuncak",Garanti,garanti,SINGLE_SELECT,false,false,false,true,true,false,false,,2,Yok;6 Ay;12 Ay;24 Ay,plan,generic
"Anne, Bebek ve Çocuk › Oyuncak › Eğitici Oyuncak › Aktivite Oyuncağı",Renk,renk,COLOR,false,true,true,true,true,false,true,,1,Siyah;Beyaz;Gri;Mavi;Kırmızı;Diğer,plan,generic plan — refine per leaf in FAZ A
"Anne, Bebek ve Çocuk › Oyuncak › Eğitici Oyuncak › Aktivite Oyuncağı",Garanti,garanti,SINGLE_SELECT,false,false,false,true,true,false,false,,2,Yok;6 Ay;12 Ay;24 Ay,plan,generic
"Anne, Bebek ve Çocuk › Oyuncak › Eğitici Oyuncak › Montessori Oyuncak",Renk,renk,COLOR,false,true,true,true,true,false,true,,1,Siyah;Beyaz;Gri;Mavi;Kırmızı;Diğer,plan,generic plan — refine per leaf in FAZ A
"Anne, Bebek ve Çocuk › Oyuncak › Eğitici Oyuncak › Montessori Oyuncak",Garanti,garanti,SINGLE_SELECT,false,false,false,true,true,false,false,,2,Yok;6 Ay;12 Ay;24 Ay,plan,generic
"Anne, Bebek ve Çocuk › Oyuncak › Rol Oyunları › Oyuncak Mutfak",Renk,renk,COLOR,false,true,true,true,true,false,true,,1,Siyah;Beyaz;Gri;Mavi;Kırmızı;Diğer,plan,generic plan — refine per leaf in FAZ A
"Anne, Bebek ve Çocuk › Oyuncak › Rol Oyunları › Oyuncak Mutfak",Garanti,garanti,SINGLE_SELECT,false,false,false,true,true,false,false,,2,Yok;6 Ay;12 Ay;24 Ay,plan,generic
"Anne, Bebek ve Çocuk › Oyuncak › Rol Oyunları › Doktor Seti",Renk,renk,COLOR,false,true,true,true,true,false,true,,1,Siyah;Beyaz;Gri;Mavi;Kırmızı;Diğer,plan,generic plan — refine per leaf in FAZ A
"Anne, Bebek ve Çocuk › Oyuncak › Rol Oyunları › Doktor Seti",Garanti,garanti,SINGLE_SELECT,false,false,false,true,true,false,false,,2,Yok;6 Ay;12 Ay;24 Ay,plan,generic
"Anne, Bebek ve Çocuk › Oyuncak › Rol Oyunları › Tamir Seti",Renk,renk,COLOR,false,true,true,true,true,false,true,,1,Siyah;Beyaz;Gri;Mavi;Kırmızı;Diğer,plan,generic plan — refine per leaf in FAZ A
"Anne, Bebek ve Çocuk › Oyuncak › Rol Oyunları › Tamir Seti",Garanti,garanti,SINGLE_SELECT,false,false,false,true,true,false,false,,2,Yok;6 Ay;12 Ay;24 Ay,plan,generic
"Anne, Bebek ve Çocuk › Oyuncak › Rol Oyunları › Bebek ve Aksesuarı",Renk,renk,COLOR,false,true,true,true,true,false,true,,1,Siyah;Beyaz;Gri;Mavi;Kırmızı;Diğer,plan,generic plan — refine per leaf in FAZ A
"Anne, Bebek ve Çocuk › Oyuncak › Rol Oyunları › Bebek ve Aksesuarı",Garanti,garanti,SINGLE_SELECT,false,false,false,true,true,false,false,,2,Yok;6 Ay;12 Ay;24 Ay,plan,generic
"Anne, Bebek ve Çocuk › Oyuncak › Araç ve Figür › Oyuncak Araba",Renk,renk,COLOR,false,true,true,true,true,false,true,,1,Siyah;Beyaz;Gri;Mavi;Kırmızı;Diğer,plan,generic plan — refine per leaf in FAZ A
"Anne, Bebek ve Çocuk › Oyuncak › Araç ve Figür › Oyuncak Araba",Garanti,garanti,SINGLE_SELECT,false,false,false,true,true,false,false,,2,Yok;6 Ay;12 Ay;24 Ay,plan,generic
"Anne, Bebek ve Çocuk › Oyuncak › Araç ve Figür › Uzaktan Kumandalı Araç",Renk,renk,COLOR,false,true,true,true,true,false,true,,1,Siyah;Beyaz;Gri;Mavi;Kırmızı;Diğer,plan,generic plan — refine per leaf in FAZ A
"Anne, Bebek ve Çocuk › Oyuncak › Araç ve Figür › Uzaktan Kumandalı Araç",Garanti,garanti,SINGLE_SELECT,false,false,false,true,true,false,false,,2,Yok;6 Ay;12 Ay;24 Ay,plan,generic
"Anne, Bebek ve Çocuk › Oyuncak › Araç ve Figür › Aksiyon Figürü",Renk,renk,COLOR,false,true,true,true,true,false,true,,1,Siyah;Beyaz;Gri;Mavi;Kırmızı;Diğer,plan,generic plan — refine per leaf in FAZ A
"Anne, Bebek ve Çocuk › Oyuncak › Araç ve Figür › Aksiyon Figürü",Garanti,garanti,SINGLE_SELECT,false,false,false,true,true,false,false,,2,Yok;6 Ay;12 Ay;24 Ay,plan,generic
"Anne, Bebek ve Çocuk › Oyuncak › Araç ve Figür › Oyun Seti",Renk,renk,COLOR,false,true,true,true,true,false,true,,1,Siyah;Beyaz;Gri;Mavi;Kırmızı;Diğer,plan,generic plan — refine per leaf in FAZ A
"Anne, Bebek ve Çocuk › Oyuncak › Araç ve Figür › Oyun Seti",Garanti,garanti,SINGLE_SELECT,false,false,false,true,true,false,false,,2,Yok;6 Ay;12 Ay;24 Ay,plan,generic
"Anne, Bebek ve Çocuk › Oyuncak › Açık Hava › Scooter",Renk,renk,COLOR,false,true,true,true,true,false,true,,1,Siyah;Beyaz;Gri;Mavi;Kırmızı;Diğer,plan,generic plan — refine per leaf in FAZ A
"Anne, Bebek ve Çocuk › Oyuncak › Açık Hava › Scooter",Garanti,garanti,SINGLE_SELECT,false,false,false,true,true,false,false,,2,Yok;6 Ay;12 Ay;24 Ay,plan,generic
"Anne, Bebek ve Çocuk › Oyuncak › Açık Hava › Akülü Araba",Renk,renk,COLOR,false,true,true,true,true,false,true,,1,Siyah;Beyaz;Gri;Mavi;Kırmızı;Diğer,plan,generic plan — refine per leaf in FAZ A
"Anne, Bebek ve Çocuk › Oyuncak › Açık Hava › Akülü Araba",Garanti,garanti,SINGLE_SELECT,false,false,false,true,true,false,false,,2,Yok;6 Ay;12 Ay;24 Ay,plan,generic
"Anne, Bebek ve Çocuk › Oyuncak › Açık Hava › Çocuk Bisikleti",Bisiklet Tipi,bisiklet-tipi,SINGLE_SELECT,true,true,true,true,true,true,false,,1,Dağ;Şehir;Yol;Katlanır;Çocuk;Elektrikli,plan,DB leaf currently missing attrs
"Anne, Bebek ve Çocuk › Oyuncak › Açık Hava › Çocuk Bisikleti",Kadro Boyu,kadro-boyu,SINGLE_SELECT,false,true,true,true,true,true,false,,2,,plan,DB leaf currently missing attrs
"Anne, Bebek ve Çocuk › Oyuncak › Açık Hava › Çocuk Bisikleti",Jant Çapı,jant-capi,SINGLE_SELECT,false,true,true,true,true,true,false,inç,3,20;24;26;27.5;28;29,plan,DB leaf currently missing attrs
"Anne, Bebek ve Çocuk › Oyuncak › Açık Hava › Çocuk Bisikleti",Kadro Malzemesi,kadro-malzemesi,SINGLE_SELECT,false,true,true,true,true,true,false,,4,Alüminyum;Çelik;Karbon;Diğer,plan,DB leaf currently missing attrs
"Anne, Bebek ve Çocuk › Oyuncak › Açık Hava › Çocuk Bisikleti",Vites Sayısı,vites-sayisi,SINGLE_SELECT,false,true,true,true,true,true,false,,5,Tek;3;7;18;21;24;27,plan,DB leaf currently missing attrs
"Anne, Bebek ve Çocuk › Oyuncak › Açık Hava › Çocuk Bisikleti",Fren Tipi,fren-tipi,SINGLE_SELECT,false,true,true,true,true,true,false,,6,V-Brake;Disk;Hidrolik Disk,plan,DB leaf currently missing attrs
"Anne, Bebek ve Çocuk › Oyuncak › Açık Hava › Çocuk Bisikleti",Renk,renk,COLOR,false,true,true,true,true,true,true,,7,Siyah;Beyaz;Kırmızı;Mavi;Diğer,plan,DB leaf currently missing attrs
"Anne, Bebek ve Çocuk › Oyuncak › Açık Hava › Çocuk Bisikleti",Elektrikli,elektrikli,BOOLEAN,false,true,true,true,true,true,false,,8,,plan,DB leaf currently missing attrs
"Anne, Bebek ve Çocuk › Oyuncak › Açık Hava › Çocuk Bisikleti",Garanti,garanti,SINGLE_SELECT,false,false,true,true,true,true,false,,9,12 Ay;24 Ay,plan,DB leaf currently missing attrs
"Anne, Bebek ve Çocuk › Oyuncak › Açık Hava › Trambolin",Renk,renk,COLOR,false,true,true,true,true,false,true,,1,Siyah;Beyaz;Gri;Mavi;Kırmızı;Diğer,plan,generic plan — refine per leaf in FAZ A
"Anne, Bebek ve Çocuk › Oyuncak › Açık Hava › Trambolin",Garanti,garanti,SINGLE_SELECT,false,false,false,true,true,false,false,,2,Yok;6 Ay;12 Ay;24 Ay,plan,generic
"Anne, Bebek ve Çocuk › Oyuncak › Açık Hava › Şişme Havuz",Renk,renk,COLOR,false,true,true,true,true,false,true,,1,Siyah;Beyaz;Gri;Mavi;Kırmızı;Diğer,plan,generic plan — refine per leaf in FAZ A
"Anne, Bebek ve Çocuk › Oyuncak › Açık Hava › Şişme Havuz",Garanti,garanti,SINGLE_SELECT,false,false,false,true,true,false,false,,2,Yok;6 Ay;12 Ay;24 Ay,plan,generic
Kozmetik ve Kişisel Bakım › Cilt Bakımı › Yüz Bakımı › Yüz Temizleme Jeli,Renk,renk,COLOR,false,true,true,true,true,false,true,,1,Siyah;Beyaz;Gri;Mavi;Kırmızı;Diğer,plan,generic plan — refine per leaf in FAZ A
Kozmetik ve Kişisel Bakım › Cilt Bakımı › Yüz Bakımı › Yüz Temizleme Jeli,Garanti,garanti,SINGLE_SELECT,false,false,false,true,true,false,false,,2,Yok;6 Ay;12 Ay;24 Ay,plan,generic
Kozmetik ve Kişisel Bakım › Cilt Bakımı › Yüz Bakımı › Tonik,Renk,renk,COLOR,false,true,true,true,true,false,true,,1,Siyah;Beyaz;Gri;Mavi;Kırmızı;Diğer,plan,generic plan — refine per leaf in FAZ A
Kozmetik ve Kişisel Bakım › Cilt Bakımı › Yüz Bakımı › Tonik,Garanti,garanti,SINGLE_SELECT,false,false,false,true,true,false,false,,2,Yok;6 Ay;12 Ay;24 Ay,plan,generic
Kozmetik ve Kişisel Bakım › Cilt Bakımı › Yüz Bakımı › Serum,Renk,renk,COLOR,false,true,true,true,true,false,true,,1,Siyah;Beyaz;Gri;Mavi;Kırmızı;Diğer,plan,generic plan — refine per leaf in FAZ A
Kozmetik ve Kişisel Bakım › Cilt Bakımı › Yüz Bakımı › Serum,Garanti,garanti,SINGLE_SELECT,false,false,false,true,true,false,false,,2,Yok;6 Ay;12 Ay;24 Ay,plan,generic
Kozmetik ve Kişisel Bakım › Cilt Bakımı › Yüz Bakımı › Nemlendirici,Renk,renk,COLOR,false,true,true,true,true,false,true,,1,Siyah;Beyaz;Gri;Mavi;Kırmızı;Diğer,plan,generic plan — refine per leaf in FAZ A
Kozmetik ve Kişisel Bakım › Cilt Bakımı › Yüz Bakımı › Nemlendirici,Garanti,garanti,SINGLE_SELECT,false,false,false,true,true,false,false,,2,Yok;6 Ay;12 Ay;24 Ay,plan,generic
Kozmetik ve Kişisel Bakım › Cilt Bakımı › Yüz Bakımı › Göz Kremi,Renk,renk,COLOR,false,true,true,true,true,false,true,,1,Siyah;Beyaz;Gri;Mavi;Kırmızı;Diğer,plan,generic plan — refine per leaf in FAZ A
Kozmetik ve Kişisel Bakım › Cilt Bakımı › Yüz Bakımı › Göz Kremi,Garanti,garanti,SINGLE_SELECT,false,false,false,true,true,false,false,,2,Yok;6 Ay;12 Ay;24 Ay,plan,generic
Kozmetik ve Kişisel Bakım › Cilt Bakımı › Yüz Bakımı › Peeling,Renk,renk,COLOR,false,true,true,true,true,false,true,,1,Siyah;Beyaz;Gri;Mavi;Kırmızı;Diğer,plan,generic plan — refine per leaf in FAZ A
Kozmetik ve Kişisel Bakım › Cilt Bakımı › Yüz Bakımı › Peeling,Garanti,garanti,SINGLE_SELECT,false,false,false,true,true,false,false,,2,Yok;6 Ay;12 Ay;24 Ay,plan,generic
Kozmetik ve Kişisel Bakım › Cilt Bakımı › Yüz Bakımı › Yüz Maskesi,Renk,renk,COLOR,false,true,true,true,true,false,true,,1,Siyah;Beyaz;Gri;Mavi;Kırmızı;Diğer,plan,generic plan — refine per leaf in FAZ A
Kozmetik ve Kişisel Bakım › Cilt Bakımı › Yüz Bakımı › Yüz Maskesi,Garanti,garanti,SINGLE_SELECT,false,false,false,true,true,false,false,,2,Yok;6 Ay;12 Ay;24 Ay,plan,generic
Kozmetik ve Kişisel Bakım › Cilt Bakımı › Yüz Bakımı › Güneş Kremi,Renk,renk,COLOR,false,true,true,true,true,false,true,,1,Siyah;Beyaz;Gri;Mavi;Kırmızı;Diğer,plan,generic plan — refine per leaf in FAZ A
Kozmetik ve Kişisel Bakım › Cilt Bakımı › Yüz Bakımı › Güneş Kremi,Garanti,garanti,SINGLE_SELECT,false,false,false,true,true,false,false,,2,Yok;6 Ay;12 Ay;24 Ay,plan,generic
Kozmetik ve Kişisel Bakım › Cilt Bakımı › Vücut Bakımı › Vücut Losyonu,Renk,renk,COLOR,false,true,true,true,true,false,true,,1,Siyah;Beyaz;Gri;Mavi;Kırmızı;Diğer,plan,generic plan — refine per leaf in FAZ A
Kozmetik ve Kişisel Bakım › Cilt Bakımı › Vücut Bakımı › Vücut Losyonu,Garanti,garanti,SINGLE_SELECT,false,false,false,true,true,false,false,,2,Yok;6 Ay;12 Ay;24 Ay,plan,generic
Kozmetik ve Kişisel Bakım › Cilt Bakımı › Vücut Bakımı › Vücut Peelingi,Renk,renk,COLOR,false,true,true,true,true,false,true,,1,Siyah;Beyaz;Gri;Mavi;Kırmızı;Diğer,plan,generic plan — refine per leaf in FAZ A
Kozmetik ve Kişisel Bakım › Cilt Bakımı › Vücut Bakımı › Vücut Peelingi,Garanti,garanti,SINGLE_SELECT,false,false,false,true,true,false,false,,2,Yok;6 Ay;12 Ay;24 Ay,plan,generic
Kozmetik ve Kişisel Bakım › Cilt Bakımı › Vücut Bakımı › El Kremi,Renk,renk,COLOR,false,true,true,true,true,false,true,,1,Siyah;Beyaz;Gri;Mavi;Kırmızı;Diğer,plan,generic plan — refine per leaf in FAZ A
Kozmetik ve Kişisel Bakım › Cilt Bakımı › Vücut Bakımı › El Kremi,Garanti,garanti,SINGLE_SELECT,false,false,false,true,true,false,false,,2,Yok;6 Ay;12 Ay;24 Ay,plan,generic
Kozmetik ve Kişisel Bakım › Cilt Bakımı › Vücut Bakımı › Ayak Bakımı,Renk,renk,COLOR,false,true,true,true,true,false,true,,1,Siyah;Beyaz;Gri;Mavi;Kırmızı;Diğer,plan,generic plan — refine per leaf in FAZ A
Kozmetik ve Kişisel Bakım › Cilt Bakımı › Vücut Bakımı › Ayak Bakımı,Garanti,garanti,SINGLE_SELECT,false,false,false,true,true,false,false,,2,Yok;6 Ay;12 Ay;24 Ay,plan,generic
Kozmetik ve Kişisel Bakım › Cilt Bakımı › Vücut Bakımı › Selülit Ürünü,Renk,renk,COLOR,false,true,true,true,true,false,true,,1,Siyah;Beyaz;Gri;Mavi;Kırmızı;Diğer,plan,generic plan — refine per leaf in FAZ A
Kozmetik ve Kişisel Bakım › Cilt Bakımı › Vücut Bakımı › Selülit Ürünü,Garanti,garanti,SINGLE_SELECT,false,false,false,true,true,false,false,,2,Yok;6 Ay;12 Ay;24 Ay,plan,generic
Kozmetik ve Kişisel Bakım › Saç Bakımı › Saç Ürünleri › Şampuan,Renk,renk,COLOR,false,true,true,true,true,false,true,,1,Siyah;Beyaz;Gri;Mavi;Kırmızı;Diğer,plan,generic plan — refine per leaf in FAZ A
Kozmetik ve Kişisel Bakım › Saç Bakımı › Saç Ürünleri › Şampuan,Garanti,garanti,SINGLE_SELECT,false,false,false,true,true,false,false,,2,Yok;6 Ay;12 Ay;24 Ay,plan,generic
Kozmetik ve Kişisel Bakım › Saç Bakımı › Saç Ürünleri › Saç Kremi,Renk,renk,COLOR,false,true,true,true,true,false,true,,1,Siyah;Beyaz;Gri;Mavi;Kırmızı;Diğer,plan,generic plan — refine per leaf in FAZ A
Kozmetik ve Kişisel Bakım › Saç Bakımı › Saç Ürünleri › Saç Kremi,Garanti,garanti,SINGLE_SELECT,false,false,false,true,true,false,false,,2,Yok;6 Ay;12 Ay;24 Ay,plan,generic
Kozmetik ve Kişisel Bakım › Saç Bakımı › Saç Ürünleri › Saç Maskesi,Renk,renk,COLOR,false,true,true,true,true,false,true,,1,Siyah;Beyaz;Gri;Mavi;Kırmızı;Diğer,plan,generic plan — refine per leaf in FAZ A
Kozmetik ve Kişisel Bakım › Saç Bakımı › Saç Ürünleri › Saç Maskesi,Garanti,garanti,SINGLE_SELECT,false,false,false,true,true,false,false,,2,Yok;6 Ay;12 Ay;24 Ay,plan,generic
Kozmetik ve Kişisel Bakım › Saç Bakımı › Saç Ürünleri › Saç Serumu,Renk,renk,COLOR,false,true,true,true,true,false,true,,1,Siyah;Beyaz;Gri;Mavi;Kırmızı;Diğer,plan,generic plan — refine per leaf in FAZ A
Kozmetik ve Kişisel Bakım › Saç Bakımı › Saç Ürünleri › Saç Serumu,Garanti,garanti,SINGLE_SELECT,false,false,false,true,true,false,false,,2,Yok;6 Ay;12 Ay;24 Ay,plan,generic
Kozmetik ve Kişisel Bakım › Saç Bakımı › Saç Ürünleri › Saç Yağı,Renk,renk,COLOR,false,true,true,true,true,false,true,,1,Siyah;Beyaz;Gri;Mavi;Kırmızı;Diğer,plan,generic plan — refine per leaf in FAZ A
Kozmetik ve Kişisel Bakım › Saç Bakımı › Saç Ürünleri › Saç Yağı,Garanti,garanti,SINGLE_SELECT,false,false,false,true,true,false,false,,2,Yok;6 Ay;12 Ay;24 Ay,plan,generic
Kozmetik ve Kişisel Bakım › Saç Bakımı › Saç Ürünleri › Saç Boyası,Renk,renk,COLOR,false,true,true,true,true,false,true,,1,Siyah;Beyaz;Gri;Mavi;Kırmızı;Diğer,plan,generic plan — refine per leaf in FAZ A
Kozmetik ve Kişisel Bakım › Saç Bakımı › Saç Ürünleri › Saç Boyası,Garanti,garanti,SINGLE_SELECT,false,false,false,true,true,false,false,,2,Yok;6 Ay;12 Ay;24 Ay,plan,generic
Kozmetik ve Kişisel Bakım › Saç Bakımı › Saç Ürünleri › Şekillendirici,Renk,renk,COLOR,false,true,true,true,true,false,true,,1,Siyah;Beyaz;Gri;Mavi;Kırmızı;Diğer,plan,generic plan — refine per leaf in FAZ A
Kozmetik ve Kişisel Bakım › Saç Bakımı › Saç Ürünleri › Şekillendirici,Garanti,garanti,SINGLE_SELECT,false,false,false,true,true,false,false,,2,Yok;6 Ay;12 Ay;24 Ay,plan,generic
Kozmetik ve Kişisel Bakım › Saç Bakımı › Saç Şekillendirme Cihazları › Saç Kurutma Makinesi,Renk,renk,COLOR,false,true,true,true,true,false,true,,1,Siyah;Beyaz;Gri;Mavi;Kırmızı;Diğer,plan,generic plan — refine per leaf in FAZ A
Kozmetik ve Kişisel Bakım › Saç Bakımı › Saç Şekillendirme Cihazları › Saç Kurutma Makinesi,Garanti,garanti,SINGLE_SELECT,false,false,false,true,true,false,false,,2,Yok;6 Ay;12 Ay;24 Ay,plan,generic
Kozmetik ve Kişisel Bakım › Saç Bakımı › Saç Şekillendirme Cihazları › Saç Düzleştirici,Renk,renk,COLOR,false,true,true,true,true,false,true,,1,Siyah;Beyaz;Gri;Mavi;Kırmızı;Diğer,plan,generic plan — refine per leaf in FAZ A
Kozmetik ve Kişisel Bakım › Saç Bakımı › Saç Şekillendirme Cihazları › Saç Düzleştirici,Garanti,garanti,SINGLE_SELECT,false,false,false,true,true,false,false,,2,Yok;6 Ay;12 Ay;24 Ay,plan,generic
Kozmetik ve Kişisel Bakım › Saç Bakımı › Saç Şekillendirme Cihazları › Saç Maşası,Renk,renk,COLOR,false,true,true,true,true,false,true,,1,Siyah;Beyaz;Gri;Mavi;Kırmızı;Diğer,plan,generic plan — refine per leaf in FAZ A
Kozmetik ve Kişisel Bakım › Saç Bakımı › Saç Şekillendirme Cihazları › Saç Maşası,Garanti,garanti,SINGLE_SELECT,false,false,false,true,true,false,false,,2,Yok;6 Ay;12 Ay;24 Ay,plan,generic
Kozmetik ve Kişisel Bakım › Saç Bakımı › Saç Şekillendirme Cihazları › Saç Şekillendirme Seti,Renk,renk,COLOR,false,true,true,true,true,false,true,,1,Siyah;Beyaz;Gri;Mavi;Kırmızı;Diğer,plan,generic plan — refine per leaf in FAZ A
Kozmetik ve Kişisel Bakım › Saç Bakımı › Saç Şekillendirme Cihazları › Saç Şekillendirme Seti,Garanti,garanti,SINGLE_SELECT,false,false,false,true,true,false,false,,2,Yok;6 Ay;12 Ay;24 Ay,plan,generic
Kozmetik ve Kişisel Bakım › Saç Bakımı › Saç Şekillendirme Cihazları › Elektrikli Saç Fırçası,Renk,renk,COLOR,false,true,true,true,true,false,true,,1,Siyah;Beyaz;Gri;Mavi;Kırmızı;Diğer,plan,generic plan — refine per leaf in FAZ A
Kozmetik ve Kişisel Bakım › Saç Bakımı › Saç Şekillendirme Cihazları › Elektrikli Saç Fırçası,Garanti,garanti,SINGLE_SELECT,false,false,false,true,true,false,false,,2,Yok;6 Ay;12 Ay;24 Ay,plan,generic
Kozmetik ve Kişisel Bakım › Makyaj › Ten Makyajı › Fondöten,Renk,renk,COLOR,false,true,true,true,true,false,true,,1,Siyah;Beyaz;Gri;Mavi;Kırmızı;Diğer,plan,generic plan — refine per leaf in FAZ A
Kozmetik ve Kişisel Bakım › Makyaj › Ten Makyajı › Fondöten,Garanti,garanti,SINGLE_SELECT,false,false,false,true,true,false,false,,2,Yok;6 Ay;12 Ay;24 Ay,plan,generic
Kozmetik ve Kişisel Bakım › Makyaj › Ten Makyajı › BB-CC Krem,Renk,renk,COLOR,false,true,true,true,true,false,true,,1,Siyah;Beyaz;Gri;Mavi;Kırmızı;Diğer,plan,generic plan — refine per leaf in FAZ A
Kozmetik ve Kişisel Bakım › Makyaj › Ten Makyajı › BB-CC Krem,Garanti,garanti,SINGLE_SELECT,false,false,false,true,true,false,false,,2,Yok;6 Ay;12 Ay;24 Ay,plan,generic
Kozmetik ve Kişisel Bakım › Makyaj › Ten Makyajı › Kapatıcı,Renk,renk,COLOR,false,true,true,true,true,false,true,,1,Siyah;Beyaz;Gri;Mavi;Kırmızı;Diğer,plan,generic plan — refine per leaf in FAZ A
Kozmetik ve Kişisel Bakım › Makyaj › Ten Makyajı › Kapatıcı,Garanti,garanti,SINGLE_SELECT,false,false,false,true,true,false,false,,2,Yok;6 Ay;12 Ay;24 Ay,plan,generic
Kozmetik ve Kişisel Bakım › Makyaj › Ten Makyajı › Pudra,Renk,renk,COLOR,false,true,true,true,true,false,true,,1,Siyah;Beyaz;Gri;Mavi;Kırmızı;Diğer,plan,generic plan — refine per leaf in FAZ A
Kozmetik ve Kişisel Bakım › Makyaj › Ten Makyajı › Pudra,Garanti,garanti,SINGLE_SELECT,false,false,false,true,true,false,false,,2,Yok;6 Ay;12 Ay;24 Ay,plan,generic
Kozmetik ve Kişisel Bakım › Makyaj › Ten Makyajı › Allık,Renk,renk,COLOR,false,true,true,true,true,false,true,,1,Siyah;Beyaz;Gri;Mavi;Kırmızı;Diğer,plan,generic plan — refine per leaf in FAZ A
Kozmetik ve Kişisel Bakım › Makyaj › Ten Makyajı › Allık,Garanti,garanti,SINGLE_SELECT,false,false,false,true,true,false,false,,2,Yok;6 Ay;12 Ay;24 Ay,plan,generic
Kozmetik ve Kişisel Bakım › Makyaj › Ten Makyajı › Bronzer,Renk,renk,COLOR,false,true,true,true,true,false,true,,1,Siyah;Beyaz;Gri;Mavi;Kırmızı;Diğer,plan,generic plan — refine per leaf in FAZ A
Kozmetik ve Kişisel Bakım › Makyaj › Ten Makyajı › Bronzer,Garanti,garanti,SINGLE_SELECT,false,false,false,true,true,false,false,,2,Yok;6 Ay;12 Ay;24 Ay,plan,generic
Kozmetik ve Kişisel Bakım › Makyaj › Ten Makyajı › Aydınlatıcı,Renk,renk,COLOR,false,true,true,true,true,false,true,,1,Siyah;Beyaz;Gri;Mavi;Kırmızı;Diğer,plan,generic plan — refine per leaf in FAZ A
Kozmetik ve Kişisel Bakım › Makyaj › Ten Makyajı › Aydınlatıcı,Garanti,garanti,SINGLE_SELECT,false,false,false,true,true,false,false,,2,Yok;6 Ay;12 Ay;24 Ay,plan,generic
Kozmetik ve Kişisel Bakım › Makyaj › Göz Makyajı › Maskara,Renk,renk,COLOR,false,true,true,true,true,false,true,,1,Siyah;Beyaz;Gri;Mavi;Kırmızı;Diğer,plan,generic plan — refine per leaf in FAZ A
Kozmetik ve Kişisel Bakım › Makyaj › Göz Makyajı › Maskara,Garanti,garanti,SINGLE_SELECT,false,false,false,true,true,false,false,,2,Yok;6 Ay;12 Ay;24 Ay,plan,generic
Kozmetik ve Kişisel Bakım › Makyaj › Göz Makyajı › Eyeliner,Renk,renk,COLOR,false,true,true,true,true,false,true,,1,Siyah;Beyaz;Gri;Mavi;Kırmızı;Diğer,plan,generic plan — refine per leaf in FAZ A
Kozmetik ve Kişisel Bakım › Makyaj › Göz Makyajı › Eyeliner,Garanti,garanti,SINGLE_SELECT,false,false,false,true,true,false,false,,2,Yok;6 Ay;12 Ay;24 Ay,plan,generic
Kozmetik ve Kişisel Bakım › Makyaj › Göz Makyajı › Göz Kalemi,Renk,renk,COLOR,false,true,true,true,true,false,true,,1,Siyah;Beyaz;Gri;Mavi;Kırmızı;Diğer,plan,generic plan — refine per leaf in FAZ A
Kozmetik ve Kişisel Bakım › Makyaj › Göz Makyajı › Göz Kalemi,Garanti,garanti,SINGLE_SELECT,false,false,false,true,true,false,false,,2,Yok;6 Ay;12 Ay;24 Ay,plan,generic
Kozmetik ve Kişisel Bakım › Makyaj › Göz Makyajı › Far,Renk,renk,COLOR,false,true,true,true,true,false,true,,1,Siyah;Beyaz;Gri;Mavi;Kırmızı;Diğer,plan,generic plan — refine per leaf in FAZ A
Kozmetik ve Kişisel Bakım › Makyaj › Göz Makyajı › Far,Garanti,garanti,SINGLE_SELECT,false,false,false,true,true,false,false,,2,Yok;6 Ay;12 Ay;24 Ay,plan,generic
Kozmetik ve Kişisel Bakım › Makyaj › Göz Makyajı › Kaş Ürünü,Renk,renk,COLOR,false,true,true,true,true,false,true,,1,Siyah;Beyaz;Gri;Mavi;Kırmızı;Diğer,plan,generic plan — refine per leaf in FAZ A
Kozmetik ve Kişisel Bakım › Makyaj › Göz Makyajı › Kaş Ürünü,Garanti,garanti,SINGLE_SELECT,false,false,false,true,true,false,false,,2,Yok;6 Ay;12 Ay;24 Ay,plan,generic
Kozmetik ve Kişisel Bakım › Makyaj › Göz Makyajı › Takma Kirpik,Renk,renk,COLOR,false,true,true,true,true,false,true,,1,Siyah;Beyaz;Gri;Mavi;Kırmızı;Diğer,plan,generic plan — refine per leaf in FAZ A
Kozmetik ve Kişisel Bakım › Makyaj › Göz Makyajı › Takma Kirpik,Garanti,garanti,SINGLE_SELECT,false,false,false,true,true,false,false,,2,Yok;6 Ay;12 Ay;24 Ay,plan,generic
Kozmetik ve Kişisel Bakım › Makyaj › Dudak › Ruj,Renk,renk,COLOR,false,true,true,true,true,false,true,,1,Siyah;Beyaz;Gri;Mavi;Kırmızı;Diğer,plan,generic plan — refine per leaf in FAZ A
Kozmetik ve Kişisel Bakım › Makyaj › Dudak › Ruj,Garanti,garanti,SINGLE_SELECT,false,false,false,true,true,false,false,,2,Yok;6 Ay;12 Ay;24 Ay,plan,generic
Kozmetik ve Kişisel Bakım › Makyaj › Dudak › Dudak Parlatıcısı,Renk,renk,COLOR,false,true,true,true,true,false,true,,1,Siyah;Beyaz;Gri;Mavi;Kırmızı;Diğer,plan,generic plan — refine per leaf in FAZ A
Kozmetik ve Kişisel Bakım › Makyaj › Dudak › Dudak Parlatıcısı,Garanti,garanti,SINGLE_SELECT,false,false,false,true,true,false,false,,2,Yok;6 Ay;12 Ay;24 Ay,plan,generic
Kozmetik ve Kişisel Bakım › Makyaj › Dudak › Dudak Kalemi,Renk,renk,COLOR,false,true,true,true,true,false,true,,1,Siyah;Beyaz;Gri;Mavi;Kırmızı;Diğer,plan,generic plan — refine per leaf in FAZ A
Kozmetik ve Kişisel Bakım › Makyaj › Dudak › Dudak Kalemi,Garanti,garanti,SINGLE_SELECT,false,false,false,true,true,false,false,,2,Yok;6 Ay;12 Ay;24 Ay,plan,generic
Kozmetik ve Kişisel Bakım › Makyaj › Dudak › Dudak Balmı,Renk,renk,COLOR,false,true,true,true,true,false,true,,1,Siyah;Beyaz;Gri;Mavi;Kırmızı;Diğer,plan,generic plan — refine per leaf in FAZ A
Kozmetik ve Kişisel Bakım › Makyaj › Dudak › Dudak Balmı,Garanti,garanti,SINGLE_SELECT,false,false,false,true,true,false,false,,2,Yok;6 Ay;12 Ay;24 Ay,plan,generic
Kozmetik ve Kişisel Bakım › Makyaj › Makyaj Aksesuarı › Makyaj Fırçası,Renk,renk,COLOR,false,true,true,true,true,false,true,,1,Siyah;Beyaz;Gri;Mavi;Kırmızı;Diğer,plan,generic plan — refine per leaf in FAZ A
Kozmetik ve Kişisel Bakım › Makyaj › Makyaj Aksesuarı › Makyaj Fırçası,Garanti,garanti,SINGLE_SELECT,false,false,false,true,true,false,false,,2,Yok;6 Ay;12 Ay;24 Ay,plan,generic
Kozmetik ve Kişisel Bakım › Makyaj › Makyaj Aksesuarı › Makyaj Süngeri,Renk,renk,COLOR,false,true,true,true,true,false,true,,1,Siyah;Beyaz;Gri;Mavi;Kırmızı;Diğer,plan,generic plan — refine per leaf in FAZ A
Kozmetik ve Kişisel Bakım › Makyaj › Makyaj Aksesuarı › Makyaj Süngeri,Garanti,garanti,SINGLE_SELECT,false,false,false,true,true,false,false,,2,Yok;6 Ay;12 Ay;24 Ay,plan,generic
Kozmetik ve Kişisel Bakım › Makyaj › Makyaj Aksesuarı › Makyaj Aynası,Renk,renk,COLOR,false,true,true,true,true,false,true,,1,Siyah;Beyaz;Gri;Mavi;Kırmızı;Diğer,plan,generic plan — refine per leaf in FAZ A
Kozmetik ve Kişisel Bakım › Makyaj › Makyaj Aksesuarı › Makyaj Aynası,Garanti,garanti,SINGLE_SELECT,false,false,false,true,true,false,false,,2,Yok;6 Ay;12 Ay;24 Ay,plan,generic
Kozmetik ve Kişisel Bakım › Makyaj › Makyaj Aksesuarı › Makyaj Çantası,Renk,renk,COLOR,false,true,true,true,true,false,true,,1,Siyah;Beyaz;Gri;Mavi;Kırmızı;Diğer,plan,generic plan — refine per leaf in FAZ A
Kozmetik ve Kişisel Bakım › Makyaj › Makyaj Aksesuarı › Makyaj Çantası,Garanti,garanti,SINGLE_SELECT,false,false,false,true,true,false,false,,2,Yok;6 Ay;12 Ay;24 Ay,plan,generic
Kozmetik ve Kişisel Bakım › Parfüm ve Deodorant › Parfüm › Kadın Parfümü,Renk,renk,COLOR,false,true,true,true,true,false,true,,1,Siyah;Beyaz;Gri;Mavi;Kırmızı;Diğer,plan,generic plan — refine per leaf in FAZ A
Kozmetik ve Kişisel Bakım › Parfüm ve Deodorant › Parfüm › Kadın Parfümü,Garanti,garanti,SINGLE_SELECT,false,false,false,true,true,false,false,,2,Yok;6 Ay;12 Ay;24 Ay,plan,generic
Kozmetik ve Kişisel Bakım › Parfüm ve Deodorant › Parfüm › Erkek Parfümü,Renk,renk,COLOR,false,true,true,true,true,false,true,,1,Siyah;Beyaz;Gri;Mavi;Kırmızı;Diğer,plan,generic plan — refine per leaf in FAZ A
Kozmetik ve Kişisel Bakım › Parfüm ve Deodorant › Parfüm › Erkek Parfümü,Garanti,garanti,SINGLE_SELECT,false,false,false,true,true,false,false,,2,Yok;6 Ay;12 Ay;24 Ay,plan,generic
Kozmetik ve Kişisel Bakım › Parfüm ve Deodorant › Parfüm › Unisex Parfüm,Renk,renk,COLOR,false,true,true,true,true,false,true,,1,Siyah;Beyaz;Gri;Mavi;Kırmızı;Diğer,plan,generic plan — refine per leaf in FAZ A
Kozmetik ve Kişisel Bakım › Parfüm ve Deodorant › Parfüm › Unisex Parfüm,Garanti,garanti,SINGLE_SELECT,false,false,false,true,true,false,false,,2,Yok;6 Ay;12 Ay;24 Ay,plan,generic
Kozmetik ve Kişisel Bakım › Parfüm ve Deodorant › Parfüm › Çocuk Parfümü,Renk,renk,COLOR,false,true,true,true,true,false,true,,1,Siyah;Beyaz;Gri;Mavi;Kırmızı;Diğer,plan,generic plan — refine per leaf in FAZ A
Kozmetik ve Kişisel Bakım › Parfüm ve Deodorant › Parfüm › Çocuk Parfümü,Garanti,garanti,SINGLE_SELECT,false,false,false,true,true,false,false,,2,Yok;6 Ay;12 Ay;24 Ay,plan,generic
Kozmetik ve Kişisel Bakım › Parfüm ve Deodorant › Parfüm › Vücut Spreyi,Renk,renk,COLOR,false,true,true,true,true,false,true,,1,Siyah;Beyaz;Gri;Mavi;Kırmızı;Diğer,plan,generic plan — refine per leaf in FAZ A
Kozmetik ve Kişisel Bakım › Parfüm ve Deodorant › Parfüm › Vücut Spreyi,Garanti,garanti,SINGLE_SELECT,false,false,false,true,true,false,false,,2,Yok;6 Ay;12 Ay;24 Ay,plan,generic
Kozmetik ve Kişisel Bakım › Parfüm ve Deodorant › Deodorant › Roll-On,Renk,renk,COLOR,false,true,true,true,true,false,true,,1,Siyah;Beyaz;Gri;Mavi;Kırmızı;Diğer,plan,generic plan — refine per leaf in FAZ A
Kozmetik ve Kişisel Bakım › Parfüm ve Deodorant › Deodorant › Roll-On,Garanti,garanti,SINGLE_SELECT,false,false,false,true,true,false,false,,2,Yok;6 Ay;12 Ay;24 Ay,plan,generic
Kozmetik ve Kişisel Bakım › Parfüm ve Deodorant › Deodorant › Sprey Deodorant,Renk,renk,COLOR,false,true,true,true,true,false,true,,1,Siyah;Beyaz;Gri;Mavi;Kırmızı;Diğer,plan,generic plan — refine per leaf in FAZ A
Kozmetik ve Kişisel Bakım › Parfüm ve Deodorant › Deodorant › Sprey Deodorant,Garanti,garanti,SINGLE_SELECT,false,false,false,true,true,false,false,,2,Yok;6 Ay;12 Ay;24 Ay,plan,generic
Kozmetik ve Kişisel Bakım › Parfüm ve Deodorant › Deodorant › Stick Deodorant,Renk,renk,COLOR,false,true,true,true,true,false,true,,1,Siyah;Beyaz;Gri;Mavi;Kırmızı;Diğer,plan,generic plan — refine per leaf in FAZ A
Kozmetik ve Kişisel Bakım › Parfüm ve Deodorant › Deodorant › Stick Deodorant,Garanti,garanti,SINGLE_SELECT,false,false,false,true,true,false,false,,2,Yok;6 Ay;12 Ay;24 Ay,plan,generic
Kozmetik ve Kişisel Bakım › Kişisel Bakım Cihazları › Tıraş › Tıraş Makinesi,Renk,renk,COLOR,false,true,true,true,true,false,true,,1,Siyah;Beyaz;Gri;Mavi;Kırmızı;Diğer,plan,generic plan — refine per leaf in FAZ A
Kozmetik ve Kişisel Bakım › Kişisel Bakım Cihazları › Tıraş › Tıraş Makinesi,Garanti,garanti,SINGLE_SELECT,false,false,false,true,true,false,false,,2,Yok;6 Ay;12 Ay;24 Ay,plan,generic
Kozmetik ve Kişisel Bakım › Kişisel Bakım Cihazları › Tıraş › Sakal Şekillendirici,Renk,renk,COLOR,false,true,true,true,true,false,true,,1,Siyah;Beyaz;Gri;Mavi;Kırmızı;Diğer,plan,generic plan — refine per leaf in FAZ A
Kozmetik ve Kişisel Bakım › Kişisel Bakım Cihazları › Tıraş › Sakal Şekillendirici,Garanti,garanti,SINGLE_SELECT,false,false,false,true,true,false,false,,2,Yok;6 Ay;12 Ay;24 Ay,plan,generic
Kozmetik ve Kişisel Bakım › Kişisel Bakım Cihazları › Tıraş › Burun-Kulak Kılı Kesici,Renk,renk,COLOR,false,true,true,true,true,false,true,,1,Siyah;Beyaz;Gri;Mavi;Kırmızı;Diğer,plan,generic plan — refine per leaf in FAZ A
Kozmetik ve Kişisel Bakım › Kişisel Bakım Cihazları › Tıraş › Burun-Kulak Kılı Kesici,Garanti,garanti,SINGLE_SELECT,false,false,false,true,true,false,false,,2,Yok;6 Ay;12 Ay;24 Ay,plan,generic
Kozmetik ve Kişisel Bakım › Kişisel Bakım Cihazları › Tıraş › Tıraş Bıçağı,Renk,renk,COLOR,false,true,true,true,true,false,true,,1,Siyah;Beyaz;Gri;Mavi;Kırmızı;Diğer,plan,generic plan — refine per leaf in FAZ A
Kozmetik ve Kişisel Bakım › Kişisel Bakım Cihazları › Tıraş › Tıraş Bıçağı,Garanti,garanti,SINGLE_SELECT,false,false,false,true,true,false,false,,2,Yok;6 Ay;12 Ay;24 Ay,plan,generic
Kozmetik ve Kişisel Bakım › Kişisel Bakım Cihazları › Ağız Bakımı › Elektrikli Diş Fırçası,Renk,renk,COLOR,false,true,true,true,true,false,true,,1,Siyah;Beyaz;Gri;Mavi;Kırmızı;Diğer,plan,generic plan — refine per leaf in FAZ A
Kozmetik ve Kişisel Bakım › Kişisel Bakım Cihazları › Ağız Bakımı › Elektrikli Diş Fırçası,Garanti,garanti,SINGLE_SELECT,false,false,false,true,true,false,false,,2,Yok;6 Ay;12 Ay;24 Ay,plan,generic
Kozmetik ve Kişisel Bakım › Kişisel Bakım Cihazları › Ağız Bakımı › Ağız Duşu,Renk,renk,COLOR,false,true,true,true,true,false,true,,1,Siyah;Beyaz;Gri;Mavi;Kırmızı;Diğer,plan,generic plan — refine per leaf in FAZ A
Kozmetik ve Kişisel Bakım › Kişisel Bakım Cihazları › Ağız Bakımı › Ağız Duşu,Garanti,garanti,SINGLE_SELECT,false,false,false,true,true,false,false,,2,Yok;6 Ay;12 Ay;24 Ay,plan,generic
Kozmetik ve Kişisel Bakım › Kişisel Bakım Cihazları › Ağız Bakımı › Diş Beyazlatma Cihazı,Renk,renk,COLOR,false,true,true,true,true,false,true,,1,Siyah;Beyaz;Gri;Mavi;Kırmızı;Diğer,plan,generic plan — refine per leaf in FAZ A
Kozmetik ve Kişisel Bakım › Kişisel Bakım Cihazları › Ağız Bakımı › Diş Beyazlatma Cihazı,Garanti,garanti,SINGLE_SELECT,false,false,false,true,true,false,false,,2,Yok;6 Ay;12 Ay;24 Ay,plan,generic
Kozmetik ve Kişisel Bakım › Kişisel Bakım Cihazları › Epilasyon › Epilatör,Renk,renk,COLOR,false,true,true,true,true,false,true,,1,Siyah;Beyaz;Gri;Mavi;Kırmızı;Diğer,plan,generic plan — refine per leaf in FAZ A
Kozmetik ve Kişisel Bakım › Kişisel Bakım Cihazları › Epilasyon › Epilatör,Garanti,garanti,SINGLE_SELECT,false,false,false,true,true,false,false,,2,Yok;6 Ay;12 Ay;24 Ay,plan,generic
Kozmetik ve Kişisel Bakım › Kişisel Bakım Cihazları › Epilasyon › IPL Lazer Epilasyon,Renk,renk,COLOR,false,true,true,true,true,false,true,,1,Siyah;Beyaz;Gri;Mavi;Kırmızı;Diğer,plan,generic plan — refine per leaf in FAZ A
Kozmetik ve Kişisel Bakım › Kişisel Bakım Cihazları › Epilasyon › IPL Lazer Epilasyon,Garanti,garanti,SINGLE_SELECT,false,false,false,true,true,false,false,,2,Yok;6 Ay;12 Ay;24 Ay,plan,generic
Kozmetik ve Kişisel Bakım › Kişisel Bakım Cihazları › Epilasyon › Kadın Tıraş Makinesi,Renk,renk,COLOR,false,true,true,true,true,false,true,,1,Siyah;Beyaz;Gri;Mavi;Kırmızı;Diğer,plan,generic plan — refine per leaf in FAZ A
Kozmetik ve Kişisel Bakım › Kişisel Bakım Cihazları › Epilasyon › Kadın Tıraş Makinesi,Garanti,garanti,SINGLE_SELECT,false,false,false,true,true,false,false,,2,Yok;6 Ay;12 Ay;24 Ay,plan,generic
Kozmetik ve Kişisel Bakım › Kişisel Bakım Cihazları › Masaj ve Sağlık › Masaj Aleti,Renk,renk,COLOR,false,true,true,true,true,false,true,,1,Siyah;Beyaz;Gri;Mavi;Kırmızı;Diğer,plan,generic plan — refine per leaf in FAZ A
Kozmetik ve Kişisel Bakım › Kişisel Bakım Cihazları › Masaj ve Sağlık › Masaj Aleti,Garanti,garanti,SINGLE_SELECT,false,false,false,true,true,false,false,,2,Yok;6 Ay;12 Ay;24 Ay,plan,generic
Kozmetik ve Kişisel Bakım › Kişisel Bakım Cihazları › Masaj ve Sağlık › Tartı,Renk,renk,COLOR,false,true,true,true,true,false,true,,1,Siyah;Beyaz;Gri;Mavi;Kırmızı;Diğer,plan,generic plan — refine per leaf in FAZ A
Kozmetik ve Kişisel Bakım › Kişisel Bakım Cihazları › Masaj ve Sağlık › Tartı,Garanti,garanti,SINGLE_SELECT,false,false,false,true,true,false,false,,2,Yok;6 Ay;12 Ay;24 Ay,plan,generic
Kozmetik ve Kişisel Bakım › Kişisel Bakım Cihazları › Masaj ve Sağlık › Tansiyon Aleti,Renk,renk,COLOR,false,true,true,true,true,false,true,,1,Siyah;Beyaz;Gri;Mavi;Kırmızı;Diğer,plan,generic plan — refine per leaf in FAZ A
Kozmetik ve Kişisel Bakım › Kişisel Bakım Cihazları › Masaj ve Sağlık › Tansiyon Aleti,Garanti,garanti,SINGLE_SELECT,false,false,false,true,true,false,false,,2,Yok;6 Ay;12 Ay;24 Ay,plan,generic
Kozmetik ve Kişisel Bakım › Kişisel Bakım Cihazları › Masaj ve Sağlık › Ateş Ölçer,Renk,renk,COLOR,false,true,true,true,true,false,true,,1,Siyah;Beyaz;Gri;Mavi;Kırmızı;Diğer,plan,generic plan — refine per leaf in FAZ A
Kozmetik ve Kişisel Bakım › Kişisel Bakım Cihazları › Masaj ve Sağlık › Ateş Ölçer,Garanti,garanti,SINGLE_SELECT,false,false,false,true,true,false,false,,2,Yok;6 Ay;12 Ay;24 Ay,plan,generic
Kozmetik ve Kişisel Bakım › Kişisel Bakım Cihazları › Masaj ve Sağlık › Nebulizatör,Renk,renk,COLOR,false,true,true,true,true,false,true,,1,Siyah;Beyaz;Gri;Mavi;Kırmızı;Diğer,plan,generic plan — refine per leaf in FAZ A
Kozmetik ve Kişisel Bakım › Kişisel Bakım Cihazları › Masaj ve Sağlık › Nebulizatör,Garanti,garanti,SINGLE_SELECT,false,false,false,true,true,false,false,,2,Yok;6 Ay;12 Ay;24 Ay,plan,generic
Spor ve Outdoor › Fitness › Kardiyo › Koşu Bandı,Renk,renk,COLOR,false,true,true,true,true,false,true,,1,Siyah;Beyaz;Gri;Mavi;Kırmızı;Diğer,plan,generic plan — refine per leaf in FAZ A
Spor ve Outdoor › Fitness › Kardiyo › Koşu Bandı,Garanti,garanti,SINGLE_SELECT,false,false,false,true,true,false,false,,2,Yok;6 Ay;12 Ay;24 Ay,plan,generic
Spor ve Outdoor › Fitness › Kardiyo › Eliptik Bisiklet,Bisiklet Tipi,bisiklet-tipi,SINGLE_SELECT,true,true,true,true,true,true,false,,1,Dağ;Şehir;Yol;Katlanır;Çocuk;Elektrikli,plan,DB leaf currently missing attrs
Spor ve Outdoor › Fitness › Kardiyo › Eliptik Bisiklet,Kadro Boyu,kadro-boyu,SINGLE_SELECT,false,true,true,true,true,true,false,,2,,plan,DB leaf currently missing attrs
Spor ve Outdoor › Fitness › Kardiyo › Eliptik Bisiklet,Jant Çapı,jant-capi,SINGLE_SELECT,false,true,true,true,true,true,false,inç,3,20;24;26;27.5;28;29,plan,DB leaf currently missing attrs
Spor ve Outdoor › Fitness › Kardiyo › Eliptik Bisiklet,Kadro Malzemesi,kadro-malzemesi,SINGLE_SELECT,false,true,true,true,true,true,false,,4,Alüminyum;Çelik;Karbon;Diğer,plan,DB leaf currently missing attrs
Spor ve Outdoor › Fitness › Kardiyo › Eliptik Bisiklet,Vites Sayısı,vites-sayisi,SINGLE_SELECT,false,true,true,true,true,true,false,,5,Tek;3;7;18;21;24;27,plan,DB leaf currently missing attrs
Spor ve Outdoor › Fitness › Kardiyo › Eliptik Bisiklet,Fren Tipi,fren-tipi,SINGLE_SELECT,false,true,true,true,true,true,false,,6,V-Brake;Disk;Hidrolik Disk,plan,DB leaf currently missing attrs
Spor ve Outdoor › Fitness › Kardiyo › Eliptik Bisiklet,Renk,renk,COLOR,false,true,true,true,true,true,true,,7,Siyah;Beyaz;Kırmızı;Mavi;Diğer,plan,DB leaf currently missing attrs
Spor ve Outdoor › Fitness › Kardiyo › Eliptik Bisiklet,Elektrikli,elektrikli,BOOLEAN,false,true,true,true,true,true,false,,8,,plan,DB leaf currently missing attrs
Spor ve Outdoor › Fitness › Kardiyo › Eliptik Bisiklet,Garanti,garanti,SINGLE_SELECT,false,false,true,true,true,true,false,,9,12 Ay;24 Ay,plan,DB leaf currently missing attrs
Spor ve Outdoor › Fitness › Kardiyo › Kondisyon Bisikleti,Bisiklet Tipi,bisiklet-tipi,SINGLE_SELECT,true,true,true,true,true,true,false,,1,Dağ;Şehir;Yol;Katlanır;Çocuk;Elektrikli,plan,DB leaf currently missing attrs
Spor ve Outdoor › Fitness › Kardiyo › Kondisyon Bisikleti,Kadro Boyu,kadro-boyu,SINGLE_SELECT,false,true,true,true,true,true,false,,2,,plan,DB leaf currently missing attrs
Spor ve Outdoor › Fitness › Kardiyo › Kondisyon Bisikleti,Jant Çapı,jant-capi,SINGLE_SELECT,false,true,true,true,true,true,false,inç,3,20;24;26;27.5;28;29,plan,DB leaf currently missing attrs
Spor ve Outdoor › Fitness › Kardiyo › Kondisyon Bisikleti,Kadro Malzemesi,kadro-malzemesi,SINGLE_SELECT,false,true,true,true,true,true,false,,4,Alüminyum;Çelik;Karbon;Diğer,plan,DB leaf currently missing attrs
Spor ve Outdoor › Fitness › Kardiyo › Kondisyon Bisikleti,Vites Sayısı,vites-sayisi,SINGLE_SELECT,false,true,true,true,true,true,false,,5,Tek;3;7;18;21;24;27,plan,DB leaf currently missing attrs
Spor ve Outdoor › Fitness › Kardiyo › Kondisyon Bisikleti,Fren Tipi,fren-tipi,SINGLE_SELECT,false,true,true,true,true,true,false,,6,V-Brake;Disk;Hidrolik Disk,plan,DB leaf currently missing attrs
Spor ve Outdoor › Fitness › Kardiyo › Kondisyon Bisikleti,Renk,renk,COLOR,false,true,true,true,true,true,true,,7,Siyah;Beyaz;Kırmızı;Mavi;Diğer,plan,DB leaf currently missing attrs
Spor ve Outdoor › Fitness › Kardiyo › Kondisyon Bisikleti,Elektrikli,elektrikli,BOOLEAN,false,true,true,true,true,true,false,,8,,plan,DB leaf currently missing attrs
Spor ve Outdoor › Fitness › Kardiyo › Kondisyon Bisikleti,Garanti,garanti,SINGLE_SELECT,false,false,true,true,true,true,false,,9,12 Ay;24 Ay,plan,DB leaf currently missing attrs
Spor ve Outdoor › Fitness › Kardiyo › Kürek Aleti,Renk,renk,COLOR,false,true,true,true,true,false,true,,1,Siyah;Beyaz;Gri;Mavi;Kırmızı;Diğer,plan,generic plan — refine per leaf in FAZ A
Spor ve Outdoor › Fitness › Kardiyo › Kürek Aleti,Garanti,garanti,SINGLE_SELECT,false,false,false,true,true,false,false,,2,Yok;6 Ay;12 Ay;24 Ay,plan,generic
Spor ve Outdoor › Fitness › Kardiyo › Stepper,Renk,renk,COLOR,false,true,true,true,true,false,true,,1,Siyah;Beyaz;Gri;Mavi;Kırmızı;Diğer,plan,generic plan — refine per leaf in FAZ A
Spor ve Outdoor › Fitness › Kardiyo › Stepper,Garanti,garanti,SINGLE_SELECT,false,false,false,true,true,false,false,,2,Yok;6 Ay;12 Ay;24 Ay,plan,generic
Spor ve Outdoor › Fitness › Ağırlık › Dambıl,Renk,renk,COLOR,false,true,true,true,true,false,true,,1,Siyah;Beyaz;Gri;Mavi;Kırmızı;Diğer,plan,generic plan — refine per leaf in FAZ A
Spor ve Outdoor › Fitness › Ağırlık › Dambıl,Garanti,garanti,SINGLE_SELECT,false,false,false,true,true,false,false,,2,Yok;6 Ay;12 Ay;24 Ay,plan,generic
Spor ve Outdoor › Fitness › Ağırlık › Halter,Renk,renk,COLOR,false,true,true,true,true,false,true,,1,Siyah;Beyaz;Gri;Mavi;Kırmızı;Diğer,plan,generic plan — refine per leaf in FAZ A
Spor ve Outdoor › Fitness › Ağırlık › Halter,Garanti,garanti,SINGLE_SELECT,false,false,false,true,true,false,false,,2,Yok;6 Ay;12 Ay;24 Ay,plan,generic
Spor ve Outdoor › Fitness › Ağırlık › Ağırlık Seti,Renk,renk,COLOR,false,true,true,true,true,false,true,,1,Siyah;Beyaz;Gri;Mavi;Kırmızı;Diğer,plan,generic plan — refine per leaf in FAZ A
Spor ve Outdoor › Fitness › Ağırlık › Ağırlık Seti,Garanti,garanti,SINGLE_SELECT,false,false,false,true,true,false,false,,2,Yok;6 Ay;12 Ay;24 Ay,plan,generic
Spor ve Outdoor › Fitness › Ağırlık › Bench Sehpası,Renk,renk,COLOR,false,true,true,true,true,false,true,,1,Siyah;Beyaz;Gri;Mavi;Kırmızı;Diğer,plan,generic plan — refine per leaf in FAZ A
Spor ve Outdoor › Fitness › Ağırlık › Bench Sehpası,Garanti,garanti,SINGLE_SELECT,false,false,false,true,true,false,false,,2,Yok;6 Ay;12 Ay;24 Ay,plan,generic
Spor ve Outdoor › Fitness › Ağırlık › Kettlebell,Renk,renk,COLOR,false,true,true,true,true,false,true,,1,Siyah;Beyaz;Gri;Mavi;Kırmızı;Diğer,plan,generic plan — refine per leaf in FAZ A
Spor ve Outdoor › Fitness › Ağırlık › Kettlebell,Garanti,garanti,SINGLE_SELECT,false,false,false,true,true,false,false,,2,Yok;6 Ay;12 Ay;24 Ay,plan,generic
Spor ve Outdoor › Fitness › Ağırlık › Direnç Lastiği,Renk,renk,COLOR,false,true,true,true,true,false,true,,1,Siyah;Beyaz;Gri;Mavi;Kırmızı;Diğer,plan,generic plan — refine per leaf in FAZ A
Spor ve Outdoor › Fitness › Ağırlık › Direnç Lastiği,Garanti,garanti,SINGLE_SELECT,false,false,false,true,true,false,false,,2,Yok;6 Ay;12 Ay;24 Ay,plan,generic
Spor ve Outdoor › Fitness › Yoga ve Pilates › Yoga Matı,Renk,renk,COLOR,false,true,true,true,true,false,true,,1,Siyah;Beyaz;Gri;Mavi;Kırmızı;Diğer,plan,generic plan — refine per leaf in FAZ A
Spor ve Outdoor › Fitness › Yoga ve Pilates › Yoga Matı,Garanti,garanti,SINGLE_SELECT,false,false,false,true,true,false,false,,2,Yok;6 Ay;12 Ay;24 Ay,plan,generic
Spor ve Outdoor › Fitness › Yoga ve Pilates › Pilates Topu,Renk,renk,COLOR,false,true,true,true,true,false,true,,1,Siyah;Beyaz;Gri;Mavi;Kırmızı;Diğer,plan,generic plan — refine per leaf in FAZ A
Spor ve Outdoor › Fitness › Yoga ve Pilates › Pilates Topu,Garanti,garanti,SINGLE_SELECT,false,false,false,true,true,false,false,,2,Yok;6 Ay;12 Ay;24 Ay,plan,generic
Spor ve Outdoor › Fitness › Yoga ve Pilates › Pilates Çemberi,Renk,renk,COLOR,false,true,true,true,true,false,true,,1,Siyah;Beyaz;Gri;Mavi;Kırmızı;Diğer,plan,generic plan — refine per leaf in FAZ A
Spor ve Outdoor › Fitness › Yoga ve Pilates › Pilates Çemberi,Garanti,garanti,SINGLE_SELECT,false,false,false,true,true,false,false,,2,Yok;6 Ay;12 Ay;24 Ay,plan,generic
Spor ve Outdoor › Fitness › Yoga ve Pilates › Yoga Bloğu,Renk,renk,COLOR,false,true,true,true,true,false,true,,1,Siyah;Beyaz;Gri;Mavi;Kırmızı;Diğer,plan,generic plan — refine per leaf in FAZ A
Spor ve Outdoor › Fitness › Yoga ve Pilates › Yoga Bloğu,Garanti,garanti,SINGLE_SELECT,false,false,false,true,true,false,false,,2,Yok;6 Ay;12 Ay;24 Ay,plan,generic
Spor ve Outdoor › Fitness › Yoga ve Pilates › Foam Roller,Renk,renk,COLOR,false,true,true,true,true,false,true,,1,Siyah;Beyaz;Gri;Mavi;Kırmızı;Diğer,plan,generic plan — refine per leaf in FAZ A
Spor ve Outdoor › Fitness › Yoga ve Pilates › Foam Roller,Garanti,garanti,SINGLE_SELECT,false,false,false,true,true,false,false,,2,Yok;6 Ay;12 Ay;24 Ay,plan,generic
Spor ve Outdoor › Takım Sporları › Futbol › Futbol Topu,Renk,renk,COLOR,false,true,true,true,true,false,true,,1,Siyah;Beyaz;Gri;Mavi;Kırmızı;Diğer,plan,generic plan — refine per leaf in FAZ A
Spor ve Outdoor › Takım Sporları › Futbol › Futbol Topu,Garanti,garanti,SINGLE_SELECT,false,false,false,true,true,false,false,,2,Yok;6 Ay;12 Ay;24 Ay,plan,generic
Spor ve Outdoor › Takım Sporları › Futbol › Krampon,Renk,renk,COLOR,false,true,true,true,true,false,true,,1,Siyah;Beyaz;Gri;Mavi;Kırmızı;Diğer,plan,generic plan — refine per leaf in FAZ A
Spor ve Outdoor › Takım Sporları › Futbol › Krampon,Garanti,garanti,SINGLE_SELECT,false,false,false,true,true,false,false,,2,Yok;6 Ay;12 Ay;24 Ay,plan,generic
Spor ve Outdoor › Takım Sporları › Futbol › Kaleci Eldiveni,Renk,renk,COLOR,false,true,true,true,true,false,true,,1,Siyah;Beyaz;Gri;Mavi;Kırmızı;Diğer,plan,generic plan — refine per leaf in FAZ A
Spor ve Outdoor › Takım Sporları › Futbol › Kaleci Eldiveni,Garanti,garanti,SINGLE_SELECT,false,false,false,true,true,false,false,,2,Yok;6 Ay;12 Ay;24 Ay,plan,generic
Spor ve Outdoor › Takım Sporları › Futbol › Futbol Kalesi,Renk,renk,COLOR,false,true,true,true,true,false,true,,1,Siyah;Beyaz;Gri;Mavi;Kırmızı;Diğer,plan,generic plan — refine per leaf in FAZ A
Spor ve Outdoor › Takım Sporları › Futbol › Futbol Kalesi,Garanti,garanti,SINGLE_SELECT,false,false,false,true,true,false,false,,2,Yok;6 Ay;12 Ay;24 Ay,plan,generic
Spor ve Outdoor › Takım Sporları › Futbol › Antrenman Ekipmanı,Renk,renk,COLOR,false,true,true,true,true,false,true,,1,Siyah;Beyaz;Gri;Mavi;Kırmızı;Diğer,plan,generic plan — refine per leaf in FAZ A
Spor ve Outdoor › Takım Sporları › Futbol › Antrenman Ekipmanı,Garanti,garanti,SINGLE_SELECT,false,false,false,true,true,false,false,,2,Yok;6 Ay;12 Ay;24 Ay,plan,generic
Spor ve Outdoor › Takım Sporları › Basketbol › Basketbol Topu,Renk,renk,COLOR,false,true,true,true,true,false,true,,1,Siyah;Beyaz;Gri;Mavi;Kırmızı;Diğer,plan,generic plan — refine per leaf in FAZ A
Spor ve Outdoor › Takım Sporları › Basketbol › Basketbol Topu,Garanti,garanti,SINGLE_SELECT,false,false,false,true,true,false,false,,2,Yok;6 Ay;12 Ay;24 Ay,plan,generic
Spor ve Outdoor › Takım Sporları › Basketbol › Basketbol Potası,Renk,renk,COLOR,false,true,true,true,true,false,true,,1,Siyah;Beyaz;Gri;Mavi;Kırmızı;Diğer,plan,generic plan — refine per leaf in FAZ A
Spor ve Outdoor › Takım Sporları › Basketbol › Basketbol Potası,Garanti,garanti,SINGLE_SELECT,false,false,false,true,true,false,false,,2,Yok;6 Ay;12 Ay;24 Ay,plan,generic
Spor ve Outdoor › Takım Sporları › Basketbol › Basketbol Ayakkabısı,Renk,renk,COLOR,false,true,true,true,true,false,true,,1,Siyah;Beyaz;Gri;Mavi;Kırmızı;Diğer,plan,generic plan — refine per leaf in FAZ A
Spor ve Outdoor › Takım Sporları › Basketbol › Basketbol Ayakkabısı,Garanti,garanti,SINGLE_SELECT,false,false,false,true,true,false,false,,2,Yok;6 Ay;12 Ay;24 Ay,plan,generic
Spor ve Outdoor › Takım Sporları › Voleybol › Voleybol Topu,Renk,renk,COLOR,false,true,true,true,true,false,true,,1,Siyah;Beyaz;Gri;Mavi;Kırmızı;Diğer,plan,generic plan — refine per leaf in FAZ A
Spor ve Outdoor › Takım Sporları › Voleybol › Voleybol Topu,Garanti,garanti,SINGLE_SELECT,false,false,false,true,true,false,false,,2,Yok;6 Ay;12 Ay;24 Ay,plan,generic
Spor ve Outdoor › Takım Sporları › Voleybol › Voleybol Filesi,Renk,renk,COLOR,false,true,true,true,true,false,true,,1,Siyah;Beyaz;Gri;Mavi;Kırmızı;Diğer,plan,generic plan — refine per leaf in FAZ A
Spor ve Outdoor › Takım Sporları › Voleybol › Voleybol Filesi,Garanti,garanti,SINGLE_SELECT,false,false,false,true,true,false,false,,2,Yok;6 Ay;12 Ay;24 Ay,plan,generic
Spor ve Outdoor › Takım Sporları › Voleybol › Dizlik,Renk,renk,COLOR,false,true,true,true,true,false,true,,1,Siyah;Beyaz;Gri;Mavi;Kırmızı;Diğer,plan,generic plan — refine per leaf in FAZ A
Spor ve Outdoor › Takım Sporları › Voleybol › Dizlik,Garanti,garanti,SINGLE_SELECT,false,false,false,true,true,false,false,,2,Yok;6 Ay;12 Ay;24 Ay,plan,generic
Spor ve Outdoor › Takım Sporları › Raket Sporları › Tenis Raketi,Renk,renk,COLOR,false,true,true,true,true,false,true,,1,Siyah;Beyaz;Gri;Mavi;Kırmızı;Diğer,plan,generic plan — refine per leaf in FAZ A
Spor ve Outdoor › Takım Sporları › Raket Sporları › Tenis Raketi,Garanti,garanti,SINGLE_SELECT,false,false,false,true,true,false,false,,2,Yok;6 Ay;12 Ay;24 Ay,plan,generic
Spor ve Outdoor › Takım Sporları › Raket Sporları › Tenis Topu,Renk,renk,COLOR,false,true,true,true,true,false,true,,1,Siyah;Beyaz;Gri;Mavi;Kırmızı;Diğer,plan,generic plan — refine per leaf in FAZ A
Spor ve Outdoor › Takım Sporları › Raket Sporları › Tenis Topu,Garanti,garanti,SINGLE_SELECT,false,false,false,true,true,false,false,,2,Yok;6 Ay;12 Ay;24 Ay,plan,generic
Spor ve Outdoor › Takım Sporları › Raket Sporları › Masa Tenisi Raketi,Renk,renk,COLOR,false,true,true,true,true,false,true,,1,Siyah;Beyaz;Gri;Mavi;Kırmızı;Diğer,plan,generic plan — refine per leaf in FAZ A
Spor ve Outdoor › Takım Sporları › Raket Sporları › Masa Tenisi Raketi,Garanti,garanti,SINGLE_SELECT,false,false,false,true,true,false,false,,2,Yok;6 Ay;12 Ay;24 Ay,plan,generic
Spor ve Outdoor › Takım Sporları › Raket Sporları › Badminton Raketi,Renk,renk,COLOR,false,true,true,true,true,false,true,,1,Siyah;Beyaz;Gri;Mavi;Kırmızı;Diğer,plan,generic plan — refine per leaf in FAZ A
Spor ve Outdoor › Takım Sporları › Raket Sporları › Badminton Raketi,Garanti,garanti,SINGLE_SELECT,false,false,false,true,true,false,false,,2,Yok;6 Ay;12 Ay;24 Ay,plan,generic
Spor ve Outdoor › Takım Sporları › Raket Sporları › Padel Raketi,Renk,renk,COLOR,false,true,true,true,true,false,true,,1,Siyah;Beyaz;Gri;Mavi;Kırmızı;Diğer,plan,generic plan — refine per leaf in FAZ A
Spor ve Outdoor › Takım Sporları › Raket Sporları › Padel Raketi,Garanti,garanti,SINGLE_SELECT,false,false,false,true,true,false,false,,2,Yok;6 Ay;12 Ay;24 Ay,plan,generic
Spor ve Outdoor › Outdoor ve Kamp › Kamp › Çadır,Renk,renk,COLOR,false,true,true,true,true,false,true,,1,Siyah;Beyaz;Gri;Mavi;Kırmızı;Diğer,plan,generic plan — refine per leaf in FAZ A
Spor ve Outdoor › Outdoor ve Kamp › Kamp › Çadır,Garanti,garanti,SINGLE_SELECT,false,false,false,true,true,false,false,,2,Yok;6 Ay;12 Ay;24 Ay,plan,generic
Spor ve Outdoor › Outdoor ve Kamp › Kamp › Uyku Tulumu,Renk,renk,COLOR,false,true,true,true,true,false,true,,1,Siyah;Beyaz;Gri;Mavi;Kırmızı;Diğer,plan,generic plan — refine per leaf in FAZ A
Spor ve Outdoor › Outdoor ve Kamp › Kamp › Uyku Tulumu,Garanti,garanti,SINGLE_SELECT,false,false,false,true,true,false,false,,2,Yok;6 Ay;12 Ay;24 Ay,plan,generic
Spor ve Outdoor › Outdoor ve Kamp › Kamp › Kamp Matı,Renk,renk,COLOR,false,true,true,true,true,false,true,,1,Siyah;Beyaz;Gri;Mavi;Kırmızı;Diğer,plan,generic plan — refine per leaf in FAZ A
Spor ve Outdoor › Outdoor ve Kamp › Kamp › Kamp Matı,Garanti,garanti,SINGLE_SELECT,false,false,false,true,true,false,false,,2,Yok;6 Ay;12 Ay;24 Ay,plan,generic
Spor ve Outdoor › Outdoor ve Kamp › Kamp › Kamp Sandalyesi,Renk,renk,COLOR,false,true,true,true,true,false,true,,1,Siyah;Beyaz;Gri;Mavi;Kırmızı;Diğer,plan,generic plan — refine per leaf in FAZ A
Spor ve Outdoor › Outdoor ve Kamp › Kamp › Kamp Sandalyesi,Garanti,garanti,SINGLE_SELECT,false,false,false,true,true,false,false,,2,Yok;6 Ay;12 Ay;24 Ay,plan,generic
Spor ve Outdoor › Outdoor ve Kamp › Kamp › Kamp Masası,Renk,renk,COLOR,false,true,true,true,true,false,true,,1,Siyah;Beyaz;Gri;Mavi;Kırmızı;Diğer,plan,generic plan — refine per leaf in FAZ A
Spor ve Outdoor › Outdoor ve Kamp › Kamp › Kamp Masası,Garanti,garanti,SINGLE_SELECT,false,false,false,true,true,false,false,,2,Yok;6 Ay;12 Ay;24 Ay,plan,generic
Spor ve Outdoor › Outdoor ve Kamp › Kamp › Kamp Ocağı,Renk,renk,COLOR,false,true,true,true,true,false,true,,1,Siyah;Beyaz;Gri;Mavi;Kırmızı;Diğer,plan,generic plan — refine per leaf in FAZ A
Spor ve Outdoor › Outdoor ve Kamp › Kamp › Kamp Ocağı,Garanti,garanti,SINGLE_SELECT,false,false,false,true,true,false,false,,2,Yok;6 Ay;12 Ay;24 Ay,plan,generic
Spor ve Outdoor › Outdoor ve Kamp › Kamp › Kamp Lambası,Renk,renk,COLOR,false,true,true,true,true,false,true,,1,Siyah;Beyaz;Gri;Mavi;Kırmızı;Diğer,plan,generic plan — refine per leaf in FAZ A
Spor ve Outdoor › Outdoor ve Kamp › Kamp › Kamp Lambası,Garanti,garanti,SINGLE_SELECT,false,false,false,true,true,false,false,,2,Yok;6 Ay;12 Ay;24 Ay,plan,generic
Spor ve Outdoor › Outdoor ve Kamp › Dağcılık › Dağcılık Çantası,Renk,renk,COLOR,false,true,true,true,true,false,true,,1,Siyah;Beyaz;Gri;Mavi;Kırmızı;Diğer,plan,generic plan — refine per leaf in FAZ A
Spor ve Outdoor › Outdoor ve Kamp › Dağcılık › Dağcılık Çantası,Garanti,garanti,SINGLE_SELECT,false,false,false,true,true,false,false,,2,Yok;6 Ay;12 Ay;24 Ay,plan,generic
Spor ve Outdoor › Outdoor ve Kamp › Dağcılık › Trekking Baton,Renk,renk,COLOR,false,true,true,true,true,false,true,,1,Siyah;Beyaz;Gri;Mavi;Kırmızı;Diğer,plan,generic plan — refine per leaf in FAZ A
Spor ve Outdoor › Outdoor ve Kamp › Dağcılık › Trekking Baton,Garanti,garanti,SINGLE_SELECT,false,false,false,true,true,false,false,,2,Yok;6 Ay;12 Ay;24 Ay,plan,generic
Spor ve Outdoor › Outdoor ve Kamp › Dağcılık › Kask,Renk,renk,COLOR,false,true,true,true,true,false,true,,1,Siyah;Beyaz;Gri;Mavi;Kırmızı;Diğer,plan,generic plan — refine per leaf in FAZ A
Spor ve Outdoor › Outdoor ve Kamp › Dağcılık › Kask,Garanti,garanti,SINGLE_SELECT,false,false,false,true,true,false,false,,2,Yok;6 Ay;12 Ay;24 Ay,plan,generic
Spor ve Outdoor › Outdoor ve Kamp › Dağcılık › Karabina,Renk,renk,COLOR,false,true,true,true,true,false,true,,1,Siyah;Beyaz;Gri;Mavi;Kırmızı;Diğer,plan,generic plan — refine per leaf in FAZ A
Spor ve Outdoor › Outdoor ve Kamp › Dağcılık › Karabina,Garanti,garanti,SINGLE_SELECT,false,false,false,true,true,false,false,,2,Yok;6 Ay;12 Ay;24 Ay,plan,generic
Spor ve Outdoor › Outdoor ve Kamp › Dağcılık › Tırmanış İpi,Renk,renk,COLOR,false,true,true,true,true,false,true,,1,Siyah;Beyaz;Gri;Mavi;Kırmızı;Diğer,plan,generic plan — refine per leaf in FAZ A
Spor ve Outdoor › Outdoor ve Kamp › Dağcılık › Tırmanış İpi,Garanti,garanti,SINGLE_SELECT,false,false,false,true,true,false,false,,2,Yok;6 Ay;12 Ay;24 Ay,plan,generic
Spor ve Outdoor › Outdoor ve Kamp › Dağcılık › Emniyet Kemeri,Renk,renk,COLOR,false,true,true,true,true,false,true,,1,Siyah;Beyaz;Gri;Mavi;Kırmızı;Diğer,plan,generic plan — refine per leaf in FAZ A
Spor ve Outdoor › Outdoor ve Kamp › Dağcılık › Emniyet Kemeri,Garanti,garanti,SINGLE_SELECT,false,false,false,true,true,false,false,,2,Yok;6 Ay;12 Ay;24 Ay,plan,generic
Spor ve Outdoor › Outdoor ve Kamp › Outdoor Giyim › Outdoor Mont,Renk,renk,COLOR,false,true,true,true,true,false,true,,1,Siyah;Beyaz;Gri;Mavi;Kırmızı;Diğer,plan,generic plan — refine per leaf in FAZ A
Spor ve Outdoor › Outdoor ve Kamp › Outdoor Giyim › Outdoor Mont,Garanti,garanti,SINGLE_SELECT,false,false,false,true,true,false,false,,2,Yok;6 Ay;12 Ay;24 Ay,plan,generic
Spor ve Outdoor › Outdoor ve Kamp › Outdoor Giyim › Termal İçlik,Renk,renk,COLOR,false,true,true,true,true,false,true,,1,Siyah;Beyaz;Gri;Mavi;Kırmızı;Diğer,plan,generic plan — refine per leaf in FAZ A
Spor ve Outdoor › Outdoor ve Kamp › Outdoor Giyim › Termal İçlik,Garanti,garanti,SINGLE_SELECT,false,false,false,true,true,false,false,,2,Yok;6 Ay;12 Ay;24 Ay,plan,generic
Spor ve Outdoor › Outdoor ve Kamp › Outdoor Giyim › Yağmurluk,Renk,renk,COLOR,false,true,true,true,true,false,true,,1,Siyah;Beyaz;Gri;Mavi;Kırmızı;Diğer,plan,generic plan — refine per leaf in FAZ A
Spor ve Outdoor › Outdoor ve Kamp › Outdoor Giyim › Yağmurluk,Garanti,garanti,SINGLE_SELECT,false,false,false,true,true,false,false,,2,Yok;6 Ay;12 Ay;24 Ay,plan,generic
Spor ve Outdoor › Outdoor ve Kamp › Outdoor Giyim › Outdoor Pantolon,Renk,renk,COLOR,false,true,true,true,true,false,true,,1,Siyah;Beyaz;Gri;Mavi;Kırmızı;Diğer,plan,generic plan — refine per leaf in FAZ A
Spor ve Outdoor › Outdoor ve Kamp › Outdoor Giyim › Outdoor Pantolon,Garanti,garanti,SINGLE_SELECT,false,false,false,true,true,false,false,,2,Yok;6 Ay;12 Ay;24 Ay,plan,generic
Spor ve Outdoor › Outdoor ve Kamp › Outdoor Giyim › Trekking Ayakkabısı,Renk,renk,COLOR,false,true,true,true,true,false,true,,1,Siyah;Beyaz;Gri;Mavi;Kırmızı;Diğer,plan,generic plan — refine per leaf in FAZ A
Spor ve Outdoor › Outdoor ve Kamp › Outdoor Giyim › Trekking Ayakkabısı,Garanti,garanti,SINGLE_SELECT,false,false,false,true,true,false,false,,2,Yok;6 Ay;12 Ay;24 Ay,plan,generic
Spor ve Outdoor › Outdoor ve Kamp › Su Sporları › Şişme Bot,Renk,renk,COLOR,false,true,true,true,true,false,true,,1,Siyah;Beyaz;Gri;Mavi;Kırmızı;Diğer,plan,generic plan — refine per leaf in FAZ A
Spor ve Outdoor › Outdoor ve Kamp › Su Sporları › Şişme Bot,Garanti,garanti,SINGLE_SELECT,false,false,false,true,true,false,false,,2,Yok;6 Ay;12 Ay;24 Ay,plan,generic
Spor ve Outdoor › Outdoor ve Kamp › Su Sporları › Kano,Renk,renk,COLOR,false,true,true,true,true,false,true,,1,Siyah;Beyaz;Gri;Mavi;Kırmızı;Diğer,plan,generic plan — refine per leaf in FAZ A
Spor ve Outdoor › Outdoor ve Kamp › Su Sporları › Kano,Garanti,garanti,SINGLE_SELECT,false,false,false,true,true,false,false,,2,Yok;6 Ay;12 Ay;24 Ay,plan,generic
Spor ve Outdoor › Outdoor ve Kamp › Su Sporları › SUP Board,Renk,renk,COLOR,false,true,true,true,true,false,true,,1,Siyah;Beyaz;Gri;Mavi;Kırmızı;Diğer,plan,generic plan — refine per leaf in FAZ A
Spor ve Outdoor › Outdoor ve Kamp › Su Sporları › SUP Board,Garanti,garanti,SINGLE_SELECT,false,false,false,true,true,false,false,,2,Yok;6 Ay;12 Ay;24 Ay,plan,generic
Spor ve Outdoor › Outdoor ve Kamp › Su Sporları › Dalış Maskesi,Renk,renk,COLOR,false,true,true,true,true,false,true,,1,Siyah;Beyaz;Gri;Mavi;Kırmızı;Diğer,plan,generic plan — refine per leaf in FAZ A
Spor ve Outdoor › Outdoor ve Kamp › Su Sporları › Dalış Maskesi,Garanti,garanti,SINGLE_SELECT,false,false,false,true,true,false,false,,2,Yok;6 Ay;12 Ay;24 Ay,plan,generic
Spor ve Outdoor › Outdoor ve Kamp › Su Sporları › Palet,Renk,renk,COLOR,false,true,true,true,true,false,true,,1,Siyah;Beyaz;Gri;Mavi;Kırmızı;Diğer,plan,generic plan — refine per leaf in FAZ A
Spor ve Outdoor › Outdoor ve Kamp › Su Sporları › Palet,Garanti,garanti,SINGLE_SELECT,false,false,false,true,true,false,false,,2,Yok;6 Ay;12 Ay;24 Ay,plan,generic
Spor ve Outdoor › Outdoor ve Kamp › Su Sporları › Can Yeleği,Renk,renk,COLOR,false,true,true,true,true,false,true,,1,Siyah;Beyaz;Gri;Mavi;Kırmızı;Diğer,plan,generic plan — refine per leaf in FAZ A
Spor ve Outdoor › Outdoor ve Kamp › Su Sporları › Can Yeleği,Garanti,garanti,SINGLE_SELECT,false,false,false,true,true,false,false,,2,Yok;6 Ay;12 Ay;24 Ay,plan,generic
Spor ve Outdoor › Bisiklet › Bisiklet Türleri › Dağ Bisikleti,Bisiklet Tipi,bisiklet-tipi,SINGLE_SELECT,true,true,true,true,true,true,false,,1,Dağ;Şehir;Yol;Katlanır;Çocuk;Elektrikli,plan,DB leaf currently missing attrs
Spor ve Outdoor › Bisiklet › Bisiklet Türleri › Dağ Bisikleti,Kadro Boyu,kadro-boyu,SINGLE_SELECT,false,true,true,true,true,true,false,,2,,plan,DB leaf currently missing attrs
Spor ve Outdoor › Bisiklet › Bisiklet Türleri › Dağ Bisikleti,Jant Çapı,jant-capi,SINGLE_SELECT,false,true,true,true,true,true,false,inç,3,20;24;26;27.5;28;29,plan,DB leaf currently missing attrs
Spor ve Outdoor › Bisiklet › Bisiklet Türleri › Dağ Bisikleti,Kadro Malzemesi,kadro-malzemesi,SINGLE_SELECT,false,true,true,true,true,true,false,,4,Alüminyum;Çelik;Karbon;Diğer,plan,DB leaf currently missing attrs
Spor ve Outdoor › Bisiklet › Bisiklet Türleri › Dağ Bisikleti,Vites Sayısı,vites-sayisi,SINGLE_SELECT,false,true,true,true,true,true,false,,5,Tek;3;7;18;21;24;27,plan,DB leaf currently missing attrs
Spor ve Outdoor › Bisiklet › Bisiklet Türleri › Dağ Bisikleti,Fren Tipi,fren-tipi,SINGLE_SELECT,false,true,true,true,true,true,false,,6,V-Brake;Disk;Hidrolik Disk,plan,DB leaf currently missing attrs
Spor ve Outdoor › Bisiklet › Bisiklet Türleri › Dağ Bisikleti,Renk,renk,COLOR,false,true,true,true,true,true,true,,7,Siyah;Beyaz;Kırmızı;Mavi;Diğer,plan,DB leaf currently missing attrs
Spor ve Outdoor › Bisiklet › Bisiklet Türleri › Dağ Bisikleti,Elektrikli,elektrikli,BOOLEAN,false,true,true,true,true,true,false,,8,,plan,DB leaf currently missing attrs
Spor ve Outdoor › Bisiklet › Bisiklet Türleri › Dağ Bisikleti,Garanti,garanti,SINGLE_SELECT,false,false,true,true,true,true,false,,9,12 Ay;24 Ay,plan,DB leaf currently missing attrs
Spor ve Outdoor › Bisiklet › Bisiklet Türleri › Şehir Bisikleti,Bisiklet Tipi,bisiklet-tipi,SINGLE_SELECT,true,true,true,true,true,true,false,,1,Dağ;Şehir;Yol;Katlanır;Çocuk;Elektrikli,plan,DB leaf currently missing attrs
Spor ve Outdoor › Bisiklet › Bisiklet Türleri › Şehir Bisikleti,Kadro Boyu,kadro-boyu,SINGLE_SELECT,false,true,true,true,true,true,false,,2,,plan,DB leaf currently missing attrs
Spor ve Outdoor › Bisiklet › Bisiklet Türleri › Şehir Bisikleti,Jant Çapı,jant-capi,SINGLE_SELECT,false,true,true,true,true,true,false,inç,3,20;24;26;27.5;28;29,plan,DB leaf currently missing attrs
Spor ve Outdoor › Bisiklet › Bisiklet Türleri › Şehir Bisikleti,Kadro Malzemesi,kadro-malzemesi,SINGLE_SELECT,false,true,true,true,true,true,false,,4,Alüminyum;Çelik;Karbon;Diğer,plan,DB leaf currently missing attrs
Spor ve Outdoor › Bisiklet › Bisiklet Türleri › Şehir Bisikleti,Vites Sayısı,vites-sayisi,SINGLE_SELECT,false,true,true,true,true,true,false,,5,Tek;3;7;18;21;24;27,plan,DB leaf currently missing attrs
Spor ve Outdoor › Bisiklet › Bisiklet Türleri › Şehir Bisikleti,Fren Tipi,fren-tipi,SINGLE_SELECT,false,true,true,true,true,true,false,,6,V-Brake;Disk;Hidrolik Disk,plan,DB leaf currently missing attrs
Spor ve Outdoor › Bisiklet › Bisiklet Türleri › Şehir Bisikleti,Renk,renk,COLOR,false,true,true,true,true,true,true,,7,Siyah;Beyaz;Kırmızı;Mavi;Diğer,plan,DB leaf currently missing attrs
Spor ve Outdoor › Bisiklet › Bisiklet Türleri › Şehir Bisikleti,Elektrikli,elektrikli,BOOLEAN,false,true,true,true,true,true,false,,8,,plan,DB leaf currently missing attrs
Spor ve Outdoor › Bisiklet › Bisiklet Türleri › Şehir Bisikleti,Garanti,garanti,SINGLE_SELECT,false,false,true,true,true,true,false,,9,12 Ay;24 Ay,plan,DB leaf currently missing attrs
Spor ve Outdoor › Bisiklet › Bisiklet Türleri › Yol Bisikleti,Bisiklet Tipi,bisiklet-tipi,SINGLE_SELECT,true,true,true,true,true,true,false,,1,Dağ;Şehir;Yol;Katlanır;Çocuk;Elektrikli,plan,DB leaf currently missing attrs
Spor ve Outdoor › Bisiklet › Bisiklet Türleri › Yol Bisikleti,Kadro Boyu,kadro-boyu,SINGLE_SELECT,false,true,true,true,true,true,false,,2,,plan,DB leaf currently missing attrs
Spor ve Outdoor › Bisiklet › Bisiklet Türleri › Yol Bisikleti,Jant Çapı,jant-capi,SINGLE_SELECT,false,true,true,true,true,true,false,inç,3,20;24;26;27.5;28;29,plan,DB leaf currently missing attrs
Spor ve Outdoor › Bisiklet › Bisiklet Türleri › Yol Bisikleti,Kadro Malzemesi,kadro-malzemesi,SINGLE_SELECT,false,true,true,true,true,true,false,,4,Alüminyum;Çelik;Karbon;Diğer,plan,DB leaf currently missing attrs
Spor ve Outdoor › Bisiklet › Bisiklet Türleri › Yol Bisikleti,Vites Sayısı,vites-sayisi,SINGLE_SELECT,false,true,true,true,true,true,false,,5,Tek;3;7;18;21;24;27,plan,DB leaf currently missing attrs
Spor ve Outdoor › Bisiklet › Bisiklet Türleri › Yol Bisikleti,Fren Tipi,fren-tipi,SINGLE_SELECT,false,true,true,true,true,true,false,,6,V-Brake;Disk;Hidrolik Disk,plan,DB leaf currently missing attrs
Spor ve Outdoor › Bisiklet › Bisiklet Türleri › Yol Bisikleti,Renk,renk,COLOR,false,true,true,true,true,true,true,,7,Siyah;Beyaz;Kırmızı;Mavi;Diğer,plan,DB leaf currently missing attrs
Spor ve Outdoor › Bisiklet › Bisiklet Türleri › Yol Bisikleti,Elektrikli,elektrikli,BOOLEAN,false,true,true,true,true,true,false,,8,,plan,DB leaf currently missing attrs
Spor ve Outdoor › Bisiklet › Bisiklet Türleri › Yol Bisikleti,Garanti,garanti,SINGLE_SELECT,false,false,true,true,true,true,false,,9,12 Ay;24 Ay,plan,DB leaf currently missing attrs
Spor ve Outdoor › Bisiklet › Bisiklet Türleri › Elektrikli Bisiklet,Bisiklet Tipi,bisiklet-tipi,SINGLE_SELECT,true,true,true,true,true,true,false,,1,Dağ;Şehir;Yol;Katlanır;Çocuk;Elektrikli,plan,DB leaf currently missing attrs
Spor ve Outdoor › Bisiklet › Bisiklet Türleri › Elektrikli Bisiklet,Kadro Boyu,kadro-boyu,SINGLE_SELECT,false,true,true,true,true,true,false,,2,,plan,DB leaf currently missing attrs
Spor ve Outdoor › Bisiklet › Bisiklet Türleri › Elektrikli Bisiklet,Jant Çapı,jant-capi,SINGLE_SELECT,false,true,true,true,true,true,false,inç,3,20;24;26;27.5;28;29,plan,DB leaf currently missing attrs
Spor ve Outdoor › Bisiklet › Bisiklet Türleri › Elektrikli Bisiklet,Kadro Malzemesi,kadro-malzemesi,SINGLE_SELECT,false,true,true,true,true,true,false,,4,Alüminyum;Çelik;Karbon;Diğer,plan,DB leaf currently missing attrs
Spor ve Outdoor › Bisiklet › Bisiklet Türleri › Elektrikli Bisiklet,Vites Sayısı,vites-sayisi,SINGLE_SELECT,false,true,true,true,true,true,false,,5,Tek;3;7;18;21;24;27,plan,DB leaf currently missing attrs
Spor ve Outdoor › Bisiklet › Bisiklet Türleri › Elektrikli Bisiklet,Fren Tipi,fren-tipi,SINGLE_SELECT,false,true,true,true,true,true,false,,6,V-Brake;Disk;Hidrolik Disk,plan,DB leaf currently missing attrs
Spor ve Outdoor › Bisiklet › Bisiklet Türleri › Elektrikli Bisiklet,Renk,renk,COLOR,false,true,true,true,true,true,true,,7,Siyah;Beyaz;Kırmızı;Mavi;Diğer,plan,DB leaf currently missing attrs
Spor ve Outdoor › Bisiklet › Bisiklet Türleri › Elektrikli Bisiklet,Elektrikli,elektrikli,BOOLEAN,false,true,true,true,true,true,false,,8,,plan,DB leaf currently missing attrs
Spor ve Outdoor › Bisiklet › Bisiklet Türleri › Elektrikli Bisiklet,Garanti,garanti,SINGLE_SELECT,false,false,true,true,true,true,false,,9,12 Ay;24 Ay,plan,DB leaf currently missing attrs
Spor ve Outdoor › Bisiklet › Bisiklet Türleri › Katlanır Bisiklet,Bisiklet Tipi,bisiklet-tipi,SINGLE_SELECT,true,true,true,true,true,true,false,,1,Dağ;Şehir;Yol;Katlanır;Çocuk;Elektrikli,plan,DB leaf currently missing attrs
Spor ve Outdoor › Bisiklet › Bisiklet Türleri › Katlanır Bisiklet,Kadro Boyu,kadro-boyu,SINGLE_SELECT,false,true,true,true,true,true,false,,2,,plan,DB leaf currently missing attrs
Spor ve Outdoor › Bisiklet › Bisiklet Türleri › Katlanır Bisiklet,Jant Çapı,jant-capi,SINGLE_SELECT,false,true,true,true,true,true,false,inç,3,20;24;26;27.5;28;29,plan,DB leaf currently missing attrs
Spor ve Outdoor › Bisiklet › Bisiklet Türleri › Katlanır Bisiklet,Kadro Malzemesi,kadro-malzemesi,SINGLE_SELECT,false,true,true,true,true,true,false,,4,Alüminyum;Çelik;Karbon;Diğer,plan,DB leaf currently missing attrs
Spor ve Outdoor › Bisiklet › Bisiklet Türleri › Katlanır Bisiklet,Vites Sayısı,vites-sayisi,SINGLE_SELECT,false,true,true,true,true,true,false,,5,Tek;3;7;18;21;24;27,plan,DB leaf currently missing attrs
Spor ve Outdoor › Bisiklet › Bisiklet Türleri › Katlanır Bisiklet,Fren Tipi,fren-tipi,SINGLE_SELECT,false,true,true,true,true,true,false,,6,V-Brake;Disk;Hidrolik Disk,plan,DB leaf currently missing attrs
Spor ve Outdoor › Bisiklet › Bisiklet Türleri › Katlanır Bisiklet,Renk,renk,COLOR,false,true,true,true,true,true,true,,7,Siyah;Beyaz;Kırmızı;Mavi;Diğer,plan,DB leaf currently missing attrs
Spor ve Outdoor › Bisiklet › Bisiklet Türleri › Katlanır Bisiklet,Elektrikli,elektrikli,BOOLEAN,false,true,true,true,true,true,false,,8,,plan,DB leaf currently missing attrs
Spor ve Outdoor › Bisiklet › Bisiklet Türleri › Katlanır Bisiklet,Garanti,garanti,SINGLE_SELECT,false,false,true,true,true,true,false,,9,12 Ay;24 Ay,plan,DB leaf currently missing attrs
Spor ve Outdoor › Bisiklet › Bisiklet Türleri › BMX,Renk,renk,COLOR,false,true,true,true,true,false,true,,1,Siyah;Beyaz;Gri;Mavi;Kırmızı;Diğer,plan,generic plan — refine per leaf in FAZ A
Spor ve Outdoor › Bisiklet › Bisiklet Türleri › BMX,Garanti,garanti,SINGLE_SELECT,false,false,false,true,true,false,false,,2,Yok;6 Ay;12 Ay;24 Ay,plan,generic
Spor ve Outdoor › Bisiklet › Bisiklet Türleri › Çocuk Bisikleti,Bisiklet Tipi,bisiklet-tipi,SINGLE_SELECT,true,true,true,true,true,true,false,,1,Dağ;Şehir;Yol;Katlanır;Çocuk;Elektrikli,plan,DB leaf currently missing attrs
Spor ve Outdoor › Bisiklet › Bisiklet Türleri › Çocuk Bisikleti,Kadro Boyu,kadro-boyu,SINGLE_SELECT,false,true,true,true,true,true,false,,2,,plan,DB leaf currently missing attrs
Spor ve Outdoor › Bisiklet › Bisiklet Türleri › Çocuk Bisikleti,Jant Çapı,jant-capi,SINGLE_SELECT,false,true,true,true,true,true,false,inç,3,20;24;26;27.5;28;29,plan,DB leaf currently missing attrs
Spor ve Outdoor › Bisiklet › Bisiklet Türleri › Çocuk Bisikleti,Kadro Malzemesi,kadro-malzemesi,SINGLE_SELECT,false,true,true,true,true,true,false,,4,Alüminyum;Çelik;Karbon;Diğer,plan,DB leaf currently missing attrs
Spor ve Outdoor › Bisiklet › Bisiklet Türleri › Çocuk Bisikleti,Vites Sayısı,vites-sayisi,SINGLE_SELECT,false,true,true,true,true,true,false,,5,Tek;3;7;18;21;24;27,plan,DB leaf currently missing attrs
Spor ve Outdoor › Bisiklet › Bisiklet Türleri › Çocuk Bisikleti,Fren Tipi,fren-tipi,SINGLE_SELECT,false,true,true,true,true,true,false,,6,V-Brake;Disk;Hidrolik Disk,plan,DB leaf currently missing attrs
Spor ve Outdoor › Bisiklet › Bisiklet Türleri › Çocuk Bisikleti,Renk,renk,COLOR,false,true,true,true,true,true,true,,7,Siyah;Beyaz;Kırmızı;Mavi;Diğer,plan,DB leaf currently missing attrs
Spor ve Outdoor › Bisiklet › Bisiklet Türleri › Çocuk Bisikleti,Elektrikli,elektrikli,BOOLEAN,false,true,true,true,true,true,false,,8,,plan,DB leaf currently missing attrs
Spor ve Outdoor › Bisiklet › Bisiklet Türleri › Çocuk Bisikleti,Garanti,garanti,SINGLE_SELECT,false,false,true,true,true,true,false,,9,12 Ay;24 Ay,plan,DB leaf currently missing attrs
Spor ve Outdoor › Bisiklet › Bisiklet Parça ve Aksesuar › Bisiklet Kaskı,Renk,renk,COLOR,false,true,true,true,true,false,true,,1,Siyah;Beyaz;Gri;Mavi;Kırmızı;Diğer,plan,generic plan — refine per leaf in FAZ A
Spor ve Outdoor › Bisiklet › Bisiklet Parça ve Aksesuar › Bisiklet Kaskı,Garanti,garanti,SINGLE_SELECT,false,false,false,true,true,false,false,,2,Yok;6 Ay;12 Ay;24 Ay,plan,generic
Spor ve Outdoor › Bisiklet › Bisiklet Parça ve Aksesuar › Bisiklet Kilidi,Bisiklet Tipi,bisiklet-tipi,SINGLE_SELECT,true,true,true,true,true,true,false,,1,Dağ;Şehir;Yol;Katlanır;Çocuk;Elektrikli,plan,DB leaf currently missing attrs
Spor ve Outdoor › Bisiklet › Bisiklet Parça ve Aksesuar › Bisiklet Kilidi,Kadro Boyu,kadro-boyu,SINGLE_SELECT,false,true,true,true,true,true,false,,2,,plan,DB leaf currently missing attrs
Spor ve Outdoor › Bisiklet › Bisiklet Parça ve Aksesuar › Bisiklet Kilidi,Jant Çapı,jant-capi,SINGLE_SELECT,false,true,true,true,true,true,false,inç,3,20;24;26;27.5;28;29,plan,DB leaf currently missing attrs
Spor ve Outdoor › Bisiklet › Bisiklet Parça ve Aksesuar › Bisiklet Kilidi,Kadro Malzemesi,kadro-malzemesi,SINGLE_SELECT,false,true,true,true,true,true,false,,4,Alüminyum;Çelik;Karbon;Diğer,plan,DB leaf currently missing attrs
Spor ve Outdoor › Bisiklet › Bisiklet Parça ve Aksesuar › Bisiklet Kilidi,Vites Sayısı,vites-sayisi,SINGLE_SELECT,false,true,true,true,true,true,false,,5,Tek;3;7;18;21;24;27,plan,DB leaf currently missing attrs
Spor ve Outdoor › Bisiklet › Bisiklet Parça ve Aksesuar › Bisiklet Kilidi,Fren Tipi,fren-tipi,SINGLE_SELECT,false,true,true,true,true,true,false,,6,V-Brake;Disk;Hidrolik Disk,plan,DB leaf currently missing attrs
Spor ve Outdoor › Bisiklet › Bisiklet Parça ve Aksesuar › Bisiklet Kilidi,Renk,renk,COLOR,false,true,true,true,true,true,true,,7,Siyah;Beyaz;Kırmızı;Mavi;Diğer,plan,DB leaf currently missing attrs
Spor ve Outdoor › Bisiklet › Bisiklet Parça ve Aksesuar › Bisiklet Kilidi,Elektrikli,elektrikli,BOOLEAN,false,true,true,true,true,true,false,,8,,plan,DB leaf currently missing attrs
Spor ve Outdoor › Bisiklet › Bisiklet Parça ve Aksesuar › Bisiklet Kilidi,Garanti,garanti,SINGLE_SELECT,false,false,true,true,true,true,false,,9,12 Ay;24 Ay,plan,DB leaf currently missing attrs
Spor ve Outdoor › Bisiklet › Bisiklet Parça ve Aksesuar › Aydınlatma,Renk,renk,COLOR,false,true,true,true,true,false,true,,1,Siyah;Beyaz;Gri;Mavi;Kırmızı;Diğer,plan,generic plan — refine per leaf in FAZ A
Spor ve Outdoor › Bisiklet › Bisiklet Parça ve Aksesuar › Aydınlatma,Garanti,garanti,SINGLE_SELECT,false,false,false,true,true,false,false,,2,Yok;6 Ay;12 Ay;24 Ay,plan,generic
Spor ve Outdoor › Bisiklet › Bisiklet Parça ve Aksesuar › Pompa,Renk,renk,COLOR,false,true,true,true,true,false,true,,1,Siyah;Beyaz;Gri;Mavi;Kırmızı;Diğer,plan,generic plan — refine per leaf in FAZ A
Spor ve Outdoor › Bisiklet › Bisiklet Parça ve Aksesuar › Pompa,Garanti,garanti,SINGLE_SELECT,false,false,false,true,true,false,false,,2,Yok;6 Ay;12 Ay;24 Ay,plan,generic
Spor ve Outdoor › Bisiklet › Bisiklet Parça ve Aksesuar › Sele,Renk,renk,COLOR,false,true,true,true,true,false,true,,1,Siyah;Beyaz;Gri;Mavi;Kırmızı;Diğer,plan,generic plan — refine per leaf in FAZ A
Spor ve Outdoor › Bisiklet › Bisiklet Parça ve Aksesuar › Sele,Garanti,garanti,SINGLE_SELECT,false,false,false,true,true,false,false,,2,Yok;6 Ay;12 Ay;24 Ay,plan,generic
Spor ve Outdoor › Bisiklet › Bisiklet Parça ve Aksesuar › Pedal,Renk,renk,COLOR,false,true,true,true,true,false,true,,1,Siyah;Beyaz;Gri;Mavi;Kırmızı;Diğer,plan,generic plan — refine per leaf in FAZ A
Spor ve Outdoor › Bisiklet › Bisiklet Parça ve Aksesuar › Pedal,Garanti,garanti,SINGLE_SELECT,false,false,false,true,true,false,false,,2,Yok;6 Ay;12 Ay;24 Ay,plan,generic
Spor ve Outdoor › Bisiklet › Bisiklet Parça ve Aksesuar › Lastik,Renk,renk,COLOR,false,true,true,true,true,false,true,,1,Siyah;Beyaz;Gri;Mavi;Kırmızı;Diğer,plan,generic plan — refine per leaf in FAZ A
Spor ve Outdoor › Bisiklet › Bisiklet Parça ve Aksesuar › Lastik,Garanti,garanti,SINGLE_SELECT,false,false,false,true,true,false,false,,2,Yok;6 Ay;12 Ay;24 Ay,plan,generic
Spor ve Outdoor › Bisiklet › Bisiklet Parça ve Aksesuar › İç Lastik,Renk,renk,COLOR,false,true,true,true,true,false,true,,1,Siyah;Beyaz;Gri;Mavi;Kırmızı;Diğer,plan,generic plan — refine per leaf in FAZ A
Spor ve Outdoor › Bisiklet › Bisiklet Parça ve Aksesuar › İç Lastik,Garanti,garanti,SINGLE_SELECT,false,false,false,true,true,false,false,,2,Yok;6 Ay;12 Ay;24 Ay,plan,generic
Spor ve Outdoor › Bisiklet › Bisiklet Parça ve Aksesuar › Çanta ve Heybe,Renk,renk,COLOR,false,true,true,true,true,false,true,,1,Siyah;Beyaz;Gri;Mavi;Kırmızı;Diğer,plan,generic plan — refine per leaf in FAZ A
Spor ve Outdoor › Bisiklet › Bisiklet Parça ve Aksesuar › Çanta ve Heybe,Garanti,garanti,SINGLE_SELECT,false,false,false,true,true,false,false,,2,Yok;6 Ay;12 Ay;24 Ay,plan,generic
Spor ve Outdoor › Bisiklet › Bisiklet Parça ve Aksesuar › Bisiklet Bilgisayarı,Bisiklet Tipi,bisiklet-tipi,SINGLE_SELECT,true,true,true,true,true,true,false,,1,Dağ;Şehir;Yol;Katlanır;Çocuk;Elektrikli,plan,DB leaf currently missing attrs
Spor ve Outdoor › Bisiklet › Bisiklet Parça ve Aksesuar › Bisiklet Bilgisayarı,Kadro Boyu,kadro-boyu,SINGLE_SELECT,false,true,true,true,true,true,false,,2,,plan,DB leaf currently missing attrs
Spor ve Outdoor › Bisiklet › Bisiklet Parça ve Aksesuar › Bisiklet Bilgisayarı,Jant Çapı,jant-capi,SINGLE_SELECT,false,true,true,true,true,true,false,inç,3,20;24;26;27.5;28;29,plan,DB leaf currently missing attrs
Spor ve Outdoor › Bisiklet › Bisiklet Parça ve Aksesuar › Bisiklet Bilgisayarı,Kadro Malzemesi,kadro-malzemesi,SINGLE_SELECT,false,true,true,true,true,true,false,,4,Alüminyum;Çelik;Karbon;Diğer,plan,DB leaf currently missing attrs
Spor ve Outdoor › Bisiklet › Bisiklet Parça ve Aksesuar › Bisiklet Bilgisayarı,Vites Sayısı,vites-sayisi,SINGLE_SELECT,false,true,true,true,true,true,false,,5,Tek;3;7;18;21;24;27,plan,DB leaf currently missing attrs
Spor ve Outdoor › Bisiklet › Bisiklet Parça ve Aksesuar › Bisiklet Bilgisayarı,Fren Tipi,fren-tipi,SINGLE_SELECT,false,true,true,true,true,true,false,,6,V-Brake;Disk;Hidrolik Disk,plan,DB leaf currently missing attrs
Spor ve Outdoor › Bisiklet › Bisiklet Parça ve Aksesuar › Bisiklet Bilgisayarı,Renk,renk,COLOR,false,true,true,true,true,true,true,,7,Siyah;Beyaz;Kırmızı;Mavi;Diğer,plan,DB leaf currently missing attrs
Spor ve Outdoor › Bisiklet › Bisiklet Parça ve Aksesuar › Bisiklet Bilgisayarı,Elektrikli,elektrikli,BOOLEAN,false,true,true,true,true,true,false,,8,,plan,DB leaf currently missing attrs
Spor ve Outdoor › Bisiklet › Bisiklet Parça ve Aksesuar › Bisiklet Bilgisayarı,Garanti,garanti,SINGLE_SELECT,false,false,true,true,true,true,false,,9,12 Ay;24 Ay,plan,DB leaf currently missing attrs
Hobi ve Oyun › Müzik Aletleri › Telli Çalgılar › Gitar,Renk,renk,COLOR,false,true,true,true,true,false,true,,1,Siyah;Beyaz;Gri;Mavi;Kırmızı;Diğer,plan,generic plan — refine per leaf in FAZ A
Hobi ve Oyun › Müzik Aletleri › Telli Çalgılar › Gitar,Garanti,garanti,SINGLE_SELECT,false,false,false,true,true,false,false,,2,Yok;6 Ay;12 Ay;24 Ay,plan,generic
Hobi ve Oyun › Müzik Aletleri › Telli Çalgılar › Elektro Gitar,Renk,renk,COLOR,false,true,true,true,true,false,true,,1,Siyah;Beyaz;Gri;Mavi;Kırmızı;Diğer,plan,generic plan — refine per leaf in FAZ A
Hobi ve Oyun › Müzik Aletleri › Telli Çalgılar › Elektro Gitar,Garanti,garanti,SINGLE_SELECT,false,false,false,true,true,false,false,,2,Yok;6 Ay;12 Ay;24 Ay,plan,generic
Hobi ve Oyun › Müzik Aletleri › Telli Çalgılar › Bas Gitar,Renk,renk,COLOR,false,true,true,true,true,false,true,,1,Siyah;Beyaz;Gri;Mavi;Kırmızı;Diğer,plan,generic plan — refine per leaf in FAZ A
Hobi ve Oyun › Müzik Aletleri › Telli Çalgılar › Bas Gitar,Garanti,garanti,SINGLE_SELECT,false,false,false,true,true,false,false,,2,Yok;6 Ay;12 Ay;24 Ay,plan,generic
Hobi ve Oyun › Müzik Aletleri › Telli Çalgılar › Ukulele,Renk,renk,COLOR,false,true,true,true,true,false,true,,1,Siyah;Beyaz;Gri;Mavi;Kırmızı;Diğer,plan,generic plan — refine per leaf in FAZ A
Hobi ve Oyun › Müzik Aletleri › Telli Çalgılar › Ukulele,Garanti,garanti,SINGLE_SELECT,false,false,false,true,true,false,false,,2,Yok;6 Ay;12 Ay;24 Ay,plan,generic
Hobi ve Oyun › Müzik Aletleri › Telli Çalgılar › Bağlama,Renk,renk,COLOR,false,true,true,true,true,false,true,,1,Siyah;Beyaz;Gri;Mavi;Kırmızı;Diğer,plan,generic plan — refine per leaf in FAZ A
Hobi ve Oyun › Müzik Aletleri › Telli Çalgılar › Bağlama,Garanti,garanti,SINGLE_SELECT,false,false,false,true,true,false,false,,2,Yok;6 Ay;12 Ay;24 Ay,plan,generic
Hobi ve Oyun › Müzik Aletleri › Telli Çalgılar › Keman,Renk,renk,COLOR,false,true,true,true,true,false,true,,1,Siyah;Beyaz;Gri;Mavi;Kırmızı;Diğer,plan,generic plan — refine per leaf in FAZ A
Hobi ve Oyun › Müzik Aletleri › Telli Çalgılar › Keman,Garanti,garanti,SINGLE_SELECT,false,false,false,true,true,false,false,,2,Yok;6 Ay;12 Ay;24 Ay,plan,generic
Hobi ve Oyun › Müzik Aletleri › Tuşlu Çalgılar › Dijital Piyano,Renk,renk,COLOR,false,true,true,true,true,false,true,,1,Siyah;Beyaz;Gri;Mavi;Kırmızı;Diğer,plan,generic plan — refine per leaf in FAZ A
Hobi ve Oyun › Müzik Aletleri › Tuşlu Çalgılar › Dijital Piyano,Garanti,garanti,SINGLE_SELECT,false,false,false,true,true,false,false,,2,Yok;6 Ay;12 Ay;24 Ay,plan,generic
Hobi ve Oyun › Müzik Aletleri › Tuşlu Çalgılar › Org,Renk,renk,COLOR,false,true,true,true,true,false,true,,1,Siyah;Beyaz;Gri;Mavi;Kırmızı;Diğer,plan,generic plan — refine per leaf in FAZ A
Hobi ve Oyun › Müzik Aletleri › Tuşlu Çalgılar › Org,Garanti,garanti,SINGLE_SELECT,false,false,false,true,true,false,false,,2,Yok;6 Ay;12 Ay;24 Ay,plan,generic
Hobi ve Oyun › Müzik Aletleri › Tuşlu Çalgılar › MIDI Klavye,Renk,renk,COLOR,false,true,true,true,true,false,true,,1,Siyah;Beyaz;Gri;Mavi;Kırmızı;Diğer,plan,generic plan — refine per leaf in FAZ A
Hobi ve Oyun › Müzik Aletleri › Tuşlu Çalgılar › MIDI Klavye,Garanti,garanti,SINGLE_SELECT,false,false,false,true,true,false,false,,2,Yok;6 Ay;12 Ay;24 Ay,plan,generic
Hobi ve Oyun › Müzik Aletleri › Vurmalı Çalgılar › Davul,Renk,renk,COLOR,false,true,true,true,true,false,true,,1,Siyah;Beyaz;Gri;Mavi;Kırmızı;Diğer,plan,generic plan — refine per leaf in FAZ A
Hobi ve Oyun › Müzik Aletleri › Vurmalı Çalgılar › Davul,Garanti,garanti,SINGLE_SELECT,false,false,false,true,true,false,false,,2,Yok;6 Ay;12 Ay;24 Ay,plan,generic
Hobi ve Oyun › Müzik Aletleri › Vurmalı Çalgılar › Elektronik Davul,Renk,renk,COLOR,false,true,true,true,true,false,true,,1,Siyah;Beyaz;Gri;Mavi;Kırmızı;Diğer,plan,generic plan — refine per leaf in FAZ A
Hobi ve Oyun › Müzik Aletleri › Vurmalı Çalgılar › Elektronik Davul,Garanti,garanti,SINGLE_SELECT,false,false,false,true,true,false,false,,2,Yok;6 Ay;12 Ay;24 Ay,plan,generic
Hobi ve Oyun › Müzik Aletleri › Vurmalı Çalgılar › Darbuka,Renk,renk,COLOR,false,true,true,true,true,false,true,,1,Siyah;Beyaz;Gri;Mavi;Kırmızı;Diğer,plan,generic plan — refine per leaf in FAZ A
Hobi ve Oyun › Müzik Aletleri › Vurmalı Çalgılar › Darbuka,Garanti,garanti,SINGLE_SELECT,false,false,false,true,true,false,false,,2,Yok;6 Ay;12 Ay;24 Ay,plan,generic
Hobi ve Oyun › Müzik Aletleri › Vurmalı Çalgılar › Cajon,Renk,renk,COLOR,false,true,true,true,true,false,true,,1,Siyah;Beyaz;Gri;Mavi;Kırmızı;Diğer,plan,generic plan — refine per leaf in FAZ A
Hobi ve Oyun › Müzik Aletleri › Vurmalı Çalgılar › Cajon,Garanti,garanti,SINGLE_SELECT,false,false,false,true,true,false,false,,2,Yok;6 Ay;12 Ay;24 Ay,plan,generic
Hobi ve Oyun › Müzik Aletleri › Nefesli Çalgılar › Flüt,Renk,renk,COLOR,false,true,true,true,true,false,true,,1,Siyah;Beyaz;Gri;Mavi;Kırmızı;Diğer,plan,generic plan — refine per leaf in FAZ A
Hobi ve Oyun › Müzik Aletleri › Nefesli Çalgılar › Flüt,Garanti,garanti,SINGLE_SELECT,false,false,false,true,true,false,false,,2,Yok;6 Ay;12 Ay;24 Ay,plan,generic
Hobi ve Oyun › Müzik Aletleri › Nefesli Çalgılar › Klarnet,Renk,renk,COLOR,false,true,true,true,true,false,true,,1,Siyah;Beyaz;Gri;Mavi;Kırmızı;Diğer,plan,generic plan — refine per leaf in FAZ A
Hobi ve Oyun › Müzik Aletleri › Nefesli Çalgılar › Klarnet,Garanti,garanti,SINGLE_SELECT,false,false,false,true,true,false,false,,2,Yok;6 Ay;12 Ay;24 Ay,plan,generic
Hobi ve Oyun › Müzik Aletleri › Nefesli Çalgılar › Saksafon,Renk,renk,COLOR,false,true,true,true,true,false,true,,1,Siyah;Beyaz;Gri;Mavi;Kırmızı;Diğer,plan,generic plan — refine per leaf in FAZ A
Hobi ve Oyun › Müzik Aletleri › Nefesli Çalgılar › Saksafon,Garanti,garanti,SINGLE_SELECT,false,false,false,true,true,false,false,,2,Yok;6 Ay;12 Ay;24 Ay,plan,generic
Hobi ve Oyun › Müzik Aletleri › Nefesli Çalgılar › Trompet,Renk,renk,COLOR,false,true,true,true,true,false,true,,1,Siyah;Beyaz;Gri;Mavi;Kırmızı;Diğer,plan,generic plan — refine per leaf in FAZ A
Hobi ve Oyun › Müzik Aletleri › Nefesli Çalgılar › Trompet,Garanti,garanti,SINGLE_SELECT,false,false,false,true,true,false,false,,2,Yok;6 Ay;12 Ay;24 Ay,plan,generic
Hobi ve Oyun › Müzik Aletleri › Müzik Aksesuarları › Amfi,Renk,renk,COLOR,false,true,true,true,true,false,true,,1,Siyah;Beyaz;Gri;Mavi;Kırmızı;Diğer,plan,generic plan — refine per leaf in FAZ A
Hobi ve Oyun › Müzik Aletleri › Müzik Aksesuarları › Amfi,Garanti,garanti,SINGLE_SELECT,false,false,false,true,true,false,false,,2,Yok;6 Ay;12 Ay;24 Ay,plan,generic
Hobi ve Oyun › Müzik Aletleri › Müzik Aksesuarları › Mikrofon,Renk,renk,COLOR,false,true,true,true,true,false,true,,1,Siyah;Beyaz;Gri;Mavi;Kırmızı;Diğer,plan,generic plan — refine per leaf in FAZ A
Hobi ve Oyun › Müzik Aletleri › Müzik Aksesuarları › Mikrofon,Garanti,garanti,SINGLE_SELECT,false,false,false,true,true,false,false,,2,Yok;6 Ay;12 Ay;24 Ay,plan,generic
Hobi ve Oyun › Müzik Aletleri › Müzik Aksesuarları › Nota Sehpası,Renk,renk,COLOR,false,true,true,true,true,false,true,,1,Siyah;Beyaz;Gri;Mavi;Kırmızı;Diğer,plan,generic plan — refine per leaf in FAZ A
Hobi ve Oyun › Müzik Aletleri › Müzik Aksesuarları › Nota Sehpası,Garanti,garanti,SINGLE_SELECT,false,false,false,true,true,false,false,,2,Yok;6 Ay;12 Ay;24 Ay,plan,generic
Hobi ve Oyun › Müzik Aletleri › Müzik Aksesuarları › Kılıf,Renk,renk,COLOR,false,true,true,true,true,false,true,,1,Siyah;Beyaz;Gri;Mavi;Kırmızı;Diğer,plan,generic plan — refine per leaf in FAZ A
Hobi ve Oyun › Müzik Aletleri › Müzik Aksesuarları › Kılıf,Garanti,garanti,SINGLE_SELECT,false,false,false,true,true,false,false,,2,Yok;6 Ay;12 Ay;24 Ay,plan,generic
Hobi ve Oyun › Müzik Aletleri › Müzik Aksesuarları › Tel ve Pena,Renk,renk,COLOR,false,true,true,true,true,false,true,,1,Siyah;Beyaz;Gri;Mavi;Kırmızı;Diğer,plan,generic plan — refine per leaf in FAZ A
Hobi ve Oyun › Müzik Aletleri › Müzik Aksesuarları › Tel ve Pena,Garanti,garanti,SINGLE_SELECT,false,false,false,true,true,false,false,,2,Yok;6 Ay;12 Ay;24 Ay,plan,generic
Hobi ve Oyun › Hobi Malzemeleri › Resim › Tuval,Renk,renk,COLOR,false,true,true,true,true,false,true,,1,Siyah;Beyaz;Gri;Mavi;Kırmızı;Diğer,plan,generic plan — refine per leaf in FAZ A
Hobi ve Oyun › Hobi Malzemeleri › Resim › Tuval,Garanti,garanti,SINGLE_SELECT,false,false,false,true,true,false,false,,2,Yok;6 Ay;12 Ay;24 Ay,plan,generic
Hobi ve Oyun › Hobi Malzemeleri › Resim › Akrilik Boya,Renk,renk,COLOR,false,true,true,true,true,false,true,,1,Siyah;Beyaz;Gri;Mavi;Kırmızı;Diğer,plan,generic plan — refine per leaf in FAZ A
Hobi ve Oyun › Hobi Malzemeleri › Resim › Akrilik Boya,Garanti,garanti,SINGLE_SELECT,false,false,false,true,true,false,false,,2,Yok;6 Ay;12 Ay;24 Ay,plan,generic
Hobi ve Oyun › Hobi Malzemeleri › Resim › Yağlı Boya,Renk,renk,COLOR,false,true,true,true,true,false,true,,1,Siyah;Beyaz;Gri;Mavi;Kırmızı;Diğer,plan,generic plan — refine per leaf in FAZ A
Hobi ve Oyun › Hobi Malzemeleri › Resim › Yağlı Boya,Garanti,garanti,SINGLE_SELECT,false,false,false,true,true,false,false,,2,Yok;6 Ay;12 Ay;24 Ay,plan,generic
Hobi ve Oyun › Hobi Malzemeleri › Resim › Suluboya,Renk,renk,COLOR,false,true,true,true,true,false,true,,1,Siyah;Beyaz;Gri;Mavi;Kırmızı;Diğer,plan,generic plan — refine per leaf in FAZ A
Hobi ve Oyun › Hobi Malzemeleri › Resim › Suluboya,Garanti,garanti,SINGLE_SELECT,false,false,false,true,true,false,false,,2,Yok;6 Ay;12 Ay;24 Ay,plan,generic
Hobi ve Oyun › Hobi Malzemeleri › Resim › Fırça,Renk,renk,COLOR,false,true,true,true,true,false,true,,1,Siyah;Beyaz;Gri;Mavi;Kırmızı;Diğer,plan,generic plan — refine per leaf in FAZ A
Hobi ve Oyun › Hobi Malzemeleri › Resim › Fırça,Garanti,garanti,SINGLE_SELECT,false,false,false,true,true,false,false,,2,Yok;6 Ay;12 Ay;24 Ay,plan,generic
Hobi ve Oyun › Hobi Malzemeleri › Resim › Şövale,Renk,renk,COLOR,false,true,true,true,true,false,true,,1,Siyah;Beyaz;Gri;Mavi;Kırmızı;Diğer,plan,generic plan — refine per leaf in FAZ A
Hobi ve Oyun › Hobi Malzemeleri › Resim › Şövale,Garanti,garanti,SINGLE_SELECT,false,false,false,true,true,false,false,,2,Yok;6 Ay;12 Ay;24 Ay,plan,generic
Hobi ve Oyun › Hobi Malzemeleri › El İşi › Örgü İpi,Renk,renk,COLOR,false,true,true,true,true,false,true,,1,Siyah;Beyaz;Gri;Mavi;Kırmızı;Diğer,plan,generic plan — refine per leaf in FAZ A
Hobi ve Oyun › Hobi Malzemeleri › El İşi › Örgü İpi,Garanti,garanti,SINGLE_SELECT,false,false,false,true,true,false,false,,2,Yok;6 Ay;12 Ay;24 Ay,plan,generic
Hobi ve Oyun › Hobi Malzemeleri › El İşi › Şiş ve Tığ,Renk,renk,COLOR,false,true,true,true,true,false,true,,1,Siyah;Beyaz;Gri;Mavi;Kırmızı;Diğer,plan,generic plan — refine per leaf in FAZ A
Hobi ve Oyun › Hobi Malzemeleri › El İşi › Şiş ve Tığ,Garanti,garanti,SINGLE_SELECT,false,false,false,true,true,false,false,,2,Yok;6 Ay;12 Ay;24 Ay,plan,generic
Hobi ve Oyun › Hobi Malzemeleri › El İşi › Dikiş Malzemesi,Renk,renk,COLOR,false,true,true,true,true,false,true,,1,Siyah;Beyaz;Gri;Mavi;Kırmızı;Diğer,plan,generic plan — refine per leaf in FAZ A
Hobi ve Oyun › Hobi Malzemeleri › El İşi › Dikiş Malzemesi,Garanti,garanti,SINGLE_SELECT,false,false,false,true,true,false,false,,2,Yok;6 Ay;12 Ay;24 Ay,plan,generic
Hobi ve Oyun › Hobi Malzemeleri › El İşi › Keçe,Renk,renk,COLOR,false,true,true,true,true,false,true,,1,Siyah;Beyaz;Gri;Mavi;Kırmızı;Diğer,plan,generic plan — refine per leaf in FAZ A
Hobi ve Oyun › Hobi Malzemeleri › El İşi › Keçe,Garanti,garanti,SINGLE_SELECT,false,false,false,true,true,false,false,,2,Yok;6 Ay;12 Ay;24 Ay,plan,generic
Hobi ve Oyun › Hobi Malzemeleri › El İşi › Boncuk,Renk,renk,COLOR,false,true,true,true,true,false,true,,1,Siyah;Beyaz;Gri;Mavi;Kırmızı;Diğer,plan,generic plan — refine per leaf in FAZ A
Hobi ve Oyun › Hobi Malzemeleri › El İşi › Boncuk,Garanti,garanti,SINGLE_SELECT,false,false,false,true,true,false,false,,2,Yok;6 Ay;12 Ay;24 Ay,plan,generic
Hobi ve Oyun › Hobi Malzemeleri › El İşi › Takı Yapım Malzemesi,Renk,renk,COLOR,false,true,true,true,true,false,true,,1,Siyah;Beyaz;Gri;Mavi;Kırmızı;Diğer,plan,generic plan — refine per leaf in FAZ A
Hobi ve Oyun › Hobi Malzemeleri › El İşi › Takı Yapım Malzemesi,Garanti,garanti,SINGLE_SELECT,false,false,false,true,true,false,false,,2,Yok;6 Ay;12 Ay;24 Ay,plan,generic
Hobi ve Oyun › Hobi Malzemeleri › Maket ve Model › Maket Seti,Renk,renk,COLOR,false,true,true,true,true,false,true,,1,Siyah;Beyaz;Gri;Mavi;Kırmızı;Diğer,plan,generic plan — refine per leaf in FAZ A
Hobi ve Oyun › Hobi Malzemeleri › Maket ve Model › Maket Seti,Garanti,garanti,SINGLE_SELECT,false,false,false,true,true,false,false,,2,Yok;6 Ay;12 Ay;24 Ay,plan,generic
Hobi ve Oyun › Hobi Malzemeleri › Maket ve Model › Model Araba,Renk,renk,COLOR,false,true,true,true,true,false,true,,1,Siyah;Beyaz;Gri;Mavi;Kırmızı;Diğer,plan,generic plan — refine per leaf in FAZ A
Hobi ve Oyun › Hobi Malzemeleri › Maket ve Model › Model Araba,Garanti,garanti,SINGLE_SELECT,false,false,false,true,true,false,false,,2,Yok;6 Ay;12 Ay;24 Ay,plan,generic
Hobi ve Oyun › Hobi Malzemeleri › Maket ve Model › Model Uçak,Renk,renk,COLOR,false,true,true,true,true,false,true,,1,Siyah;Beyaz;Gri;Mavi;Kırmızı;Diğer,plan,generic plan — refine per leaf in FAZ A
Hobi ve Oyun › Hobi Malzemeleri › Maket ve Model › Model Uçak,Garanti,garanti,SINGLE_SELECT,false,false,false,true,true,false,false,,2,Yok;6 Ay;12 Ay;24 Ay,plan,generic
Hobi ve Oyun › Hobi Malzemeleri › Maket ve Model › Diorama Malzemesi,Renk,renk,COLOR,false,true,true,true,true,false,true,,1,Siyah;Beyaz;Gri;Mavi;Kırmızı;Diğer,plan,generic plan — refine per leaf in FAZ A
Hobi ve Oyun › Hobi Malzemeleri › Maket ve Model › Diorama Malzemesi,Garanti,garanti,SINGLE_SELECT,false,false,false,true,true,false,false,,2,Yok;6 Ay;12 Ay;24 Ay,plan,generic
Hobi ve Oyun › Hobi Malzemeleri › Maket ve Model › 3D Puzzle,Renk,renk,COLOR,false,true,true,true,true,false,true,,1,Siyah;Beyaz;Gri;Mavi;Kırmızı;Diğer,plan,generic plan — refine per leaf in FAZ A
Hobi ve Oyun › Hobi Malzemeleri › Maket ve Model › 3D Puzzle,Garanti,garanti,SINGLE_SELECT,false,false,false,true,true,false,false,,2,Yok;6 Ay;12 Ay;24 Ay,plan,generic
Hobi ve Oyun › Oyun ve Eğlence › Kutu Oyunları › Strateji Oyunu,Renk,renk,COLOR,false,true,true,true,true,false,true,,1,Siyah;Beyaz;Gri;Mavi;Kırmızı;Diğer,plan,generic plan — refine per leaf in FAZ A
Hobi ve Oyun › Oyun ve Eğlence › Kutu Oyunları › Strateji Oyunu,Garanti,garanti,SINGLE_SELECT,false,false,false,true,true,false,false,,2,Yok;6 Ay;12 Ay;24 Ay,plan,generic
Hobi ve Oyun › Oyun ve Eğlence › Kutu Oyunları › Aile Oyunu,Renk,renk,COLOR,false,true,true,true,true,false,true,,1,Siyah;Beyaz;Gri;Mavi;Kırmızı;Diğer,plan,generic plan — refine per leaf in FAZ A
Hobi ve Oyun › Oyun ve Eğlence › Kutu Oyunları › Aile Oyunu,Garanti,garanti,SINGLE_SELECT,false,false,false,true,true,false,false,,2,Yok;6 Ay;12 Ay;24 Ay,plan,generic
Hobi ve Oyun › Oyun ve Eğlence › Kutu Oyunları › Parti Oyunu,Renk,renk,COLOR,false,true,true,true,true,false,true,,1,Siyah;Beyaz;Gri;Mavi;Kırmızı;Diğer,plan,generic plan — refine per leaf in FAZ A
Hobi ve Oyun › Oyun ve Eğlence › Kutu Oyunları › Parti Oyunu,Garanti,garanti,SINGLE_SELECT,false,false,false,true,true,false,false,,2,Yok;6 Ay;12 Ay;24 Ay,plan,generic
Hobi ve Oyun › Oyun ve Eğlence › Kutu Oyunları › Kart Oyunu,Renk,renk,COLOR,false,true,true,true,true,false,true,,1,Siyah;Beyaz;Gri;Mavi;Kırmızı;Diğer,plan,generic plan — refine per leaf in FAZ A
Hobi ve Oyun › Oyun ve Eğlence › Kutu Oyunları › Kart Oyunu,Garanti,garanti,SINGLE_SELECT,false,false,false,true,true,false,false,,2,Yok;6 Ay;12 Ay;24 Ay,plan,generic
Hobi ve Oyun › Oyun ve Eğlence › Kutu Oyunları › Satranç,Renk,renk,COLOR,false,true,true,true,true,false,true,,1,Siyah;Beyaz;Gri;Mavi;Kırmızı;Diğer,plan,generic plan — refine per leaf in FAZ A
Hobi ve Oyun › Oyun ve Eğlence › Kutu Oyunları › Satranç,Garanti,garanti,SINGLE_SELECT,false,false,false,true,true,false,false,,2,Yok;6 Ay;12 Ay;24 Ay,plan,generic
Hobi ve Oyun › Oyun ve Eğlence › Kutu Oyunları › Puzzle,Renk,renk,COLOR,false,true,true,true,true,false,true,,1,Siyah;Beyaz;Gri;Mavi;Kırmızı;Diğer,plan,generic plan — refine per leaf in FAZ A
Hobi ve Oyun › Oyun ve Eğlence › Kutu Oyunları › Puzzle,Garanti,garanti,SINGLE_SELECT,false,false,false,true,true,false,false,,2,Yok;6 Ay;12 Ay;24 Ay,plan,generic
Hobi ve Oyun › Oyun ve Eğlence › Koleksiyon › Figür,Renk,renk,COLOR,false,true,true,true,true,false,true,,1,Siyah;Beyaz;Gri;Mavi;Kırmızı;Diğer,plan,generic plan — refine per leaf in FAZ A
Hobi ve Oyun › Oyun ve Eğlence › Koleksiyon › Figür,Garanti,garanti,SINGLE_SELECT,false,false,false,true,true,false,false,,2,Yok;6 Ay;12 Ay;24 Ay,plan,generic
Hobi ve Oyun › Oyun ve Eğlence › Koleksiyon › Trading Card,Renk,renk,COLOR,false,true,true,true,true,false,true,,1,Siyah;Beyaz;Gri;Mavi;Kırmızı;Diğer,plan,generic plan — refine per leaf in FAZ A
Hobi ve Oyun › Oyun ve Eğlence › Koleksiyon › Trading Card,Garanti,garanti,SINGLE_SELECT,false,false,false,true,true,false,false,,2,Yok;6 Ay;12 Ay;24 Ay,plan,generic
Hobi ve Oyun › Oyun ve Eğlence › Koleksiyon › Madeni Para,Renk,renk,COLOR,false,true,true,true,true,false,true,,1,Siyah;Beyaz;Gri;Mavi;Kırmızı;Diğer,plan,generic plan — refine per leaf in FAZ A
Hobi ve Oyun › Oyun ve Eğlence › Koleksiyon › Madeni Para,Garanti,garanti,SINGLE_SELECT,false,false,false,true,true,false,false,,2,Yok;6 Ay;12 Ay;24 Ay,plan,generic
Hobi ve Oyun › Oyun ve Eğlence › Koleksiyon › Pul,Renk,renk,COLOR,false,true,true,true,true,false,true,,1,Siyah;Beyaz;Gri;Mavi;Kırmızı;Diğer,plan,generic plan — refine per leaf in FAZ A
Hobi ve Oyun › Oyun ve Eğlence › Koleksiyon › Pul,Garanti,garanti,SINGLE_SELECT,false,false,false,true,true,false,false,,2,Yok;6 Ay;12 Ay;24 Ay,plan,generic
Hobi ve Oyun › Oyun ve Eğlence › Koleksiyon › Koleksiyon Kutusu,Renk,renk,COLOR,false,true,true,true,true,false,true,,1,Siyah;Beyaz;Gri;Mavi;Kırmızı;Diğer,plan,generic plan — refine per leaf in FAZ A
Hobi ve Oyun › Oyun ve Eğlence › Koleksiyon › Koleksiyon Kutusu,Garanti,garanti,SINGLE_SELECT,false,false,false,true,true,false,false,,2,Yok;6 Ay;12 Ay;24 Ay,plan,generic
"Kitap, Kırtasiye ve Ofis › Kitap › Edebiyat › Roman",Renk,renk,COLOR,false,true,true,true,true,false,true,,1,Siyah;Beyaz;Gri;Mavi;Kırmızı;Diğer,plan,generic plan — refine per leaf in FAZ A
"Kitap, Kırtasiye ve Ofis › Kitap › Edebiyat › Roman",Garanti,garanti,SINGLE_SELECT,false,false,false,true,true,false,false,,2,Yok;6 Ay;12 Ay;24 Ay,plan,generic
"Kitap, Kırtasiye ve Ofis › Kitap › Edebiyat › Öykü",Renk,renk,COLOR,false,true,true,true,true,false,true,,1,Siyah;Beyaz;Gri;Mavi;Kırmızı;Diğer,plan,generic plan — refine per leaf in FAZ A
"Kitap, Kırtasiye ve Ofis › Kitap › Edebiyat › Öykü",Garanti,garanti,SINGLE_SELECT,false,false,false,true,true,false,false,,2,Yok;6 Ay;12 Ay;24 Ay,plan,generic
"Kitap, Kırtasiye ve Ofis › Kitap › Edebiyat › Şiir",Renk,renk,COLOR,false,true,true,true,true,false,true,,1,Siyah;Beyaz;Gri;Mavi;Kırmızı;Diğer,plan,generic plan — refine per leaf in FAZ A
"Kitap, Kırtasiye ve Ofis › Kitap › Edebiyat › Şiir",Garanti,garanti,SINGLE_SELECT,false,false,false,true,true,false,false,,2,Yok;6 Ay;12 Ay;24 Ay,plan,generic
"Kitap, Kırtasiye ve Ofis › Kitap › Edebiyat › Deneme",Renk,renk,COLOR,false,true,true,true,true,false,true,,1,Siyah;Beyaz;Gri;Mavi;Kırmızı;Diğer,plan,generic plan — refine per leaf in FAZ A
"Kitap, Kırtasiye ve Ofis › Kitap › Edebiyat › Deneme",Garanti,garanti,SINGLE_SELECT,false,false,false,true,true,false,false,,2,Yok;6 Ay;12 Ay;24 Ay,plan,generic
"Kitap, Kırtasiye ve Ofis › Kitap › Edebiyat › Biyografi",Renk,renk,COLOR,false,true,true,true,true,false,true,,1,Siyah;Beyaz;Gri;Mavi;Kırmızı;Diğer,plan,generic plan — refine per leaf in FAZ A
"Kitap, Kırtasiye ve Ofis › Kitap › Edebiyat › Biyografi",Garanti,garanti,SINGLE_SELECT,false,false,false,true,true,false,false,,2,Yok;6 Ay;12 Ay;24 Ay,plan,generic
"Kitap, Kırtasiye ve Ofis › Kitap › Çocuk Kitapları › Resimli Kitap",Renk,renk,COLOR,false,true,true,true,true,false,true,,1,Siyah;Beyaz;Gri;Mavi;Kırmızı;Diğer,plan,generic plan — refine per leaf in FAZ A
"Kitap, Kırtasiye ve Ofis › Kitap › Çocuk Kitapları › Resimli Kitap",Garanti,garanti,SINGLE_SELECT,false,false,false,true,true,false,false,,2,Yok;6 Ay;12 Ay;24 Ay,plan,generic
"Kitap, Kırtasiye ve Ofis › Kitap › Çocuk Kitapları › Masal",Renk,renk,COLOR,false,true,true,true,true,false,true,,1,Siyah;Beyaz;Gri;Mavi;Kırmızı;Diğer,plan,generic plan — refine per leaf in FAZ A
"Kitap, Kırtasiye ve Ofis › Kitap › Çocuk Kitapları › Masal",Garanti,garanti,SINGLE_SELECT,false,false,false,true,true,false,false,,2,Yok;6 Ay;12 Ay;24 Ay,plan,generic
"Kitap, Kırtasiye ve Ofis › Kitap › Çocuk Kitapları › Etkinlik Kitabı",Renk,renk,COLOR,false,true,true,true,true,false,true,,1,Siyah;Beyaz;Gri;Mavi;Kırmızı;Diğer,plan,generic plan — refine per leaf in FAZ A
"Kitap, Kırtasiye ve Ofis › Kitap › Çocuk Kitapları › Etkinlik Kitabı",Garanti,garanti,SINGLE_SELECT,false,false,false,true,true,false,false,,2,Yok;6 Ay;12 Ay;24 Ay,plan,generic
"Kitap, Kırtasiye ve Ofis › Kitap › Çocuk Kitapları › Gençlik Romanı",Renk,renk,COLOR,false,true,true,true,true,false,true,,1,Siyah;Beyaz;Gri;Mavi;Kırmızı;Diğer,plan,generic plan — refine per leaf in FAZ A
"Kitap, Kırtasiye ve Ofis › Kitap › Çocuk Kitapları › Gençlik Romanı",Garanti,garanti,SINGLE_SELECT,false,false,false,true,true,false,false,,2,Yok;6 Ay;12 Ay;24 Ay,plan,generic
"Kitap, Kırtasiye ve Ofis › Kitap › Eğitim › Sınav Hazırlık",Renk,renk,COLOR,false,true,true,true,true,false,true,,1,Siyah;Beyaz;Gri;Mavi;Kırmızı;Diğer,plan,generic plan — refine per leaf in FAZ A
"Kitap, Kırtasiye ve Ofis › Kitap › Eğitim › Sınav Hazırlık",Garanti,garanti,SINGLE_SELECT,false,false,false,true,true,false,false,,2,Yok;6 Ay;12 Ay;24 Ay,plan,generic
"Kitap, Kırtasiye ve Ofis › Kitap › Eğitim › Ders Kitabı",Renk,renk,COLOR,false,true,true,true,true,false,true,,1,Siyah;Beyaz;Gri;Mavi;Kırmızı;Diğer,plan,generic plan — refine per leaf in FAZ A
"Kitap, Kırtasiye ve Ofis › Kitap › Eğitim › Ders Kitabı",Garanti,garanti,SINGLE_SELECT,false,false,false,true,true,false,false,,2,Yok;6 Ay;12 Ay;24 Ay,plan,generic
"Kitap, Kırtasiye ve Ofis › Kitap › Eğitim › Yabancı Dil",Renk,renk,COLOR,false,true,true,true,true,false,true,,1,Siyah;Beyaz;Gri;Mavi;Kırmızı;Diğer,plan,generic plan — refine per leaf in FAZ A
"Kitap, Kırtasiye ve Ofis › Kitap › Eğitim › Yabancı Dil",Garanti,garanti,SINGLE_SELECT,false,false,false,true,true,false,false,,2,Yok;6 Ay;12 Ay;24 Ay,plan,generic
"Kitap, Kırtasiye ve Ofis › Kitap › Eğitim › Akademik Kitap",Renk,renk,COLOR,false,true,true,true,true,false,true,,1,Siyah;Beyaz;Gri;Mavi;Kırmızı;Diğer,plan,generic plan — refine per leaf in FAZ A
"Kitap, Kırtasiye ve Ofis › Kitap › Eğitim › Akademik Kitap",Garanti,garanti,SINGLE_SELECT,false,false,false,true,true,false,false,,2,Yok;6 Ay;12 Ay;24 Ay,plan,generic
"Kitap, Kırtasiye ve Ofis › Kitap › Hobi ve Yaşam › Yemek Kitabı",Renk,renk,COLOR,false,true,true,true,true,false,true,,1,Siyah;Beyaz;Gri;Mavi;Kırmızı;Diğer,plan,generic plan — refine per leaf in FAZ A
"Kitap, Kırtasiye ve Ofis › Kitap › Hobi ve Yaşam › Yemek Kitabı",Garanti,garanti,SINGLE_SELECT,false,false,false,true,true,false,false,,2,Yok;6 Ay;12 Ay;24 Ay,plan,generic
"Kitap, Kırtasiye ve Ofis › Kitap › Hobi ve Yaşam › Kişisel Gelişim",Renk,renk,COLOR,false,true,true,true,true,false,true,,1,Siyah;Beyaz;Gri;Mavi;Kırmızı;Diğer,plan,generic plan — refine per leaf in FAZ A
"Kitap, Kırtasiye ve Ofis › Kitap › Hobi ve Yaşam › Kişisel Gelişim",Garanti,garanti,SINGLE_SELECT,false,false,false,true,true,false,false,,2,Yok;6 Ay;12 Ay;24 Ay,plan,generic
"Kitap, Kırtasiye ve Ofis › Kitap › Hobi ve Yaşam › Sanat",Renk,renk,COLOR,false,true,true,true,true,false,true,,1,Siyah;Beyaz;Gri;Mavi;Kırmızı;Diğer,plan,generic plan — refine per leaf in FAZ A
"Kitap, Kırtasiye ve Ofis › Kitap › Hobi ve Yaşam › Sanat",Garanti,garanti,SINGLE_SELECT,false,false,false,true,true,false,false,,2,Yok;6 Ay;12 Ay;24 Ay,plan,generic
"Kitap, Kırtasiye ve Ofis › Kitap › Hobi ve Yaşam › Seyahat",Renk,renk,COLOR,false,true,true,true,true,false,true,,1,Siyah;Beyaz;Gri;Mavi;Kırmızı;Diğer,plan,generic plan — refine per leaf in FAZ A
"Kitap, Kırtasiye ve Ofis › Kitap › Hobi ve Yaşam › Seyahat",Garanti,garanti,SINGLE_SELECT,false,false,false,true,true,false,false,,2,Yok;6 Ay;12 Ay;24 Ay,plan,generic
"Kitap, Kırtasiye ve Ofis › Kitap › Hobi ve Yaşam › Sağlık",Renk,renk,COLOR,false,true,true,true,true,false,true,,1,Siyah;Beyaz;Gri;Mavi;Kırmızı;Diğer,plan,generic plan — refine per leaf in FAZ A
"Kitap, Kırtasiye ve Ofis › Kitap › Hobi ve Yaşam › Sağlık",Garanti,garanti,SINGLE_SELECT,false,false,false,true,true,false,false,,2,Yok;6 Ay;12 Ay;24 Ay,plan,generic
"Kitap, Kırtasiye ve Ofis › Kırtasiye › Yazı Gereçleri › Tükenmez Kalem",Renk,renk,COLOR,false,true,true,true,true,false,true,,1,Siyah;Beyaz;Gri;Mavi;Kırmızı;Diğer,plan,generic plan — refine per leaf in FAZ A
"Kitap, Kırtasiye ve Ofis › Kırtasiye › Yazı Gereçleri › Tükenmez Kalem",Garanti,garanti,SINGLE_SELECT,false,false,false,true,true,false,false,,2,Yok;6 Ay;12 Ay;24 Ay,plan,generic
"Kitap, Kırtasiye ve Ofis › Kırtasiye › Yazı Gereçleri › Dolma Kalem",Renk,renk,COLOR,false,true,true,true,true,false,true,,1,Siyah;Beyaz;Gri;Mavi;Kırmızı;Diğer,plan,generic plan — refine per leaf in FAZ A
"Kitap, Kırtasiye ve Ofis › Kırtasiye › Yazı Gereçleri › Dolma Kalem",Garanti,garanti,SINGLE_SELECT,false,false,false,true,true,false,false,,2,Yok;6 Ay;12 Ay;24 Ay,plan,generic
"Kitap, Kırtasiye ve Ofis › Kırtasiye › Yazı Gereçleri › Kurşun Kalem",Renk,renk,COLOR,false,true,true,true,true,false,true,,1,Siyah;Beyaz;Gri;Mavi;Kırmızı;Diğer,plan,generic plan — refine per leaf in FAZ A
"Kitap, Kırtasiye ve Ofis › Kırtasiye › Yazı Gereçleri › Kurşun Kalem",Garanti,garanti,SINGLE_SELECT,false,false,false,true,true,false,false,,2,Yok;6 Ay;12 Ay;24 Ay,plan,generic
"Kitap, Kırtasiye ve Ofis › Kırtasiye › Yazı Gereçleri › Keçeli Kalem",Renk,renk,COLOR,false,true,true,true,true,false,true,,1,Siyah;Beyaz;Gri;Mavi;Kırmızı;Diğer,plan,generic plan — refine per leaf in FAZ A
"Kitap, Kırtasiye ve Ofis › Kırtasiye › Yazı Gereçleri › Keçeli Kalem",Garanti,garanti,SINGLE_SELECT,false,false,false,true,true,false,false,,2,Yok;6 Ay;12 Ay;24 Ay,plan,generic
"Kitap, Kırtasiye ve Ofis › Kırtasiye › Yazı Gereçleri › Marker",Renk,renk,COLOR,false,true,true,true,true,false,true,,1,Siyah;Beyaz;Gri;Mavi;Kırmızı;Diğer,plan,generic plan — refine per leaf in FAZ A
"Kitap, Kırtasiye ve Ofis › Kırtasiye › Yazı Gereçleri › Marker",Garanti,garanti,SINGLE_SELECT,false,false,false,true,true,false,false,,2,Yok;6 Ay;12 Ay;24 Ay,plan,generic
"Kitap, Kırtasiye ve Ofis › Kırtasiye › Yazı Gereçleri › Silgi",Renk,renk,COLOR,false,true,true,true,true,false,true,,1,Siyah;Beyaz;Gri;Mavi;Kırmızı;Diğer,plan,generic plan — refine per leaf in FAZ A
"Kitap, Kırtasiye ve Ofis › Kırtasiye › Yazı Gereçleri › Silgi",Garanti,garanti,SINGLE_SELECT,false,false,false,true,true,false,false,,2,Yok;6 Ay;12 Ay;24 Ay,plan,generic
"Kitap, Kırtasiye ve Ofis › Kırtasiye › Defter ve Kağıt › Defter",Renk,renk,COLOR,false,true,true,true,true,false,true,,1,Siyah;Beyaz;Gri;Mavi;Kırmızı;Diğer,plan,generic plan — refine per leaf in FAZ A
"Kitap, Kırtasiye ve Ofis › Kırtasiye › Defter ve Kağıt › Defter",Garanti,garanti,SINGLE_SELECT,false,false,false,true,true,false,false,,2,Yok;6 Ay;12 Ay;24 Ay,plan,generic
"Kitap, Kırtasiye ve Ofis › Kırtasiye › Defter ve Kağıt › Ajanda",Renk,renk,COLOR,false,true,true,true,true,false,true,,1,Siyah;Beyaz;Gri;Mavi;Kırmızı;Diğer,plan,generic plan — refine per leaf in FAZ A
"Kitap, Kırtasiye ve Ofis › Kırtasiye › Defter ve Kağıt › Ajanda",Garanti,garanti,SINGLE_SELECT,false,false,false,true,true,false,false,,2,Yok;6 Ay;12 Ay;24 Ay,plan,generic
"Kitap, Kırtasiye ve Ofis › Kırtasiye › Defter ve Kağıt › Fotokopi Kağıdı",Renk,renk,COLOR,false,true,true,true,true,false,true,,1,Siyah;Beyaz;Gri;Mavi;Kırmızı;Diğer,plan,generic plan — refine per leaf in FAZ A
"Kitap, Kırtasiye ve Ofis › Kırtasiye › Defter ve Kağıt › Fotokopi Kağıdı",Garanti,garanti,SINGLE_SELECT,false,false,false,true,true,false,false,,2,Yok;6 Ay;12 Ay;24 Ay,plan,generic
"Kitap, Kırtasiye ve Ofis › Kırtasiye › Defter ve Kağıt › Not Kağıdı",Renk,renk,COLOR,false,true,true,true,true,false,true,,1,Siyah;Beyaz;Gri;Mavi;Kırmızı;Diğer,plan,generic plan — refine per leaf in FAZ A
"Kitap, Kırtasiye ve Ofis › Kırtasiye › Defter ve Kağıt › Not Kağıdı",Garanti,garanti,SINGLE_SELECT,false,false,false,true,true,false,false,,2,Yok;6 Ay;12 Ay;24 Ay,plan,generic
"Kitap, Kırtasiye ve Ofis › Kırtasiye › Defter ve Kağıt › Etiket",Renk,renk,COLOR,false,true,true,true,true,false,true,,1,Siyah;Beyaz;Gri;Mavi;Kırmızı;Diğer,plan,generic plan — refine per leaf in FAZ A
"Kitap, Kırtasiye ve Ofis › Kırtasiye › Defter ve Kağıt › Etiket",Garanti,garanti,SINGLE_SELECT,false,false,false,true,true,false,false,,2,Yok;6 Ay;12 Ay;24 Ay,plan,generic
"Kitap, Kırtasiye ve Ofis › Kırtasiye › Defter ve Kağıt › Zarf",Renk,renk,COLOR,false,true,true,true,true,false,true,,1,Siyah;Beyaz;Gri;Mavi;Kırmızı;Diğer,plan,generic plan — refine per leaf in FAZ A
"Kitap, Kırtasiye ve Ofis › Kırtasiye › Defter ve Kağıt › Zarf",Garanti,garanti,SINGLE_SELECT,false,false,false,true,true,false,false,,2,Yok;6 Ay;12 Ay;24 Ay,plan,generic
"Kitap, Kırtasiye ve Ofis › Kırtasiye › Okul Gereçleri › Kalem Kutusu",Renk,renk,COLOR,false,true,true,true,true,false,true,,1,Siyah;Beyaz;Gri;Mavi;Kırmızı;Diğer,plan,generic plan — refine per leaf in FAZ A
"Kitap, Kırtasiye ve Ofis › Kırtasiye › Okul Gereçleri › Kalem Kutusu",Garanti,garanti,SINGLE_SELECT,false,false,false,true,true,false,false,,2,Yok;6 Ay;12 Ay;24 Ay,plan,generic
"Kitap, Kırtasiye ve Ofis › Kırtasiye › Okul Gereçleri › Okul Çantası",Renk,renk,COLOR,false,true,true,true,true,false,true,,1,Siyah;Beyaz;Gri;Mavi;Kırmızı;Diğer,plan,generic plan — refine per leaf in FAZ A
"Kitap, Kırtasiye ve Ofis › Kırtasiye › Okul Gereçleri › Okul Çantası",Garanti,garanti,SINGLE_SELECT,false,false,false,true,true,false,false,,2,Yok;6 Ay;12 Ay;24 Ay,plan,generic
"Kitap, Kırtasiye ve Ofis › Kırtasiye › Okul Gereçleri › Boya Seti",Renk,renk,COLOR,false,true,true,true,true,false,true,,1,Siyah;Beyaz;Gri;Mavi;Kırmızı;Diğer,plan,generic plan — refine per leaf in FAZ A
"Kitap, Kırtasiye ve Ofis › Kırtasiye › Okul Gereçleri › Boya Seti",Garanti,garanti,SINGLE_SELECT,false,false,false,true,true,false,false,,2,Yok;6 Ay;12 Ay;24 Ay,plan,generic
"Kitap, Kırtasiye ve Ofis › Kırtasiye › Okul Gereçleri › Cetvel Seti",Renk,renk,COLOR,false,true,true,true,true,false,true,,1,Siyah;Beyaz;Gri;Mavi;Kırmızı;Diğer,plan,generic plan — refine per leaf in FAZ A
"Kitap, Kırtasiye ve Ofis › Kırtasiye › Okul Gereçleri › Cetvel Seti",Garanti,garanti,SINGLE_SELECT,false,false,false,true,true,false,false,,2,Yok;6 Ay;12 Ay;24 Ay,plan,generic
"Kitap, Kırtasiye ve Ofis › Kırtasiye › Okul Gereçleri › Makas",Renk,renk,COLOR,false,true,true,true,true,false,true,,1,Siyah;Beyaz;Gri;Mavi;Kırmızı;Diğer,plan,generic plan — refine per leaf in FAZ A
"Kitap, Kırtasiye ve Ofis › Kırtasiye › Okul Gereçleri › Makas",Garanti,garanti,SINGLE_SELECT,false,false,false,true,true,false,false,,2,Yok;6 Ay;12 Ay;24 Ay,plan,generic
"Kitap, Kırtasiye ve Ofis › Kırtasiye › Okul Gereçleri › Yapıştırıcı",Renk,renk,COLOR,false,true,true,true,true,false,true,,1,Siyah;Beyaz;Gri;Mavi;Kırmızı;Diğer,plan,generic plan — refine per leaf in FAZ A
"Kitap, Kırtasiye ve Ofis › Kırtasiye › Okul Gereçleri › Yapıştırıcı",Garanti,garanti,SINGLE_SELECT,false,false,false,true,true,false,false,,2,Yok;6 Ay;12 Ay;24 Ay,plan,generic
"Kitap, Kırtasiye ve Ofis › Ofis › Ofis Makineleri › Yazıcı",Renk,renk,COLOR,false,true,true,true,true,false,true,,1,Siyah;Beyaz;Gri;Mavi;Kırmızı;Diğer,plan,generic plan — refine per leaf in FAZ A
"Kitap, Kırtasiye ve Ofis › Ofis › Ofis Makineleri › Yazıcı",Garanti,garanti,SINGLE_SELECT,false,false,false,true,true,false,false,,2,Yok;6 Ay;12 Ay;24 Ay,plan,generic
"Kitap, Kırtasiye ve Ofis › Ofis › Ofis Makineleri › Fotokopi Makinesi",Renk,renk,COLOR,false,true,true,true,true,false,true,,1,Siyah;Beyaz;Gri;Mavi;Kırmızı;Diğer,plan,generic plan — refine per leaf in FAZ A
"Kitap, Kırtasiye ve Ofis › Ofis › Ofis Makineleri › Fotokopi Makinesi",Garanti,garanti,SINGLE_SELECT,false,false,false,true,true,false,false,,2,Yok;6 Ay;12 Ay;24 Ay,plan,generic
"Kitap, Kırtasiye ve Ofis › Ofis › Ofis Makineleri › Para Sayma Makinesi",Renk,renk,COLOR,false,true,true,true,true,false,true,,1,Siyah;Beyaz;Gri;Mavi;Kırmızı;Diğer,plan,generic plan — refine per leaf in FAZ A
"Kitap, Kırtasiye ve Ofis › Ofis › Ofis Makineleri › Para Sayma Makinesi",Garanti,garanti,SINGLE_SELECT,false,false,false,true,true,false,false,,2,Yok;6 Ay;12 Ay;24 Ay,plan,generic
"Kitap, Kırtasiye ve Ofis › Ofis › Ofis Makineleri › Laminasyon Makinesi",Renk,renk,COLOR,false,true,true,true,true,false,true,,1,Siyah;Beyaz;Gri;Mavi;Kırmızı;Diğer,plan,generic plan — refine per leaf in FAZ A
"Kitap, Kırtasiye ve Ofis › Ofis › Ofis Makineleri › Laminasyon Makinesi",Garanti,garanti,SINGLE_SELECT,false,false,false,true,true,false,false,,2,Yok;6 Ay;12 Ay;24 Ay,plan,generic
"Kitap, Kırtasiye ve Ofis › Ofis › Ofis Makineleri › Evrak İmha Makinesi",Renk,renk,COLOR,false,true,true,true,true,false,true,,1,Siyah;Beyaz;Gri;Mavi;Kırmızı;Diğer,plan,generic plan — refine per leaf in FAZ A
"Kitap, Kırtasiye ve Ofis › Ofis › Ofis Makineleri › Evrak İmha Makinesi",Garanti,garanti,SINGLE_SELECT,false,false,false,true,true,false,false,,2,Yok;6 Ay;12 Ay;24 Ay,plan,generic
"Kitap, Kırtasiye ve Ofis › Ofis › Ofis Sarf › Toner",Renk,renk,COLOR,false,true,true,true,true,false,true,,1,Siyah;Beyaz;Gri;Mavi;Kırmızı;Diğer,plan,generic plan — refine per leaf in FAZ A
"Kitap, Kırtasiye ve Ofis › Ofis › Ofis Sarf › Toner",Garanti,garanti,SINGLE_SELECT,false,false,false,true,true,false,false,,2,Yok;6 Ay;12 Ay;24 Ay,plan,generic
"Kitap, Kırtasiye ve Ofis › Ofis › Ofis Sarf › Kartuş",Renk,renk,COLOR,false,true,true,true,true,false,true,,1,Siyah;Beyaz;Gri;Mavi;Kırmızı;Diğer,plan,generic plan — refine per leaf in FAZ A
"Kitap, Kırtasiye ve Ofis › Ofis › Ofis Sarf › Kartuş",Garanti,garanti,SINGLE_SELECT,false,false,false,true,true,false,false,,2,Yok;6 Ay;12 Ay;24 Ay,plan,generic
"Kitap, Kırtasiye ve Ofis › Ofis › Ofis Sarf › Zımba",Renk,renk,COLOR,false,true,true,true,true,false,true,,1,Siyah;Beyaz;Gri;Mavi;Kırmızı;Diğer,plan,generic plan — refine per leaf in FAZ A
"Kitap, Kırtasiye ve Ofis › Ofis › Ofis Sarf › Zımba",Garanti,garanti,SINGLE_SELECT,false,false,false,true,true,false,false,,2,Yok;6 Ay;12 Ay;24 Ay,plan,generic
"Kitap, Kırtasiye ve Ofis › Ofis › Ofis Sarf › Delgeç",Renk,renk,COLOR,false,true,true,true,true,false,true,,1,Siyah;Beyaz;Gri;Mavi;Kırmızı;Diğer,plan,generic plan — refine per leaf in FAZ A
"Kitap, Kırtasiye ve Ofis › Ofis › Ofis Sarf › Delgeç",Garanti,garanti,SINGLE_SELECT,false,false,false,true,true,false,false,,2,Yok;6 Ay;12 Ay;24 Ay,plan,generic
"Kitap, Kırtasiye ve Ofis › Ofis › Ofis Sarf › Dosya",Renk,renk,COLOR,false,true,true,true,true,false,true,,1,Siyah;Beyaz;Gri;Mavi;Kırmızı;Diğer,plan,generic plan — refine per leaf in FAZ A
"Kitap, Kırtasiye ve Ofis › Ofis › Ofis Sarf › Dosya",Garanti,garanti,SINGLE_SELECT,false,false,false,true,true,false,false,,2,Yok;6 Ay;12 Ay;24 Ay,plan,generic
"Kitap, Kırtasiye ve Ofis › Ofis › Ofis Sarf › Klasör",Renk,renk,COLOR,false,true,true,true,true,false,true,,1,Siyah;Beyaz;Gri;Mavi;Kırmızı;Diğer,plan,generic plan — refine per leaf in FAZ A
"Kitap, Kırtasiye ve Ofis › Ofis › Ofis Sarf › Klasör",Garanti,garanti,SINGLE_SELECT,false,false,false,true,true,false,false,,2,Yok;6 Ay;12 Ay;24 Ay,plan,generic
"Kitap, Kırtasiye ve Ofis › Ofis › Ofis Mobilyası › Ofis Masası",Renk,renk,COLOR,false,true,true,true,true,false,true,,1,Siyah;Beyaz;Gri;Mavi;Kırmızı;Diğer,plan,generic plan — refine per leaf in FAZ A
"Kitap, Kırtasiye ve Ofis › Ofis › Ofis Mobilyası › Ofis Masası",Garanti,garanti,SINGLE_SELECT,false,false,false,true,true,false,false,,2,Yok;6 Ay;12 Ay;24 Ay,plan,generic
"Kitap, Kırtasiye ve Ofis › Ofis › Ofis Mobilyası › Ofis Koltuğu",Renk,renk,COLOR,false,true,true,true,true,false,true,,1,Siyah;Beyaz;Gri;Mavi;Kırmızı;Diğer,plan,generic plan — refine per leaf in FAZ A
"Kitap, Kırtasiye ve Ofis › Ofis › Ofis Mobilyası › Ofis Koltuğu",Garanti,garanti,SINGLE_SELECT,false,false,false,true,true,false,false,,2,Yok;6 Ay;12 Ay;24 Ay,plan,generic
"Kitap, Kırtasiye ve Ofis › Ofis › Ofis Mobilyası › Dosya Dolabı",Renk,renk,COLOR,false,true,true,true,true,false,true,,1,Siyah;Beyaz;Gri;Mavi;Kırmızı;Diğer,plan,generic plan — refine per leaf in FAZ A
"Kitap, Kırtasiye ve Ofis › Ofis › Ofis Mobilyası › Dosya Dolabı",Garanti,garanti,SINGLE_SELECT,false,false,false,true,true,false,false,,2,Yok;6 Ay;12 Ay;24 Ay,plan,generic
"Kitap, Kırtasiye ve Ofis › Ofis › Ofis Mobilyası › Toplantı Masası",Renk,renk,COLOR,false,true,true,true,true,false,true,,1,Siyah;Beyaz;Gri;Mavi;Kırmızı;Diğer,plan,generic plan — refine per leaf in FAZ A
"Kitap, Kırtasiye ve Ofis › Ofis › Ofis Mobilyası › Toplantı Masası",Garanti,garanti,SINGLE_SELECT,false,false,false,true,true,false,false,,2,Yok;6 Ay;12 Ay;24 Ay,plan,generic
"Kitap, Kırtasiye ve Ofis › Ofis › Ofis Mobilyası › Resepsiyon Bankosu",Renk,renk,COLOR,false,true,true,true,true,false,true,,1,Siyah;Beyaz;Gri;Mavi;Kırmızı;Diğer,plan,generic plan — refine per leaf in FAZ A
"Kitap, Kırtasiye ve Ofis › Ofis › Ofis Mobilyası › Resepsiyon Bankosu",Garanti,garanti,SINGLE_SELECT,false,false,false,true,true,false,false,,2,Yok;6 Ay;12 Ay;24 Ay,plan,generic
Pet Shop › Kedi › Beslenme › Kedi Maması,Renk,renk,COLOR,false,true,true,true,true,false,true,,1,Siyah;Beyaz;Gri;Mavi;Kırmızı;Diğer,plan,generic plan — refine per leaf in FAZ A
Pet Shop › Kedi › Beslenme › Kedi Maması,Garanti,garanti,SINGLE_SELECT,false,false,false,true,true,false,false,,2,Yok;6 Ay;12 Ay;24 Ay,plan,generic
Pet Shop › Kedi › Beslenme › Yaş Mama,Renk,renk,COLOR,false,true,true,true,true,false,true,,1,Siyah;Beyaz;Gri;Mavi;Kırmızı;Diğer,plan,generic plan — refine per leaf in FAZ A
Pet Shop › Kedi › Beslenme › Yaş Mama,Garanti,garanti,SINGLE_SELECT,false,false,false,true,true,false,false,,2,Yok;6 Ay;12 Ay;24 Ay,plan,generic
Pet Shop › Kedi › Beslenme › Ödül Maması,Renk,renk,COLOR,false,true,true,true,true,false,true,,1,Siyah;Beyaz;Gri;Mavi;Kırmızı;Diğer,plan,generic plan — refine per leaf in FAZ A
Pet Shop › Kedi › Beslenme › Ödül Maması,Garanti,garanti,SINGLE_SELECT,false,false,false,true,true,false,false,,2,Yok;6 Ay;12 Ay;24 Ay,plan,generic
Pet Shop › Kedi › Beslenme › Mama Kabı,Renk,renk,COLOR,false,true,true,true,true,false,true,,1,Siyah;Beyaz;Gri;Mavi;Kırmızı;Diğer,plan,generic plan — refine per leaf in FAZ A
Pet Shop › Kedi › Beslenme › Mama Kabı,Garanti,garanti,SINGLE_SELECT,false,false,false,true,true,false,false,,2,Yok;6 Ay;12 Ay;24 Ay,plan,generic
Pet Shop › Kedi › Beslenme › Su Pınarı,Renk,renk,COLOR,false,true,true,true,true,false,true,,1,Siyah;Beyaz;Gri;Mavi;Kırmızı;Diğer,plan,generic plan — refine per leaf in FAZ A
Pet Shop › Kedi › Beslenme › Su Pınarı,Garanti,garanti,SINGLE_SELECT,false,false,false,true,true,false,false,,2,Yok;6 Ay;12 Ay;24 Ay,plan,generic
Pet Shop › Kedi › Bakım › Kedi Kumu,Renk,renk,COLOR,false,true,true,true,true,false,true,,1,Siyah;Beyaz;Gri;Mavi;Kırmızı;Diğer,plan,generic plan — refine per leaf in FAZ A
Pet Shop › Kedi › Bakım › Kedi Kumu,Garanti,garanti,SINGLE_SELECT,false,false,false,true,true,false,false,,2,Yok;6 Ay;12 Ay;24 Ay,plan,generic
Pet Shop › Kedi › Bakım › Kum Kabı,Renk,renk,COLOR,false,true,true,true,true,false,true,,1,Siyah;Beyaz;Gri;Mavi;Kırmızı;Diğer,plan,generic plan — refine per leaf in FAZ A
Pet Shop › Kedi › Bakım › Kum Kabı,Garanti,garanti,SINGLE_SELECT,false,false,false,true,true,false,false,,2,Yok;6 Ay;12 Ay;24 Ay,plan,generic
Pet Shop › Kedi › Bakım › Tırmalama Tahtası,Renk,renk,COLOR,false,true,true,true,true,false,true,,1,Siyah;Beyaz;Gri;Mavi;Kırmızı;Diğer,plan,generic plan — refine per leaf in FAZ A
Pet Shop › Kedi › Bakım › Tırmalama Tahtası,Garanti,garanti,SINGLE_SELECT,false,false,false,true,true,false,false,,2,Yok;6 Ay;12 Ay;24 Ay,plan,generic
Pet Shop › Kedi › Bakım › Tarak,Renk,renk,COLOR,false,true,true,true,true,false,true,,1,Siyah;Beyaz;Gri;Mavi;Kırmızı;Diğer,plan,generic plan — refine per leaf in FAZ A
Pet Shop › Kedi › Bakım › Tarak,Garanti,garanti,SINGLE_SELECT,false,false,false,true,true,false,false,,2,Yok;6 Ay;12 Ay;24 Ay,plan,generic
Pet Shop › Kedi › Bakım › Şampuan,Renk,renk,COLOR,false,true,true,true,true,false,true,,1,Siyah;Beyaz;Gri;Mavi;Kırmızı;Diğer,plan,generic plan — refine per leaf in FAZ A
Pet Shop › Kedi › Bakım › Şampuan,Garanti,garanti,SINGLE_SELECT,false,false,false,true,true,false,false,,2,Yok;6 Ay;12 Ay;24 Ay,plan,generic
Pet Shop › Kedi › Aksesuar › Kedi Yatağı,Renk,renk,COLOR,false,true,true,true,true,false,true,,1,Siyah;Beyaz;Gri;Mavi;Kırmızı;Diğer,plan,generic plan — refine per leaf in FAZ A
Pet Shop › Kedi › Aksesuar › Kedi Yatağı,Garanti,garanti,SINGLE_SELECT,false,false,false,true,true,false,false,,2,Yok;6 Ay;12 Ay;24 Ay,plan,generic
Pet Shop › Kedi › Aksesuar › Taşıma Çantası,Renk,renk,COLOR,false,true,true,true,true,false,true,,1,Siyah;Beyaz;Gri;Mavi;Kırmızı;Diğer,plan,generic plan — refine per leaf in FAZ A
Pet Shop › Kedi › Aksesuar › Taşıma Çantası,Garanti,garanti,SINGLE_SELECT,false,false,false,true,true,false,false,,2,Yok;6 Ay;12 Ay;24 Ay,plan,generic
Pet Shop › Kedi › Aksesuar › Tasma,Renk,renk,COLOR,false,true,true,true,true,false,true,,1,Siyah;Beyaz;Gri;Mavi;Kırmızı;Diğer,plan,generic plan — refine per leaf in FAZ A
Pet Shop › Kedi › Aksesuar › Tasma,Garanti,garanti,SINGLE_SELECT,false,false,false,true,true,false,false,,2,Yok;6 Ay;12 Ay;24 Ay,plan,generic
Pet Shop › Kedi › Aksesuar › Oyuncak,Renk,renk,COLOR,false,true,true,true,true,false,true,,1,Siyah;Beyaz;Gri;Mavi;Kırmızı;Diğer,plan,generic plan — refine per leaf in FAZ A
Pet Shop › Kedi › Aksesuar › Oyuncak,Garanti,garanti,SINGLE_SELECT,false,false,false,true,true,false,false,,2,Yok;6 Ay;12 Ay;24 Ay,plan,generic
Pet Shop › Kedi › Aksesuar › Kedi Evi,Renk,renk,COLOR,false,true,true,true,true,false,true,,1,Siyah;Beyaz;Gri;Mavi;Kırmızı;Diğer,plan,generic plan — refine per leaf in FAZ A
Pet Shop › Kedi › Aksesuar › Kedi Evi,Garanti,garanti,SINGLE_SELECT,false,false,false,true,true,false,false,,2,Yok;6 Ay;12 Ay;24 Ay,plan,generic
Pet Shop › Köpek › Beslenme › Köpek Maması,Renk,renk,COLOR,false,true,true,true,true,false,true,,1,Siyah;Beyaz;Gri;Mavi;Kırmızı;Diğer,plan,generic plan — refine per leaf in FAZ A
Pet Shop › Köpek › Beslenme › Köpek Maması,Garanti,garanti,SINGLE_SELECT,false,false,false,true,true,false,false,,2,Yok;6 Ay;12 Ay;24 Ay,plan,generic
Pet Shop › Köpek › Beslenme › Yaş Mama,Renk,renk,COLOR,false,true,true,true,true,false,true,,1,Siyah;Beyaz;Gri;Mavi;Kırmızı;Diğer,plan,generic plan — refine per leaf in FAZ A
Pet Shop › Köpek › Beslenme › Yaş Mama,Garanti,garanti,SINGLE_SELECT,false,false,false,true,true,false,false,,2,Yok;6 Ay;12 Ay;24 Ay,plan,generic
Pet Shop › Köpek › Beslenme › Ödül Maması,Renk,renk,COLOR,false,true,true,true,true,false,true,,1,Siyah;Beyaz;Gri;Mavi;Kırmızı;Diğer,plan,generic plan — refine per leaf in FAZ A
Pet Shop › Köpek › Beslenme › Ödül Maması,Garanti,garanti,SINGLE_SELECT,false,false,false,true,true,false,false,,2,Yok;6 Ay;12 Ay;24 Ay,plan,generic
Pet Shop › Köpek › Beslenme › Mama Kabı,Renk,renk,COLOR,false,true,true,true,true,false,true,,1,Siyah;Beyaz;Gri;Mavi;Kırmızı;Diğer,plan,generic plan — refine per leaf in FAZ A
Pet Shop › Köpek › Beslenme › Mama Kabı,Garanti,garanti,SINGLE_SELECT,false,false,false,true,true,false,false,,2,Yok;6 Ay;12 Ay;24 Ay,plan,generic
Pet Shop › Köpek › Beslenme › Su Kabı,Renk,renk,COLOR,false,true,true,true,true,false,true,,1,Siyah;Beyaz;Gri;Mavi;Kırmızı;Diğer,plan,generic plan — refine per leaf in FAZ A
Pet Shop › Köpek › Beslenme › Su Kabı,Garanti,garanti,SINGLE_SELECT,false,false,false,true,true,false,false,,2,Yok;6 Ay;12 Ay;24 Ay,plan,generic
Pet Shop › Köpek › Bakım › Şampuan,Renk,renk,COLOR,false,true,true,true,true,false,true,,1,Siyah;Beyaz;Gri;Mavi;Kırmızı;Diğer,plan,generic plan — refine per leaf in FAZ A
Pet Shop › Köpek › Bakım › Şampuan,Garanti,garanti,SINGLE_SELECT,false,false,false,true,true,false,false,,2,Yok;6 Ay;12 Ay;24 Ay,plan,generic
Pet Shop › Köpek › Bakım › Tarak,Renk,renk,COLOR,false,true,true,true,true,false,true,,1,Siyah;Beyaz;Gri;Mavi;Kırmızı;Diğer,plan,generic plan — refine per leaf in FAZ A
Pet Shop › Köpek › Bakım › Tarak,Garanti,garanti,SINGLE_SELECT,false,false,false,true,true,false,false,,2,Yok;6 Ay;12 Ay;24 Ay,plan,generic
Pet Shop › Köpek › Bakım › Tırnak Makası,Renk,renk,COLOR,false,true,true,true,true,false,true,,1,Siyah;Beyaz;Gri;Mavi;Kırmızı;Diğer,plan,generic plan — refine per leaf in FAZ A
Pet Shop › Köpek › Bakım › Tırnak Makası,Garanti,garanti,SINGLE_SELECT,false,false,false,true,true,false,false,,2,Yok;6 Ay;12 Ay;24 Ay,plan,generic
Pet Shop › Köpek › Bakım › Ped,Renk,renk,COLOR,false,true,true,true,true,false,true,,1,Siyah;Beyaz;Gri;Mavi;Kırmızı;Diğer,plan,generic plan — refine per leaf in FAZ A
Pet Shop › Köpek › Bakım › Ped,Garanti,garanti,SINGLE_SELECT,false,false,false,true,true,false,false,,2,Yok;6 Ay;12 Ay;24 Ay,plan,generic
Pet Shop › Köpek › Bakım › Ağız Bakımı,Renk,renk,COLOR,false,true,true,true,true,false,true,,1,Siyah;Beyaz;Gri;Mavi;Kırmızı;Diğer,plan,generic plan — refine per leaf in FAZ A
Pet Shop › Köpek › Bakım › Ağız Bakımı,Garanti,garanti,SINGLE_SELECT,false,false,false,true,true,false,false,,2,Yok;6 Ay;12 Ay;24 Ay,plan,generic
Pet Shop › Köpek › Aksesuar › Tasma,Renk,renk,COLOR,false,true,true,true,true,false,true,,1,Siyah;Beyaz;Gri;Mavi;Kırmızı;Diğer,plan,generic plan — refine per leaf in FAZ A
Pet Shop › Köpek › Aksesuar › Tasma,Garanti,garanti,SINGLE_SELECT,false,false,false,true,true,false,false,,2,Yok;6 Ay;12 Ay;24 Ay,plan,generic
Pet Shop › Köpek › Aksesuar › Gezdirme Kayışı,Renk,renk,COLOR,false,true,true,true,true,false,true,,1,Siyah;Beyaz;Gri;Mavi;Kırmızı;Diğer,plan,generic plan — refine per leaf in FAZ A
Pet Shop › Köpek › Aksesuar › Gezdirme Kayışı,Garanti,garanti,SINGLE_SELECT,false,false,false,true,true,false,false,,2,Yok;6 Ay;12 Ay;24 Ay,plan,generic
Pet Shop › Köpek › Aksesuar › Göğüs Tasması,Renk,renk,COLOR,false,true,true,true,true,false,true,,1,Siyah;Beyaz;Gri;Mavi;Kırmızı;Diğer,plan,generic plan — refine per leaf in FAZ A
Pet Shop › Köpek › Aksesuar › Göğüs Tasması,Garanti,garanti,SINGLE_SELECT,false,false,false,true,true,false,false,,2,Yok;6 Ay;12 Ay;24 Ay,plan,generic
Pet Shop › Köpek › Aksesuar › Köpek Yatağı,Renk,renk,COLOR,false,true,true,true,true,false,true,,1,Siyah;Beyaz;Gri;Mavi;Kırmızı;Diğer,plan,generic plan — refine per leaf in FAZ A
Pet Shop › Köpek › Aksesuar › Köpek Yatağı,Garanti,garanti,SINGLE_SELECT,false,false,false,true,true,false,false,,2,Yok;6 Ay;12 Ay;24 Ay,plan,generic
Pet Shop › Köpek › Aksesuar › Taşıma Çantası,Renk,renk,COLOR,false,true,true,true,true,false,true,,1,Siyah;Beyaz;Gri;Mavi;Kırmızı;Diğer,plan,generic plan — refine per leaf in FAZ A
Pet Shop › Köpek › Aksesuar › Taşıma Çantası,Garanti,garanti,SINGLE_SELECT,false,false,false,true,true,false,false,,2,Yok;6 Ay;12 Ay;24 Ay,plan,generic
Pet Shop › Köpek › Aksesuar › Oyuncak,Renk,renk,COLOR,false,true,true,true,true,false,true,,1,Siyah;Beyaz;Gri;Mavi;Kırmızı;Diğer,plan,generic plan — refine per leaf in FAZ A
Pet Shop › Köpek › Aksesuar › Oyuncak,Garanti,garanti,SINGLE_SELECT,false,false,false,true,true,false,false,,2,Yok;6 Ay;12 Ay;24 Ay,plan,generic
Pet Shop › Köpek › Aksesuar › Köpek Kulübesi,Renk,renk,COLOR,false,true,true,true,true,false,true,,1,Siyah;Beyaz;Gri;Mavi;Kırmızı;Diğer,plan,generic plan — refine per leaf in FAZ A
Pet Shop › Köpek › Aksesuar › Köpek Kulübesi,Garanti,garanti,SINGLE_SELECT,false,false,false,true,true,false,false,,2,Yok;6 Ay;12 Ay;24 Ay,plan,generic
Pet Shop › Kuş ve Kemirgen › Kuş › Kuş Yemi,Renk,renk,COLOR,false,true,true,true,true,false,true,,1,Siyah;Beyaz;Gri;Mavi;Kırmızı;Diğer,plan,generic plan — refine per leaf in FAZ A
Pet Shop › Kuş ve Kemirgen › Kuş › Kuş Yemi,Garanti,garanti,SINGLE_SELECT,false,false,false,true,true,false,false,,2,Yok;6 Ay;12 Ay;24 Ay,plan,generic
Pet Shop › Kuş ve Kemirgen › Kuş › Kafes,Renk,renk,COLOR,false,true,true,true,true,false,true,,1,Siyah;Beyaz;Gri;Mavi;Kırmızı;Diğer,plan,generic plan — refine per leaf in FAZ A
Pet Shop › Kuş ve Kemirgen › Kuş › Kafes,Garanti,garanti,SINGLE_SELECT,false,false,false,true,true,false,false,,2,Yok;6 Ay;12 Ay;24 Ay,plan,generic
Pet Shop › Kuş ve Kemirgen › Kuş › Tünek,Renk,renk,COLOR,false,true,true,true,true,false,true,,1,Siyah;Beyaz;Gri;Mavi;Kırmızı;Diğer,plan,generic plan — refine per leaf in FAZ A
Pet Shop › Kuş ve Kemirgen › Kuş › Tünek,Garanti,garanti,SINGLE_SELECT,false,false,false,true,true,false,false,,2,Yok;6 Ay;12 Ay;24 Ay,plan,generic
Pet Shop › Kuş ve Kemirgen › Kuş › Suluk,Renk,renk,COLOR,false,true,true,true,true,false,true,,1,Siyah;Beyaz;Gri;Mavi;Kırmızı;Diğer,plan,generic plan — refine per leaf in FAZ A
Pet Shop › Kuş ve Kemirgen › Kuş › Suluk,Garanti,garanti,SINGLE_SELECT,false,false,false,true,true,false,false,,2,Yok;6 Ay;12 Ay;24 Ay,plan,generic
Pet Shop › Kuş ve Kemirgen › Kuş › Oyuncak,Renk,renk,COLOR,false,true,true,true,true,false,true,,1,Siyah;Beyaz;Gri;Mavi;Kırmızı;Diğer,plan,generic plan — refine per leaf in FAZ A
Pet Shop › Kuş ve Kemirgen › Kuş › Oyuncak,Garanti,garanti,SINGLE_SELECT,false,false,false,true,true,false,false,,2,Yok;6 Ay;12 Ay;24 Ay,plan,generic
Pet Shop › Kuş ve Kemirgen › Kemirgen › Kemirgen Yemi,Renk,renk,COLOR,false,true,true,true,true,false,true,,1,Siyah;Beyaz;Gri;Mavi;Kırmızı;Diğer,plan,generic plan — refine per leaf in FAZ A
Pet Shop › Kuş ve Kemirgen › Kemirgen › Kemirgen Yemi,Garanti,garanti,SINGLE_SELECT,false,false,false,true,true,false,false,,2,Yok;6 Ay;12 Ay;24 Ay,plan,generic
Pet Shop › Kuş ve Kemirgen › Kemirgen › Kafes,Renk,renk,COLOR,false,true,true,true,true,false,true,,1,Siyah;Beyaz;Gri;Mavi;Kırmızı;Diğer,plan,generic plan — refine per leaf in FAZ A
Pet Shop › Kuş ve Kemirgen › Kemirgen › Kafes,Garanti,garanti,SINGLE_SELECT,false,false,false,true,true,false,false,,2,Yok;6 Ay;12 Ay;24 Ay,plan,generic
Pet Shop › Kuş ve Kemirgen › Kemirgen › Talaş,Renk,renk,COLOR,false,true,true,true,true,false,true,,1,Siyah;Beyaz;Gri;Mavi;Kırmızı;Diğer,plan,generic plan — refine per leaf in FAZ A
Pet Shop › Kuş ve Kemirgen › Kemirgen › Talaş,Garanti,garanti,SINGLE_SELECT,false,false,false,true,true,false,false,,2,Yok;6 Ay;12 Ay;24 Ay,plan,generic
Pet Shop › Kuş ve Kemirgen › Kemirgen › Suluk,Renk,renk,COLOR,false,true,true,true,true,false,true,,1,Siyah;Beyaz;Gri;Mavi;Kırmızı;Diğer,plan,generic plan — refine per leaf in FAZ A
Pet Shop › Kuş ve Kemirgen › Kemirgen › Suluk,Garanti,garanti,SINGLE_SELECT,false,false,false,true,true,false,false,,2,Yok;6 Ay;12 Ay;24 Ay,plan,generic
Pet Shop › Kuş ve Kemirgen › Kemirgen › Oyuncak,Renk,renk,COLOR,false,true,true,true,true,false,true,,1,Siyah;Beyaz;Gri;Mavi;Kırmızı;Diğer,plan,generic plan — refine per leaf in FAZ A
Pet Shop › Kuş ve Kemirgen › Kemirgen › Oyuncak,Garanti,garanti,SINGLE_SELECT,false,false,false,true,true,false,false,,2,Yok;6 Ay;12 Ay;24 Ay,plan,generic
Pet Shop › Akvaryum › Akvaryum Ürünleri › Akvaryum,Renk,renk,COLOR,false,true,true,true,true,false,true,,1,Siyah;Beyaz;Gri;Mavi;Kırmızı;Diğer,plan,generic plan — refine per leaf in FAZ A
Pet Shop › Akvaryum › Akvaryum Ürünleri › Akvaryum,Garanti,garanti,SINGLE_SELECT,false,false,false,true,true,false,false,,2,Yok;6 Ay;12 Ay;24 Ay,plan,generic
Pet Shop › Akvaryum › Akvaryum Ürünleri › Filtre,Renk,renk,COLOR,false,true,true,true,true,false,true,,1,Siyah;Beyaz;Gri;Mavi;Kırmızı;Diğer,plan,generic plan — refine per leaf in FAZ A
Pet Shop › Akvaryum › Akvaryum Ürünleri › Filtre,Garanti,garanti,SINGLE_SELECT,false,false,false,true,true,false,false,,2,Yok;6 Ay;12 Ay;24 Ay,plan,generic
Pet Shop › Akvaryum › Akvaryum Ürünleri › Isıtıcı,Renk,renk,COLOR,false,true,true,true,true,false,true,,1,Siyah;Beyaz;Gri;Mavi;Kırmızı;Diğer,plan,generic plan — refine per leaf in FAZ A
Pet Shop › Akvaryum › Akvaryum Ürünleri › Isıtıcı,Garanti,garanti,SINGLE_SELECT,false,false,false,true,true,false,false,,2,Yok;6 Ay;12 Ay;24 Ay,plan,generic
Pet Shop › Akvaryum › Akvaryum Ürünleri › Hava Motoru,Renk,renk,COLOR,false,true,true,true,true,false,true,,1,Siyah;Beyaz;Gri;Mavi;Kırmızı;Diğer,plan,generic plan — refine per leaf in FAZ A
Pet Shop › Akvaryum › Akvaryum Ürünleri › Hava Motoru,Garanti,garanti,SINGLE_SELECT,false,false,false,true,true,false,false,,2,Yok;6 Ay;12 Ay;24 Ay,plan,generic
Pet Shop › Akvaryum › Akvaryum Ürünleri › Aydınlatma,Renk,renk,COLOR,false,true,true,true,true,false,true,,1,Siyah;Beyaz;Gri;Mavi;Kırmızı;Diğer,plan,generic plan — refine per leaf in FAZ A
Pet Shop › Akvaryum › Akvaryum Ürünleri › Aydınlatma,Garanti,garanti,SINGLE_SELECT,false,false,false,true,true,false,false,,2,Yok;6 Ay;12 Ay;24 Ay,plan,generic
Pet Shop › Akvaryum › Akvaryum Ürünleri › Balık Yemi,Renk,renk,COLOR,false,true,true,true,true,false,true,,1,Siyah;Beyaz;Gri;Mavi;Kırmızı;Diğer,plan,generic plan — refine per leaf in FAZ A
Pet Shop › Akvaryum › Akvaryum Ürünleri › Balık Yemi,Garanti,garanti,SINGLE_SELECT,false,false,false,true,true,false,false,,2,Yok;6 Ay;12 Ay;24 Ay,plan,generic
Pet Shop › Akvaryum › Akvaryum Ürünleri › Dekor,Renk,renk,COLOR,false,true,true,true,true,false,true,,1,Siyah;Beyaz;Gri;Mavi;Kırmızı;Diğer,plan,generic plan — refine per leaf in FAZ A
Pet Shop › Akvaryum › Akvaryum Ürünleri › Dekor,Garanti,garanti,SINGLE_SELECT,false,false,false,true,true,false,false,,2,Yok;6 Ay;12 Ay;24 Ay,plan,generic
Otomotiv Aksesuar › Araç İçi › Konfor › Koltuk Kılıfı,Renk,renk,COLOR,false,true,true,true,true,false,true,,1,Siyah;Beyaz;Gri;Mavi;Kırmızı;Diğer,plan,generic plan — refine per leaf in FAZ A
Otomotiv Aksesuar › Araç İçi › Konfor › Koltuk Kılıfı,Garanti,garanti,SINGLE_SELECT,false,false,false,true,true,false,false,,2,Yok;6 Ay;12 Ay;24 Ay,plan,generic
Otomotiv Aksesuar › Araç İçi › Konfor › Paspas,Renk,renk,COLOR,false,true,true,true,true,false,true,,1,Siyah;Beyaz;Gri;Mavi;Kırmızı;Diğer,plan,generic plan — refine per leaf in FAZ A
Otomotiv Aksesuar › Araç İçi › Konfor › Paspas,Garanti,garanti,SINGLE_SELECT,false,false,false,true,true,false,false,,2,Yok;6 Ay;12 Ay;24 Ay,plan,generic
Otomotiv Aksesuar › Araç İçi › Konfor › Direksiyon Kılıfı,Renk,renk,COLOR,false,true,true,true,true,false,true,,1,Siyah;Beyaz;Gri;Mavi;Kırmızı;Diğer,plan,generic plan — refine per leaf in FAZ A
Otomotiv Aksesuar › Araç İçi › Konfor › Direksiyon Kılıfı,Garanti,garanti,SINGLE_SELECT,false,false,false,true,true,false,false,,2,Yok;6 Ay;12 Ay;24 Ay,plan,generic
Otomotiv Aksesuar › Araç İçi › Konfor › Güneşlik,Renk,renk,COLOR,false,true,true,true,true,false,true,,1,Siyah;Beyaz;Gri;Mavi;Kırmızı;Diğer,plan,generic plan — refine per leaf in FAZ A
Otomotiv Aksesuar › Araç İçi › Konfor › Güneşlik,Garanti,garanti,SINGLE_SELECT,false,false,false,true,true,false,false,,2,Yok;6 Ay;12 Ay;24 Ay,plan,generic
Otomotiv Aksesuar › Araç İçi › Konfor › Organizer,Renk,renk,COLOR,false,true,true,true,true,false,true,,1,Siyah;Beyaz;Gri;Mavi;Kırmızı;Diğer,plan,generic plan — refine per leaf in FAZ A
Otomotiv Aksesuar › Araç İçi › Konfor › Organizer,Garanti,garanti,SINGLE_SELECT,false,false,false,true,true,false,false,,2,Yok;6 Ay;12 Ay;24 Ay,plan,generic
Otomotiv Aksesuar › Araç İçi › Konfor › Araç İçi Buzdolabı,Renk,renk,COLOR,false,true,true,true,true,false,true,,1,Siyah;Beyaz;Gri;Mavi;Kırmızı;Diğer,plan,generic plan — refine per leaf in FAZ A
Otomotiv Aksesuar › Araç İçi › Konfor › Araç İçi Buzdolabı,Garanti,garanti,SINGLE_SELECT,false,false,false,true,true,false,false,,2,Yok;6 Ay;12 Ay;24 Ay,plan,generic
Otomotiv Aksesuar › Araç İçi › Elektronik › Araç Kamerası,Renk,renk,COLOR,false,true,true,true,true,false,true,,1,Siyah;Beyaz;Gri;Mavi;Kırmızı;Diğer,plan,generic plan — refine per leaf in FAZ A
Otomotiv Aksesuar › Araç İçi › Elektronik › Araç Kamerası,Garanti,garanti,SINGLE_SELECT,false,false,false,true,true,false,false,,2,Yok;6 Ay;12 Ay;24 Ay,plan,generic
Otomotiv Aksesuar › Araç İçi › Elektronik › Multimedya Sistemi,Renk,renk,COLOR,false,true,true,true,true,false,true,,1,Siyah;Beyaz;Gri;Mavi;Kırmızı;Diğer,plan,generic plan — refine per leaf in FAZ A
Otomotiv Aksesuar › Araç İçi › Elektronik › Multimedya Sistemi,Garanti,garanti,SINGLE_SELECT,false,false,false,true,true,false,false,,2,Yok;6 Ay;12 Ay;24 Ay,plan,generic
Otomotiv Aksesuar › Araç İçi › Elektronik › Navigasyon,Renk,renk,COLOR,false,true,true,true,true,false,true,,1,Siyah;Beyaz;Gri;Mavi;Kırmızı;Diğer,plan,generic plan — refine per leaf in FAZ A
Otomotiv Aksesuar › Araç İçi › Elektronik › Navigasyon,Garanti,garanti,SINGLE_SELECT,false,false,false,true,true,false,false,,2,Yok;6 Ay;12 Ay;24 Ay,plan,generic
Otomotiv Aksesuar › Araç İçi › Elektronik › FM Transmitter,Renk,renk,COLOR,false,true,true,true,true,false,true,,1,Siyah;Beyaz;Gri;Mavi;Kırmızı;Diğer,plan,generic plan — refine per leaf in FAZ A
Otomotiv Aksesuar › Araç İçi › Elektronik › FM Transmitter,Garanti,garanti,SINGLE_SELECT,false,false,false,true,true,false,false,,2,Yok;6 Ay;12 Ay;24 Ay,plan,generic
Otomotiv Aksesuar › Araç İçi › Elektronik › Araç Şarj Cihazı,Renk,renk,COLOR,false,true,true,true,true,false,true,,1,Siyah;Beyaz;Gri;Mavi;Kırmızı;Diğer,plan,generic plan — refine per leaf in FAZ A
Otomotiv Aksesuar › Araç İçi › Elektronik › Araç Şarj Cihazı,Garanti,garanti,SINGLE_SELECT,false,false,false,true,true,false,false,,2,Yok;6 Ay;12 Ay;24 Ay,plan,generic
Otomotiv Aksesuar › Araç İçi › Elektronik › Park Sensörü,Renk,renk,COLOR,false,true,true,true,true,false,true,,1,Siyah;Beyaz;Gri;Mavi;Kırmızı;Diğer,plan,generic plan — refine per leaf in FAZ A
Otomotiv Aksesuar › Araç İçi › Elektronik › Park Sensörü,Garanti,garanti,SINGLE_SELECT,false,false,false,true,true,false,false,,2,Yok;6 Ay;12 Ay;24 Ay,plan,generic
Otomotiv Aksesuar › Araç İçi › Elektronik › Geri Görüş Kamerası,Renk,renk,COLOR,false,true,true,true,true,false,true,,1,Siyah;Beyaz;Gri;Mavi;Kırmızı;Diğer,plan,generic plan — refine per leaf in FAZ A
Otomotiv Aksesuar › Araç İçi › Elektronik › Geri Görüş Kamerası,Garanti,garanti,SINGLE_SELECT,false,false,false,true,true,false,false,,2,Yok;6 Ay;12 Ay;24 Ay,plan,generic
Otomotiv Aksesuar › Araç Dışı › Koruma ve Görünüm › Araç Brandası,Renk,renk,COLOR,false,true,true,true,true,false,true,,1,Siyah;Beyaz;Gri;Mavi;Kırmızı;Diğer,plan,generic plan — refine per leaf in FAZ A
Otomotiv Aksesuar › Araç Dışı › Koruma ve Görünüm › Araç Brandası,Garanti,garanti,SINGLE_SELECT,false,false,false,true,true,false,false,,2,Yok;6 Ay;12 Ay;24 Ay,plan,generic
Otomotiv Aksesuar › Araç Dışı › Koruma ve Görünüm › Kapı Koruyucu,Renk,renk,COLOR,false,true,true,true,true,false,true,,1,Siyah;Beyaz;Gri;Mavi;Kırmızı;Diğer,plan,generic plan — refine per leaf in FAZ A
Otomotiv Aksesuar › Araç Dışı › Koruma ve Görünüm › Kapı Koruyucu,Garanti,garanti,SINGLE_SELECT,false,false,false,true,true,false,false,,2,Yok;6 Ay;12 Ay;24 Ay,plan,generic
Otomotiv Aksesuar › Araç Dışı › Koruma ve Görünüm › Çamurluk,Renk,renk,COLOR,false,true,true,true,true,false,true,,1,Siyah;Beyaz;Gri;Mavi;Kırmızı;Diğer,plan,generic plan — refine per leaf in FAZ A
Otomotiv Aksesuar › Araç Dışı › Koruma ve Görünüm › Çamurluk,Garanti,garanti,SINGLE_SELECT,false,false,false,true,true,false,false,,2,Yok;6 Ay;12 Ay;24 Ay,plan,generic
Otomotiv Aksesuar › Araç Dışı › Koruma ve Görünüm › Spoiler,Renk,renk,COLOR,false,true,true,true,true,false,true,,1,Siyah;Beyaz;Gri;Mavi;Kırmızı;Diğer,plan,generic plan — refine per leaf in FAZ A
Otomotiv Aksesuar › Araç Dışı › Koruma ve Görünüm › Spoiler,Garanti,garanti,SINGLE_SELECT,false,false,false,true,true,false,false,,2,Yok;6 Ay;12 Ay;24 Ay,plan,generic
Otomotiv Aksesuar › Araç Dışı › Koruma ve Görünüm › Rüzgarlık,Renk,renk,COLOR,false,true,true,true,true,false,true,,1,Siyah;Beyaz;Gri;Mavi;Kırmızı;Diğer,plan,generic plan — refine per leaf in FAZ A
Otomotiv Aksesuar › Araç Dışı › Koruma ve Görünüm › Rüzgarlık,Garanti,garanti,SINGLE_SELECT,false,false,false,true,true,false,false,,2,Yok;6 Ay;12 Ay;24 Ay,plan,generic
Otomotiv Aksesuar › Araç Dışı › Koruma ve Görünüm › Sticker ve Folyo,Renk,renk,COLOR,false,true,true,true,true,false,true,,1,Siyah;Beyaz;Gri;Mavi;Kırmızı;Diğer,plan,generic plan — refine per leaf in FAZ A
Otomotiv Aksesuar › Araç Dışı › Koruma ve Görünüm › Sticker ve Folyo,Garanti,garanti,SINGLE_SELECT,false,false,false,true,true,false,false,,2,Yok;6 Ay;12 Ay;24 Ay,plan,generic
Otomotiv Aksesuar › Araç Dışı › Taşıma › Tavan Barı,Renk,renk,COLOR,false,true,true,true,true,false,true,,1,Siyah;Beyaz;Gri;Mavi;Kırmızı;Diğer,plan,generic plan — refine per leaf in FAZ A
Otomotiv Aksesuar › Araç Dışı › Taşıma › Tavan Barı,Garanti,garanti,SINGLE_SELECT,false,false,false,true,true,false,false,,2,Yok;6 Ay;12 Ay;24 Ay,plan,generic
Otomotiv Aksesuar › Araç Dışı › Taşıma › Port Bagaj,Renk,renk,COLOR,false,true,true,true,true,false,true,,1,Siyah;Beyaz;Gri;Mavi;Kırmızı;Diğer,plan,generic plan — refine per leaf in FAZ A
Otomotiv Aksesuar › Araç Dışı › Taşıma › Port Bagaj,Garanti,garanti,SINGLE_SELECT,false,false,false,true,true,false,false,,2,Yok;6 Ay;12 Ay;24 Ay,plan,generic
Otomotiv Aksesuar › Araç Dışı › Taşıma › Bisiklet Taşıyıcı,Bisiklet Tipi,bisiklet-tipi,SINGLE_SELECT,true,true,true,true,true,true,false,,1,Dağ;Şehir;Yol;Katlanır;Çocuk;Elektrikli,plan,DB leaf currently missing attrs
Otomotiv Aksesuar › Araç Dışı › Taşıma › Bisiklet Taşıyıcı,Kadro Boyu,kadro-boyu,SINGLE_SELECT,false,true,true,true,true,true,false,,2,,plan,DB leaf currently missing attrs
Otomotiv Aksesuar › Araç Dışı › Taşıma › Bisiklet Taşıyıcı,Jant Çapı,jant-capi,SINGLE_SELECT,false,true,true,true,true,true,false,inç,3,20;24;26;27.5;28;29,plan,DB leaf currently missing attrs
Otomotiv Aksesuar › Araç Dışı › Taşıma › Bisiklet Taşıyıcı,Kadro Malzemesi,kadro-malzemesi,SINGLE_SELECT,false,true,true,true,true,true,false,,4,Alüminyum;Çelik;Karbon;Diğer,plan,DB leaf currently missing attrs
Otomotiv Aksesuar › Araç Dışı › Taşıma › Bisiklet Taşıyıcı,Vites Sayısı,vites-sayisi,SINGLE_SELECT,false,true,true,true,true,true,false,,5,Tek;3;7;18;21;24;27,plan,DB leaf currently missing attrs
Otomotiv Aksesuar › Araç Dışı › Taşıma › Bisiklet Taşıyıcı,Fren Tipi,fren-tipi,SINGLE_SELECT,false,true,true,true,true,true,false,,6,V-Brake;Disk;Hidrolik Disk,plan,DB leaf currently missing attrs
Otomotiv Aksesuar › Araç Dışı › Taşıma › Bisiklet Taşıyıcı,Renk,renk,COLOR,false,true,true,true,true,true,true,,7,Siyah;Beyaz;Kırmızı;Mavi;Diğer,plan,DB leaf currently missing attrs
Otomotiv Aksesuar › Araç Dışı › Taşıma › Bisiklet Taşıyıcı,Elektrikli,elektrikli,BOOLEAN,false,true,true,true,true,true,false,,8,,plan,DB leaf currently missing attrs
Otomotiv Aksesuar › Araç Dışı › Taşıma › Bisiklet Taşıyıcı,Garanti,garanti,SINGLE_SELECT,false,false,true,true,true,true,false,,9,12 Ay;24 Ay,plan,DB leaf currently missing attrs
Otomotiv Aksesuar › Araç Dışı › Taşıma › Çeki Demiri,Renk,renk,COLOR,false,true,true,true,true,false,true,,1,Siyah;Beyaz;Gri;Mavi;Kırmızı;Diğer,plan,generic plan — refine per leaf in FAZ A
Otomotiv Aksesuar › Araç Dışı › Taşıma › Çeki Demiri,Garanti,garanti,SINGLE_SELECT,false,false,false,true,true,false,false,,2,Yok;6 Ay;12 Ay;24 Ay,plan,generic
Otomotiv Aksesuar › Bakım ve Temizlik › Temizlik › Oto Şampuanı,Renk,renk,COLOR,false,true,true,true,true,false,true,,1,Siyah;Beyaz;Gri;Mavi;Kırmızı;Diğer,plan,generic plan — refine per leaf in FAZ A
Otomotiv Aksesuar › Bakım ve Temizlik › Temizlik › Oto Şampuanı,Garanti,garanti,SINGLE_SELECT,false,false,false,true,true,false,false,,2,Yok;6 Ay;12 Ay;24 Ay,plan,generic
Otomotiv Aksesuar › Bakım ve Temizlik › Temizlik › Cila,Renk,renk,COLOR,false,true,true,true,true,false,true,,1,Siyah;Beyaz;Gri;Mavi;Kırmızı;Diğer,plan,generic plan — refine per leaf in FAZ A
Otomotiv Aksesuar › Bakım ve Temizlik › Temizlik › Cila,Garanti,garanti,SINGLE_SELECT,false,false,false,true,true,false,false,,2,Yok;6 Ay;12 Ay;24 Ay,plan,generic
Otomotiv Aksesuar › Bakım ve Temizlik › Temizlik › Seramik Kaplama,Renk,renk,COLOR,false,true,true,true,true,false,true,,1,Siyah;Beyaz;Gri;Mavi;Kırmızı;Diğer,plan,generic plan — refine per leaf in FAZ A
Otomotiv Aksesuar › Bakım ve Temizlik › Temizlik › Seramik Kaplama,Garanti,garanti,SINGLE_SELECT,false,false,false,true,true,false,false,,2,Yok;6 Ay;12 Ay;24 Ay,plan,generic
Otomotiv Aksesuar › Bakım ve Temizlik › Temizlik › Jant Temizleyici,Renk,renk,COLOR,false,true,true,true,true,false,true,,1,Siyah;Beyaz;Gri;Mavi;Kırmızı;Diğer,plan,generic plan — refine per leaf in FAZ A
Otomotiv Aksesuar › Bakım ve Temizlik › Temizlik › Jant Temizleyici,Garanti,garanti,SINGLE_SELECT,false,false,false,true,true,false,false,,2,Yok;6 Ay;12 Ay;24 Ay,plan,generic
Otomotiv Aksesuar › Bakım ve Temizlik › Temizlik › Mikrofiber Bez,Renk,renk,COLOR,false,true,true,true,true,false,true,,1,Siyah;Beyaz;Gri;Mavi;Kırmızı;Diğer,plan,generic plan — refine per leaf in FAZ A
Otomotiv Aksesuar › Bakım ve Temizlik › Temizlik › Mikrofiber Bez,Garanti,garanti,SINGLE_SELECT,false,false,false,true,true,false,false,,2,Yok;6 Ay;12 Ay;24 Ay,plan,generic
Otomotiv Aksesuar › Bakım ve Temizlik › Temizlik › Araç Süpürgesi,Renk,renk,COLOR,false,true,true,true,true,false,true,,1,Siyah;Beyaz;Gri;Mavi;Kırmızı;Diğer,plan,generic plan — refine per leaf in FAZ A
Otomotiv Aksesuar › Bakım ve Temizlik › Temizlik › Araç Süpürgesi,Garanti,garanti,SINGLE_SELECT,false,false,false,true,true,false,false,,2,Yok;6 Ay;12 Ay;24 Ay,plan,generic
Otomotiv Aksesuar › Bakım ve Temizlik › Bakım › Motor Yağı,Renk,renk,COLOR,false,true,true,true,true,false,true,,1,Siyah;Beyaz;Gri;Mavi;Kırmızı;Diğer,plan,generic plan — refine per leaf in FAZ A
Otomotiv Aksesuar › Bakım ve Temizlik › Bakım › Motor Yağı,Garanti,garanti,SINGLE_SELECT,false,false,false,true,true,false,false,,2,Yok;6 Ay;12 Ay;24 Ay,plan,generic
Otomotiv Aksesuar › Bakım ve Temizlik › Bakım › Antifriz,Renk,renk,COLOR,false,true,true,true,true,false,true,,1,Siyah;Beyaz;Gri;Mavi;Kırmızı;Diğer,plan,generic plan — refine per leaf in FAZ A
Otomotiv Aksesuar › Bakım ve Temizlik › Bakım › Antifriz,Garanti,garanti,SINGLE_SELECT,false,false,false,true,true,false,false,,2,Yok;6 Ay;12 Ay;24 Ay,plan,generic
Otomotiv Aksesuar › Bakım ve Temizlik › Bakım › Cam Suyu,Renk,renk,COLOR,false,true,true,true,true,false,true,,1,Siyah;Beyaz;Gri;Mavi;Kırmızı;Diğer,plan,generic plan — refine per leaf in FAZ A
Otomotiv Aksesuar › Bakım ve Temizlik › Bakım › Cam Suyu,Garanti,garanti,SINGLE_SELECT,false,false,false,true,true,false,false,,2,Yok;6 Ay;12 Ay;24 Ay,plan,generic
Otomotiv Aksesuar › Bakım ve Temizlik › Bakım › Katkı Ürünleri,Renk,renk,COLOR,false,true,true,true,true,false,true,,1,Siyah;Beyaz;Gri;Mavi;Kırmızı;Diğer,plan,generic plan — refine per leaf in FAZ A
Otomotiv Aksesuar › Bakım ve Temizlik › Bakım › Katkı Ürünleri,Garanti,garanti,SINGLE_SELECT,false,false,false,true,true,false,false,,2,Yok;6 Ay;12 Ay;24 Ay,plan,generic
Otomotiv Aksesuar › Bakım ve Temizlik › Bakım › Akü Şarj Cihazı,Renk,renk,COLOR,false,true,true,true,true,false,true,,1,Siyah;Beyaz;Gri;Mavi;Kırmızı;Diğer,plan,generic plan — refine per leaf in FAZ A
Otomotiv Aksesuar › Bakım ve Temizlik › Bakım › Akü Şarj Cihazı,Garanti,garanti,SINGLE_SELECT,false,false,false,true,true,false,false,,2,Yok;6 Ay;12 Ay;24 Ay,plan,generic
Otomotiv Aksesuar › Yedek Parça ve Ekipman › Temel Parça › Akü,Renk,renk,COLOR,false,true,true,true,true,false,true,,1,Siyah;Beyaz;Gri;Mavi;Kırmızı;Diğer,plan,generic plan — refine per leaf in FAZ A
Otomotiv Aksesuar › Yedek Parça ve Ekipman › Temel Parça › Akü,Garanti,garanti,SINGLE_SELECT,false,false,false,true,true,false,false,,2,Yok;6 Ay;12 Ay;24 Ay,plan,generic
Otomotiv Aksesuar › Yedek Parça ve Ekipman › Temel Parça › Silecek,Renk,renk,COLOR,false,true,true,true,true,false,true,,1,Siyah;Beyaz;Gri;Mavi;Kırmızı;Diğer,plan,generic plan — refine per leaf in FAZ A
Otomotiv Aksesuar › Yedek Parça ve Ekipman › Temel Parça › Silecek,Garanti,garanti,SINGLE_SELECT,false,false,false,true,true,false,false,,2,Yok;6 Ay;12 Ay;24 Ay,plan,generic
Otomotiv Aksesuar › Yedek Parça ve Ekipman › Temel Parça › Ampul,Renk,renk,COLOR,false,true,true,true,true,false,true,,1,Siyah;Beyaz;Gri;Mavi;Kırmızı;Diğer,plan,generic plan — refine per leaf in FAZ A
Otomotiv Aksesuar › Yedek Parça ve Ekipman › Temel Parça › Ampul,Garanti,garanti,SINGLE_SELECT,false,false,false,true,true,false,false,,2,Yok;6 Ay;12 Ay;24 Ay,plan,generic
Otomotiv Aksesuar › Yedek Parça ve Ekipman › Temel Parça › Filtre,Renk,renk,COLOR,false,true,true,true,true,false,true,,1,Siyah;Beyaz;Gri;Mavi;Kırmızı;Diğer,plan,generic plan — refine per leaf in FAZ A
Otomotiv Aksesuar › Yedek Parça ve Ekipman › Temel Parça › Filtre,Garanti,garanti,SINGLE_SELECT,false,false,false,true,true,false,false,,2,Yok;6 Ay;12 Ay;24 Ay,plan,generic
Otomotiv Aksesuar › Yedek Parça ve Ekipman › Temel Parça › Buji,Renk,renk,COLOR,false,true,true,true,true,false,true,,1,Siyah;Beyaz;Gri;Mavi;Kırmızı;Diğer,plan,generic plan — refine per leaf in FAZ A
Otomotiv Aksesuar › Yedek Parça ve Ekipman › Temel Parça › Buji,Garanti,garanti,SINGLE_SELECT,false,false,false,true,true,false,false,,2,Yok;6 Ay;12 Ay;24 Ay,plan,generic
Otomotiv Aksesuar › Yedek Parça ve Ekipman › Temel Parça › Fren Balatası,Renk,renk,COLOR,false,true,true,true,true,false,true,,1,Siyah;Beyaz;Gri;Mavi;Kırmızı;Diğer,plan,generic plan — refine per leaf in FAZ A
Otomotiv Aksesuar › Yedek Parça ve Ekipman › Temel Parça › Fren Balatası,Garanti,garanti,SINGLE_SELECT,false,false,false,true,true,false,false,,2,Yok;6 Ay;12 Ay;24 Ay,plan,generic
Otomotiv Aksesuar › Yedek Parça ve Ekipman › Temel Parça › Debriyaj Seti,Renk,renk,COLOR,false,true,true,true,true,false,true,,1,Siyah;Beyaz;Gri;Mavi;Kırmızı;Diğer,plan,generic plan — refine per leaf in FAZ A
Otomotiv Aksesuar › Yedek Parça ve Ekipman › Temel Parça › Debriyaj Seti,Garanti,garanti,SINGLE_SELECT,false,false,false,true,true,false,false,,2,Yok;6 Ay;12 Ay;24 Ay,plan,generic
Otomotiv Aksesuar › Yedek Parça ve Ekipman › Lastik ve Jant › Otomobil Lastiği,Renk,renk,COLOR,false,true,true,true,true,false,true,,1,Siyah;Beyaz;Gri;Mavi;Kırmızı;Diğer,plan,generic plan — refine per leaf in FAZ A
Otomotiv Aksesuar › Yedek Parça ve Ekipman › Lastik ve Jant › Otomobil Lastiği,Garanti,garanti,SINGLE_SELECT,false,false,false,true,true,false,false,,2,Yok;6 Ay;12 Ay;24 Ay,plan,generic
Otomotiv Aksesuar › Yedek Parça ve Ekipman › Lastik ve Jant › SUV Lastiği,Renk,renk,COLOR,false,true,true,true,true,false,true,,1,Siyah;Beyaz;Gri;Mavi;Kırmızı;Diğer,plan,generic plan — refine per leaf in FAZ A
Otomotiv Aksesuar › Yedek Parça ve Ekipman › Lastik ve Jant › SUV Lastiği,Garanti,garanti,SINGLE_SELECT,false,false,false,true,true,false,false,,2,Yok;6 Ay;12 Ay;24 Ay,plan,generic
Otomotiv Aksesuar › Yedek Parça ve Ekipman › Lastik ve Jant › Motosiklet Lastiği,Renk,renk,COLOR,false,true,true,true,true,false,true,,1,Siyah;Beyaz;Gri;Mavi;Kırmızı;Diğer,plan,generic plan — refine per leaf in FAZ A
Otomotiv Aksesuar › Yedek Parça ve Ekipman › Lastik ve Jant › Motosiklet Lastiği,Garanti,garanti,SINGLE_SELECT,false,false,false,true,true,false,false,,2,Yok;6 Ay;12 Ay;24 Ay,plan,generic
Otomotiv Aksesuar › Yedek Parça ve Ekipman › Lastik ve Jant › Jant,Renk,renk,COLOR,false,true,true,true,true,false,true,,1,Siyah;Beyaz;Gri;Mavi;Kırmızı;Diğer,plan,generic plan — refine per leaf in FAZ A
Otomotiv Aksesuar › Yedek Parça ve Ekipman › Lastik ve Jant › Jant,Garanti,garanti,SINGLE_SELECT,false,false,false,true,true,false,false,,2,Yok;6 Ay;12 Ay;24 Ay,plan,generic
Otomotiv Aksesuar › Yedek Parça ve Ekipman › Lastik ve Jant › Jant Kapağı,Renk,renk,COLOR,false,true,true,true,true,false,true,,1,Siyah;Beyaz;Gri;Mavi;Kırmızı;Diğer,plan,generic plan — refine per leaf in FAZ A
Otomotiv Aksesuar › Yedek Parça ve Ekipman › Lastik ve Jant › Jant Kapağı,Garanti,garanti,SINGLE_SELECT,false,false,false,true,true,false,false,,2,Yok;6 Ay;12 Ay;24 Ay,plan,generic
Otomotiv Aksesuar › Yedek Parça ve Ekipman › Lastik ve Jant › Kar Zinciri,Renk,renk,COLOR,false,true,true,true,true,false,true,,1,Siyah;Beyaz;Gri;Mavi;Kırmızı;Diğer,plan,generic plan — refine per leaf in FAZ A
Otomotiv Aksesuar › Yedek Parça ve Ekipman › Lastik ve Jant › Kar Zinciri,Garanti,garanti,SINGLE_SELECT,false,false,false,true,true,false,false,,2,Yok;6 Ay;12 Ay;24 Ay,plan,generic
Otomotiv Aksesuar › Yedek Parça ve Ekipman › Acil Durum › İlk Yardım Seti,Renk,renk,COLOR,false,true,true,true,true,false,true,,1,Siyah;Beyaz;Gri;Mavi;Kırmızı;Diğer,plan,generic plan — refine per leaf in FAZ A
Otomotiv Aksesuar › Yedek Parça ve Ekipman › Acil Durum › İlk Yardım Seti,Garanti,garanti,SINGLE_SELECT,false,false,false,true,true,false,false,,2,Yok;6 Ay;12 Ay;24 Ay,plan,generic
Otomotiv Aksesuar › Yedek Parça ve Ekipman › Acil Durum › Yangın Söndürücü,Renk,renk,COLOR,false,true,true,true,true,false,true,,1,Siyah;Beyaz;Gri;Mavi;Kırmızı;Diğer,plan,generic plan — refine per leaf in FAZ A
Otomotiv Aksesuar › Yedek Parça ve Ekipman › Acil Durum › Yangın Söndürücü,Garanti,garanti,SINGLE_SELECT,false,false,false,true,true,false,false,,2,Yok;6 Ay;12 Ay;24 Ay,plan,generic
Otomotiv Aksesuar › Yedek Parça ve Ekipman › Acil Durum › Reflektör,Renk,renk,COLOR,false,true,true,true,true,false,true,,1,Siyah;Beyaz;Gri;Mavi;Kırmızı;Diğer,plan,generic plan — refine per leaf in FAZ A
Otomotiv Aksesuar › Yedek Parça ve Ekipman › Acil Durum › Reflektör,Garanti,garanti,SINGLE_SELECT,false,false,false,true,true,false,false,,2,Yok;6 Ay;12 Ay;24 Ay,plan,generic
Otomotiv Aksesuar › Yedek Parça ve Ekipman › Acil Durum › Takviye Kablosu,Renk,renk,COLOR,false,true,true,true,true,false,true,,1,Siyah;Beyaz;Gri;Mavi;Kırmızı;Diğer,plan,generic plan — refine per leaf in FAZ A
Otomotiv Aksesuar › Yedek Parça ve Ekipman › Acil Durum › Takviye Kablosu,Garanti,garanti,SINGLE_SELECT,false,false,false,true,true,false,false,,2,Yok;6 Ay;12 Ay;24 Ay,plan,generic
Otomotiv Aksesuar › Yedek Parça ve Ekipman › Acil Durum › Kriko,Renk,renk,COLOR,false,true,true,true,true,false,true,,1,Siyah;Beyaz;Gri;Mavi;Kırmızı;Diğer,plan,generic plan — refine per leaf in FAZ A
Otomotiv Aksesuar › Yedek Parça ve Ekipman › Acil Durum › Kriko,Garanti,garanti,SINGLE_SELECT,false,false,false,true,true,false,false,,2,Yok;6 Ay;12 Ay;24 Ay,plan,generic
Otomotiv Aksesuar › Yedek Parça ve Ekipman › Acil Durum › Çekme Halatı,Renk,renk,COLOR,false,true,true,true,true,false,true,,1,Siyah;Beyaz;Gri;Mavi;Kırmızı;Diğer,plan,generic plan — refine per leaf in FAZ A
Otomotiv Aksesuar › Yedek Parça ve Ekipman › Acil Durum › Çekme Halatı,Garanti,garanti,SINGLE_SELECT,false,false,false,true,true,false,false,,2,Yok;6 Ay;12 Ay;24 Ay,plan,generic
Otomotiv Aksesuar › Motosiklet Aksesuar › Sürüş Ekipmanı › Motosiklet Kaskı,Renk,renk,COLOR,false,true,true,true,true,false,true,,1,Siyah;Beyaz;Gri;Mavi;Kırmızı;Diğer,plan,generic plan — refine per leaf in FAZ A
Otomotiv Aksesuar › Motosiklet Aksesuar › Sürüş Ekipmanı › Motosiklet Kaskı,Garanti,garanti,SINGLE_SELECT,false,false,false,true,true,false,false,,2,Yok;6 Ay;12 Ay;24 Ay,plan,generic
Otomotiv Aksesuar › Motosiklet Aksesuar › Sürüş Ekipmanı › Motosiklet Montu,Renk,renk,COLOR,false,true,true,true,true,false,true,,1,Siyah;Beyaz;Gri;Mavi;Kırmızı;Diğer,plan,generic plan — refine per leaf in FAZ A
Otomotiv Aksesuar › Motosiklet Aksesuar › Sürüş Ekipmanı › Motosiklet Montu,Garanti,garanti,SINGLE_SELECT,false,false,false,true,true,false,false,,2,Yok;6 Ay;12 Ay;24 Ay,plan,generic
Otomotiv Aksesuar › Motosiklet Aksesuar › Sürüş Ekipmanı › Eldiven,Renk,renk,COLOR,false,true,true,true,true,false,true,,1,Siyah;Beyaz;Gri;Mavi;Kırmızı;Diğer,plan,generic plan — refine per leaf in FAZ A
Otomotiv Aksesuar › Motosiklet Aksesuar › Sürüş Ekipmanı › Eldiven,Garanti,garanti,SINGLE_SELECT,false,false,false,true,true,false,false,,2,Yok;6 Ay;12 Ay;24 Ay,plan,generic
Otomotiv Aksesuar › Motosiklet Aksesuar › Sürüş Ekipmanı › Dizlik,Renk,renk,COLOR,false,true,true,true,true,false,true,,1,Siyah;Beyaz;Gri;Mavi;Kırmızı;Diğer,plan,generic plan — refine per leaf in FAZ A
Otomotiv Aksesuar › Motosiklet Aksesuar › Sürüş Ekipmanı › Dizlik,Garanti,garanti,SINGLE_SELECT,false,false,false,true,true,false,false,,2,Yok;6 Ay;12 Ay;24 Ay,plan,generic
Otomotiv Aksesuar › Motosiklet Aksesuar › Sürüş Ekipmanı › Bot,Renk,renk,COLOR,false,true,true,true,true,false,true,,1,Siyah;Beyaz;Gri;Mavi;Kırmızı;Diğer,plan,generic plan — refine per leaf in FAZ A
Otomotiv Aksesuar › Motosiklet Aksesuar › Sürüş Ekipmanı › Bot,Garanti,garanti,SINGLE_SELECT,false,false,false,true,true,false,false,,2,Yok;6 Ay;12 Ay;24 Ay,plan,generic
Otomotiv Aksesuar › Motosiklet Aksesuar › Sürüş Ekipmanı › Yağmurluk,Renk,renk,COLOR,false,true,true,true,true,false,true,,1,Siyah;Beyaz;Gri;Mavi;Kırmızı;Diğer,plan,generic plan — refine per leaf in FAZ A
Otomotiv Aksesuar › Motosiklet Aksesuar › Sürüş Ekipmanı › Yağmurluk,Garanti,garanti,SINGLE_SELECT,false,false,false,true,true,false,false,,2,Yok;6 Ay;12 Ay;24 Ay,plan,generic
Otomotiv Aksesuar › Motosiklet Aksesuar › Motosiklet Parça › Motosiklet Çantası,Renk,renk,COLOR,false,true,true,true,true,false,true,,1,Siyah;Beyaz;Gri;Mavi;Kırmızı;Diğer,plan,generic plan — refine per leaf in FAZ A
Otomotiv Aksesuar › Motosiklet Aksesuar › Motosiklet Parça › Motosiklet Çantası,Garanti,garanti,SINGLE_SELECT,false,false,false,true,true,false,false,,2,Yok;6 Ay;12 Ay;24 Ay,plan,generic
Otomotiv Aksesuar › Motosiklet Aksesuar › Motosiklet Parça › Telefon Tutucu,Renk,renk,COLOR,false,true,true,true,true,false,true,,1,Siyah;Beyaz;Gri;Mavi;Kırmızı;Diğer,plan,generic plan — refine per leaf in FAZ A
Otomotiv Aksesuar › Motosiklet Aksesuar › Motosiklet Parça › Telefon Tutucu,Garanti,garanti,SINGLE_SELECT,false,false,false,true,true,false,false,,2,Yok;6 Ay;12 Ay;24 Ay,plan,generic
Otomotiv Aksesuar › Motosiklet Aksesuar › Motosiklet Parça › Branda,Renk,renk,COLOR,false,true,true,true,true,false,true,,1,Siyah;Beyaz;Gri;Mavi;Kırmızı;Diğer,plan,generic plan — refine per leaf in FAZ A
Otomotiv Aksesuar › Motosiklet Aksesuar › Motosiklet Parça › Branda,Garanti,garanti,SINGLE_SELECT,false,false,false,true,true,false,false,,2,Yok;6 Ay;12 Ay;24 Ay,plan,generic
Otomotiv Aksesuar › Motosiklet Aksesuar › Motosiklet Parça › Egzoz,Renk,renk,COLOR,false,true,true,true,true,false,true,,1,Siyah;Beyaz;Gri;Mavi;Kırmızı;Diğer,plan,generic plan — refine per leaf in FAZ A
Otomotiv Aksesuar › Motosiklet Aksesuar › Motosiklet Parça › Egzoz,Garanti,garanti,SINGLE_SELECT,false,false,false,true,true,false,false,,2,Yok;6 Ay;12 Ay;24 Ay,plan,generic
Otomotiv Aksesuar › Motosiklet Aksesuar › Motosiklet Parça › Ayna,Renk,renk,COLOR,false,true,true,true,true,false,true,,1,Siyah;Beyaz;Gri;Mavi;Kırmızı;Diğer,plan,generic plan — refine per leaf in FAZ A
Otomotiv Aksesuar › Motosiklet Aksesuar › Motosiklet Parça › Ayna,Garanti,garanti,SINGLE_SELECT,false,false,false,true,true,false,false,,2,Yok;6 Ay;12 Ay;24 Ay,plan,generic
Otomotiv Aksesuar › Motosiklet Aksesuar › Motosiklet Parça › Zincir ve Dişli,Renk,renk,COLOR,false,true,true,true,true,false,true,,1,Siyah;Beyaz;Gri;Mavi;Kırmızı;Diğer,plan,generic plan — refine per leaf in FAZ A
Otomotiv Aksesuar › Motosiklet Aksesuar › Motosiklet Parça › Zincir ve Dişli,Garanti,garanti,SINGLE_SELECT,false,false,false,true,true,false,false,,2,Yok;6 Ay;12 Ay;24 Ay,plan,generic
Bahçe ve Yapı › Bahçe › Bahçe Mobilyası › Bahçe Masa Takımı,Renk,renk,COLOR,false,true,true,true,true,false,true,,1,Siyah;Beyaz;Gri;Mavi;Kırmızı;Diğer,plan,generic plan — refine per leaf in FAZ A
Bahçe ve Yapı › Bahçe › Bahçe Mobilyası › Bahçe Masa Takımı,Garanti,garanti,SINGLE_SELECT,false,false,false,true,true,false,false,,2,Yok;6 Ay;12 Ay;24 Ay,plan,generic
Bahçe ve Yapı › Bahçe › Bahçe Mobilyası › Şezlong,Renk,renk,COLOR,false,true,true,true,true,false,true,,1,Siyah;Beyaz;Gri;Mavi;Kırmızı;Diğer,plan,generic plan — refine per leaf in FAZ A
Bahçe ve Yapı › Bahçe › Bahçe Mobilyası › Şezlong,Garanti,garanti,SINGLE_SELECT,false,false,false,true,true,false,false,,2,Yok;6 Ay;12 Ay;24 Ay,plan,generic
Bahçe ve Yapı › Bahçe › Bahçe Mobilyası › Salıncak,Renk,renk,COLOR,false,true,true,true,true,false,true,,1,Siyah;Beyaz;Gri;Mavi;Kırmızı;Diğer,plan,generic plan — refine per leaf in FAZ A
Bahçe ve Yapı › Bahçe › Bahçe Mobilyası › Salıncak,Garanti,garanti,SINGLE_SELECT,false,false,false,true,true,false,false,,2,Yok;6 Ay;12 Ay;24 Ay,plan,generic
Bahçe ve Yapı › Bahçe › Bahçe Mobilyası › Hamak,Renk,renk,COLOR,false,true,true,true,true,false,true,,1,Siyah;Beyaz;Gri;Mavi;Kırmızı;Diğer,plan,generic plan — refine per leaf in FAZ A
Bahçe ve Yapı › Bahçe › Bahçe Mobilyası › Hamak,Garanti,garanti,SINGLE_SELECT,false,false,false,true,true,false,false,,2,Yok;6 Ay;12 Ay;24 Ay,plan,generic
Bahçe ve Yapı › Bahçe › Bahçe Mobilyası › Gölgelik,Renk,renk,COLOR,false,true,true,true,true,false,true,,1,Siyah;Beyaz;Gri;Mavi;Kırmızı;Diğer,plan,generic plan — refine per leaf in FAZ A
Bahçe ve Yapı › Bahçe › Bahçe Mobilyası › Gölgelik,Garanti,garanti,SINGLE_SELECT,false,false,false,true,true,false,false,,2,Yok;6 Ay;12 Ay;24 Ay,plan,generic
Bahçe ve Yapı › Bahçe › Bahçe Mobilyası › Şemsiye,Renk,renk,COLOR,false,true,true,true,true,false,true,,1,Siyah;Beyaz;Gri;Mavi;Kırmızı;Diğer,plan,generic plan — refine per leaf in FAZ A
Bahçe ve Yapı › Bahçe › Bahçe Mobilyası › Şemsiye,Garanti,garanti,SINGLE_SELECT,false,false,false,true,true,false,false,,2,Yok;6 Ay;12 Ay;24 Ay,plan,generic
Bahçe ve Yapı › Bahçe › Bahçe Bakımı › Çim Biçme Makinesi,Renk,renk,COLOR,false,true,true,true,true,false,true,,1,Siyah;Beyaz;Gri;Mavi;Kırmızı;Diğer,plan,generic plan — refine per leaf in FAZ A
Bahçe ve Yapı › Bahçe › Bahçe Bakımı › Çim Biçme Makinesi,Garanti,garanti,SINGLE_SELECT,false,false,false,true,true,false,false,,2,Yok;6 Ay;12 Ay;24 Ay,plan,generic
Bahçe ve Yapı › Bahçe › Bahçe Bakımı › Tırpan,Renk,renk,COLOR,false,true,true,true,true,false,true,,1,Siyah;Beyaz;Gri;Mavi;Kırmızı;Diğer,plan,generic plan — refine per leaf in FAZ A
Bahçe ve Yapı › Bahçe › Bahçe Bakımı › Tırpan,Garanti,garanti,SINGLE_SELECT,false,false,false,true,true,false,false,,2,Yok;6 Ay;12 Ay;24 Ay,plan,generic
Bahçe ve Yapı › Bahçe › Bahçe Bakımı › Çit Budama,Renk,renk,COLOR,false,true,true,true,true,false,true,,1,Siyah;Beyaz;Gri;Mavi;Kırmızı;Diğer,plan,generic plan — refine per leaf in FAZ A
Bahçe ve Yapı › Bahçe › Bahçe Bakımı › Çit Budama,Garanti,garanti,SINGLE_SELECT,false,false,false,true,true,false,false,,2,Yok;6 Ay;12 Ay;24 Ay,plan,generic
Bahçe ve Yapı › Bahçe › Bahçe Bakımı › Yaprak Üfleme,Renk,renk,COLOR,false,true,true,true,true,false,true,,1,Siyah;Beyaz;Gri;Mavi;Kırmızı;Diğer,plan,generic plan — refine per leaf in FAZ A
Bahçe ve Yapı › Bahçe › Bahçe Bakımı › Yaprak Üfleme,Garanti,garanti,SINGLE_SELECT,false,false,false,true,true,false,false,,2,Yok;6 Ay;12 Ay;24 Ay,plan,generic
Bahçe ve Yapı › Bahçe › Bahçe Bakımı › Testere,Renk,renk,COLOR,false,true,true,true,true,false,true,,1,Siyah;Beyaz;Gri;Mavi;Kırmızı;Diğer,plan,generic plan — refine per leaf in FAZ A
Bahçe ve Yapı › Bahçe › Bahçe Bakımı › Testere,Garanti,garanti,SINGLE_SELECT,false,false,false,true,true,false,false,,2,Yok;6 Ay;12 Ay;24 Ay,plan,generic
Bahçe ve Yapı › Bahçe › Bahçe Bakımı › Bahçe El Aleti,Renk,renk,COLOR,false,true,true,true,true,false,true,,1,Siyah;Beyaz;Gri;Mavi;Kırmızı;Diğer,plan,generic plan — refine per leaf in FAZ A
Bahçe ve Yapı › Bahçe › Bahçe Bakımı › Bahçe El Aleti,Garanti,garanti,SINGLE_SELECT,false,false,false,true,true,false,false,,2,Yok;6 Ay;12 Ay;24 Ay,plan,generic
Bahçe ve Yapı › Bahçe › Sulama › Bahçe Hortumu,Renk,renk,COLOR,false,true,true,true,true,false,true,,1,Siyah;Beyaz;Gri;Mavi;Kırmızı;Diğer,plan,generic plan — refine per leaf in FAZ A
Bahçe ve Yapı › Bahçe › Sulama › Bahçe Hortumu,Garanti,garanti,SINGLE_SELECT,false,false,false,true,true,false,false,,2,Yok;6 Ay;12 Ay;24 Ay,plan,generic
Bahçe ve Yapı › Bahçe › Sulama › Hortum Makarası,Renk,renk,COLOR,false,true,true,true,true,false,true,,1,Siyah;Beyaz;Gri;Mavi;Kırmızı;Diğer,plan,generic plan — refine per leaf in FAZ A
Bahçe ve Yapı › Bahçe › Sulama › Hortum Makarası,Garanti,garanti,SINGLE_SELECT,false,false,false,true,true,false,false,,2,Yok;6 Ay;12 Ay;24 Ay,plan,generic
Bahçe ve Yapı › Bahçe › Sulama › Sulama Tabancası,Renk,renk,COLOR,false,true,true,true,true,false,true,,1,Siyah;Beyaz;Gri;Mavi;Kırmızı;Diğer,plan,generic plan — refine per leaf in FAZ A
Bahçe ve Yapı › Bahçe › Sulama › Sulama Tabancası,Garanti,garanti,SINGLE_SELECT,false,false,false,true,true,false,false,,2,Yok;6 Ay;12 Ay;24 Ay,plan,generic
Bahçe ve Yapı › Bahçe › Sulama › Damla Sulama,Renk,renk,COLOR,false,true,true,true,true,false,true,,1,Siyah;Beyaz;Gri;Mavi;Kırmızı;Diğer,plan,generic plan — refine per leaf in FAZ A
Bahçe ve Yapı › Bahçe › Sulama › Damla Sulama,Garanti,garanti,SINGLE_SELECT,false,false,false,true,true,false,false,,2,Yok;6 Ay;12 Ay;24 Ay,plan,generic
Bahçe ve Yapı › Bahçe › Sulama › Su Pompası,Renk,renk,COLOR,false,true,true,true,true,false,true,,1,Siyah;Beyaz;Gri;Mavi;Kırmızı;Diğer,plan,generic plan — refine per leaf in FAZ A
Bahçe ve Yapı › Bahçe › Sulama › Su Pompası,Garanti,garanti,SINGLE_SELECT,false,false,false,true,true,false,false,,2,Yok;6 Ay;12 Ay;24 Ay,plan,generic
Bahçe ve Yapı › Bahçe › Sulama › Hidrofor,Renk,renk,COLOR,false,true,true,true,true,false,true,,1,Siyah;Beyaz;Gri;Mavi;Kırmızı;Diğer,plan,generic plan — refine per leaf in FAZ A
Bahçe ve Yapı › Bahçe › Sulama › Hidrofor,Garanti,garanti,SINGLE_SELECT,false,false,false,true,true,false,false,,2,Yok;6 Ay;12 Ay;24 Ay,plan,generic
Bahçe ve Yapı › Bahçe › Bitki ve Saksı › Saksı,Renk,renk,COLOR,false,true,true,true,true,false,true,,1,Siyah;Beyaz;Gri;Mavi;Kırmızı;Diğer,plan,generic plan — refine per leaf in FAZ A
Bahçe ve Yapı › Bahçe › Bitki ve Saksı › Saksı,Garanti,garanti,SINGLE_SELECT,false,false,false,true,true,false,false,,2,Yok;6 Ay;12 Ay;24 Ay,plan,generic
Bahçe ve Yapı › Bahçe › Bitki ve Saksı › Toprak,Renk,renk,COLOR,false,true,true,true,true,false,true,,1,Siyah;Beyaz;Gri;Mavi;Kırmızı;Diğer,plan,generic plan — refine per leaf in FAZ A
Bahçe ve Yapı › Bahçe › Bitki ve Saksı › Toprak,Garanti,garanti,SINGLE_SELECT,false,false,false,true,true,false,false,,2,Yok;6 Ay;12 Ay;24 Ay,plan,generic
Bahçe ve Yapı › Bahçe › Bitki ve Saksı › Gübre,Renk,renk,COLOR,false,true,true,true,true,false,true,,1,Siyah;Beyaz;Gri;Mavi;Kırmızı;Diğer,plan,generic plan — refine per leaf in FAZ A
Bahçe ve Yapı › Bahçe › Bitki ve Saksı › Gübre,Garanti,garanti,SINGLE_SELECT,false,false,false,true,true,false,false,,2,Yok;6 Ay;12 Ay;24 Ay,plan,generic
Bahçe ve Yapı › Bahçe › Bitki ve Saksı › Tohum,Renk,renk,COLOR,false,true,true,true,true,false,true,,1,Siyah;Beyaz;Gri;Mavi;Kırmızı;Diğer,plan,generic plan — refine per leaf in FAZ A
Bahçe ve Yapı › Bahçe › Bitki ve Saksı › Tohum,Garanti,garanti,SINGLE_SELECT,false,false,false,true,true,false,false,,2,Yok;6 Ay;12 Ay;24 Ay,plan,generic
Bahçe ve Yapı › Bahçe › Bitki ve Saksı › Fide,Renk,renk,COLOR,false,true,true,true,true,false,true,,1,Siyah;Beyaz;Gri;Mavi;Kırmızı;Diğer,plan,generic plan — refine per leaf in FAZ A
Bahçe ve Yapı › Bahçe › Bitki ve Saksı › Fide,Garanti,garanti,SINGLE_SELECT,false,false,false,true,true,false,false,,2,Yok;6 Ay;12 Ay;24 Ay,plan,generic
Bahçe ve Yapı › Bahçe › Bitki ve Saksı › Bitki Destek Ürünleri,Renk,renk,COLOR,false,true,true,true,true,false,true,,1,Siyah;Beyaz;Gri;Mavi;Kırmızı;Diğer,plan,generic plan — refine per leaf in FAZ A
Bahçe ve Yapı › Bahçe › Bitki ve Saksı › Bitki Destek Ürünleri,Garanti,garanti,SINGLE_SELECT,false,false,false,true,true,false,false,,2,Yok;6 Ay;12 Ay;24 Ay,plan,generic
Bahçe ve Yapı › Yapı Market › El Aletleri › Tornavida,Renk,renk,COLOR,false,true,true,true,true,false,true,,1,Siyah;Beyaz;Gri;Mavi;Kırmızı;Diğer,plan,generic plan — refine per leaf in FAZ A
Bahçe ve Yapı › Yapı Market › El Aletleri › Tornavida,Garanti,garanti,SINGLE_SELECT,false,false,false,true,true,false,false,,2,Yok;6 Ay;12 Ay;24 Ay,plan,generic
Bahçe ve Yapı › Yapı Market › El Aletleri › Pense,Renk,renk,COLOR,false,true,true,true,true,false,true,,1,Siyah;Beyaz;Gri;Mavi;Kırmızı;Diğer,plan,generic plan — refine per leaf in FAZ A
Bahçe ve Yapı › Yapı Market › El Aletleri › Pense,Garanti,garanti,SINGLE_SELECT,false,false,false,true,true,false,false,,2,Yok;6 Ay;12 Ay;24 Ay,plan,generic
Bahçe ve Yapı › Yapı Market › El Aletleri › Anahtar Takımı,Renk,renk,COLOR,false,true,true,true,true,false,true,,1,Siyah;Beyaz;Gri;Mavi;Kırmızı;Diğer,plan,generic plan — refine per leaf in FAZ A
Bahçe ve Yapı › Yapı Market › El Aletleri › Anahtar Takımı,Garanti,garanti,SINGLE_SELECT,false,false,false,true,true,false,false,,2,Yok;6 Ay;12 Ay;24 Ay,plan,generic
Bahçe ve Yapı › Yapı Market › El Aletleri › Çekiç,Renk,renk,COLOR,false,true,true,true,true,false,true,,1,Siyah;Beyaz;Gri;Mavi;Kırmızı;Diğer,plan,generic plan — refine per leaf in FAZ A
Bahçe ve Yapı › Yapı Market › El Aletleri › Çekiç,Garanti,garanti,SINGLE_SELECT,false,false,false,true,true,false,false,,2,Yok;6 Ay;12 Ay;24 Ay,plan,generic
Bahçe ve Yapı › Yapı Market › El Aletleri › Testere,Renk,renk,COLOR,false,true,true,true,true,false,true,,1,Siyah;Beyaz;Gri;Mavi;Kırmızı;Diğer,plan,generic plan — refine per leaf in FAZ A
Bahçe ve Yapı › Yapı Market › El Aletleri › Testere,Garanti,garanti,SINGLE_SELECT,false,false,false,true,true,false,false,,2,Yok;6 Ay;12 Ay;24 Ay,plan,generic
Bahçe ve Yapı › Yapı Market › El Aletleri › Maket Bıçağı,Renk,renk,COLOR,false,true,true,true,true,false,true,,1,Siyah;Beyaz;Gri;Mavi;Kırmızı;Diğer,plan,generic plan — refine per leaf in FAZ A
Bahçe ve Yapı › Yapı Market › El Aletleri › Maket Bıçağı,Garanti,garanti,SINGLE_SELECT,false,false,false,true,true,false,false,,2,Yok;6 Ay;12 Ay;24 Ay,plan,generic
Bahçe ve Yapı › Yapı Market › El Aletleri › Ölçüm Aleti,Renk,renk,COLOR,false,true,true,true,true,false,true,,1,Siyah;Beyaz;Gri;Mavi;Kırmızı;Diğer,plan,generic plan — refine per leaf in FAZ A
Bahçe ve Yapı › Yapı Market › El Aletleri › Ölçüm Aleti,Garanti,garanti,SINGLE_SELECT,false,false,false,true,true,false,false,,2,Yok;6 Ay;12 Ay;24 Ay,plan,generic
Bahçe ve Yapı › Yapı Market › Elektrikli El Aletleri › Matkap,Renk,renk,COLOR,false,true,true,true,true,false,true,,1,Siyah;Beyaz;Gri;Mavi;Kırmızı;Diğer,plan,generic plan — refine per leaf in FAZ A
Bahçe ve Yapı › Yapı Market › Elektrikli El Aletleri › Matkap,Garanti,garanti,SINGLE_SELECT,false,false,false,true,true,false,false,,2,Yok;6 Ay;12 Ay;24 Ay,plan,generic
Bahçe ve Yapı › Yapı Market › Elektrikli El Aletleri › Vidalama,Renk,renk,COLOR,false,true,true,true,true,false,true,,1,Siyah;Beyaz;Gri;Mavi;Kırmızı;Diğer,plan,generic plan — refine per leaf in FAZ A
Bahçe ve Yapı › Yapı Market › Elektrikli El Aletleri › Vidalama,Garanti,garanti,SINGLE_SELECT,false,false,false,true,true,false,false,,2,Yok;6 Ay;12 Ay;24 Ay,plan,generic
Bahçe ve Yapı › Yapı Market › Elektrikli El Aletleri › Taşlama,Renk,renk,COLOR,false,true,true,true,true,false,true,,1,Siyah;Beyaz;Gri;Mavi;Kırmızı;Diğer,plan,generic plan — refine per leaf in FAZ A
Bahçe ve Yapı › Yapı Market › Elektrikli El Aletleri › Taşlama,Garanti,garanti,SINGLE_SELECT,false,false,false,true,true,false,false,,2,Yok;6 Ay;12 Ay;24 Ay,plan,generic
Bahçe ve Yapı › Yapı Market › Elektrikli El Aletleri › Dekupaj,Renk,renk,COLOR,false,true,true,true,true,false,true,,1,Siyah;Beyaz;Gri;Mavi;Kırmızı;Diğer,plan,generic plan — refine per leaf in FAZ A
Bahçe ve Yapı › Yapı Market › Elektrikli El Aletleri › Dekupaj,Garanti,garanti,SINGLE_SELECT,false,false,false,true,true,false,false,,2,Yok;6 Ay;12 Ay;24 Ay,plan,generic
Bahçe ve Yapı › Yapı Market › Elektrikli El Aletleri › Daire Testere,Renk,renk,COLOR,false,true,true,true,true,false,true,,1,Siyah;Beyaz;Gri;Mavi;Kırmızı;Diğer,plan,generic plan — refine per leaf in FAZ A
Bahçe ve Yapı › Yapı Market › Elektrikli El Aletleri › Daire Testere,Garanti,garanti,SINGLE_SELECT,false,false,false,true,true,false,false,,2,Yok;6 Ay;12 Ay;24 Ay,plan,generic
Bahçe ve Yapı › Yapı Market › Elektrikli El Aletleri › Kırıcı-Delici,Renk,renk,COLOR,false,true,true,true,true,false,true,,1,Siyah;Beyaz;Gri;Mavi;Kırmızı;Diğer,plan,generic plan — refine per leaf in FAZ A
Bahçe ve Yapı › Yapı Market › Elektrikli El Aletleri › Kırıcı-Delici,Garanti,garanti,SINGLE_SELECT,false,false,false,true,true,false,false,,2,Yok;6 Ay;12 Ay;24 Ay,plan,generic
Bahçe ve Yapı › Yapı Market › Elektrikli El Aletleri › Zımpara,Renk,renk,COLOR,false,true,true,true,true,false,true,,1,Siyah;Beyaz;Gri;Mavi;Kırmızı;Diğer,plan,generic plan — refine per leaf in FAZ A
Bahçe ve Yapı › Yapı Market › Elektrikli El Aletleri › Zımpara,Garanti,garanti,SINGLE_SELECT,false,false,false,true,true,false,false,,2,Yok;6 Ay;12 Ay;24 Ay,plan,generic
Bahçe ve Yapı › Yapı Market › Elektrikli El Aletleri › Kaynak Makinesi,Renk,renk,COLOR,false,true,true,true,true,false,true,,1,Siyah;Beyaz;Gri;Mavi;Kırmızı;Diğer,plan,generic plan — refine per leaf in FAZ A
Bahçe ve Yapı › Yapı Market › Elektrikli El Aletleri › Kaynak Makinesi,Garanti,garanti,SINGLE_SELECT,false,false,false,true,true,false,false,,2,Yok;6 Ay;12 Ay;24 Ay,plan,generic
Bahçe ve Yapı › Yapı Market › Boya ve Kimyasal › İç Cephe Boyası,Renk,renk,COLOR,false,true,true,true,true,false,true,,1,Siyah;Beyaz;Gri;Mavi;Kırmızı;Diğer,plan,generic plan — refine per leaf in FAZ A
Bahçe ve Yapı › Yapı Market › Boya ve Kimyasal › İç Cephe Boyası,Garanti,garanti,SINGLE_SELECT,false,false,false,true,true,false,false,,2,Yok;6 Ay;12 Ay;24 Ay,plan,generic
Bahçe ve Yapı › Yapı Market › Boya ve Kimyasal › Dış Cephe Boyası,Renk,renk,COLOR,false,true,true,true,true,false,true,,1,Siyah;Beyaz;Gri;Mavi;Kırmızı;Diğer,plan,generic plan — refine per leaf in FAZ A
Bahçe ve Yapı › Yapı Market › Boya ve Kimyasal › Dış Cephe Boyası,Garanti,garanti,SINGLE_SELECT,false,false,false,true,true,false,false,,2,Yok;6 Ay;12 Ay;24 Ay,plan,generic
Bahçe ve Yapı › Yapı Market › Boya ve Kimyasal › Ahşap Boyası,Renk,renk,COLOR,false,true,true,true,true,false,true,,1,Siyah;Beyaz;Gri;Mavi;Kırmızı;Diğer,plan,generic plan — refine per leaf in FAZ A
Bahçe ve Yapı › Yapı Market › Boya ve Kimyasal › Ahşap Boyası,Garanti,garanti,SINGLE_SELECT,false,false,false,true,true,false,false,,2,Yok;6 Ay;12 Ay;24 Ay,plan,generic
Bahçe ve Yapı › Yapı Market › Boya ve Kimyasal › Sprey Boya,Renk,renk,COLOR,false,true,true,true,true,false,true,,1,Siyah;Beyaz;Gri;Mavi;Kırmızı;Diğer,plan,generic plan — refine per leaf in FAZ A
Bahçe ve Yapı › Yapı Market › Boya ve Kimyasal › Sprey Boya,Garanti,garanti,SINGLE_SELECT,false,false,false,true,true,false,false,,2,Yok;6 Ay;12 Ay;24 Ay,plan,generic
Bahçe ve Yapı › Yapı Market › Boya ve Kimyasal › Vernik,Renk,renk,COLOR,false,true,true,true,true,false,true,,1,Siyah;Beyaz;Gri;Mavi;Kırmızı;Diğer,plan,generic plan — refine per leaf in FAZ A
Bahçe ve Yapı › Yapı Market › Boya ve Kimyasal › Vernik,Garanti,garanti,SINGLE_SELECT,false,false,false,true,true,false,false,,2,Yok;6 Ay;12 Ay;24 Ay,plan,generic
Bahçe ve Yapı › Yapı Market › Boya ve Kimyasal › Silikon,Renk,renk,COLOR,false,true,true,true,true,false,true,,1,Siyah;Beyaz;Gri;Mavi;Kırmızı;Diğer,plan,generic plan — refine per leaf in FAZ A
Bahçe ve Yapı › Yapı Market › Boya ve Kimyasal › Silikon,Garanti,garanti,SINGLE_SELECT,false,false,false,true,true,false,false,,2,Yok;6 Ay;12 Ay;24 Ay,plan,generic
Bahçe ve Yapı › Yapı Market › Boya ve Kimyasal › Yapıştırıcı,Renk,renk,COLOR,false,true,true,true,true,false,true,,1,Siyah;Beyaz;Gri;Mavi;Kırmızı;Diğer,plan,generic plan — refine per leaf in FAZ A
Bahçe ve Yapı › Yapı Market › Boya ve Kimyasal › Yapıştırıcı,Garanti,garanti,SINGLE_SELECT,false,false,false,true,true,false,false,,2,Yok;6 Ay;12 Ay;24 Ay,plan,generic
Bahçe ve Yapı › Yapı Market › Boya ve Kimyasal › Derz Dolgu,Renk,renk,COLOR,false,true,true,true,true,false,true,,1,Siyah;Beyaz;Gri;Mavi;Kırmızı;Diğer,plan,generic plan — refine per leaf in FAZ A
Bahçe ve Yapı › Yapı Market › Boya ve Kimyasal › Derz Dolgu,Garanti,garanti,SINGLE_SELECT,false,false,false,true,true,false,false,,2,Yok;6 Ay;12 Ay;24 Ay,plan,generic
Bahçe ve Yapı › Yapı Market › Hırdavat › Vida,Renk,renk,COLOR,false,true,true,true,true,false,true,,1,Siyah;Beyaz;Gri;Mavi;Kırmızı;Diğer,plan,generic plan — refine per leaf in FAZ A
Bahçe ve Yapı › Yapı Market › Hırdavat › Vida,Garanti,garanti,SINGLE_SELECT,false,false,false,true,true,false,false,,2,Yok;6 Ay;12 Ay;24 Ay,plan,generic
Bahçe ve Yapı › Yapı Market › Hırdavat › Dübel,Renk,renk,COLOR,false,true,true,true,true,false,true,,1,Siyah;Beyaz;Gri;Mavi;Kırmızı;Diğer,plan,generic plan — refine per leaf in FAZ A
Bahçe ve Yapı › Yapı Market › Hırdavat › Dübel,Garanti,garanti,SINGLE_SELECT,false,false,false,true,true,false,false,,2,Yok;6 Ay;12 Ay;24 Ay,plan,generic
Bahçe ve Yapı › Yapı Market › Hırdavat › Çivi,Renk,renk,COLOR,false,true,true,true,true,false,true,,1,Siyah;Beyaz;Gri;Mavi;Kırmızı;Diğer,plan,generic plan — refine per leaf in FAZ A
Bahçe ve Yapı › Yapı Market › Hırdavat › Çivi,Garanti,garanti,SINGLE_SELECT,false,false,false,true,true,false,false,,2,Yok;6 Ay;12 Ay;24 Ay,plan,generic
Bahçe ve Yapı › Yapı Market › Hırdavat › Somun,Renk,renk,COLOR,false,true,true,true,true,false,true,,1,Siyah;Beyaz;Gri;Mavi;Kırmızı;Diğer,plan,generic plan — refine per leaf in FAZ A
Bahçe ve Yapı › Yapı Market › Hırdavat › Somun,Garanti,garanti,SINGLE_SELECT,false,false,false,true,true,false,false,,2,Yok;6 Ay;12 Ay;24 Ay,plan,generic
Bahçe ve Yapı › Yapı Market › Hırdavat › Cıvata,Renk,renk,COLOR,false,true,true,true,true,false,true,,1,Siyah;Beyaz;Gri;Mavi;Kırmızı;Diğer,plan,generic plan — refine per leaf in FAZ A
Bahçe ve Yapı › Yapı Market › Hırdavat › Cıvata,Garanti,garanti,SINGLE_SELECT,false,false,false,true,true,false,false,,2,Yok;6 Ay;12 Ay;24 Ay,plan,generic
Bahçe ve Yapı › Yapı Market › Hırdavat › Menteşe,Renk,renk,COLOR,false,true,true,true,true,false,true,,1,Siyah;Beyaz;Gri;Mavi;Kırmızı;Diğer,plan,generic plan — refine per leaf in FAZ A
Bahçe ve Yapı › Yapı Market › Hırdavat › Menteşe,Garanti,garanti,SINGLE_SELECT,false,false,false,true,true,false,false,,2,Yok;6 Ay;12 Ay;24 Ay,plan,generic
Bahçe ve Yapı › Yapı Market › Hırdavat › Kilit,Renk,renk,COLOR,false,true,true,true,true,false,true,,1,Siyah;Beyaz;Gri;Mavi;Kırmızı;Diğer,plan,generic plan — refine per leaf in FAZ A
Bahçe ve Yapı › Yapı Market › Hırdavat › Kilit,Garanti,garanti,SINGLE_SELECT,false,false,false,true,true,false,false,,2,Yok;6 Ay;12 Ay;24 Ay,plan,generic
Bahçe ve Yapı › Yapı Market › Hırdavat › Tekerlek,Renk,renk,COLOR,false,true,true,true,true,false,true,,1,Siyah;Beyaz;Gri;Mavi;Kırmızı;Diğer,plan,generic plan — refine per leaf in FAZ A
Bahçe ve Yapı › Yapı Market › Hırdavat › Tekerlek,Garanti,garanti,SINGLE_SELECT,false,false,false,true,true,false,false,,2,Yok;6 Ay;12 Ay;24 Ay,plan,generic
Bahçe ve Yapı › Yapı Market › Elektrik › Priz,Renk,renk,COLOR,false,true,true,true,true,false,true,,1,Siyah;Beyaz;Gri;Mavi;Kırmızı;Diğer,plan,generic plan — refine per leaf in FAZ A
Bahçe ve Yapı › Yapı Market › Elektrik › Priz,Garanti,garanti,SINGLE_SELECT,false,false,false,true,true,false,false,,2,Yok;6 Ay;12 Ay;24 Ay,plan,generic
Bahçe ve Yapı › Yapı Market › Elektrik › Anahtar,Renk,renk,COLOR,false,true,true,true,true,false,true,,1,Siyah;Beyaz;Gri;Mavi;Kırmızı;Diğer,plan,generic plan — refine per leaf in FAZ A
Bahçe ve Yapı › Yapı Market › Elektrik › Anahtar,Garanti,garanti,SINGLE_SELECT,false,false,false,true,true,false,false,,2,Yok;6 Ay;12 Ay;24 Ay,plan,generic
Bahçe ve Yapı › Yapı Market › Elektrik › Sigorta,Renk,renk,COLOR,false,true,true,true,true,false,true,,1,Siyah;Beyaz;Gri;Mavi;Kırmızı;Diğer,plan,generic plan — refine per leaf in FAZ A
Bahçe ve Yapı › Yapı Market › Elektrik › Sigorta,Garanti,garanti,SINGLE_SELECT,false,false,false,true,true,false,false,,2,Yok;6 Ay;12 Ay;24 Ay,plan,generic
Bahçe ve Yapı › Yapı Market › Elektrik › Kablo,Renk,renk,COLOR,false,true,true,true,true,false,true,,1,Siyah;Beyaz;Gri;Mavi;Kırmızı;Diğer,plan,generic plan — refine per leaf in FAZ A
Bahçe ve Yapı › Yapı Market › Elektrik › Kablo,Garanti,garanti,SINGLE_SELECT,false,false,false,true,true,false,false,,2,Yok;6 Ay;12 Ay;24 Ay,plan,generic
Bahçe ve Yapı › Yapı Market › Elektrik › Uzatma Kablosu,Renk,renk,COLOR,false,true,true,true,true,false,true,,1,Siyah;Beyaz;Gri;Mavi;Kırmızı;Diğer,plan,generic plan — refine per leaf in FAZ A
Bahçe ve Yapı › Yapı Market › Elektrik › Uzatma Kablosu,Garanti,garanti,SINGLE_SELECT,false,false,false,true,true,false,false,,2,Yok;6 Ay;12 Ay;24 Ay,plan,generic
Bahçe ve Yapı › Yapı Market › Elektrik › Pano,Renk,renk,COLOR,false,true,true,true,true,false,true,,1,Siyah;Beyaz;Gri;Mavi;Kırmızı;Diğer,plan,generic plan — refine per leaf in FAZ A
Bahçe ve Yapı › Yapı Market › Elektrik › Pano,Garanti,garanti,SINGLE_SELECT,false,false,false,true,true,false,false,,2,Yok;6 Ay;12 Ay;24 Ay,plan,generic
Bahçe ve Yapı › Yapı Market › Elektrik › Sensör,Renk,renk,COLOR,false,true,true,true,true,false,true,,1,Siyah;Beyaz;Gri;Mavi;Kırmızı;Diğer,plan,generic plan — refine per leaf in FAZ A
Bahçe ve Yapı › Yapı Market › Elektrik › Sensör,Garanti,garanti,SINGLE_SELECT,false,false,false,true,true,false,false,,2,Yok;6 Ay;12 Ay;24 Ay,plan,generic
Bahçe ve Yapı › Yapı Market › Tesisat › Musluk,Renk,renk,COLOR,false,true,true,true,true,false,true,,1,Siyah;Beyaz;Gri;Mavi;Kırmızı;Diğer,plan,generic plan — refine per leaf in FAZ A
Bahçe ve Yapı › Yapı Market › Tesisat › Musluk,Garanti,garanti,SINGLE_SELECT,false,false,false,true,true,false,false,,2,Yok;6 Ay;12 Ay;24 Ay,plan,generic
Bahçe ve Yapı › Yapı Market › Tesisat › Batarya,Renk,renk,COLOR,false,true,true,true,true,false,true,,1,Siyah;Beyaz;Gri;Mavi;Kırmızı;Diğer,plan,generic plan — refine per leaf in FAZ A
Bahçe ve Yapı › Yapı Market › Tesisat › Batarya,Garanti,garanti,SINGLE_SELECT,false,false,false,true,true,false,false,,2,Yok;6 Ay;12 Ay;24 Ay,plan,generic
Bahçe ve Yapı › Yapı Market › Tesisat › Duş Seti,Renk,renk,COLOR,false,true,true,true,true,false,true,,1,Siyah;Beyaz;Gri;Mavi;Kırmızı;Diğer,plan,generic plan — refine per leaf in FAZ A
Bahçe ve Yapı › Yapı Market › Tesisat › Duş Seti,Garanti,garanti,SINGLE_SELECT,false,false,false,true,true,false,false,,2,Yok;6 Ay;12 Ay;24 Ay,plan,generic
Bahçe ve Yapı › Yapı Market › Tesisat › Vana,Renk,renk,COLOR,false,true,true,true,true,false,true,,1,Siyah;Beyaz;Gri;Mavi;Kırmızı;Diğer,plan,generic plan — refine per leaf in FAZ A
Bahçe ve Yapı › Yapı Market › Tesisat › Vana,Garanti,garanti,SINGLE_SELECT,false,false,false,true,true,false,false,,2,Yok;6 Ay;12 Ay;24 Ay,plan,generic
Bahçe ve Yapı › Yapı Market › Tesisat › Boru,Renk,renk,COLOR,false,true,true,true,true,false,true,,1,Siyah;Beyaz;Gri;Mavi;Kırmızı;Diğer,plan,generic plan — refine per leaf in FAZ A
Bahçe ve Yapı › Yapı Market › Tesisat › Boru,Garanti,garanti,SINGLE_SELECT,false,false,false,true,true,false,false,,2,Yok;6 Ay;12 Ay;24 Ay,plan,generic
Bahçe ve Yapı › Yapı Market › Tesisat › Sifon,Renk,renk,COLOR,false,true,true,true,true,false,true,,1,Siyah;Beyaz;Gri;Mavi;Kırmızı;Diğer,plan,generic plan — refine per leaf in FAZ A
Bahçe ve Yapı › Yapı Market › Tesisat › Sifon,Garanti,garanti,SINGLE_SELECT,false,false,false,true,true,false,false,,2,Yok;6 Ay;12 Ay;24 Ay,plan,generic
Bahçe ve Yapı › Yapı Market › Tesisat › Armatür,Renk,renk,COLOR,false,true,true,true,true,false,true,,1,Siyah;Beyaz;Gri;Mavi;Kırmızı;Diğer,plan,generic plan — refine per leaf in FAZ A
Bahçe ve Yapı › Yapı Market › Tesisat › Armatür,Garanti,garanti,SINGLE_SELECT,false,false,false,true,true,false,false,,2,Yok;6 Ay;12 Ay;24 Ay,plan,generic
Bahçe ve Yapı › Yapı Market › İzolasyon › Isı Yalıtımı,Renk,renk,COLOR,false,true,true,true,true,false,true,,1,Siyah;Beyaz;Gri;Mavi;Kırmızı;Diğer,plan,generic plan — refine per leaf in FAZ A
Bahçe ve Yapı › Yapı Market › İzolasyon › Isı Yalıtımı,Garanti,garanti,SINGLE_SELECT,false,false,false,true,true,false,false,,2,Yok;6 Ay;12 Ay;24 Ay,plan,generic
Bahçe ve Yapı › Yapı Market › İzolasyon › Su Yalıtımı,Renk,renk,COLOR,false,true,true,true,true,false,true,,1,Siyah;Beyaz;Gri;Mavi;Kırmızı;Diğer,plan,generic plan — refine per leaf in FAZ A
Bahçe ve Yapı › Yapı Market › İzolasyon › Su Yalıtımı,Garanti,garanti,SINGLE_SELECT,false,false,false,true,true,false,false,,2,Yok;6 Ay;12 Ay;24 Ay,plan,generic
Bahçe ve Yapı › Yapı Market › İzolasyon › Ses Yalıtımı,Renk,renk,COLOR,false,true,true,true,true,false,true,,1,Siyah;Beyaz;Gri;Mavi;Kırmızı;Diğer,plan,generic plan — refine per leaf in FAZ A
Bahçe ve Yapı › Yapı Market › İzolasyon › Ses Yalıtımı,Garanti,garanti,SINGLE_SELECT,false,false,false,true,true,false,false,,2,Yok;6 Ay;12 Ay;24 Ay,plan,generic
Bahçe ve Yapı › Yapı Market › İzolasyon › Çatı Kaplama,Renk,renk,COLOR,false,true,true,true,true,false,true,,1,Siyah;Beyaz;Gri;Mavi;Kırmızı;Diğer,plan,generic plan — refine per leaf in FAZ A
Bahçe ve Yapı › Yapı Market › İzolasyon › Çatı Kaplama,Garanti,garanti,SINGLE_SELECT,false,false,false,true,true,false,false,,2,Yok;6 Ay;12 Ay;24 Ay,plan,generic
Bahçe ve Yapı › Yapı Market › İzolasyon › Yalıtım Bandı,Renk,renk,COLOR,false,true,true,true,true,false,true,,1,Siyah;Beyaz;Gri;Mavi;Kırmızı;Diğer,plan,generic plan — refine per leaf in FAZ A
Bahçe ve Yapı › Yapı Market › İzolasyon › Yalıtım Bandı,Garanti,garanti,SINGLE_SELECT,false,false,false,true,true,false,false,,2,Yok;6 Ay;12 Ay;24 Ay,plan,generic
Endüstriyel ve Ticari Ürünler › Endüstriyel Makineler › Üretim Makineleri › CNC Makinesi,Renk,renk,COLOR,false,true,true,true,true,false,true,,1,Siyah;Beyaz;Gri;Mavi;Kırmızı;Diğer,plan,generic plan — refine per leaf in FAZ A
Endüstriyel ve Ticari Ürünler › Endüstriyel Makineler › Üretim Makineleri › CNC Makinesi,Garanti,garanti,SINGLE_SELECT,false,false,false,true,true,false,false,,2,Yok;6 Ay;12 Ay;24 Ay,plan,generic
Endüstriyel ve Ticari Ürünler › Endüstriyel Makineler › Üretim Makineleri › Torna,Renk,renk,COLOR,false,true,true,true,true,false,true,,1,Siyah;Beyaz;Gri;Mavi;Kırmızı;Diğer,plan,generic plan — refine per leaf in FAZ A
Endüstriyel ve Ticari Ürünler › Endüstriyel Makineler › Üretim Makineleri › Torna,Garanti,garanti,SINGLE_SELECT,false,false,false,true,true,false,false,,2,Yok;6 Ay;12 Ay;24 Ay,plan,generic
Endüstriyel ve Ticari Ürünler › Endüstriyel Makineler › Üretim Makineleri › Freze,Renk,renk,COLOR,false,true,true,true,true,false,true,,1,Siyah;Beyaz;Gri;Mavi;Kırmızı;Diğer,plan,generic plan — refine per leaf in FAZ A
Endüstriyel ve Ticari Ürünler › Endüstriyel Makineler › Üretim Makineleri › Freze,Garanti,garanti,SINGLE_SELECT,false,false,false,true,true,false,false,,2,Yok;6 Ay;12 Ay;24 Ay,plan,generic
Endüstriyel ve Ticari Ürünler › Endüstriyel Makineler › Üretim Makineleri › Pres,Renk,renk,COLOR,false,true,true,true,true,false,true,,1,Siyah;Beyaz;Gri;Mavi;Kırmızı;Diğer,plan,generic plan — refine per leaf in FAZ A
Endüstriyel ve Ticari Ürünler › Endüstriyel Makineler › Üretim Makineleri › Pres,Garanti,garanti,SINGLE_SELECT,false,false,false,true,true,false,false,,2,Yok;6 Ay;12 Ay;24 Ay,plan,generic
Endüstriyel ve Ticari Ürünler › Endüstriyel Makineler › Üretim Makineleri › Lazer Kesim,Renk,renk,COLOR,false,true,true,true,true,false,true,,1,Siyah;Beyaz;Gri;Mavi;Kırmızı;Diğer,plan,generic plan — refine per leaf in FAZ A
Endüstriyel ve Ticari Ürünler › Endüstriyel Makineler › Üretim Makineleri › Lazer Kesim,Garanti,garanti,SINGLE_SELECT,false,false,false,true,true,false,false,,2,Yok;6 Ay;12 Ay;24 Ay,plan,generic
Endüstriyel ve Ticari Ürünler › Endüstriyel Makineler › Üretim Makineleri › Plazma Kesim,Renk,renk,COLOR,false,true,true,true,true,false,true,,1,Siyah;Beyaz;Gri;Mavi;Kırmızı;Diğer,plan,generic plan — refine per leaf in FAZ A
Endüstriyel ve Ticari Ürünler › Endüstriyel Makineler › Üretim Makineleri › Plazma Kesim,Garanti,garanti,SINGLE_SELECT,false,false,false,true,true,false,false,,2,Yok;6 Ay;12 Ay;24 Ay,plan,generic
Endüstriyel ve Ticari Ürünler › Endüstriyel Makineler › Üretim Makineleri › Şerit Testere,Renk,renk,COLOR,false,true,true,true,true,false,true,,1,Siyah;Beyaz;Gri;Mavi;Kırmızı;Diğer,plan,generic plan — refine per leaf in FAZ A
Endüstriyel ve Ticari Ürünler › Endüstriyel Makineler › Üretim Makineleri › Şerit Testere,Garanti,garanti,SINGLE_SELECT,false,false,false,true,true,false,false,,2,Yok;6 Ay;12 Ay;24 Ay,plan,generic
Endüstriyel ve Ticari Ürünler › Endüstriyel Makineler › Üretim Makineleri › Paketleme Makinesi,Renk,renk,COLOR,false,true,true,true,true,false,true,,1,Siyah;Beyaz;Gri;Mavi;Kırmızı;Diğer,plan,generic plan — refine per leaf in FAZ A
Endüstriyel ve Ticari Ürünler › Endüstriyel Makineler › Üretim Makineleri › Paketleme Makinesi,Garanti,garanti,SINGLE_SELECT,false,false,false,true,true,false,false,,2,Yok;6 Ay;12 Ay;24 Ay,plan,generic
Endüstriyel ve Ticari Ürünler › Endüstriyel Makineler › Atölye Ekipmanları › Kompresör,Renk,renk,COLOR,false,true,true,true,true,false,true,,1,Siyah;Beyaz;Gri;Mavi;Kırmızı;Diğer,plan,generic plan — refine per leaf in FAZ A
Endüstriyel ve Ticari Ürünler › Endüstriyel Makineler › Atölye Ekipmanları › Kompresör,Garanti,garanti,SINGLE_SELECT,false,false,false,true,true,false,false,,2,Yok;6 Ay;12 Ay;24 Ay,plan,generic
Endüstriyel ve Ticari Ürünler › Endüstriyel Makineler › Atölye Ekipmanları › Jeneratör,Renk,renk,COLOR,false,true,true,true,true,false,true,,1,Siyah;Beyaz;Gri;Mavi;Kırmızı;Diğer,plan,generic plan — refine per leaf in FAZ A
Endüstriyel ve Ticari Ürünler › Endüstriyel Makineler › Atölye Ekipmanları › Jeneratör,Garanti,garanti,SINGLE_SELECT,false,false,false,true,true,false,false,,2,Yok;6 Ay;12 Ay;24 Ay,plan,generic
Endüstriyel ve Ticari Ürünler › Endüstriyel Makineler › Atölye Ekipmanları › Kaynak Makinesi,Renk,renk,COLOR,false,true,true,true,true,false,true,,1,Siyah;Beyaz;Gri;Mavi;Kırmızı;Diğer,plan,generic plan — refine per leaf in FAZ A
Endüstriyel ve Ticari Ürünler › Endüstriyel Makineler › Atölye Ekipmanları › Kaynak Makinesi,Garanti,garanti,SINGLE_SELECT,false,false,false,true,true,false,false,,2,Yok;6 Ay;12 Ay;24 Ay,plan,generic
Endüstriyel ve Ticari Ürünler › Endüstriyel Makineler › Atölye Ekipmanları › Hava Tabancası,Renk,renk,COLOR,false,true,true,true,true,false,true,,1,Siyah;Beyaz;Gri;Mavi;Kırmızı;Diğer,plan,generic plan — refine per leaf in FAZ A
Endüstriyel ve Ticari Ürünler › Endüstriyel Makineler › Atölye Ekipmanları › Hava Tabancası,Garanti,garanti,SINGLE_SELECT,false,false,false,true,true,false,false,,2,Yok;6 Ay;12 Ay;24 Ay,plan,generic
Endüstriyel ve Ticari Ürünler › Endüstriyel Makineler › Atölye Ekipmanları › Takım Arabası,Renk,renk,COLOR,false,true,true,true,true,false,true,,1,Siyah;Beyaz;Gri;Mavi;Kırmızı;Diğer,plan,generic plan — refine per leaf in FAZ A
Endüstriyel ve Ticari Ürünler › Endüstriyel Makineler › Atölye Ekipmanları › Takım Arabası,Garanti,garanti,SINGLE_SELECT,false,false,false,true,true,false,false,,2,Yok;6 Ay;12 Ay;24 Ay,plan,generic
Endüstriyel ve Ticari Ürünler › Endüstriyel Makineler › Atölye Ekipmanları › Mengene,Renk,renk,COLOR,false,true,true,true,true,false,true,,1,Siyah;Beyaz;Gri;Mavi;Kırmızı;Diğer,plan,generic plan — refine per leaf in FAZ A
Endüstriyel ve Ticari Ürünler › Endüstriyel Makineler › Atölye Ekipmanları › Mengene,Garanti,garanti,SINGLE_SELECT,false,false,false,true,true,false,false,,2,Yok;6 Ay;12 Ay;24 Ay,plan,generic
Endüstriyel ve Ticari Ürünler › Endüstriyel Makineler › Gıda Makineleri › Hamur Yoğurma,Renk,renk,COLOR,false,true,true,true,true,false,true,,1,Siyah;Beyaz;Gri;Mavi;Kırmızı;Diğer,plan,generic plan — refine per leaf in FAZ A
Endüstriyel ve Ticari Ürünler › Endüstriyel Makineler › Gıda Makineleri › Hamur Yoğurma,Garanti,garanti,SINGLE_SELECT,false,false,false,true,true,false,false,,2,Yok;6 Ay;12 Ay;24 Ay,plan,generic
Endüstriyel ve Ticari Ürünler › Endüstriyel Makineler › Gıda Makineleri › Dilimleme Makinesi,Renk,renk,COLOR,false,true,true,true,true,false,true,,1,Siyah;Beyaz;Gri;Mavi;Kırmızı;Diğer,plan,generic plan — refine per leaf in FAZ A
Endüstriyel ve Ticari Ürünler › Endüstriyel Makineler › Gıda Makineleri › Dilimleme Makinesi,Garanti,garanti,SINGLE_SELECT,false,false,false,true,true,false,false,,2,Yok;6 Ay;12 Ay;24 Ay,plan,generic
Endüstriyel ve Ticari Ürünler › Endüstriyel Makineler › Gıda Makineleri › Et Kıyma Makinesi,Renk,renk,COLOR,false,true,true,true,true,false,true,,1,Siyah;Beyaz;Gri;Mavi;Kırmızı;Diğer,plan,generic plan — refine per leaf in FAZ A
Endüstriyel ve Ticari Ürünler › Endüstriyel Makineler › Gıda Makineleri › Et Kıyma Makinesi,Garanti,garanti,SINGLE_SELECT,false,false,false,true,true,false,false,,2,Yok;6 Ay;12 Ay;24 Ay,plan,generic
Endüstriyel ve Ticari Ürünler › Endüstriyel Makineler › Gıda Makineleri › Vakum Makinesi,Renk,renk,COLOR,false,true,true,true,true,false,true,,1,Siyah;Beyaz;Gri;Mavi;Kırmızı;Diğer,plan,generic plan — refine per leaf in FAZ A
Endüstriyel ve Ticari Ürünler › Endüstriyel Makineler › Gıda Makineleri › Vakum Makinesi,Garanti,garanti,SINGLE_SELECT,false,false,false,true,true,false,false,,2,Yok;6 Ay;12 Ay;24 Ay,plan,generic
Endüstriyel ve Ticari Ürünler › Endüstriyel Makineler › Gıda Makineleri › Endüstriyel Mikser,Renk,renk,COLOR,false,true,true,true,true,false,true,,1,Siyah;Beyaz;Gri;Mavi;Kırmızı;Diğer,plan,generic plan — refine per leaf in FAZ A
Endüstriyel ve Ticari Ürünler › Endüstriyel Makineler › Gıda Makineleri › Endüstriyel Mikser,Garanti,garanti,SINGLE_SELECT,false,false,false,true,true,false,false,,2,Yok;6 Ay;12 Ay;24 Ay,plan,generic
Endüstriyel ve Ticari Ürünler › Endüstriyel Makineler › Gıda Makineleri › Fritöz,Renk,renk,COLOR,false,true,true,true,true,false,true,,1,Siyah;Beyaz;Gri;Mavi;Kırmızı;Diğer,plan,generic plan — refine per leaf in FAZ A
Endüstriyel ve Ticari Ürünler › Endüstriyel Makineler › Gıda Makineleri › Fritöz,Garanti,garanti,SINGLE_SELECT,false,false,false,true,true,false,false,,2,Yok;6 Ay;12 Ay;24 Ay,plan,generic
Endüstriyel ve Ticari Ürünler › Depo ve Lojistik › Depolama › Depo Rafı,Renk,renk,COLOR,false,true,true,true,true,false,true,,1,Siyah;Beyaz;Gri;Mavi;Kırmızı;Diğer,plan,generic plan — refine per leaf in FAZ A
Endüstriyel ve Ticari Ürünler › Depo ve Lojistik › Depolama › Depo Rafı,Garanti,garanti,SINGLE_SELECT,false,false,false,true,true,false,false,,2,Yok;6 Ay;12 Ay;24 Ay,plan,generic
Endüstriyel ve Ticari Ürünler › Depo ve Lojistik › Depolama › Çelik Raf,Renk,renk,COLOR,false,true,true,true,true,false,true,,1,Siyah;Beyaz;Gri;Mavi;Kırmızı;Diğer,plan,generic plan — refine per leaf in FAZ A
Endüstriyel ve Ticari Ürünler › Depo ve Lojistik › Depolama › Çelik Raf,Garanti,garanti,SINGLE_SELECT,false,false,false,true,true,false,false,,2,Yok;6 Ay;12 Ay;24 Ay,plan,generic
Endüstriyel ve Ticari Ürünler › Depo ve Lojistik › Depolama › Plastik Kasa,Renk,renk,COLOR,false,true,true,true,true,false,true,,1,Siyah;Beyaz;Gri;Mavi;Kırmızı;Diğer,plan,generic plan — refine per leaf in FAZ A
Endüstriyel ve Ticari Ürünler › Depo ve Lojistik › Depolama › Plastik Kasa,Garanti,garanti,SINGLE_SELECT,false,false,false,true,true,false,false,,2,Yok;6 Ay;12 Ay;24 Ay,plan,generic
Endüstriyel ve Ticari Ürünler › Depo ve Lojistik › Depolama › Palet,Renk,renk,COLOR,false,true,true,true,true,false,true,,1,Siyah;Beyaz;Gri;Mavi;Kırmızı;Diğer,plan,generic plan — refine per leaf in FAZ A
Endüstriyel ve Ticari Ürünler › Depo ve Lojistik › Depolama › Palet,Garanti,garanti,SINGLE_SELECT,false,false,false,true,true,false,false,,2,Yok;6 Ay;12 Ay;24 Ay,plan,generic
Endüstriyel ve Ticari Ürünler › Depo ve Lojistik › Depolama › İstif Kutusu,Renk,renk,COLOR,false,true,true,true,true,false,true,,1,Siyah;Beyaz;Gri;Mavi;Kırmızı;Diğer,plan,generic plan — refine per leaf in FAZ A
Endüstriyel ve Ticari Ürünler › Depo ve Lojistik › Depolama › İstif Kutusu,Garanti,garanti,SINGLE_SELECT,false,false,false,true,true,false,false,,2,Yok;6 Ay;12 Ay;24 Ay,plan,generic
Endüstriyel ve Ticari Ürünler › Depo ve Lojistik › Depolama › Dolap,Renk,renk,COLOR,false,true,true,true,true,false,true,,1,Siyah;Beyaz;Gri;Mavi;Kırmızı;Diğer,plan,generic plan — refine per leaf in FAZ A
Endüstriyel ve Ticari Ürünler › Depo ve Lojistik › Depolama › Dolap,Garanti,garanti,SINGLE_SELECT,false,false,false,true,true,false,false,,2,Yok;6 Ay;12 Ay;24 Ay,plan,generic
Endüstriyel ve Ticari Ürünler › Depo ve Lojistik › Taşıma › Transpalet,Renk,renk,COLOR,false,true,true,true,true,false,true,,1,Siyah;Beyaz;Gri;Mavi;Kırmızı;Diğer,plan,generic plan — refine per leaf in FAZ A
Endüstriyel ve Ticari Ürünler › Depo ve Lojistik › Taşıma › Transpalet,Garanti,garanti,SINGLE_SELECT,false,false,false,true,true,false,false,,2,Yok;6 Ay;12 Ay;24 Ay,plan,generic
Endüstriyel ve Ticari Ürünler › Depo ve Lojistik › Taşıma › İstif Makinesi,Renk,renk,COLOR,false,true,true,true,true,false,true,,1,Siyah;Beyaz;Gri;Mavi;Kırmızı;Diğer,plan,generic plan — refine per leaf in FAZ A
Endüstriyel ve Ticari Ürünler › Depo ve Lojistik › Taşıma › İstif Makinesi,Garanti,garanti,SINGLE_SELECT,false,false,false,true,true,false,false,,2,Yok;6 Ay;12 Ay;24 Ay,plan,generic
Endüstriyel ve Ticari Ürünler › Depo ve Lojistik › Taşıma › Platform Arabası,Renk,renk,COLOR,false,true,true,true,true,false,true,,1,Siyah;Beyaz;Gri;Mavi;Kırmızı;Diğer,plan,generic plan — refine per leaf in FAZ A
Endüstriyel ve Ticari Ürünler › Depo ve Lojistik › Taşıma › Platform Arabası,Garanti,garanti,SINGLE_SELECT,false,false,false,true,true,false,false,,2,Yok;6 Ay;12 Ay;24 Ay,plan,generic
Endüstriyel ve Ticari Ürünler › Depo ve Lojistik › Taşıma › El Arabası,Renk,renk,COLOR,false,true,true,true,true,false,true,,1,Siyah;Beyaz;Gri;Mavi;Kırmızı;Diğer,plan,generic plan — refine per leaf in FAZ A
Endüstriyel ve Ticari Ürünler › Depo ve Lojistik › Taşıma › El Arabası,Garanti,garanti,SINGLE_SELECT,false,false,false,true,true,false,false,,2,Yok;6 Ay;12 Ay;24 Ay,plan,generic
Endüstriyel ve Ticari Ürünler › Depo ve Lojistik › Taşıma › Konveyör,Renk,renk,COLOR,false,true,true,true,true,false,true,,1,Siyah;Beyaz;Gri;Mavi;Kırmızı;Diğer,plan,generic plan — refine per leaf in FAZ A
Endüstriyel ve Ticari Ürünler › Depo ve Lojistik › Taşıma › Konveyör,Garanti,garanti,SINGLE_SELECT,false,false,false,true,true,false,false,,2,Yok;6 Ay;12 Ay;24 Ay,plan,generic
Endüstriyel ve Ticari Ürünler › Depo ve Lojistik › Taşıma › Forklift Ataşmanı,Renk,renk,COLOR,false,true,true,true,true,false,true,,1,Siyah;Beyaz;Gri;Mavi;Kırmızı;Diğer,plan,generic plan — refine per leaf in FAZ A
Endüstriyel ve Ticari Ürünler › Depo ve Lojistik › Taşıma › Forklift Ataşmanı,Garanti,garanti,SINGLE_SELECT,false,false,false,true,true,false,false,,2,Yok;6 Ay;12 Ay;24 Ay,plan,generic
Endüstriyel ve Ticari Ürünler › Mağaza ve Market › Mağaza Ekipmanları › Raf Sistemi,Renk,renk,COLOR,false,true,true,true,true,false,true,,1,Siyah;Beyaz;Gri;Mavi;Kırmızı;Diğer,plan,generic plan — refine per leaf in FAZ A
Endüstriyel ve Ticari Ürünler › Mağaza ve Market › Mağaza Ekipmanları › Raf Sistemi,Garanti,garanti,SINGLE_SELECT,false,false,false,true,true,false,false,,2,Yok;6 Ay;12 Ay;24 Ay,plan,generic
Endüstriyel ve Ticari Ürünler › Mağaza ve Market › Mağaza Ekipmanları › Vitrin,Renk,renk,COLOR,false,true,true,true,true,false,true,,1,Siyah;Beyaz;Gri;Mavi;Kırmızı;Diğer,plan,generic plan — refine per leaf in FAZ A
Endüstriyel ve Ticari Ürünler › Mağaza ve Market › Mağaza Ekipmanları › Vitrin,Garanti,garanti,SINGLE_SELECT,false,false,false,true,true,false,false,,2,Yok;6 Ay;12 Ay;24 Ay,plan,generic
Endüstriyel ve Ticari Ürünler › Mağaza ve Market › Mağaza Ekipmanları › Askılık,Renk,renk,COLOR,false,true,true,true,true,false,true,,1,Siyah;Beyaz;Gri;Mavi;Kırmızı;Diğer,plan,generic plan — refine per leaf in FAZ A
Endüstriyel ve Ticari Ürünler › Mağaza ve Market › Mağaza Ekipmanları › Askılık,Garanti,garanti,SINGLE_SELECT,false,false,false,true,true,false,false,,2,Yok;6 Ay;12 Ay;24 Ay,plan,generic
Endüstriyel ve Ticari Ürünler › Mağaza ve Market › Mağaza Ekipmanları › Manken,Renk,renk,COLOR,false,true,true,true,true,false,true,,1,Siyah;Beyaz;Gri;Mavi;Kırmızı;Diğer,plan,generic plan — refine per leaf in FAZ A
Endüstriyel ve Ticari Ürünler › Mağaza ve Market › Mağaza Ekipmanları › Manken,Garanti,garanti,SINGLE_SELECT,false,false,false,true,true,false,false,,2,Yok;6 Ay;12 Ay;24 Ay,plan,generic
Endüstriyel ve Ticari Ürünler › Mağaza ve Market › Mağaza Ekipmanları › Kasa Bankosu,Renk,renk,COLOR,false,true,true,true,true,false,true,,1,Siyah;Beyaz;Gri;Mavi;Kırmızı;Diğer,plan,generic plan — refine per leaf in FAZ A
Endüstriyel ve Ticari Ürünler › Mağaza ve Market › Mağaza Ekipmanları › Kasa Bankosu,Garanti,garanti,SINGLE_SELECT,false,false,false,true,true,false,false,,2,Yok;6 Ay;12 Ay;24 Ay,plan,generic
Endüstriyel ve Ticari Ürünler › Mağaza ve Market › Mağaza Ekipmanları › Fiyat Etiketi,Renk,renk,COLOR,false,true,true,true,true,false,true,,1,Siyah;Beyaz;Gri;Mavi;Kırmızı;Diğer,plan,generic plan — refine per leaf in FAZ A
Endüstriyel ve Ticari Ürünler › Mağaza ve Market › Mağaza Ekipmanları › Fiyat Etiketi,Garanti,garanti,SINGLE_SELECT,false,false,false,true,true,false,false,,2,Yok;6 Ay;12 Ay;24 Ay,plan,generic
Endüstriyel ve Ticari Ürünler › Mağaza ve Market › Ödeme ve Otomasyon › Yazar Kasa,Renk,renk,COLOR,false,true,true,true,true,false,true,,1,Siyah;Beyaz;Gri;Mavi;Kırmızı;Diğer,plan,generic plan — refine per leaf in FAZ A
Endüstriyel ve Ticari Ürünler › Mağaza ve Market › Ödeme ve Otomasyon › Yazar Kasa,Garanti,garanti,SINGLE_SELECT,false,false,false,true,true,false,false,,2,Yok;6 Ay;12 Ay;24 Ay,plan,generic
Endüstriyel ve Ticari Ürünler › Mağaza ve Market › Ödeme ve Otomasyon › POS Terminali,Renk,renk,COLOR,false,true,true,true,true,false,true,,1,Siyah;Beyaz;Gri;Mavi;Kırmızı;Diğer,plan,generic plan — refine per leaf in FAZ A
Endüstriyel ve Ticari Ürünler › Mağaza ve Market › Ödeme ve Otomasyon › POS Terminali,Garanti,garanti,SINGLE_SELECT,false,false,false,true,true,false,false,,2,Yok;6 Ay;12 Ay;24 Ay,plan,generic
Endüstriyel ve Ticari Ürünler › Mağaza ve Market › Ödeme ve Otomasyon › Barkod Okuyucu,Renk,renk,COLOR,false,true,true,true,true,false,true,,1,Siyah;Beyaz;Gri;Mavi;Kırmızı;Diğer,plan,generic plan — refine per leaf in FAZ A
Endüstriyel ve Ticari Ürünler › Mağaza ve Market › Ödeme ve Otomasyon › Barkod Okuyucu,Garanti,garanti,SINGLE_SELECT,false,false,false,true,true,false,false,,2,Yok;6 Ay;12 Ay;24 Ay,plan,generic
Endüstriyel ve Ticari Ürünler › Mağaza ve Market › Ödeme ve Otomasyon › Etiket Yazıcı,Renk,renk,COLOR,false,true,true,true,true,false,true,,1,Siyah;Beyaz;Gri;Mavi;Kırmızı;Diğer,plan,generic plan — refine per leaf in FAZ A
Endüstriyel ve Ticari Ürünler › Mağaza ve Market › Ödeme ve Otomasyon › Etiket Yazıcı,Garanti,garanti,SINGLE_SELECT,false,false,false,true,true,false,false,,2,Yok;6 Ay;12 Ay;24 Ay,plan,generic
Endüstriyel ve Ticari Ürünler › Mağaza ve Market › Ödeme ve Otomasyon › Para Çekmecesi,Renk,renk,COLOR,false,true,true,true,true,false,true,,1,Siyah;Beyaz;Gri;Mavi;Kırmızı;Diğer,plan,generic plan — refine per leaf in FAZ A
Endüstriyel ve Ticari Ürünler › Mağaza ve Market › Ödeme ve Otomasyon › Para Çekmecesi,Garanti,garanti,SINGLE_SELECT,false,false,false,true,true,false,false,,2,Yok;6 Ay;12 Ay;24 Ay,plan,generic
Endüstriyel ve Ticari Ürünler › Mağaza ve Market › Ödeme ve Otomasyon › Terazi,Renk,renk,COLOR,false,true,true,true,true,false,true,,1,Siyah;Beyaz;Gri;Mavi;Kırmızı;Diğer,plan,generic plan — refine per leaf in FAZ A
Endüstriyel ve Ticari Ürünler › Mağaza ve Market › Ödeme ve Otomasyon › Terazi,Garanti,garanti,SINGLE_SELECT,false,false,false,true,true,false,false,,2,Yok;6 Ay;12 Ay;24 Ay,plan,generic
Endüstriyel ve Ticari Ürünler › Mağaza ve Market › Soğutma › Market Dolabı,Renk,renk,COLOR,false,true,true,true,true,false,true,,1,Siyah;Beyaz;Gri;Mavi;Kırmızı;Diğer,plan,generic plan — refine per leaf in FAZ A
Endüstriyel ve Ticari Ürünler › Mağaza ve Market › Soğutma › Market Dolabı,Garanti,garanti,SINGLE_SELECT,false,false,false,true,true,false,false,,2,Yok;6 Ay;12 Ay;24 Ay,plan,generic
Endüstriyel ve Ticari Ürünler › Mağaza ve Market › Soğutma › Şarküteri Dolabı,Renk,renk,COLOR,false,true,true,true,true,false,true,,1,Siyah;Beyaz;Gri;Mavi;Kırmızı;Diğer,plan,generic plan — refine per leaf in FAZ A
Endüstriyel ve Ticari Ürünler › Mağaza ve Market › Soğutma › Şarküteri Dolabı,Garanti,garanti,SINGLE_SELECT,false,false,false,true,true,false,false,,2,Yok;6 Ay;12 Ay;24 Ay,plan,generic
Endüstriyel ve Ticari Ürünler › Mağaza ve Market › Soğutma › Dondurma Reyonu,Renk,renk,COLOR,false,true,true,true,true,false,true,,1,Siyah;Beyaz;Gri;Mavi;Kırmızı;Diğer,plan,generic plan — refine per leaf in FAZ A
Endüstriyel ve Ticari Ürünler › Mağaza ve Market › Soğutma › Dondurma Reyonu,Garanti,garanti,SINGLE_SELECT,false,false,false,true,true,false,false,,2,Yok;6 Ay;12 Ay;24 Ay,plan,generic
Endüstriyel ve Ticari Ürünler › Mağaza ve Market › Soğutma › Soğuk Oda Ekipmanı,Renk,renk,COLOR,false,true,true,true,true,false,true,,1,Siyah;Beyaz;Gri;Mavi;Kırmızı;Diğer,plan,generic plan — refine per leaf in FAZ A
Endüstriyel ve Ticari Ürünler › Mağaza ve Market › Soğutma › Soğuk Oda Ekipmanı,Garanti,garanti,SINGLE_SELECT,false,false,false,true,true,false,false,,2,Yok;6 Ay;12 Ay;24 Ay,plan,generic
Endüstriyel ve Ticari Ürünler › Restoran ve Otel › Mutfak Ekipmanları › Endüstriyel Fırın,Renk,renk,COLOR,false,true,true,true,true,false,true,,1,Siyah;Beyaz;Gri;Mavi;Kırmızı;Diğer,plan,generic plan — refine per leaf in FAZ A
Endüstriyel ve Ticari Ürünler › Restoran ve Otel › Mutfak Ekipmanları › Endüstriyel Fırın,Garanti,garanti,SINGLE_SELECT,false,false,false,true,true,false,false,,2,Yok;6 Ay;12 Ay;24 Ay,plan,generic
Endüstriyel ve Ticari Ürünler › Restoran ve Otel › Mutfak Ekipmanları › Endüstriyel Ocak,Renk,renk,COLOR,false,true,true,true,true,false,true,,1,Siyah;Beyaz;Gri;Mavi;Kırmızı;Diğer,plan,generic plan — refine per leaf in FAZ A
Endüstriyel ve Ticari Ürünler › Restoran ve Otel › Mutfak Ekipmanları › Endüstriyel Ocak,Garanti,garanti,SINGLE_SELECT,false,false,false,true,true,false,false,,2,Yok;6 Ay;12 Ay;24 Ay,plan,generic
Endüstriyel ve Ticari Ürünler › Restoran ve Otel › Mutfak Ekipmanları › Endüstriyel Bulaşık,Renk,renk,COLOR,false,true,true,true,true,false,true,,1,Siyah;Beyaz;Gri;Mavi;Kırmızı;Diğer,plan,generic plan — refine per leaf in FAZ A
Endüstriyel ve Ticari Ürünler › Restoran ve Otel › Mutfak Ekipmanları › Endüstriyel Bulaşık,Garanti,garanti,SINGLE_SELECT,false,false,false,true,true,false,false,,2,Yok;6 Ay;12 Ay;24 Ay,plan,generic
Endüstriyel ve Ticari Ürünler › Restoran ve Otel › Mutfak Ekipmanları › Davlumbaz,Renk,renk,COLOR,false,true,true,true,true,false,true,,1,Siyah;Beyaz;Gri;Mavi;Kırmızı;Diğer,plan,generic plan — refine per leaf in FAZ A
Endüstriyel ve Ticari Ürünler › Restoran ve Otel › Mutfak Ekipmanları › Davlumbaz,Garanti,garanti,SINGLE_SELECT,false,false,false,true,true,false,false,,2,Yok;6 Ay;12 Ay;24 Ay,plan,generic
Endüstriyel ve Ticari Ürünler › Restoran ve Otel › Mutfak Ekipmanları › Hazırlık Tezgahı,Renk,renk,COLOR,false,true,true,true,true,false,true,,1,Siyah;Beyaz;Gri;Mavi;Kırmızı;Diğer,plan,generic plan — refine per leaf in FAZ A
Endüstriyel ve Ticari Ürünler › Restoran ve Otel › Mutfak Ekipmanları › Hazırlık Tezgahı,Garanti,garanti,SINGLE_SELECT,false,false,false,true,true,false,false,,2,Yok;6 Ay;12 Ay;24 Ay,plan,generic
Endüstriyel ve Ticari Ürünler › Restoran ve Otel › Servis Ekipmanları › Servis Arabası,Renk,renk,COLOR,false,true,true,true,true,false,true,,1,Siyah;Beyaz;Gri;Mavi;Kırmızı;Diğer,plan,generic plan — refine per leaf in FAZ A
Endüstriyel ve Ticari Ürünler › Restoran ve Otel › Servis Ekipmanları › Servis Arabası,Garanti,garanti,SINGLE_SELECT,false,false,false,true,true,false,false,,2,Yok;6 Ay;12 Ay;24 Ay,plan,generic
Endüstriyel ve Ticari Ürünler › Restoran ve Otel › Servis Ekipmanları › Benmari,Renk,renk,COLOR,false,true,true,true,true,false,true,,1,Siyah;Beyaz;Gri;Mavi;Kırmızı;Diğer,plan,generic plan — refine per leaf in FAZ A
Endüstriyel ve Ticari Ürünler › Restoran ve Otel › Servis Ekipmanları › Benmari,Garanti,garanti,SINGLE_SELECT,false,false,false,true,true,false,false,,2,Yok;6 Ay;12 Ay;24 Ay,plan,generic
Endüstriyel ve Ticari Ürünler › Restoran ve Otel › Servis Ekipmanları › Çay Kazanı,Renk,renk,COLOR,false,true,true,true,true,false,true,,1,Siyah;Beyaz;Gri;Mavi;Kırmızı;Diğer,plan,generic plan — refine per leaf in FAZ A
Endüstriyel ve Ticari Ürünler › Restoran ve Otel › Servis Ekipmanları › Çay Kazanı,Garanti,garanti,SINGLE_SELECT,false,false,false,true,true,false,false,,2,Yok;6 Ay;12 Ay;24 Ay,plan,generic
Endüstriyel ve Ticari Ürünler › Restoran ve Otel › Servis Ekipmanları › Kahve Makinesi,Renk,renk,COLOR,false,true,true,true,true,false,true,,1,Siyah;Beyaz;Gri;Mavi;Kırmızı;Diğer,plan,generic plan — refine per leaf in FAZ A
Endüstriyel ve Ticari Ürünler › Restoran ve Otel › Servis Ekipmanları › Kahve Makinesi,Garanti,garanti,SINGLE_SELECT,false,false,false,true,true,false,false,,2,Yok;6 Ay;12 Ay;24 Ay,plan,generic
Endüstriyel ve Ticari Ürünler › Restoran ve Otel › Servis Ekipmanları › Buz Makinesi,Renk,renk,COLOR,false,true,true,true,true,false,true,,1,Siyah;Beyaz;Gri;Mavi;Kırmızı;Diğer,plan,generic plan — refine per leaf in FAZ A
Endüstriyel ve Ticari Ürünler › Restoran ve Otel › Servis Ekipmanları › Buz Makinesi,Garanti,garanti,SINGLE_SELECT,false,false,false,true,true,false,false,,2,Yok;6 Ay;12 Ay;24 Ay,plan,generic
Endüstriyel ve Ticari Ürünler › Restoran ve Otel › Otel Ekipmanları › Mini Bar,Renk,renk,COLOR,false,true,true,true,true,false,true,,1,Siyah;Beyaz;Gri;Mavi;Kırmızı;Diğer,plan,generic plan — refine per leaf in FAZ A
Endüstriyel ve Ticari Ürünler › Restoran ve Otel › Otel Ekipmanları › Mini Bar,Garanti,garanti,SINGLE_SELECT,false,false,false,true,true,false,false,,2,Yok;6 Ay;12 Ay;24 Ay,plan,generic
Endüstriyel ve Ticari Ürünler › Restoran ve Otel › Otel Ekipmanları › Otel Tipi Kasa,Renk,renk,COLOR,false,true,true,true,true,false,true,,1,Siyah;Beyaz;Gri;Mavi;Kırmızı;Diğer,plan,generic plan — refine per leaf in FAZ A
Endüstriyel ve Ticari Ürünler › Restoran ve Otel › Otel Ekipmanları › Otel Tipi Kasa,Garanti,garanti,SINGLE_SELECT,false,false,false,true,true,false,false,,2,Yok;6 Ay;12 Ay;24 Ay,plan,generic
Endüstriyel ve Ticari Ürünler › Restoran ve Otel › Otel Ekipmanları › Bagaj Arabası,Renk,renk,COLOR,false,true,true,true,true,false,true,,1,Siyah;Beyaz;Gri;Mavi;Kırmızı;Diğer,plan,generic plan — refine per leaf in FAZ A
Endüstriyel ve Ticari Ürünler › Restoran ve Otel › Otel Ekipmanları › Bagaj Arabası,Garanti,garanti,SINGLE_SELECT,false,false,false,true,true,false,false,,2,Yok;6 Ay;12 Ay;24 Ay,plan,generic
Endüstriyel ve Ticari Ürünler › Restoran ve Otel › Otel Ekipmanları › Kat Arabası,Renk,renk,COLOR,false,true,true,true,true,false,true,,1,Siyah;Beyaz;Gri;Mavi;Kırmızı;Diğer,plan,generic plan — refine per leaf in FAZ A
Endüstriyel ve Ticari Ürünler › Restoran ve Otel › Otel Ekipmanları › Kat Arabası,Garanti,garanti,SINGLE_SELECT,false,false,false,true,true,false,false,,2,Yok;6 Ay;12 Ay;24 Ay,plan,generic
Endüstriyel ve Ticari Ürünler › Restoran ve Otel › Otel Ekipmanları › Otel Tekstili,Renk,renk,COLOR,false,true,true,true,true,false,true,,1,Siyah;Beyaz;Gri;Mavi;Kırmızı;Diğer,plan,generic plan — refine per leaf in FAZ A
Endüstriyel ve Ticari Ürünler › Restoran ve Otel › Otel Ekipmanları › Otel Tekstili,Garanti,garanti,SINGLE_SELECT,false,false,false,true,true,false,false,,2,Yok;6 Ay;12 Ay;24 Ay,plan,generic
Endüstriyel ve Ticari Ürünler › İş Güvenliği › Kişisel Koruyucu › Baret,Renk,renk,COLOR,false,true,true,true,true,false,true,,1,Siyah;Beyaz;Gri;Mavi;Kırmızı;Diğer,plan,generic plan — refine per leaf in FAZ A
Endüstriyel ve Ticari Ürünler › İş Güvenliği › Kişisel Koruyucu › Baret,Garanti,garanti,SINGLE_SELECT,false,false,false,true,true,false,false,,2,Yok;6 Ay;12 Ay;24 Ay,plan,generic
Endüstriyel ve Ticari Ürünler › İş Güvenliği › Kişisel Koruyucu › İş Ayakkabısı,Renk,renk,COLOR,false,true,true,true,true,false,true,,1,Siyah;Beyaz;Gri;Mavi;Kırmızı;Diğer,plan,generic plan — refine per leaf in FAZ A
Endüstriyel ve Ticari Ürünler › İş Güvenliği › Kişisel Koruyucu › İş Ayakkabısı,Garanti,garanti,SINGLE_SELECT,false,false,false,true,true,false,false,,2,Yok;6 Ay;12 Ay;24 Ay,plan,generic
Endüstriyel ve Ticari Ürünler › İş Güvenliği › Kişisel Koruyucu › İş Eldiveni,Renk,renk,COLOR,false,true,true,true,true,false,true,,1,Siyah;Beyaz;Gri;Mavi;Kırmızı;Diğer,plan,generic plan — refine per leaf in FAZ A
Endüstriyel ve Ticari Ürünler › İş Güvenliği › Kişisel Koruyucu › İş Eldiveni,Garanti,garanti,SINGLE_SELECT,false,false,false,true,true,false,false,,2,Yok;6 Ay;12 Ay;24 Ay,plan,generic
Endüstriyel ve Ticari Ürünler › İş Güvenliği › Kişisel Koruyucu › Koruyucu Gözlük,Renk,renk,COLOR,false,true,true,true,true,false,true,,1,Siyah;Beyaz;Gri;Mavi;Kırmızı;Diğer,plan,generic plan — refine per leaf in FAZ A
Endüstriyel ve Ticari Ürünler › İş Güvenliği › Kişisel Koruyucu › Koruyucu Gözlük,Garanti,garanti,SINGLE_SELECT,false,false,false,true,true,false,false,,2,Yok;6 Ay;12 Ay;24 Ay,plan,generic
Endüstriyel ve Ticari Ürünler › İş Güvenliği › Kişisel Koruyucu › Maske,Renk,renk,COLOR,false,true,true,true,true,false,true,,1,Siyah;Beyaz;Gri;Mavi;Kırmızı;Diğer,plan,generic plan — refine per leaf in FAZ A
Endüstriyel ve Ticari Ürünler › İş Güvenliği › Kişisel Koruyucu › Maske,Garanti,garanti,SINGLE_SELECT,false,false,false,true,true,false,false,,2,Yok;6 Ay;12 Ay;24 Ay,plan,generic
Endüstriyel ve Ticari Ürünler › İş Güvenliği › Kişisel Koruyucu › Reflektörlü Yelek,Renk,renk,COLOR,false,true,true,true,true,false,true,,1,Siyah;Beyaz;Gri;Mavi;Kırmızı;Diğer,plan,generic plan — refine per leaf in FAZ A
Endüstriyel ve Ticari Ürünler › İş Güvenliği › Kişisel Koruyucu › Reflektörlü Yelek,Garanti,garanti,SINGLE_SELECT,false,false,false,true,true,false,false,,2,Yok;6 Ay;12 Ay;24 Ay,plan,generic
Endüstriyel ve Ticari Ürünler › İş Güvenliği › Kişisel Koruyucu › Emniyet Kemeri,Renk,renk,COLOR,false,true,true,true,true,false,true,,1,Siyah;Beyaz;Gri;Mavi;Kırmızı;Diğer,plan,generic plan — refine per leaf in FAZ A
Endüstriyel ve Ticari Ürünler › İş Güvenliği › Kişisel Koruyucu › Emniyet Kemeri,Garanti,garanti,SINGLE_SELECT,false,false,false,true,true,false,false,,2,Yok;6 Ay;12 Ay;24 Ay,plan,generic
Endüstriyel ve Ticari Ürünler › İş Güvenliği › İşyeri Güvenliği › Yangın Söndürücü,Renk,renk,COLOR,false,true,true,true,true,false,true,,1,Siyah;Beyaz;Gri;Mavi;Kırmızı;Diğer,plan,generic plan — refine per leaf in FAZ A
Endüstriyel ve Ticari Ürünler › İş Güvenliği › İşyeri Güvenliği › Yangın Söndürücü,Garanti,garanti,SINGLE_SELECT,false,false,false,true,true,false,false,,2,Yok;6 Ay;12 Ay;24 Ay,plan,generic
Endüstriyel ve Ticari Ürünler › İş Güvenliği › İşyeri Güvenliği › Uyarı Levhası,Renk,renk,COLOR,false,true,true,true,true,false,true,,1,Siyah;Beyaz;Gri;Mavi;Kırmızı;Diğer,plan,generic plan — refine per leaf in FAZ A
Endüstriyel ve Ticari Ürünler › İş Güvenliği › İşyeri Güvenliği › Uyarı Levhası,Garanti,garanti,SINGLE_SELECT,false,false,false,true,true,false,false,,2,Yok;6 Ay;12 Ay;24 Ay,plan,generic
Endüstriyel ve Ticari Ürünler › İş Güvenliği › İşyeri Güvenliği › Bariyer,Renk,renk,COLOR,false,true,true,true,true,false,true,,1,Siyah;Beyaz;Gri;Mavi;Kırmızı;Diğer,plan,generic plan — refine per leaf in FAZ A
Endüstriyel ve Ticari Ürünler › İş Güvenliği › İşyeri Güvenliği › Bariyer,Garanti,garanti,SINGLE_SELECT,false,false,false,true,true,false,false,,2,Yok;6 Ay;12 Ay;24 Ay,plan,generic
Endüstriyel ve Ticari Ürünler › İş Güvenliği › İşyeri Güvenliği › İlk Yardım Dolabı,Renk,renk,COLOR,false,true,true,true,true,false,true,,1,Siyah;Beyaz;Gri;Mavi;Kırmızı;Diğer,plan,generic plan — refine per leaf in FAZ A
Endüstriyel ve Ticari Ürünler › İş Güvenliği › İşyeri Güvenliği › İlk Yardım Dolabı,Garanti,garanti,SINGLE_SELECT,false,false,false,true,true,false,false,,2,Yok;6 Ay;12 Ay;24 Ay,plan,generic
Endüstriyel ve Ticari Ürünler › İş Güvenliği › İşyeri Güvenliği › Acil Aydınlatma,Renk,renk,COLOR,false,true,true,true,true,false,true,,1,Siyah;Beyaz;Gri;Mavi;Kırmızı;Diğer,plan,generic plan — refine per leaf in FAZ A
Endüstriyel ve Ticari Ürünler › İş Güvenliği › İşyeri Güvenliği › Acil Aydınlatma,Garanti,garanti,SINGLE_SELECT,false,false,false,true,true,false,false,,2,Yok;6 Ay;12 Ay;24 Ay,plan,generic
Endüstriyel ve Ticari Ürünler › Ofis ve Ticari Teknoloji › Kurumsal Donanım › Sunucu,Renk,renk,COLOR,false,true,true,true,true,false,true,,1,Siyah;Beyaz;Gri;Mavi;Kırmızı;Diğer,plan,generic plan — refine per leaf in FAZ A
Endüstriyel ve Ticari Ürünler › Ofis ve Ticari Teknoloji › Kurumsal Donanım › Sunucu,Garanti,garanti,SINGLE_SELECT,false,false,false,true,true,false,false,,2,Yok;6 Ay;12 Ay;24 Ay,plan,generic
Endüstriyel ve Ticari Ürünler › Ofis ve Ticari Teknoloji › Kurumsal Donanım › Rack Kabin,Renk,renk,COLOR,false,true,true,true,true,false,true,,1,Siyah;Beyaz;Gri;Mavi;Kırmızı;Diğer,plan,generic plan — refine per leaf in FAZ A
Endüstriyel ve Ticari Ürünler › Ofis ve Ticari Teknoloji › Kurumsal Donanım › Rack Kabin,Garanti,garanti,SINGLE_SELECT,false,false,false,true,true,false,false,,2,Yok;6 Ay;12 Ay;24 Ay,plan,generic
Endüstriyel ve Ticari Ürünler › Ofis ve Ticari Teknoloji › Kurumsal Donanım › UPS,Renk,renk,COLOR,false,true,true,true,true,false,true,,1,Siyah;Beyaz;Gri;Mavi;Kırmızı;Diğer,plan,generic plan — refine per leaf in FAZ A
Endüstriyel ve Ticari Ürünler › Ofis ve Ticari Teknoloji › Kurumsal Donanım › UPS,Garanti,garanti,SINGLE_SELECT,false,false,false,true,true,false,false,,2,Yok;6 Ay;12 Ay;24 Ay,plan,generic
Endüstriyel ve Ticari Ürünler › Ofis ve Ticari Teknoloji › Kurumsal Donanım › Switch,Renk,renk,COLOR,false,true,true,true,true,false,true,,1,Siyah;Beyaz;Gri;Mavi;Kırmızı;Diğer,plan,generic plan — refine per leaf in FAZ A
Endüstriyel ve Ticari Ürünler › Ofis ve Ticari Teknoloji › Kurumsal Donanım › Switch,Garanti,garanti,SINGLE_SELECT,false,false,false,true,true,false,false,,2,Yok;6 Ay;12 Ay;24 Ay,plan,generic
Endüstriyel ve Ticari Ürünler › Ofis ve Ticari Teknoloji › Kurumsal Donanım › Kurumsal Yazıcı,Renk,renk,COLOR,false,true,true,true,true,false,true,,1,Siyah;Beyaz;Gri;Mavi;Kırmızı;Diğer,plan,generic plan — refine per leaf in FAZ A
Endüstriyel ve Ticari Ürünler › Ofis ve Ticari Teknoloji › Kurumsal Donanım › Kurumsal Yazıcı,Garanti,garanti,SINGLE_SELECT,false,false,false,true,true,false,false,,2,Yok;6 Ay;12 Ay;24 Ay,plan,generic
Endüstriyel ve Ticari Ürünler › Ofis ve Ticari Teknoloji › Kurumsal Donanım › Video Konferans Sistemi,Renk,renk,COLOR,false,true,true,true,true,false,true,,1,Siyah;Beyaz;Gri;Mavi;Kırmızı;Diğer,plan,generic plan — refine per leaf in FAZ A
Endüstriyel ve Ticari Ürünler › Ofis ve Ticari Teknoloji › Kurumsal Donanım › Video Konferans Sistemi,Garanti,garanti,SINGLE_SELECT,false,false,false,true,true,false,false,,2,Yok;6 Ay;12 Ay;24 Ay,plan,generic
Endüstriyel ve Ticari Ürünler › Ofis ve Ticari Teknoloji › Güvenlik ve Geçiş › Turnike,Renk,renk,COLOR,false,true,true,true,true,false,true,,1,Siyah;Beyaz;Gri;Mavi;Kırmızı;Diğer,plan,generic plan — refine per leaf in FAZ A
Endüstriyel ve Ticari Ürünler › Ofis ve Ticari Teknoloji › Güvenlik ve Geçiş › Turnike,Garanti,garanti,SINGLE_SELECT,false,false,false,true,true,false,false,,2,Yok;6 Ay;12 Ay;24 Ay,plan,generic
Endüstriyel ve Ticari Ürünler › Ofis ve Ticari Teknoloji › Güvenlik ve Geçiş › Kartlı Geçiş,Renk,renk,COLOR,false,true,true,true,true,false,true,,1,Siyah;Beyaz;Gri;Mavi;Kırmızı;Diğer,plan,generic plan — refine per leaf in FAZ A
Endüstriyel ve Ticari Ürünler › Ofis ve Ticari Teknoloji › Güvenlik ve Geçiş › Kartlı Geçiş,Garanti,garanti,SINGLE_SELECT,false,false,false,true,true,false,false,,2,Yok;6 Ay;12 Ay;24 Ay,plan,generic
Endüstriyel ve Ticari Ürünler › Ofis ve Ticari Teknoloji › Güvenlik ve Geçiş › Parmak İzi Cihazı,Renk,renk,COLOR,false,true,true,true,true,false,true,,1,Siyah;Beyaz;Gri;Mavi;Kırmızı;Diğer,plan,generic plan — refine per leaf in FAZ A
Endüstriyel ve Ticari Ürünler › Ofis ve Ticari Teknoloji › Güvenlik ve Geçiş › Parmak İzi Cihazı,Garanti,garanti,SINGLE_SELECT,false,false,false,true,true,false,false,,2,Yok;6 Ay;12 Ay;24 Ay,plan,generic
Endüstriyel ve Ticari Ürünler › Ofis ve Ticari Teknoloji › Güvenlik ve Geçiş › X-Ray Cihazı,Renk,renk,COLOR,false,true,true,true,true,false,true,,1,Siyah;Beyaz;Gri;Mavi;Kırmızı;Diğer,plan,generic plan — refine per leaf in FAZ A
Endüstriyel ve Ticari Ürünler › Ofis ve Ticari Teknoloji › Güvenlik ve Geçiş › X-Ray Cihazı,Garanti,garanti,SINGLE_SELECT,false,false,false,true,true,false,false,,2,Yok;6 Ay;12 Ay;24 Ay,plan,generic
Endüstriyel ve Ticari Ürünler › Ofis ve Ticari Teknoloji › Güvenlik ve Geçiş › Metal Dedektörü,Renk,renk,COLOR,false,true,true,true,true,false,true,,1,Siyah;Beyaz;Gri;Mavi;Kırmızı;Diğer,plan,generic plan — refine per leaf in FAZ A
Endüstriyel ve Ticari Ürünler › Ofis ve Ticari Teknoloji › Güvenlik ve Geçiş › Metal Dedektörü,Garanti,garanti,SINGLE_SELECT,false,false,false,true,true,false,false,,2,Yok;6 Ay;12 Ay;24 Ay,plan,generic
