currentCategoryId,currentName,currentSlug,currentPath,currentParentId,currentRoot,targetName,targetSlug,targetPath,targetParentPath,action,canonicalTargetCategoryId,preserveId,redirectRequired,aliasRequired,splitGroup,mergeGroup,listingCount,productCount,sellerOfferCount,categoryBrandCount,categoryAttributeCount,categoryModelCount,riskLevel,notes
cmsg4wowy001vuzxwe59qnwfj,Elektronik,sifir-urun__elektronik,sifir-urun/elektronik,cms93j5l1001vuz3gboidp5m9,sifir,Elektronik,elektronik,Elektronik,,KEEP,cmsg4wowy001vuzxwe59qnwfj,true,false,false,,,0,0,0,0,0,0,LOW,
cmsg4wox6001xuzxwyd1lcls8,Telefon ve Aksesuar,sifir-urun__elektronik__telefon-ve-aksesuar,sifir-urun/elektronik/telefon-ve-aksesuar,cmsg4wowy001vuzxwe59qnwfj,sifir,Telefon ve Aksesuar,elektronik-telefon-ve-aksesuar,Elektronik › Telefon ve Aksesuar,Elektronik,KEEP,cmsg4wox6001xuzxwyd1lcls8,true,false,false,,,0,0,0,0,0,0,LOW,
,,,,,,Cep Telefonu,elektronik-telefon-ve-aksesuar-cep-telefonu,Elektronik › Telefon ve Aksesuar › Cep Telefonu,Elektronik › Telefon ve Aksesuar,CREATE_NEW,,false,false,false,,,0,0,0,0,0,0,MEDIUM,may receive records from split: split group: phones vs accessories by title/attrs
cmsg3xg0i000vuzdcq5lzaldx,Akıllı Telefon,sifir-urun-cep-telefonu__akilli-telefon,sifir-urun/elektronik/telefon-ve-aksesuar/cep-telefonu/akilli-telefon,cms93j5l8001xuz3gsasrgk49,sifir,Akıllı Telefon,elektronik-telefon-ve-aksesuar-cep-telefonu-akilli-telefon,Elektronik › Telefon ve Aksesuar › Cep Telefonu › Akıllı Telefon,Elektronik › Telefon ve Aksesuar › Cep Telefonu,MOVE,cmsg3xg0i000vuzdcq5lzaldx,true,true,true,,,4,3,7,30,7,58,CRITICAL,move from parent 'Cep Telefonu & Aksesuar' → 'Cep Telefonu'
cmsg3xg11000xuzdczy5pt1ie,Tuşlu Telefon,sifir-urun-cep-telefonu__tuslu-telefon,sifir-urun/elektronik/telefon-ve-aksesuar/cep-telefonu/tuslu-telefon,cms93j5l8001xuz3gsasrgk49,sifir,Tuşlu Telefon,elektronik-telefon-ve-aksesuar-cep-telefonu-tuslu-telefon,Elektronik › Telefon ve Aksesuar › Cep Telefonu › Tuşlu Telefon,Elektronik › Telefon ve Aksesuar › Cep Telefonu,MOVE,cmsg3xg11000xuzdczy5pt1ie,true,true,true,,,9,10,15,30,7,0,CRITICAL,move from parent 'Cep Telefonu & Aksesuar' → 'Cep Telefonu'
,,,,,,Katlanabilir Telefon,elektronik-telefon-ve-aksesuar-cep-telefonu-katlanabilir-telefon,Elektronik › Telefon ve Aksesuar › Cep Telefonu › Katlanabilir Telefon,Elektronik › Telefon ve Aksesuar › Cep Telefonu,CREATE_NEW,,false,false,false,,,0,0,0,0,0,0,MEDIUM,may receive records from split: split group: phones vs accessories by title/attrs
,,,,,,Outdoor Telefon,elektronik-telefon-ve-aksesuar-cep-telefonu-outdoor-telefon,Elektronik › Telefon ve Aksesuar › Cep Telefonu › Outdoor Telefon,Elektronik › Telefon ve Aksesuar › Cep Telefonu,CREATE_NEW,,false,false,false,,,0,0,0,0,0,0,MEDIUM,may receive records from split: split group: phones vs accessories by title/attrs
,,,,,,Telefon Aksesuarları,elektronik-telefon-ve-aksesuar-telefon-aksesuarlari,Elektronik › Telefon ve Aksesuar › Telefon Aksesuarları,Elektronik › Telefon ve Aksesuar,CREATE_NEW,,false,false,false,,,0,0,0,0,0,0,MEDIUM,may receive records from split: split group: phones vs accessories by title/attrs
cmsg3xg34001duzdcb74zdgwf,Telefon Kılıfı,sifir-urun-cep-telefonu__telefon-kilifi,sifir-urun/elektronik/telefon-ve-aksesuar/cep-telefonu/telefon-kilifi,cms93j5l8001xuz3gsasrgk49,sifir,Telefon Kılıfı,elektronik-telefon-ve-aksesuar-telefon-aksesuarlari-telefon-kilifi,Elektronik › Telefon ve Aksesuar › Telefon Aksesuarları › Telefon Kılıfı,Elektronik › Telefon ve Aksesuar › Telefon Aksesuarları,MOVE,cmsg3xg34001duzdcb74zdgwf,true,true,true,,,0,0,0,30,7,0,LOW,move from parent 'Cep Telefonu & Aksesuar' → 'Telefon Aksesuarları'
cmsg3xg3e001fuzdctc7xfww9,Ekran Koruyucu,sifir-urun-cep-telefonu__ekran-koruyucu,sifir-urun/elektronik/telefon-ve-aksesuar/cep-telefonu/ekran-koruyucu,cms93j5l8001xuz3gsasrgk49,sifir,Ekran Koruyucu,elektronik-telefon-ve-aksesuar-telefon-aksesuarlari-ekran-koruyucu,Elektronik › Telefon ve Aksesuar › Telefon Aksesuarları › Ekran Koruyucu,Elektronik › Telefon ve Aksesuar › Telefon Aksesuarları,MOVE,cmsg3xg3e001fuzdctc7xfww9,true,true,true,,,0,0,0,30,7,0,LOW,move from parent 'Cep Telefonu & Aksesuar' → 'Telefon Aksesuarları'
,,,,,,Şarj Adaptörü,elektronik-telefon-ve-aksesuar-telefon-aksesuarlari-sarj-adaptoru,Elektronik › Telefon ve Aksesuar › Telefon Aksesuarları › Şarj Adaptörü,Elektronik › Telefon ve Aksesuar › Telefon Aksesuarları,CREATE_NEW,,false,false,false,,,0,0,0,0,0,0,MEDIUM,may receive records from split: title keyword: powerbank|şarj|adaptör
cmsg3xg3w001juzdc5c71p9y9,Şarj Kablosu,sifir-urun-cep-telefonu__sarj-kablosu,sifir-urun/elektronik/telefon-ve-aksesuar/cep-telefonu/sarj-kablosu,cms93j5l8001xuz3gsasrgk49,sifir,Şarj Kablosu,elektronik-telefon-ve-aksesuar-telefon-aksesuarlari-sarj-kablosu,Elektronik › Telefon ve Aksesuar › Telefon Aksesuarları › Şarj Kablosu,Elektronik › Telefon ve Aksesuar › Telefon Aksesuarları,MOVE,cmsg3xg3w001juzdc5c71p9y9,true,true,true,,,0,0,0,30,7,0,LOW,move from parent 'Cep Telefonu & Aksesuar' → 'Telefon Aksesuarları'
,,,,,,Kablosuz Şarj Cihazı,elektronik-telefon-ve-aksesuar-telefon-aksesuarlari-kablosuz-sarj-cihazi,Elektronik › Telefon ve Aksesuar › Telefon Aksesuarları › Kablosuz Şarj Cihazı,Elektronik › Telefon ve Aksesuar › Telefon Aksesuarları,CREATE_NEW,,false,false,false,,,0,0,0,0,0,0,MEDIUM,may receive records from split: split group: phones vs accessories by title/attrs
,,,,,,Powerbank,elektronik-telefon-ve-aksesuar-telefon-aksesuarlari-powerbank,Elektronik › Telefon ve Aksesuar › Telefon Aksesuarları › Powerbank,Elektronik › Telefon ve Aksesuar › Telefon Aksesuarları,CREATE_NEW,,false,false,false,,,0,0,0,0,0,0,MEDIUM,may receive records from split: title keyword: powerbank|şarj|adaptör
,,,,,,Araç İçi Telefon Tutucu,elektronik-telefon-ve-aksesuar-telefon-aksesuarlari-arac-ici-telefon-tutucu,Elektronik › Telefon ve Aksesuar › Telefon Aksesuarları › Araç İçi Telefon Tutucu,Elektronik › Telefon ve Aksesuar › Telefon Aksesuarları,CREATE_NEW,,false,false,false,,,0,0,0,0,0,0,MEDIUM,may receive records from split: split group: phones vs accessories by title/attrs
,,,,,,Masaüstü Telefon Standı,elektronik-telefon-ve-aksesuar-telefon-aksesuarlari-masaustu-telefon-standi,Elektronik › Telefon ve Aksesuar › Telefon Aksesuarları › Masaüstü Telefon Standı,Elektronik › Telefon ve Aksesuar › Telefon Aksesuarları,CREATE_NEW,,false,false,false,,,0,0,0,0,0,0,MEDIUM,may receive records from split: split group: phones vs accessories by title/attrs
,,,,,,Selfie Çubuğu,elektronik-telefon-ve-aksesuar-telefon-aksesuarlari-selfie-cubugu,Elektronik › Telefon ve Aksesuar › Telefon Aksesuarları › Selfie Çubuğu,Elektronik › Telefon ve Aksesuar › Telefon Aksesuarları,CREATE_NEW,,false,false,false,,,0,0,0,0,0,0,MEDIUM,may receive records from split: split group: phones vs accessories by title/attrs
,,,,,,Bluetooth Kulaklık,elektronik-telefon-ve-aksesuar-telefon-aksesuarlari-bluetooth-kulaklik,Elektronik › Telefon ve Aksesuar › Telefon Aksesuarları › Bluetooth Kulaklık,Elektronik › Telefon ve Aksesuar › Telefon Aksesuarları,CREATE_NEW,,false,false,false,,,0,0,0,0,0,0,MEDIUM,may receive records from split: manual — bluetooth vs general headphone taxonomy
,,,,,,Kablolu Kulaklık,elektronik-telefon-ve-aksesuar-telefon-aksesuarlari-kablolu-kulaklik,Elektronik › Telefon ve Aksesuar › Telefon Aksesuarları › Kablolu Kulaklık,Elektronik › Telefon ve Aksesuar › Telefon Aksesuarları,CREATE_NEW,,false,false,false,,,0,0,0,0,0,0,MEDIUM,may receive records from split: split group: phones vs accessories by title/attrs
,,,,,,Telefon Yedek Parça,elektronik-telefon-ve-aksesuar-telefon-aksesuarlari-telefon-yedek-parca,Elektronik › Telefon ve Aksesuar › Telefon Aksesuarları › Telefon Yedek Parça,Elektronik › Telefon ve Aksesuar › Telefon Aksesuarları,CREATE_NEW,,false,false,false,,,0,0,0,0,0,0,MEDIUM,may receive records from split: split group: phones vs accessories by title/attrs
,,,,,,Giyilebilir Teknoloji,elektronik-telefon-ve-aksesuar-giyilebilir-teknoloji,Elektronik › Telefon ve Aksesuar › Giyilebilir Teknoloji,Elektronik › Telefon ve Aksesuar,CREATE_NEW,,false,false,false,,,0,0,0,0,0,0,LOW,
cmsg3xhtq00c1uzdc4pz4iwjp,Akıllı Saat,sifir-urun-saat-taki__akilli-saat-moda,sifir-urun/sifir-urun-saat-taki/akilli-saat-moda,cms93j5nj002luz3g1ovcvwie,sifir,Akıllı Saat,elektronik-telefon-ve-aksesuar-giyilebilir-teknoloji-akilli-saat,Elektronik › Telefon ve Aksesuar › Giyilebilir Teknoloji › Akıllı Saat,Elektronik › Telefon ve Aksesuar › Giyilebilir Teknoloji,MOVE,cmsg3xhtq00c1uzdc4pz4iwjp,true,true,true,,,0,0,0,18,2,0,LOW,"move from parent 'Saat, Takı & Mücevher' → 'Giyilebilir Teknoloji'"
cmsg3xg2w001buzdcs386yyc7,Akıllı Bileklik,sifir-urun-cep-telefonu__akilli-bileklik,sifir-urun/elektronik/telefon-ve-aksesuar/cep-telefonu/akilli-bileklik,cms93j5l8001xuz3gsasrgk49,sifir,Akıllı Bileklik,elektronik-telefon-ve-aksesuar-giyilebilir-teknoloji-akilli-bileklik,Elektronik › Telefon ve Aksesuar › Giyilebilir Teknoloji › Akıllı Bileklik,Elektronik › Telefon ve Aksesuar › Giyilebilir Teknoloji,MOVE,cmsg3xg2w001buzdcs386yyc7,true,true,true,,,0,0,0,30,7,0,LOW,move from parent 'Cep Telefonu & Aksesuar' → 'Giyilebilir Teknoloji'
,,,,,,Çocuk Akıllı Saati,elektronik-telefon-ve-aksesuar-giyilebilir-teknoloji-cocuk-akilli-saati,Elektronik › Telefon ve Aksesuar › Giyilebilir Teknoloji › Çocuk Akıllı Saati,Elektronik › Telefon ve Aksesuar › Giyilebilir Teknoloji,CREATE_NEW,,false,false,false,,,0,0,0,0,0,0,LOW,
,,,,,,Akıllı Yüzük,elektronik-telefon-ve-aksesuar-giyilebilir-teknoloji-akilli-yuzuk,Elektronik › Telefon ve Aksesuar › Giyilebilir Teknoloji › Akıllı Yüzük,Elektronik › Telefon ve Aksesuar › Giyilebilir Teknoloji,CREATE_NEW,,false,false,false,,,0,0,0,0,0,0,LOW,
,,,,,,GPS Takip Cihazı,elektronik-telefon-ve-aksesuar-giyilebilir-teknoloji-gps-takip-cihazi,Elektronik › Telefon ve Aksesuar › Giyilebilir Teknoloji › GPS Takip Cihazı,Elektronik › Telefon ve Aksesuar › Giyilebilir Teknoloji,CREATE_NEW,,false,false,false,,,0,0,0,0,0,0,LOW,
,,,,,,İletişim Cihazları,elektronik-telefon-ve-aksesuar-iletisim-cihazlari,Elektronik › Telefon ve Aksesuar › İletişim Cihazları,Elektronik › Telefon ve Aksesuar,CREATE_NEW,,false,false,false,,,0,0,0,0,0,0,LOW,
,,,,,,Telsiz,elektronik-telefon-ve-aksesuar-iletisim-cihazlari-telsiz,Elektronik › Telefon ve Aksesuar › İletişim Cihazları › Telsiz,Elektronik › Telefon ve Aksesuar › İletişim Cihazları,CREATE_NEW,,false,false,false,,,0,0,0,0,0,0,LOW,
,,,,,,Sabit Telefon,elektronik-telefon-ve-aksesuar-iletisim-cihazlari-sabit-telefon,Elektronik › Telefon ve Aksesuar › İletişim Cihazları › Sabit Telefon,Elektronik › Telefon ve Aksesuar › İletişim Cihazları,CREATE_NEW,,false,false,false,,,0,0,0,0,0,0,LOW,
,,,,,,IP Telefon,elektronik-telefon-ve-aksesuar-iletisim-cihazlari-ip-telefon,Elektronik › Telefon ve Aksesuar › İletişim Cihazları › IP Telefon,Elektronik › Telefon ve Aksesuar › İletişim Cihazları,CREATE_NEW,,false,false,false,,,0,0,0,0,0,0,LOW,
,,,,,,Uydu Telefonu,elektronik-telefon-ve-aksesuar-iletisim-cihazlari-uydu-telefonu,Elektronik › Telefon ve Aksesuar › İletişim Cihazları › Uydu Telefonu,Elektronik › Telefon ve Aksesuar › İletişim Cihazları,CREATE_NEW,,false,false,false,,,0,0,0,0,0,0,LOW,
,,,,,,Çağrı Cihazı,elektronik-telefon-ve-aksesuar-iletisim-cihazlari-cagri-cihazi,Elektronik › Telefon ve Aksesuar › İletişim Cihazları › Çağrı Cihazı,Elektronik › Telefon ve Aksesuar › İletişim Cihazları,CREATE_NEW,,false,false,false,,,0,0,0,0,0,0,LOW,
cmsg4wozg001zuzxwvdh4i8ko,Bilgisayar ve Tablet,sifir-urun__elektronik__bilgisayar-ve-tablet,sifir-urun/elektronik/bilgisayar-ve-tablet,cmsg4wowy001vuzxwe59qnwfj,sifir,Bilgisayar ve Tablet,elektronik-bilgisayar-ve-tablet,Elektronik › Bilgisayar ve Tablet,Elektronik,KEEP,cmsg4wozg001zuzxwvdh4i8ko,true,false,false,,,0,0,0,0,0,0,LOW,
cms93j5le001zuz3ggzyxcy3i,Bilgisayar,sifir-urun-bilgisayar,sifir-urun/elektronik/bilgisayar-ve-tablet/bilgisayar,cmsg4wozg001zuzxwvdh4i8ko,sifir,Bilgisayar,elektronik-bilgisayar-ve-tablet-bilgisayar,Elektronik › Bilgisayar ve Tablet › Bilgisayar,Elektronik › Bilgisayar ve Tablet,KEEP,cms93j5le001zuz3ggzyxcy3i,true,false,false,,,1,0,0,24,5,0,LOW,
,,,,,,Dizüstü Bilgisayar,elektronik-bilgisayar-ve-tablet-bilgisayar-dizustu-bilgisayar,Elektronik › Bilgisayar ve Tablet › Bilgisayar › Dizüstü Bilgisayar,Elektronik › Bilgisayar ve Tablet › Bilgisayar,CREATE_NEW,,false,false,false,,,0,0,0,0,0,0,LOW,
,,,,,,Masaüstü Bilgisayar,elektronik-bilgisayar-ve-tablet-bilgisayar-masaustu-bilgisayar,Elektronik › Bilgisayar ve Tablet › Bilgisayar › Masaüstü Bilgisayar,Elektronik › Bilgisayar ve Tablet › Bilgisayar,CREATE_NEW,,false,false,false,,,0,0,0,0,0,0,LOW,
,,,,,,Mini PC,elektronik-bilgisayar-ve-tablet-bilgisayar-mini-pc,Elektronik › Bilgisayar ve Tablet › Bilgisayar › Mini PC,Elektronik › Bilgisayar ve Tablet › Bilgisayar,CREATE_NEW,,false,false,false,,,0,0,0,0,0,0,LOW,
cmsg3xgds002luzdcunyr48xv,All-in-One Bilgisayar,sifir-urun-bilgisayar__all-in-one,sifir-urun/elektronik/bilgisayar-ve-tablet/bilgisayar/all-in-one,cms93j5le001zuz3ggzyxcy3i,sifir,All-in-One Bilgisayar,elektronik-bilgisayar-ve-tablet-bilgisayar-all-in-one-bilgisayar,Elektronik › Bilgisayar ve Tablet › Bilgisayar › All-in-One Bilgisayar,Elektronik › Bilgisayar ve Tablet › Bilgisayar,KEEP,cmsg3xgds002luzdcunyr48xv,true,false,false,,,0,0,0,24,5,0,LOW,
,,,,,,İş İstasyonu,elektronik-bilgisayar-ve-tablet-bilgisayar-is-istasyonu,Elektronik › Bilgisayar ve Tablet › Bilgisayar › İş İstasyonu,Elektronik › Bilgisayar ve Tablet › Bilgisayar,CREATE_NEW,,false,false,false,,,0,0,0,0,0,0,LOW,
cmsg3xgck002juzdciuwluxwt,Oyuncu Bilgisayarı,sifir-urun-bilgisayar__oyun-bilgisayari,sifir-urun/elektronik/bilgisayar-ve-tablet/bilgisayar/oyun-bilgisayari,cms93j5le001zuz3ggzyxcy3i,sifir,Oyuncu Bilgisayarı,elektronik-bilgisayar-ve-tablet-bilgisayar-oyuncu-bilgisayari,Elektronik › Bilgisayar ve Tablet › Bilgisayar › Oyuncu Bilgisayarı,Elektronik › Bilgisayar ve Tablet › Bilgisayar,KEEP,cmsg3xgck002juzdciuwluxwt,true,false,false,,,0,0,0,24,5,0,LOW,
,,,,,,Tablet ve E-Kitap,elektronik-bilgisayar-ve-tablet-tablet-ve-e-kitap,Elektronik › Bilgisayar ve Tablet › Tablet ve E-Kitap,Elektronik › Bilgisayar ve Tablet,CREATE_NEW,,false,false,false,,,0,0,0,0,0,0,LOW,
cms93j5ll0021uz3gnjo77yku,Tablet,sifir-urun-tablet,sifir-urun/elektronik/bilgisayar-ve-tablet/tablet,cmsg4wozg001zuzxwvdh4i8ko,sifir,Tablet,elektronik-bilgisayar-ve-tablet-tablet-ve-e-kitap-tablet,Elektronik › Bilgisayar ve Tablet › Tablet ve E-Kitap › Tablet,Elektronik › Bilgisayar ve Tablet › Tablet ve E-Kitap,MOVE,cms93j5ll0021uz3gnjo77yku,true,true,true,,,0,0,0,11,6,0,LOW,move from parent 'Bilgisayar ve Tablet' → 'Tablet ve E-Kitap'
cmsg3xgh4002zuzdcug43agde,Grafik Tablet,sifir-urun-bilgisayar__grafik-tablet,sifir-urun/elektronik/bilgisayar-ve-tablet/bilgisayar/grafik-tablet,cms93j5le001zuz3ggzyxcy3i,sifir,Grafik Tablet,elektronik-bilgisayar-ve-tablet-tablet-ve-e-kitap-grafik-tablet,Elektronik › Bilgisayar ve Tablet › Tablet ve E-Kitap › Grafik Tablet,Elektronik › Bilgisayar ve Tablet › Tablet ve E-Kitap,MOVE,cmsg3xgh4002zuzdcug43agde,true,true,true,,,0,0,0,24,5,0,LOW,move from parent 'Bilgisayar' → 'Tablet ve E-Kitap'
,,,,,,E-Kitap Okuyucu,elektronik-bilgisayar-ve-tablet-tablet-ve-e-kitap-e-kitap-okuyucu,Elektronik › Bilgisayar ve Tablet › Tablet ve E-Kitap › E-Kitap Okuyucu,Elektronik › Bilgisayar ve Tablet › Tablet ve E-Kitap,CREATE_NEW,,false,false,false,,,0,0,0,0,0,0,LOW,
,,,,,,Çocuk Tableti,elektronik-bilgisayar-ve-tablet-tablet-ve-e-kitap-cocuk-tableti,Elektronik › Bilgisayar ve Tablet › Tablet ve E-Kitap › Çocuk Tableti,Elektronik › Bilgisayar ve Tablet › Tablet ve E-Kitap,CREATE_NEW,,false,false,false,,,0,0,0,0,0,0,LOW,
,,,,,,Bilgisayar Bileşenleri,elektronik-bilgisayar-ve-tablet-bilgisayar-bilesenleri,Elektronik › Bilgisayar ve Tablet › Bilgisayar Bileşenleri,Elektronik › Bilgisayar ve Tablet,CREATE_NEW,,false,false,false,,,0,0,0,0,0,0,LOW,
,,,,,,İşlemci,elektronik-bilgisayar-ve-tablet-bilgisayar-bilesenleri-islemci,Elektronik › Bilgisayar ve Tablet › Bilgisayar Bileşenleri › İşlemci,Elektronik › Bilgisayar ve Tablet › Bilgisayar Bileşenleri,CREATE_NEW,,false,false,false,,,0,0,0,0,0,0,LOW,
,,,,,,Anakart,elektronik-bilgisayar-ve-tablet-bilgisayar-bilesenleri-anakart,Elektronik › Bilgisayar ve Tablet › Bilgisayar Bileşenleri › Anakart,Elektronik › Bilgisayar ve Tablet › Bilgisayar Bileşenleri,CREATE_NEW,,false,false,false,,,0,0,0,0,0,0,LOW,
,,,,,,Ekran Kartı,elektronik-bilgisayar-ve-tablet-bilgisayar-bilesenleri-ekran-karti,Elektronik › Bilgisayar ve Tablet › Bilgisayar Bileşenleri › Ekran Kartı,Elektronik › Bilgisayar ve Tablet › Bilgisayar Bileşenleri,CREATE_NEW,,false,false,false,,,0,0,0,0,0,0,LOW,
,,,,,,RAM,elektronik-bilgisayar-ve-tablet-bilgisayar-bilesenleri-ram,Elektronik › Bilgisayar ve Tablet › Bilgisayar Bileşenleri › RAM,Elektronik › Bilgisayar ve Tablet › Bilgisayar Bileşenleri,CREATE_NEW,,false,false,false,,,0,0,0,0,0,0,LOW,
,,,,,,SSD,elektronik-bilgisayar-ve-tablet-bilgisayar-bilesenleri-ssd,Elektronik › Bilgisayar ve Tablet › Bilgisayar Bileşenleri › SSD,Elektronik › Bilgisayar ve Tablet › Bilgisayar Bileşenleri,CREATE_NEW,,false,false,false,,,0,0,0,0,0,0,LOW,
,,,,,,Hard Disk,elektronik-bilgisayar-ve-tablet-bilgisayar-bilesenleri-hard-disk,Elektronik › Bilgisayar ve Tablet › Bilgisayar Bileşenleri › Hard Disk,Elektronik › Bilgisayar ve Tablet › Bilgisayar Bileşenleri,CREATE_NEW,,false,false,false,,,0,0,0,0,0,0,LOW,
,,,,,,Bilgisayar Kasası,elektronik-bilgisayar-ve-tablet-bilgisayar-bilesenleri-bilgisayar-kasasi,Elektronik › Bilgisayar ve Tablet › Bilgisayar Bileşenleri › Bilgisayar Kasası,Elektronik › Bilgisayar ve Tablet › Bilgisayar Bileşenleri,CREATE_NEW,,false,false,false,,,0,0,0,0,0,0,LOW,
,,,,,,Güç Kaynağı,elektronik-bilgisayar-ve-tablet-bilgisayar-bilesenleri-guc-kaynagi,Elektronik › Bilgisayar ve Tablet › Bilgisayar Bileşenleri › Güç Kaynağı,Elektronik › Bilgisayar ve Tablet › Bilgisayar Bileşenleri,CREATE_NEW,,false,false,false,,,0,0,0,0,0,0,LOW,
,,,,,,İşlemci Soğutucu,elektronik-bilgisayar-ve-tablet-bilgisayar-bilesenleri-islemci-sogutucu,Elektronik › Bilgisayar ve Tablet › Bilgisayar Bileşenleri › İşlemci Soğutucu,Elektronik › Bilgisayar ve Tablet › Bilgisayar Bileşenleri,CREATE_NEW,,false,false,false,,,0,0,0,0,0,0,LOW,
,,,,,,Kasa Fanı,elektronik-bilgisayar-ve-tablet-bilgisayar-bilesenleri-kasa-fani,Elektronik › Bilgisayar ve Tablet › Bilgisayar Bileşenleri › Kasa Fanı,Elektronik › Bilgisayar ve Tablet › Bilgisayar Bileşenleri,CREATE_NEW,,false,false,false,,,0,0,0,0,0,0,LOW,
,,,,,,Optik Sürücü,elektronik-bilgisayar-ve-tablet-bilgisayar-bilesenleri-optik-surucu,Elektronik › Bilgisayar ve Tablet › Bilgisayar Bileşenleri › Optik Sürücü,Elektronik › Bilgisayar ve Tablet › Bilgisayar Bileşenleri,CREATE_NEW,,false,false,false,,,0,0,0,0,0,0,LOW,
,,,,,,Capture Card,elektronik-bilgisayar-ve-tablet-bilgisayar-bilesenleri-capture-card,Elektronik › Bilgisayar ve Tablet › Bilgisayar Bileşenleri › Capture Card,Elektronik › Bilgisayar ve Tablet › Bilgisayar Bileşenleri,CREATE_NEW,,false,false,false,,,0,0,0,0,0,0,LOW,
,,,,,,Bilgisayar Çevre Birimleri,elektronik-bilgisayar-ve-tablet-bilgisayar-cevre-birimleri,Elektronik › Bilgisayar ve Tablet › Bilgisayar Çevre Birimleri,Elektronik › Bilgisayar ve Tablet,CREATE_NEW,,false,false,false,,,0,0,0,0,0,0,LOW,
cmsg3xgez002nuzdczxrlb459,Monitör,sifir-urun-bilgisayar__monitor,sifir-urun/elektronik/bilgisayar-ve-tablet/bilgisayar/monitor,cms93j5le001zuz3ggzyxcy3i,sifir,Monitör,elektronik-bilgisayar-ve-tablet-bilgisayar-cevre-birimleri-monitor,Elektronik › Bilgisayar ve Tablet › Bilgisayar Çevre Birimleri › Monitör,Elektronik › Bilgisayar ve Tablet › Bilgisayar Çevre Birimleri,MOVE,cmsg3xgez002nuzdczxrlb459,true,true,true,,,0,0,0,24,5,0,LOW,move from parent 'Bilgisayar' → 'Bilgisayar Çevre Birimleri'
,,,,,,Klavye,elektronik-bilgisayar-ve-tablet-bilgisayar-cevre-birimleri-klavye,Elektronik › Bilgisayar ve Tablet › Bilgisayar Çevre Birimleri › Klavye,Elektronik › Bilgisayar ve Tablet › Bilgisayar Çevre Birimleri,CREATE_NEW,,false,false,false,,,0,0,0,0,0,0,LOW,
,,,,,,Mouse,elektronik-bilgisayar-ve-tablet-bilgisayar-cevre-birimleri-mouse,Elektronik › Bilgisayar ve Tablet › Bilgisayar Çevre Birimleri › Mouse,Elektronik › Bilgisayar ve Tablet › Bilgisayar Çevre Birimleri,CREATE_NEW,,false,false,false,,,0,0,0,0,0,0,LOW,
,,,,,,Klavye-Mouse Seti,elektronik-bilgisayar-ve-tablet-bilgisayar-cevre-birimleri-klavye-mouse-seti,Elektronik › Bilgisayar ve Tablet › Bilgisayar Çevre Birimleri › Klavye-Mouse Seti,Elektronik › Bilgisayar ve Tablet › Bilgisayar Çevre Birimleri,CREATE_NEW,,false,false,false,,,0,0,0,0,0,0,LOW,
cmsg3xghf0031uzdc7l4o9i5g,Webcam,sifir-urun-bilgisayar__webcam,sifir-urun/elektronik/bilgisayar-ve-tablet/bilgisayar/webcam,cms93j5le001zuz3ggzyxcy3i,sifir,Webcam,elektronik-bilgisayar-ve-tablet-bilgisayar-cevre-birimleri-webcam,Elektronik › Bilgisayar ve Tablet › Bilgisayar Çevre Birimleri › Webcam,Elektronik › Bilgisayar ve Tablet › Bilgisayar Çevre Birimleri,MOVE,cmsg3xghf0031uzdc7l4o9i5g,true,true,true,,,0,0,0,24,5,0,LOW,move from parent 'Bilgisayar' → 'Bilgisayar Çevre Birimleri'
,,,,,,Mikrofon,elektronik-bilgisayar-ve-tablet-bilgisayar-cevre-birimleri-mikrofon,Elektronik › Bilgisayar ve Tablet › Bilgisayar Çevre Birimleri › Mikrofon,Elektronik › Bilgisayar ve Tablet › Bilgisayar Çevre Birimleri,CREATE_NEW,,false,false,false,,,0,0,0,0,0,0,LOW,
,,,,,,Hoparlör,elektronik-bilgisayar-ve-tablet-bilgisayar-cevre-birimleri-hoparlor,Elektronik › Bilgisayar ve Tablet › Bilgisayar Çevre Birimleri › Hoparlör,Elektronik › Bilgisayar ve Tablet › Bilgisayar Çevre Birimleri,CREATE_NEW,,false,false,false,,,0,0,0,0,0,0,LOW,
,,,,,,Kulaklık,elektronik-bilgisayar-ve-tablet-bilgisayar-cevre-birimleri-kulaklik,Elektronik › Bilgisayar ve Tablet › Bilgisayar Çevre Birimleri › Kulaklık,Elektronik › Bilgisayar ve Tablet › Bilgisayar Çevre Birimleri,CREATE_NEW,,false,false,false,,,0,0,0,0,0,0,LOW,
,,,,,,Yazıcı,elektronik-bilgisayar-ve-tablet-bilgisayar-cevre-birimleri-yazici,Elektronik › Bilgisayar ve Tablet › Bilgisayar Çevre Birimleri › Yazıcı,Elektronik › Bilgisayar ve Tablet › Bilgisayar Çevre Birimleri,CREATE_NEW,,false,false,false,,,0,0,0,0,0,0,MEDIUM,may receive records from split: title keyword: yazıcı|tarayıcı|scanner
cmsg3xghx0033uzdcm9l8d1sz,Tarayıcı,sifir-urun-bilgisayar__tarayici,sifir-urun/elektronik/bilgisayar-ve-tablet/bilgisayar/tarayici,cms93j5le001zuz3ggzyxcy3i,sifir,Tarayıcı,elektronik-bilgisayar-ve-tablet-bilgisayar-cevre-birimleri-tarayici,Elektronik › Bilgisayar ve Tablet › Bilgisayar Çevre Birimleri › Tarayıcı,Elektronik › Bilgisayar ve Tablet › Bilgisayar Çevre Birimleri,MOVE,cmsg3xghx0033uzdcm9l8d1sz,true,true,true,,,0,0,0,24,5,0,LOW,move from parent 'Bilgisayar' → 'Bilgisayar Çevre Birimleri'
,,,,,,Projeksiyon Cihazı,elektronik-bilgisayar-ve-tablet-bilgisayar-cevre-birimleri-projeksiyon-cihazi,Elektronik › Bilgisayar ve Tablet › Bilgisayar Çevre Birimleri › Projeksiyon Cihazı,Elektronik › Bilgisayar ve Tablet › Bilgisayar Çevre Birimleri,CREATE_NEW,,false,false,false,,,0,0,0,0,0,0,LOW,
,,,,,,Ağ ve İnternet,elektronik-bilgisayar-ve-tablet-ag-ve-internet,Elektronik › Bilgisayar ve Tablet › Ağ ve İnternet,Elektronik › Bilgisayar ve Tablet,CREATE_NEW,,false,false,false,,,0,0,0,0,0,0,LOW,
,,,,,,Modem,elektronik-bilgisayar-ve-tablet-ag-ve-internet-modem,Elektronik › Bilgisayar ve Tablet › Ağ ve İnternet › Modem,Elektronik › Bilgisayar ve Tablet › Ağ ve İnternet,CREATE_NEW,,false,false,false,,,0,0,0,0,0,0,LOW,
,,,,,,Router,elektronik-bilgisayar-ve-tablet-ag-ve-internet-router,Elektronik › Bilgisayar ve Tablet › Ağ ve İnternet › Router,Elektronik › Bilgisayar ve Tablet › Ağ ve İnternet,CREATE_NEW,,false,false,false,,,0,0,0,0,0,0,LOW,
,,,,,,Access Point,elektronik-bilgisayar-ve-tablet-ag-ve-internet-access-point,Elektronik › Bilgisayar ve Tablet › Ağ ve İnternet › Access Point,Elektronik › Bilgisayar ve Tablet › Ağ ve İnternet,CREATE_NEW,,false,false,false,,,0,0,0,0,0,0,LOW,
,,,,,,Mesh Wi-Fi Sistemi,elektronik-bilgisayar-ve-tablet-ag-ve-internet-mesh-wi-fi-sistemi,Elektronik › Bilgisayar ve Tablet › Ağ ve İnternet › Mesh Wi-Fi Sistemi,Elektronik › Bilgisayar ve Tablet › Ağ ve İnternet,CREATE_NEW,,false,false,false,,,0,0,0,0,0,0,LOW,
,,,,,,Switch,elektronik-bilgisayar-ve-tablet-ag-ve-internet-switch,Elektronik › Bilgisayar ve Tablet › Ağ ve İnternet › Switch,Elektronik › Bilgisayar ve Tablet › Ağ ve İnternet,CREATE_NEW,,false,false,false,,,0,0,0,0,0,0,LOW,
,,,,,,Range Extender,elektronik-bilgisayar-ve-tablet-ag-ve-internet-range-extender,Elektronik › Bilgisayar ve Tablet › Ağ ve İnternet › Range Extender,Elektronik › Bilgisayar ve Tablet › Ağ ve İnternet,CREATE_NEW,,false,false,false,,,0,0,0,0,0,0,LOW,
,,,,,,Powerline Adaptör,elektronik-bilgisayar-ve-tablet-ag-ve-internet-powerline-adaptor,Elektronik › Bilgisayar ve Tablet › Ağ ve İnternet › Powerline Adaptör,Elektronik › Bilgisayar ve Tablet › Ağ ve İnternet,CREATE_NEW,,false,false,false,,,0,0,0,0,0,0,LOW,
,,,,,,Ağ Kartı,elektronik-bilgisayar-ve-tablet-ag-ve-internet-ag-karti,Elektronik › Bilgisayar ve Tablet › Ağ ve İnternet › Ağ Kartı,Elektronik › Bilgisayar ve Tablet › Ağ ve İnternet,CREATE_NEW,,false,false,false,,,0,0,0,0,0,0,LOW,
,,,,,,Anten,elektronik-bilgisayar-ve-tablet-ag-ve-internet-anten,Elektronik › Bilgisayar ve Tablet › Ağ ve İnternet › Anten,Elektronik › Bilgisayar ve Tablet › Ağ ve İnternet,CREATE_NEW,,false,false,false,,,0,0,0,0,0,0,LOW,
,,,,,,Ethernet Kablosu,elektronik-bilgisayar-ve-tablet-ag-ve-internet-ethernet-kablosu,Elektronik › Bilgisayar ve Tablet › Ağ ve İnternet › Ethernet Kablosu,Elektronik › Bilgisayar ve Tablet › Ağ ve İnternet,CREATE_NEW,,false,false,false,,,0,0,0,0,0,0,LOW,
,,,,,,Depolama ve Bellek,elektronik-bilgisayar-ve-tablet-depolama-ve-bellek,Elektronik › Bilgisayar ve Tablet › Depolama ve Bellek,Elektronik › Bilgisayar ve Tablet,CREATE_NEW,,false,false,false,,,0,0,0,0,0,0,LOW,
,,,,,,USB Bellek,elektronik-bilgisayar-ve-tablet-depolama-ve-bellek-usb-bellek,Elektronik › Bilgisayar ve Tablet › Depolama ve Bellek › USB Bellek,Elektronik › Bilgisayar ve Tablet › Depolama ve Bellek,CREATE_NEW,,false,false,false,,,0,0,0,0,0,0,LOW,
,,,,,,Hafıza Kartı,elektronik-bilgisayar-ve-tablet-depolama-ve-bellek-hafiza-karti,Elektronik › Bilgisayar ve Tablet › Depolama ve Bellek › Hafıza Kartı,Elektronik › Bilgisayar ve Tablet › Depolama ve Bellek,CREATE_NEW,,false,false,false,,,0,0,0,0,0,0,LOW,
,,,,,,Harici SSD,elektronik-bilgisayar-ve-tablet-depolama-ve-bellek-harici-ssd,Elektronik › Bilgisayar ve Tablet › Depolama ve Bellek › Harici SSD,Elektronik › Bilgisayar ve Tablet › Depolama ve Bellek,CREATE_NEW,,false,false,false,,,0,0,0,0,0,0,LOW,
,,,,,,Harici Hard Disk,elektronik-bilgisayar-ve-tablet-depolama-ve-bellek-harici-hard-disk,Elektronik › Bilgisayar ve Tablet › Depolama ve Bellek › Harici Hard Disk,Elektronik › Bilgisayar ve Tablet › Depolama ve Bellek,CREATE_NEW,,false,false,false,,,0,0,0,0,0,0,LOW,
,,,,,,NAS,elektronik-bilgisayar-ve-tablet-depolama-ve-bellek-nas,Elektronik › Bilgisayar ve Tablet › Depolama ve Bellek › NAS,Elektronik › Bilgisayar ve Tablet › Depolama ve Bellek,CREATE_NEW,,false,false,false,,,0,0,0,0,0,0,LOW,
,,,,,,Kart Okuyucu,elektronik-bilgisayar-ve-tablet-depolama-ve-bellek-kart-okuyucu,Elektronik › Bilgisayar ve Tablet › Depolama ve Bellek › Kart Okuyucu,Elektronik › Bilgisayar ve Tablet › Depolama ve Bellek,CREATE_NEW,,false,false,false,,,0,0,0,0,0,0,LOW,
,,,,,,Bilgisayar Aksesuarları,elektronik-bilgisayar-ve-tablet-bilgisayar-aksesuarlari,Elektronik › Bilgisayar ve Tablet › Bilgisayar Aksesuarları,Elektronik › Bilgisayar ve Tablet,CREATE_NEW,,false,false,false,,,0,0,0,0,0,0,LOW,
,,,,,,Laptop Çantası,elektronik-bilgisayar-ve-tablet-bilgisayar-aksesuarlari-laptop-cantasi,Elektronik › Bilgisayar ve Tablet › Bilgisayar Aksesuarları › Laptop Çantası,Elektronik › Bilgisayar ve Tablet › Bilgisayar Aksesuarları,CREATE_NEW,,false,false,false,,,0,0,0,0,0,0,LOW,
,,,,,,Laptop Standı,elektronik-bilgisayar-ve-tablet-bilgisayar-aksesuarlari-laptop-standi,Elektronik › Bilgisayar ve Tablet › Bilgisayar Aksesuarları › Laptop Standı,Elektronik › Bilgisayar ve Tablet › Bilgisayar Aksesuarları,CREATE_NEW,,false,false,false,,,0,0,0,0,0,0,LOW,
,,,,,,Soğutucu,elektronik-bilgisayar-ve-tablet-bilgisayar-aksesuarlari-sogutucu,Elektronik › Bilgisayar ve Tablet › Bilgisayar Aksesuarları › Soğutucu,Elektronik › Bilgisayar ve Tablet › Bilgisayar Aksesuarları,CREATE_NEW,,false,false,false,,,0,0,0,0,0,0,LOW,
,,,,,,Docking Station,elektronik-bilgisayar-ve-tablet-bilgisayar-aksesuarlari-docking-station,Elektronik › Bilgisayar ve Tablet › Bilgisayar Aksesuarları › Docking Station,Elektronik › Bilgisayar ve Tablet › Bilgisayar Aksesuarları,CREATE_NEW,,false,false,false,,,0,0,0,0,0,0,LOW,
,,,,,,USB Hub,elektronik-bilgisayar-ve-tablet-bilgisayar-aksesuarlari-usb-hub,Elektronik › Bilgisayar ve Tablet › Bilgisayar Aksesuarları › USB Hub,Elektronik › Bilgisayar ve Tablet › Bilgisayar Aksesuarları,CREATE_NEW,,false,false,false,,,0,0,0,0,0,0,LOW,
,,,,,,Adaptör,elektronik-bilgisayar-ve-tablet-bilgisayar-aksesuarlari-adaptor,Elektronik › Bilgisayar ve Tablet › Bilgisayar Aksesuarları › Adaptör,Elektronik › Bilgisayar ve Tablet › Bilgisayar Aksesuarları,CREATE_NEW,,false,false,false,,,0,0,0,0,0,0,LOW,
,,,,,,Kablo ve Dönüştürücü,elektronik-bilgisayar-ve-tablet-bilgisayar-aksesuarlari-kablo-ve-donusturucu,Elektronik › Bilgisayar ve Tablet › Bilgisayar Aksesuarları › Kablo ve Dönüştürücü,Elektronik › Bilgisayar ve Tablet › Bilgisayar Aksesuarları,CREATE_NEW,,false,false,false,,,0,0,0,0,0,0,LOW,
,,,,,,Mouse Pad,elektronik-bilgisayar-ve-tablet-bilgisayar-aksesuarlari-mouse-pad,Elektronik › Bilgisayar ve Tablet › Bilgisayar Aksesuarları › Mouse Pad,Elektronik › Bilgisayar ve Tablet › Bilgisayar Aksesuarları,CREATE_NEW,,false,false,false,,,0,0,0,0,0,0,LOW,
,,,,,,Monitör Kolu,elektronik-bilgisayar-ve-tablet-bilgisayar-aksesuarlari-monitor-kolu,Elektronik › Bilgisayar ve Tablet › Bilgisayar Aksesuarları › Monitör Kolu,Elektronik › Bilgisayar ve Tablet › Bilgisayar Aksesuarları,CREATE_NEW,,false,false,false,,,0,0,0,0,0,0,LOW,
,,,,,,KVM Switch,elektronik-bilgisayar-ve-tablet-bilgisayar-aksesuarlari-kvm-switch,Elektronik › Bilgisayar ve Tablet › Bilgisayar Aksesuarları › KVM Switch,Elektronik › Bilgisayar ve Tablet › Bilgisayar Aksesuarları,CREATE_NEW,,false,false,false,,,0,0,0,0,0,0,LOW,
,,,,,,"Televizyon, Görüntü ve Ses",elektronik-televizyon-goruntu-ve-ses,"Elektronik › Televizyon, Görüntü ve Ses",Elektronik,CREATE_NEW,,false,false,false,,,0,0,0,0,0,0,LOW,
cmsg3xglw003luzdcxpoenrxj,Televizyon,sifir-urun-tv-goruntu-ses__televizyon,sifir-urun/elektronik/tv-goruntu-ve-ses/tv-goruntu-ses/televizyon,cmsg4wp1h0021uzxwh40ko79d,sifir,Televizyon,elektronik-televizyon-goruntu-ve-ses-televizyon,"Elektronik › Televizyon, Görüntü ve Ses › Televizyon","Elektronik › Televizyon, Görüntü ve Ses",MOVE,cmsg3xglw003luzdcxpoenrxj,true,true,true,,,0,0,0,19,3,0,LOW,"move from parent 'TV, Görüntü ve Ses' → 'Televizyon, Görüntü ve Ses'"
,,,,,,LED Televizyon,elektronik-televizyon-goruntu-ve-ses-televizyon-led-televizyon,"Elektronik › Televizyon, Görüntü ve Ses › Televizyon › LED Televizyon","Elektronik › Televizyon, Görüntü ve Ses › Televizyon",CREATE_NEW,,false,false,false,,,0,0,0,0,0,0,LOW,
,,,,,,QLED Televizyon,elektronik-televizyon-goruntu-ve-ses-televizyon-qled-televizyon,"Elektronik › Televizyon, Görüntü ve Ses › Televizyon › QLED Televizyon","Elektronik › Televizyon, Görüntü ve Ses › Televizyon",CREATE_NEW,,false,false,false,,,0,0,0,0,0,0,LOW,
,,,,,,OLED Televizyon,elektronik-televizyon-goruntu-ve-ses-televizyon-oled-televizyon,"Elektronik › Televizyon, Görüntü ve Ses › Televizyon › OLED Televizyon","Elektronik › Televizyon, Görüntü ve Ses › Televizyon",CREATE_NEW,,false,false,false,,,0,0,0,0,0,0,LOW,
,,,,,,Mini LED Televizyon,elektronik-televizyon-goruntu-ve-ses-televizyon-mini-led-televizyon,"Elektronik › Televizyon, Görüntü ve Ses › Televizyon › Mini LED Televizyon","Elektronik › Televizyon, Görüntü ve Ses › Televizyon",CREATE_NEW,,false,false,false,,,0,0,0,0,0,0,LOW,
,,,,,,Taşınabilir Televizyon,elektronik-televizyon-goruntu-ve-ses-televizyon-tasinabilir-televizyon,"Elektronik › Televizyon, Görüntü ve Ses › Televizyon › Taşınabilir Televizyon","Elektronik › Televizyon, Görüntü ve Ses › Televizyon",CREATE_NEW,,false,false,false,,,0,0,0,0,0,0,LOW,
,,,,,,TV Aksesuarları,elektronik-televizyon-goruntu-ve-ses-tv-aksesuarlari,"Elektronik › Televizyon, Görüntü ve Ses › TV Aksesuarları","Elektronik › Televizyon, Görüntü ve Ses",CREATE_NEW,,false,false,false,,,0,0,0,0,0,0,LOW,
,,,,,,TV Askı Aparatı,elektronik-televizyon-goruntu-ve-ses-tv-aksesuarlari-tv-aski-aparati,"Elektronik › Televizyon, Görüntü ve Ses › TV Aksesuarları › TV Askı Aparatı","Elektronik › Televizyon, Görüntü ve Ses › TV Aksesuarları",CREATE_NEW,,false,false,false,,,0,0,0,0,0,0,LOW,
,,,,,,TV Kumandası,elektronik-televizyon-goruntu-ve-ses-tv-aksesuarlari-tv-kumandasi,"Elektronik › Televizyon, Görüntü ve Ses › TV Aksesuarları › TV Kumandası","Elektronik › Televizyon, Görüntü ve Ses › TV Aksesuarları",CREATE_NEW,,false,false,false,,,0,0,0,0,0,0,LOW,
,,,,,,Uydu Alıcısı,elektronik-televizyon-goruntu-ve-ses-tv-aksesuarlari-uydu-alicisi,"Elektronik › Televizyon, Görüntü ve Ses › TV Aksesuarları › Uydu Alıcısı","Elektronik › Televizyon, Görüntü ve Ses › TV Aksesuarları",CREATE_NEW,,false,false,false,,,0,0,0,0,0,0,LOW,
,,,,,,Android TV Box,elektronik-televizyon-goruntu-ve-ses-tv-aksesuarlari-android-tv-box,"Elektronik › Televizyon, Görüntü ve Ses › TV Aksesuarları › Android TV Box","Elektronik › Televizyon, Görüntü ve Ses › TV Aksesuarları",CREATE_NEW,,false,false,false,,,0,0,0,0,0,0,LOW,
,,,,,,Apple TV ve Medya Oynatıcı,elektronik-televizyon-goruntu-ve-ses-tv-aksesuarlari-apple-tv-ve-medya-oynatici,"Elektronik › Televizyon, Görüntü ve Ses › TV Aksesuarları › Apple TV ve Medya Oynatıcı","Elektronik › Televizyon, Görüntü ve Ses › TV Aksesuarları",CREATE_NEW,,false,false,false,,,0,0,0,0,0,0,LOW,
,,,,,,HDMI Kablo,elektronik-televizyon-goruntu-ve-ses-tv-aksesuarlari-hdmi-kablo,"Elektronik › Televizyon, Görüntü ve Ses › TV Aksesuarları › HDMI Kablo","Elektronik › Televizyon, Görüntü ve Ses › TV Aksesuarları",CREATE_NEW,,false,false,false,,,0,0,0,0,0,0,LOW,
,,,,,,TV Anteni,elektronik-televizyon-goruntu-ve-ses-tv-aksesuarlari-tv-anteni,"Elektronik › Televizyon, Görüntü ve Ses › TV Aksesuarları › TV Anteni","Elektronik › Televizyon, Görüntü ve Ses › TV Aksesuarları",CREATE_NEW,,false,false,false,,,0,0,0,0,0,0,LOW,
,,,,,,Ses Sistemleri,elektronik-televizyon-goruntu-ve-ses-ses-sistemleri,"Elektronik › Televizyon, Görüntü ve Ses › Ses Sistemleri","Elektronik › Televizyon, Görüntü ve Ses",CREATE_NEW,,false,false,false,,,0,0,0,0,0,0,LOW,
,,,,,,Soundbar,elektronik-televizyon-goruntu-ve-ses-ses-sistemleri-soundbar,"Elektronik › Televizyon, Görüntü ve Ses › Ses Sistemleri › Soundbar","Elektronik › Televizyon, Görüntü ve Ses › Ses Sistemleri",CREATE_NEW,,false,false,false,,,0,0,0,0,0,0,LOW,
,,,,,,Ev Sinema Sistemi,elektronik-televizyon-goruntu-ve-ses-ses-sistemleri-ev-sinema-sistemi,"Elektronik › Televizyon, Görüntü ve Ses › Ses Sistemleri › Ev Sinema Sistemi","Elektronik › Televizyon, Görüntü ve Ses › Ses Sistemleri",CREATE_NEW,,false,false,false,,,0,0,0,0,0,0,LOW,
,,,,,,Hi-Fi Sistem,elektronik-televizyon-goruntu-ve-ses-ses-sistemleri-hi-fi-sistem,"Elektronik › Televizyon, Görüntü ve Ses › Ses Sistemleri › Hi-Fi Sistem","Elektronik › Televizyon, Görüntü ve Ses › Ses Sistemleri",CREATE_NEW,,false,false,false,,,0,0,0,0,0,0,LOW,
,,,,,,Bluetooth Hoparlör,elektronik-televizyon-goruntu-ve-ses-ses-sistemleri-bluetooth-hoparlor,"Elektronik › Televizyon, Görüntü ve Ses › Ses Sistemleri › Bluetooth Hoparlör","Elektronik › Televizyon, Görüntü ve Ses › Ses Sistemleri",CREATE_NEW,,false,false,false,,,0,0,0,0,0,0,LOW,
,,,,,,Taşınabilir Hoparlör,elektronik-televizyon-goruntu-ve-ses-ses-sistemleri-tasinabilir-hoparlor,"Elektronik › Televizyon, Görüntü ve Ses › Ses Sistemleri › Taşınabilir Hoparlör","Elektronik › Televizyon, Görüntü ve Ses › Ses Sistemleri",CREATE_NEW,,false,false,false,,,0,0,0,0,0,0,LOW,
,,,,,,Amfi,elektronik-televizyon-goruntu-ve-ses-ses-sistemleri-amfi,"Elektronik › Televizyon, Görüntü ve Ses › Ses Sistemleri › Amfi","Elektronik › Televizyon, Görüntü ve Ses › Ses Sistemleri",CREATE_NEW,,false,false,false,,,0,0,0,0,0,0,LOW,
,,,,,,Subwoofer,elektronik-televizyon-goruntu-ve-ses-ses-sistemleri-subwoofer,"Elektronik › Televizyon, Görüntü ve Ses › Ses Sistemleri › Subwoofer","Elektronik › Televizyon, Görüntü ve Ses › Ses Sistemleri",CREATE_NEW,,false,false,false,,,0,0,0,0,0,0,LOW,
,,,,,,Hoparlör Seti,elektronik-televizyon-goruntu-ve-ses-ses-sistemleri-hoparlor-seti,"Elektronik › Televizyon, Görüntü ve Ses › Ses Sistemleri › Hoparlör Seti","Elektronik › Televizyon, Görüntü ve Ses › Ses Sistemleri",CREATE_NEW,,false,false,false,,,0,0,0,0,0,0,LOW,
,,,,,,Kulaklık,elektronik-televizyon-goruntu-ve-ses-kulaklik,"Elektronik › Televizyon, Görüntü ve Ses › Kulaklık","Elektronik › Televizyon, Görüntü ve Ses",CREATE_NEW,,false,false,false,,,0,0,0,0,0,0,MEDIUM,may receive records from split: manual — bluetooth vs general headphone taxonomy
,,,,,,TWS Kulaklık,elektronik-televizyon-goruntu-ve-ses-kulaklik-tws-kulaklik,"Elektronik › Televizyon, Görüntü ve Ses › Kulaklık › TWS Kulaklık","Elektronik › Televizyon, Görüntü ve Ses › Kulaklık",CREATE_NEW,,false,false,false,,,0,0,0,0,0,0,MEDIUM,may receive records from split: manual — bluetooth vs general headphone taxonomy
,,,,,,Kulak Üstü Kulaklık,elektronik-televizyon-goruntu-ve-ses-kulaklik-kulak-ustu-kulaklik,"Elektronik › Televizyon, Görüntü ve Ses › Kulaklık › Kulak Üstü Kulaklık","Elektronik › Televizyon, Görüntü ve Ses › Kulaklık",CREATE_NEW,,false,false,false,,,0,0,0,0,0,0,MEDIUM,may receive records from split: manual — bluetooth vs general headphone taxonomy
,,,,,,Oyuncu Kulaklığı,elektronik-televizyon-goruntu-ve-ses-kulaklik-oyuncu-kulakligi,"Elektronik › Televizyon, Görüntü ve Ses › Kulaklık › Oyuncu Kulaklığı","Elektronik › Televizyon, Görüntü ve Ses › Kulaklık",CREATE_NEW,,false,false,false,,,0,0,0,0,0,0,MEDIUM,may receive records from split: manual — bluetooth vs general headphone taxonomy
,,,,,,Stüdyo Kulaklığı,elektronik-televizyon-goruntu-ve-ses-kulaklik-studyo-kulakligi,"Elektronik › Televizyon, Görüntü ve Ses › Kulaklık › Stüdyo Kulaklığı","Elektronik › Televizyon, Görüntü ve Ses › Kulaklık",CREATE_NEW,,false,false,false,,,0,0,0,0,0,0,MEDIUM,may receive records from split: manual — bluetooth vs general headphone taxonomy
,,,,,,Spor Kulaklığı,elektronik-televizyon-goruntu-ve-ses-kulaklik-spor-kulakligi,"Elektronik › Televizyon, Görüntü ve Ses › Kulaklık › Spor Kulaklığı","Elektronik › Televizyon, Görüntü ve Ses › Kulaklık",CREATE_NEW,,false,false,false,,,0,0,0,0,0,0,MEDIUM,may receive records from split: manual — bluetooth vs general headphone taxonomy
,,,,,,Projeksiyon ve Sunum,elektronik-televizyon-goruntu-ve-ses-projeksiyon-ve-sunum,"Elektronik › Televizyon, Görüntü ve Ses › Projeksiyon ve Sunum","Elektronik › Televizyon, Görüntü ve Ses",CREATE_NEW,,false,false,false,,,0,0,0,0,0,0,LOW,
,,,,,,Projeksiyon Cihazı,elektronik-televizyon-goruntu-ve-ses-projeksiyon-ve-sunum-projeksiyon-cihazi,"Elektronik › Televizyon, Görüntü ve Ses › Projeksiyon ve Sunum › Projeksiyon Cihazı","Elektronik › Televizyon, Görüntü ve Ses › Projeksiyon ve Sunum",CREATE_NEW,,false,false,false,,,0,0,0,0,0,0,LOW,
,,,,,,Projeksiyon Perdesi,elektronik-televizyon-goruntu-ve-ses-projeksiyon-ve-sunum-projeksiyon-perdesi,"Elektronik › Televizyon, Görüntü ve Ses › Projeksiyon ve Sunum › Projeksiyon Perdesi","Elektronik › Televizyon, Görüntü ve Ses › Projeksiyon ve Sunum",CREATE_NEW,,false,false,false,,,0,0,0,0,0,0,LOW,
,,,,,,Sunum Kumandası,elektronik-televizyon-goruntu-ve-ses-projeksiyon-ve-sunum-sunum-kumandasi,"Elektronik › Televizyon, Görüntü ve Ses › Projeksiyon ve Sunum › Sunum Kumandası","Elektronik › Televizyon, Görüntü ve Ses › Projeksiyon ve Sunum",CREATE_NEW,,false,false,false,,,0,0,0,0,0,0,LOW,
,,,,,,Projeksiyon Askı Aparatı,elektronik-televizyon-goruntu-ve-ses-projeksiyon-ve-sunum-projeksiyon-aski-apara,"Elektronik › Televizyon, Görüntü ve Ses › Projeksiyon ve Sunum › Projeksiyon Askı Aparatı","Elektronik › Televizyon, Görüntü ve Ses › Projeksiyon ve Sunum",CREATE_NEW,,false,false,false,,,0,0,0,0,0,0,LOW,
,,,,,,Fotoğraf ve Video,elektronik-televizyon-goruntu-ve-ses-fotograf-ve-video,"Elektronik › Televizyon, Görüntü ve Ses › Fotoğraf ve Video","Elektronik › Televizyon, Görüntü ve Ses",CREATE_NEW,,false,false,false,,,0,0,0,0,0,0,LOW,
,,,,,,Dijital Fotoğraf Makinesi,elektronik-televizyon-goruntu-ve-ses-fotograf-ve-video-dijital-fotograf-makinesi,"Elektronik › Televizyon, Görüntü ve Ses › Fotoğraf ve Video › Dijital Fotoğraf Makinesi","Elektronik › Televizyon, Görüntü ve Ses › Fotoğraf ve Video",CREATE_NEW,,false,false,false,,,0,0,0,0,0,0,LOW,
,,,,,,Aksiyon Kamerası,elektronik-televizyon-goruntu-ve-ses-fotograf-ve-video-aksiyon-kamerasi,"Elektronik › Televizyon, Görüntü ve Ses › Fotoğraf ve Video › Aksiyon Kamerası","Elektronik › Televizyon, Görüntü ve Ses › Fotoğraf ve Video",CREATE_NEW,,false,false,false,,,0,0,0,0,0,0,LOW,
cmsg3xh97008huzdcjuq4i74a,Video Kamera,sifir-urun-fotograf-kamera__video-kamera,sifir-urun/elektronik/fotograf-ve-kamera/fotograf-kamera/video-kamera,cmsg4wp2n0023uzxw8u4sgot9,sifir,Video Kamera,elektronik-televizyon-goruntu-ve-ses-fotograf-ve-video-video-kamera,"Elektronik › Televizyon, Görüntü ve Ses › Fotoğraf ve Video › Video Kamera","Elektronik › Televizyon, Görüntü ve Ses › Fotoğraf ve Video",MOVE,cmsg3xh97008huzdcjuq4i74a,true,true,true,,,0,0,0,11,2,0,LOW,move from parent 'Fotoğraf ve Kamera' → 'Fotoğraf ve Video'
cmsg3xh9e008juzdco4aldnox,Drone,sifir-urun-fotograf-kamera__drone,sifir-urun/elektronik/fotograf-ve-kamera/fotograf-kamera/drone,cmsg4wp2n0023uzxw8u4sgot9,sifir,Drone,elektronik-televizyon-goruntu-ve-ses-fotograf-ve-video-drone,"Elektronik › Televizyon, Görüntü ve Ses › Fotoğraf ve Video › Drone","Elektronik › Televizyon, Görüntü ve Ses › Fotoğraf ve Video",MOVE,cmsg3xh9e008juzdco4aldnox,true,true,true,,,0,0,0,11,2,0,LOW,move from parent 'Fotoğraf ve Kamera' → 'Fotoğraf ve Video'
,,,,,,Lens,elektronik-televizyon-goruntu-ve-ses-fotograf-ve-video-lens,"Elektronik › Televizyon, Görüntü ve Ses › Fotoğraf ve Video › Lens","Elektronik › Televizyon, Görüntü ve Ses › Fotoğraf ve Video",CREATE_NEW,,false,false,false,,,0,0,0,0,0,0,LOW,
,,,,,,Tripod,elektronik-televizyon-goruntu-ve-ses-fotograf-ve-video-tripod,"Elektronik › Televizyon, Görüntü ve Ses › Fotoğraf ve Video › Tripod","Elektronik › Televizyon, Görüntü ve Ses › Fotoğraf ve Video",CREATE_NEW,,false,false,false,,,0,0,0,0,0,0,LOW,
,,,,,,Gimbal,elektronik-televizyon-goruntu-ve-ses-fotograf-ve-video-gimbal,"Elektronik › Televizyon, Görüntü ve Ses › Fotoğraf ve Video › Gimbal","Elektronik › Televizyon, Görüntü ve Ses › Fotoğraf ve Video",CREATE_NEW,,false,false,false,,,0,0,0,0,0,0,LOW,
,,,,,,Fotoğraf Çantası,elektronik-televizyon-goruntu-ve-ses-fotograf-ve-video-fotograf-cantasi,"Elektronik › Televizyon, Görüntü ve Ses › Fotoğraf ve Video › Fotoğraf Çantası","Elektronik › Televizyon, Görüntü ve Ses › Fotoğraf ve Video",CREATE_NEW,,false,false,false,,,0,0,0,0,0,0,LOW,
,,,,,,Flaş,elektronik-televizyon-goruntu-ve-ses-fotograf-ve-video-flas,"Elektronik › Televizyon, Görüntü ve Ses › Fotoğraf ve Video › Flaş","Elektronik › Televizyon, Görüntü ve Ses › Fotoğraf ve Video",CREATE_NEW,,false,false,false,,,0,0,0,0,0,0,LOW,
,,,,,,Işık ve Softbox,elektronik-televizyon-goruntu-ve-ses-fotograf-ve-video-isik-ve-softbox,"Elektronik › Televizyon, Görüntü ve Ses › Fotoğraf ve Video › Işık ve Softbox","Elektronik › Televizyon, Görüntü ve Ses › Fotoğraf ve Video",CREATE_NEW,,false,false,false,,,0,0,0,0,0,0,LOW,
,,,,,,Kamera Aksesuarı,elektronik-televizyon-goruntu-ve-ses-fotograf-ve-video-kamera-aksesuari,"Elektronik › Televizyon, Görüntü ve Ses › Fotoğraf ve Video › Kamera Aksesuarı","Elektronik › Televizyon, Görüntü ve Ses › Fotoğraf ve Video",CREATE_NEW,,false,false,false,,,0,0,0,0,0,0,LOW,
cmsg4wp3k0025uzxwhokxbo3o,Oyun ve Konsol,sifir-urun__elektronik__oyun-ve-konsol,sifir-urun/elektronik/oyun-ve-konsol,cmsg4wowy001vuzxwe59qnwfj,sifir,Oyun ve Konsol,elektronik-oyun-ve-konsol,Elektronik › Oyun ve Konsol,Elektronik,KEEP,cmsg4wp3k0025uzxwhokxbo3o,true,false,false,,,0,0,0,8,2,0,LOW,
cmsg3xh77007zuzdc524lrki2,Oyun Konsolu,sifir-urun-oyun-konsol__konsol,sifir-urun/elektronik/oyun-ve-konsol/oyun-konsol/konsol,cmsg4wp3k0025uzxwhokxbo3o,sifir,Oyun Konsolu,elektronik-oyun-ve-konsol-oyun-konsolu,Elektronik › Oyun ve Konsol › Oyun Konsolu,Elektronik › Oyun ve Konsol,KEEP,cmsg3xh77007zuzdc524lrki2,true,false,false,,,0,0,0,8,2,0,LOW,
,,,,,,PlayStation,elektronik-oyun-ve-konsol-oyun-konsolu-playstation,Elektronik › Oyun ve Konsol › Oyun Konsolu › PlayStation,Elektronik › Oyun ve Konsol › Oyun Konsolu,CREATE_NEW,,false,false,false,,,0,0,0,0,0,0,LOW,
,,,,,,Xbox,elektronik-oyun-ve-konsol-oyun-konsolu-xbox,Elektronik › Oyun ve Konsol › Oyun Konsolu › Xbox,Elektronik › Oyun ve Konsol › Oyun Konsolu,CREATE_NEW,,false,false,false,,,0,0,0,0,0,0,LOW,
,,,,,,Nintendo Switch,elektronik-oyun-ve-konsol-oyun-konsolu-nintendo-switch,Elektronik › Oyun ve Konsol › Oyun Konsolu › Nintendo Switch,Elektronik › Oyun ve Konsol › Oyun Konsolu,CREATE_NEW,,false,false,false,,,0,0,0,0,0,0,LOW,
,,,,,,El Konsolu,elektronik-oyun-ve-konsol-oyun-konsolu-el-konsolu,Elektronik › Oyun ve Konsol › Oyun Konsolu › El Konsolu,Elektronik › Oyun ve Konsol › Oyun Konsolu,CREATE_NEW,,false,false,false,,,0,0,0,0,0,0,LOW,
,,,,,,Retro Oyun Konsolu,elektronik-oyun-ve-konsol-oyun-konsolu-retro-oyun-konsolu,Elektronik › Oyun ve Konsol › Oyun Konsolu › Retro Oyun Konsolu,Elektronik › Oyun ve Konsol › Oyun Konsolu,CREATE_NEW,,false,false,false,,,0,0,0,0,0,0,LOW,
,,,,,,Konsol Aksesuarları,elektronik-oyun-ve-konsol-konsol-aksesuarlari,Elektronik › Oyun ve Konsol › Konsol Aksesuarları,Elektronik › Oyun ve Konsol,CREATE_NEW,,false,false,false,,,0,0,0,0,0,0,LOW,
,,,,,,Gamepad,elektronik-oyun-ve-konsol-konsol-aksesuarlari-gamepad,Elektronik › Oyun ve Konsol › Konsol Aksesuarları › Gamepad,Elektronik › Oyun ve Konsol › Konsol Aksesuarları,CREATE_NEW,,false,false,false,,,0,0,0,0,0,0,LOW,
,,,,,,Direksiyon Seti,elektronik-oyun-ve-konsol-konsol-aksesuarlari-direksiyon-seti,Elektronik › Oyun ve Konsol › Konsol Aksesuarları › Direksiyon Seti,Elektronik › Oyun ve Konsol › Konsol Aksesuarları,CREATE_NEW,,false,false,false,,,0,0,0,0,0,0,LOW,
,,,,,,VR Gözlük,elektronik-oyun-ve-konsol-konsol-aksesuarlari-vr-gozluk,Elektronik › Oyun ve Konsol › Konsol Aksesuarları › VR Gözlük,Elektronik › Oyun ve Konsol › Konsol Aksesuarları,CREATE_NEW,,false,false,false,,,0,0,0,0,0,0,LOW,
,,,,,,Şarj İstasyonu,elektronik-oyun-ve-konsol-konsol-aksesuarlari-sarj-istasyonu,Elektronik › Oyun ve Konsol › Konsol Aksesuarları › Şarj İstasyonu,Elektronik › Oyun ve Konsol › Konsol Aksesuarları,CREATE_NEW,,false,false,false,,,0,0,0,0,0,0,LOW,
,,,,,,Konsol Kulaklığı,elektronik-oyun-ve-konsol-konsol-aksesuarlari-konsol-kulakligi,Elektronik › Oyun ve Konsol › Konsol Aksesuarları › Konsol Kulaklığı,Elektronik › Oyun ve Konsol › Konsol Aksesuarları,CREATE_NEW,,false,false,false,,,0,0,0,0,0,0,LOW,
,,,,,,Taşıma Çantası,elektronik-oyun-ve-konsol-konsol-aksesuarlari-tasima-cantasi,Elektronik › Oyun ve Konsol › Konsol Aksesuarları › Taşıma Çantası,Elektronik › Oyun ve Konsol › Konsol Aksesuarları,CREATE_NEW,,false,false,false,,,0,0,0,0,0,0,LOW,
,,,,,,Oyunlar,elektronik-oyun-ve-konsol-oyunlar,Elektronik › Oyun ve Konsol › Oyunlar,Elektronik › Oyun ve Konsol,CREATE_NEW,,false,false,false,,,0,0,0,0,0,0,LOW,
,,,,,,PlayStation Oyunları,elektronik-oyun-ve-konsol-oyunlar-playstation-oyunlari,Elektronik › Oyun ve Konsol › Oyunlar › PlayStation Oyunları,Elektronik › Oyun ve Konsol › Oyunlar,CREATE_NEW,,false,false,false,,,0,0,0,0,0,0,LOW,
,,,,,,Xbox Oyunları,elektronik-oyun-ve-konsol-oyunlar-xbox-oyunlari,Elektronik › Oyun ve Konsol › Oyunlar › Xbox Oyunları,Elektronik › Oyun ve Konsol › Oyunlar,CREATE_NEW,,false,false,false,,,0,0,0,0,0,0,LOW,
,,,,,,Nintendo Oyunları,elektronik-oyun-ve-konsol-oyunlar-nintendo-oyunlari,Elektronik › Oyun ve Konsol › Oyunlar › Nintendo Oyunları,Elektronik › Oyun ve Konsol › Oyunlar,CREATE_NEW,,false,false,false,,,0,0,0,0,0,0,LOW,
,,,,,,PC Oyunları,elektronik-oyun-ve-konsol-oyunlar-pc-oyunlari,Elektronik › Oyun ve Konsol › Oyunlar › PC Oyunları,Elektronik › Oyun ve Konsol › Oyunlar,CREATE_NEW,,false,false,false,,,0,0,0,0,0,0,LOW,
,,,,,,Oyuncu Ekipmanları,elektronik-oyun-ve-konsol-oyuncu-ekipmanlari,Elektronik › Oyun ve Konsol › Oyuncu Ekipmanları,Elektronik › Oyun ve Konsol,CREATE_NEW,,false,false,false,,,0,0,0,0,0,0,LOW,
,,,,,,Oyuncu Klavyesi,elektronik-oyun-ve-konsol-oyuncu-ekipmanlari-oyuncu-klavyesi,Elektronik › Oyun ve Konsol › Oyuncu Ekipmanları › Oyuncu Klavyesi,Elektronik › Oyun ve Konsol › Oyuncu Ekipmanları,CREATE_NEW,,false,false,false,,,0,0,0,0,0,0,LOW,
,,,,,,Oyuncu Mouse,elektronik-oyun-ve-konsol-oyuncu-ekipmanlari-oyuncu-mouse,Elektronik › Oyun ve Konsol › Oyuncu Ekipmanları › Oyuncu Mouse,Elektronik › Oyun ve Konsol › Oyuncu Ekipmanları,CREATE_NEW,,false,false,false,,,0,0,0,0,0,0,LOW,
,,,,,,Oyuncu Monitörü,elektronik-oyun-ve-konsol-oyuncu-ekipmanlari-oyuncu-monitoru,Elektronik › Oyun ve Konsol › Oyuncu Ekipmanları › Oyuncu Monitörü,Elektronik › Oyun ve Konsol › Oyuncu Ekipmanları,CREATE_NEW,,false,false,false,,,0,0,0,0,0,0,LOW,
,,,,,,Oyuncu Koltuğu,elektronik-oyun-ve-konsol-oyuncu-ekipmanlari-oyuncu-koltugu,Elektronik › Oyun ve Konsol › Oyuncu Ekipmanları › Oyuncu Koltuğu,Elektronik › Oyun ve Konsol › Oyuncu Ekipmanları,CREATE_NEW,,false,false,false,,,0,0,0,0,0,0,LOW,
,,,,,,Oyuncu Masası,elektronik-oyun-ve-konsol-oyuncu-ekipmanlari-oyuncu-masasi,Elektronik › Oyun ve Konsol › Oyuncu Ekipmanları › Oyuncu Masası,Elektronik › Oyun ve Konsol › Oyuncu Ekipmanları,CREATE_NEW,,false,false,false,,,0,0,0,0,0,0,LOW,
,,,,,,Yayıncı Ekipmanı,elektronik-oyun-ve-konsol-oyuncu-ekipmanlari-yayinci-ekipmani,Elektronik › Oyun ve Konsol › Oyuncu Ekipmanları › Yayıncı Ekipmanı,Elektronik › Oyun ve Konsol › Oyuncu Ekipmanları,CREATE_NEW,,false,false,false,,,0,0,0,0,0,0,LOW,
,,,,,,Akıllı Ev ve Güvenlik,elektronik-akilli-ev-ve-guvenlik,Elektronik › Akıllı Ev ve Güvenlik,Elektronik,CREATE_NEW,,false,false,false,,,0,0,0,0,0,0,LOW,
,,,,,,Akıllı Ev,elektronik-akilli-ev-ve-guvenlik-akilli-ev,Elektronik › Akıllı Ev ve Güvenlik › Akıllı Ev,Elektronik › Akıllı Ev ve Güvenlik,CREATE_NEW,,false,false,false,,,0,0,0,0,0,0,LOW,
,,,,,,Akıllı Priz,elektronik-akilli-ev-ve-guvenlik-akilli-ev-akilli-priz,Elektronik › Akıllı Ev ve Güvenlik › Akıllı Ev › Akıllı Priz,Elektronik › Akıllı Ev ve Güvenlik › Akıllı Ev,CREATE_NEW,,false,false,false,,,0,0,0,0,0,0,LOW,
,,,,,,Akıllı Ampul,elektronik-akilli-ev-ve-guvenlik-akilli-ev-akilli-ampul,Elektronik › Akıllı Ev ve Güvenlik › Akıllı Ev › Akıllı Ampul,Elektronik › Akıllı Ev ve Güvenlik › Akıllı Ev,CREATE_NEW,,false,false,false,,,0,0,0,0,0,0,LOW,
,,,,,,Akıllı Anahtar,elektronik-akilli-ev-ve-guvenlik-akilli-ev-akilli-anahtar,Elektronik › Akıllı Ev ve Güvenlik › Akıllı Ev › Akıllı Anahtar,Elektronik › Akıllı Ev ve Güvenlik › Akıllı Ev,CREATE_NEW,,false,false,false,,,0,0,0,0,0,0,LOW,
,,,,,,Akıllı Termostat,elektronik-akilli-ev-ve-guvenlik-akilli-ev-akilli-termostat,Elektronik › Akıllı Ev ve Güvenlik › Akıllı Ev › Akıllı Termostat,Elektronik › Akıllı Ev ve Güvenlik › Akıllı Ev,CREATE_NEW,,false,false,false,,,0,0,0,0,0,0,LOW,
,,,,,,Akıllı Perde Motoru,elektronik-akilli-ev-ve-guvenlik-akilli-ev-akilli-perde-motoru,Elektronik › Akıllı Ev ve Güvenlik › Akıllı Ev › Akıllı Perde Motoru,Elektronik › Akıllı Ev ve Güvenlik › Akıllı Ev,CREATE_NEW,,false,false,false,,,0,0,0,0,0,0,LOW,
,,,,,,Akıllı Ev Hub,elektronik-akilli-ev-ve-guvenlik-akilli-ev-akilli-ev-hub,Elektronik › Akıllı Ev ve Güvenlik › Akıllı Ev › Akıllı Ev Hub,Elektronik › Akıllı Ev ve Güvenlik › Akıllı Ev,CREATE_NEW,,false,false,false,,,0,0,0,0,0,0,LOW,
,,,,,,Güvenlik Sistemleri,elektronik-akilli-ev-ve-guvenlik-guvenlik-sistemleri,Elektronik › Akıllı Ev ve Güvenlik › Güvenlik Sistemleri,Elektronik › Akıllı Ev ve Güvenlik,CREATE_NEW,,false,false,false,,,0,0,0,0,0,0,LOW,
,,,,,,IP Kamera,elektronik-akilli-ev-ve-guvenlik-guvenlik-sistemleri-ip-kamera,Elektronik › Akıllı Ev ve Güvenlik › Güvenlik Sistemleri › IP Kamera,Elektronik › Akıllı Ev ve Güvenlik › Güvenlik Sistemleri,CREATE_NEW,,false,false,false,,,0,0,0,0,0,0,LOW,
,,,,,,Analog Kamera,elektronik-akilli-ev-ve-guvenlik-guvenlik-sistemleri-analog-kamera,Elektronik › Akıllı Ev ve Güvenlik › Güvenlik Sistemleri › Analog Kamera,Elektronik › Akıllı Ev ve Güvenlik › Güvenlik Sistemleri,CREATE_NEW,,false,false,false,,,0,0,0,0,0,0,LOW,
,,,,,,Kamera Kayıt Cihazı,elektronik-akilli-ev-ve-guvenlik-guvenlik-sistemleri-kamera-kayit-cihazi,Elektronik › Akıllı Ev ve Güvenlik › Güvenlik Sistemleri › Kamera Kayıt Cihazı,Elektronik › Akıllı Ev ve Güvenlik › Güvenlik Sistemleri,CREATE_NEW,,false,false,false,,,0,0,0,0,0,0,LOW,
,,,,,,Alarm Sistemi,elektronik-akilli-ev-ve-guvenlik-guvenlik-sistemleri-alarm-sistemi,Elektronik › Akıllı Ev ve Güvenlik › Güvenlik Sistemleri › Alarm Sistemi,Elektronik › Akıllı Ev ve Güvenlik › Güvenlik Sistemleri,CREATE_NEW,,false,false,false,,,0,0,0,0,0,0,LOW,
,,,,,,Hareket Sensörü,elektronik-akilli-ev-ve-guvenlik-guvenlik-sistemleri-hareket-sensoru,Elektronik › Akıllı Ev ve Güvenlik › Güvenlik Sistemleri › Hareket Sensörü,Elektronik › Akıllı Ev ve Güvenlik › Güvenlik Sistemleri,CREATE_NEW,,false,false,false,,,0,0,0,0,0,0,LOW,
,,,,,,Kapı-Pencere Sensörü,elektronik-akilli-ev-ve-guvenlik-guvenlik-sistemleri-kapi-pencere-sensoru,Elektronik › Akıllı Ev ve Güvenlik › Güvenlik Sistemleri › Kapı-Pencere Sensörü,Elektronik › Akıllı Ev ve Güvenlik › Güvenlik Sistemleri,CREATE_NEW,,false,false,false,,,0,0,0,0,0,0,LOW,
,,,,,,Görüntülü Diafon,elektronik-akilli-ev-ve-guvenlik-guvenlik-sistemleri-goruntulu-diafon,Elektronik › Akıllı Ev ve Güvenlik › Güvenlik Sistemleri › Görüntülü Diafon,Elektronik › Akıllı Ev ve Güvenlik › Güvenlik Sistemleri,CREATE_NEW,,false,false,false,,,0,0,0,0,0,0,LOW,
,,,,,,Akıllı Kilit,elektronik-akilli-ev-ve-guvenlik-guvenlik-sistemleri-akilli-kilit,Elektronik › Akıllı Ev ve Güvenlik › Güvenlik Sistemleri › Akıllı Kilit,Elektronik › Akıllı Ev ve Güvenlik › Güvenlik Sistemleri,CREATE_NEW,,false,false,false,,,0,0,0,0,0,0,LOW,
,,,,,,Duman Dedektörü,elektronik-akilli-ev-ve-guvenlik-guvenlik-sistemleri-duman-dedektoru,Elektronik › Akıllı Ev ve Güvenlik › Güvenlik Sistemleri › Duman Dedektörü,Elektronik › Akıllı Ev ve Güvenlik › Güvenlik Sistemleri,CREATE_NEW,,false,false,false,,,0,0,0,0,0,0,LOW,
,,,,,,Enerji ve Güç,elektronik-akilli-ev-ve-guvenlik-enerji-ve-guc,Elektronik › Akıllı Ev ve Güvenlik › Enerji ve Güç,Elektronik › Akıllı Ev ve Güvenlik,CREATE_NEW,,false,false,false,,,0,0,0,0,0,0,LOW,
,,,,,,UPS,elektronik-akilli-ev-ve-guvenlik-enerji-ve-guc-ups,Elektronik › Akıllı Ev ve Güvenlik › Enerji ve Güç › UPS,Elektronik › Akıllı Ev ve Güvenlik › Enerji ve Güç,CREATE_NEW,,false,false,false,,,0,0,0,0,0,0,LOW,
,,,,,,Voltaj Regülatörü,elektronik-akilli-ev-ve-guvenlik-enerji-ve-guc-voltaj-regulatoru,Elektronik › Akıllı Ev ve Güvenlik › Enerji ve Güç › Voltaj Regülatörü,Elektronik › Akıllı Ev ve Güvenlik › Enerji ve Güç,CREATE_NEW,,false,false,false,,,0,0,0,0,0,0,LOW,
,,,,,,Akım Korumalı Priz,elektronik-akilli-ev-ve-guvenlik-enerji-ve-guc-akim-korumali-priz,Elektronik › Akıllı Ev ve Güvenlik › Enerji ve Güç › Akım Korumalı Priz,Elektronik › Akıllı Ev ve Güvenlik › Enerji ve Güç,CREATE_NEW,,false,false,false,,,0,0,0,0,0,0,LOW,
,,,,,,Solar Şarj Cihazı,elektronik-akilli-ev-ve-guvenlik-enerji-ve-guc-solar-sarj-cihazi,Elektronik › Akıllı Ev ve Güvenlik › Enerji ve Güç › Solar Şarj Cihazı,Elektronik › Akıllı Ev ve Güvenlik › Enerji ve Güç,CREATE_NEW,,false,false,false,,,0,0,0,0,0,0,LOW,
,,,,,,Taşınabilir Güç İstasyonu,elektronik-akilli-ev-ve-guvenlik-enerji-ve-guc-tasinabilir-guc-istasyonu,Elektronik › Akıllı Ev ve Güvenlik › Enerji ve Güç › Taşınabilir Güç İstasyonu,Elektronik › Akıllı Ev ve Güvenlik › Enerji ve Güç,CREATE_NEW,,false,false,false,,,0,0,0,0,0,0,LOW,
cmsg4wp4b0027uzxwztiu45qy,Ev Aletleri,sifir-urun__ev-aletleri,sifir-urun/ev-aletleri,cms93j5l1001vuz3gboidp5m9,sifir,Ev Aletleri,ev-aletleri,Ev Aletleri,,KEEP,cmsg4wp4b0027uzxwztiu45qy,true,false,false,,,0,0,0,0,0,0,LOW,
cmsg4wp4f0029uzxwroue3qn1,Beyaz Eşya,sifir-urun__ev-aletleri__beyaz-esya,sifir-urun/ev-aletleri/beyaz-esya,cmsg4wp4b0027uzxwztiu45qy,sifir,Beyaz Eşya,ev-aletleri-beyaz-esya,Ev Aletleri › Beyaz Eşya,Ev Aletleri,KEEP,cmsg4wp4f0029uzxwroue3qn1,true,false,false,,,0,0,0,29,8,0,LOW,
,,,,,,Soğutma,ev-aletleri-beyaz-esya-sogutma,Ev Aletleri › Beyaz Eşya › Soğutma,Ev Aletleri › Beyaz Eşya,CREATE_NEW,,false,false,false,,,0,0,0,0,0,0,LOW,
cmsg3xgt5004zuzdc72um2ssy,Buzdolabı,sifir-urun-beyaz-esya__buzdolabi,sifir-urun/ev-aletleri/beyaz-esya/beyaz-esya/buzdolabi,cmsg4wp4f0029uzxwroue3qn1,sifir,Buzdolabı,ev-aletleri-beyaz-esya-sogutma-buzdolabi,Ev Aletleri › Beyaz Eşya › Soğutma › Buzdolabı,Ev Aletleri › Beyaz Eşya › Soğutma,MOVE,cmsg3xgt5004zuzdc72um2ssy,true,true,true,,,0,4,4,29,8,0,CRITICAL,move from parent 'Beyaz Eşya' → 'Soğutma'
cmsg3xgwt005puzdcbxzwlbt4,Mini Buzdolabı,sifir-urun-beyaz-esya__mini-buzdolabi,sifir-urun/ev-aletleri/beyaz-esya/beyaz-esya/mini-buzdolabi,cmsg4wp4f0029uzxwroue3qn1,sifir,Mini Buzdolabı,ev-aletleri-beyaz-esya-sogutma-mini-buzdolabi,Ev Aletleri › Beyaz Eşya › Soğutma › Mini Buzdolabı,Ev Aletleri › Beyaz Eşya › Soğutma,MOVE,cmsg3xgwt005puzdcbxzwlbt4,true,true,true,,,0,0,0,29,8,0,LOW,move from parent 'Beyaz Eşya' → 'Soğutma'
cmsg3xgxk005vuzdc5vtrab34,Derin Dondurucu,sifir-urun-beyaz-esya__derin-dondurucu,sifir-urun/ev-aletleri/beyaz-esya/beyaz-esya/derin-dondurucu,cmsg4wp4f0029uzxwroue3qn1,sifir,Derin Dondurucu,ev-aletleri-beyaz-esya-sogutma-derin-dondurucu,Ev Aletleri › Beyaz Eşya › Soğutma › Derin Dondurucu,Ev Aletleri › Beyaz Eşya › Soğutma,MOVE,cmsg3xgxk005vuzdc5vtrab34,true,true,true,,,0,0,0,29,8,0,LOW,move from parent 'Beyaz Eşya' → 'Soğutma'
,,,,,,Şarap Dolabı,ev-aletleri-beyaz-esya-sogutma-sarap-dolabi,Ev Aletleri › Beyaz Eşya › Soğutma › Şarap Dolabı,Ev Aletleri › Beyaz Eşya › Soğutma,CREATE_NEW,,false,false,false,,,0,0,0,0,0,0,LOW,
,,,,,,Çamaşır Bakımı,ev-aletleri-beyaz-esya-camasir-bakimi,Ev Aletleri › Beyaz Eşya › Çamaşır Bakımı,Ev Aletleri › Beyaz Eşya,CREATE_NEW,,false,false,false,,,0,0,0,0,0,0,LOW,
cmsg3xgtp0051uzdc0u6fpuz1,Çamaşır Makinesi,sifir-urun-beyaz-esya__camasir-makinesi,sifir-urun/ev-aletleri/beyaz-esya/beyaz-esya/camasir-makinesi,cmsg4wp4f0029uzxwroue3qn1,sifir,Çamaşır Makinesi,ev-aletleri-beyaz-esya-camasir-bakimi-camasir-makinesi,Ev Aletleri › Beyaz Eşya › Çamaşır Bakımı › Çamaşır Makinesi,Ev Aletleri › Beyaz Eşya › Çamaşır Bakımı,MOVE,cmsg3xgtp0051uzdc0u6fpuz1,true,true,true,,,0,0,0,29,8,0,LOW,move from parent 'Beyaz Eşya' → 'Çamaşır Bakımı'
cmsg3xgu60055uzdc4mielfdh,Kurutma Makinesi,sifir-urun-beyaz-esya__kurutma-makinesi,sifir-urun/ev-aletleri/beyaz-esya/beyaz-esya/kurutma-makinesi,cmsg4wp4f0029uzxwroue3qn1,sifir,Kurutma Makinesi,ev-aletleri-beyaz-esya-camasir-bakimi-kurutma-makinesi,Ev Aletleri › Beyaz Eşya › Çamaşır Bakımı › Kurutma Makinesi,Ev Aletleri › Beyaz Eşya › Çamaşır Bakımı,MOVE,cmsg3xgu60055uzdc4mielfdh,true,true,true,,,0,0,0,29,8,0,LOW,move from parent 'Beyaz Eşya' → 'Çamaşır Bakımı'
,,,,,,Kurutmalı Çamaşır Makinesi,ev-aletleri-beyaz-esya-camasir-bakimi-kurutmali-camasir-makinesi,Ev Aletleri › Beyaz Eşya › Çamaşır Bakımı › Kurutmalı Çamaşır Makinesi,Ev Aletleri › Beyaz Eşya › Çamaşır Bakımı,CREATE_NEW,,false,false,false,,,0,0,0,0,0,0,LOW,
,,,,,,Bulaşık ve Mutfak,ev-aletleri-beyaz-esya-bulasik-ve-mutfak,Ev Aletleri › Beyaz Eşya › Bulaşık ve Mutfak,Ev Aletleri › Beyaz Eşya,CREATE_NEW,,false,false,false,,,0,0,0,0,0,0,LOW,
cmsg3xgtz0053uzdc41141s2x,Bulaşık Makinesi,sifir-urun-beyaz-esya__bulasik-makinesi,sifir-urun/ev-aletleri/beyaz-esya/beyaz-esya/bulasik-makinesi,cmsg4wp4f0029uzxwroue3qn1,sifir,Bulaşık Makinesi,ev-aletleri-beyaz-esya-bulasik-ve-mutfak-bulasik-makinesi,Ev Aletleri › Beyaz Eşya › Bulaşık ve Mutfak › Bulaşık Makinesi,Ev Aletleri › Beyaz Eşya › Bulaşık ve Mutfak,MOVE,cmsg3xgtz0053uzdc41141s2x,true,true,true,,,0,0,0,29,8,0,LOW,move from parent 'Beyaz Eşya' → 'Bulaşık ve Mutfak'
,,,,,,Ankastre Bulaşık Makinesi,ev-aletleri-beyaz-esya-bulasik-ve-mutfak-ankastre-bulasik-makinesi,Ev Aletleri › Beyaz Eşya › Bulaşık ve Mutfak › Ankastre Bulaşık Makinesi,Ev Aletleri › Beyaz Eşya › Bulaşık ve Mutfak,CREATE_NEW,,false,false,false,,,0,0,0,0,0,0,LOW,
cmsg4wpfm0033uzxwv88et3xc,Pişirme,sifir-urun__mutfak-ve-sofra__pisirme,sifir-urun/mutfak-ve-sofra/pisirme,cmsg4wpfh0031uzxw20d0o7fi,sifir,Pişirme,ev-aletleri-beyaz-esya-pisirme,Ev Aletleri › Beyaz Eşya › Pişirme,Ev Aletleri › Beyaz Eşya,MOVE,cmsg4wpfm0033uzxwv88et3xc,true,true,true,,,0,0,0,0,0,0,LOW,move from parent 'Mutfak ve Sofra' → 'Beyaz Eşya'
,,,,,,Fırın,ev-aletleri-beyaz-esya-pisirme-firin,Ev Aletleri › Beyaz Eşya › Pişirme › Fırın,Ev Aletleri › Beyaz Eşya › Pişirme,CREATE_NEW,,false,false,false,,,0,0,0,0,0,0,LOW,
,,,,,,Ocak,ev-aletleri-beyaz-esya-pisirme-ocak,Ev Aletleri › Beyaz Eşya › Pişirme › Ocak,Ev Aletleri › Beyaz Eşya › Pişirme,CREATE_NEW,,false,false,false,,,0,0,0,0,0,0,LOW,
cmsg3xgur0059uzdcp093xrys,Davlumbaz,sifir-urun-beyaz-esya__davulumba,sifir-urun/ev-aletleri/beyaz-esya/beyaz-esya/davulumba,cmsg4wp4f0029uzxwroue3qn1,sifir,Davlumbaz,ev-aletleri-beyaz-esya-pisirme-davlumbaz,Ev Aletleri › Beyaz Eşya › Pişirme › Davlumbaz,Ev Aletleri › Beyaz Eşya › Pişirme,MOVE,cmsg3xgur0059uzdcp093xrys,true,true,true,,,0,0,0,29,8,0,LOW,move from parent 'Beyaz Eşya' → 'Pişirme'
cmsg3xgxs005xuzdcc20llfmm,Aspiratör,sifir-urun-beyaz-esya__aspirator,sifir-urun/ev-aletleri/beyaz-esya/beyaz-esya/aspirator,cmsg4wp4f0029uzxwroue3qn1,sifir,Aspiratör,ev-aletleri-beyaz-esya-pisirme-aspirator,Ev Aletleri › Beyaz Eşya › Pişirme › Aspiratör,Ev Aletleri › Beyaz Eşya › Pişirme,MOVE,cmsg3xgxs005xuzdcc20llfmm,true,true,true,,,0,0,0,29,8,0,LOW,move from parent 'Beyaz Eşya' → 'Pişirme'
cmsg3xgy0005zuzdcllwpr6ri,Ankastre Set,sifir-urun-beyaz-esya__ankastre-set,sifir-urun/ev-aletleri/beyaz-esya/beyaz-esya/ankastre-set,cmsg4wp4f0029uzxwroue3qn1,sifir,Ankastre Set,ev-aletleri-beyaz-esya-pisirme-ankastre-set,Ev Aletleri › Beyaz Eşya › Pişirme › Ankastre Set,Ev Aletleri › Beyaz Eşya › Pişirme,MOVE,cmsg3xgy0005zuzdcllwpr6ri,true,true,true,,,0,0,0,29,8,0,LOW,move from parent 'Beyaz Eşya' → 'Pişirme'
,,,,,,Mikrodalga Fırın,ev-aletleri-beyaz-esya-pisirme-mikrodalga-firin,Ev Aletleri › Beyaz Eşya › Pişirme › Mikrodalga Fırın,Ev Aletleri › Beyaz Eşya › Pişirme,CREATE_NEW,,false,false,false,,,0,0,0,0,0,0,LOW,
,,,,,,İklimlendirme,ev-aletleri-beyaz-esya-iklimlendirme,Ev Aletleri › Beyaz Eşya › İklimlendirme,Ev Aletleri › Beyaz Eşya,CREATE_NEW,,false,false,false,,,0,0,0,0,0,0,LOW,
cmsg3xguy005buzdc5161xfqn,Klima,sifir-urun-beyaz-esya__klima,sifir-urun/ev-aletleri/beyaz-esya/beyaz-esya/klima,cmsg4wp4f0029uzxwroue3qn1,sifir,Klima,ev-aletleri-beyaz-esya-iklimlendirme-klima,Ev Aletleri › Beyaz Eşya › İklimlendirme › Klima,Ev Aletleri › Beyaz Eşya › İklimlendirme,MOVE,cmsg3xguy005buzdc5161xfqn,true,true,true,,,0,0,0,29,8,0,LOW,move from parent 'Beyaz Eşya' → 'İklimlendirme'
,,,,,,Portatif Klima,ev-aletleri-beyaz-esya-iklimlendirme-portatif-klima,Ev Aletleri › Beyaz Eşya › İklimlendirme › Portatif Klima,Ev Aletleri › Beyaz Eşya › İklimlendirme,CREATE_NEW,,false,false,false,,,0,0,0,0,0,0,LOW,
,,,,,,Vantilatör,ev-aletleri-beyaz-esya-iklimlendirme-vantilator,Ev Aletleri › Beyaz Eşya › İklimlendirme › Vantilatör,Ev Aletleri › Beyaz Eşya › İklimlendirme,CREATE_NEW,,false,false,false,,,0,0,0,0,0,0,LOW,
,,,,,,Hava Soğutucu,ev-aletleri-beyaz-esya-iklimlendirme-hava-sogutucu,Ev Aletleri › Beyaz Eşya › İklimlendirme › Hava Soğutucu,Ev Aletleri › Beyaz Eşya › İklimlendirme,CREATE_NEW,,false,false,false,,,0,0,0,0,0,0,LOW,
,,,,,,Isıtıcı,ev-aletleri-beyaz-esya-iklimlendirme-isitici,Ev Aletleri › Beyaz Eşya › İklimlendirme › Isıtıcı,Ev Aletleri › Beyaz Eşya › İklimlendirme,CREATE_NEW,,false,false,false,,,0,0,0,0,0,0,LOW,
,,,,,,Kombi,ev-aletleri-beyaz-esya-iklimlendirme-kombi,Ev Aletleri › Beyaz Eşya › İklimlendirme › Kombi,Ev Aletleri › Beyaz Eşya › İklimlendirme,CREATE_NEW,,false,false,false,,,0,0,0,0,0,0,LOW,
,,,,,,Şofben,ev-aletleri-beyaz-esya-iklimlendirme-sofben,Ev Aletleri › Beyaz Eşya › İklimlendirme › Şofben,Ev Aletleri › Beyaz Eşya › İklimlendirme,CREATE_NEW,,false,false,false,,,0,0,0,0,0,0,LOW,
,,,,,,Termosifon,ev-aletleri-beyaz-esya-iklimlendirme-termosifon,Ev Aletleri › Beyaz Eşya › İklimlendirme › Termosifon,Ev Aletleri › Beyaz Eşya › İklimlendirme,CREATE_NEW,,false,false,false,,,0,0,0,0,0,0,LOW,
cmsg4wp6y002buzxw8i935t8o,Küçük Ev Aletleri,sifir-urun__ev-aletleri__kucuk-ev-aletleri,sifir-urun/ev-aletleri/kucuk-ev-aletleri,cmsg4wp4b0027uzxwztiu45qy,sifir,Küçük Ev Aletleri,ev-aletleri-kucuk-ev-aletleri,Ev Aletleri › Küçük Ev Aletleri,Ev Aletleri,KEEP,cmsg4wp6y002buzxw8i935t8o,true,false,false,,,0,0,0,0,0,0,LOW,
,,,,,,Temizlik,ev-aletleri-kucuk-ev-aletleri-temizlik,Ev Aletleri › Küçük Ev Aletleri › Temizlik,Ev Aletleri › Küçük Ev Aletleri,CREATE_NEW,,false,false,false,,,0,0,0,0,0,0,LOW,
cmsg3xh2j006zuzdchy5zoyc7,Robot Süpürge,sifir-urun-elektrikli-ev-aletleri__robot-supurge,sifir-urun/ev-aletleri/kucuk-ev-aletleri/elektrikli-ev-aletleri/robot-supurge,cms93j5m20027uz3g910o9sc3,sifir,Robot Süpürge,ev-aletleri-kucuk-ev-aletleri-temizlik-robot-supurge,Ev Aletleri › Küçük Ev Aletleri › Temizlik › Robot Süpürge,Ev Aletleri › Küçük Ev Aletleri › Temizlik,MOVE,cmsg3xh2j006zuzdchy5zoyc7,true,true,true,,,0,0,0,28,4,0,LOW,move from parent 'Elektrikli Ev Aletleri' → 'Temizlik'
,,,,,,Dikey Süpürge,ev-aletleri-kucuk-ev-aletleri-temizlik-dikey-supurge,Ev Aletleri › Küçük Ev Aletleri › Temizlik › Dikey Süpürge,Ev Aletleri › Küçük Ev Aletleri › Temizlik,CREATE_NEW,,false,false,false,,,0,0,0,0,0,0,LOW,
,,,,,,Toz Torbalı Süpürge,ev-aletleri-kucuk-ev-aletleri-temizlik-toz-torbali-supurge,Ev Aletleri › Küçük Ev Aletleri › Temizlik › Toz Torbalı Süpürge,Ev Aletleri › Küçük Ev Aletleri › Temizlik,CREATE_NEW,,false,false,false,,,0,0,0,0,0,0,LOW,
,,,,,,Toz Torbasız Süpürge,ev-aletleri-kucuk-ev-aletleri-temizlik-toz-torbasiz-supurge,Ev Aletleri › Küçük Ev Aletleri › Temizlik › Toz Torbasız Süpürge,Ev Aletleri › Küçük Ev Aletleri › Temizlik,CREATE_NEW,,false,false,false,,,0,0,0,0,0,0,LOW,
,,,,,,Islak-Kuru Süpürge,ev-aletleri-kucuk-ev-aletleri-temizlik-islak-kuru-supurge,Ev Aletleri › Küçük Ev Aletleri › Temizlik › Islak-Kuru Süpürge,Ev Aletleri › Küçük Ev Aletleri › Temizlik,CREATE_NEW,,false,false,false,,,0,0,0,0,0,0,LOW,
,,,,,,Buharlı Temizleyici,ev-aletleri-kucuk-ev-aletleri-temizlik-buharli-temizleyici,Ev Aletleri › Küçük Ev Aletleri › Temizlik › Buharlı Temizleyici,Ev Aletleri › Küçük Ev Aletleri › Temizlik,CREATE_NEW,,false,false,false,,,0,0,0,0,0,0,LOW,
,,,,,,Halı Yıkama Makinesi,ev-aletleri-kucuk-ev-aletleri-temizlik-hali-yikama-makinesi,Ev Aletleri › Küçük Ev Aletleri › Temizlik › Halı Yıkama Makinesi,Ev Aletleri › Küçük Ev Aletleri › Temizlik,CREATE_NEW,,false,false,false,,,0,0,0,0,0,0,LOW,
,,,,,,Cam Temizleme Robotu,ev-aletleri-kucuk-ev-aletleri-temizlik-cam-temizleme-robotu,Ev Aletleri › Küçük Ev Aletleri › Temizlik › Cam Temizleme Robotu,Ev Aletleri › Küçük Ev Aletleri › Temizlik,CREATE_NEW,,false,false,false,,,0,0,0,0,0,0,LOW,
,,,,,,Ütü ve Dikiş,ev-aletleri-kucuk-ev-aletleri-utu-ve-dikis,Ev Aletleri › Küçük Ev Aletleri › Ütü ve Dikiş,Ev Aletleri › Küçük Ev Aletleri,CREATE_NEW,,false,false,false,,,0,0,0,0,0,0,LOW,
,,,,,,Buharlı Ütü,ev-aletleri-kucuk-ev-aletleri-utu-ve-dikis-buharli-utu,Ev Aletleri › Küçük Ev Aletleri › Ütü ve Dikiş › Buharlı Ütü,Ev Aletleri › Küçük Ev Aletleri › Ütü ve Dikiş,CREATE_NEW,,false,false,false,,,0,0,0,0,0,0,LOW,
,,,,,,Kazanlı Ütü,ev-aletleri-kucuk-ev-aletleri-utu-ve-dikis-kazanli-utu,Ev Aletleri › Küçük Ev Aletleri › Ütü ve Dikiş › Kazanlı Ütü,Ev Aletleri › Küçük Ev Aletleri › Ütü ve Dikiş,CREATE_NEW,,false,false,false,,,0,0,0,0,0,0,LOW,
,,,,,,Dikey Ütü,ev-aletleri-kucuk-ev-aletleri-utu-ve-dikis-dikey-utu,Ev Aletleri › Küçük Ev Aletleri › Ütü ve Dikiş › Dikey Ütü,Ev Aletleri › Küçük Ev Aletleri › Ütü ve Dikiş,CREATE_NEW,,false,false,false,,,0,0,0,0,0,0,LOW,
,,,,,,Ütü Masası,ev-aletleri-kucuk-ev-aletleri-utu-ve-dikis-utu-masasi,Ev Aletleri › Küçük Ev Aletleri › Ütü ve Dikiş › Ütü Masası,Ev Aletleri › Küçük Ev Aletleri › Ütü ve Dikiş,CREATE_NEW,,false,false,false,,,0,0,0,0,0,0,LOW,
,,,,,,Dikiş Makinesi,ev-aletleri-kucuk-ev-aletleri-utu-ve-dikis-dikis-makinesi,Ev Aletleri › Küçük Ev Aletleri › Ütü ve Dikiş › Dikiş Makinesi,Ev Aletleri › Küçük Ev Aletleri › Ütü ve Dikiş,CREATE_NEW,,false,false,false,,,0,0,0,0,0,0,LOW,
,,,,,,Overlok Makinesi,ev-aletleri-kucuk-ev-aletleri-utu-ve-dikis-overlok-makinesi,Ev Aletleri › Küçük Ev Aletleri › Ütü ve Dikiş › Overlok Makinesi,Ev Aletleri › Küçük Ev Aletleri › Ütü ve Dikiş,CREATE_NEW,,false,false,false,,,0,0,0,0,0,0,LOW,
,,,,,,Hava Kalitesi,ev-aletleri-kucuk-ev-aletleri-hava-kalitesi,Ev Aletleri › Küçük Ev Aletleri › Hava Kalitesi,Ev Aletleri › Küçük Ev Aletleri,CREATE_NEW,,false,false,false,,,0,0,0,0,0,0,LOW,
,,,,,,Hava Temizleyici,ev-aletleri-kucuk-ev-aletleri-hava-kalitesi-hava-temizleyici,Ev Aletleri › Küçük Ev Aletleri › Hava Kalitesi › Hava Temizleyici,Ev Aletleri › Küçük Ev Aletleri › Hava Kalitesi,CREATE_NEW,,false,false,false,,,0,0,0,0,0,0,LOW,
,,,,,,Nem Alma Cihazı,ev-aletleri-kucuk-ev-aletleri-hava-kalitesi-nem-alma-cihazi,Ev Aletleri › Küçük Ev Aletleri › Hava Kalitesi › Nem Alma Cihazı,Ev Aletleri › Küçük Ev Aletleri › Hava Kalitesi,CREATE_NEW,,false,false,false,,,0,0,0,0,0,0,LOW,
,,,,,,Nemlendirici,ev-aletleri-kucuk-ev-aletleri-hava-kalitesi-nemlendirici,Ev Aletleri › Küçük Ev Aletleri › Hava Kalitesi › Nemlendirici,Ev Aletleri › Küçük Ev Aletleri › Hava Kalitesi,CREATE_NEW,,false,false,false,,,0,0,0,0,0,0,LOW,
,,,,,,Ozon Cihazı,ev-aletleri-kucuk-ev-aletleri-hava-kalitesi-ozon-cihazi,Ev Aletleri › Küçük Ev Aletleri › Hava Kalitesi › Ozon Cihazı,Ev Aletleri › Küçük Ev Aletleri › Hava Kalitesi,CREATE_NEW,,false,false,false,,,0,0,0,0,0,0,LOW,
,,,,,,Kişisel Konfor,ev-aletleri-kucuk-ev-aletleri-kisisel-konfor,Ev Aletleri › Küçük Ev Aletleri › Kişisel Konfor,Ev Aletleri › Küçük Ev Aletleri,CREATE_NEW,,false,false,false,,,0,0,0,0,0,0,LOW,
,,,,,,Elektrikli Battaniye,ev-aletleri-kucuk-ev-aletleri-kisisel-konfor-elektrikli-battaniye,Ev Aletleri › Küçük Ev Aletleri › Kişisel Konfor › Elektrikli Battaniye,Ev Aletleri › Küçük Ev Aletleri › Kişisel Konfor,CREATE_NEW,,false,false,false,,,0,0,0,0,0,0,LOW,
,,,,,,Ayak Isıtıcı,ev-aletleri-kucuk-ev-aletleri-kisisel-konfor-ayak-isitici,Ev Aletleri › Küçük Ev Aletleri › Kişisel Konfor › Ayak Isıtıcı,Ev Aletleri › Küçük Ev Aletleri › Kişisel Konfor,CREATE_NEW,,false,false,false,,,0,0,0,0,0,0,LOW,
,,,,,,Elektrikli Soba,ev-aletleri-kucuk-ev-aletleri-kisisel-konfor-elektrikli-soba,Ev Aletleri › Küçük Ev Aletleri › Kişisel Konfor › Elektrikli Soba,Ev Aletleri › Küçük Ev Aletleri › Kişisel Konfor,CREATE_NEW,,false,false,false,,,0,0,0,0,0,0,LOW,
,,,,,,Sinekkapan Cihazı,ev-aletleri-kucuk-ev-aletleri-kisisel-konfor-sinekkapan-cihazi,Ev Aletleri › Küçük Ev Aletleri › Kişisel Konfor › Sinekkapan Cihazı,Ev Aletleri › Küçük Ev Aletleri › Kişisel Konfor,CREATE_NEW,,false,false,false,,,0,0,0,0,0,0,LOW,
cmsg4wpfh0031uzxw20d0o7fi,Mutfak ve Sofra,sifir-urun__mutfak-ve-sofra,sifir-urun/mutfak-ve-sofra,cms93j5l1001vuz3gboidp5m9,sifir,Mutfak ve Sofra,mutfak-ve-sofra,Mutfak ve Sofra,,KEEP,cmsg4wpfh0031uzxw20d0o7fi,true,false,false,,,0,0,0,0,0,0,LOW,
cmsg4wpfm0033uzxwv88et3xc,Pişirme,sifir-urun__mutfak-ve-sofra__pisirme,sifir-urun/mutfak-ve-sofra/pisirme,cmsg4wpfh0031uzxw20d0o7fi,sifir,Pişirme,mutfak-ve-sofra-pisirme,Mutfak ve Sofra › Pişirme,Mutfak ve Sofra,KEEP,cmsg4wpfm0033uzxwv88et3xc,true,false,false,,,0,0,0,0,0,0,LOW,
,,,,,,Elektrikli Pişirme,mutfak-ve-sofra-pisirme-elektrikli-pisirme,Mutfak ve Sofra › Pişirme › Elektrikli Pişirme,Mutfak ve Sofra › Pişirme,CREATE_NEW,,false,false,false,,,0,0,0,0,0,0,LOW,
cmsg3xh2b006xuzdcxdsfivrk,Airfryer,sifir-urun-elektrikli-ev-aletleri__hava-fritozu,sifir-urun/ev-aletleri/kucuk-ev-aletleri/elektrikli-ev-aletleri/hava-fritozu,cms93j5m20027uz3g910o9sc3,sifir,Airfryer,mutfak-ve-sofra-pisirme-elektrikli-pisirme-airfryer,Mutfak ve Sofra › Pişirme › Elektrikli Pişirme › Airfryer,Mutfak ve Sofra › Pişirme › Elektrikli Pişirme,MOVE,cmsg3xh2b006xuzdcxdsfivrk,true,true,true,,,0,0,0,28,4,0,LOW,move from parent 'Elektrikli Ev Aletleri' → 'Elektrikli Pişirme'
,,,,,,Mini Fırın,mutfak-ve-sofra-pisirme-elektrikli-pisirme-mini-firin,Mutfak ve Sofra › Pişirme › Elektrikli Pişirme › Mini Fırın,Mutfak ve Sofra › Pişirme › Elektrikli Pişirme,CREATE_NEW,,false,false,false,,,0,0,0,0,0,0,LOW,
,,,,,,Elektrikli Izgara,mutfak-ve-sofra-pisirme-elektrikli-pisirme-elektrikli-izgara,Mutfak ve Sofra › Pişirme › Elektrikli Pişirme › Elektrikli Izgara,Mutfak ve Sofra › Pişirme › Elektrikli Pişirme,CREATE_NEW,,false,false,false,,,0,0,0,0,0,0,LOW,
,,,,,,Tost Makinesi,mutfak-ve-sofra-pisirme-elektrikli-pisirme-tost-makinesi,Mutfak ve Sofra › Pişirme › Elektrikli Pişirme › Tost Makinesi,Mutfak ve Sofra › Pişirme › Elektrikli Pişirme,CREATE_NEW,,false,false,false,,,0,0,0,0,0,0,LOW,
,,,,,,Waffle Makinesi,mutfak-ve-sofra-pisirme-elektrikli-pisirme-waffle-makinesi,Mutfak ve Sofra › Pişirme › Elektrikli Pişirme › Waffle Makinesi,Mutfak ve Sofra › Pişirme › Elektrikli Pişirme,CREATE_NEW,,false,false,false,,,0,0,0,0,0,0,LOW,
,,,,,,Krep Makinesi,mutfak-ve-sofra-pisirme-elektrikli-pisirme-krep-makinesi,Mutfak ve Sofra › Pişirme › Elektrikli Pişirme › Krep Makinesi,Mutfak ve Sofra › Pişirme › Elektrikli Pişirme,CREATE_NEW,,false,false,false,,,0,0,0,0,0,0,LOW,
,,,,,,Ekmek Yapma Makinesi,mutfak-ve-sofra-pisirme-elektrikli-pisirme-ekmek-yapma-makinesi,Mutfak ve Sofra › Pişirme › Elektrikli Pişirme › Ekmek Yapma Makinesi,Mutfak ve Sofra › Pişirme › Elektrikli Pişirme,CREATE_NEW,,false,false,false,,,0,0,0,0,0,0,LOW,
,,,,,,Yoğurt Makinesi,mutfak-ve-sofra-pisirme-elektrikli-pisirme-yogurt-makinesi,Mutfak ve Sofra › Pişirme › Elektrikli Pişirme › Yoğurt Makinesi,Mutfak ve Sofra › Pişirme › Elektrikli Pişirme,CREATE_NEW,,false,false,false,,,0,0,0,0,0,0,LOW,
,,,,,,Tencere ve Tavalar,mutfak-ve-sofra-pisirme-tencere-ve-tavalar,Mutfak ve Sofra › Pişirme › Tencere ve Tavalar,Mutfak ve Sofra › Pişirme,CREATE_NEW,,false,false,false,,,0,0,0,0,0,0,LOW,
,,,,,,Tencere,mutfak-ve-sofra-pisirme-tencere-ve-tavalar-tencere,Mutfak ve Sofra › Pişirme › Tencere ve Tavalar › Tencere,Mutfak ve Sofra › Pişirme › Tencere ve Tavalar,CREATE_NEW,,false,false,false,,,0,0,0,0,0,0,LOW,
,,,,,,Tencere Seti,mutfak-ve-sofra-pisirme-tencere-ve-tavalar-tencere-seti,Mutfak ve Sofra › Pişirme › Tencere ve Tavalar › Tencere Seti,Mutfak ve Sofra › Pişirme › Tencere ve Tavalar,CREATE_NEW,,false,false,false,,,0,0,0,0,0,0,LOW,
,,,,,,Tava,mutfak-ve-sofra-pisirme-tencere-ve-tavalar-tava,Mutfak ve Sofra › Pişirme › Tencere ve Tavalar › Tava,Mutfak ve Sofra › Pişirme › Tencere ve Tavalar,CREATE_NEW,,false,false,false,,,0,0,0,0,0,0,LOW,
,,,,,,Döküm Tencere,mutfak-ve-sofra-pisirme-tencere-ve-tavalar-dokum-tencere,Mutfak ve Sofra › Pişirme › Tencere ve Tavalar › Döküm Tencere,Mutfak ve Sofra › Pişirme › Tencere ve Tavalar,CREATE_NEW,,false,false,false,,,0,0,0,0,0,0,LOW,
,,,,,,Döküm Tava,mutfak-ve-sofra-pisirme-tencere-ve-tavalar-dokum-tava,Mutfak ve Sofra › Pişirme › Tencere ve Tavalar › Döküm Tava,Mutfak ve Sofra › Pişirme › Tencere ve Tavalar,CREATE_NEW,,false,false,false,,,0,0,0,0,0,0,LOW,
,,,,,,Düdüklü Tencere,mutfak-ve-sofra-pisirme-tencere-ve-tavalar-duduklu-tencere,Mutfak ve Sofra › Pişirme › Tencere ve Tavalar › Düdüklü Tencere,Mutfak ve Sofra › Pişirme › Tencere ve Tavalar,CREATE_NEW,,false,false,false,,,0,0,0,0,0,0,LOW,
,,,,,,Sahan,mutfak-ve-sofra-pisirme-tencere-ve-tavalar-sahan,Mutfak ve Sofra › Pişirme › Tencere ve Tavalar › Sahan,Mutfak ve Sofra › Pişirme › Tencere ve Tavalar,CREATE_NEW,,false,false,false,,,0,0,0,0,0,0,LOW,
,,,,,,Wok Tava,mutfak-ve-sofra-pisirme-tencere-ve-tavalar-wok-tava,Mutfak ve Sofra › Pişirme › Tencere ve Tavalar › Wok Tava,Mutfak ve Sofra › Pişirme › Tencere ve Tavalar,CREATE_NEW,,false,false,false,,,0,0,0,0,0,0,LOW,
,,,,,,Fırın Gereçleri,mutfak-ve-sofra-pisirme-firin-gerecleri,Mutfak ve Sofra › Pişirme › Fırın Gereçleri,Mutfak ve Sofra › Pişirme,CREATE_NEW,,false,false,false,,,0,0,0,0,0,0,LOW,
,,,,,,Fırın Tepsisi,mutfak-ve-sofra-pisirme-firin-gerecleri-firin-tepsisi,Mutfak ve Sofra › Pişirme › Fırın Gereçleri › Fırın Tepsisi,Mutfak ve Sofra › Pişirme › Fırın Gereçleri,CREATE_NEW,,false,false,false,,,0,0,0,0,0,0,LOW,
,,,,,,Kek Kalıbı,mutfak-ve-sofra-pisirme-firin-gerecleri-kek-kalibi,Mutfak ve Sofra › Pişirme › Fırın Gereçleri › Kek Kalıbı,Mutfak ve Sofra › Pişirme › Fırın Gereçleri,CREATE_NEW,,false,false,false,,,0,0,0,0,0,0,LOW,
,,,,,,Borcam ve Fırın Kabı,mutfak-ve-sofra-pisirme-firin-gerecleri-borcam-ve-firin-kabi,Mutfak ve Sofra › Pişirme › Fırın Gereçleri › Borcam ve Fırın Kabı,Mutfak ve Sofra › Pişirme › Fırın Gereçleri,CREATE_NEW,,false,false,false,,,0,0,0,0,0,0,LOW,
,,,,,,Silikon Kalıp,mutfak-ve-sofra-pisirme-firin-gerecleri-silikon-kalip,Mutfak ve Sofra › Pişirme › Fırın Gereçleri › Silikon Kalıp,Mutfak ve Sofra › Pişirme › Fırın Gereçleri,CREATE_NEW,,false,false,false,,,0,0,0,0,0,0,LOW,
,,,,,,Pişirme Kağıdı ve Mat,mutfak-ve-sofra-pisirme-firin-gerecleri-pisirme-kagidi-ve-mat,Mutfak ve Sofra › Pişirme › Fırın Gereçleri › Pişirme Kağıdı ve Mat,Mutfak ve Sofra › Pişirme › Fırın Gereçleri,CREATE_NEW,,false,false,false,,,0,0,0,0,0,0,LOW,
,,,,,,Hazırlık,mutfak-ve-sofra-hazirlik,Mutfak ve Sofra › Hazırlık,Mutfak ve Sofra,CREATE_NEW,,false,false,false,,,0,0,0,0,0,0,LOW,
,,,,,,Mutfak Robotları,mutfak-ve-sofra-hazirlik-mutfak-robotlari,Mutfak ve Sofra › Hazırlık › Mutfak Robotları,Mutfak ve Sofra › Hazırlık,CREATE_NEW,,false,false,false,,,0,0,0,0,0,0,LOW,
,,,,,,Mutfak Robotu,mutfak-ve-sofra-hazirlik-mutfak-robotlari-mutfak-robotu,Mutfak ve Sofra › Hazırlık › Mutfak Robotları › Mutfak Robotu,Mutfak ve Sofra › Hazırlık › Mutfak Robotları,CREATE_NEW,,false,false,false,,,0,0,0,0,0,0,LOW,
,,,,,,Blender,mutfak-ve-sofra-hazirlik-mutfak-robotlari-blender,Mutfak ve Sofra › Hazırlık › Mutfak Robotları › Blender,Mutfak ve Sofra › Hazırlık › Mutfak Robotları,CREATE_NEW,,false,false,false,,,0,0,0,0,0,0,LOW,
,,,,,,El Blenderı,mutfak-ve-sofra-hazirlik-mutfak-robotlari-el-blenderi,Mutfak ve Sofra › Hazırlık › Mutfak Robotları › El Blenderı,Mutfak ve Sofra › Hazırlık › Mutfak Robotları,CREATE_NEW,,false,false,false,,,0,0,0,0,0,0,LOW,
,,,,,,Mikser,mutfak-ve-sofra-hazirlik-mutfak-robotlari-mikser,Mutfak ve Sofra › Hazırlık › Mutfak Robotları › Mikser,Mutfak ve Sofra › Hazırlık › Mutfak Robotları,CREATE_NEW,,false,false,false,,,0,0,0,0,0,0,LOW,
,,,,,,Doğrayıcı,mutfak-ve-sofra-hazirlik-mutfak-robotlari-dograyici,Mutfak ve Sofra › Hazırlık › Mutfak Robotları › Doğrayıcı,Mutfak ve Sofra › Hazırlık › Mutfak Robotları,CREATE_NEW,,false,false,false,,,0,0,0,0,0,0,LOW,
,,,,,,Rondo,mutfak-ve-sofra-hazirlik-mutfak-robotlari-rondo,Mutfak ve Sofra › Hazırlık › Mutfak Robotları › Rondo,Mutfak ve Sofra › Hazırlık › Mutfak Robotları,CREATE_NEW,,false,false,false,,,0,0,0,0,0,0,LOW,
,,,,,,Hamur Yoğurma Makinesi,mutfak-ve-sofra-hazirlik-mutfak-robotlari-hamur-yogurma-makinesi,Mutfak ve Sofra › Hazırlık › Mutfak Robotları › Hamur Yoğurma Makinesi,Mutfak ve Sofra › Hazırlık › Mutfak Robotları,CREATE_NEW,,false,false,false,,,0,0,0,0,0,0,LOW,
,,,,,,Kesme ve Doğrama,mutfak-ve-sofra-hazirlik-kesme-ve-dograma,Mutfak ve Sofra › Hazırlık › Kesme ve Doğrama,Mutfak ve Sofra › Hazırlık,CREATE_NEW,,false,false,false,,,0,0,0,0,0,0,LOW,
,,,,,,Bıçak,mutfak-ve-sofra-hazirlik-kesme-ve-dograma-bicak,Mutfak ve Sofra › Hazırlık › Kesme ve Doğrama › Bıçak,Mutfak ve Sofra › Hazırlık › Kesme ve Doğrama,CREATE_NEW,,false,false,false,,,0,0,0,0,0,0,LOW,
,,,,,,Bıçak Seti,mutfak-ve-sofra-hazirlik-kesme-ve-dograma-bicak-seti,Mutfak ve Sofra › Hazırlık › Kesme ve Doğrama › Bıçak Seti,Mutfak ve Sofra › Hazırlık › Kesme ve Doğrama,CREATE_NEW,,false,false,false,,,0,0,0,0,0,0,LOW,
,,,,,,Kesme Tahtası,mutfak-ve-sofra-hazirlik-kesme-ve-dograma-kesme-tahtasi,Mutfak ve Sofra › Hazırlık › Kesme ve Doğrama › Kesme Tahtası,Mutfak ve Sofra › Hazırlık › Kesme ve Doğrama,CREATE_NEW,,false,false,false,,,0,0,0,0,0,0,LOW,
,,,,,,Rende,mutfak-ve-sofra-hazirlik-kesme-ve-dograma-rende,Mutfak ve Sofra › Hazırlık › Kesme ve Doğrama › Rende,Mutfak ve Sofra › Hazırlık › Kesme ve Doğrama,CREATE_NEW,,false,false,false,,,0,0,0,0,0,0,LOW,
,,,,,,Soyacak,mutfak-ve-sofra-hazirlik-kesme-ve-dograma-soyacak,Mutfak ve Sofra › Hazırlık › Kesme ve Doğrama › Soyacak,Mutfak ve Sofra › Hazırlık › Kesme ve Doğrama,CREATE_NEW,,false,false,false,,,0,0,0,0,0,0,LOW,
,,,,,,Mutfak Makası,mutfak-ve-sofra-hazirlik-kesme-ve-dograma-mutfak-makasi,Mutfak ve Sofra › Hazırlık › Kesme ve Doğrama › Mutfak Makası,Mutfak ve Sofra › Hazırlık › Kesme ve Doğrama,CREATE_NEW,,false,false,false,,,0,0,0,0,0,0,LOW,
,,,,,,Bileme Aleti,mutfak-ve-sofra-hazirlik-kesme-ve-dograma-bileme-aleti,Mutfak ve Sofra › Hazırlık › Kesme ve Doğrama › Bileme Aleti,Mutfak ve Sofra › Hazırlık › Kesme ve Doğrama,CREATE_NEW,,false,false,false,,,0,0,0,0,0,0,LOW,
,,,,,,Ölçme ve Yardımcılar,mutfak-ve-sofra-hazirlik-olcme-ve-yardimcilar,Mutfak ve Sofra › Hazırlık › Ölçme ve Yardımcılar,Mutfak ve Sofra › Hazırlık,CREATE_NEW,,false,false,false,,,0,0,0,0,0,0,LOW,
,,,,,,Mutfak Tartısı,mutfak-ve-sofra-hazirlik-olcme-ve-yardimcilar-mutfak-tartisi,Mutfak ve Sofra › Hazırlık › Ölçme ve Yardımcılar › Mutfak Tartısı,Mutfak ve Sofra › Hazırlık › Ölçme ve Yardımcılar,CREATE_NEW,,false,false,false,,,0,0,0,0,0,0,LOW,
,,,,,,Ölçü Kabı,mutfak-ve-sofra-hazirlik-olcme-ve-yardimcilar-olcu-kabi,Mutfak ve Sofra › Hazırlık › Ölçme ve Yardımcılar › Ölçü Kabı,Mutfak ve Sofra › Hazırlık › Ölçme ve Yardımcılar,CREATE_NEW,,false,false,false,,,0,0,0,0,0,0,LOW,
,,,,,,Termometre,mutfak-ve-sofra-hazirlik-olcme-ve-yardimcilar-termometre,Mutfak ve Sofra › Hazırlık › Ölçme ve Yardımcılar › Termometre,Mutfak ve Sofra › Hazırlık › Ölçme ve Yardımcılar,CREATE_NEW,,false,false,false,,,0,0,0,0,0,0,LOW,
,,,,,,Süzgeç,mutfak-ve-sofra-hazirlik-olcme-ve-yardimcilar-suzgec,Mutfak ve Sofra › Hazırlık › Ölçme ve Yardımcılar › Süzgeç,Mutfak ve Sofra › Hazırlık › Ölçme ve Yardımcılar,CREATE_NEW,,false,false,false,,,0,0,0,0,0,0,LOW,
,,,,,,Kevgir,mutfak-ve-sofra-hazirlik-olcme-ve-yardimcilar-kevgir,Mutfak ve Sofra › Hazırlık › Ölçme ve Yardımcılar › Kevgir,Mutfak ve Sofra › Hazırlık › Ölçme ve Yardımcılar,CREATE_NEW,,false,false,false,,,0,0,0,0,0,0,LOW,
,,,,,,Huni,mutfak-ve-sofra-hazirlik-olcme-ve-yardimcilar-huni,Mutfak ve Sofra › Hazırlık › Ölçme ve Yardımcılar › Huni,Mutfak ve Sofra › Hazırlık › Ölçme ve Yardımcılar,CREATE_NEW,,false,false,false,,,0,0,0,0,0,0,LOW,
,,,,,,Spatula,mutfak-ve-sofra-hazirlik-olcme-ve-yardimcilar-spatula,Mutfak ve Sofra › Hazırlık › Ölçme ve Yardımcılar › Spatula,Mutfak ve Sofra › Hazırlık › Ölçme ve Yardımcılar,CREATE_NEW,,false,false,false,,,0,0,0,0,0,0,LOW,
,,,,,,Maşa,mutfak-ve-sofra-hazirlik-olcme-ve-yardimcilar-masa,Mutfak ve Sofra › Hazırlık › Ölçme ve Yardımcılar › Maşa,Mutfak ve Sofra › Hazırlık › Ölçme ve Yardımcılar,CREATE_NEW,,false,false,false,,,0,0,0,0,0,0,LOW,
,,,,,,Çırpıcı,mutfak-ve-sofra-hazirlik-olcme-ve-yardimcilar-cirpici,Mutfak ve Sofra › Hazırlık › Ölçme ve Yardımcılar › Çırpıcı,Mutfak ve Sofra › Hazırlık › Ölçme ve Yardımcılar,CREATE_NEW,,false,false,false,,,0,0,0,0,0,0,LOW,
,,,,,,İçecek Hazırlama,mutfak-ve-sofra-icecek-hazirlama,Mutfak ve Sofra › İçecek Hazırlama,Mutfak ve Sofra,CREATE_NEW,,false,false,false,,,0,0,0,0,0,0,LOW,
,,,,,,Kahve,mutfak-ve-sofra-icecek-hazirlama-kahve,Mutfak ve Sofra › İçecek Hazırlama › Kahve,Mutfak ve Sofra › İçecek Hazırlama,CREATE_NEW,,false,false,false,,,0,0,0,0,0,0,LOW,
cmsg3xh3e0075uzdcvf2cu3zj,Türk Kahvesi Makinesi,sifir-urun-elektrikli-ev-aletleri__turk-kahvesi,sifir-urun/ev-aletleri/kucuk-ev-aletleri/elektrikli-ev-aletleri/turk-kahvesi,cms93j5m20027uz3g910o9sc3,sifir,Türk Kahvesi Makinesi,mutfak-ve-sofra-icecek-hazirlama-kahve-turk-kahvesi-makinesi,Mutfak ve Sofra › İçecek Hazırlama › Kahve › Türk Kahvesi Makinesi,Mutfak ve Sofra › İçecek Hazırlama › Kahve,MOVE,cmsg3xh3e0075uzdcvf2cu3zj,true,true,true,,,0,0,0,28,4,0,LOW,move from parent 'Elektrikli Ev Aletleri' → 'Kahve'
,,,,,,Filtre Kahve Makinesi,mutfak-ve-sofra-icecek-hazirlama-kahve-filtre-kahve-makinesi,Mutfak ve Sofra › İçecek Hazırlama › Kahve › Filtre Kahve Makinesi,Mutfak ve Sofra › İçecek Hazırlama › Kahve,CREATE_NEW,,false,false,false,,,0,0,0,0,0,0,LOW,
cmsg3xh3l0077uzdc1l4p7bqy,Espresso Makinesi,sifir-urun-elektrikli-ev-aletleri__espresso,sifir-urun/ev-aletleri/kucuk-ev-aletleri/elektrikli-ev-aletleri/espresso,cms93j5m20027uz3g910o9sc3,sifir,Espresso Makinesi,mutfak-ve-sofra-icecek-hazirlama-kahve-espresso-makinesi,Mutfak ve Sofra › İçecek Hazırlama › Kahve › Espresso Makinesi,Mutfak ve Sofra › İçecek Hazırlama › Kahve,MOVE,cmsg3xh3l0077uzdc1l4p7bqy,true,true,true,,,0,0,0,28,4,0,LOW,move from parent 'Elektrikli Ev Aletleri' → 'Kahve'
,,,,,,Kapsül Kahve Makinesi,mutfak-ve-sofra-icecek-hazirlama-kahve-kapsul-kahve-makinesi,Mutfak ve Sofra › İçecek Hazırlama › Kahve › Kapsül Kahve Makinesi,Mutfak ve Sofra › İçecek Hazırlama › Kahve,CREATE_NEW,,false,false,false,,,0,0,0,0,0,0,LOW,
,,,,,,Kahve Öğütücü,mutfak-ve-sofra-icecek-hazirlama-kahve-kahve-ogutucu,Mutfak ve Sofra › İçecek Hazırlama › Kahve › Kahve Öğütücü,Mutfak ve Sofra › İçecek Hazırlama › Kahve,CREATE_NEW,,false,false,false,,,0,0,0,0,0,0,LOW,
,,,,,,French Press,mutfak-ve-sofra-icecek-hazirlama-kahve-french-press,Mutfak ve Sofra › İçecek Hazırlama › Kahve › French Press,Mutfak ve Sofra › İçecek Hazırlama › Kahve,CREATE_NEW,,false,false,false,,,0,0,0,0,0,0,LOW,
,,,,,,Moka Pot,mutfak-ve-sofra-icecek-hazirlama-kahve-moka-pot,Mutfak ve Sofra › İçecek Hazırlama › Kahve › Moka Pot,Mutfak ve Sofra › İçecek Hazırlama › Kahve,CREATE_NEW,,false,false,false,,,0,0,0,0,0,0,LOW,
,,,,,,Kahve Demleme Ekipmanı,mutfak-ve-sofra-icecek-hazirlama-kahve-kahve-demleme-ekipmani,Mutfak ve Sofra › İçecek Hazırlama › Kahve › Kahve Demleme Ekipmanı,Mutfak ve Sofra › İçecek Hazırlama › Kahve,CREATE_NEW,,false,false,false,,,0,0,0,0,0,0,LOW,
,,,,,,Çay ve Sıcak İçecek,mutfak-ve-sofra-icecek-hazirlama-cay-ve-sicak-icecek,Mutfak ve Sofra › İçecek Hazırlama › Çay ve Sıcak İçecek,Mutfak ve Sofra › İçecek Hazırlama,CREATE_NEW,,false,false,false,,,0,0,0,0,0,0,LOW,
,,,,,,Çay Makinesi,mutfak-ve-sofra-icecek-hazirlama-cay-ve-sicak-icecek-cay-makinesi,Mutfak ve Sofra › İçecek Hazırlama › Çay ve Sıcak İçecek › Çay Makinesi,Mutfak ve Sofra › İçecek Hazırlama › Çay ve Sıcak İçecek,CREATE_NEW,,false,false,false,,,0,0,0,0,0,0,LOW,
,,,,,,Su Isıtıcısı,mutfak-ve-sofra-icecek-hazirlama-cay-ve-sicak-icecek-su-isiticisi,Mutfak ve Sofra › İçecek Hazırlama › Çay ve Sıcak İçecek › Su Isıtıcısı,Mutfak ve Sofra › İçecek Hazırlama › Çay ve Sıcak İçecek,CREATE_NEW,,false,false,false,,,0,0,0,0,0,0,LOW,
,,,,,,Semaver,mutfak-ve-sofra-icecek-hazirlama-cay-ve-sicak-icecek-semaver,Mutfak ve Sofra › İçecek Hazırlama › Çay ve Sıcak İçecek › Semaver,Mutfak ve Sofra › İçecek Hazırlama › Çay ve Sıcak İçecek,CREATE_NEW,,false,false,false,,,0,0,0,0,0,0,LOW,
,,,,,,Termos,mutfak-ve-sofra-icecek-hazirlama-cay-ve-sicak-icecek-termos,Mutfak ve Sofra › İçecek Hazırlama › Çay ve Sıcak İçecek › Termos,Mutfak ve Sofra › İçecek Hazırlama › Çay ve Sıcak İçecek,CREATE_NEW,,false,false,false,,,0,0,0,0,0,0,LOW,
,,,,,,Mug ve Termos Bardak,mutfak-ve-sofra-icecek-hazirlama-cay-ve-sicak-icecek-mug-ve-termos-bardak,Mutfak ve Sofra › İçecek Hazırlama › Çay ve Sıcak İçecek › Mug ve Termos Bardak,Mutfak ve Sofra › İçecek Hazırlama › Çay ve Sıcak İçecek,CREATE_NEW,,false,false,false,,,0,0,0,0,0,0,LOW,
,,,,,,Soğuk İçecek,mutfak-ve-sofra-icecek-hazirlama-soguk-icecek,Mutfak ve Sofra › İçecek Hazırlama › Soğuk İçecek,Mutfak ve Sofra › İçecek Hazırlama,CREATE_NEW,,false,false,false,,,0,0,0,0,0,0,LOW,
,,,,,,Katı Meyve Sıkacağı,mutfak-ve-sofra-icecek-hazirlama-soguk-icecek-kati-meyve-sikacagi,Mutfak ve Sofra › İçecek Hazırlama › Soğuk İçecek › Katı Meyve Sıkacağı,Mutfak ve Sofra › İçecek Hazırlama › Soğuk İçecek,CREATE_NEW,,false,false,false,,,0,0,0,0,0,0,LOW,
,,,,,,Narenciye Sıkacağı,mutfak-ve-sofra-icecek-hazirlama-soguk-icecek-narenciye-sikacagi,Mutfak ve Sofra › İçecek Hazırlama › Soğuk İçecek › Narenciye Sıkacağı,Mutfak ve Sofra › İçecek Hazırlama › Soğuk İçecek,CREATE_NEW,,false,false,false,,,0,0,0,0,0,0,LOW,
,,,,,,Smoothie Blender,mutfak-ve-sofra-icecek-hazirlama-soguk-icecek-smoothie-blender,Mutfak ve Sofra › İçecek Hazırlama › Soğuk İçecek › Smoothie Blender,Mutfak ve Sofra › İçecek Hazırlama › Soğuk İçecek,CREATE_NEW,,false,false,false,,,0,0,0,0,0,0,LOW,
,,,,,,Soda Makinesi,mutfak-ve-sofra-icecek-hazirlama-soguk-icecek-soda-makinesi,Mutfak ve Sofra › İçecek Hazırlama › Soğuk İçecek › Soda Makinesi,Mutfak ve Sofra › İçecek Hazırlama › Soğuk İçecek,CREATE_NEW,,false,false,false,,,0,0,0,0,0,0,LOW,
,,,,,,Buz Makinesi,mutfak-ve-sofra-icecek-hazirlama-soguk-icecek-buz-makinesi,Mutfak ve Sofra › İçecek Hazırlama › Soğuk İçecek › Buz Makinesi,Mutfak ve Sofra › İçecek Hazırlama › Soğuk İçecek,CREATE_NEW,,false,false,false,,,0,0,0,0,0,0,LOW,
cmsg4wpfs0035uzxws797uiql,Sofra ve Servis,sifir-urun__mutfak-ve-sofra__sofra-ve-servis,sifir-urun/mutfak-ve-sofra/sofra-ve-servis,cmsg4wpfh0031uzxw20d0o7fi,sifir,Sofra ve Servis,mutfak-ve-sofra-sofra-ve-servis,Mutfak ve Sofra › Sofra ve Servis,Mutfak ve Sofra,KEEP,cmsg4wpfs0035uzxws797uiql,true,false,false,,,0,0,0,0,0,0,LOW,
,,,,,,Yemek Takımları,mutfak-ve-sofra-sofra-ve-servis-yemek-takimlari,Mutfak ve Sofra › Sofra ve Servis › Yemek Takımları,Mutfak ve Sofra › Sofra ve Servis,CREATE_NEW,,false,false,false,,,0,0,0,0,0,0,LOW,
,,,,,,Yemek Takımı,mutfak-ve-sofra-sofra-ve-servis-yemek-takimlari-yemek-takimi,Mutfak ve Sofra › Sofra ve Servis › Yemek Takımları › Yemek Takımı,Mutfak ve Sofra › Sofra ve Servis › Yemek Takımları,CREATE_NEW,,false,false,false,,,0,0,0,0,0,0,LOW,
,,,,,,Kahvaltı Takımı,mutfak-ve-sofra-sofra-ve-servis-yemek-takimlari-kahvalti-takimi,Mutfak ve Sofra › Sofra ve Servis › Yemek Takımları › Kahvaltı Takımı,Mutfak ve Sofra › Sofra ve Servis › Yemek Takımları,CREATE_NEW,,false,false,false,,,0,0,0,0,0,0,LOW,
,,,,,,Çatal-Kaşık-Bıçak Seti,mutfak-ve-sofra-sofra-ve-servis-yemek-takimlari-catal-kasik-bicak-seti,Mutfak ve Sofra › Sofra ve Servis › Yemek Takımları › Çatal-Kaşık-Bıçak Seti,Mutfak ve Sofra › Sofra ve Servis › Yemek Takımları,CREATE_NEW,,false,false,false,,,0,0,0,0,0,0,LOW,
,,,,,,Servis Tabağı,mutfak-ve-sofra-sofra-ve-servis-yemek-takimlari-servis-tabagi,Mutfak ve Sofra › Sofra ve Servis › Yemek Takımları › Servis Tabağı,Mutfak ve Sofra › Sofra ve Servis › Yemek Takımları,CREATE_NEW,,false,false,false,,,0,0,0,0,0,0,LOW,
,,,,,,Salata Kasesi,mutfak-ve-sofra-sofra-ve-servis-yemek-takimlari-salata-kasesi,Mutfak ve Sofra › Sofra ve Servis › Yemek Takımları › Salata Kasesi,Mutfak ve Sofra › Sofra ve Servis › Yemek Takımları,CREATE_NEW,,false,false,false,,,0,0,0,0,0,0,LOW,
,,,,,,Bardak ve Fincan,mutfak-ve-sofra-sofra-ve-servis-bardak-ve-fincan,Mutfak ve Sofra › Sofra ve Servis › Bardak ve Fincan,Mutfak ve Sofra › Sofra ve Servis,CREATE_NEW,,false,false,false,,,0,0,0,0,0,0,LOW,
,,,,,,Su Bardağı,mutfak-ve-sofra-sofra-ve-servis-bardak-ve-fincan-su-bardagi,Mutfak ve Sofra › Sofra ve Servis › Bardak ve Fincan › Su Bardağı,Mutfak ve Sofra › Sofra ve Servis › Bardak ve Fincan,CREATE_NEW,,false,false,false,,,0,0,0,0,0,0,LOW,
,,,,,,Çay Bardağı,mutfak-ve-sofra-sofra-ve-servis-bardak-ve-fincan-cay-bardagi,Mutfak ve Sofra › Sofra ve Servis › Bardak ve Fincan › Çay Bardağı,Mutfak ve Sofra › Sofra ve Servis › Bardak ve Fincan,CREATE_NEW,,false,false,false,,,0,0,0,0,0,0,LOW,
,,,,,,Kahve Fincanı,mutfak-ve-sofra-sofra-ve-servis-bardak-ve-fincan-kahve-fincani,Mutfak ve Sofra › Sofra ve Servis › Bardak ve Fincan › Kahve Fincanı,Mutfak ve Sofra › Sofra ve Servis › Bardak ve Fincan,CREATE_NEW,,false,false,false,,,0,0,0,0,0,0,LOW,
,,,,,,Kupa,mutfak-ve-sofra-sofra-ve-servis-bardak-ve-fincan-kupa,Mutfak ve Sofra › Sofra ve Servis › Bardak ve Fincan › Kupa,Mutfak ve Sofra › Sofra ve Servis › Bardak ve Fincan,CREATE_NEW,,false,false,false,,,0,0,0,0,0,0,LOW,
,,,,,,Kadeh,mutfak-ve-sofra-sofra-ve-servis-bardak-ve-fincan-kadeh,Mutfak ve Sofra › Sofra ve Servis › Bardak ve Fincan › Kadeh,Mutfak ve Sofra › Sofra ve Servis › Bardak ve Fincan,CREATE_NEW,,false,false,false,,,0,0,0,0,0,0,LOW,
,,,,,,Sürahi ve Karaf,mutfak-ve-sofra-sofra-ve-servis-bardak-ve-fincan-surahi-ve-karaf,Mutfak ve Sofra › Sofra ve Servis › Bardak ve Fincan › Sürahi ve Karaf,Mutfak ve Sofra › Sofra ve Servis › Bardak ve Fincan,CREATE_NEW,,false,false,false,,,0,0,0,0,0,0,LOW,
,,,,,,Servis Gereçleri,mutfak-ve-sofra-sofra-ve-servis-servis-gerecleri,Mutfak ve Sofra › Sofra ve Servis › Servis Gereçleri,Mutfak ve Sofra › Sofra ve Servis,CREATE_NEW,,false,false,false,,,0,0,0,0,0,0,LOW,
,,,,,,Tepsi,mutfak-ve-sofra-sofra-ve-servis-servis-gerecleri-tepsi,Mutfak ve Sofra › Sofra ve Servis › Servis Gereçleri › Tepsi,Mutfak ve Sofra › Sofra ve Servis › Servis Gereçleri,CREATE_NEW,,false,false,false,,,0,0,0,0,0,0,LOW,
,,,,,,Sunum Tahtası,mutfak-ve-sofra-sofra-ve-servis-servis-gerecleri-sunum-tahtasi,Mutfak ve Sofra › Sofra ve Servis › Servis Gereçleri › Sunum Tahtası,Mutfak ve Sofra › Sofra ve Servis › Servis Gereçleri,CREATE_NEW,,false,false,false,,,0,0,0,0,0,0,LOW,
,,,,,,Servis Kaşığı,mutfak-ve-sofra-sofra-ve-servis-servis-gerecleri-servis-kasigi,Mutfak ve Sofra › Sofra ve Servis › Servis Gereçleri › Servis Kaşığı,Mutfak ve Sofra › Sofra ve Servis › Servis Gereçleri,CREATE_NEW,,false,false,false,,,0,0,0,0,0,0,LOW,
,,,,,,Şekerlik,mutfak-ve-sofra-sofra-ve-servis-servis-gerecleri-sekerlik,Mutfak ve Sofra › Sofra ve Servis › Servis Gereçleri › Şekerlik,Mutfak ve Sofra › Sofra ve Servis › Servis Gereçleri,CREATE_NEW,,false,false,false,,,0,0,0,0,0,0,LOW,
,,,,,,Yağlık-Sirkelik,mutfak-ve-sofra-sofra-ve-servis-servis-gerecleri-yaglik-sirkelik,Mutfak ve Sofra › Sofra ve Servis › Servis Gereçleri › Yağlık-Sirkelik,Mutfak ve Sofra › Sofra ve Servis › Servis Gereçleri,CREATE_NEW,,false,false,false,,,0,0,0,0,0,0,LOW,
,,,,,,Tuzluk-Biberlik,mutfak-ve-sofra-sofra-ve-servis-servis-gerecleri-tuzluk-biberlik,Mutfak ve Sofra › Sofra ve Servis › Servis Gereçleri › Tuzluk-Biberlik,Mutfak ve Sofra › Sofra ve Servis › Servis Gereçleri,CREATE_NEW,,false,false,false,,,0,0,0,0,0,0,LOW,
cmsg4wpfw0037uzxw13ckreh8,Saklama ve Düzenleme,sifir-urun__mutfak-ve-sofra__saklama-ve-duzenleme,sifir-urun/mutfak-ve-sofra/saklama-ve-duzenleme,cmsg4wpfh0031uzxw20d0o7fi,sifir,Saklama ve Düzenleme,mutfak-ve-sofra-saklama-ve-duzenleme,Mutfak ve Sofra › Saklama ve Düzenleme,Mutfak ve Sofra,KEEP,cmsg4wpfw0037uzxw13ckreh8,true,false,false,,,0,0,0,0,0,0,LOW,
,,,,,,Gıda Saklama,mutfak-ve-sofra-saklama-ve-duzenleme-gida-saklama,Mutfak ve Sofra › Saklama ve Düzenleme › Gıda Saklama,Mutfak ve Sofra › Saklama ve Düzenleme,CREATE_NEW,,false,false,false,,,0,0,0,0,0,0,LOW,
,,,,,,Saklama Kabı,mutfak-ve-sofra-saklama-ve-duzenleme-gida-saklama-saklama-kabi,Mutfak ve Sofra › Saklama ve Düzenleme › Gıda Saklama › Saklama Kabı,Mutfak ve Sofra › Saklama ve Düzenleme › Gıda Saklama,CREATE_NEW,,false,false,false,,,0,0,0,0,0,0,LOW,
,,,,,,Vakumlu Saklama Kabı,mutfak-ve-sofra-saklama-ve-duzenleme-gida-saklama-vakumlu-saklama-kabi,Mutfak ve Sofra › Saklama ve Düzenleme › Gıda Saklama › Vakumlu Saklama Kabı,Mutfak ve Sofra › Saklama ve Düzenleme › Gıda Saklama,CREATE_NEW,,false,false,false,,,0,0,0,0,0,0,LOW,
,,,,,,Kavanoz,mutfak-ve-sofra-saklama-ve-duzenleme-gida-saklama-kavanoz,Mutfak ve Sofra › Saklama ve Düzenleme › Gıda Saklama › Kavanoz,Mutfak ve Sofra › Saklama ve Düzenleme › Gıda Saklama,CREATE_NEW,,false,false,false,,,0,0,0,0,0,0,LOW,
,,,,,,Baharatlık,mutfak-ve-sofra-saklama-ve-duzenleme-gida-saklama-baharatlik,Mutfak ve Sofra › Saklama ve Düzenleme › Gıda Saklama › Baharatlık,Mutfak ve Sofra › Saklama ve Düzenleme › Gıda Saklama,CREATE_NEW,,false,false,false,,,0,0,0,0,0,0,LOW,
,,,,,,Ekmek Kutusu,mutfak-ve-sofra-saklama-ve-duzenleme-gida-saklama-ekmek-kutusu,Mutfak ve Sofra › Saklama ve Düzenleme › Gıda Saklama › Ekmek Kutusu,Mutfak ve Sofra › Saklama ve Düzenleme › Gıda Saklama,CREATE_NEW,,false,false,false,,,0,0,0,0,0,0,LOW,
,,,,,,Buzdolabı Düzenleyici,mutfak-ve-sofra-saklama-ve-duzenleme-gida-saklama-buzdolabi-duzenleyici,Mutfak ve Sofra › Saklama ve Düzenleme › Gıda Saklama › Buzdolabı Düzenleyici,Mutfak ve Sofra › Saklama ve Düzenleme › Gıda Saklama,CREATE_NEW,,false,false,false,,,0,0,0,0,0,0,LOW,
,,,,,,Mutfak Düzenleme,mutfak-ve-sofra-saklama-ve-duzenleme-mutfak-duzenleme,Mutfak ve Sofra › Saklama ve Düzenleme › Mutfak Düzenleme,Mutfak ve Sofra › Saklama ve Düzenleme,CREATE_NEW,,false,false,false,,,0,0,0,0,0,0,LOW,
,,,,,,Kaşıklık,mutfak-ve-sofra-saklama-ve-duzenleme-mutfak-duzenleme-kasiklik,Mutfak ve Sofra › Saklama ve Düzenleme › Mutfak Düzenleme › Kaşıklık,Mutfak ve Sofra › Saklama ve Düzenleme › Mutfak Düzenleme,CREATE_NEW,,false,false,false,,,0,0,0,0,0,0,LOW,
,,,,,,Bulaşıklık,mutfak-ve-sofra-saklama-ve-duzenleme-mutfak-duzenleme-bulasiklik,Mutfak ve Sofra › Saklama ve Düzenleme › Mutfak Düzenleme › Bulaşıklık,Mutfak ve Sofra › Saklama ve Düzenleme › Mutfak Düzenleme,CREATE_NEW,,false,false,false,,,0,0,0,0,0,0,LOW,
,,,,,,Raf Düzenleyici,mutfak-ve-sofra-saklama-ve-duzenleme-mutfak-duzenleme-raf-duzenleyici,Mutfak ve Sofra › Saklama ve Düzenleme › Mutfak Düzenleme › Raf Düzenleyici,Mutfak ve Sofra › Saklama ve Düzenleme › Mutfak Düzenleme,CREATE_NEW,,false,false,false,,,0,0,0,0,0,0,LOW,
,,,,,,Dolap İçi Düzenleyici,mutfak-ve-sofra-saklama-ve-duzenleme-mutfak-duzenleme-dolap-ici-duzenleyici,Mutfak ve Sofra › Saklama ve Düzenleme › Mutfak Düzenleme › Dolap İçi Düzenleyici,Mutfak ve Sofra › Saklama ve Düzenleme › Mutfak Düzenleme,CREATE_NEW,,false,false,false,,,0,0,0,0,0,0,LOW,
,,,,,,Poşetlik,mutfak-ve-sofra-saklama-ve-duzenleme-mutfak-duzenleme-posetlik,Mutfak ve Sofra › Saklama ve Düzenleme › Mutfak Düzenleme › Poşetlik,Mutfak ve Sofra › Saklama ve Düzenleme › Mutfak Düzenleme,CREATE_NEW,,false,false,false,,,0,0,0,0,0,0,LOW,
,,,,,,Çöp Kovası,mutfak-ve-sofra-saklama-ve-duzenleme-mutfak-duzenleme-cop-kovasi,Mutfak ve Sofra › Saklama ve Düzenleme › Mutfak Düzenleme › Çöp Kovası,Mutfak ve Sofra › Saklama ve Düzenleme › Mutfak Düzenleme,CREATE_NEW,,false,false,false,,,0,0,0,0,0,0,LOW,
cmsg4wpgf003duzxwqk7h76y1,Su Arıtma,sifir-urun__mutfak-ve-sofra__su-aritma,sifir-urun/mutfak-ve-sofra/su-aritma,cmsg4wpfh0031uzxw20d0o7fi,sifir,Su Arıtma,mutfak-ve-sofra-su-aritma,Mutfak ve Sofra › Su Arıtma,Mutfak ve Sofra,KEEP,cmsg4wpgf003duzxwqk7h76y1,true,false,false,,,0,0,0,10,0,0,LOW,
,,,,,,Su Arıtma Ürünleri,mutfak-ve-sofra-su-aritma-su-aritma-urunleri,Mutfak ve Sofra › Su Arıtma › Su Arıtma Ürünleri,Mutfak ve Sofra › Su Arıtma,CREATE_NEW,,false,false,false,,,0,0,0,0,0,0,LOW,
cmsg4wpgo003fuzxwa61q0p1g,Filtreli Sürahi,sifir-urun__mutfak-ve-sofra__su-aritma__filtreli-surahi,sifir-urun/mutfak-ve-sofra/su-aritma/filtreli-surahi,cmsg4wpgf003duzxwqk7h76y1,sifir,Filtreli Sürahi,mutfak-ve-sofra-su-aritma-su-aritma-urunleri-filtreli-surahi,Mutfak ve Sofra › Su Arıtma › Su Arıtma Ürünleri › Filtreli Sürahi,Mutfak ve Sofra › Su Arıtma › Su Arıtma Ürünleri,MOVE,cmsg4wpgo003fuzxwa61q0p1g,true,true,true,,,0,0,0,10,9,0,LOW,move from parent 'Su Arıtma' → 'Su Arıtma Ürünleri'
cmsg4wpgu003huzxwcrxaoo7f,Su Arıtma Cihazı,sifir-urun__mutfak-ve-sofra__su-aritma__su-aritma-cihazi,sifir-urun/mutfak-ve-sofra/su-aritma/su-aritma-cihazi,cmsg4wpgf003duzxwqk7h76y1,sifir,Su Arıtma Cihazı,mutfak-ve-sofra-su-aritma-su-aritma-urunleri-su-aritma-cihazi,Mutfak ve Sofra › Su Arıtma › Su Arıtma Ürünleri › Su Arıtma Cihazı,Mutfak ve Sofra › Su Arıtma › Su Arıtma Ürünleri,MOVE,cmsg4wpgu003huzxwcrxaoo7f,true,true,true,,,0,0,0,1,0,0,LOW,move from parent 'Su Arıtma' → 'Su Arıtma Ürünleri'
cmsg4wph1003juzxwgy2nhwi3,Musluk Filtresi,sifir-urun__mutfak-ve-sofra__su-aritma__musluk-filtresi,sifir-urun/mutfak-ve-sofra/su-aritma/musluk-filtresi,cmsg4wpgf003duzxwqk7h76y1,sifir,Musluk Filtresi,mutfak-ve-sofra-su-aritma-su-aritma-urunleri-musluk-filtresi,Mutfak ve Sofra › Su Arıtma › Su Arıtma Ürünleri › Musluk Filtresi,Mutfak ve Sofra › Su Arıtma › Su Arıtma Ürünleri,MOVE,cmsg4wph1003juzxwgy2nhwi3,true,true,true,,,0,0,0,1,0,0,LOW,move from parent 'Su Arıtma' → 'Su Arıtma Ürünleri'
cmsg4wphb003luzxwa0y1yfog,Yedek Filtre,sifir-urun__mutfak-ve-sofra__su-aritma__yedek-filtre,sifir-urun/mutfak-ve-sofra/su-aritma/yedek-filtre,cmsg4wpgf003duzxwqk7h76y1,sifir,Yedek Filtre,mutfak-ve-sofra-su-aritma-su-aritma-urunleri-yedek-filtre,Mutfak ve Sofra › Su Arıtma › Su Arıtma Ürünleri › Yedek Filtre,Mutfak ve Sofra › Su Arıtma › Su Arıtma Ürünleri,MOVE,cmsg4wphb003luzxwa0y1yfog,true,true,true,,,0,0,0,1,0,0,LOW,move from parent 'Su Arıtma' → 'Su Arıtma Ürünleri'
cmsg4wphh003nuzxw20ixspy3,Su Sebili,sifir-urun__mutfak-ve-sofra__su-aritma__su-sebili,sifir-urun/mutfak-ve-sofra/su-aritma/su-sebili,cmsg4wpgf003duzxwqk7h76y1,sifir,Su Sebili,mutfak-ve-sofra-su-aritma-su-aritma-urunleri-su-sebili,Mutfak ve Sofra › Su Arıtma › Su Arıtma Ürünleri › Su Sebili,Mutfak ve Sofra › Su Arıtma › Su Arıtma Ürünleri,MOVE,cmsg4wphh003nuzxw20ixspy3,true,true,true,,,0,0,0,1,0,0,LOW,move from parent 'Su Arıtma' → 'Su Arıtma Ürünleri'
,,,,,,Tezgah Üstü Su Arıtıcı,mutfak-ve-sofra-su-aritma-su-aritma-urunleri-tezgah-ustu-su-aritici,Mutfak ve Sofra › Su Arıtma › Su Arıtma Ürünleri › Tezgah Üstü Su Arıtıcı,Mutfak ve Sofra › Su Arıtma › Su Arıtma Ürünleri,CREATE_NEW,,false,false,false,,,0,0,0,0,0,0,LOW,
cmsg4wp8m002duzxwzxvqdxep,Ev ve Yaşam,sifir-urun__ev-ve-yasam,sifir-urun/ev-ve-yasam,cms93j5l1001vuz3gboidp5m9,sifir,Ev ve Yaşam,ev-ve-yasam,Ev ve Yaşam,,KEEP,cmsg4wp8m002duzxwzxvqdxep,true,false,false,,,0,0,0,0,0,0,LOW,
cmsg3xi8r00ehuzdc20w3nzu7,Mobilya,sifir-urun-ev-dekorasyon__mobilya,sifir-urun/ev-ve-yasam/ev-dekorasyon-mobilya/ev-dekorasyon/mobilya,cmsg4wp8w002fuzxwt18nv883,sifir,Mobilya,ev-ve-yasam-mobilya,Ev ve Yaşam › Mobilya,Ev ve Yaşam,MOVE,cmsg3xi8r00ehuzdc20w3nzu7,true,true,true,,,0,0,0,19,2,0,LOW,move from parent 'Ev Dekorasyon & Mobilya' → 'Ev ve Yaşam'
,,,,,,Salon,ev-ve-yasam-mobilya-salon,Ev ve Yaşam › Mobilya › Salon,Ev ve Yaşam › Mobilya,CREATE_NEW,,false,false,false,,,0,0,0,0,0,0,LOW,
,,,,,,Koltuk Takımı,ev-ve-yasam-mobilya-salon-koltuk-takimi,Ev ve Yaşam › Mobilya › Salon › Koltuk Takımı,Ev ve Yaşam › Mobilya › Salon,CREATE_NEW,,false,false,false,,,0,0,0,0,0,0,LOW,
,,,,,,Kanepe,ev-ve-yasam-mobilya-salon-kanepe,Ev ve Yaşam › Mobilya › Salon › Kanepe,Ev ve Yaşam › Mobilya › Salon,CREATE_NEW,,false,false,false,,,0,0,0,0,0,0,LOW,
,,,,,,Berjer,ev-ve-yasam-mobilya-salon-berjer,Ev ve Yaşam › Mobilya › Salon › Berjer,Ev ve Yaşam › Mobilya › Salon,CREATE_NEW,,false,false,false,,,0,0,0,0,0,0,LOW,
,,,,,,TV Ünitesi,ev-ve-yasam-mobilya-salon-tv-unitesi,Ev ve Yaşam › Mobilya › Salon › TV Ünitesi,Ev ve Yaşam › Mobilya › Salon,CREATE_NEW,,false,false,false,,,0,0,0,0,0,0,LOW,
,,,,,,Orta Sehpa,ev-ve-yasam-mobilya-salon-orta-sehpa,Ev ve Yaşam › Mobilya › Salon › Orta Sehpa,Ev ve Yaşam › Mobilya › Salon,CREATE_NEW,,false,false,false,,,0,0,0,0,0,0,LOW,
,,,,,,Yan Sehpa,ev-ve-yasam-mobilya-salon-yan-sehpa,Ev ve Yaşam › Mobilya › Salon › Yan Sehpa,Ev ve Yaşam › Mobilya › Salon,CREATE_NEW,,false,false,false,,,0,0,0,0,0,0,LOW,
,,,,,,Kitaplık,ev-ve-yasam-mobilya-salon-kitaplik,Ev ve Yaşam › Mobilya › Salon › Kitaplık,Ev ve Yaşam › Mobilya › Salon,CREATE_NEW,,false,false,false,,,0,0,0,0,0,0,LOW,
,,,,,,Konsol,ev-ve-yasam-mobilya-salon-konsol,Ev ve Yaşam › Mobilya › Salon › Konsol,Ev ve Yaşam › Mobilya › Salon,CREATE_NEW,,false,false,false,,,0,0,0,0,0,0,LOW,
,,,,,,Vitrin,ev-ve-yasam-mobilya-salon-vitrin,Ev ve Yaşam › Mobilya › Salon › Vitrin,Ev ve Yaşam › Mobilya › Salon,CREATE_NEW,,false,false,false,,,0,0,0,0,0,0,LOW,
,,,,,,Yatak Odası,ev-ve-yasam-mobilya-yatak-odasi,Ev ve Yaşam › Mobilya › Yatak Odası,Ev ve Yaşam › Mobilya,CREATE_NEW,,false,false,false,,,0,0,0,0,0,0,LOW,
,,,,,,Yatak Odası Takımı,ev-ve-yasam-mobilya-yatak-odasi-yatak-odasi-takimi,Ev ve Yaşam › Mobilya › Yatak Odası › Yatak Odası Takımı,Ev ve Yaşam › Mobilya › Yatak Odası,CREATE_NEW,,false,false,false,,,0,0,0,0,0,0,LOW,
,,,,,,Yatak,ev-ve-yasam-mobilya-yatak-odasi-yatak,Ev ve Yaşam › Mobilya › Yatak Odası › Yatak,Ev ve Yaşam › Mobilya › Yatak Odası,CREATE_NEW,,false,false,false,,,0,0,0,0,0,0,LOW,
,,,,,,Baza,ev-ve-yasam-mobilya-yatak-odasi-baza,Ev ve Yaşam › Mobilya › Yatak Odası › Baza,Ev ve Yaşam › Mobilya › Yatak Odası,CREATE_NEW,,false,false,false,,,0,0,0,0,0,0,LOW,
,,,,,,Başlık,ev-ve-yasam-mobilya-yatak-odasi-baslik,Ev ve Yaşam › Mobilya › Yatak Odası › Başlık,Ev ve Yaşam › Mobilya › Yatak Odası,CREATE_NEW,,false,false,false,,,0,0,0,0,0,0,LOW,
,,,,,,Gardırop,ev-ve-yasam-mobilya-yatak-odasi-gardirop,Ev ve Yaşam › Mobilya › Yatak Odası › Gardırop,Ev ve Yaşam › Mobilya › Yatak Odası,CREATE_NEW,,false,false,false,,,0,0,0,0,0,0,LOW,
,,,,,,Şifonyer,ev-ve-yasam-mobilya-yatak-odasi-sifonyer,Ev ve Yaşam › Mobilya › Yatak Odası › Şifonyer,Ev ve Yaşam › Mobilya › Yatak Odası,CREATE_NEW,,false,false,false,,,0,0,0,0,0,0,LOW,
,,,,,,Komodin,ev-ve-yasam-mobilya-yatak-odasi-komodin,Ev ve Yaşam › Mobilya › Yatak Odası › Komodin,Ev ve Yaşam › Mobilya › Yatak Odası,CREATE_NEW,,false,false,false,,,0,0,0,0,0,0,LOW,
,,,,,,Makyaj Masası,ev-ve-yasam-mobilya-yatak-odasi-makyaj-masasi,Ev ve Yaşam › Mobilya › Yatak Odası › Makyaj Masası,Ev ve Yaşam › Mobilya › Yatak Odası,CREATE_NEW,,false,false,false,,,0,0,0,0,0,0,LOW,
,,,,,,Yemek Odası,ev-ve-yasam-mobilya-yemek-odasi,Ev ve Yaşam › Mobilya › Yemek Odası,Ev ve Yaşam › Mobilya,CREATE_NEW,,false,false,false,,,0,0,0,0,0,0,LOW,
,,,,,,Yemek Masası,ev-ve-yasam-mobilya-yemek-odasi-yemek-masasi,Ev ve Yaşam › Mobilya › Yemek Odası › Yemek Masası,Ev ve Yaşam › Mobilya › Yemek Odası,CREATE_NEW,,false,false,false,,,0,0,0,0,0,0,LOW,
,,,,,,Sandalye,ev-ve-yasam-mobilya-yemek-odasi-sandalye,Ev ve Yaşam › Mobilya › Yemek Odası › Sandalye,Ev ve Yaşam › Mobilya › Yemek Odası,CREATE_NEW,,false,false,false,,,0,0,0,0,0,0,LOW,
,,,,,,Yemek Odası Takımı,ev-ve-yasam-mobilya-yemek-odasi-yemek-odasi-takimi,Ev ve Yaşam › Mobilya › Yemek Odası › Yemek Odası Takımı,Ev ve Yaşam › Mobilya › Yemek Odası,CREATE_NEW,,false,false,false,,,0,0,0,0,0,0,LOW,
,,,,,,Bank,ev-ve-yasam-mobilya-yemek-odasi-bank,Ev ve Yaşam › Mobilya › Yemek Odası › Bank,Ev ve Yaşam › Mobilya › Yemek Odası,CREATE_NEW,,false,false,false,,,0,0,0,0,0,0,LOW,
,,,,,,Bar Masası,ev-ve-yasam-mobilya-yemek-odasi-bar-masasi,Ev ve Yaşam › Mobilya › Yemek Odası › Bar Masası,Ev ve Yaşam › Mobilya › Yemek Odası,CREATE_NEW,,false,false,false,,,0,0,0,0,0,0,LOW,
,,,,,,Bar Sandalyesi,ev-ve-yasam-mobilya-yemek-odasi-bar-sandalyesi,Ev ve Yaşam › Mobilya › Yemek Odası › Bar Sandalyesi,Ev ve Yaşam › Mobilya › Yemek Odası,CREATE_NEW,,false,false,false,,,0,0,0,0,0,0,LOW,
,,,,,,Çalışma Odası,ev-ve-yasam-mobilya-calisma-odasi,Ev ve Yaşam › Mobilya › Çalışma Odası,Ev ve Yaşam › Mobilya,CREATE_NEW,,false,false,false,,,0,0,0,0,0,0,LOW,
,,,,,,Çalışma Masası,ev-ve-yasam-mobilya-calisma-odasi-calisma-masasi,Ev ve Yaşam › Mobilya › Çalışma Odası › Çalışma Masası,Ev ve Yaşam › Mobilya › Çalışma Odası,CREATE_NEW,,false,false,false,,,0,0,0,0,0,0,LOW,
,,,,,,Ofis Koltuğu,ev-ve-yasam-mobilya-calisma-odasi-ofis-koltugu,Ev ve Yaşam › Mobilya › Çalışma Odası › Ofis Koltuğu,Ev ve Yaşam › Mobilya › Çalışma Odası,CREATE_NEW,,false,false,false,,,0,0,0,0,0,0,LOW,
,,,,,,Çalışma Koltuğu,ev-ve-yasam-mobilya-calisma-odasi-calisma-koltugu,Ev ve Yaşam › Mobilya › Çalışma Odası › Çalışma Koltuğu,Ev ve Yaşam › Mobilya › Çalışma Odası,CREATE_NEW,,false,false,false,,,0,0,0,0,0,0,LOW,
,,,,,,Dosya Dolabı,ev-ve-yasam-mobilya-calisma-odasi-dosya-dolabi,Ev ve Yaşam › Mobilya › Çalışma Odası › Dosya Dolabı,Ev ve Yaşam › Mobilya › Çalışma Odası,CREATE_NEW,,false,false,false,,,0,0,0,0,0,0,LOW,
,,,,,,Raf,ev-ve-yasam-mobilya-calisma-odasi-raf,Ev ve Yaşam › Mobilya › Çalışma Odası › Raf,Ev ve Yaşam › Mobilya › Çalışma Odası,CREATE_NEW,,false,false,false,,,0,0,0,0,0,0,LOW,
,,,,,,Toplantı Masası,ev-ve-yasam-mobilya-calisma-odasi-toplanti-masasi,Ev ve Yaşam › Mobilya › Çalışma Odası › Toplantı Masası,Ev ve Yaşam › Mobilya › Çalışma Odası,CREATE_NEW,,false,false,false,,,0,0,0,0,0,0,LOW,
,,,,,,Çocuk ve Genç Odası,ev-ve-yasam-mobilya-cocuk-ve-genc-odasi,Ev ve Yaşam › Mobilya › Çocuk ve Genç Odası,Ev ve Yaşam › Mobilya,CREATE_NEW,,false,false,false,,,0,0,0,0,0,0,LOW,
,,,,,,Çocuk Odası Takımı,ev-ve-yasam-mobilya-cocuk-ve-genc-odasi-cocuk-odasi-takimi,Ev ve Yaşam › Mobilya › Çocuk ve Genç Odası › Çocuk Odası Takımı,Ev ve Yaşam › Mobilya › Çocuk ve Genç Odası,CREATE_NEW,,false,false,false,,,0,0,0,0,0,0,LOW,
,,,,,,Genç Odası Takımı,ev-ve-yasam-mobilya-cocuk-ve-genc-odasi-genc-odasi-takimi,Ev ve Yaşam › Mobilya › Çocuk ve Genç Odası › Genç Odası Takımı,Ev ve Yaşam › Mobilya › Çocuk ve Genç Odası,CREATE_NEW,,false,false,false,,,0,0,0,0,0,0,LOW,
,,,,,,Çocuk Yatağı,ev-ve-yasam-mobilya-cocuk-ve-genc-odasi-cocuk-yatagi,Ev ve Yaşam › Mobilya › Çocuk ve Genç Odası › Çocuk Yatağı,Ev ve Yaşam › Mobilya › Çocuk ve Genç Odası,CREATE_NEW,,false,false,false,,,0,0,0,0,0,0,LOW,
,,,,,,Ranza,ev-ve-yasam-mobilya-cocuk-ve-genc-odasi-ranza,Ev ve Yaşam › Mobilya › Çocuk ve Genç Odası › Ranza,Ev ve Yaşam › Mobilya › Çocuk ve Genç Odası,CREATE_NEW,,false,false,false,,,0,0,0,0,0,0,LOW,
,,,,,,Çalışma Masası,ev-ve-yasam-mobilya-cocuk-ve-genc-odasi-calisma-masasi,Ev ve Yaşam › Mobilya › Çocuk ve Genç Odası › Çalışma Masası,Ev ve Yaşam › Mobilya › Çocuk ve Genç Odası,CREATE_NEW,,false,false,false,,,0,0,0,0,0,0,LOW,
,,,,,,Oyuncak Dolabı,ev-ve-yasam-mobilya-cocuk-ve-genc-odasi-oyuncak-dolabi,Ev ve Yaşam › Mobilya › Çocuk ve Genç Odası › Oyuncak Dolabı,Ev ve Yaşam › Mobilya › Çocuk ve Genç Odası,CREATE_NEW,,false,false,false,,,0,0,0,0,0,0,LOW,
,,,,,,Antre ve Balkon,ev-ve-yasam-mobilya-antre-ve-balkon,Ev ve Yaşam › Mobilya › Antre ve Balkon,Ev ve Yaşam › Mobilya,CREATE_NEW,,false,false,false,,,0,0,0,0,0,0,LOW,
,,,,,,Portmanto,ev-ve-yasam-mobilya-antre-ve-balkon-portmanto,Ev ve Yaşam › Mobilya › Antre ve Balkon › Portmanto,Ev ve Yaşam › Mobilya › Antre ve Balkon,CREATE_NEW,,false,false,false,,,0,0,0,0,0,0,LOW,
,,,,,,Ayakkabılık,ev-ve-yasam-mobilya-antre-ve-balkon-ayakkabilik,Ev ve Yaşam › Mobilya › Antre ve Balkon › Ayakkabılık,Ev ve Yaşam › Mobilya › Antre ve Balkon,CREATE_NEW,,false,false,false,,,0,0,0,0,0,0,LOW,
,,,,,,Dresuar,ev-ve-yasam-mobilya-antre-ve-balkon-dresuar,Ev ve Yaşam › Mobilya › Antre ve Balkon › Dresuar,Ev ve Yaşam › Mobilya › Antre ve Balkon,CREATE_NEW,,false,false,false,,,0,0,0,0,0,0,LOW,
,,,,,,Balkon Mobilyası,ev-ve-yasam-mobilya-antre-ve-balkon-balkon-mobilyasi,Ev ve Yaşam › Mobilya › Antre ve Balkon › Balkon Mobilyası,Ev ve Yaşam › Mobilya › Antre ve Balkon,CREATE_NEW,,false,false,false,,,0,0,0,0,0,0,LOW,
cmsg3xidn00ffuzdcpytj2evl,Bahçe Mobilyası,sifir-urun-bahce-yapi-market__bahce-mobilyasi,sifir-urun/sifir-urun-bahce-yapi-market/bahce-mobilyasi,cms93j5oc002tuz3gqj1lq1rr,sifir,Bahçe Mobilyası,ev-ve-yasam-mobilya-antre-ve-balkon-bahce-mobilyasi,Ev ve Yaşam › Mobilya › Antre ve Balkon › Bahçe Mobilyası,Ev ve Yaşam › Mobilya › Antre ve Balkon,MOVE,cmsg3xidn00ffuzdcpytj2evl,true,true,true,,,0,0,0,20,1,0,LOW,move from parent 'Bahçe & Yapı Market' → 'Antre ve Balkon'
cmsg3xi9200ejuzdclerhgbtd,Ev Tekstili,sifir-urun-ev-dekorasyon__ev-tekstili,sifir-urun/ev-ve-yasam/ev-dekorasyon-mobilya/ev-dekorasyon/ev-tekstili,cmsg4wp8w002fuzxwt18nv883,sifir,Ev Tekstili,ev-ve-yasam-ev-tekstili,Ev ve Yaşam › Ev Tekstili,Ev ve Yaşam,MOVE,cmsg3xi9200ejuzdclerhgbtd,true,true,true,,,0,0,0,19,2,0,LOW,move from parent 'Ev Dekorasyon & Mobilya' → 'Ev ve Yaşam'
,,,,,,Yatak Tekstili,ev-ve-yasam-ev-tekstili-yatak-tekstili,Ev ve Yaşam › Ev Tekstili › Yatak Tekstili,Ev ve Yaşam › Ev Tekstili,CREATE_NEW,,false,false,false,,,0,0,0,0,0,0,LOW,
,,,,,,Nevresim Takımı,ev-ve-yasam-ev-tekstili-yatak-tekstili-nevresim-takimi,Ev ve Yaşam › Ev Tekstili › Yatak Tekstili › Nevresim Takımı,Ev ve Yaşam › Ev Tekstili › Yatak Tekstili,CREATE_NEW,,false,false,false,,,0,0,0,0,0,0,LOW,
,,,,,,Çarşaf,ev-ve-yasam-ev-tekstili-yatak-tekstili-carsaf,Ev ve Yaşam › Ev Tekstili › Yatak Tekstili › Çarşaf,Ev ve Yaşam › Ev Tekstili › Yatak Tekstili,CREATE_NEW,,false,false,false,,,0,0,0,0,0,0,LOW,
,,,,,,Yastık,ev-ve-yasam-ev-tekstili-yatak-tekstili-yastik,Ev ve Yaşam › Ev Tekstili › Yatak Tekstili › Yastık,Ev ve Yaşam › Ev Tekstili › Yatak Tekstili,CREATE_NEW,,false,false,false,,,0,0,0,0,0,0,LOW,
,,,,,,Yorgan,ev-ve-yasam-ev-tekstili-yatak-tekstili-yorgan,Ev ve Yaşam › Ev Tekstili › Yatak Tekstili › Yorgan,Ev ve Yaşam › Ev Tekstili › Yatak Tekstili,CREATE_NEW,,false,false,false,,,0,0,0,0,0,0,LOW,
,,,,,,Battaniye,ev-ve-yasam-ev-tekstili-yatak-tekstili-battaniye,Ev ve Yaşam › Ev Tekstili › Yatak Tekstili › Battaniye,Ev ve Yaşam › Ev Tekstili › Yatak Tekstili,CREATE_NEW,,false,false,false,,,0,0,0,0,0,0,LOW,
,,,,,,Alez,ev-ve-yasam-ev-tekstili-yatak-tekstili-alez,Ev ve Yaşam › Ev Tekstili › Yatak Tekstili › Alez,Ev ve Yaşam › Ev Tekstili › Yatak Tekstili,CREATE_NEW,,false,false,false,,,0,0,0,0,0,0,LOW,
,,,,,,Yatak Örtüsü,ev-ve-yasam-ev-tekstili-yatak-tekstili-yatak-ortusu,Ev ve Yaşam › Ev Tekstili › Yatak Tekstili › Yatak Örtüsü,Ev ve Yaşam › Ev Tekstili › Yatak Tekstili,CREATE_NEW,,false,false,false,,,0,0,0,0,0,0,LOW,
,,,,,,Banyo Tekstili,ev-ve-yasam-ev-tekstili-banyo-tekstili,Ev ve Yaşam › Ev Tekstili › Banyo Tekstili,Ev ve Yaşam › Ev Tekstili,CREATE_NEW,,false,false,false,,,0,0,0,0,0,0,LOW,
,,,,,,Havlu,ev-ve-yasam-ev-tekstili-banyo-tekstili-havlu,Ev ve Yaşam › Ev Tekstili › Banyo Tekstili › Havlu,Ev ve Yaşam › Ev Tekstili › Banyo Tekstili,CREATE_NEW,,false,false,false,,,0,0,0,0,0,0,LOW,
,,,,,,Bornoz,ev-ve-yasam-ev-tekstili-banyo-tekstili-bornoz,Ev ve Yaşam › Ev Tekstili › Banyo Tekstili › Bornoz,Ev ve Yaşam › Ev Tekstili › Banyo Tekstili,CREATE_NEW,,false,false,false,,,0,0,0,0,0,0,LOW,
,,,,,,Banyo Paspası,ev-ve-yasam-ev-tekstili-banyo-tekstili-banyo-paspasi,Ev ve Yaşam › Ev Tekstili › Banyo Tekstili › Banyo Paspası,Ev ve Yaşam › Ev Tekstili › Banyo Tekstili,CREATE_NEW,,false,false,false,,,0,0,0,0,0,0,LOW,
,,,,,,Duş Perdesi,ev-ve-yasam-ev-tekstili-banyo-tekstili-dus-perdesi,Ev ve Yaşam › Ev Tekstili › Banyo Tekstili › Duş Perdesi,Ev ve Yaşam › Ev Tekstili › Banyo Tekstili,CREATE_NEW,,false,false,false,,,0,0,0,0,0,0,LOW,
,,,,,,Salon Tekstili,ev-ve-yasam-ev-tekstili-salon-tekstili,Ev ve Yaşam › Ev Tekstili › Salon Tekstili,Ev ve Yaşam › Ev Tekstili,CREATE_NEW,,false,false,false,,,0,0,0,0,0,0,LOW,
,,,,,,Perde,ev-ve-yasam-ev-tekstili-salon-tekstili-perde,Ev ve Yaşam › Ev Tekstili › Salon Tekstili › Perde,Ev ve Yaşam › Ev Tekstili › Salon Tekstili,CREATE_NEW,,false,false,false,,,0,0,0,0,0,0,LOW,
,,,,,,Tül Perde,ev-ve-yasam-ev-tekstili-salon-tekstili-tul-perde,Ev ve Yaşam › Ev Tekstili › Salon Tekstili › Tül Perde,Ev ve Yaşam › Ev Tekstili › Salon Tekstili,CREATE_NEW,,false,false,false,,,0,0,0,0,0,0,LOW,
,,,,,,Fon Perde,ev-ve-yasam-ev-tekstili-salon-tekstili-fon-perde,Ev ve Yaşam › Ev Tekstili › Salon Tekstili › Fon Perde,Ev ve Yaşam › Ev Tekstili › Salon Tekstili,CREATE_NEW,,false,false,false,,,0,0,0,0,0,0,LOW,
,,,,,,Stor Perde,ev-ve-yasam-ev-tekstili-salon-tekstili-stor-perde,Ev ve Yaşam › Ev Tekstili › Salon Tekstili › Stor Perde,Ev ve Yaşam › Ev Tekstili › Salon Tekstili,CREATE_NEW,,false,false,false,,,0,0,0,0,0,0,LOW,
,,,,,,Kırlent,ev-ve-yasam-ev-tekstili-salon-tekstili-kirlent,Ev ve Yaşam › Ev Tekstili › Salon Tekstili › Kırlent,Ev ve Yaşam › Ev Tekstili › Salon Tekstili,CREATE_NEW,,false,false,false,,,0,0,0,0,0,0,LOW,
,,,,,,Kırlent Kılıfı,ev-ve-yasam-ev-tekstili-salon-tekstili-kirlent-kilifi,Ev ve Yaşam › Ev Tekstili › Salon Tekstili › Kırlent Kılıfı,Ev ve Yaşam › Ev Tekstili › Salon Tekstili,CREATE_NEW,,false,false,false,,,0,0,0,0,0,0,LOW,
,,,,,,Koltuk Örtüsü,ev-ve-yasam-ev-tekstili-salon-tekstili-koltuk-ortusu,Ev ve Yaşam › Ev Tekstili › Salon Tekstili › Koltuk Örtüsü,Ev ve Yaşam › Ev Tekstili › Salon Tekstili,CREATE_NEW,,false,false,false,,,0,0,0,0,0,0,LOW,
,,,,,,Mutfak Tekstili,ev-ve-yasam-ev-tekstili-mutfak-tekstili,Ev ve Yaşam › Ev Tekstili › Mutfak Tekstili,Ev ve Yaşam › Ev Tekstili,CREATE_NEW,,false,false,false,,,0,0,0,0,0,0,LOW,
,,,,,,Masa Örtüsü,ev-ve-yasam-ev-tekstili-mutfak-tekstili-masa-ortusu,Ev ve Yaşam › Ev Tekstili › Mutfak Tekstili › Masa Örtüsü,Ev ve Yaşam › Ev Tekstili › Mutfak Tekstili,CREATE_NEW,,false,false,false,,,0,0,0,0,0,0,LOW,
,,,,,,Runner,ev-ve-yasam-ev-tekstili-mutfak-tekstili-runner,Ev ve Yaşam › Ev Tekstili › Mutfak Tekstili › Runner,Ev ve Yaşam › Ev Tekstili › Mutfak Tekstili,CREATE_NEW,,false,false,false,,,0,0,0,0,0,0,LOW,
,,,,,,Peçete,ev-ve-yasam-ev-tekstili-mutfak-tekstili-pecete,Ev ve Yaşam › Ev Tekstili › Mutfak Tekstili › Peçete,Ev ve Yaşam › Ev Tekstili › Mutfak Tekstili,CREATE_NEW,,false,false,false,,,0,0,0,0,0,0,LOW,
,,,,,,Mutfak Havlusu,ev-ve-yasam-ev-tekstili-mutfak-tekstili-mutfak-havlusu,Ev ve Yaşam › Ev Tekstili › Mutfak Tekstili › Mutfak Havlusu,Ev ve Yaşam › Ev Tekstili › Mutfak Tekstili,CREATE_NEW,,false,false,false,,,0,0,0,0,0,0,LOW,
,,,,,,Önlük,ev-ve-yasam-ev-tekstili-mutfak-tekstili-onluk,Ev ve Yaşam › Ev Tekstili › Mutfak Tekstili › Önlük,Ev ve Yaşam › Ev Tekstili › Mutfak Tekstili,CREATE_NEW,,false,false,false,,,0,0,0,0,0,0,LOW,
,,,,,,Eldiven ve Tutacak,ev-ve-yasam-ev-tekstili-mutfak-tekstili-eldiven-ve-tutacak,Ev ve Yaşam › Ev Tekstili › Mutfak Tekstili › Eldiven ve Tutacak,Ev ve Yaşam › Ev Tekstili › Mutfak Tekstili,CREATE_NEW,,false,false,false,,,0,0,0,0,0,0,LOW,
,,,,,,Dekorasyon,ev-ve-yasam-dekorasyon,Ev ve Yaşam › Dekorasyon,Ev ve Yaşam,CREATE_NEW,,false,false,false,,,0,0,0,0,0,0,LOW,
,,,,,,Duvar Dekorasyonu,ev-ve-yasam-dekorasyon-duvar-dekorasyonu,Ev ve Yaşam › Dekorasyon › Duvar Dekorasyonu,Ev ve Yaşam › Dekorasyon,CREATE_NEW,,false,false,false,,,0,0,0,0,0,0,LOW,
,,,,,,Tablo,ev-ve-yasam-dekorasyon-duvar-dekorasyonu-tablo,Ev ve Yaşam › Dekorasyon › Duvar Dekorasyonu › Tablo,Ev ve Yaşam › Dekorasyon › Duvar Dekorasyonu,CREATE_NEW,,false,false,false,,,0,0,0,0,0,0,LOW,
,,,,,,Poster,ev-ve-yasam-dekorasyon-duvar-dekorasyonu-poster,Ev ve Yaşam › Dekorasyon › Duvar Dekorasyonu › Poster,Ev ve Yaşam › Dekorasyon › Duvar Dekorasyonu,CREATE_NEW,,false,false,false,,,0,0,0,0,0,0,LOW,
,,,,,,Duvar Saati,ev-ve-yasam-dekorasyon-duvar-dekorasyonu-duvar-saati,Ev ve Yaşam › Dekorasyon › Duvar Dekorasyonu › Duvar Saati,Ev ve Yaşam › Dekorasyon › Duvar Dekorasyonu,CREATE_NEW,,false,false,false,,,0,0,0,0,0,0,LOW,
,,,,,,Ayna,ev-ve-yasam-dekorasyon-duvar-dekorasyonu-ayna,Ev ve Yaşam › Dekorasyon › Duvar Dekorasyonu › Ayna,Ev ve Yaşam › Dekorasyon › Duvar Dekorasyonu,CREATE_NEW,,false,false,false,,,0,0,0,0,0,0,LOW,
,,,,,,Duvar Rafı,ev-ve-yasam-dekorasyon-duvar-dekorasyonu-duvar-rafi,Ev ve Yaşam › Dekorasyon › Duvar Dekorasyonu › Duvar Rafı,Ev ve Yaşam › Dekorasyon › Duvar Dekorasyonu,CREATE_NEW,,false,false,false,,,0,0,0,0,0,0,LOW,
,,,,,,Duvar Sticker,ev-ve-yasam-dekorasyon-duvar-dekorasyonu-duvar-sticker,Ev ve Yaşam › Dekorasyon › Duvar Dekorasyonu › Duvar Sticker,Ev ve Yaşam › Dekorasyon › Duvar Dekorasyonu,CREATE_NEW,,false,false,false,,,0,0,0,0,0,0,LOW,
,,,,,,Masaüstü Dekor,ev-ve-yasam-dekorasyon-masaustu-dekor,Ev ve Yaşam › Dekorasyon › Masaüstü Dekor,Ev ve Yaşam › Dekorasyon,CREATE_NEW,,false,false,false,,,0,0,0,0,0,0,LOW,
,,,,,,Vazo,ev-ve-yasam-dekorasyon-masaustu-dekor-vazo,Ev ve Yaşam › Dekorasyon › Masaüstü Dekor › Vazo,Ev ve Yaşam › Dekorasyon › Masaüstü Dekor,CREATE_NEW,,false,false,false,,,0,0,0,0,0,0,LOW,
,,,,,,Biblo,ev-ve-yasam-dekorasyon-masaustu-dekor-biblo,Ev ve Yaşam › Dekorasyon › Masaüstü Dekor › Biblo,Ev ve Yaşam › Dekorasyon › Masaüstü Dekor,CREATE_NEW,,false,false,false,,,0,0,0,0,0,0,LOW,
,,,,,,Mum,ev-ve-yasam-dekorasyon-masaustu-dekor-mum,Ev ve Yaşam › Dekorasyon › Masaüstü Dekor › Mum,Ev ve Yaşam › Dekorasyon › Masaüstü Dekor,CREATE_NEW,,false,false,false,,,0,0,0,0,0,0,LOW,
,,,,,,Mumluk,ev-ve-yasam-dekorasyon-masaustu-dekor-mumluk,Ev ve Yaşam › Dekorasyon › Masaüstü Dekor › Mumluk,Ev ve Yaşam › Dekorasyon › Masaüstü Dekor,CREATE_NEW,,false,false,false,,,0,0,0,0,0,0,LOW,
,,,,,,Dekoratif Kutu,ev-ve-yasam-dekorasyon-masaustu-dekor-dekoratif-kutu,Ev ve Yaşam › Dekorasyon › Masaüstü Dekor › Dekoratif Kutu,Ev ve Yaşam › Dekorasyon › Masaüstü Dekor,CREATE_NEW,,false,false,false,,,0,0,0,0,0,0,LOW,
,,,,,,Fotoğraf Çerçevesi,ev-ve-yasam-dekorasyon-masaustu-dekor-fotograf-cercevesi,Ev ve Yaşam › Dekorasyon › Masaüstü Dekor › Fotoğraf Çerçevesi,Ev ve Yaşam › Dekorasyon › Masaüstü Dekor,CREATE_NEW,,false,false,false,,,0,0,0,0,0,0,LOW,
,,,,,,Halı ve Zemin,ev-ve-yasam-dekorasyon-hali-ve-zemin,Ev ve Yaşam › Dekorasyon › Halı ve Zemin,Ev ve Yaşam › Dekorasyon,CREATE_NEW,,false,false,false,,,0,0,0,0,0,0,LOW,
,,,,,,Halı,ev-ve-yasam-dekorasyon-hali-ve-zemin-hali,Ev ve Yaşam › Dekorasyon › Halı ve Zemin › Halı,Ev ve Yaşam › Dekorasyon › Halı ve Zemin,CREATE_NEW,,false,false,false,,,0,0,0,0,0,0,LOW,
,,,,,,Yolluk,ev-ve-yasam-dekorasyon-hali-ve-zemin-yolluk,Ev ve Yaşam › Dekorasyon › Halı ve Zemin › Yolluk,Ev ve Yaşam › Dekorasyon › Halı ve Zemin,CREATE_NEW,,false,false,false,,,0,0,0,0,0,0,LOW,
,,,,,,Kilim,ev-ve-yasam-dekorasyon-hali-ve-zemin-kilim,Ev ve Yaşam › Dekorasyon › Halı ve Zemin › Kilim,Ev ve Yaşam › Dekorasyon › Halı ve Zemin,CREATE_NEW,,false,false,false,,,0,0,0,0,0,0,LOW,
,,,,,,Paspas,ev-ve-yasam-dekorasyon-hali-ve-zemin-paspas,Ev ve Yaşam › Dekorasyon › Halı ve Zemin › Paspas,Ev ve Yaşam › Dekorasyon › Halı ve Zemin,CREATE_NEW,,false,false,false,,,0,0,0,0,0,0,LOW,
,,,,,,PVC Zemin,ev-ve-yasam-dekorasyon-hali-ve-zemin-pvc-zemin,Ev ve Yaşam › Dekorasyon › Halı ve Zemin › PVC Zemin,Ev ve Yaşam › Dekorasyon › Halı ve Zemin,CREATE_NEW,,false,false,false,,,0,0,0,0,0,0,LOW,
,,,,,,Yer Minderi,ev-ve-yasam-dekorasyon-hali-ve-zemin-yer-minderi,Ev ve Yaşam › Dekorasyon › Halı ve Zemin › Yer Minderi,Ev ve Yaşam › Dekorasyon › Halı ve Zemin,CREATE_NEW,,false,false,false,,,0,0,0,0,0,0,LOW,
cmsg3xi9a00eluzdc6kwo0dqz,Aydınlatma,sifir-urun-ev-dekorasyon__aydinlatma,sifir-urun/ev-ve-yasam/ev-dekorasyon-mobilya/ev-dekorasyon/aydinlatma,cmsg4wp8w002fuzxwt18nv883,sifir,Aydınlatma,ev-ve-yasam-aydinlatma,Ev ve Yaşam › Aydınlatma,Ev ve Yaşam,MOVE,cmsg3xi9a00eluzdc6kwo0dqz,true,true,true,,,0,0,0,19,2,0,LOW,move from parent 'Ev Dekorasyon & Mobilya' → 'Ev ve Yaşam'
,,,,,,İç Mekan,ev-ve-yasam-aydinlatma-ic-mekan,Ev ve Yaşam › Aydınlatma › İç Mekan,Ev ve Yaşam › Aydınlatma,CREATE_NEW,,false,false,false,,,0,0,0,0,0,0,LOW,
,,,,,,Avize,ev-ve-yasam-aydinlatma-ic-mekan-avize,Ev ve Yaşam › Aydınlatma › İç Mekan › Avize,Ev ve Yaşam › Aydınlatma › İç Mekan,CREATE_NEW,,false,false,false,,,0,0,0,0,0,0,LOW,
,,,,,,Sarkıt,ev-ve-yasam-aydinlatma-ic-mekan-sarkit,Ev ve Yaşam › Aydınlatma › İç Mekan › Sarkıt,Ev ve Yaşam › Aydınlatma › İç Mekan,CREATE_NEW,,false,false,false,,,0,0,0,0,0,0,LOW,
,,,,,,Plafonyer,ev-ve-yasam-aydinlatma-ic-mekan-plafonyer,Ev ve Yaşam › Aydınlatma › İç Mekan › Plafonyer,Ev ve Yaşam › Aydınlatma › İç Mekan,CREATE_NEW,,false,false,false,,,0,0,0,0,0,0,LOW,
,,,,,,Aplik,ev-ve-yasam-aydinlatma-ic-mekan-aplik,Ev ve Yaşam › Aydınlatma › İç Mekan › Aplik,Ev ve Yaşam › Aydınlatma › İç Mekan,CREATE_NEW,,false,false,false,,,0,0,0,0,0,0,LOW,
,,,,,,Lambader,ev-ve-yasam-aydinlatma-ic-mekan-lambader,Ev ve Yaşam › Aydınlatma › İç Mekan › Lambader,Ev ve Yaşam › Aydınlatma › İç Mekan,CREATE_NEW,,false,false,false,,,0,0,0,0,0,0,LOW,
,,,,,,Abajur,ev-ve-yasam-aydinlatma-ic-mekan-abajur,Ev ve Yaşam › Aydınlatma › İç Mekan › Abajur,Ev ve Yaşam › Aydınlatma › İç Mekan,CREATE_NEW,,false,false,false,,,0,0,0,0,0,0,LOW,
,,,,,,Masa Lambası,ev-ve-yasam-aydinlatma-ic-mekan-masa-lambasi,Ev ve Yaşam › Aydınlatma › İç Mekan › Masa Lambası,Ev ve Yaşam › Aydınlatma › İç Mekan,CREATE_NEW,,false,false,false,,,0,0,0,0,0,0,LOW,
,,,,,,Gece Lambası,ev-ve-yasam-aydinlatma-ic-mekan-gece-lambasi,Ev ve Yaşam › Aydınlatma › İç Mekan › Gece Lambası,Ev ve Yaşam › Aydınlatma › İç Mekan,CREATE_NEW,,false,false,false,,,0,0,0,0,0,0,LOW,
,,,,,,Dış Mekan,ev-ve-yasam-aydinlatma-dis-mekan,Ev ve Yaşam › Aydınlatma › Dış Mekan,Ev ve Yaşam › Aydınlatma,CREATE_NEW,,false,false,false,,,0,0,0,0,0,0,LOW,
,,,,,,Bahçe Aydınlatması,ev-ve-yasam-aydinlatma-dis-mekan-bahce-aydinlatmasi,Ev ve Yaşam › Aydınlatma › Dış Mekan › Bahçe Aydınlatması,Ev ve Yaşam › Aydınlatma › Dış Mekan,CREATE_NEW,,false,false,false,,,0,0,0,0,0,0,LOW,
,,,,,,Solar Aydınlatma,ev-ve-yasam-aydinlatma-dis-mekan-solar-aydinlatma,Ev ve Yaşam › Aydınlatma › Dış Mekan › Solar Aydınlatma,Ev ve Yaşam › Aydınlatma › Dış Mekan,CREATE_NEW,,false,false,false,,,0,0,0,0,0,0,LOW,
,,,,,,Projektör,ev-ve-yasam-aydinlatma-dis-mekan-projektor,Ev ve Yaşam › Aydınlatma › Dış Mekan › Projektör,Ev ve Yaşam › Aydınlatma › Dış Mekan,CREATE_NEW,,false,false,false,,,0,0,0,0,0,0,LOW,
,,,,,,Sensörlü Aydınlatma,ev-ve-yasam-aydinlatma-dis-mekan-sensorlu-aydinlatma,Ev ve Yaşam › Aydınlatma › Dış Mekan › Sensörlü Aydınlatma,Ev ve Yaşam › Aydınlatma › Dış Mekan,CREATE_NEW,,false,false,false,,,0,0,0,0,0,0,LOW,
,,,,,,Ampul ve Ekipman,ev-ve-yasam-aydinlatma-ampul-ve-ekipman,Ev ve Yaşam › Aydınlatma › Ampul ve Ekipman,Ev ve Yaşam › Aydınlatma,CREATE_NEW,,false,false,false,,,0,0,0,0,0,0,LOW,
,,,,,,LED Ampul,ev-ve-yasam-aydinlatma-ampul-ve-ekipman-led-ampul,Ev ve Yaşam › Aydınlatma › Ampul ve Ekipman › LED Ampul,Ev ve Yaşam › Aydınlatma › Ampul ve Ekipman,CREATE_NEW,,false,false,false,,,0,0,0,0,0,0,LOW,
,,,,,,Akıllı Ampul,ev-ve-yasam-aydinlatma-ampul-ve-ekipman-akilli-ampul,Ev ve Yaşam › Aydınlatma › Ampul ve Ekipman › Akıllı Ampul,Ev ve Yaşam › Aydınlatma › Ampul ve Ekipman,CREATE_NEW,,false,false,false,,,0,0,0,0,0,0,LOW,
,,,,,,Floresan,ev-ve-yasam-aydinlatma-ampul-ve-ekipman-floresan,Ev ve Yaşam › Aydınlatma › Ampul ve Ekipman › Floresan,Ev ve Yaşam › Aydınlatma › Ampul ve Ekipman,CREATE_NEW,,false,false,false,,,0,0,0,0,0,0,LOW,
,,,,,,Şerit LED,ev-ve-yasam-aydinlatma-ampul-ve-ekipman-serit-led,Ev ve Yaşam › Aydınlatma › Ampul ve Ekipman › Şerit LED,Ev ve Yaşam › Aydınlatma › Ampul ve Ekipman,CREATE_NEW,,false,false,false,,,0,0,0,0,0,0,LOW,
,,,,,,LED Profil,ev-ve-yasam-aydinlatma-ampul-ve-ekipman-led-profil,Ev ve Yaşam › Aydınlatma › Ampul ve Ekipman › LED Profil,Ev ve Yaşam › Aydınlatma › Ampul ve Ekipman,CREATE_NEW,,false,false,false,,,0,0,0,0,0,0,LOW,
,,,,,,Duy ve Soket,ev-ve-yasam-aydinlatma-ampul-ve-ekipman-duy-ve-soket,Ev ve Yaşam › Aydınlatma › Ampul ve Ekipman › Duy ve Soket,Ev ve Yaşam › Aydınlatma › Ampul ve Ekipman,CREATE_NEW,,false,false,false,,,0,0,0,0,0,0,LOW,
,,,,,,Temizlik ve Düzen,ev-ve-yasam-temizlik-ve-duzen,Ev ve Yaşam › Temizlik ve Düzen,Ev ve Yaşam,CREATE_NEW,,false,false,false,,,0,0,0,0,0,0,LOW,
,,,,,,Temizlik Ürünleri,ev-ve-yasam-temizlik-ve-duzen-temizlik-urunleri,Ev ve Yaşam › Temizlik ve Düzen › Temizlik Ürünleri,Ev ve Yaşam › Temizlik ve Düzen,CREATE_NEW,,false,false,false,,,0,0,0,0,0,0,LOW,
,,,,,,Mop,ev-ve-yasam-temizlik-ve-duzen-temizlik-urunleri-mop,Ev ve Yaşam › Temizlik ve Düzen › Temizlik Ürünleri › Mop,Ev ve Yaşam › Temizlik ve Düzen › Temizlik Ürünleri,CREATE_NEW,,false,false,false,,,0,0,0,0,0,0,LOW,
,,,,,,Kova,ev-ve-yasam-temizlik-ve-duzen-temizlik-urunleri-kova,Ev ve Yaşam › Temizlik ve Düzen › Temizlik Ürünleri › Kova,Ev ve Yaşam › Temizlik ve Düzen › Temizlik Ürünleri,CREATE_NEW,,false,false,false,,,0,0,0,0,0,0,LOW,
,,,,,,Faraş ve Süpürge,ev-ve-yasam-temizlik-ve-duzen-temizlik-urunleri-faras-ve-supurge,Ev ve Yaşam › Temizlik ve Düzen › Temizlik Ürünleri › Faraş ve Süpürge,Ev ve Yaşam › Temizlik ve Düzen › Temizlik Ürünleri,CREATE_NEW,,false,false,false,,,0,0,0,0,0,0,LOW,
,,,,,,Cam Sileceği,ev-ve-yasam-temizlik-ve-duzen-temizlik-urunleri-cam-silecegi,Ev ve Yaşam › Temizlik ve Düzen › Temizlik Ürünleri › Cam Sileceği,Ev ve Yaşam › Temizlik ve Düzen › Temizlik Ürünleri,CREATE_NEW,,false,false,false,,,0,0,0,0,0,0,LOW,
,,,,,,Temizlik Bezi,ev-ve-yasam-temizlik-ve-duzen-temizlik-urunleri-temizlik-bezi,Ev ve Yaşam › Temizlik ve Düzen › Temizlik Ürünleri › Temizlik Bezi,Ev ve Yaşam › Temizlik ve Düzen › Temizlik Ürünleri,CREATE_NEW,,false,false,false,,,0,0,0,0,0,0,LOW,
,,,,,,Fırça,ev-ve-yasam-temizlik-ve-duzen-temizlik-urunleri-firca,Ev ve Yaşam › Temizlik ve Düzen › Temizlik Ürünleri › Fırça,Ev ve Yaşam › Temizlik ve Düzen › Temizlik Ürünleri,CREATE_NEW,,false,false,false,,,0,0,0,0,0,0,LOW,
,,,,,,Çamaşır Sepeti,ev-ve-yasam-temizlik-ve-duzen-temizlik-urunleri-camasir-sepeti,Ev ve Yaşam › Temizlik ve Düzen › Temizlik Ürünleri › Çamaşır Sepeti,Ev ve Yaşam › Temizlik ve Düzen › Temizlik Ürünleri,CREATE_NEW,,false,false,false,,,0,0,0,0,0,0,LOW,
,,,,,,Düzenleyiciler,ev-ve-yasam-temizlik-ve-duzen-duzenleyiciler,Ev ve Yaşam › Temizlik ve Düzen › Düzenleyiciler,Ev ve Yaşam › Temizlik ve Düzen,CREATE_NEW,,false,false,false,,,0,0,0,0,0,0,LOW,
,,,,,,Hurç,ev-ve-yasam-temizlik-ve-duzen-duzenleyiciler-hurc,Ev ve Yaşam › Temizlik ve Düzen › Düzenleyiciler › Hurç,Ev ve Yaşam › Temizlik ve Düzen › Düzenleyiciler,CREATE_NEW,,false,false,false,,,0,0,0,0,0,0,LOW,
,,,,,,Vakumlu Poşet,ev-ve-yasam-temizlik-ve-duzen-duzenleyiciler-vakumlu-poset,Ev ve Yaşam › Temizlik ve Düzen › Düzenleyiciler › Vakumlu Poşet,Ev ve Yaşam › Temizlik ve Düzen › Düzenleyiciler,CREATE_NEW,,false,false,false,,,0,0,0,0,0,0,LOW,
,,,,,,Askı,ev-ve-yasam-temizlik-ve-duzen-duzenleyiciler-aski,Ev ve Yaşam › Temizlik ve Düzen › Düzenleyiciler › Askı,Ev ve Yaşam › Temizlik ve Düzen › Düzenleyiciler,CREATE_NEW,,false,false,false,,,0,0,0,0,0,0,LOW,
,,,,,,Ayakkabı Organizeri,ev-ve-yasam-temizlik-ve-duzen-duzenleyiciler-ayakkabi-organizeri,Ev ve Yaşam › Temizlik ve Düzen › Düzenleyiciler › Ayakkabı Organizeri,Ev ve Yaşam › Temizlik ve Düzen › Düzenleyiciler,CREATE_NEW,,false,false,false,,,0,0,0,0,0,0,LOW,
,,,,,,Çekmece Düzenleyici,ev-ve-yasam-temizlik-ve-duzen-duzenleyiciler-cekmece-duzenleyici,Ev ve Yaşam › Temizlik ve Düzen › Düzenleyiciler › Çekmece Düzenleyici,Ev ve Yaşam › Temizlik ve Düzen › Düzenleyiciler,CREATE_NEW,,false,false,false,,,0,0,0,0,0,0,LOW,
,,,,,,Kutu ve Sepet,ev-ve-yasam-temizlik-ve-duzen-duzenleyiciler-kutu-ve-sepet,Ev ve Yaşam › Temizlik ve Düzen › Düzenleyiciler › Kutu ve Sepet,Ev ve Yaşam › Temizlik ve Düzen › Düzenleyiciler,CREATE_NEW,,false,false,false,,,0,0,0,0,0,0,LOW,
cmsg4wpa8002huzxwh73du3bl,Moda,sifir-urun__moda,sifir-urun/moda,cms93j5l1001vuz3gboidp5m9,sifir,Moda,moda,Moda,,KEEP,cmsg4wpa8002huzxwh73du3bl,true,false,false,,,0,0,0,0,0,0,LOW,
cmsg4wpap002nuzxwdd7tkkx9,Kadın,sifir-urun__moda__kadin,sifir-urun/moda/kadin,cmsg4wpa8002huzxwh73du3bl,sifir,Kadın,moda-kadin,Moda › Kadın,Moda,KEEP,cmsg4wpap002nuzxwdd7tkkx9,true,false,false,,,0,0,0,0,0,0,LOW,
,,,,,,Üst Giyim,moda-kadin-ust-giyim,Moda › Kadın › Üst Giyim,Moda › Kadın,CREATE_NEW,,false,false,false,,,0,0,0,0,0,0,LOW,
cmsg4wpah002luzxwa5vgezra,Tişört,sifir-urun__moda__erkek__tisort,sifir-urun/moda/erkek/tisort,cmsg4wpad002juzxwk65dxk6k,sifir,Tişört,moda-kadin-ust-giyim-tisort,Moda › Kadın › Üst Giyim › Tişört,Moda › Kadın › Üst Giyim,MOVE,cmsg4wpah002luzxwa5vgezra,true,true,true,,,0,0,0,26,8,0,LOW,move from parent 'Erkek' → 'Üst Giyim'
cmsg3xhjc00anuzdck80n1z0x,Gömlek,sifir-urun-giyim-aksesuar__gomlek,sifir-urun/moda/giyim-aksesuar/giyim-aksesuar/gomlek,cmsg4wpb0002ruzxwe7r6a6gk,sifir,Gömlek,moda-kadin-ust-giyim-gomlek,Moda › Kadın › Üst Giyim › Gömlek,Moda › Kadın › Üst Giyim,MOVE,cmsg3xhjc00anuzdck80n1z0x,true,true,true,,,0,0,0,26,8,0,LOW,move from parent 'Giyim & Aksesuar' → 'Üst Giyim'
,,,,,,Bluz,moda-kadin-ust-giyim-bluz,Moda › Kadın › Üst Giyim › Bluz,Moda › Kadın › Üst Giyim,CREATE_NEW,,false,false,false,,,0,0,0,0,0,0,LOW,
,,,,,,Sweatshirt,moda-kadin-ust-giyim-sweatshirt,Moda › Kadın › Üst Giyim › Sweatshirt,Moda › Kadın › Üst Giyim,CREATE_NEW,,false,false,false,,,0,0,0,0,0,0,LOW,
cmsg3xhjx00aruzdccz5haeeq,Kazak,sifir-urun-giyim-aksesuar__kazak,sifir-urun/moda/giyim-aksesuar/giyim-aksesuar/kazak,cmsg4wpb0002ruzxwe7r6a6gk,sifir,Kazak,moda-kadin-ust-giyim-kazak,Moda › Kadın › Üst Giyim › Kazak,Moda › Kadın › Üst Giyim,MOVE,cmsg3xhjx00aruzdccz5haeeq,true,true,true,,,0,0,0,26,8,0,LOW,move from parent 'Giyim & Aksesuar' → 'Üst Giyim'
,,,,,,Hırka,moda-kadin-ust-giyim-hirka,Moda › Kadın › Üst Giyim › Hırka,Moda › Kadın › Üst Giyim,CREATE_NEW,,false,false,false,,,0,0,0,0,0,0,LOW,
,,,,,,Tunik,moda-kadin-ust-giyim-tunik,Moda › Kadın › Üst Giyim › Tunik,Moda › Kadın › Üst Giyim,CREATE_NEW,,false,false,false,,,0,0,0,0,0,0,LOW,
,,,,,,Crop Top,moda-kadin-ust-giyim-crop-top,Moda › Kadın › Üst Giyim › Crop Top,Moda › Kadın › Üst Giyim,CREATE_NEW,,false,false,false,,,0,0,0,0,0,0,LOW,
,,,,,,Alt Giyim,moda-kadin-alt-giyim,Moda › Kadın › Alt Giyim,Moda › Kadın,CREATE_NEW,,false,false,false,,,0,0,0,0,0,0,LOW,
,,,,,,Pantolon,moda-kadin-alt-giyim-pantolon,Moda › Kadın › Alt Giyim › Pantolon,Moda › Kadın › Alt Giyim,CREATE_NEW,,false,false,false,,,0,0,0,0,0,0,LOW,
cmsg3xhjp00apuzdctzq13btm,Jean,sifir-urun-giyim-aksesuar__jean,sifir-urun/moda/giyim-aksesuar/giyim-aksesuar/jean,cmsg4wpb0002ruzxwe7r6a6gk,sifir,Jean,moda-kadin-alt-giyim-jean,Moda › Kadın › Alt Giyim › Jean,Moda › Kadın › Alt Giyim,MOVE,cmsg3xhjp00apuzdctzq13btm,true,true,true,,,0,0,0,26,8,0,LOW,move from parent 'Giyim & Aksesuar' → 'Alt Giyim'
,,,,,,Etek,moda-kadin-alt-giyim-etek,Moda › Kadın › Alt Giyim › Etek,Moda › Kadın › Alt Giyim,CREATE_NEW,,false,false,false,,,0,0,0,0,0,0,LOW,
,,,,,,Şort,moda-kadin-alt-giyim-sort,Moda › Kadın › Alt Giyim › Şort,Moda › Kadın › Alt Giyim,CREATE_NEW,,false,false,false,,,0,0,0,0,0,0,LOW,
,,,,,,Tayt,moda-kadin-alt-giyim-tayt,Moda › Kadın › Alt Giyim › Tayt,Moda › Kadın › Alt Giyim,CREATE_NEW,,false,false,false,,,0,0,0,0,0,0,LOW,
,,,,,,Elbise ve Tulum,moda-kadin-elbise-ve-tulum,Moda › Kadın › Elbise ve Tulum,Moda › Kadın,CREATE_NEW,,false,false,false,,,0,0,0,0,0,0,LOW,
,,,,,,Günlük Elbise,moda-kadin-elbise-ve-tulum-gunluk-elbise,Moda › Kadın › Elbise ve Tulum › Günlük Elbise,Moda › Kadın › Elbise ve Tulum,CREATE_NEW,,false,false,false,,,0,0,0,0,0,0,LOW,
,,,,,,Abiye Elbise,moda-kadin-elbise-ve-tulum-abiye-elbise,Moda › Kadın › Elbise ve Tulum › Abiye Elbise,Moda › Kadın › Elbise ve Tulum,CREATE_NEW,,false,false,false,,,0,0,0,0,0,0,LOW,
,,,,,,Tulum,moda-kadin-elbise-ve-tulum-tulum,Moda › Kadın › Elbise ve Tulum › Tulum,Moda › Kadın › Elbise ve Tulum,CREATE_NEW,,false,false,false,,,0,0,0,0,0,0,LOW,
,,,,,,Salopet,moda-kadin-elbise-ve-tulum-salopet,Moda › Kadın › Elbise ve Tulum › Salopet,Moda › Kadın › Elbise ve Tulum,CREATE_NEW,,false,false,false,,,0,0,0,0,0,0,LOW,
,,,,,,Dış Giyim,moda-kadin-dis-giyim,Moda › Kadın › Dış Giyim,Moda › Kadın,CREATE_NEW,,false,false,false,,,0,0,0,0,0,0,LOW,
,,,,,,Mont,moda-kadin-dis-giyim-mont,Moda › Kadın › Dış Giyim › Mont,Moda › Kadın › Dış Giyim,CREATE_NEW,,false,false,false,,,0,0,0,0,0,0,LOW,
,,,,,,Kaban,moda-kadin-dis-giyim-kaban,Moda › Kadın › Dış Giyim › Kaban,Moda › Kadın › Dış Giyim,CREATE_NEW,,false,false,false,,,0,0,0,0,0,0,LOW,
,,,,,,Trençkot,moda-kadin-dis-giyim-trenckot,Moda › Kadın › Dış Giyim › Trençkot,Moda › Kadın › Dış Giyim,CREATE_NEW,,false,false,false,,,0,0,0,0,0,0,LOW,
,,,,,,Ceket,moda-kadin-dis-giyim-ceket,Moda › Kadın › Dış Giyim › Ceket,Moda › Kadın › Dış Giyim,CREATE_NEW,,false,false,false,,,0,0,0,0,0,0,LOW,
,,,,,,Yelek,moda-kadin-dis-giyim-yelek,Moda › Kadın › Dış Giyim › Yelek,Moda › Kadın › Dış Giyim,CREATE_NEW,,false,false,false,,,0,0,0,0,0,0,LOW,
,,,,,,Yağmurluk,moda-kadin-dis-giyim-yagmurluk,Moda › Kadın › Dış Giyim › Yağmurluk,Moda › Kadın › Dış Giyim,CREATE_NEW,,false,false,false,,,0,0,0,0,0,0,LOW,
,,,,,,İç Giyim,moda-kadin-ic-giyim,Moda › Kadın › İç Giyim,Moda › Kadın,CREATE_NEW,,false,false,false,,,0,0,0,0,0,0,LOW,
,,,,,,Sütyen,moda-kadin-ic-giyim-sutyen,Moda › Kadın › İç Giyim › Sütyen,Moda › Kadın › İç Giyim,CREATE_NEW,,false,false,false,,,0,0,0,0,0,0,LOW,
,,,,,,Külot,moda-kadin-ic-giyim-kulot,Moda › Kadın › İç Giyim › Külot,Moda › Kadın › İç Giyim,CREATE_NEW,,false,false,false,,,0,0,0,0,0,0,LOW,
,,,,,,Atlet,moda-kadin-ic-giyim-atlet,Moda › Kadın › İç Giyim › Atlet,Moda › Kadın › İç Giyim,CREATE_NEW,,false,false,false,,,0,0,0,0,0,0,LOW,
,,,,,,Body,moda-kadin-ic-giyim-body,Moda › Kadın › İç Giyim › Body,Moda › Kadın › İç Giyim,CREATE_NEW,,false,false,false,,,0,0,0,0,0,0,LOW,
,,,,,,Gecelik,moda-kadin-ic-giyim-gecelik,Moda › Kadın › İç Giyim › Gecelik,Moda › Kadın › İç Giyim,CREATE_NEW,,false,false,false,,,0,0,0,0,0,0,LOW,
,,,,,,Pijama,moda-kadin-ic-giyim-pijama,Moda › Kadın › İç Giyim › Pijama,Moda › Kadın › İç Giyim,CREATE_NEW,,false,false,false,,,0,0,0,0,0,0,LOW,
,,,,,,Sabahlık,moda-kadin-ic-giyim-sabahlik,Moda › Kadın › İç Giyim › Sabahlık,Moda › Kadın › İç Giyim,CREATE_NEW,,false,false,false,,,0,0,0,0,0,0,LOW,
,,,,,,Tesettür,moda-kadin-tesettur,Moda › Kadın › Tesettür,Moda › Kadın,CREATE_NEW,,false,false,false,,,0,0,0,0,0,0,LOW,
,,,,,,Ferace,moda-kadin-tesettur-ferace,Moda › Kadın › Tesettür › Ferace,Moda › Kadın › Tesettür,CREATE_NEW,,false,false,false,,,0,0,0,0,0,0,LOW,
,,,,,,Kap,moda-kadin-tesettur-kap,Moda › Kadın › Tesettür › Kap,Moda › Kadın › Tesettür,CREATE_NEW,,false,false,false,,,0,0,0,0,0,0,LOW,
,,,,,,Tesettür Elbise,moda-kadin-tesettur-tesettur-elbise,Moda › Kadın › Tesettür › Tesettür Elbise,Moda › Kadın › Tesettür,CREATE_NEW,,false,false,false,,,0,0,0,0,0,0,LOW,
,,,,,,Şal,moda-kadin-tesettur-sal,Moda › Kadın › Tesettür › Şal,Moda › Kadın › Tesettür,CREATE_NEW,,false,false,false,,,0,0,0,0,0,0,LOW,
,,,,,,Eşarp,moda-kadin-tesettur-esarp,Moda › Kadın › Tesettür › Eşarp,Moda › Kadın › Tesettür,CREATE_NEW,,false,false,false,,,0,0,0,0,0,0,LOW,
cmsg4wpad002juzxwk65dxk6k,Erkek,sifir-urun__moda__erkek,sifir-urun/moda/erkek,cmsg4wpa8002huzxwh73du3bl,sifir,Erkek,moda-erkek,Moda › Erkek,Moda,KEEP,cmsg4wpad002juzxwk65dxk6k,true,false,false,,,0,0,0,0,0,0,LOW,
,,,,,,Üst Giyim,moda-erkek-ust-giyim,Moda › Erkek › Üst Giyim,Moda › Erkek,CREATE_NEW,,false,false,false,,,0,0,0,0,0,0,LOW,
cmsg4wpah002luzxwa5vgezra,Tişört,sifir-urun__moda__erkek__tisort,sifir-urun/moda/erkek/tisort,cmsg4wpad002juzxwk65dxk6k,sifir,Tişört,moda-erkek-ust-giyim-tisort,Moda › Erkek › Üst Giyim › Tişört,Moda › Erkek › Üst Giyim,MOVE,cmsg4wpah002luzxwa5vgezra,true,true,true,,,0,0,0,26,8,0,LOW,move from parent 'Erkek' → 'Üst Giyim'
,,,,,,Polo Yaka Tişört,moda-erkek-ust-giyim-polo-yaka-tisort,Moda › Erkek › Üst Giyim › Polo Yaka Tişört,Moda › Erkek › Üst Giyim,CREATE_NEW,,false,false,false,,,0,0,0,0,0,0,LOW,
cmsg3xhjc00anuzdck80n1z0x,Gömlek,sifir-urun-giyim-aksesuar__gomlek,sifir-urun/moda/giyim-aksesuar/giyim-aksesuar/gomlek,cmsg4wpb0002ruzxwe7r6a6gk,sifir,Gömlek,moda-erkek-ust-giyim-gomlek,Moda › Erkek › Üst Giyim › Gömlek,Moda › Erkek › Üst Giyim,MOVE,cmsg3xhjc00anuzdck80n1z0x,true,true,true,,,0,0,0,26,8,0,LOW,move from parent 'Giyim & Aksesuar' → 'Üst Giyim'
,,,,,,Sweatshirt,moda-erkek-ust-giyim-sweatshirt,Moda › Erkek › Üst Giyim › Sweatshirt,Moda › Erkek › Üst Giyim,CREATE_NEW,,false,false,false,,,0,0,0,0,0,0,LOW,
cmsg3xhjx00aruzdccz5haeeq,Kazak,sifir-urun-giyim-aksesuar__kazak,sifir-urun/moda/giyim-aksesuar/giyim-aksesuar/kazak,cmsg4wpb0002ruzxwe7r6a6gk,sifir,Kazak,moda-erkek-ust-giyim-kazak,Moda › Erkek › Üst Giyim › Kazak,Moda › Erkek › Üst Giyim,MOVE,cmsg3xhjx00aruzdccz5haeeq,true,true,true,,,0,0,0,26,8,0,LOW,move from parent 'Giyim & Aksesuar' → 'Üst Giyim'
,,,,,,Hırka,moda-erkek-ust-giyim-hirka,Moda › Erkek › Üst Giyim › Hırka,Moda › Erkek › Üst Giyim,CREATE_NEW,,false,false,false,,,0,0,0,0,0,0,LOW,
,,,,,,Alt Giyim,moda-erkek-alt-giyim,Moda › Erkek › Alt Giyim,Moda › Erkek,CREATE_NEW,,false,false,false,,,0,0,0,0,0,0,LOW,
,,,,,,Pantolon,moda-erkek-alt-giyim-pantolon,Moda › Erkek › Alt Giyim › Pantolon,Moda › Erkek › Alt Giyim,CREATE_NEW,,false,false,false,,,0,0,0,0,0,0,LOW,
cmsg3xhjp00apuzdctzq13btm,Jean,sifir-urun-giyim-aksesuar__jean,sifir-urun/moda/giyim-aksesuar/giyim-aksesuar/jean,cmsg4wpb0002ruzxwe7r6a6gk,sifir,Jean,moda-erkek-alt-giyim-jean,Moda › Erkek › Alt Giyim › Jean,Moda › Erkek › Alt Giyim,MOVE,cmsg3xhjp00apuzdctzq13btm,true,true,true,,,0,0,0,26,8,0,LOW,move from parent 'Giyim & Aksesuar' → 'Alt Giyim'
,,,,,,Şort,moda-erkek-alt-giyim-sort,Moda › Erkek › Alt Giyim › Şort,Moda › Erkek › Alt Giyim,CREATE_NEW,,false,false,false,,,0,0,0,0,0,0,LOW,
,,,,,,Eşofman Altı,moda-erkek-alt-giyim-esofman-alti,Moda › Erkek › Alt Giyim › Eşofman Altı,Moda › Erkek › Alt Giyim,CREATE_NEW,,false,false,false,,,0,0,0,0,0,0,LOW,
,,,,,,Takım ve Dış Giyim,moda-erkek-takim-ve-dis-giyim,Moda › Erkek › Takım ve Dış Giyim,Moda › Erkek,CREATE_NEW,,false,false,false,,,0,0,0,0,0,0,LOW,
,,,,,,Takım Elbise,moda-erkek-takim-ve-dis-giyim-takim-elbise,Moda › Erkek › Takım ve Dış Giyim › Takım Elbise,Moda › Erkek › Takım ve Dış Giyim,CREATE_NEW,,false,false,false,,,0,0,0,0,0,0,LOW,
,,,,,,Ceket,moda-erkek-takim-ve-dis-giyim-ceket,Moda › Erkek › Takım ve Dış Giyim › Ceket,Moda › Erkek › Takım ve Dış Giyim,CREATE_NEW,,false,false,false,,,0,0,0,0,0,0,LOW,
,,,,,,Mont,moda-erkek-takim-ve-dis-giyim-mont,Moda › Erkek › Takım ve Dış Giyim › Mont,Moda › Erkek › Takım ve Dış Giyim,CREATE_NEW,,false,false,false,,,0,0,0,0,0,0,LOW,
,,,,,,Kaban,moda-erkek-takim-ve-dis-giyim-kaban,Moda › Erkek › Takım ve Dış Giyim › Kaban,Moda › Erkek › Takım ve Dış Giyim,CREATE_NEW,,false,false,false,,,0,0,0,0,0,0,LOW,
,,,,,,Yelek,moda-erkek-takim-ve-dis-giyim-yelek,Moda › Erkek › Takım ve Dış Giyim › Yelek,Moda › Erkek › Takım ve Dış Giyim,CREATE_NEW,,false,false,false,,,0,0,0,0,0,0,LOW,
,,,,,,Yağmurluk,moda-erkek-takim-ve-dis-giyim-yagmurluk,Moda › Erkek › Takım ve Dış Giyim › Yağmurluk,Moda › Erkek › Takım ve Dış Giyim,CREATE_NEW,,false,false,false,,,0,0,0,0,0,0,LOW,
,,,,,,İç Giyim,moda-erkek-ic-giyim,Moda › Erkek › İç Giyim,Moda › Erkek,CREATE_NEW,,false,false,false,,,0,0,0,0,0,0,LOW,
,,,,,,Boxer,moda-erkek-ic-giyim-boxer,Moda › Erkek › İç Giyim › Boxer,Moda › Erkek › İç Giyim,CREATE_NEW,,false,false,false,,,0,0,0,0,0,0,LOW,
,,,,,,Atlet,moda-erkek-ic-giyim-atlet,Moda › Erkek › İç Giyim › Atlet,Moda › Erkek › İç Giyim,CREATE_NEW,,false,false,false,,,0,0,0,0,0,0,LOW,
,,,,,,Fanila,moda-erkek-ic-giyim-fanila,Moda › Erkek › İç Giyim › Fanila,Moda › Erkek › İç Giyim,CREATE_NEW,,false,false,false,,,0,0,0,0,0,0,LOW,
,,,,,,Pijama,moda-erkek-ic-giyim-pijama,Moda › Erkek › İç Giyim › Pijama,Moda › Erkek › İç Giyim,CREATE_NEW,,false,false,false,,,0,0,0,0,0,0,LOW,
,,,,,,Çorap,moda-erkek-ic-giyim-corap,Moda › Erkek › İç Giyim › Çorap,Moda › Erkek › İç Giyim,CREATE_NEW,,false,false,false,,,0,0,0,0,0,0,LOW,
,,,,,,Ayakkabı,moda-ayakkabi,Moda › Ayakkabı,Moda,CREATE_NEW,,false,false,false,,,0,0,0,0,0,0,LOW,
cmsg3xhmd00b7uzdcz4m6bkjp,Kadın Ayakkabı,sifir-urun-ayakkabi-canta__kadin-ayakkabi,sifir-urun/sifir-urun-ayakkabi-canta/kadin-ayakkabi,cms93j5nc002juz3g4cu8n2z7,sifir,Kadın Ayakkabı,moda-ayakkabi-kadin-ayakkabi,Moda › Ayakkabı › Kadın Ayakkabı,Moda › Ayakkabı,MOVE,cmsg3xhmd00b7uzdcz4m6bkjp,true,true,true,,,0,0,0,20,4,0,LOW,move from parent 'Ayakkabı & Çanta' → 'Ayakkabı'
,,,,,,Sneaker,moda-ayakkabi-kadin-ayakkabi-sneaker,Moda › Ayakkabı › Kadın Ayakkabı › Sneaker,Moda › Ayakkabı › Kadın Ayakkabı,CREATE_NEW,,false,false,false,,,0,0,0,0,0,0,LOW,
,,,,,,Topuklu Ayakkabı,moda-ayakkabi-kadin-ayakkabi-topuklu-ayakkabi,Moda › Ayakkabı › Kadın Ayakkabı › Topuklu Ayakkabı,Moda › Ayakkabı › Kadın Ayakkabı,CREATE_NEW,,false,false,false,,,0,0,0,0,0,0,LOW,
,,,,,,Babet,moda-ayakkabi-kadin-ayakkabi-babet,Moda › Ayakkabı › Kadın Ayakkabı › Babet,Moda › Ayakkabı › Kadın Ayakkabı,CREATE_NEW,,false,false,false,,,0,0,0,0,0,0,LOW,
,,,,,,Sandalet,moda-ayakkabi-kadin-ayakkabi-sandalet,Moda › Ayakkabı › Kadın Ayakkabı › Sandalet,Moda › Ayakkabı › Kadın Ayakkabı,CREATE_NEW,,false,false,false,,,0,0,0,0,0,0,LOW,
,,,,,,Bot,moda-ayakkabi-kadin-ayakkabi-bot,Moda › Ayakkabı › Kadın Ayakkabı › Bot,Moda › Ayakkabı › Kadın Ayakkabı,CREATE_NEW,,false,false,false,,,0,0,0,0,0,0,LOW,
,,,,,,Çizme,moda-ayakkabi-kadin-ayakkabi-cizme,Moda › Ayakkabı › Kadın Ayakkabı › Çizme,Moda › Ayakkabı › Kadın Ayakkabı,CREATE_NEW,,false,false,false,,,0,0,0,0,0,0,LOW,
,,,,,,Terlik,moda-ayakkabi-kadin-ayakkabi-terlik,Moda › Ayakkabı › Kadın Ayakkabı › Terlik,Moda › Ayakkabı › Kadın Ayakkabı,CREATE_NEW,,false,false,false,,,0,0,0,0,0,0,LOW,
cmsg3xhmm00b9uzdco6vry46j,Erkek Ayakkabı,sifir-urun-ayakkabi-canta__erkek-ayakkabi,sifir-urun/sifir-urun-ayakkabi-canta/erkek-ayakkabi,cms93j5nc002juz3g4cu8n2z7,sifir,Erkek Ayakkabı,moda-ayakkabi-erkek-ayakkabi,Moda › Ayakkabı › Erkek Ayakkabı,Moda › Ayakkabı,MOVE,cmsg3xhmm00b9uzdco6vry46j,true,true,true,,,0,0,0,20,4,0,LOW,move from parent 'Ayakkabı & Çanta' → 'Ayakkabı'
,,,,,,Sneaker,moda-ayakkabi-erkek-ayakkabi-sneaker,Moda › Ayakkabı › Erkek Ayakkabı › Sneaker,Moda › Ayakkabı › Erkek Ayakkabı,CREATE_NEW,,false,false,false,,,0,0,0,0,0,0,LOW,
,,,,,,Klasik Ayakkabı,moda-ayakkabi-erkek-ayakkabi-klasik-ayakkabi,Moda › Ayakkabı › Erkek Ayakkabı › Klasik Ayakkabı,Moda › Ayakkabı › Erkek Ayakkabı,CREATE_NEW,,false,false,false,,,0,0,0,0,0,0,LOW,
,,,,,,Loafer,moda-ayakkabi-erkek-ayakkabi-loafer,Moda › Ayakkabı › Erkek Ayakkabı › Loafer,Moda › Ayakkabı › Erkek Ayakkabı,CREATE_NEW,,false,false,false,,,0,0,0,0,0,0,LOW,
,,,,,,Bot,moda-ayakkabi-erkek-ayakkabi-bot,Moda › Ayakkabı › Erkek Ayakkabı › Bot,Moda › Ayakkabı › Erkek Ayakkabı,CREATE_NEW,,false,false,false,,,0,0,0,0,0,0,LOW,
,,,,,,Sandalet,moda-ayakkabi-erkek-ayakkabi-sandalet,Moda › Ayakkabı › Erkek Ayakkabı › Sandalet,Moda › Ayakkabı › Erkek Ayakkabı,CREATE_NEW,,false,false,false,,,0,0,0,0,0,0,LOW,
,,,,,,Terlik,moda-ayakkabi-erkek-ayakkabi-terlik,Moda › Ayakkabı › Erkek Ayakkabı › Terlik,Moda › Ayakkabı › Erkek Ayakkabı,CREATE_NEW,,false,false,false,,,0,0,0,0,0,0,LOW,
cmsg3xhn900bduzdc4916aq2p,Spor Ayakkabı,sifir-urun-ayakkabi-canta__spor-ayakkabi,sifir-urun/sifir-urun-ayakkabi-canta/spor-ayakkabi,cms93j5nc002juz3g4cu8n2z7,sifir,Spor Ayakkabı,moda-ayakkabi-spor-ayakkabi,Moda › Ayakkabı › Spor Ayakkabı,Moda › Ayakkabı,MOVE,cmsg3xhn900bduzdc4916aq2p,true,true,true,,,0,0,0,20,4,0,LOW,move from parent 'Ayakkabı & Çanta' → 'Ayakkabı'
,,,,,,Koşu Ayakkabısı,moda-ayakkabi-spor-ayakkabi-kosu-ayakkabisi,Moda › Ayakkabı › Spor Ayakkabı › Koşu Ayakkabısı,Moda › Ayakkabı › Spor Ayakkabı,CREATE_NEW,,false,false,false,,,0,0,0,0,0,0,LOW,
,,,,,,Yürüyüş Ayakkabısı,moda-ayakkabi-spor-ayakkabi-yuruyus-ayakkabisi,Moda › Ayakkabı › Spor Ayakkabı › Yürüyüş Ayakkabısı,Moda › Ayakkabı › Spor Ayakkabı,CREATE_NEW,,false,false,false,,,0,0,0,0,0,0,LOW,
,,,,,,Basketbol Ayakkabısı,moda-ayakkabi-spor-ayakkabi-basketbol-ayakkabisi,Moda › Ayakkabı › Spor Ayakkabı › Basketbol Ayakkabısı,Moda › Ayakkabı › Spor Ayakkabı,CREATE_NEW,,false,false,false,,,0,0,0,0,0,0,LOW,
,,,,,,Futbol Ayakkabısı,moda-ayakkabi-spor-ayakkabi-futbol-ayakkabisi,Moda › Ayakkabı › Spor Ayakkabı › Futbol Ayakkabısı,Moda › Ayakkabı › Spor Ayakkabı,CREATE_NEW,,false,false,false,,,0,0,0,0,0,0,LOW,
,,,,,,Outdoor Ayakkabı,moda-ayakkabi-spor-ayakkabi-outdoor-ayakkabi,Moda › Ayakkabı › Spor Ayakkabı › Outdoor Ayakkabı,Moda › Ayakkabı › Spor Ayakkabı,CREATE_NEW,,false,false,false,,,0,0,0,0,0,0,LOW,
,,,,,,Çanta ve Aksesuar,moda-canta-ve-aksesuar,Moda › Çanta ve Aksesuar,Moda,CREATE_NEW,,false,false,false,,,0,0,0,0,0,0,LOW,
,,,,,,Çanta,moda-canta-ve-aksesuar-canta,Moda › Çanta ve Aksesuar › Çanta,Moda › Çanta ve Aksesuar,CREATE_NEW,,false,false,false,,,0,0,0,0,0,0,LOW,
,,,,,,Omuz Çantası,moda-canta-ve-aksesuar-canta-omuz-cantasi,Moda › Çanta ve Aksesuar › Çanta › Omuz Çantası,Moda › Çanta ve Aksesuar › Çanta,CREATE_NEW,,false,false,false,,,0,0,0,0,0,0,LOW,
,,,,,,El Çantası,moda-canta-ve-aksesuar-canta-el-cantasi,Moda › Çanta ve Aksesuar › Çanta › El Çantası,Moda › Çanta ve Aksesuar › Çanta,CREATE_NEW,,false,false,false,,,0,0,0,0,0,0,LOW,
,,,,,,Sırt Çantası,moda-canta-ve-aksesuar-canta-sirt-cantasi,Moda › Çanta ve Aksesuar › Çanta › Sırt Çantası,Moda › Çanta ve Aksesuar › Çanta,CREATE_NEW,,false,false,false,,,0,0,0,0,0,0,LOW,
,,,,,,Bel Çantası,moda-canta-ve-aksesuar-canta-bel-cantasi,Moda › Çanta ve Aksesuar › Çanta › Bel Çantası,Moda › Çanta ve Aksesuar › Çanta,CREATE_NEW,,false,false,false,,,0,0,0,0,0,0,LOW,
,,,,,,Laptop Çantası,moda-canta-ve-aksesuar-canta-laptop-cantasi,Moda › Çanta ve Aksesuar › Çanta › Laptop Çantası,Moda › Çanta ve Aksesuar › Çanta,CREATE_NEW,,false,false,false,,,0,0,0,0,0,0,LOW,
,,,,,,Valiz,moda-canta-ve-aksesuar-canta-valiz,Moda › Çanta ve Aksesuar › Çanta › Valiz,Moda › Çanta ve Aksesuar › Çanta,CREATE_NEW,,false,false,false,,,0,0,0,0,0,0,LOW,
,,,,,,Cüzdan,moda-canta-ve-aksesuar-canta-cuzdan,Moda › Çanta ve Aksesuar › Çanta › Cüzdan,Moda › Çanta ve Aksesuar › Çanta,CREATE_NEW,,false,false,false,,,0,0,0,0,0,0,LOW,
,,,,,,Kartlık,moda-canta-ve-aksesuar-canta-kartlik,Moda › Çanta ve Aksesuar › Çanta › Kartlık,Moda › Çanta ve Aksesuar › Çanta,CREATE_NEW,,false,false,false,,,0,0,0,0,0,0,LOW,
,,,,,,Aksesuar,moda-canta-ve-aksesuar-aksesuar,Moda › Çanta ve Aksesuar › Aksesuar,Moda › Çanta ve Aksesuar,CREATE_NEW,,false,false,false,,,0,0,0,0,0,0,LOW,
,,,,,,Kemer,moda-canta-ve-aksesuar-aksesuar-kemer,Moda › Çanta ve Aksesuar › Aksesuar › Kemer,Moda › Çanta ve Aksesuar › Aksesuar,CREATE_NEW,,false,false,false,,,0,0,0,0,0,0,LOW,
,,,,,,Şapka,moda-canta-ve-aksesuar-aksesuar-sapka,Moda › Çanta ve Aksesuar › Aksesuar › Şapka,Moda › Çanta ve Aksesuar › Aksesuar,CREATE_NEW,,false,false,false,,,0,0,0,0,0,0,LOW,
,,,,,,Bere,moda-canta-ve-aksesuar-aksesuar-bere,Moda › Çanta ve Aksesuar › Aksesuar › Bere,Moda › Çanta ve Aksesuar › Aksesuar,CREATE_NEW,,false,false,false,,,0,0,0,0,0,0,LOW,
,,,,,,Atkı,moda-canta-ve-aksesuar-aksesuar-atki,Moda › Çanta ve Aksesuar › Aksesuar › Atkı,Moda › Çanta ve Aksesuar › Aksesuar,CREATE_NEW,,false,false,false,,,0,0,0,0,0,0,LOW,
,,,,,,Eldiven,moda-canta-ve-aksesuar-aksesuar-eldiven,Moda › Çanta ve Aksesuar › Aksesuar › Eldiven,Moda › Çanta ve Aksesuar › Aksesuar,CREATE_NEW,,false,false,false,,,0,0,0,0,0,0,LOW,
,,,,,,Güneş Gözlüğü,moda-canta-ve-aksesuar-aksesuar-gunes-gozlugu,Moda › Çanta ve Aksesuar › Aksesuar › Güneş Gözlüğü,Moda › Çanta ve Aksesuar › Aksesuar,CREATE_NEW,,false,false,false,,,0,0,0,0,0,0,LOW,
,,,,,,Şemsiye,moda-canta-ve-aksesuar-aksesuar-semsiye,Moda › Çanta ve Aksesuar › Aksesuar › Şemsiye,Moda › Çanta ve Aksesuar › Aksesuar,CREATE_NEW,,false,false,false,,,0,0,0,0,0,0,LOW,
,,,,,,Takı,moda-canta-ve-aksesuar-taki,Moda › Çanta ve Aksesuar › Takı,Moda › Çanta ve Aksesuar,CREATE_NEW,,false,false,false,,,0,0,0,0,0,0,LOW,
cmsg3xhum00c5uzdc1w4mppod,Kolye,sifir-urun-saat-taki__kolye,sifir-urun/sifir-urun-saat-taki/kolye,cms93j5nj002luz3g1ovcvwie,sifir,Kolye,moda-canta-ve-aksesuar-taki-kolye,Moda › Çanta ve Aksesuar › Takı › Kolye,Moda › Çanta ve Aksesuar › Takı,MOVE,cmsg3xhum00c5uzdc1w4mppod,true,true,true,,,0,0,0,18,2,0,LOW,"move from parent 'Saat, Takı & Mücevher' → 'Takı'"
cmsg3xhv000c9uzdc23p1513a,Bileklik,sifir-urun-saat-taki__bileklik,sifir-urun/sifir-urun-saat-taki/bileklik,cms93j5nj002luz3g1ovcvwie,sifir,Bileklik,moda-canta-ve-aksesuar-taki-bileklik,Moda › Çanta ve Aksesuar › Takı › Bileklik,Moda › Çanta ve Aksesuar › Takı,MOVE,cmsg3xhv000c9uzdc23p1513a,true,true,true,,,0,0,0,18,2,0,LOW,"move from parent 'Saat, Takı & Mücevher' → 'Takı'"
cmsg3xhuu00c7uzdc1she4w2c,Küpe,sifir-urun-saat-taki__kupe,sifir-urun/sifir-urun-saat-taki/kupe,cms93j5nj002luz3g1ovcvwie,sifir,Küpe,moda-canta-ve-aksesuar-taki-kupe,Moda › Çanta ve Aksesuar › Takı › Küpe,Moda › Çanta ve Aksesuar › Takı,MOVE,cmsg3xhuu00c7uzdc1she4w2c,true,true,true,,,0,0,0,18,2,0,LOW,"move from parent 'Saat, Takı & Mücevher' → 'Takı'"
cmsg3xhu600c3uzdcd80y9x57,Yüzük,sifir-urun-saat-taki__yuzuk,sifir-urun/sifir-urun-saat-taki/yuzuk,cms93j5nj002luz3g1ovcvwie,sifir,Yüzük,moda-canta-ve-aksesuar-taki-yuzuk,Moda › Çanta ve Aksesuar › Takı › Yüzük,Moda › Çanta ve Aksesuar › Takı,MOVE,cmsg3xhu600c3uzdcd80y9x57,true,true,true,,,0,0,0,18,2,0,LOW,"move from parent 'Saat, Takı & Mücevher' → 'Takı'"
,,,,,,Halhal,moda-canta-ve-aksesuar-taki-halhal,Moda › Çanta ve Aksesuar › Takı › Halhal,Moda › Çanta ve Aksesuar › Takı,CREATE_NEW,,false,false,false,,,0,0,0,0,0,0,LOW,
,,,,,,Broş,moda-canta-ve-aksesuar-taki-bros,Moda › Çanta ve Aksesuar › Takı › Broş,Moda › Çanta ve Aksesuar › Takı,CREATE_NEW,,false,false,false,,,0,0,0,0,0,0,LOW,
,,,,,,"Anne, Bebek ve Çocuk",anne-bebek-ve-cocuk,"Anne, Bebek ve Çocuk",,CREATE_NEW,,false,false,false,,,0,0,0,0,0,0,LOW,
,,,,,,Bebek Arabası ve Taşıma,anne-bebek-ve-cocuk-bebek-arabasi-ve-tasima,"Anne, Bebek ve Çocuk › Bebek Arabası ve Taşıma","Anne, Bebek ve Çocuk",CREATE_NEW,,false,false,false,,,0,0,0,0,0,0,LOW,
cmsg3xi3y00dluzdcfsac7kp9,Bebek Arabası,sifir-urun-anne-bebek__bebek-arabasi,sifir-urun/sifir-urun-anne-bebek/bebek-arabasi,cms93j5ny002puz3ghofscas0,sifir,Bebek Arabası,anne-bebek-ve-cocuk-bebek-arabasi-ve-tasima-bebek-arabasi,"Anne, Bebek ve Çocuk › Bebek Arabası ve Taşıma › Bebek Arabası","Anne, Bebek ve Çocuk › Bebek Arabası ve Taşıma",MOVE,cmsg3xi3y00dluzdcfsac7kp9,true,true,true,,,0,0,0,21,1,0,LOW,move from parent 'Anne & Bebek' → 'Bebek Arabası ve Taşıma'
,,,,,,Travel Sistem Bebek Arabası,anne-bebek-ve-cocuk-bebek-arabasi-ve-tasima-bebek-arabasi-travel-sistem-bebek-ar,"Anne, Bebek ve Çocuk › Bebek Arabası ve Taşıma › Bebek Arabası › Travel Sistem Bebek Arabası","Anne, Bebek ve Çocuk › Bebek Arabası ve Taşıma › Bebek Arabası",CREATE_NEW,,false,false,false,,,0,0,0,0,0,0,LOW,
,,,,,,Baston Bebek Arabası,anne-bebek-ve-cocuk-bebek-arabasi-ve-tasima-bebek-arabasi-baston-bebek-arabasi,"Anne, Bebek ve Çocuk › Bebek Arabası ve Taşıma › Bebek Arabası › Baston Bebek Arabası","Anne, Bebek ve Çocuk › Bebek Arabası ve Taşıma › Bebek Arabası",CREATE_NEW,,false,false,false,,,0,0,0,0,0,0,LOW,
,,,,,,İkiz Bebek Arabası,anne-bebek-ve-cocuk-bebek-arabasi-ve-tasima-bebek-arabasi-ikiz-bebek-arabasi,"Anne, Bebek ve Çocuk › Bebek Arabası ve Taşıma › Bebek Arabası › İkiz Bebek Arabası","Anne, Bebek ve Çocuk › Bebek Arabası ve Taşıma › Bebek Arabası",CREATE_NEW,,false,false,false,,,0,0,0,0,0,0,LOW,
,,,,,,Jogger Bebek Arabası,anne-bebek-ve-cocuk-bebek-arabasi-ve-tasima-bebek-arabasi-jogger-bebek-arabasi,"Anne, Bebek ve Çocuk › Bebek Arabası ve Taşıma › Bebek Arabası › Jogger Bebek Arabası","Anne, Bebek ve Çocuk › Bebek Arabası ve Taşıma › Bebek Arabası",CREATE_NEW,,false,false,false,,,0,0,0,0,0,0,LOW,
,,,,,,Taşıma,anne-bebek-ve-cocuk-bebek-arabasi-ve-tasima-tasima,"Anne, Bebek ve Çocuk › Bebek Arabası ve Taşıma › Taşıma","Anne, Bebek ve Çocuk › Bebek Arabası ve Taşıma",CREATE_NEW,,false,false,false,,,0,0,0,0,0,0,LOW,
,,,,,,Ana Kucağı,anne-bebek-ve-cocuk-bebek-arabasi-ve-tasima-tasima-ana-kucagi,"Anne, Bebek ve Çocuk › Bebek Arabası ve Taşıma › Taşıma › Ana Kucağı","Anne, Bebek ve Çocuk › Bebek Arabası ve Taşıma › Taşıma",CREATE_NEW,,false,false,false,,,0,0,0,0,0,0,LOW,
,,,,,,Puset,anne-bebek-ve-cocuk-bebek-arabasi-ve-tasima-tasima-puset,"Anne, Bebek ve Çocuk › Bebek Arabası ve Taşıma › Taşıma › Puset","Anne, Bebek ve Çocuk › Bebek Arabası ve Taşıma › Taşıma",CREATE_NEW,,false,false,false,,,0,0,0,0,0,0,LOW,
,,,,,,Kanguru,anne-bebek-ve-cocuk-bebek-arabasi-ve-tasima-tasima-kanguru,"Anne, Bebek ve Çocuk › Bebek Arabası ve Taşıma › Taşıma › Kanguru","Anne, Bebek ve Çocuk › Bebek Arabası ve Taşıma › Taşıma",CREATE_NEW,,false,false,false,,,0,0,0,0,0,0,LOW,
,,,,,,Sling,anne-bebek-ve-cocuk-bebek-arabasi-ve-tasima-tasima-sling,"Anne, Bebek ve Çocuk › Bebek Arabası ve Taşıma › Taşıma › Sling","Anne, Bebek ve Çocuk › Bebek Arabası ve Taşıma › Taşıma",CREATE_NEW,,false,false,false,,,0,0,0,0,0,0,LOW,
,,,,,,Portbebe,anne-bebek-ve-cocuk-bebek-arabasi-ve-tasima-tasima-portbebe,"Anne, Bebek ve Çocuk › Bebek Arabası ve Taşıma › Taşıma › Portbebe","Anne, Bebek ve Çocuk › Bebek Arabası ve Taşıma › Taşıma",CREATE_NEW,,false,false,false,,,0,0,0,0,0,0,LOW,
,,,,,,Bebek Odası,anne-bebek-ve-cocuk-bebek-odasi,"Anne, Bebek ve Çocuk › Bebek Odası","Anne, Bebek ve Çocuk",CREATE_NEW,,false,false,false,,,0,0,0,0,0,0,LOW,
cmsg3xi8r00ehuzdc20w3nzu7,Mobilya,sifir-urun-ev-dekorasyon__mobilya,sifir-urun/ev-ve-yasam/ev-dekorasyon-mobilya/ev-dekorasyon/mobilya,cmsg4wp8w002fuzxwt18nv883,sifir,Mobilya,anne-bebek-ve-cocuk-bebek-odasi-mobilya,"Anne, Bebek ve Çocuk › Bebek Odası › Mobilya","Anne, Bebek ve Çocuk › Bebek Odası",MOVE,cmsg3xi8r00ehuzdc20w3nzu7,true,true,true,,,0,0,0,19,2,0,LOW,move from parent 'Ev Dekorasyon & Mobilya' → 'Bebek Odası'
,,,,,,Bebek Beşiği,anne-bebek-ve-cocuk-bebek-odasi-mobilya-bebek-besigi,"Anne, Bebek ve Çocuk › Bebek Odası › Mobilya › Bebek Beşiği","Anne, Bebek ve Çocuk › Bebek Odası › Mobilya",CREATE_NEW,,false,false,false,,,0,0,0,0,0,0,LOW,
,,,,,,Bebek Karyolası,anne-bebek-ve-cocuk-bebek-odasi-mobilya-bebek-karyolasi,"Anne, Bebek ve Çocuk › Bebek Odası › Mobilya › Bebek Karyolası","Anne, Bebek ve Çocuk › Bebek Odası › Mobilya",CREATE_NEW,,false,false,false,,,0,0,0,0,0,0,LOW,
,,,,,,Bebek Yatağı,anne-bebek-ve-cocuk-bebek-odasi-mobilya-bebek-yatagi,"Anne, Bebek ve Çocuk › Bebek Odası › Mobilya › Bebek Yatağı","Anne, Bebek ve Çocuk › Bebek Odası › Mobilya",CREATE_NEW,,false,false,false,,,0,0,0,0,0,0,LOW,
,,,,,,Alt Açma Ünitesi,anne-bebek-ve-cocuk-bebek-odasi-mobilya-alt-acma-unitesi,"Anne, Bebek ve Çocuk › Bebek Odası › Mobilya › Alt Açma Ünitesi","Anne, Bebek ve Çocuk › Bebek Odası › Mobilya",CREATE_NEW,,false,false,false,,,0,0,0,0,0,0,LOW,
,,,,,,Bebek Dolabı,anne-bebek-ve-cocuk-bebek-odasi-mobilya-bebek-dolabi,"Anne, Bebek ve Çocuk › Bebek Odası › Mobilya › Bebek Dolabı","Anne, Bebek ve Çocuk › Bebek Odası › Mobilya",CREATE_NEW,,false,false,false,,,0,0,0,0,0,0,LOW,
,,,,,,Tekstil,anne-bebek-ve-cocuk-bebek-odasi-tekstil,"Anne, Bebek ve Çocuk › Bebek Odası › Tekstil","Anne, Bebek ve Çocuk › Bebek Odası",CREATE_NEW,,false,false,false,,,0,0,0,0,0,0,LOW,
,,,,,,Bebek Nevresimi,anne-bebek-ve-cocuk-bebek-odasi-tekstil-bebek-nevresimi,"Anne, Bebek ve Çocuk › Bebek Odası › Tekstil › Bebek Nevresimi","Anne, Bebek ve Çocuk › Bebek Odası › Tekstil",CREATE_NEW,,false,false,false,,,0,0,0,0,0,0,LOW,
,,,,,,Uyku Tulumu,anne-bebek-ve-cocuk-bebek-odasi-tekstil-uyku-tulumu,"Anne, Bebek ve Çocuk › Bebek Odası › Tekstil › Uyku Tulumu","Anne, Bebek ve Çocuk › Bebek Odası › Tekstil",CREATE_NEW,,false,false,false,,,0,0,0,0,0,0,LOW,
,,,,,,Bebek Battaniyesi,anne-bebek-ve-cocuk-bebek-odasi-tekstil-bebek-battaniyesi,"Anne, Bebek ve Çocuk › Bebek Odası › Tekstil › Bebek Battaniyesi","Anne, Bebek ve Çocuk › Bebek Odası › Tekstil",CREATE_NEW,,false,false,false,,,0,0,0,0,0,0,LOW,
,,,,,,Bebek Yastığı,anne-bebek-ve-cocuk-bebek-odasi-tekstil-bebek-yastigi,"Anne, Bebek ve Çocuk › Bebek Odası › Tekstil › Bebek Yastığı","Anne, Bebek ve Çocuk › Bebek Odası › Tekstil",CREATE_NEW,,false,false,false,,,0,0,0,0,0,0,LOW,
,,,,,,Cibinlik,anne-bebek-ve-cocuk-bebek-odasi-tekstil-cibinlik,"Anne, Bebek ve Çocuk › Bebek Odası › Tekstil › Cibinlik","Anne, Bebek ve Çocuk › Bebek Odası › Tekstil",CREATE_NEW,,false,false,false,,,0,0,0,0,0,0,LOW,
,,,,,,Beslenme,anne-bebek-ve-cocuk-beslenme,"Anne, Bebek ve Çocuk › Beslenme","Anne, Bebek ve Çocuk",CREATE_NEW,,false,false,false,,,0,0,0,0,0,0,LOW,
,,,,,,Emzirme,anne-bebek-ve-cocuk-beslenme-emzirme,"Anne, Bebek ve Çocuk › Beslenme › Emzirme","Anne, Bebek ve Çocuk › Beslenme",CREATE_NEW,,false,false,false,,,0,0,0,0,0,0,LOW,
,,,,,,Göğüs Pompası,anne-bebek-ve-cocuk-beslenme-emzirme-gogus-pompasi,"Anne, Bebek ve Çocuk › Beslenme › Emzirme › Göğüs Pompası","Anne, Bebek ve Çocuk › Beslenme › Emzirme",CREATE_NEW,,false,false,false,,,0,0,0,0,0,0,LOW,
,,,,,,Emzirme Yastığı,anne-bebek-ve-cocuk-beslenme-emzirme-emzirme-yastigi,"Anne, Bebek ve Çocuk › Beslenme › Emzirme › Emzirme Yastığı","Anne, Bebek ve Çocuk › Beslenme › Emzirme",CREATE_NEW,,false,false,false,,,0,0,0,0,0,0,LOW,
,,,,,,Süt Saklama Poşeti,anne-bebek-ve-cocuk-beslenme-emzirme-sut-saklama-poseti,"Anne, Bebek ve Çocuk › Beslenme › Emzirme › Süt Saklama Poşeti","Anne, Bebek ve Çocuk › Beslenme › Emzirme",CREATE_NEW,,false,false,false,,,0,0,0,0,0,0,LOW,
,,,,,,Göğüs Pedi,anne-bebek-ve-cocuk-beslenme-emzirme-gogus-pedi,"Anne, Bebek ve Çocuk › Beslenme › Emzirme › Göğüs Pedi","Anne, Bebek ve Çocuk › Beslenme › Emzirme",CREATE_NEW,,false,false,false,,,0,0,0,0,0,0,LOW,
,,,,,,Biberon ve Mama,anne-bebek-ve-cocuk-beslenme-biberon-ve-mama,"Anne, Bebek ve Çocuk › Beslenme › Biberon ve Mama","Anne, Bebek ve Çocuk › Beslenme",CREATE_NEW,,false,false,false,,,0,0,0,0,0,0,LOW,
,,,,,,Biberon,anne-bebek-ve-cocuk-beslenme-biberon-ve-mama-biberon,"Anne, Bebek ve Çocuk › Beslenme › Biberon ve Mama › Biberon","Anne, Bebek ve Çocuk › Beslenme › Biberon ve Mama",CREATE_NEW,,false,false,false,,,0,0,0,0,0,0,LOW,
,,,,,,Emzik,anne-bebek-ve-cocuk-beslenme-biberon-ve-mama-emzik,"Anne, Bebek ve Çocuk › Beslenme › Biberon ve Mama › Emzik","Anne, Bebek ve Çocuk › Beslenme › Biberon ve Mama",CREATE_NEW,,false,false,false,,,0,0,0,0,0,0,LOW,
,,,,,,Biberon Isıtıcı,anne-bebek-ve-cocuk-beslenme-biberon-ve-mama-biberon-isitici,"Anne, Bebek ve Çocuk › Beslenme › Biberon ve Mama › Biberon Isıtıcı","Anne, Bebek ve Çocuk › Beslenme › Biberon ve Mama",CREATE_NEW,,false,false,false,,,0,0,0,0,0,0,LOW,
,,,,,,Sterilizatör,anne-bebek-ve-cocuk-beslenme-biberon-ve-mama-sterilizator,"Anne, Bebek ve Çocuk › Beslenme › Biberon ve Mama › Sterilizatör","Anne, Bebek ve Çocuk › Beslenme › Biberon ve Mama",CREATE_NEW,,false,false,false,,,0,0,0,0,0,0,LOW,
cmsg3xi4g00dpuzdcwf1zmmz4,Mama Sandalyesi,sifir-urun-anne-bebek__mama-sandalyesi,sifir-urun/sifir-urun-anne-bebek/mama-sandalyesi,cms93j5ny002puz3ghofscas0,sifir,Mama Sandalyesi,anne-bebek-ve-cocuk-beslenme-biberon-ve-mama-mama-sandalyesi,"Anne, Bebek ve Çocuk › Beslenme › Biberon ve Mama › Mama Sandalyesi","Anne, Bebek ve Çocuk › Beslenme › Biberon ve Mama",MOVE,cmsg3xi4g00dpuzdcwf1zmmz4,true,true,true,,,0,0,0,21,1,0,LOW,move from parent 'Anne & Bebek' → 'Biberon ve Mama'
,,,,,,Mama Seti,anne-bebek-ve-cocuk-beslenme-biberon-ve-mama-mama-seti,"Anne, Bebek ve Çocuk › Beslenme › Biberon ve Mama › Mama Seti","Anne, Bebek ve Çocuk › Beslenme › Biberon ve Mama",CREATE_NEW,,false,false,false,,,0,0,0,0,0,0,LOW,
,,,,,,Bakım ve Güvenlik,anne-bebek-ve-cocuk-bakim-ve-guvenlik,"Anne, Bebek ve Çocuk › Bakım ve Güvenlik","Anne, Bebek ve Çocuk",CREATE_NEW,,false,false,false,,,0,0,0,0,0,0,LOW,
,,,,,,Bakım,anne-bebek-ve-cocuk-bakim-ve-guvenlik-bakim,"Anne, Bebek ve Çocuk › Bakım ve Güvenlik › Bakım","Anne, Bebek ve Çocuk › Bakım ve Güvenlik",CREATE_NEW,,false,false,false,,,0,0,0,0,0,0,LOW,
,,,,,,Bebek Bezi,anne-bebek-ve-cocuk-bakim-ve-guvenlik-bakim-bebek-bezi,"Anne, Bebek ve Çocuk › Bakım ve Güvenlik › Bakım › Bebek Bezi","Anne, Bebek ve Çocuk › Bakım ve Güvenlik › Bakım",CREATE_NEW,,false,false,false,,,0,0,0,0,0,0,LOW,
,,,,,,Islak Mendil,anne-bebek-ve-cocuk-bakim-ve-guvenlik-bakim-islak-mendil,"Anne, Bebek ve Çocuk › Bakım ve Güvenlik › Bakım › Islak Mendil","Anne, Bebek ve Çocuk › Bakım ve Güvenlik › Bakım",CREATE_NEW,,false,false,false,,,0,0,0,0,0,0,LOW,
,,,,,,Bebek Şampuanı,anne-bebek-ve-cocuk-bakim-ve-guvenlik-bakim-bebek-sampuani,"Anne, Bebek ve Çocuk › Bakım ve Güvenlik › Bakım › Bebek Şampuanı","Anne, Bebek ve Çocuk › Bakım ve Güvenlik › Bakım",CREATE_NEW,,false,false,false,,,0,0,0,0,0,0,LOW,
,,,,,,Bebek Yağı,anne-bebek-ve-cocuk-bakim-ve-guvenlik-bakim-bebek-yagi,"Anne, Bebek ve Çocuk › Bakım ve Güvenlik › Bakım › Bebek Yağı","Anne, Bebek ve Çocuk › Bakım ve Güvenlik › Bakım",CREATE_NEW,,false,false,false,,,0,0,0,0,0,0,LOW,
,,,,,,Pişik Kremi,anne-bebek-ve-cocuk-bakim-ve-guvenlik-bakim-pisik-kremi,"Anne, Bebek ve Çocuk › Bakım ve Güvenlik › Bakım › Pişik Kremi","Anne, Bebek ve Çocuk › Bakım ve Güvenlik › Bakım",CREATE_NEW,,false,false,false,,,0,0,0,0,0,0,LOW,
,,,,,,Bebek Küveti,anne-bebek-ve-cocuk-bakim-ve-guvenlik-bakim-bebek-kuveti,"Anne, Bebek ve Çocuk › Bakım ve Güvenlik › Bakım › Bebek Küveti","Anne, Bebek ve Çocuk › Bakım ve Güvenlik › Bakım",CREATE_NEW,,false,false,false,,,0,0,0,0,0,0,LOW,
,,,,,,Güvenlik,anne-bebek-ve-cocuk-bakim-ve-guvenlik-guvenlik,"Anne, Bebek ve Çocuk › Bakım ve Güvenlik › Güvenlik","Anne, Bebek ve Çocuk › Bakım ve Güvenlik",CREATE_NEW,,false,false,false,,,0,0,0,0,0,0,LOW,
,,,,,,Bebek Kamerası,anne-bebek-ve-cocuk-bakim-ve-guvenlik-guvenlik-bebek-kamerasi,"Anne, Bebek ve Çocuk › Bakım ve Güvenlik › Güvenlik › Bebek Kamerası","Anne, Bebek ve Çocuk › Bakım ve Güvenlik › Güvenlik",CREATE_NEW,,false,false,false,,,0,0,0,0,0,0,LOW,
,,,,,,Telsiz,anne-bebek-ve-cocuk-bakim-ve-guvenlik-guvenlik-telsiz,"Anne, Bebek ve Çocuk › Bakım ve Güvenlik › Güvenlik › Telsiz","Anne, Bebek ve Çocuk › Bakım ve Güvenlik › Güvenlik",CREATE_NEW,,false,false,false,,,0,0,0,0,0,0,LOW,
,,,,,,Güvenlik Kapısı,anne-bebek-ve-cocuk-bakim-ve-guvenlik-guvenlik-guvenlik-kapisi,"Anne, Bebek ve Çocuk › Bakım ve Güvenlik › Güvenlik › Güvenlik Kapısı","Anne, Bebek ve Çocuk › Bakım ve Güvenlik › Güvenlik",CREATE_NEW,,false,false,false,,,0,0,0,0,0,0,LOW,
,,,,,,Priz Koruyucu,anne-bebek-ve-cocuk-bakim-ve-guvenlik-guvenlik-priz-koruyucu,"Anne, Bebek ve Çocuk › Bakım ve Güvenlik › Güvenlik › Priz Koruyucu","Anne, Bebek ve Çocuk › Bakım ve Güvenlik › Güvenlik",CREATE_NEW,,false,false,false,,,0,0,0,0,0,0,LOW,
,,,,,,Köşe Koruyucu,anne-bebek-ve-cocuk-bakim-ve-guvenlik-guvenlik-kose-koruyucu,"Anne, Bebek ve Çocuk › Bakım ve Güvenlik › Güvenlik › Köşe Koruyucu","Anne, Bebek ve Çocuk › Bakım ve Güvenlik › Güvenlik",CREATE_NEW,,false,false,false,,,0,0,0,0,0,0,LOW,
cmsg3xhh400a7uzdc7nuyslyj,Çocuk Giyim,sifir-urun-giyim-aksesuar__cocuk-giyim,sifir-urun/moda/giyim-aksesuar/giyim-aksesuar/cocuk-giyim,cmsg4wpb0002ruzxwe7r6a6gk,sifir,Çocuk Giyim,anne-bebek-ve-cocuk-cocuk-giyim,"Anne, Bebek ve Çocuk › Çocuk Giyim","Anne, Bebek ve Çocuk",MOVE,cmsg3xhh400a7uzdc7nuyslyj,true,true,true,,,0,0,0,26,8,0,LOW,"move from parent 'Giyim & Aksesuar' → 'Anne, Bebek ve Çocuk'"
,,,,,,Kız Çocuk,anne-bebek-ve-cocuk-cocuk-giyim-kiz-cocuk,"Anne, Bebek ve Çocuk › Çocuk Giyim › Kız Çocuk","Anne, Bebek ve Çocuk › Çocuk Giyim",CREATE_NEW,,false,false,false,,,0,0,0,0,0,0,LOW,
cmsg4wpah002luzxwa5vgezra,Tişört,sifir-urun__moda__erkek__tisort,sifir-urun/moda/erkek/tisort,cmsg4wpad002juzxwk65dxk6k,sifir,Tişört,anne-bebek-ve-cocuk-cocuk-giyim-kiz-cocuk-tisort,"Anne, Bebek ve Çocuk › Çocuk Giyim › Kız Çocuk › Tişört","Anne, Bebek ve Çocuk › Çocuk Giyim › Kız Çocuk",MOVE,cmsg4wpah002luzxwa5vgezra,true,true,true,,,0,0,0,26,8,0,LOW,move from parent 'Erkek' → 'Kız Çocuk'
cmsg3xhi300aduzdcoo5b0ti3,Elbise,sifir-urun-giyim-aksesuar__elbise,sifir-urun/moda/giyim-aksesuar/giyim-aksesuar/elbise,cmsg4wpb0002ruzxwe7r6a6gk,sifir,Elbise,anne-bebek-ve-cocuk-cocuk-giyim-kiz-cocuk-elbise,"Anne, Bebek ve Çocuk › Çocuk Giyim › Kız Çocuk › Elbise","Anne, Bebek ve Çocuk › Çocuk Giyim › Kız Çocuk",MOVE,cmsg3xhi300aduzdcoo5b0ti3,true,true,true,,,0,0,0,26,8,0,LOW,move from parent 'Giyim & Aksesuar' → 'Kız Çocuk'
,,,,,,Pantolon,anne-bebek-ve-cocuk-cocuk-giyim-kiz-cocuk-pantolon,"Anne, Bebek ve Çocuk › Çocuk Giyim › Kız Çocuk › Pantolon","Anne, Bebek ve Çocuk › Çocuk Giyim › Kız Çocuk",CREATE_NEW,,false,false,false,,,0,0,0,0,0,0,LOW,
,,,,,,Etek,anne-bebek-ve-cocuk-cocuk-giyim-kiz-cocuk-etek,"Anne, Bebek ve Çocuk › Çocuk Giyim › Kız Çocuk › Etek","Anne, Bebek ve Çocuk › Çocuk Giyim › Kız Çocuk",CREATE_NEW,,false,false,false,,,0,0,0,0,0,0,LOW,
,,,,,,Mont,anne-bebek-ve-cocuk-cocuk-giyim-kiz-cocuk-mont,"Anne, Bebek ve Çocuk › Çocuk Giyim › Kız Çocuk › Mont","Anne, Bebek ve Çocuk › Çocuk Giyim › Kız Çocuk",CREATE_NEW,,false,false,false,,,0,0,0,0,0,0,LOW,
,,,,,,Pijama,anne-bebek-ve-cocuk-cocuk-giyim-kiz-cocuk-pijama,"Anne, Bebek ve Çocuk › Çocuk Giyim › Kız Çocuk › Pijama","Anne, Bebek ve Çocuk › Çocuk Giyim › Kız Çocuk",CREATE_NEW,,false,false,false,,,0,0,0,0,0,0,LOW,
,,,,,,İç Giyim,anne-bebek-ve-cocuk-cocuk-giyim-kiz-cocuk-ic-giyim,"Anne, Bebek ve Çocuk › Çocuk Giyim › Kız Çocuk › İç Giyim","Anne, Bebek ve Çocuk › Çocuk Giyim › Kız Çocuk",CREATE_NEW,,false,false,false,,,0,0,0,0,0,0,LOW,
,,,,,,Erkek Çocuk,anne-bebek-ve-cocuk-cocuk-giyim-erkek-cocuk,"Anne, Bebek ve Çocuk › Çocuk Giyim › Erkek Çocuk","Anne, Bebek ve Çocuk › Çocuk Giyim",CREATE_NEW,,false,false,false,,,0,0,0,0,0,0,LOW,
cmsg4wpah002luzxwa5vgezra,Tişört,sifir-urun__moda__erkek__tisort,sifir-urun/moda/erkek/tisort,cmsg4wpad002juzxwk65dxk6k,sifir,Tişört,anne-bebek-ve-cocuk-cocuk-giyim-erkek-cocuk-tisort,"Anne, Bebek ve Çocuk › Çocuk Giyim › Erkek Çocuk › Tişört","Anne, Bebek ve Çocuk › Çocuk Giyim › Erkek Çocuk",MOVE,cmsg4wpah002luzxwa5vgezra,true,true,true,,,0,0,0,26,8,0,LOW,move from parent 'Erkek' → 'Erkek Çocuk'
cmsg3xhjc00anuzdck80n1z0x,Gömlek,sifir-urun-giyim-aksesuar__gomlek,sifir-urun/moda/giyim-aksesuar/giyim-aksesuar/gomlek,cmsg4wpb0002ruzxwe7r6a6gk,sifir,Gömlek,anne-bebek-ve-cocuk-cocuk-giyim-erkek-cocuk-gomlek,"Anne, Bebek ve Çocuk › Çocuk Giyim › Erkek Çocuk › Gömlek","Anne, Bebek ve Çocuk › Çocuk Giyim › Erkek Çocuk",MOVE,cmsg3xhjc00anuzdck80n1z0x,true,true,true,,,0,0,0,26,8,0,LOW,move from parent 'Giyim & Aksesuar' → 'Erkek Çocuk'
,,,,,,Pantolon,anne-bebek-ve-cocuk-cocuk-giyim-erkek-cocuk-pantolon,"Anne, Bebek ve Çocuk › Çocuk Giyim › Erkek Çocuk › Pantolon","Anne, Bebek ve Çocuk › Çocuk Giyim › Erkek Çocuk",CREATE_NEW,,false,false,false,,,0,0,0,0,0,0,LOW,
,,,,,,Şort,anne-bebek-ve-cocuk-cocuk-giyim-erkek-cocuk-sort,"Anne, Bebek ve Çocuk › Çocuk Giyim › Erkek Çocuk › Şort","Anne, Bebek ve Çocuk › Çocuk Giyim › Erkek Çocuk",CREATE_NEW,,false,false,false,,,0,0,0,0,0,0,LOW,
,,,,,,Mont,anne-bebek-ve-cocuk-cocuk-giyim-erkek-cocuk-mont,"Anne, Bebek ve Çocuk › Çocuk Giyim › Erkek Çocuk › Mont","Anne, Bebek ve Çocuk › Çocuk Giyim › Erkek Çocuk",CREATE_NEW,,false,false,false,,,0,0,0,0,0,0,LOW,
,,,,,,Pijama,anne-bebek-ve-cocuk-cocuk-giyim-erkek-cocuk-pijama,"Anne, Bebek ve Çocuk › Çocuk Giyim › Erkek Çocuk › Pijama","Anne, Bebek ve Çocuk › Çocuk Giyim › Erkek Çocuk",CREATE_NEW,,false,false,false,,,0,0,0,0,0,0,LOW,
,,,,,,İç Giyim,anne-bebek-ve-cocuk-cocuk-giyim-erkek-cocuk-ic-giyim,"Anne, Bebek ve Çocuk › Çocuk Giyim › Erkek Çocuk › İç Giyim","Anne, Bebek ve Çocuk › Çocuk Giyim › Erkek Çocuk",CREATE_NEW,,false,false,false,,,0,0,0,0,0,0,LOW,
cmsg3xi4q00druzdcxs7xxhsf,Bebek Giyim,sifir-urun-anne-bebek__bebek-giyim,sifir-urun/sifir-urun-anne-bebek/bebek-giyim,cms93j5ny002puz3ghofscas0,sifir,Bebek Giyim,anne-bebek-ve-cocuk-cocuk-giyim-bebek-giyim,"Anne, Bebek ve Çocuk › Çocuk Giyim › Bebek Giyim","Anne, Bebek ve Çocuk › Çocuk Giyim",MOVE,cmsg3xi4q00druzdcxs7xxhsf,true,true,true,,,0,0,0,21,1,0,LOW,move from parent 'Anne & Bebek' → 'Çocuk Giyim'
,,,,,,Body,anne-bebek-ve-cocuk-cocuk-giyim-bebek-giyim-body,"Anne, Bebek ve Çocuk › Çocuk Giyim › Bebek Giyim › Body","Anne, Bebek ve Çocuk › Çocuk Giyim › Bebek Giyim",CREATE_NEW,,false,false,false,,,0,0,0,0,0,0,LOW,
,,,,,,Zıbın,anne-bebek-ve-cocuk-cocuk-giyim-bebek-giyim-zibin,"Anne, Bebek ve Çocuk › Çocuk Giyim › Bebek Giyim › Zıbın","Anne, Bebek ve Çocuk › Çocuk Giyim › Bebek Giyim",CREATE_NEW,,false,false,false,,,0,0,0,0,0,0,LOW,
,,,,,,Tulum,anne-bebek-ve-cocuk-cocuk-giyim-bebek-giyim-tulum,"Anne, Bebek ve Çocuk › Çocuk Giyim › Bebek Giyim › Tulum","Anne, Bebek ve Çocuk › Çocuk Giyim › Bebek Giyim",CREATE_NEW,,false,false,false,,,0,0,0,0,0,0,LOW,
,,,,,,Hastane Çıkışı,anne-bebek-ve-cocuk-cocuk-giyim-bebek-giyim-hastane-cikisi,"Anne, Bebek ve Çocuk › Çocuk Giyim › Bebek Giyim › Hastane Çıkışı","Anne, Bebek ve Çocuk › Çocuk Giyim › Bebek Giyim",CREATE_NEW,,false,false,false,,,0,0,0,0,0,0,LOW,
,,,,,,Bebek Takımı,anne-bebek-ve-cocuk-cocuk-giyim-bebek-giyim-bebek-takimi,"Anne, Bebek ve Çocuk › Çocuk Giyim › Bebek Giyim › Bebek Takımı","Anne, Bebek ve Çocuk › Çocuk Giyim › Bebek Giyim",CREATE_NEW,,false,false,false,,,0,0,0,0,0,0,LOW,
,,,,,,Bebek Çorabı,anne-bebek-ve-cocuk-cocuk-giyim-bebek-giyim-bebek-corabi,"Anne, Bebek ve Çocuk › Çocuk Giyim › Bebek Giyim › Bebek Çorabı","Anne, Bebek ve Çocuk › Çocuk Giyim › Bebek Giyim",CREATE_NEW,,false,false,false,,,0,0,0,0,0,0,LOW,
,,,,,,Oyuncak,anne-bebek-ve-cocuk-oyuncak,"Anne, Bebek ve Çocuk › Oyuncak","Anne, Bebek ve Çocuk",CREATE_NEW,,false,false,false,,,0,0,0,0,0,0,LOW,
cmsg3xio500hruzdcnqfji63g,Eğitici Oyuncak,sifir-urun-hobi-oyuncak__egitici-oyuncak,sifir-urun/sifir-urun-hobi-oyuncak/egitici-oyuncak,cms93j5or002xuz3gee4atdma,sifir,Eğitici Oyuncak,anne-bebek-ve-cocuk-oyuncak-egitici-oyuncak,"Anne, Bebek ve Çocuk › Oyuncak › Eğitici Oyuncak","Anne, Bebek ve Çocuk › Oyuncak",MOVE,cmsg3xio500hruzdcnqfji63g,true,true,true,,,0,0,0,16,1,0,LOW,move from parent 'Hobi & Oyuncak' → 'Oyuncak'
,,,,,,Ahşap Oyuncak,anne-bebek-ve-cocuk-oyuncak-egitici-oyuncak-ahsap-oyuncak,"Anne, Bebek ve Çocuk › Oyuncak › Eğitici Oyuncak › Ahşap Oyuncak","Anne, Bebek ve Çocuk › Oyuncak › Eğitici Oyuncak",CREATE_NEW,,false,false,false,,,0,0,0,0,0,0,LOW,
,,,,,,STEM Oyuncak,anne-bebek-ve-cocuk-oyuncak-egitici-oyuncak-stem-oyuncak,"Anne, Bebek ve Çocuk › Oyuncak › Eğitici Oyuncak › STEM Oyuncak","Anne, Bebek ve Çocuk › Oyuncak › Eğitici Oyuncak",CREATE_NEW,,false,false,false,,,0,0,0,0,0,0,LOW,
,,,,,,Aktivite Oyuncağı,anne-bebek-ve-cocuk-oyuncak-egitici-oyuncak-aktivite-oyuncagi,"Anne, Bebek ve Çocuk › Oyuncak › Eğitici Oyuncak › Aktivite Oyuncağı","Anne, Bebek ve Çocuk › Oyuncak › Eğitici Oyuncak",CREATE_NEW,,false,false,false,,,0,0,0,0,0,0,LOW,
,,,,,,Montessori Oyuncak,anne-bebek-ve-cocuk-oyuncak-egitici-oyuncak-montessori-oyuncak,"Anne, Bebek ve Çocuk › Oyuncak › Eğitici Oyuncak › Montessori Oyuncak","Anne, Bebek ve Çocuk › Oyuncak › Eğitici Oyuncak",CREATE_NEW,,false,false,false,,,0,0,0,0,0,0,LOW,
,,,,,,Rol Oyunları,anne-bebek-ve-cocuk-oyuncak-rol-oyunlari,"Anne, Bebek ve Çocuk › Oyuncak › Rol Oyunları","Anne, Bebek ve Çocuk › Oyuncak",CREATE_NEW,,false,false,false,,,0,0,0,0,0,0,LOW,
,,,,,,Oyuncak Mutfak,anne-bebek-ve-cocuk-oyuncak-rol-oyunlari-oyuncak-mutfak,"Anne, Bebek ve Çocuk › Oyuncak › Rol Oyunları › Oyuncak Mutfak","Anne, Bebek ve Çocuk › Oyuncak › Rol Oyunları",CREATE_NEW,,false,false,false,,,0,0,0,0,0,0,LOW,
,,,,,,Doktor Seti,anne-bebek-ve-cocuk-oyuncak-rol-oyunlari-doktor-seti,"Anne, Bebek ve Çocuk › Oyuncak › Rol Oyunları › Doktor Seti","Anne, Bebek ve Çocuk › Oyuncak › Rol Oyunları",CREATE_NEW,,false,false,false,,,0,0,0,0,0,0,LOW,
,,,,,,Tamir Seti,anne-bebek-ve-cocuk-oyuncak-rol-oyunlari-tamir-seti,"Anne, Bebek ve Çocuk › Oyuncak › Rol Oyunları › Tamir Seti","Anne, Bebek ve Çocuk › Oyuncak › Rol Oyunları",CREATE_NEW,,false,false,false,,,0,0,0,0,0,0,LOW,
,,,,,,Bebek ve Aksesuarı,anne-bebek-ve-cocuk-oyuncak-rol-oyunlari-bebek-ve-aksesuari,"Anne, Bebek ve Çocuk › Oyuncak › Rol Oyunları › Bebek ve Aksesuarı","Anne, Bebek ve Çocuk › Oyuncak › Rol Oyunları",CREATE_NEW,,false,false,false,,,0,0,0,0,0,0,LOW,
,,,,,,Araç ve Figür,anne-bebek-ve-cocuk-oyuncak-arac-ve-figur,"Anne, Bebek ve Çocuk › Oyuncak › Araç ve Figür","Anne, Bebek ve Çocuk › Oyuncak",CREATE_NEW,,false,false,false,,,0,0,0,0,0,0,LOW,
,,,,,,Oyuncak Araba,anne-bebek-ve-cocuk-oyuncak-arac-ve-figur-oyuncak-araba,"Anne, Bebek ve Çocuk › Oyuncak › Araç ve Figür › Oyuncak Araba","Anne, Bebek ve Çocuk › Oyuncak › Araç ve Figür",CREATE_NEW,,false,false,false,,,0,0,0,0,0,0,LOW,
,,,,,,Uzaktan Kumandalı Araç,anne-bebek-ve-cocuk-oyuncak-arac-ve-figur-uzaktan-kumandali-arac,"Anne, Bebek ve Çocuk › Oyuncak › Araç ve Figür › Uzaktan Kumandalı Araç","Anne, Bebek ve Çocuk › Oyuncak › Araç ve Figür",CREATE_NEW,,false,false,false,,,0,0,0,0,0,0,LOW,
,,,,,,Aksiyon Figürü,anne-bebek-ve-cocuk-oyuncak-arac-ve-figur-aksiyon-figuru,"Anne, Bebek ve Çocuk › Oyuncak › Araç ve Figür › Aksiyon Figürü","Anne, Bebek ve Çocuk › Oyuncak › Araç ve Figür",CREATE_NEW,,false,false,false,,,0,0,0,0,0,0,LOW,
,,,,,,Oyun Seti,anne-bebek-ve-cocuk-oyuncak-arac-ve-figur-oyun-seti,"Anne, Bebek ve Çocuk › Oyuncak › Araç ve Figür › Oyun Seti","Anne, Bebek ve Çocuk › Oyuncak › Araç ve Figür",CREATE_NEW,,false,false,false,,,0,0,0,0,0,0,LOW,
,,,,,,Açık Hava,anne-bebek-ve-cocuk-oyuncak-acik-hava,"Anne, Bebek ve Çocuk › Oyuncak › Açık Hava","Anne, Bebek ve Çocuk › Oyuncak",CREATE_NEW,,false,false,false,,,0,0,0,0,0,0,LOW,
,,,,,,Scooter,anne-bebek-ve-cocuk-oyuncak-acik-hava-scooter,"Anne, Bebek ve Çocuk › Oyuncak › Açık Hava › Scooter","Anne, Bebek ve Çocuk › Oyuncak › Açık Hava",CREATE_NEW,,false,false,false,,,0,0,0,0,0,0,LOW,
,,,,,,Akülü Araba,anne-bebek-ve-cocuk-oyuncak-acik-hava-akulu-araba,"Anne, Bebek ve Çocuk › Oyuncak › Açık Hava › Akülü Araba","Anne, Bebek ve Çocuk › Oyuncak › Açık Hava",CREATE_NEW,,false,false,false,,,0,0,0,0,0,0,LOW,
,,,,,,Çocuk Bisikleti,anne-bebek-ve-cocuk-oyuncak-acik-hava-cocuk-bisikleti,"Anne, Bebek ve Çocuk › Oyuncak › Açık Hava › Çocuk Bisikleti","Anne, Bebek ve Çocuk › Oyuncak › Açık Hava",CREATE_NEW,,false,false,false,,,0,0,0,0,0,0,LOW,
,,,,,,Trambolin,anne-bebek-ve-cocuk-oyuncak-acik-hava-trambolin,"Anne, Bebek ve Çocuk › Oyuncak › Açık Hava › Trambolin","Anne, Bebek ve Çocuk › Oyuncak › Açık Hava",CREATE_NEW,,false,false,false,,,0,0,0,0,0,0,LOW,
,,,,,,Şişme Havuz,anne-bebek-ve-cocuk-oyuncak-acik-hava-sisme-havuz,"Anne, Bebek ve Çocuk › Oyuncak › Açık Hava › Şişme Havuz","Anne, Bebek ve Çocuk › Oyuncak › Açık Hava",CREATE_NEW,,false,false,false,,,0,0,0,0,0,0,LOW,
,,,,,,Kozmetik ve Kişisel Bakım,kozmetik-ve-kisisel-bakim,Kozmetik ve Kişisel Bakım,,CREATE_NEW,,false,false,false,,,0,0,0,0,0,0,LOW,
,,,,,,Cilt Bakımı,kozmetik-ve-kisisel-bakim-cilt-bakimi,Kozmetik ve Kişisel Bakım › Cilt Bakımı,Kozmetik ve Kişisel Bakım,CREATE_NEW,,false,false,false,,,0,0,0,0,0,0,LOW,
,,,,,,Yüz Bakımı,kozmetik-ve-kisisel-bakim-cilt-bakimi-yuz-bakimi,Kozmetik ve Kişisel Bakım › Cilt Bakımı › Yüz Bakımı,Kozmetik ve Kişisel Bakım › Cilt Bakımı,CREATE_NEW,,false,false,false,,,0,0,0,0,0,0,LOW,
,,,,,,Yüz Temizleme Jeli,kozmetik-ve-kisisel-bakim-cilt-bakimi-yuz-bakimi-yuz-temizleme-jeli,Kozmetik ve Kişisel Bakım › Cilt Bakımı › Yüz Bakımı › Yüz Temizleme Jeli,Kozmetik ve Kişisel Bakım › Cilt Bakımı › Yüz Bakımı,CREATE_NEW,,false,false,false,,,0,0,0,0,0,0,LOW,
,,,,,,Tonik,kozmetik-ve-kisisel-bakim-cilt-bakimi-yuz-bakimi-tonik,Kozmetik ve Kişisel Bakım › Cilt Bakımı › Yüz Bakımı › Tonik,Kozmetik ve Kişisel Bakım › Cilt Bakımı › Yüz Bakımı,CREATE_NEW,,false,false,false,,,0,0,0,0,0,0,LOW,
,,,,,,Serum,kozmetik-ve-kisisel-bakim-cilt-bakimi-yuz-bakimi-serum,Kozmetik ve Kişisel Bakım › Cilt Bakımı › Yüz Bakımı › Serum,Kozmetik ve Kişisel Bakım › Cilt Bakımı › Yüz Bakımı,CREATE_NEW,,false,false,false,,,0,0,0,0,0,0,LOW,
,,,,,,Nemlendirici,kozmetik-ve-kisisel-bakim-cilt-bakimi-yuz-bakimi-nemlendirici,Kozmetik ve Kişisel Bakım › Cilt Bakımı › Yüz Bakımı › Nemlendirici,Kozmetik ve Kişisel Bakım › Cilt Bakımı › Yüz Bakımı,CREATE_NEW,,false,false,false,,,0,0,0,0,0,0,LOW,
,,,,,,Göz Kremi,kozmetik-ve-kisisel-bakim-cilt-bakimi-yuz-bakimi-goz-kremi,Kozmetik ve Kişisel Bakım › Cilt Bakımı › Yüz Bakımı › Göz Kremi,Kozmetik ve Kişisel Bakım › Cilt Bakımı › Yüz Bakımı,CREATE_NEW,,false,false,false,,,0,0,0,0,0,0,LOW,
,,,,,,Peeling,kozmetik-ve-kisisel-bakim-cilt-bakimi-yuz-bakimi-peeling,Kozmetik ve Kişisel Bakım › Cilt Bakımı › Yüz Bakımı › Peeling,Kozmetik ve Kişisel Bakım › Cilt Bakımı › Yüz Bakımı,CREATE_NEW,,false,false,false,,,0,0,0,0,0,0,LOW,
,,,,,,Yüz Maskesi,kozmetik-ve-kisisel-bakim-cilt-bakimi-yuz-bakimi-yuz-maskesi,Kozmetik ve Kişisel Bakım › Cilt Bakımı › Yüz Bakımı › Yüz Maskesi,Kozmetik ve Kişisel Bakım › Cilt Bakımı › Yüz Bakımı,CREATE_NEW,,false,false,false,,,0,0,0,0,0,0,LOW,
,,,,,,Güneş Kremi,kozmetik-ve-kisisel-bakim-cilt-bakimi-yuz-bakimi-gunes-kremi,Kozmetik ve Kişisel Bakım › Cilt Bakımı › Yüz Bakımı › Güneş Kremi,Kozmetik ve Kişisel Bakım › Cilt Bakımı › Yüz Bakımı,CREATE_NEW,,false,false,false,,,0,0,0,0,0,0,LOW,
,,,,,,Vücut Bakımı,kozmetik-ve-kisisel-bakim-cilt-bakimi-vucut-bakimi,Kozmetik ve Kişisel Bakım › Cilt Bakımı › Vücut Bakımı,Kozmetik ve Kişisel Bakım › Cilt Bakımı,CREATE_NEW,,false,false,false,,,0,0,0,0,0,0,LOW,
,,,,,,Vücut Losyonu,kozmetik-ve-kisisel-bakim-cilt-bakimi-vucut-bakimi-vucut-losyonu,Kozmetik ve Kişisel Bakım › Cilt Bakımı › Vücut Bakımı › Vücut Losyonu,Kozmetik ve Kişisel Bakım › Cilt Bakımı › Vücut Bakımı,CREATE_NEW,,false,false,false,,,0,0,0,0,0,0,LOW,
,,,,,,Vücut Peelingi,kozmetik-ve-kisisel-bakim-cilt-bakimi-vucut-bakimi-vucut-peelingi,Kozmetik ve Kişisel Bakım › Cilt Bakımı › Vücut Bakımı › Vücut Peelingi,Kozmetik ve Kişisel Bakım › Cilt Bakımı › Vücut Bakımı,CREATE_NEW,,false,false,false,,,0,0,0,0,0,0,LOW,
,,,,,,El Kremi,kozmetik-ve-kisisel-bakim-cilt-bakimi-vucut-bakimi-el-kremi,Kozmetik ve Kişisel Bakım › Cilt Bakımı › Vücut Bakımı › El Kremi,Kozmetik ve Kişisel Bakım › Cilt Bakımı › Vücut Bakımı,CREATE_NEW,,false,false,false,,,0,0,0,0,0,0,LOW,
,,,,,,Ayak Bakımı,kozmetik-ve-kisisel-bakim-cilt-bakimi-vucut-bakimi-ayak-bakimi,Kozmetik ve Kişisel Bakım › Cilt Bakımı › Vücut Bakımı › Ayak Bakımı,Kozmetik ve Kişisel Bakım › Cilt Bakımı › Vücut Bakımı,CREATE_NEW,,false,false,false,,,0,0,0,0,0,0,LOW,
,,,,,,Selülit Ürünü,kozmetik-ve-kisisel-bakim-cilt-bakimi-vucut-bakimi-selulit-urunu,Kozmetik ve Kişisel Bakım › Cilt Bakımı › Vücut Bakımı › Selülit Ürünü,Kozmetik ve Kişisel Bakım › Cilt Bakımı › Vücut Bakımı,CREATE_NEW,,false,false,false,,,0,0,0,0,0,0,LOW,
,,,,,,Saç Bakımı,kozmetik-ve-kisisel-bakim-sac-bakimi,Kozmetik ve Kişisel Bakım › Saç Bakımı,Kozmetik ve Kişisel Bakım,CREATE_NEW,,false,false,false,,,0,0,0,0,0,0,LOW,
,,,,,,Saç Ürünleri,kozmetik-ve-kisisel-bakim-sac-bakimi-sac-urunleri,Kozmetik ve Kişisel Bakım › Saç Bakımı › Saç Ürünleri,Kozmetik ve Kişisel Bakım › Saç Bakımı,CREATE_NEW,,false,false,false,,,0,0,0,0,0,0,LOW,
,,,,,,Şampuan,kozmetik-ve-kisisel-bakim-sac-bakimi-sac-urunleri-sampuan,Kozmetik ve Kişisel Bakım › Saç Bakımı › Saç Ürünleri › Şampuan,Kozmetik ve Kişisel Bakım › Saç Bakımı › Saç Ürünleri,CREATE_NEW,,false,false,false,,,0,0,0,0,0,0,LOW,
,,,,,,Saç Kremi,kozmetik-ve-kisisel-bakim-sac-bakimi-sac-urunleri-sac-kremi,Kozmetik ve Kişisel Bakım › Saç Bakımı › Saç Ürünleri › Saç Kremi,Kozmetik ve Kişisel Bakım › Saç Bakımı › Saç Ürünleri,CREATE_NEW,,false,false,false,,,0,0,0,0,0,0,LOW,
,,,,,,Saç Maskesi,kozmetik-ve-kisisel-bakim-sac-bakimi-sac-urunleri-sac-maskesi,Kozmetik ve Kişisel Bakım › Saç Bakımı › Saç Ürünleri › Saç Maskesi,Kozmetik ve Kişisel Bakım › Saç Bakımı › Saç Ürünleri,CREATE_NEW,,false,false,false,,,0,0,0,0,0,0,LOW,
,,,,,,Saç Serumu,kozmetik-ve-kisisel-bakim-sac-bakimi-sac-urunleri-sac-serumu,Kozmetik ve Kişisel Bakım › Saç Bakımı › Saç Ürünleri › Saç Serumu,Kozmetik ve Kişisel Bakım › Saç Bakımı › Saç Ürünleri,CREATE_NEW,,false,false,false,,,0,0,0,0,0,0,LOW,
,,,,,,Saç Yağı,kozmetik-ve-kisisel-bakim-sac-bakimi-sac-urunleri-sac-yagi,Kozmetik ve Kişisel Bakım › Saç Bakımı › Saç Ürünleri › Saç Yağı,Kozmetik ve Kişisel Bakım › Saç Bakımı › Saç Ürünleri,CREATE_NEW,,false,false,false,,,0,0,0,0,0,0,LOW,
,,,,,,Saç Boyası,kozmetik-ve-kisisel-bakim-sac-bakimi-sac-urunleri-sac-boyasi,Kozmetik ve Kişisel Bakım › Saç Bakımı › Saç Ürünleri › Saç Boyası,Kozmetik ve Kişisel Bakım › Saç Bakımı › Saç Ürünleri,CREATE_NEW,,false,false,false,,,0,0,0,0,0,0,LOW,
,,,,,,Şekillendirici,kozmetik-ve-kisisel-bakim-sac-bakimi-sac-urunleri-sekillendirici,Kozmetik ve Kişisel Bakım › Saç Bakımı › Saç Ürünleri › Şekillendirici,Kozmetik ve Kişisel Bakım › Saç Bakımı › Saç Ürünleri,CREATE_NEW,,false,false,false,,,0,0,0,0,0,0,LOW,
,,,,,,Saç Şekillendirme Cihazları,kozmetik-ve-kisisel-bakim-sac-bakimi-sac-sekillendirme-cihazlari,Kozmetik ve Kişisel Bakım › Saç Bakımı › Saç Şekillendirme Cihazları,Kozmetik ve Kişisel Bakım › Saç Bakımı,CREATE_NEW,,false,false,false,,,0,0,0,0,0,0,LOW,
,,,,,,Saç Kurutma Makinesi,kozmetik-ve-kisisel-bakim-sac-bakimi-sac-sekillendirme-cihazlari-sac-kurutma-mak,Kozmetik ve Kişisel Bakım › Saç Bakımı › Saç Şekillendirme Cihazları › Saç Kurutma Makinesi,Kozmetik ve Kişisel Bakım › Saç Bakımı › Saç Şekillendirme Cihazları,CREATE_NEW,,false,false,false,,,0,0,0,0,0,0,LOW,
,,,,,,Saç Düzleştirici,kozmetik-ve-kisisel-bakim-sac-bakimi-sac-sekillendirme-cihazlari-sac-duzlestiric,Kozmetik ve Kişisel Bakım › Saç Bakımı › Saç Şekillendirme Cihazları › Saç Düzleştirici,Kozmetik ve Kişisel Bakım › Saç Bakımı › Saç Şekillendirme Cihazları,CREATE_NEW,,false,false,false,,,0,0,0,0,0,0,LOW,
,,,,,,Saç Maşası,kozmetik-ve-kisisel-bakim-sac-bakimi-sac-sekillendirme-cihazlari-sac-masasi,Kozmetik ve Kişisel Bakım › Saç Bakımı › Saç Şekillendirme Cihazları › Saç Maşası,Kozmetik ve Kişisel Bakım › Saç Bakımı › Saç Şekillendirme Cihazları,CREATE_NEW,,false,false,false,,,0,0,0,0,0,0,LOW,
,,,,,,Saç Şekillendirme Seti,kozmetik-ve-kisisel-bakim-sac-bakimi-sac-sekillendirme-cihazlari-sac-sekillendir,Kozmetik ve Kişisel Bakım › Saç Bakımı › Saç Şekillendirme Cihazları › Saç Şekillendirme Seti,Kozmetik ve Kişisel Bakım › Saç Bakımı › Saç Şekillendirme Cihazları,CREATE_NEW,,false,false,false,,,0,0,0,0,0,0,LOW,
,,,,,,Elektrikli Saç Fırçası,kozmetik-ve-kisisel-bakim-sac-bakimi-sac-sekillendirme-cihazlari-elektrikli-sac-,Kozmetik ve Kişisel Bakım › Saç Bakımı › Saç Şekillendirme Cihazları › Elektrikli Saç Fırçası,Kozmetik ve Kişisel Bakım › Saç Bakımı › Saç Şekillendirme Cihazları,CREATE_NEW,,false,false,false,,,0,0,0,0,0,0,LOW,
cmsg3xhyf00ctuzdcm9bwb7zp,Makyaj,sifir-urun-kisisel-bakim__makyaj,sifir-urun/sifir-urun-kisisel-bakim/makyaj,cms93j5nq002nuz3g1h9mrras,sifir,Makyaj,kozmetik-ve-kisisel-bakim-makyaj,Kozmetik ve Kişisel Bakım › Makyaj,Kozmetik ve Kişisel Bakım,MOVE,cmsg3xhyf00ctuzdcm9bwb7zp,true,true,true,,,0,0,0,30,1,0,LOW,move from parent 'Kişisel Bakım & Kozmetik' → 'Kozmetik ve Kişisel Bakım'
,,,,,,Ten Makyajı,kozmetik-ve-kisisel-bakim-makyaj-ten-makyaji,Kozmetik ve Kişisel Bakım › Makyaj › Ten Makyajı,Kozmetik ve Kişisel Bakım › Makyaj,CREATE_NEW,,false,false,false,,,0,0,0,0,0,0,LOW,
,,,,,,Fondöten,kozmetik-ve-kisisel-bakim-makyaj-ten-makyaji-fondoten,Kozmetik ve Kişisel Bakım › Makyaj › Ten Makyajı › Fondöten,Kozmetik ve Kişisel Bakım › Makyaj › Ten Makyajı,CREATE_NEW,,false,false,false,,,0,0,0,0,0,0,LOW,
,,,,,,BB-CC Krem,kozmetik-ve-kisisel-bakim-makyaj-ten-makyaji-bb-cc-krem,Kozmetik ve Kişisel Bakım › Makyaj › Ten Makyajı › BB-CC Krem,Kozmetik ve Kişisel Bakım › Makyaj › Ten Makyajı,CREATE_NEW,,false,false,false,,,0,0,0,0,0,0,LOW,
,,,,,,Kapatıcı,kozmetik-ve-kisisel-bakim-makyaj-ten-makyaji-kapatici,Kozmetik ve Kişisel Bakım › Makyaj › Ten Makyajı › Kapatıcı,Kozmetik ve Kişisel Bakım › Makyaj › Ten Makyajı,CREATE_NEW,,false,false,false,,,0,0,0,0,0,0,LOW,
,,,,,,Pudra,kozmetik-ve-kisisel-bakim-makyaj-ten-makyaji-pudra,Kozmetik ve Kişisel Bakım › Makyaj › Ten Makyajı › Pudra,Kozmetik ve Kişisel Bakım › Makyaj › Ten Makyajı,CREATE_NEW,,false,false,false,,,0,0,0,0,0,0,LOW,
,,,,,,Allık,kozmetik-ve-kisisel-bakim-makyaj-ten-makyaji-allik,Kozmetik ve Kişisel Bakım › Makyaj › Ten Makyajı › Allık,Kozmetik ve Kişisel Bakım › Makyaj › Ten Makyajı,CREATE_NEW,,false,false,false,,,0,0,0,0,0,0,LOW,
,,,,,,Bronzer,kozmetik-ve-kisisel-bakim-makyaj-ten-makyaji-bronzer,Kozmetik ve Kişisel Bakım › Makyaj › Ten Makyajı › Bronzer,Kozmetik ve Kişisel Bakım › Makyaj › Ten Makyajı,CREATE_NEW,,false,false,false,,,0,0,0,0,0,0,LOW,
,,,,,,Aydınlatıcı,kozmetik-ve-kisisel-bakim-makyaj-ten-makyaji-aydinlatici,Kozmetik ve Kişisel Bakım › Makyaj › Ten Makyajı › Aydınlatıcı,Kozmetik ve Kişisel Bakım › Makyaj › Ten Makyajı,CREATE_NEW,,false,false,false,,,0,0,0,0,0,0,LOW,
,,,,,,Göz Makyajı,kozmetik-ve-kisisel-bakim-makyaj-goz-makyaji,Kozmetik ve Kişisel Bakım › Makyaj › Göz Makyajı,Kozmetik ve Kişisel Bakım › Makyaj,CREATE_NEW,,false,false,false,,,0,0,0,0,0,0,LOW,
,,,,,,Maskara,kozmetik-ve-kisisel-bakim-makyaj-goz-makyaji-maskara,Kozmetik ve Kişisel Bakım › Makyaj › Göz Makyajı › Maskara,Kozmetik ve Kişisel Bakım › Makyaj › Göz Makyajı,CREATE_NEW,,false,false,false,,,0,0,0,0,0,0,LOW,
,,,,,,Eyeliner,kozmetik-ve-kisisel-bakim-makyaj-goz-makyaji-eyeliner,Kozmetik ve Kişisel Bakım › Makyaj › Göz Makyajı › Eyeliner,Kozmetik ve Kişisel Bakım › Makyaj › Göz Makyajı,CREATE_NEW,,false,false,false,,,0,0,0,0,0,0,LOW,
,,,,,,Göz Kalemi,kozmetik-ve-kisisel-bakim-makyaj-goz-makyaji-goz-kalemi,Kozmetik ve Kişisel Bakım › Makyaj › Göz Makyajı › Göz Kalemi,Kozmetik ve Kişisel Bakım › Makyaj › Göz Makyajı,CREATE_NEW,,false,false,false,,,0,0,0,0,0,0,LOW,
,,,,,,Far,kozmetik-ve-kisisel-bakim-makyaj-goz-makyaji-far,Kozmetik ve Kişisel Bakım › Makyaj › Göz Makyajı › Far,Kozmetik ve Kişisel Bakım › Makyaj › Göz Makyajı,CREATE_NEW,,false,false,false,,,0,0,0,0,0,0,LOW,
,,,,,,Kaş Ürünü,kozmetik-ve-kisisel-bakim-makyaj-goz-makyaji-kas-urunu,Kozmetik ve Kişisel Bakım › Makyaj › Göz Makyajı › Kaş Ürünü,Kozmetik ve Kişisel Bakım › Makyaj › Göz Makyajı,CREATE_NEW,,false,false,false,,,0,0,0,0,0,0,LOW,
,,,,,,Takma Kirpik,kozmetik-ve-kisisel-bakim-makyaj-goz-makyaji-takma-kirpik,Kozmetik ve Kişisel Bakım › Makyaj › Göz Makyajı › Takma Kirpik,Kozmetik ve Kişisel Bakım › Makyaj › Göz Makyajı,CREATE_NEW,,false,false,false,,,0,0,0,0,0,0,LOW,
,,,,,,Dudak,kozmetik-ve-kisisel-bakim-makyaj-dudak,Kozmetik ve Kişisel Bakım › Makyaj › Dudak,Kozmetik ve Kişisel Bakım › Makyaj,CREATE_NEW,,false,false,false,,,0,0,0,0,0,0,LOW,
,,,,,,Ruj,kozmetik-ve-kisisel-bakim-makyaj-dudak-ruj,Kozmetik ve Kişisel Bakım › Makyaj › Dudak › Ruj,Kozmetik ve Kişisel Bakım › Makyaj › Dudak,CREATE_NEW,,false,false,false,,,0,0,0,0,0,0,LOW,
,,,,,,Dudak Parlatıcısı,kozmetik-ve-kisisel-bakim-makyaj-dudak-dudak-parlaticisi,Kozmetik ve Kişisel Bakım › Makyaj › Dudak › Dudak Parlatıcısı,Kozmetik ve Kişisel Bakım › Makyaj › Dudak,CREATE_NEW,,false,false,false,,,0,0,0,0,0,0,LOW,
,,,,,,Dudak Kalemi,kozmetik-ve-kisisel-bakim-makyaj-dudak-dudak-kalemi,Kozmetik ve Kişisel Bakım › Makyaj › Dudak › Dudak Kalemi,Kozmetik ve Kişisel Bakım › Makyaj › Dudak,CREATE_NEW,,false,false,false,,,0,0,0,0,0,0,LOW,
,,,,,,Dudak Balmı,kozmetik-ve-kisisel-bakim-makyaj-dudak-dudak-balmi,Kozmetik ve Kişisel Bakım › Makyaj › Dudak › Dudak Balmı,Kozmetik ve Kişisel Bakım › Makyaj › Dudak,CREATE_NEW,,false,false,false,,,0,0,0,0,0,0,LOW,
,,,,,,Makyaj Aksesuarı,kozmetik-ve-kisisel-bakim-makyaj-makyaj-aksesuari,Kozmetik ve Kişisel Bakım › Makyaj › Makyaj Aksesuarı,Kozmetik ve Kişisel Bakım › Makyaj,CREATE_NEW,,false,false,false,,,0,0,0,0,0,0,LOW,
,,,,,,Makyaj Fırçası,kozmetik-ve-kisisel-bakim-makyaj-makyaj-aksesuari-makyaj-fircasi,Kozmetik ve Kişisel Bakım › Makyaj › Makyaj Aksesuarı › Makyaj Fırçası,Kozmetik ve Kişisel Bakım › Makyaj › Makyaj Aksesuarı,CREATE_NEW,,false,false,false,,,0,0,0,0,0,0,LOW,
,,,,,,Makyaj Süngeri,kozmetik-ve-kisisel-bakim-makyaj-makyaj-aksesuari-makyaj-sungeri,Kozmetik ve Kişisel Bakım › Makyaj › Makyaj Aksesuarı › Makyaj Süngeri,Kozmetik ve Kişisel Bakım › Makyaj › Makyaj Aksesuarı,CREATE_NEW,,false,false,false,,,0,0,0,0,0,0,LOW,
,,,,,,Makyaj Aynası,kozmetik-ve-kisisel-bakim-makyaj-makyaj-aksesuari-makyaj-aynasi,Kozmetik ve Kişisel Bakım › Makyaj › Makyaj Aksesuarı › Makyaj Aynası,Kozmetik ve Kişisel Bakım › Makyaj › Makyaj Aksesuarı,CREATE_NEW,,false,false,false,,,0,0,0,0,0,0,LOW,
,,,,,,Makyaj Çantası,kozmetik-ve-kisisel-bakim-makyaj-makyaj-aksesuari-makyaj-cantasi,Kozmetik ve Kişisel Bakım › Makyaj › Makyaj Aksesuarı › Makyaj Çantası,Kozmetik ve Kişisel Bakım › Makyaj › Makyaj Aksesuarı,CREATE_NEW,,false,false,false,,,0,0,0,0,0,0,LOW,
,,,,,,Parfüm ve Deodorant,kozmetik-ve-kisisel-bakim-parfum-ve-deodorant,Kozmetik ve Kişisel Bakım › Parfüm ve Deodorant,Kozmetik ve Kişisel Bakım,CREATE_NEW,,false,false,false,,,0,0,0,0,0,0,LOW,
cmsg3xhz400cxuzdciifr9h0d,Parfüm,sifir-urun-kisisel-bakim__parfum,sifir-urun/sifir-urun-kisisel-bakim/parfum,cms93j5nq002nuz3g1h9mrras,sifir,Parfüm,kozmetik-ve-kisisel-bakim-parfum-ve-deodorant-parfum,Kozmetik ve Kişisel Bakım › Parfüm ve Deodorant › Parfüm,Kozmetik ve Kişisel Bakım › Parfüm ve Deodorant,MOVE,cmsg3xhz400cxuzdciifr9h0d,true,true,true,,,0,0,0,30,1,0,LOW,move from parent 'Kişisel Bakım & Kozmetik' → 'Parfüm ve Deodorant'
,,,,,,Kadın Parfümü,kozmetik-ve-kisisel-bakim-parfum-ve-deodorant-parfum-kadin-parfumu,Kozmetik ve Kişisel Bakım › Parfüm ve Deodorant › Parfüm › Kadın Parfümü,Kozmetik ve Kişisel Bakım › Parfüm ve Deodorant › Parfüm,CREATE_NEW,,false,false,false,,,0,0,0,0,0,0,LOW,
,,,,,,Erkek Parfümü,kozmetik-ve-kisisel-bakim-parfum-ve-deodorant-parfum-erkek-parfumu,Kozmetik ve Kişisel Bakım › Parfüm ve Deodorant › Parfüm › Erkek Parfümü,Kozmetik ve Kişisel Bakım › Parfüm ve Deodorant › Parfüm,CREATE_NEW,,false,false,false,,,0,0,0,0,0,0,LOW,
,,,,,,Unisex Parfüm,kozmetik-ve-kisisel-bakim-parfum-ve-deodorant-parfum-unisex-parfum,Kozmetik ve Kişisel Bakım › Parfüm ve Deodorant › Parfüm › Unisex Parfüm,Kozmetik ve Kişisel Bakım › Parfüm ve Deodorant › Parfüm,CREATE_NEW,,false,false,false,,,0,0,0,0,0,0,LOW,
,,,,,,Çocuk Parfümü,kozmetik-ve-kisisel-bakim-parfum-ve-deodorant-parfum-cocuk-parfumu,Kozmetik ve Kişisel Bakım › Parfüm ve Deodorant › Parfüm › Çocuk Parfümü,Kozmetik ve Kişisel Bakım › Parfüm ve Deodorant › Parfüm,CREATE_NEW,,false,false,false,,,0,0,0,0,0,0,LOW,
,,,,,,Vücut Spreyi,kozmetik-ve-kisisel-bakim-parfum-ve-deodorant-parfum-vucut-spreyi,Kozmetik ve Kişisel Bakım › Parfüm ve Deodorant › Parfüm › Vücut Spreyi,Kozmetik ve Kişisel Bakım › Parfüm ve Deodorant › Parfüm,CREATE_NEW,,false,false,false,,,0,0,0,0,0,0,LOW,
,,,,,,Deodorant,kozmetik-ve-kisisel-bakim-parfum-ve-deodorant-deodorant,Kozmetik ve Kişisel Bakım › Parfüm ve Deodorant › Deodorant,Kozmetik ve Kişisel Bakım › Parfüm ve Deodorant,CREATE_NEW,,false,false,false,,,0,0,0,0,0,0,LOW,
,,,,,,Roll-On,kozmetik-ve-kisisel-bakim-parfum-ve-deodorant-deodorant-roll-on,Kozmetik ve Kişisel Bakım › Parfüm ve Deodorant › Deodorant › Roll-On,Kozmetik ve Kişisel Bakım › Parfüm ve Deodorant › Deodorant,CREATE_NEW,,false,false,false,,,0,0,0,0,0,0,LOW,
,,,,,,Sprey Deodorant,kozmetik-ve-kisisel-bakim-parfum-ve-deodorant-deodorant-sprey-deodorant,Kozmetik ve Kişisel Bakım › Parfüm ve Deodorant › Deodorant › Sprey Deodorant,Kozmetik ve Kişisel Bakım › Parfüm ve Deodorant › Deodorant,CREATE_NEW,,false,false,false,,,0,0,0,0,0,0,LOW,
,,,,,,Stick Deodorant,kozmetik-ve-kisisel-bakim-parfum-ve-deodorant-deodorant-stick-deodorant,Kozmetik ve Kişisel Bakım › Parfüm ve Deodorant › Deodorant › Stick Deodorant,Kozmetik ve Kişisel Bakım › Parfüm ve Deodorant › Deodorant,CREATE_NEW,,false,false,false,,,0,0,0,0,0,0,LOW,
,,,,,,Kişisel Bakım Cihazları,kozmetik-ve-kisisel-bakim-kisisel-bakim-cihazlari,Kozmetik ve Kişisel Bakım › Kişisel Bakım Cihazları,Kozmetik ve Kişisel Bakım,CREATE_NEW,,false,false,false,,,0,0,0,0,0,0,LOW,
,,,,,,Tıraş,kozmetik-ve-kisisel-bakim-kisisel-bakim-cihazlari-tiras,Kozmetik ve Kişisel Bakım › Kişisel Bakım Cihazları › Tıraş,Kozmetik ve Kişisel Bakım › Kişisel Bakım Cihazları,CREATE_NEW,,false,false,false,,,0,0,0,0,0,0,LOW,
,,,,,,Tıraş Makinesi,kozmetik-ve-kisisel-bakim-kisisel-bakim-cihazlari-tiras-tiras-makinesi,Kozmetik ve Kişisel Bakım › Kişisel Bakım Cihazları › Tıraş › Tıraş Makinesi,Kozmetik ve Kişisel Bakım › Kişisel Bakım Cihazları › Tıraş,CREATE_NEW,,false,false,false,,,0,0,0,0,0,0,LOW,
,,,,,,Sakal Şekillendirici,kozmetik-ve-kisisel-bakim-kisisel-bakim-cihazlari-tiras-sakal-sekillendirici,Kozmetik ve Kişisel Bakım › Kişisel Bakım Cihazları › Tıraş › Sakal Şekillendirici,Kozmetik ve Kişisel Bakım › Kişisel Bakım Cihazları › Tıraş,CREATE_NEW,,false,false,false,,,0,0,0,0,0,0,LOW,
,,,,,,Burun-Kulak Kılı Kesici,kozmetik-ve-kisisel-bakim-kisisel-bakim-cihazlari-tiras-burun-kulak-kili-kesici,Kozmetik ve Kişisel Bakım › Kişisel Bakım Cihazları › Tıraş › Burun-Kulak Kılı Kesici,Kozmetik ve Kişisel Bakım › Kişisel Bakım Cihazları › Tıraş,CREATE_NEW,,false,false,false,,,0,0,0,0,0,0,LOW,
,,,,,,Tıraş Bıçağı,kozmetik-ve-kisisel-bakim-kisisel-bakim-cihazlari-tiras-tiras-bicagi,Kozmetik ve Kişisel Bakım › Kişisel Bakım Cihazları › Tıraş › Tıraş Bıçağı,Kozmetik ve Kişisel Bakım › Kişisel Bakım Cihazları › Tıraş,CREATE_NEW,,false,false,false,,,0,0,0,0,0,0,LOW,
,,,,,,Ağız Bakımı,kozmetik-ve-kisisel-bakim-kisisel-bakim-cihazlari-agiz-bakimi,Kozmetik ve Kişisel Bakım › Kişisel Bakım Cihazları › Ağız Bakımı,Kozmetik ve Kişisel Bakım › Kişisel Bakım Cihazları,CREATE_NEW,,false,false,false,,,0,0,0,0,0,0,LOW,
,,,,,,Elektrikli Diş Fırçası,kozmetik-ve-kisisel-bakim-kisisel-bakim-cihazlari-agiz-bakimi-elektrikli-dis-fir,Kozmetik ve Kişisel Bakım › Kişisel Bakım Cihazları › Ağız Bakımı › Elektrikli Diş Fırçası,Kozmetik ve Kişisel Bakım › Kişisel Bakım Cihazları › Ağız Bakımı,CREATE_NEW,,false,false,false,,,0,0,0,0,0,0,LOW,
,,,,,,Ağız Duşu,kozmetik-ve-kisisel-bakim-kisisel-bakim-cihazlari-agiz-bakimi-agiz-dusu,Kozmetik ve Kişisel Bakım › Kişisel Bakım Cihazları › Ağız Bakımı › Ağız Duşu,Kozmetik ve Kişisel Bakım › Kişisel Bakım Cihazları › Ağız Bakımı,CREATE_NEW,,false,false,false,,,0,0,0,0,0,0,LOW,
,,,,,,Diş Beyazlatma Cihazı,kozmetik-ve-kisisel-bakim-kisisel-bakim-cihazlari-agiz-bakimi-dis-beyazlatma-cih,Kozmetik ve Kişisel Bakım › Kişisel Bakım Cihazları › Ağız Bakımı › Diş Beyazlatma Cihazı,Kozmetik ve Kişisel Bakım › Kişisel Bakım Cihazları › Ağız Bakımı,CREATE_NEW,,false,false,false,,,0,0,0,0,0,0,LOW,
,,,,,,Epilasyon,kozmetik-ve-kisisel-bakim-kisisel-bakim-cihazlari-epilasyon,Kozmetik ve Kişisel Bakım › Kişisel Bakım Cihazları › Epilasyon,Kozmetik ve Kişisel Bakım › Kişisel Bakım Cihazları,CREATE_NEW,,false,false,false,,,0,0,0,0,0,0,LOW,
,,,,,,Epilatör,kozmetik-ve-kisisel-bakim-kisisel-bakim-cihazlari-epilasyon-epilator,Kozmetik ve Kişisel Bakım › Kişisel Bakım Cihazları › Epilasyon › Epilatör,Kozmetik ve Kişisel Bakım › Kişisel Bakım Cihazları › Epilasyon,CREATE_NEW,,false,false,false,,,0,0,0,0,0,0,LOW,
,,,,,,IPL Lazer Epilasyon,kozmetik-ve-kisisel-bakim-kisisel-bakim-cihazlari-epilasyon-ipl-lazer-epilasyon,Kozmetik ve Kişisel Bakım › Kişisel Bakım Cihazları › Epilasyon › IPL Lazer Epilasyon,Kozmetik ve Kişisel Bakım › Kişisel Bakım Cihazları › Epilasyon,CREATE_NEW,,false,false,false,,,0,0,0,0,0,0,LOW,
,,,,,,Kadın Tıraş Makinesi,kozmetik-ve-kisisel-bakim-kisisel-bakim-cihazlari-epilasyon-kadin-tiras-makinesi,Kozmetik ve Kişisel Bakım › Kişisel Bakım Cihazları › Epilasyon › Kadın Tıraş Makinesi,Kozmetik ve Kişisel Bakım › Kişisel Bakım Cihazları › Epilasyon,CREATE_NEW,,false,false,false,,,0,0,0,0,0,0,LOW,
,,,,,,Masaj ve Sağlık,kozmetik-ve-kisisel-bakim-kisisel-bakim-cihazlari-masaj-ve-saglik,Kozmetik ve Kişisel Bakım › Kişisel Bakım Cihazları › Masaj ve Sağlık,Kozmetik ve Kişisel Bakım › Kişisel Bakım Cihazları,CREATE_NEW,,false,false,false,,,0,0,0,0,0,0,LOW,
,,,,,,Masaj Aleti,kozmetik-ve-kisisel-bakim-kisisel-bakim-cihazlari-masaj-ve-saglik-masaj-aleti,Kozmetik ve Kişisel Bakım › Kişisel Bakım Cihazları › Masaj ve Sağlık › Masaj Aleti,Kozmetik ve Kişisel Bakım › Kişisel Bakım Cihazları › Masaj ve Sağlık,CREATE_NEW,,false,false,false,,,0,0,0,0,0,0,LOW,
,,,,,,Tartı,kozmetik-ve-kisisel-bakim-kisisel-bakim-cihazlari-masaj-ve-saglik-tarti,Kozmetik ve Kişisel Bakım › Kişisel Bakım Cihazları › Masaj ve Sağlık › Tartı,Kozmetik ve Kişisel Bakım › Kişisel Bakım Cihazları › Masaj ve Sağlık,CREATE_NEW,,false,false,false,,,0,0,0,0,0,0,LOW,
,,,,,,Tansiyon Aleti,kozmetik-ve-kisisel-bakim-kisisel-bakim-cihazlari-masaj-ve-saglik-tansiyon-aleti,Kozmetik ve Kişisel Bakım › Kişisel Bakım Cihazları › Masaj ve Sağlık › Tansiyon Aleti,Kozmetik ve Kişisel Bakım › Kişisel Bakım Cihazları › Masaj ve Sağlık,CREATE_NEW,,false,false,false,,,0,0,0,0,0,0,LOW,
,,,,,,Ateş Ölçer,kozmetik-ve-kisisel-bakim-kisisel-bakim-cihazlari-masaj-ve-saglik-ates-olcer,Kozmetik ve Kişisel Bakım › Kişisel Bakım Cihazları › Masaj ve Sağlık › Ateş Ölçer,Kozmetik ve Kişisel Bakım › Kişisel Bakım Cihazları › Masaj ve Sağlık,CREATE_NEW,,false,false,false,,,0,0,0,0,0,0,LOW,
,,,,,,Nebulizatör,kozmetik-ve-kisisel-bakim-kisisel-bakim-cihazlari-masaj-ve-saglik-nebulizator,Kozmetik ve Kişisel Bakım › Kişisel Bakım Cihazları › Masaj ve Sağlık › Nebulizatör,Kozmetik ve Kişisel Bakım › Kişisel Bakım Cihazları › Masaj ve Sağlık,CREATE_NEW,,false,false,false,,,0,0,0,0,0,0,LOW,
cmsg4wpda002tuzxws7iqvlb3,Spor ve Outdoor,sifir-urun__spor-outdoor,sifir-urun/spor-outdoor,cms93j5l1001vuz3gboidp5m9,sifir,Spor ve Outdoor,spor-ve-outdoor,Spor ve Outdoor,,KEEP,cmsg4wpda002tuzxws7iqvlb3,true,false,false,,,0,0,0,0,0,0,LOW,
,,,,,,Fitness,spor-ve-outdoor-fitness,Spor ve Outdoor › Fitness,Spor ve Outdoor,CREATE_NEW,,false,false,false,,,0,0,0,0,0,0,LOW,
,,,,,,Kardiyo,spor-ve-outdoor-fitness-kardiyo,Spor ve Outdoor › Fitness › Kardiyo,Spor ve Outdoor › Fitness,CREATE_NEW,,false,false,false,,,0,0,0,0,0,0,LOW,
,,,,,,Koşu Bandı,spor-ve-outdoor-fitness-kardiyo-kosu-bandi,Spor ve Outdoor › Fitness › Kardiyo › Koşu Bandı,Spor ve Outdoor › Fitness › Kardiyo,CREATE_NEW,,false,false,false,,,0,0,0,0,0,0,LOW,
,,,,,,Eliptik Bisiklet,spor-ve-outdoor-fitness-kardiyo-eliptik-bisiklet,Spor ve Outdoor › Fitness › Kardiyo › Eliptik Bisiklet,Spor ve Outdoor › Fitness › Kardiyo,CREATE_NEW,,false,false,false,,,0,0,0,0,0,0,LOW,
,,,,,,Kondisyon Bisikleti,spor-ve-outdoor-fitness-kardiyo-kondisyon-bisikleti,Spor ve Outdoor › Fitness › Kardiyo › Kondisyon Bisikleti,Spor ve Outdoor › Fitness › Kardiyo,CREATE_NEW,,false,false,false,,,0,0,0,0,0,0,LOW,
,,,,,,Kürek Aleti,spor-ve-outdoor-fitness-kardiyo-kurek-aleti,Spor ve Outdoor › Fitness › Kardiyo › Kürek Aleti,Spor ve Outdoor › Fitness › Kardiyo,CREATE_NEW,,false,false,false,,,0,0,0,0,0,0,LOW,
,,,,,,Stepper,spor-ve-outdoor-fitness-kardiyo-stepper,Spor ve Outdoor › Fitness › Kardiyo › Stepper,Spor ve Outdoor › Fitness › Kardiyo,CREATE_NEW,,false,false,false,,,0,0,0,0,0,0,LOW,
,,,,,,Ağırlık,spor-ve-outdoor-fitness-agirlik,Spor ve Outdoor › Fitness › Ağırlık,Spor ve Outdoor › Fitness,CREATE_NEW,,false,false,false,,,0,0,0,0,0,0,LOW,
,,,,,,Dambıl,spor-ve-outdoor-fitness-agirlik-dambil,Spor ve Outdoor › Fitness › Ağırlık › Dambıl,Spor ve Outdoor › Fitness › Ağırlık,CREATE_NEW,,false,false,false,,,0,0,0,0,0,0,LOW,
,,,,,,Halter,spor-ve-outdoor-fitness-agirlik-halter,Spor ve Outdoor › Fitness › Ağırlık › Halter,Spor ve Outdoor › Fitness › Ağırlık,CREATE_NEW,,false,false,false,,,0,0,0,0,0,0,LOW,
,,,,,,Ağırlık Seti,spor-ve-outdoor-fitness-agirlik-agirlik-seti,Spor ve Outdoor › Fitness › Ağırlık › Ağırlık Seti,Spor ve Outdoor › Fitness › Ağırlık,CREATE_NEW,,false,false,false,,,0,0,0,0,0,0,LOW,
,,,,,,Bench Sehpası,spor-ve-outdoor-fitness-agirlik-bench-sehpasi,Spor ve Outdoor › Fitness › Ağırlık › Bench Sehpası,Spor ve Outdoor › Fitness › Ağırlık,CREATE_NEW,,false,false,false,,,0,0,0,0,0,0,LOW,
,,,,,,Kettlebell,spor-ve-outdoor-fitness-agirlik-kettlebell,Spor ve Outdoor › Fitness › Ağırlık › Kettlebell,Spor ve Outdoor › Fitness › Ağırlık,CREATE_NEW,,false,false,false,,,0,0,0,0,0,0,LOW,
,,,,,,Direnç Lastiği,spor-ve-outdoor-fitness-agirlik-direnc-lastigi,Spor ve Outdoor › Fitness › Ağırlık › Direnç Lastiği,Spor ve Outdoor › Fitness › Ağırlık,CREATE_NEW,,false,false,false,,,0,0,0,0,0,0,LOW,
,,,,,,Yoga ve Pilates,spor-ve-outdoor-fitness-yoga-ve-pilates,Spor ve Outdoor › Fitness › Yoga ve Pilates,Spor ve Outdoor › Fitness,CREATE_NEW,,false,false,false,,,0,0,0,0,0,0,LOW,
,,,,,,Yoga Matı,spor-ve-outdoor-fitness-yoga-ve-pilates-yoga-mati,Spor ve Outdoor › Fitness › Yoga ve Pilates › Yoga Matı,Spor ve Outdoor › Fitness › Yoga ve Pilates,CREATE_NEW,,false,false,false,,,0,0,0,0,0,0,LOW,
,,,,,,Pilates Topu,spor-ve-outdoor-fitness-yoga-ve-pilates-pilates-topu,Spor ve Outdoor › Fitness › Yoga ve Pilates › Pilates Topu,Spor ve Outdoor › Fitness › Yoga ve Pilates,CREATE_NEW,,false,false,false,,,0,0,0,0,0,0,LOW,
,,,,,,Pilates Çemberi,spor-ve-outdoor-fitness-yoga-ve-pilates-pilates-cemberi,Spor ve Outdoor › Fitness › Yoga ve Pilates › Pilates Çemberi,Spor ve Outdoor › Fitness › Yoga ve Pilates,CREATE_NEW,,false,false,false,,,0,0,0,0,0,0,LOW,
,,,,,,Yoga Bloğu,spor-ve-outdoor-fitness-yoga-ve-pilates-yoga-blogu,Spor ve Outdoor › Fitness › Yoga ve Pilates › Yoga Bloğu,Spor ve Outdoor › Fitness › Yoga ve Pilates,CREATE_NEW,,false,false,false,,,0,0,0,0,0,0,LOW,
,,,,,,Foam Roller,spor-ve-outdoor-fitness-yoga-ve-pilates-foam-roller,Spor ve Outdoor › Fitness › Yoga ve Pilates › Foam Roller,Spor ve Outdoor › Fitness › Yoga ve Pilates,CREATE_NEW,,false,false,false,,,0,0,0,0,0,0,LOW,
,,,,,,Takım Sporları,spor-ve-outdoor-takim-sporlari,Spor ve Outdoor › Takım Sporları,Spor ve Outdoor,CREATE_NEW,,false,false,false,,,0,0,0,0,0,0,LOW,
cmsg3xijk00gruzdc70u0ibf8,Futbol,sifir-urun-spor-outdoor__futbol,sifir-urun/spor-outdoor/spor-urunleri/spor-outdoor/futbol,cms93j5oj002vuz3g5py6nixh,sifir,Futbol,spor-ve-outdoor-takim-sporlari-futbol,Spor ve Outdoor › Takım Sporları › Futbol,Spor ve Outdoor › Takım Sporları,MOVE,cmsg3xijk00gruzdc70u0ibf8,true,true,true,,,0,0,0,25,1,0,LOW,move from parent 'Spor & Outdoor' → 'Takım Sporları'
,,,,,,Futbol Topu,spor-ve-outdoor-takim-sporlari-futbol-futbol-topu,Spor ve Outdoor › Takım Sporları › Futbol › Futbol Topu,Spor ve Outdoor › Takım Sporları › Futbol,CREATE_NEW,,false,false,false,,,0,0,0,0,0,0,LOW,
,,,,,,Krampon,spor-ve-outdoor-takim-sporlari-futbol-krampon,Spor ve Outdoor › Takım Sporları › Futbol › Krampon,Spor ve Outdoor › Takım Sporları › Futbol,CREATE_NEW,,false,false,false,,,0,0,0,0,0,0,LOW,
,,,,,,Kaleci Eldiveni,spor-ve-outdoor-takim-sporlari-futbol-kaleci-eldiveni,Spor ve Outdoor › Takım Sporları › Futbol › Kaleci Eldiveni,Spor ve Outdoor › Takım Sporları › Futbol,CREATE_NEW,,false,false,false,,,0,0,0,0,0,0,LOW,
,,,,,,Futbol Kalesi,spor-ve-outdoor-takim-sporlari-futbol-futbol-kalesi,Spor ve Outdoor › Takım Sporları › Futbol › Futbol Kalesi,Spor ve Outdoor › Takım Sporları › Futbol,CREATE_NEW,,false,false,false,,,0,0,0,0,0,0,LOW,
,,,,,,Antrenman Ekipmanı,spor-ve-outdoor-takim-sporlari-futbol-antrenman-ekipmani,Spor ve Outdoor › Takım Sporları › Futbol › Antrenman Ekipmanı,Spor ve Outdoor › Takım Sporları › Futbol,CREATE_NEW,,false,false,false,,,0,0,0,0,0,0,LOW,
cmsg3xijs00gtuzdc299sspws,Basketbol,sifir-urun-spor-outdoor__basketbol,sifir-urun/spor-outdoor/spor-urunleri/spor-outdoor/basketbol,cms93j5oj002vuz3g5py6nixh,sifir,Basketbol,spor-ve-outdoor-takim-sporlari-basketbol,Spor ve Outdoor › Takım Sporları › Basketbol,Spor ve Outdoor › Takım Sporları,MOVE,cmsg3xijs00gtuzdc299sspws,true,true,true,,,0,0,0,25,1,0,LOW,move from parent 'Spor & Outdoor' → 'Takım Sporları'
,,,,,,Basketbol Topu,spor-ve-outdoor-takim-sporlari-basketbol-basketbol-topu,Spor ve Outdoor › Takım Sporları › Basketbol › Basketbol Topu,Spor ve Outdoor › Takım Sporları › Basketbol,CREATE_NEW,,false,false,false,,,0,0,0,0,0,0,LOW,
,,,,,,Basketbol Potası,spor-ve-outdoor-takim-sporlari-basketbol-basketbol-potasi,Spor ve Outdoor › Takım Sporları › Basketbol › Basketbol Potası,Spor ve Outdoor › Takım Sporları › Basketbol,CREATE_NEW,,false,false,false,,,0,0,0,0,0,0,LOW,
,,,,,,Basketbol Ayakkabısı,spor-ve-outdoor-takim-sporlari-basketbol-basketbol-ayakkabisi,Spor ve Outdoor › Takım Sporları › Basketbol › Basketbol Ayakkabısı,Spor ve Outdoor › Takım Sporları › Basketbol,CREATE_NEW,,false,false,false,,,0,0,0,0,0,0,LOW,
,,,,,,Voleybol,spor-ve-outdoor-takim-sporlari-voleybol,Spor ve Outdoor › Takım Sporları › Voleybol,Spor ve Outdoor › Takım Sporları,CREATE_NEW,,false,false,false,,,0,0,0,0,0,0,LOW,
,,,,,,Voleybol Topu,spor-ve-outdoor-takim-sporlari-voleybol-voleybol-topu,Spor ve Outdoor › Takım Sporları › Voleybol › Voleybol Topu,Spor ve Outdoor › Takım Sporları › Voleybol,CREATE_NEW,,false,false,false,,,0,0,0,0,0,0,LOW,
,,,,,,Voleybol Filesi,spor-ve-outdoor-takim-sporlari-voleybol-voleybol-filesi,Spor ve Outdoor › Takım Sporları › Voleybol › Voleybol Filesi,Spor ve Outdoor › Takım Sporları › Voleybol,CREATE_NEW,,false,false,false,,,0,0,0,0,0,0,LOW,
,,,,,,Dizlik,spor-ve-outdoor-takim-sporlari-voleybol-dizlik,Spor ve Outdoor › Takım Sporları › Voleybol › Dizlik,Spor ve Outdoor › Takım Sporları › Voleybol,CREATE_NEW,,false,false,false,,,0,0,0,0,0,0,LOW,
,,,,,,Raket Sporları,spor-ve-outdoor-takim-sporlari-raket-sporlari,Spor ve Outdoor › Takım Sporları › Raket Sporları,Spor ve Outdoor › Takım Sporları,CREATE_NEW,,false,false,false,,,0,0,0,0,0,0,LOW,
,,,,,,Tenis Raketi,spor-ve-outdoor-takim-sporlari-raket-sporlari-tenis-raketi,Spor ve Outdoor › Takım Sporları › Raket Sporları › Tenis Raketi,Spor ve Outdoor › Takım Sporları › Raket Sporları,CREATE_NEW,,false,false,false,,,0,0,0,0,0,0,LOW,
,,,,,,Tenis Topu,spor-ve-outdoor-takim-sporlari-raket-sporlari-tenis-topu,Spor ve Outdoor › Takım Sporları › Raket Sporları › Tenis Topu,Spor ve Outdoor › Takım Sporları › Raket Sporları,CREATE_NEW,,false,false,false,,,0,0,0,0,0,0,LOW,
,,,,,,Masa Tenisi Raketi,spor-ve-outdoor-takim-sporlari-raket-sporlari-masa-tenisi-raketi,Spor ve Outdoor › Takım Sporları › Raket Sporları › Masa Tenisi Raketi,Spor ve Outdoor › Takım Sporları › Raket Sporları,CREATE_NEW,,false,false,false,,,0,0,0,0,0,0,LOW,
,,,,,,Badminton Raketi,spor-ve-outdoor-takim-sporlari-raket-sporlari-badminton-raketi,Spor ve Outdoor › Takım Sporları › Raket Sporları › Badminton Raketi,Spor ve Outdoor › Takım Sporları › Raket Sporları,CREATE_NEW,,false,false,false,,,0,0,0,0,0,0,LOW,
,,,,,,Padel Raketi,spor-ve-outdoor-takim-sporlari-raket-sporlari-padel-raketi,Spor ve Outdoor › Takım Sporları › Raket Sporları › Padel Raketi,Spor ve Outdoor › Takım Sporları › Raket Sporları,CREATE_NEW,,false,false,false,,,0,0,0,0,0,0,LOW,
,,,,,,Outdoor ve Kamp,spor-ve-outdoor-outdoor-ve-kamp,Spor ve Outdoor › Outdoor ve Kamp,Spor ve Outdoor,CREATE_NEW,,false,false,false,,,0,0,0,0,0,0,LOW,
,,,,,,Kamp,spor-ve-outdoor-outdoor-ve-kamp-kamp,Spor ve Outdoor › Outdoor ve Kamp › Kamp,Spor ve Outdoor › Outdoor ve Kamp,CREATE_NEW,,false,false,false,,,0,0,0,0,0,0,LOW,
,,,,,,Çadır,spor-ve-outdoor-outdoor-ve-kamp-kamp-cadir,Spor ve Outdoor › Outdoor ve Kamp › Kamp › Çadır,Spor ve Outdoor › Outdoor ve Kamp › Kamp,CREATE_NEW,,false,false,false,,,0,0,0,0,0,0,LOW,
,,,,,,Uyku Tulumu,spor-ve-outdoor-outdoor-ve-kamp-kamp-uyku-tulumu,Spor ve Outdoor › Outdoor ve Kamp › Kamp › Uyku Tulumu,Spor ve Outdoor › Outdoor ve Kamp › Kamp,CREATE_NEW,,false,false,false,,,0,0,0,0,0,0,LOW,
,,,,,,Kamp Matı,spor-ve-outdoor-outdoor-ve-kamp-kamp-kamp-mati,Spor ve Outdoor › Outdoor ve Kamp › Kamp › Kamp Matı,Spor ve Outdoor › Outdoor ve Kamp › Kamp,CREATE_NEW,,false,false,false,,,0,0,0,0,0,0,LOW,
,,,,,,Kamp Sandalyesi,spor-ve-outdoor-outdoor-ve-kamp-kamp-kamp-sandalyesi,Spor ve Outdoor › Outdoor ve Kamp › Kamp › Kamp Sandalyesi,Spor ve Outdoor › Outdoor ve Kamp › Kamp,CREATE_NEW,,false,false,false,,,0,0,0,0,0,0,LOW,
,,,,,,Kamp Masası,spor-ve-outdoor-outdoor-ve-kamp-kamp-kamp-masasi,Spor ve Outdoor › Outdoor ve Kamp › Kamp › Kamp Masası,Spor ve Outdoor › Outdoor ve Kamp › Kamp,CREATE_NEW,,false,false,false,,,0,0,0,0,0,0,LOW,
,,,,,,Kamp Ocağı,spor-ve-outdoor-outdoor-ve-kamp-kamp-kamp-ocagi,Spor ve Outdoor › Outdoor ve Kamp › Kamp › Kamp Ocağı,Spor ve Outdoor › Outdoor ve Kamp › Kamp,CREATE_NEW,,false,false,false,,,0,0,0,0,0,0,LOW,
,,,,,,Kamp Lambası,spor-ve-outdoor-outdoor-ve-kamp-kamp-kamp-lambasi,Spor ve Outdoor › Outdoor ve Kamp › Kamp › Kamp Lambası,Spor ve Outdoor › Outdoor ve Kamp › Kamp,CREATE_NEW,,false,false,false,,,0,0,0,0,0,0,LOW,
,,,,,,Dağcılık,spor-ve-outdoor-outdoor-ve-kamp-dagcilik,Spor ve Outdoor › Outdoor ve Kamp › Dağcılık,Spor ve Outdoor › Outdoor ve Kamp,CREATE_NEW,,false,false,false,,,0,0,0,0,0,0,LOW,
,,,,,,Dağcılık Çantası,spor-ve-outdoor-outdoor-ve-kamp-dagcilik-dagcilik-cantasi,Spor ve Outdoor › Outdoor ve Kamp › Dağcılık › Dağcılık Çantası,Spor ve Outdoor › Outdoor ve Kamp › Dağcılık,CREATE_NEW,,false,false,false,,,0,0,0,0,0,0,LOW,
,,,,,,Trekking Baton,spor-ve-outdoor-outdoor-ve-kamp-dagcilik-trekking-baton,Spor ve Outdoor › Outdoor ve Kamp › Dağcılık › Trekking Baton,Spor ve Outdoor › Outdoor ve Kamp › Dağcılık,CREATE_NEW,,false,false,false,,,0,0,0,0,0,0,LOW,
,,,,,,Kask,spor-ve-outdoor-outdoor-ve-kamp-dagcilik-kask,Spor ve Outdoor › Outdoor ve Kamp › Dağcılık › Kask,Spor ve Outdoor › Outdoor ve Kamp › Dağcılık,CREATE_NEW,,false,false,false,,,0,0,0,0,0,0,LOW,
,,,,,,Karabina,spor-ve-outdoor-outdoor-ve-kamp-dagcilik-karabina,Spor ve Outdoor › Outdoor ve Kamp › Dağcılık › Karabina,Spor ve Outdoor › Outdoor ve Kamp › Dağcılık,CREATE_NEW,,false,false,false,,,0,0,0,0,0,0,LOW,
,,,,,,Tırmanış İpi,spor-ve-outdoor-outdoor-ve-kamp-dagcilik-tirmanis-ipi,Spor ve Outdoor › Outdoor ve Kamp › Dağcılık › Tırmanış İpi,Spor ve Outdoor › Outdoor ve Kamp › Dağcılık,CREATE_NEW,,false,false,false,,,0,0,0,0,0,0,LOW,
,,,,,,Emniyet Kemeri,spor-ve-outdoor-outdoor-ve-kamp-dagcilik-emniyet-kemeri,Spor ve Outdoor › Outdoor ve Kamp › Dağcılık › Emniyet Kemeri,Spor ve Outdoor › Outdoor ve Kamp › Dağcılık,CREATE_NEW,,false,false,false,,,0,0,0,0,0,0,LOW,
,,,,,,Outdoor Giyim,spor-ve-outdoor-outdoor-ve-kamp-outdoor-giyim,Spor ve Outdoor › Outdoor ve Kamp › Outdoor Giyim,Spor ve Outdoor › Outdoor ve Kamp,CREATE_NEW,,false,false,false,,,0,0,0,0,0,0,LOW,
,,,,,,Outdoor Mont,spor-ve-outdoor-outdoor-ve-kamp-outdoor-giyim-outdoor-mont,Spor ve Outdoor › Outdoor ve Kamp › Outdoor Giyim › Outdoor Mont,Spor ve Outdoor › Outdoor ve Kamp › Outdoor Giyim,CREATE_NEW,,false,false,false,,,0,0,0,0,0,0,LOW,
,,,,,,Termal İçlik,spor-ve-outdoor-outdoor-ve-kamp-outdoor-giyim-termal-iclik,Spor ve Outdoor › Outdoor ve Kamp › Outdoor Giyim › Termal İçlik,Spor ve Outdoor › Outdoor ve Kamp › Outdoor Giyim,CREATE_NEW,,false,false,false,,,0,0,0,0,0,0,LOW,
,,,,,,Yağmurluk,spor-ve-outdoor-outdoor-ve-kamp-outdoor-giyim-yagmurluk,Spor ve Outdoor › Outdoor ve Kamp › Outdoor Giyim › Yağmurluk,Spor ve Outdoor › Outdoor ve Kamp › Outdoor Giyim,CREATE_NEW,,false,false,false,,,0,0,0,0,0,0,LOW,
,,,,,,Outdoor Pantolon,spor-ve-outdoor-outdoor-ve-kamp-outdoor-giyim-outdoor-pantolon,Spor ve Outdoor › Outdoor ve Kamp › Outdoor Giyim › Outdoor Pantolon,Spor ve Outdoor › Outdoor ve Kamp › Outdoor Giyim,CREATE_NEW,,false,false,false,,,0,0,0,0,0,0,LOW,
,,,,,,Trekking Ayakkabısı,spor-ve-outdoor-outdoor-ve-kamp-outdoor-giyim-trekking-ayakkabisi,Spor ve Outdoor › Outdoor ve Kamp › Outdoor Giyim › Trekking Ayakkabısı,Spor ve Outdoor › Outdoor ve Kamp › Outdoor Giyim,CREATE_NEW,,false,false,false,,,0,0,0,0,0,0,LOW,
cmsg3xik700gxuzdc4uc0nq6j,Su Sporları,sifir-urun-spor-outdoor__su-sporlari,sifir-urun/spor-outdoor/spor-urunleri/spor-outdoor/su-sporlari,cms93j5oj002vuz3g5py6nixh,sifir,Su Sporları,spor-ve-outdoor-outdoor-ve-kamp-su-sporlari,Spor ve Outdoor › Outdoor ve Kamp › Su Sporları,Spor ve Outdoor › Outdoor ve Kamp,MOVE,cmsg3xik700gxuzdc4uc0nq6j,true,true,true,,,0,0,0,25,1,0,LOW,move from parent 'Spor & Outdoor' → 'Outdoor ve Kamp'
,,,,,,Şişme Bot,spor-ve-outdoor-outdoor-ve-kamp-su-sporlari-sisme-bot,Spor ve Outdoor › Outdoor ve Kamp › Su Sporları › Şişme Bot,Spor ve Outdoor › Outdoor ve Kamp › Su Sporları,CREATE_NEW,,false,false,false,,,0,0,0,0,0,0,LOW,
,,,,,,Kano,spor-ve-outdoor-outdoor-ve-kamp-su-sporlari-kano,Spor ve Outdoor › Outdoor ve Kamp › Su Sporları › Kano,Spor ve Outdoor › Outdoor ve Kamp › Su Sporları,CREATE_NEW,,false,false,false,,,0,0,0,0,0,0,LOW,
,,,,,,SUP Board,spor-ve-outdoor-outdoor-ve-kamp-su-sporlari-sup-board,Spor ve Outdoor › Outdoor ve Kamp › Su Sporları › SUP Board,Spor ve Outdoor › Outdoor ve Kamp › Su Sporları,CREATE_NEW,,false,false,false,,,0,0,0,0,0,0,LOW,
,,,,,,Dalış Maskesi,spor-ve-outdoor-outdoor-ve-kamp-su-sporlari-dalis-maskesi,Spor ve Outdoor › Outdoor ve Kamp › Su Sporları › Dalış Maskesi,Spor ve Outdoor › Outdoor ve Kamp › Su Sporları,CREATE_NEW,,false,false,false,,,0,0,0,0,0,0,LOW,
,,,,,,Palet,spor-ve-outdoor-outdoor-ve-kamp-su-sporlari-palet,Spor ve Outdoor › Outdoor ve Kamp › Su Sporları › Palet,Spor ve Outdoor › Outdoor ve Kamp › Su Sporları,CREATE_NEW,,false,false,false,,,0,0,0,0,0,0,LOW,
,,,,,,Can Yeleği,spor-ve-outdoor-outdoor-ve-kamp-su-sporlari-can-yelegi,Spor ve Outdoor › Outdoor ve Kamp › Su Sporları › Can Yeleği,Spor ve Outdoor › Outdoor ve Kamp › Su Sporları,CREATE_NEW,,false,false,false,,,0,0,0,0,0,0,LOW,
cmsg3xiiv00gluzdc8ux07pzg,Bisiklet,sifir-urun-spor-outdoor__bisiklet,sifir-urun/spor-outdoor/spor-urunleri/spor-outdoor/bisiklet,cms93j5oj002vuz3g5py6nixh,sifir,Bisiklet,spor-ve-outdoor-bisiklet,Spor ve Outdoor › Bisiklet,Spor ve Outdoor,KEEP,cmsg3xiiv00gluzdc8ux07pzg,true,false,false,,,0,0,0,28,1,0,LOW,
,,,,,,Bisiklet Türleri,spor-ve-outdoor-bisiklet-bisiklet-turleri,Spor ve Outdoor › Bisiklet › Bisiklet Türleri,Spor ve Outdoor › Bisiklet,CREATE_NEW,,false,false,false,,,0,0,0,0,0,0,LOW,
,,,,,,Dağ Bisikleti,spor-ve-outdoor-bisiklet-bisiklet-turleri-dag-bisikleti,Spor ve Outdoor › Bisiklet › Bisiklet Türleri › Dağ Bisikleti,Spor ve Outdoor › Bisiklet › Bisiklet Türleri,CREATE_NEW,,false,false,false,,,0,0,0,0,0,0,LOW,
,,,,,,Şehir Bisikleti,spor-ve-outdoor-bisiklet-bisiklet-turleri-sehir-bisikleti,Spor ve Outdoor › Bisiklet › Bisiklet Türleri › Şehir Bisikleti,Spor ve Outdoor › Bisiklet › Bisiklet Türleri,CREATE_NEW,,false,false,false,,,0,0,0,0,0,0,LOW,
,,,,,,Yol Bisikleti,spor-ve-outdoor-bisiklet-bisiklet-turleri-yol-bisikleti,Spor ve Outdoor › Bisiklet › Bisiklet Türleri › Yol Bisikleti,Spor ve Outdoor › Bisiklet › Bisiklet Türleri,CREATE_NEW,,false,false,false,,,0,0,0,0,0,0,LOW,
,,,,,,Elektrikli Bisiklet,spor-ve-outdoor-bisiklet-bisiklet-turleri-elektrikli-bisiklet,Spor ve Outdoor › Bisiklet › Bisiklet Türleri › Elektrikli Bisiklet,Spor ve Outdoor › Bisiklet › Bisiklet Türleri,CREATE_NEW,,false,false,false,,,0,0,0,0,0,0,LOW,
,,,,,,Katlanır Bisiklet,spor-ve-outdoor-bisiklet-bisiklet-turleri-katlanir-bisiklet,Spor ve Outdoor › Bisiklet › Bisiklet Türleri › Katlanır Bisiklet,Spor ve Outdoor › Bisiklet › Bisiklet Türleri,CREATE_NEW,,false,false,false,,,0,0,0,0,0,0,LOW,
,,,,,,BMX,spor-ve-outdoor-bisiklet-bisiklet-turleri-bmx,Spor ve Outdoor › Bisiklet › Bisiklet Türleri › BMX,Spor ve Outdoor › Bisiklet › Bisiklet Türleri,CREATE_NEW,,false,false,false,,,0,0,0,0,0,0,LOW,
,,,,,,Çocuk Bisikleti,spor-ve-outdoor-bisiklet-bisiklet-turleri-cocuk-bisikleti,Spor ve Outdoor › Bisiklet › Bisiklet Türleri › Çocuk Bisikleti,Spor ve Outdoor › Bisiklet › Bisiklet Türleri,CREATE_NEW,,false,false,false,,,0,0,0,0,0,0,LOW,
,,,,,,Bisiklet Parça ve Aksesuar,spor-ve-outdoor-bisiklet-bisiklet-parca-ve-aksesuar,Spor ve Outdoor › Bisiklet › Bisiklet Parça ve Aksesuar,Spor ve Outdoor › Bisiklet,CREATE_NEW,,false,false,false,,,0,0,0,0,0,0,LOW,
,,,,,,Bisiklet Kaskı,spor-ve-outdoor-bisiklet-bisiklet-parca-ve-aksesuar-bisiklet-kaski,Spor ve Outdoor › Bisiklet › Bisiklet Parça ve Aksesuar › Bisiklet Kaskı,Spor ve Outdoor › Bisiklet › Bisiklet Parça ve Aksesuar,CREATE_NEW,,false,false,false,,,0,0,0,0,0,0,LOW,
,,,,,,Bisiklet Kilidi,spor-ve-outdoor-bisiklet-bisiklet-parca-ve-aksesuar-bisiklet-kilidi,Spor ve Outdoor › Bisiklet › Bisiklet Parça ve Aksesuar › Bisiklet Kilidi,Spor ve Outdoor › Bisiklet › Bisiklet Parça ve Aksesuar,CREATE_NEW,,false,false,false,,,0,0,0,0,0,0,LOW,
cmsg3xi9a00eluzdc6kwo0dqz,Aydınlatma,sifir-urun-ev-dekorasyon__aydinlatma,sifir-urun/ev-ve-yasam/ev-dekorasyon-mobilya/ev-dekorasyon/aydinlatma,cmsg4wp8w002fuzxwt18nv883,sifir,Aydınlatma,spor-ve-outdoor-bisiklet-bisiklet-parca-ve-aksesuar-aydinlatma,Spor ve Outdoor › Bisiklet › Bisiklet Parça ve Aksesuar › Aydınlatma,Spor ve Outdoor › Bisiklet › Bisiklet Parça ve Aksesuar,MOVE,cmsg3xi9a00eluzdc6kwo0dqz,true,true,true,,,0,0,0,19,2,0,LOW,move from parent 'Ev Dekorasyon & Mobilya' → 'Bisiklet Parça ve Aksesuar'
cmsg3xkit00oduzdc2ftrweth,Pompa,sifir-urun-sanayi-makinesi__pompa,sifir-urun/sifir-urun-sanayi-makinesi/pompa,cmsdkecar003luzyc7d1wqrb7,sifir,Pompa,spor-ve-outdoor-bisiklet-bisiklet-parca-ve-aksesuar-pompa,Spor ve Outdoor › Bisiklet › Bisiklet Parça ve Aksesuar › Pompa,Spor ve Outdoor › Bisiklet › Bisiklet Parça ve Aksesuar,MOVE,cmsg3xkit00oduzdc2ftrweth,true,true,true,,,0,0,0,6,1,0,LOW,move from parent 'Sanayi Makineleri' → 'Bisiklet Parça ve Aksesuar'
,,,,,,Sele,spor-ve-outdoor-bisiklet-bisiklet-parca-ve-aksesuar-sele,Spor ve Outdoor › Bisiklet › Bisiklet Parça ve Aksesuar › Sele,Spor ve Outdoor › Bisiklet › Bisiklet Parça ve Aksesuar,CREATE_NEW,,false,false,false,,,0,0,0,0,0,0,LOW,
,,,,,,Pedal,spor-ve-outdoor-bisiklet-bisiklet-parca-ve-aksesuar-pedal,Spor ve Outdoor › Bisiklet › Bisiklet Parça ve Aksesuar › Pedal,Spor ve Outdoor › Bisiklet › Bisiklet Parça ve Aksesuar,CREATE_NEW,,false,false,false,,,0,0,0,0,0,0,LOW,
,,,,,,Lastik,spor-ve-outdoor-bisiklet-bisiklet-parca-ve-aksesuar-lastik,Spor ve Outdoor › Bisiklet › Bisiklet Parça ve Aksesuar › Lastik,Spor ve Outdoor › Bisiklet › Bisiklet Parça ve Aksesuar,CREATE_NEW,,false,false,false,,,0,0,0,0,0,0,LOW,
,,,,,,İç Lastik,spor-ve-outdoor-bisiklet-bisiklet-parca-ve-aksesuar-ic-lastik,Spor ve Outdoor › Bisiklet › Bisiklet Parça ve Aksesuar › İç Lastik,Spor ve Outdoor › Bisiklet › Bisiklet Parça ve Aksesuar,CREATE_NEW,,false,false,false,,,0,0,0,0,0,0,LOW,
,,,,,,Çanta ve Heybe,spor-ve-outdoor-bisiklet-bisiklet-parca-ve-aksesuar-canta-ve-heybe,Spor ve Outdoor › Bisiklet › Bisiklet Parça ve Aksesuar › Çanta ve Heybe,Spor ve Outdoor › Bisiklet › Bisiklet Parça ve Aksesuar,CREATE_NEW,,false,false,false,,,0,0,0,0,0,0,LOW,
,,,,,,Bisiklet Bilgisayarı,spor-ve-outdoor-bisiklet-bisiklet-parca-ve-aksesuar-bisiklet-bilgisayari,Spor ve Outdoor › Bisiklet › Bisiklet Parça ve Aksesuar › Bisiklet Bilgisayarı,Spor ve Outdoor › Bisiklet › Bisiklet Parça ve Aksesuar,CREATE_NEW,,false,false,false,,,0,0,0,0,0,0,LOW,
,,,,,,Hobi ve Oyun,hobi-ve-oyun,Hobi ve Oyun,,CREATE_NEW,,false,false,false,,,0,0,0,0,0,0,LOW,
,,,,,,Müzik Aletleri,hobi-ve-oyun-muzik-aletleri,Hobi ve Oyun › Müzik Aletleri,Hobi ve Oyun,CREATE_NEW,,false,false,false,,,0,0,0,0,0,0,LOW,
,,,,,,Telli Çalgılar,hobi-ve-oyun-muzik-aletleri-telli-calgilar,Hobi ve Oyun › Müzik Aletleri › Telli Çalgılar,Hobi ve Oyun › Müzik Aletleri,CREATE_NEW,,false,false,false,,,0,0,0,0,0,0,LOW,
cmsg3xiu100j1uzdcd07iktpn,Gitar,sifir-urun-muzik__gitar,sifir-urun/sifir-urun-muzik/gitar,cms93j5p80031uz3g0ifpzc1a,sifir,Gitar,hobi-ve-oyun-muzik-aletleri-telli-calgilar-gitar,Hobi ve Oyun › Müzik Aletleri › Telli Çalgılar › Gitar,Hobi ve Oyun › Müzik Aletleri › Telli Çalgılar,MOVE,cmsg3xiu100j1uzdcd07iktpn,true,true,true,,,0,0,0,13,1,0,LOW,move from parent 'Müzik' → 'Telli Çalgılar'
,,,,,,Elektro Gitar,hobi-ve-oyun-muzik-aletleri-telli-calgilar-elektro-gitar,Hobi ve Oyun › Müzik Aletleri › Telli Çalgılar › Elektro Gitar,Hobi ve Oyun › Müzik Aletleri › Telli Çalgılar,CREATE_NEW,,false,false,false,,,0,0,0,0,0,0,LOW,
,,,,,,Bas Gitar,hobi-ve-oyun-muzik-aletleri-telli-calgilar-bas-gitar,Hobi ve Oyun › Müzik Aletleri › Telli Çalgılar › Bas Gitar,Hobi ve Oyun › Müzik Aletleri › Telli Çalgılar,CREATE_NEW,,false,false,false,,,0,0,0,0,0,0,LOW,
,,,,,,Ukulele,hobi-ve-oyun-muzik-aletleri-telli-calgilar-ukulele,Hobi ve Oyun › Müzik Aletleri › Telli Çalgılar › Ukulele,Hobi ve Oyun › Müzik Aletleri › Telli Çalgılar,CREATE_NEW,,false,false,false,,,0,0,0,0,0,0,LOW,
,,,,,,Bağlama,hobi-ve-oyun-muzik-aletleri-telli-calgilar-baglama,Hobi ve Oyun › Müzik Aletleri › Telli Çalgılar › Bağlama,Hobi ve Oyun › Müzik Aletleri › Telli Çalgılar,CREATE_NEW,,false,false,false,,,0,0,0,0,0,0,LOW,
,,,,,,Keman,hobi-ve-oyun-muzik-aletleri-telli-calgilar-keman,Hobi ve Oyun › Müzik Aletleri › Telli Çalgılar › Keman,Hobi ve Oyun › Müzik Aletleri › Telli Çalgılar,CREATE_NEW,,false,false,false,,,0,0,0,0,0,0,LOW,
,,,,,,Tuşlu Çalgılar,hobi-ve-oyun-muzik-aletleri-tuslu-calgilar,Hobi ve Oyun › Müzik Aletleri › Tuşlu Çalgılar,Hobi ve Oyun › Müzik Aletleri,CREATE_NEW,,false,false,false,,,0,0,0,0,0,0,LOW,
,,,,,,Dijital Piyano,hobi-ve-oyun-muzik-aletleri-tuslu-calgilar-dijital-piyano,Hobi ve Oyun › Müzik Aletleri › Tuşlu Çalgılar › Dijital Piyano,Hobi ve Oyun › Müzik Aletleri › Tuşlu Çalgılar,CREATE_NEW,,false,false,false,,,0,0,0,0,0,0,LOW,
,,,,,,Org,hobi-ve-oyun-muzik-aletleri-tuslu-calgilar-org,Hobi ve Oyun › Müzik Aletleri › Tuşlu Çalgılar › Org,Hobi ve Oyun › Müzik Aletleri › Tuşlu Çalgılar,CREATE_NEW,,false,false,false,,,0,0,0,0,0,0,LOW,
,,,,,,MIDI Klavye,hobi-ve-oyun-muzik-aletleri-tuslu-calgilar-midi-klavye,Hobi ve Oyun › Müzik Aletleri › Tuşlu Çalgılar › MIDI Klavye,Hobi ve Oyun › Müzik Aletleri › Tuşlu Çalgılar,CREATE_NEW,,false,false,false,,,0,0,0,0,0,0,LOW,
,,,,,,Vurmalı Çalgılar,hobi-ve-oyun-muzik-aletleri-vurmali-calgilar,Hobi ve Oyun › Müzik Aletleri › Vurmalı Çalgılar,Hobi ve Oyun › Müzik Aletleri,CREATE_NEW,,false,false,false,,,0,0,0,0,0,0,LOW,
,,,,,,Davul,hobi-ve-oyun-muzik-aletleri-vurmali-calgilar-davul,Hobi ve Oyun › Müzik Aletleri › Vurmalı Çalgılar › Davul,Hobi ve Oyun › Müzik Aletleri › Vurmalı Çalgılar,CREATE_NEW,,false,false,false,,,0,0,0,0,0,0,LOW,
,,,,,,Elektronik Davul,hobi-ve-oyun-muzik-aletleri-vurmali-calgilar-elektronik-davul,Hobi ve Oyun › Müzik Aletleri › Vurmalı Çalgılar › Elektronik Davul,Hobi ve Oyun › Müzik Aletleri › Vurmalı Çalgılar,CREATE_NEW,,false,false,false,,,0,0,0,0,0,0,LOW,
,,,,,,Darbuka,hobi-ve-oyun-muzik-aletleri-vurmali-calgilar-darbuka,Hobi ve Oyun › Müzik Aletleri › Vurmalı Çalgılar › Darbuka,Hobi ve Oyun › Müzik Aletleri › Vurmalı Çalgılar,CREATE_NEW,,false,false,false,,,0,0,0,0,0,0,LOW,
,,,,,,Cajon,hobi-ve-oyun-muzik-aletleri-vurmali-calgilar-cajon,Hobi ve Oyun › Müzik Aletleri › Vurmalı Çalgılar › Cajon,Hobi ve Oyun › Müzik Aletleri › Vurmalı Çalgılar,CREATE_NEW,,false,false,false,,,0,0,0,0,0,0,LOW,
,,,,,,Nefesli Çalgılar,hobi-ve-oyun-muzik-aletleri-nefesli-calgilar,Hobi ve Oyun › Müzik Aletleri › Nefesli Çalgılar,Hobi ve Oyun › Müzik Aletleri,CREATE_NEW,,false,false,false,,,0,0,0,0,0,0,LOW,
,,,,,,Flüt,hobi-ve-oyun-muzik-aletleri-nefesli-calgilar-flut,Hobi ve Oyun › Müzik Aletleri › Nefesli Çalgılar › Flüt,Hobi ve Oyun › Müzik Aletleri › Nefesli Çalgılar,CREATE_NEW,,false,false,false,,,0,0,0,0,0,0,LOW,
,,,,,,Klarnet,hobi-ve-oyun-muzik-aletleri-nefesli-calgilar-klarnet,Hobi ve Oyun › Müzik Aletleri › Nefesli Çalgılar › Klarnet,Hobi ve Oyun › Müzik Aletleri › Nefesli Çalgılar,CREATE_NEW,,false,false,false,,,0,0,0,0,0,0,LOW,
,,,,,,Saksafon,hobi-ve-oyun-muzik-aletleri-nefesli-calgilar-saksafon,Hobi ve Oyun › Müzik Aletleri › Nefesli Çalgılar › Saksafon,Hobi ve Oyun › Müzik Aletleri › Nefesli Çalgılar,CREATE_NEW,,false,false,false,,,0,0,0,0,0,0,LOW,
,,,,,,Trompet,hobi-ve-oyun-muzik-aletleri-nefesli-calgilar-trompet,Hobi ve Oyun › Müzik Aletleri › Nefesli Çalgılar › Trompet,Hobi ve Oyun › Müzik Aletleri › Nefesli Çalgılar,CREATE_NEW,,false,false,false,,,0,0,0,0,0,0,LOW,
,,,,,,Müzik Aksesuarları,hobi-ve-oyun-muzik-aletleri-muzik-aksesuarlari,Hobi ve Oyun › Müzik Aletleri › Müzik Aksesuarları,Hobi ve Oyun › Müzik Aletleri,CREATE_NEW,,false,false,false,,,0,0,0,0,0,0,LOW,
,,,,,,Amfi,hobi-ve-oyun-muzik-aletleri-muzik-aksesuarlari-amfi,Hobi ve Oyun › Müzik Aletleri › Müzik Aksesuarları › Amfi,Hobi ve Oyun › Müzik Aletleri › Müzik Aksesuarları,CREATE_NEW,,false,false,false,,,0,0,0,0,0,0,LOW,
,,,,,,Mikrofon,hobi-ve-oyun-muzik-aletleri-muzik-aksesuarlari-mikrofon,Hobi ve Oyun › Müzik Aletleri › Müzik Aksesuarları › Mikrofon,Hobi ve Oyun › Müzik Aletleri › Müzik Aksesuarları,CREATE_NEW,,false,false,false,,,0,0,0,0,0,0,LOW,
,,,,,,Nota Sehpası,hobi-ve-oyun-muzik-aletleri-muzik-aksesuarlari-nota-sehpasi,Hobi ve Oyun › Müzik Aletleri › Müzik Aksesuarları › Nota Sehpası,Hobi ve Oyun › Müzik Aletleri › Müzik Aksesuarları,CREATE_NEW,,false,false,false,,,0,0,0,0,0,0,LOW,
,,,,,,Kılıf,hobi-ve-oyun-muzik-aletleri-muzik-aksesuarlari-kilif,Hobi ve Oyun › Müzik Aletleri › Müzik Aksesuarları › Kılıf,Hobi ve Oyun › Müzik Aletleri › Müzik Aksesuarları,CREATE_NEW,,false,false,false,,,0,0,0,0,0,0,LOW,
,,,,,,Tel ve Pena,hobi-ve-oyun-muzik-aletleri-muzik-aksesuarlari-tel-ve-pena,Hobi ve Oyun › Müzik Aletleri › Müzik Aksesuarları › Tel ve Pena,Hobi ve Oyun › Müzik Aletleri › Müzik Aksesuarları,CREATE_NEW,,false,false,false,,,0,0,0,0,0,0,LOW,
,,,,,,Hobi Malzemeleri,hobi-ve-oyun-hobi-malzemeleri,Hobi ve Oyun › Hobi Malzemeleri,Hobi ve Oyun,CREATE_NEW,,false,false,false,,,0,0,0,0,0,0,LOW,
,,,,,,Resim,hobi-ve-oyun-hobi-malzemeleri-resim,Hobi ve Oyun › Hobi Malzemeleri › Resim,Hobi ve Oyun › Hobi Malzemeleri,CREATE_NEW,,false,false,false,,,0,0,0,0,0,0,LOW,
,,,,,,Tuval,hobi-ve-oyun-hobi-malzemeleri-resim-tuval,Hobi ve Oyun › Hobi Malzemeleri › Resim › Tuval,Hobi ve Oyun › Hobi Malzemeleri › Resim,CREATE_NEW,,false,false,false,,,0,0,0,0,0,0,LOW,
,,,,,,Akrilik Boya,hobi-ve-oyun-hobi-malzemeleri-resim-akrilik-boya,Hobi ve Oyun › Hobi Malzemeleri › Resim › Akrilik Boya,Hobi ve Oyun › Hobi Malzemeleri › Resim,CREATE_NEW,,false,false,false,,,0,0,0,0,0,0,LOW,
,,,,,,Yağlı Boya,hobi-ve-oyun-hobi-malzemeleri-resim-yagli-boya,Hobi ve Oyun › Hobi Malzemeleri › Resim › Yağlı Boya,Hobi ve Oyun › Hobi Malzemeleri › Resim,CREATE_NEW,,false,false,false,,,0,0,0,0,0,0,LOW,
,,,,,,Suluboya,hobi-ve-oyun-hobi-malzemeleri-resim-suluboya,Hobi ve Oyun › Hobi Malzemeleri › Resim › Suluboya,Hobi ve Oyun › Hobi Malzemeleri › Resim,CREATE_NEW,,false,false,false,,,0,0,0,0,0,0,LOW,
,,,,,,Fırça,hobi-ve-oyun-hobi-malzemeleri-resim-firca,Hobi ve Oyun › Hobi Malzemeleri › Resim › Fırça,Hobi ve Oyun › Hobi Malzemeleri › Resim,CREATE_NEW,,false,false,false,,,0,0,0,0,0,0,LOW,
,,,,,,Şövale,hobi-ve-oyun-hobi-malzemeleri-resim-sovale,Hobi ve Oyun › Hobi Malzemeleri › Resim › Şövale,Hobi ve Oyun › Hobi Malzemeleri › Resim,CREATE_NEW,,false,false,false,,,0,0,0,0,0,0,LOW,
,,,,,,El İşi,hobi-ve-oyun-hobi-malzemeleri-el-isi,Hobi ve Oyun › Hobi Malzemeleri › El İşi,Hobi ve Oyun › Hobi Malzemeleri,CREATE_NEW,,false,false,false,,,0,0,0,0,0,0,LOW,
,,,,,,Örgü İpi,hobi-ve-oyun-hobi-malzemeleri-el-isi-orgu-ipi,Hobi ve Oyun › Hobi Malzemeleri › El İşi › Örgü İpi,Hobi ve Oyun › Hobi Malzemeleri › El İşi,CREATE_NEW,,false,false,false,,,0,0,0,0,0,0,LOW,
,,,,,,Şiş ve Tığ,hobi-ve-oyun-hobi-malzemeleri-el-isi-sis-ve-tig,Hobi ve Oyun › Hobi Malzemeleri › El İşi › Şiş ve Tığ,Hobi ve Oyun › Hobi Malzemeleri › El İşi,CREATE_NEW,,false,false,false,,,0,0,0,0,0,0,LOW,
,,,,,,Dikiş Malzemesi,hobi-ve-oyun-hobi-malzemeleri-el-isi-dikis-malzemesi,Hobi ve Oyun › Hobi Malzemeleri › El İşi › Dikiş Malzemesi,Hobi ve Oyun › Hobi Malzemeleri › El İşi,CREATE_NEW,,false,false,false,,,0,0,0,0,0,0,LOW,
,,,,,,Keçe,hobi-ve-oyun-hobi-malzemeleri-el-isi-kece,Hobi ve Oyun › Hobi Malzemeleri › El İşi › Keçe,Hobi ve Oyun › Hobi Malzemeleri › El İşi,CREATE_NEW,,false,false,false,,,0,0,0,0,0,0,LOW,
,,,,,,Boncuk,hobi-ve-oyun-hobi-malzemeleri-el-isi-boncuk,Hobi ve Oyun › Hobi Malzemeleri › El İşi › Boncuk,Hobi ve Oyun › Hobi Malzemeleri › El İşi,CREATE_NEW,,false,false,false,,,0,0,0,0,0,0,LOW,
,,,,,,Takı Yapım Malzemesi,hobi-ve-oyun-hobi-malzemeleri-el-isi-taki-yapim-malzemesi,Hobi ve Oyun › Hobi Malzemeleri › El İşi › Takı Yapım Malzemesi,Hobi ve Oyun › Hobi Malzemeleri › El İşi,CREATE_NEW,,false,false,false,,,0,0,0,0,0,0,LOW,
,,,,,,Maket ve Model,hobi-ve-oyun-hobi-malzemeleri-maket-ve-model,Hobi ve Oyun › Hobi Malzemeleri › Maket ve Model,Hobi ve Oyun › Hobi Malzemeleri,CREATE_NEW,,false,false,false,,,0,0,0,0,0,0,LOW,
,,,,,,Maket Seti,hobi-ve-oyun-hobi-malzemeleri-maket-ve-model-maket-seti,Hobi ve Oyun › Hobi Malzemeleri › Maket ve Model › Maket Seti,Hobi ve Oyun › Hobi Malzemeleri › Maket ve Model,CREATE_NEW,,false,false,false,,,0,0,0,0,0,0,LOW,
,,,,,,Model Araba,hobi-ve-oyun-hobi-malzemeleri-maket-ve-model-model-araba,Hobi ve Oyun › Hobi Malzemeleri › Maket ve Model › Model Araba,Hobi ve Oyun › Hobi Malzemeleri › Maket ve Model,CREATE_NEW,,false,false,false,,,0,0,0,0,0,0,LOW,
,,,,,,Model Uçak,hobi-ve-oyun-hobi-malzemeleri-maket-ve-model-model-ucak,Hobi ve Oyun › Hobi Malzemeleri › Maket ve Model › Model Uçak,Hobi ve Oyun › Hobi Malzemeleri › Maket ve Model,CREATE_NEW,,false,false,false,,,0,0,0,0,0,0,LOW,
,,,,,,Diorama Malzemesi,hobi-ve-oyun-hobi-malzemeleri-maket-ve-model-diorama-malzemesi,Hobi ve Oyun › Hobi Malzemeleri › Maket ve Model › Diorama Malzemesi,Hobi ve Oyun › Hobi Malzemeleri › Maket ve Model,CREATE_NEW,,false,false,false,,,0,0,0,0,0,0,LOW,
,,,,,,3D Puzzle,hobi-ve-oyun-hobi-malzemeleri-maket-ve-model-3d-puzzle,Hobi ve Oyun › Hobi Malzemeleri › Maket ve Model › 3D Puzzle,Hobi ve Oyun › Hobi Malzemeleri › Maket ve Model,CREATE_NEW,,false,false,false,,,0,0,0,0,0,0,LOW,
,,,,,,Oyun ve Eğlence,hobi-ve-oyun-oyun-ve-eglence,Hobi ve Oyun › Oyun ve Eğlence,Hobi ve Oyun,CREATE_NEW,,false,false,false,,,0,0,0,0,0,0,LOW,
,,,,,,Kutu Oyunları,hobi-ve-oyun-oyun-ve-eglence-kutu-oyunlari,Hobi ve Oyun › Oyun ve Eğlence › Kutu Oyunları,Hobi ve Oyun › Oyun ve Eğlence,CREATE_NEW,,false,false,false,,,0,0,0,0,0,0,LOW,
,,,,,,Strateji Oyunu,hobi-ve-oyun-oyun-ve-eglence-kutu-oyunlari-strateji-oyunu,Hobi ve Oyun › Oyun ve Eğlence › Kutu Oyunları › Strateji Oyunu,Hobi ve Oyun › Oyun ve Eğlence › Kutu Oyunları,CREATE_NEW,,false,false,false,,,0,0,0,0,0,0,LOW,
,,,,,,Aile Oyunu,hobi-ve-oyun-oyun-ve-eglence-kutu-oyunlari-aile-oyunu,Hobi ve Oyun › Oyun ve Eğlence › Kutu Oyunları › Aile Oyunu,Hobi ve Oyun › Oyun ve Eğlence › Kutu Oyunları,CREATE_NEW,,false,false,false,,,0,0,0,0,0,0,LOW,
,,,,,,Parti Oyunu,hobi-ve-oyun-oyun-ve-eglence-kutu-oyunlari-parti-oyunu,Hobi ve Oyun › Oyun ve Eğlence › Kutu Oyunları › Parti Oyunu,Hobi ve Oyun › Oyun ve Eğlence › Kutu Oyunları,CREATE_NEW,,false,false,false,,,0,0,0,0,0,0,LOW,
,,,,,,Kart Oyunu,hobi-ve-oyun-oyun-ve-eglence-kutu-oyunlari-kart-oyunu,Hobi ve Oyun › Oyun ve Eğlence › Kutu Oyunları › Kart Oyunu,Hobi ve Oyun › Oyun ve Eğlence › Kutu Oyunları,CREATE_NEW,,false,false,false,,,0,0,0,0,0,0,LOW,
,,,,,,Satranç,hobi-ve-oyun-oyun-ve-eglence-kutu-oyunlari-satranc,Hobi ve Oyun › Oyun ve Eğlence › Kutu Oyunları › Satranç,Hobi ve Oyun › Oyun ve Eğlence › Kutu Oyunları,CREATE_NEW,,false,false,false,,,0,0,0,0,0,0,LOW,
,,,,,,Puzzle,hobi-ve-oyun-oyun-ve-eglence-kutu-oyunlari-puzzle,Hobi ve Oyun › Oyun ve Eğlence › Kutu Oyunları › Puzzle,Hobi ve Oyun › Oyun ve Eğlence › Kutu Oyunları,CREATE_NEW,,false,false,false,,,0,0,0,0,0,0,LOW,
,,,,,,Koleksiyon,hobi-ve-oyun-oyun-ve-eglence-koleksiyon,Hobi ve Oyun › Oyun ve Eğlence › Koleksiyon,Hobi ve Oyun › Oyun ve Eğlence,CREATE_NEW,,false,false,false,,,0,0,0,0,0,0,LOW,
,,,,,,Figür,hobi-ve-oyun-oyun-ve-eglence-koleksiyon-figur,Hobi ve Oyun › Oyun ve Eğlence › Koleksiyon › Figür,Hobi ve Oyun › Oyun ve Eğlence › Koleksiyon,CREATE_NEW,,false,false,false,,,0,0,0,0,0,0,LOW,
,,,,,,Trading Card,hobi-ve-oyun-oyun-ve-eglence-koleksiyon-trading-card,Hobi ve Oyun › Oyun ve Eğlence › Koleksiyon › Trading Card,Hobi ve Oyun › Oyun ve Eğlence › Koleksiyon,CREATE_NEW,,false,false,false,,,0,0,0,0,0,0,LOW,
,,,,,,Madeni Para,hobi-ve-oyun-oyun-ve-eglence-koleksiyon-madeni-para,Hobi ve Oyun › Oyun ve Eğlence › Koleksiyon › Madeni Para,Hobi ve Oyun › Oyun ve Eğlence › Koleksiyon,CREATE_NEW,,false,false,false,,,0,0,0,0,0,0,LOW,
,,,,,,Pul,hobi-ve-oyun-oyun-ve-eglence-koleksiyon-pul,Hobi ve Oyun › Oyun ve Eğlence › Koleksiyon › Pul,Hobi ve Oyun › Oyun ve Eğlence › Koleksiyon,CREATE_NEW,,false,false,false,,,0,0,0,0,0,0,LOW,
,,,,,,Koleksiyon Kutusu,hobi-ve-oyun-oyun-ve-eglence-koleksiyon-koleksiyon-kutusu,Hobi ve Oyun › Oyun ve Eğlence › Koleksiyon › Koleksiyon Kutusu,Hobi ve Oyun › Oyun ve Eğlence › Koleksiyon,CREATE_NEW,,false,false,false,,,0,0,0,0,0,0,LOW,
,,,,,,"Kitap, Kırtasiye ve Ofis",kitap-kirtasiye-ve-ofis,"Kitap, Kırtasiye ve Ofis",,CREATE_NEW,,false,false,false,,,0,0,0,0,0,0,LOW,
cmsg3xiqk00ibuzdcpf5jo15q,Kitap,sifir-urun-kitap-dergi-film__kitap,sifir-urun/sifir-urun-kitap-dergi-film/kitap,cms93j5oz002zuz3gnhm3q5gn,sifir,Kitap,kitap-kirtasiye-ve-ofis-kitap,"Kitap, Kırtasiye ve Ofis › Kitap","Kitap, Kırtasiye ve Ofis",MOVE,cmsg3xiqk00ibuzdcpf5jo15q,true,true,true,,,0,0,0,9,1,0,LOW,"move from parent 'Kitap, Dergi & Film' → 'Kitap, Kırtasiye ve Ofis'"
,,,,,,Edebiyat,kitap-kirtasiye-ve-ofis-kitap-edebiyat,"Kitap, Kırtasiye ve Ofis › Kitap › Edebiyat","Kitap, Kırtasiye ve Ofis › Kitap",CREATE_NEW,,false,false,false,,,0,0,0,0,0,0,LOW,
,,,,,,Roman,kitap-kirtasiye-ve-ofis-kitap-edebiyat-roman,"Kitap, Kırtasiye ve Ofis › Kitap › Edebiyat › Roman","Kitap, Kırtasiye ve Ofis › Kitap › Edebiyat",CREATE_NEW,,false,false,false,,,0,0,0,0,0,0,LOW,
,,,,,,Öykü,kitap-kirtasiye-ve-ofis-kitap-edebiyat-oyku,"Kitap, Kırtasiye ve Ofis › Kitap › Edebiyat › Öykü","Kitap, Kırtasiye ve Ofis › Kitap › Edebiyat",CREATE_NEW,,false,false,false,,,0,0,0,0,0,0,LOW,
,,,,,,Şiir,kitap-kirtasiye-ve-ofis-kitap-edebiyat-siir,"Kitap, Kırtasiye ve Ofis › Kitap › Edebiyat › Şiir","Kitap, Kırtasiye ve Ofis › Kitap › Edebiyat",CREATE_NEW,,false,false,false,,,0,0,0,0,0,0,LOW,
,,,,,,Deneme,kitap-kirtasiye-ve-ofis-kitap-edebiyat-deneme,"Kitap, Kırtasiye ve Ofis › Kitap › Edebiyat › Deneme","Kitap, Kırtasiye ve Ofis › Kitap › Edebiyat",CREATE_NEW,,false,false,false,,,0,0,0,0,0,0,LOW,
,,,,,,Biyografi,kitap-kirtasiye-ve-ofis-kitap-edebiyat-biyografi,"Kitap, Kırtasiye ve Ofis › Kitap › Edebiyat › Biyografi","Kitap, Kırtasiye ve Ofis › Kitap › Edebiyat",CREATE_NEW,,false,false,false,,,0,0,0,0,0,0,LOW,
,,,,,,Çocuk Kitapları,kitap-kirtasiye-ve-ofis-kitap-cocuk-kitaplari,"Kitap, Kırtasiye ve Ofis › Kitap › Çocuk Kitapları","Kitap, Kırtasiye ve Ofis › Kitap",CREATE_NEW,,false,false,false,,,0,0,0,0,0,0,LOW,
,,,,,,Resimli Kitap,kitap-kirtasiye-ve-ofis-kitap-cocuk-kitaplari-resimli-kitap,"Kitap, Kırtasiye ve Ofis › Kitap › Çocuk Kitapları › Resimli Kitap","Kitap, Kırtasiye ve Ofis › Kitap › Çocuk Kitapları",CREATE_NEW,,false,false,false,,,0,0,0,0,0,0,LOW,
,,,,,,Masal,kitap-kirtasiye-ve-ofis-kitap-cocuk-kitaplari-masal,"Kitap, Kırtasiye ve Ofis › Kitap › Çocuk Kitapları › Masal","Kitap, Kırtasiye ve Ofis › Kitap › Çocuk Kitapları",CREATE_NEW,,false,false,false,,,0,0,0,0,0,0,LOW,
,,,,,,Etkinlik Kitabı,kitap-kirtasiye-ve-ofis-kitap-cocuk-kitaplari-etkinlik-kitabi,"Kitap, Kırtasiye ve Ofis › Kitap › Çocuk Kitapları › Etkinlik Kitabı","Kitap, Kırtasiye ve Ofis › Kitap › Çocuk Kitapları",CREATE_NEW,,false,false,false,,,0,0,0,0,0,0,LOW,
,,,,,,Gençlik Romanı,kitap-kirtasiye-ve-ofis-kitap-cocuk-kitaplari-genclik-romani,"Kitap, Kırtasiye ve Ofis › Kitap › Çocuk Kitapları › Gençlik Romanı","Kitap, Kırtasiye ve Ofis › Kitap › Çocuk Kitapları",CREATE_NEW,,false,false,false,,,0,0,0,0,0,0,LOW,
,,,,,,Eğitim,kitap-kirtasiye-ve-ofis-kitap-egitim,"Kitap, Kırtasiye ve Ofis › Kitap › Eğitim","Kitap, Kırtasiye ve Ofis › Kitap",CREATE_NEW,,false,false,false,,,0,0,0,0,0,0,LOW,
,,,,,,Sınav Hazırlık,kitap-kirtasiye-ve-ofis-kitap-egitim-sinav-hazirlik,"Kitap, Kırtasiye ve Ofis › Kitap › Eğitim › Sınav Hazırlık","Kitap, Kırtasiye ve Ofis › Kitap › Eğitim",CREATE_NEW,,false,false,false,,,0,0,0,0,0,0,LOW,
,,,,,,Ders Kitabı,kitap-kirtasiye-ve-ofis-kitap-egitim-ders-kitabi,"Kitap, Kırtasiye ve Ofis › Kitap › Eğitim › Ders Kitabı","Kitap, Kırtasiye ve Ofis › Kitap › Eğitim",CREATE_NEW,,false,false,false,,,0,0,0,0,0,0,LOW,
,,,,,,Yabancı Dil,kitap-kirtasiye-ve-ofis-kitap-egitim-yabanci-dil,"Kitap, Kırtasiye ve Ofis › Kitap › Eğitim › Yabancı Dil","Kitap, Kırtasiye ve Ofis › Kitap › Eğitim",CREATE_NEW,,false,false,false,,,0,0,0,0,0,0,LOW,
,,,,,,Akademik Kitap,kitap-kirtasiye-ve-ofis-kitap-egitim-akademik-kitap,"Kitap, Kırtasiye ve Ofis › Kitap › Eğitim › Akademik Kitap","Kitap, Kırtasiye ve Ofis › Kitap › Eğitim",CREATE_NEW,,false,false,false,,,0,0,0,0,0,0,LOW,
,,,,,,Hobi ve Yaşam,kitap-kirtasiye-ve-ofis-kitap-hobi-ve-yasam,"Kitap, Kırtasiye ve Ofis › Kitap › Hobi ve Yaşam","Kitap, Kırtasiye ve Ofis › Kitap",CREATE_NEW,,false,false,false,,,0,0,0,0,0,0,LOW,
,,,,,,Yemek Kitabı,kitap-kirtasiye-ve-ofis-kitap-hobi-ve-yasam-yemek-kitabi,"Kitap, Kırtasiye ve Ofis › Kitap › Hobi ve Yaşam › Yemek Kitabı","Kitap, Kırtasiye ve Ofis › Kitap › Hobi ve Yaşam",CREATE_NEW,,false,false,false,,,0,0,0,0,0,0,LOW,
,,,,,,Kişisel Gelişim,kitap-kirtasiye-ve-ofis-kitap-hobi-ve-yasam-kisisel-gelisim,"Kitap, Kırtasiye ve Ofis › Kitap › Hobi ve Yaşam › Kişisel Gelişim","Kitap, Kırtasiye ve Ofis › Kitap › Hobi ve Yaşam",CREATE_NEW,,false,false,false,,,0,0,0,0,0,0,LOW,
,,,,,,Sanat,kitap-kirtasiye-ve-ofis-kitap-hobi-ve-yasam-sanat,"Kitap, Kırtasiye ve Ofis › Kitap › Hobi ve Yaşam › Sanat","Kitap, Kırtasiye ve Ofis › Kitap › Hobi ve Yaşam",CREATE_NEW,,false,false,false,,,0,0,0,0,0,0,LOW,
,,,,,,Seyahat,kitap-kirtasiye-ve-ofis-kitap-hobi-ve-yasam-seyahat,"Kitap, Kırtasiye ve Ofis › Kitap › Hobi ve Yaşam › Seyahat","Kitap, Kırtasiye ve Ofis › Kitap › Hobi ve Yaşam",CREATE_NEW,,false,false,false,,,0,0,0,0,0,0,LOW,
,,,,,,Sağlık,kitap-kirtasiye-ve-ofis-kitap-hobi-ve-yasam-saglik,"Kitap, Kırtasiye ve Ofis › Kitap › Hobi ve Yaşam › Sağlık","Kitap, Kırtasiye ve Ofis › Kitap › Hobi ve Yaşam",CREATE_NEW,,false,false,false,,,0,0,0,0,0,0,LOW,
cmsg3xixe00jpuzdc2dxbip56,Kırtasiye,sifir-urun-ofis-kirtasiye__kirtasiye,sifir-urun/sifir-urun-ofis-kirtasiye/kirtasiye,cms93j5pg0033uz3gj3ie66g7,sifir,Kırtasiye,kitap-kirtasiye-ve-ofis-kirtasiye,"Kitap, Kırtasiye ve Ofis › Kırtasiye","Kitap, Kırtasiye ve Ofis",MOVE,cmsg3xixe00jpuzdc2dxbip56,true,true,true,,,0,0,0,13,1,0,LOW,"move from parent 'Ofis & Kırtasiye' → 'Kitap, Kırtasiye ve Ofis'"
,,,,,,Yazı Gereçleri,kitap-kirtasiye-ve-ofis-kirtasiye-yazi-gerecleri,"Kitap, Kırtasiye ve Ofis › Kırtasiye › Yazı Gereçleri","Kitap, Kırtasiye ve Ofis › Kırtasiye",CREATE_NEW,,false,false,false,,,0,0,0,0,0,0,LOW,
,,,,,,Tükenmez Kalem,kitap-kirtasiye-ve-ofis-kirtasiye-yazi-gerecleri-tukenmez-kalem,"Kitap, Kırtasiye ve Ofis › Kırtasiye › Yazı Gereçleri › Tükenmez Kalem","Kitap, Kırtasiye ve Ofis › Kırtasiye › Yazı Gereçleri",CREATE_NEW,,false,false,false,,,0,0,0,0,0,0,LOW,
,,,,,,Dolma Kalem,kitap-kirtasiye-ve-ofis-kirtasiye-yazi-gerecleri-dolma-kalem,"Kitap, Kırtasiye ve Ofis › Kırtasiye › Yazı Gereçleri › Dolma Kalem","Kitap, Kırtasiye ve Ofis › Kırtasiye › Yazı Gereçleri",CREATE_NEW,,false,false,false,,,0,0,0,0,0,0,LOW,
,,,,,,Kurşun Kalem,kitap-kirtasiye-ve-ofis-kirtasiye-yazi-gerecleri-kursun-kalem,"Kitap, Kırtasiye ve Ofis › Kırtasiye › Yazı Gereçleri › Kurşun Kalem","Kitap, Kırtasiye ve Ofis › Kırtasiye › Yazı Gereçleri",CREATE_NEW,,false,false,false,,,0,0,0,0,0,0,LOW,
,,,,,,Keçeli Kalem,kitap-kirtasiye-ve-ofis-kirtasiye-yazi-gerecleri-keceli-kalem,"Kitap, Kırtasiye ve Ofis › Kırtasiye › Yazı Gereçleri › Keçeli Kalem","Kitap, Kırtasiye ve Ofis › Kırtasiye › Yazı Gereçleri",CREATE_NEW,,false,false,false,,,0,0,0,0,0,0,LOW,
,,,,,,Marker,kitap-kirtasiye-ve-ofis-kirtasiye-yazi-gerecleri-marker,"Kitap, Kırtasiye ve Ofis › Kırtasiye › Yazı Gereçleri › Marker","Kitap, Kırtasiye ve Ofis › Kırtasiye › Yazı Gereçleri",CREATE_NEW,,false,false,false,,,0,0,0,0,0,0,LOW,
,,,,,,Silgi,kitap-kirtasiye-ve-ofis-kirtasiye-yazi-gerecleri-silgi,"Kitap, Kırtasiye ve Ofis › Kırtasiye › Yazı Gereçleri › Silgi","Kitap, Kırtasiye ve Ofis › Kırtasiye › Yazı Gereçleri",CREATE_NEW,,false,false,false,,,0,0,0,0,0,0,LOW,
,,,,,,Defter ve Kağıt,kitap-kirtasiye-ve-ofis-kirtasiye-defter-ve-kagit,"Kitap, Kırtasiye ve Ofis › Kırtasiye › Defter ve Kağıt","Kitap, Kırtasiye ve Ofis › Kırtasiye",CREATE_NEW,,false,false,false,,,0,0,0,0,0,0,LOW,
,,,,,,Defter,kitap-kirtasiye-ve-ofis-kirtasiye-defter-ve-kagit-defter,"Kitap, Kırtasiye ve Ofis › Kırtasiye › Defter ve Kağıt › Defter","Kitap, Kırtasiye ve Ofis › Kırtasiye › Defter ve Kağıt",CREATE_NEW,,false,false,false,,,0,0,0,0,0,0,LOW,
,,,,,,Ajanda,kitap-kirtasiye-ve-ofis-kirtasiye-defter-ve-kagit-ajanda,"Kitap, Kırtasiye ve Ofis › Kırtasiye › Defter ve Kağıt › Ajanda","Kitap, Kırtasiye ve Ofis › Kırtasiye › Defter ve Kağıt",CREATE_NEW,,false,false,false,,,0,0,0,0,0,0,LOW,
,,,,,,Fotokopi Kağıdı,kitap-kirtasiye-ve-ofis-kirtasiye-defter-ve-kagit-fotokopi-kagidi,"Kitap, Kırtasiye ve Ofis › Kırtasiye › Defter ve Kağıt › Fotokopi Kağıdı","Kitap, Kırtasiye ve Ofis › Kırtasiye › Defter ve Kağıt",CREATE_NEW,,false,false,false,,,0,0,0,0,0,0,LOW,
,,,,,,Not Kağıdı,kitap-kirtasiye-ve-ofis-kirtasiye-defter-ve-kagit-not-kagidi,"Kitap, Kırtasiye ve Ofis › Kırtasiye › Defter ve Kağıt › Not Kağıdı","Kitap, Kırtasiye ve Ofis › Kırtasiye › Defter ve Kağıt",CREATE_NEW,,false,false,false,,,0,0,0,0,0,0,LOW,
,,,,,,Etiket,kitap-kirtasiye-ve-ofis-kirtasiye-defter-ve-kagit-etiket,"Kitap, Kırtasiye ve Ofis › Kırtasiye › Defter ve Kağıt › Etiket","Kitap, Kırtasiye ve Ofis › Kırtasiye › Defter ve Kağıt",CREATE_NEW,,false,false,false,,,0,0,0,0,0,0,LOW,
,,,,,,Zarf,kitap-kirtasiye-ve-ofis-kirtasiye-defter-ve-kagit-zarf,"Kitap, Kırtasiye ve Ofis › Kırtasiye › Defter ve Kağıt › Zarf","Kitap, Kırtasiye ve Ofis › Kırtasiye › Defter ve Kağıt",CREATE_NEW,,false,false,false,,,0,0,0,0,0,0,LOW,
,,,,,,Okul Gereçleri,kitap-kirtasiye-ve-ofis-kirtasiye-okul-gerecleri,"Kitap, Kırtasiye ve Ofis › Kırtasiye › Okul Gereçleri","Kitap, Kırtasiye ve Ofis › Kırtasiye",CREATE_NEW,,false,false,false,,,0,0,0,0,0,0,LOW,
,,,,,,Kalem Kutusu,kitap-kirtasiye-ve-ofis-kirtasiye-okul-gerecleri-kalem-kutusu,"Kitap, Kırtasiye ve Ofis › Kırtasiye › Okul Gereçleri › Kalem Kutusu","Kitap, Kırtasiye ve Ofis › Kırtasiye › Okul Gereçleri",CREATE_NEW,,false,false,false,,,0,0,0,0,0,0,LOW,
,,,,,,Okul Çantası,kitap-kirtasiye-ve-ofis-kirtasiye-okul-gerecleri-okul-cantasi,"Kitap, Kırtasiye ve Ofis › Kırtasiye › Okul Gereçleri › Okul Çantası","Kitap, Kırtasiye ve Ofis › Kırtasiye › Okul Gereçleri",CREATE_NEW,,false,false,false,,,0,0,0,0,0,0,LOW,
,,,,,,Boya Seti,kitap-kirtasiye-ve-ofis-kirtasiye-okul-gerecleri-boya-seti,"Kitap, Kırtasiye ve Ofis › Kırtasiye › Okul Gereçleri › Boya Seti","Kitap, Kırtasiye ve Ofis › Kırtasiye › Okul Gereçleri",CREATE_NEW,,false,false,false,,,0,0,0,0,0,0,LOW,
,,,,,,Cetvel Seti,kitap-kirtasiye-ve-ofis-kirtasiye-okul-gerecleri-cetvel-seti,"Kitap, Kırtasiye ve Ofis › Kırtasiye › Okul Gereçleri › Cetvel Seti","Kitap, Kırtasiye ve Ofis › Kırtasiye › Okul Gereçleri",CREATE_NEW,,false,false,false,,,0,0,0,0,0,0,LOW,
,,,,,,Makas,kitap-kirtasiye-ve-ofis-kirtasiye-okul-gerecleri-makas,"Kitap, Kırtasiye ve Ofis › Kırtasiye › Okul Gereçleri › Makas","Kitap, Kırtasiye ve Ofis › Kırtasiye › Okul Gereçleri",CREATE_NEW,,false,false,false,,,0,0,0,0,0,0,LOW,
,,,,,,Yapıştırıcı,kitap-kirtasiye-ve-ofis-kirtasiye-okul-gerecleri-yapistirici,"Kitap, Kırtasiye ve Ofis › Kırtasiye › Okul Gereçleri › Yapıştırıcı","Kitap, Kırtasiye ve Ofis › Kırtasiye › Okul Gereçleri",CREATE_NEW,,false,false,false,,,0,0,0,0,0,0,LOW,
,,,,,,Ofis,kitap-kirtasiye-ve-ofis-ofis,"Kitap, Kırtasiye ve Ofis › Ofis","Kitap, Kırtasiye ve Ofis",CREATE_NEW,,false,false,false,,,0,0,0,0,0,0,LOW,
,,,,,,Ofis Makineleri,kitap-kirtasiye-ve-ofis-ofis-ofis-makineleri,"Kitap, Kırtasiye ve Ofis › Ofis › Ofis Makineleri","Kitap, Kırtasiye ve Ofis › Ofis",CREATE_NEW,,false,false,false,,,0,0,0,0,0,0,LOW,
,,,,,,Yazıcı,kitap-kirtasiye-ve-ofis-ofis-ofis-makineleri-yazici,"Kitap, Kırtasiye ve Ofis › Ofis › Ofis Makineleri › Yazıcı","Kitap, Kırtasiye ve Ofis › Ofis › Ofis Makineleri",CREATE_NEW,,false,false,false,,,0,0,0,0,0,0,LOW,
,,,,,,Fotokopi Makinesi,kitap-kirtasiye-ve-ofis-ofis-ofis-makineleri-fotokopi-makinesi,"Kitap, Kırtasiye ve Ofis › Ofis › Ofis Makineleri › Fotokopi Makinesi","Kitap, Kırtasiye ve Ofis › Ofis › Ofis Makineleri",CREATE_NEW,,false,false,false,,,0,0,0,0,0,0,LOW,
,,,,,,Para Sayma Makinesi,kitap-kirtasiye-ve-ofis-ofis-ofis-makineleri-para-sayma-makinesi,"Kitap, Kırtasiye ve Ofis › Ofis › Ofis Makineleri › Para Sayma Makinesi","Kitap, Kırtasiye ve Ofis › Ofis › Ofis Makineleri",CREATE_NEW,,false,false,false,,,0,0,0,0,0,0,LOW,
,,,,,,Laminasyon Makinesi,kitap-kirtasiye-ve-ofis-ofis-ofis-makineleri-laminasyon-makinesi,"Kitap, Kırtasiye ve Ofis › Ofis › Ofis Makineleri › Laminasyon Makinesi","Kitap, Kırtasiye ve Ofis › Ofis › Ofis Makineleri",CREATE_NEW,,false,false,false,,,0,0,0,0,0,0,LOW,
,,,,,,Evrak İmha Makinesi,kitap-kirtasiye-ve-ofis-ofis-ofis-makineleri-evrak-imha-makinesi,"Kitap, Kırtasiye ve Ofis › Ofis › Ofis Makineleri › Evrak İmha Makinesi","Kitap, Kırtasiye ve Ofis › Ofis › Ofis Makineleri",CREATE_NEW,,false,false,false,,,0,0,0,0,0,0,LOW,
,,,,,,Ofis Sarf,kitap-kirtasiye-ve-ofis-ofis-ofis-sarf,"Kitap, Kırtasiye ve Ofis › Ofis › Ofis Sarf","Kitap, Kırtasiye ve Ofis › Ofis",CREATE_NEW,,false,false,false,,,0,0,0,0,0,0,LOW,
,,,,,,Toner,kitap-kirtasiye-ve-ofis-ofis-ofis-sarf-toner,"Kitap, Kırtasiye ve Ofis › Ofis › Ofis Sarf › Toner","Kitap, Kırtasiye ve Ofis › Ofis › Ofis Sarf",CREATE_NEW,,false,false,false,,,0,0,0,0,0,0,LOW,
,,,,,,Kartuş,kitap-kirtasiye-ve-ofis-ofis-ofis-sarf-kartus,"Kitap, Kırtasiye ve Ofis › Ofis › Ofis Sarf › Kartuş","Kitap, Kırtasiye ve Ofis › Ofis › Ofis Sarf",CREATE_NEW,,false,false,false,,,0,0,0,0,0,0,LOW,
,,,,,,Zımba,kitap-kirtasiye-ve-ofis-ofis-ofis-sarf-zimba,"Kitap, Kırtasiye ve Ofis › Ofis › Ofis Sarf › Zımba","Kitap, Kırtasiye ve Ofis › Ofis › Ofis Sarf",CREATE_NEW,,false,false,false,,,0,0,0,0,0,0,LOW,
,,,,,,Delgeç,kitap-kirtasiye-ve-ofis-ofis-ofis-sarf-delgec,"Kitap, Kırtasiye ve Ofis › Ofis › Ofis Sarf › Delgeç","Kitap, Kırtasiye ve Ofis › Ofis › Ofis Sarf",CREATE_NEW,,false,false,false,,,0,0,0,0,0,0,LOW,
,,,,,,Dosya,kitap-kirtasiye-ve-ofis-ofis-ofis-sarf-dosya,"Kitap, Kırtasiye ve Ofis › Ofis › Ofis Sarf › Dosya","Kitap, Kırtasiye ve Ofis › Ofis › Ofis Sarf",CREATE_NEW,,false,false,false,,,0,0,0,0,0,0,LOW,
,,,,,,Klasör,kitap-kirtasiye-ve-ofis-ofis-ofis-sarf-klasor,"Kitap, Kırtasiye ve Ofis › Ofis › Ofis Sarf › Klasör","Kitap, Kırtasiye ve Ofis › Ofis › Ofis Sarf",CREATE_NEW,,false,false,false,,,0,0,0,0,0,0,LOW,
cmsg3xixp00jruzdcnknxszg1,Ofis Mobilyası,sifir-urun-ofis-kirtasiye__ofis-mobilya,sifir-urun/sifir-urun-ofis-kirtasiye/ofis-mobilya,cms93j5pg0033uz3gj3ie66g7,sifir,Ofis Mobilyası,kitap-kirtasiye-ve-ofis-ofis-ofis-mobilyasi,"Kitap, Kırtasiye ve Ofis › Ofis › Ofis Mobilyası","Kitap, Kırtasiye ve Ofis › Ofis",MOVE,cmsg3xixp00jruzdcnknxszg1,true,true,true,,,0,0,0,13,1,0,LOW,move from parent 'Ofis & Kırtasiye' → 'Ofis'
,,,,,,Ofis Masası,kitap-kirtasiye-ve-ofis-ofis-ofis-mobilyasi-ofis-masasi,"Kitap, Kırtasiye ve Ofis › Ofis › Ofis Mobilyası › Ofis Masası","Kitap, Kırtasiye ve Ofis › Ofis › Ofis Mobilyası",CREATE_NEW,,false,false,false,,,0,0,0,0,0,0,LOW,
,,,,,,Ofis Koltuğu,kitap-kirtasiye-ve-ofis-ofis-ofis-mobilyasi-ofis-koltugu,"Kitap, Kırtasiye ve Ofis › Ofis › Ofis Mobilyası › Ofis Koltuğu","Kitap, Kırtasiye ve Ofis › Ofis › Ofis Mobilyası",CREATE_NEW,,false,false,false,,,0,0,0,0,0,0,LOW,
,,,,,,Dosya Dolabı,kitap-kirtasiye-ve-ofis-ofis-ofis-mobilyasi-dosya-dolabi,"Kitap, Kırtasiye ve Ofis › Ofis › Ofis Mobilyası › Dosya Dolabı","Kitap, Kırtasiye ve Ofis › Ofis › Ofis Mobilyası",CREATE_NEW,,false,false,false,,,0,0,0,0,0,0,LOW,
,,,,,,Toplantı Masası,kitap-kirtasiye-ve-ofis-ofis-ofis-mobilyasi-toplanti-masasi,"Kitap, Kırtasiye ve Ofis › Ofis › Ofis Mobilyası › Toplantı Masası","Kitap, Kırtasiye ve Ofis › Ofis › Ofis Mobilyası",CREATE_NEW,,false,false,false,,,0,0,0,0,0,0,LOW,
,,,,,,Resepsiyon Bankosu,kitap-kirtasiye-ve-ofis-ofis-ofis-mobilyasi-resepsiyon-bankosu,"Kitap, Kırtasiye ve Ofis › Ofis › Ofis Mobilyası › Resepsiyon Bankosu","Kitap, Kırtasiye ve Ofis › Ofis › Ofis Mobilyası",CREATE_NEW,,false,false,false,,,0,0,0,0,0,0,LOW,
cms93j5px0037uz3g9salmdtp,Pet Shop,sifir-urun-pet-shop,sifir-urun/sifir-urun-pet-shop,cms93j5l1001vuz3gboidp5m9,sifir,Pet Shop,pet-shop,Pet Shop,,KEEP,cms93j5px0037uz3g9salmdtp,true,false,false,,,0,0,0,12,1,0,LOW,
,,,,,,Kedi,pet-shop-kedi,Pet Shop › Kedi,Pet Shop,CREATE_NEW,,false,false,false,,,0,0,0,0,0,0,LOW,
,,,,,,Beslenme,pet-shop-kedi-beslenme,Pet Shop › Kedi › Beslenme,Pet Shop › Kedi,CREATE_NEW,,false,false,false,,,0,0,0,0,0,0,LOW,
,,,,,,Kedi Maması,pet-shop-kedi-beslenme-kedi-mamasi,Pet Shop › Kedi › Beslenme › Kedi Maması,Pet Shop › Kedi › Beslenme,CREATE_NEW,,false,false,false,,,0,0,0,0,0,0,LOW,
,,,,,,Yaş Mama,pet-shop-kedi-beslenme-yas-mama,Pet Shop › Kedi › Beslenme › Yaş Mama,Pet Shop › Kedi › Beslenme,CREATE_NEW,,false,false,false,,,0,0,0,0,0,0,LOW,
,,,,,,Ödül Maması,pet-shop-kedi-beslenme-odul-mamasi,Pet Shop › Kedi › Beslenme › Ödül Maması,Pet Shop › Kedi › Beslenme,CREATE_NEW,,false,false,false,,,0,0,0,0,0,0,LOW,
,,,,,,Mama Kabı,pet-shop-kedi-beslenme-mama-kabi,Pet Shop › Kedi › Beslenme › Mama Kabı,Pet Shop › Kedi › Beslenme,CREATE_NEW,,false,false,false,,,0,0,0,0,0,0,LOW,
,,,,,,Su Pınarı,pet-shop-kedi-beslenme-su-pinari,Pet Shop › Kedi › Beslenme › Su Pınarı,Pet Shop › Kedi › Beslenme,CREATE_NEW,,false,false,false,,,0,0,0,0,0,0,LOW,
,,,,,,Bakım,pet-shop-kedi-bakim,Pet Shop › Kedi › Bakım,Pet Shop › Kedi,CREATE_NEW,,false,false,false,,,0,0,0,0,0,0,LOW,
,,,,,,Kedi Kumu,pet-shop-kedi-bakim-kedi-kumu,Pet Shop › Kedi › Bakım › Kedi Kumu,Pet Shop › Kedi › Bakım,CREATE_NEW,,false,false,false,,,0,0,0,0,0,0,LOW,
,,,,,,Kum Kabı,pet-shop-kedi-bakim-kum-kabi,Pet Shop › Kedi › Bakım › Kum Kabı,Pet Shop › Kedi › Bakım,CREATE_NEW,,false,false,false,,,0,0,0,0,0,0,LOW,
,,,,,,Tırmalama Tahtası,pet-shop-kedi-bakim-tirmalama-tahtasi,Pet Shop › Kedi › Bakım › Tırmalama Tahtası,Pet Shop › Kedi › Bakım,CREATE_NEW,,false,false,false,,,0,0,0,0,0,0,LOW,
,,,,,,Tarak,pet-shop-kedi-bakim-tarak,Pet Shop › Kedi › Bakım › Tarak,Pet Shop › Kedi › Bakım,CREATE_NEW,,false,false,false,,,0,0,0,0,0,0,LOW,
,,,,,,Şampuan,pet-shop-kedi-bakim-sampuan,Pet Shop › Kedi › Bakım › Şampuan,Pet Shop › Kedi › Bakım,CREATE_NEW,,false,false,false,,,0,0,0,0,0,0,LOW,
,,,,,,Aksesuar,pet-shop-kedi-aksesuar,Pet Shop › Kedi › Aksesuar,Pet Shop › Kedi,CREATE_NEW,,false,false,false,,,0,0,0,0,0,0,LOW,
,,,,,,Kedi Yatağı,pet-shop-kedi-aksesuar-kedi-yatagi,Pet Shop › Kedi › Aksesuar › Kedi Yatağı,Pet Shop › Kedi › Aksesuar,CREATE_NEW,,false,false,false,,,0,0,0,0,0,0,LOW,
,,,,,,Taşıma Çantası,pet-shop-kedi-aksesuar-tasima-cantasi,Pet Shop › Kedi › Aksesuar › Taşıma Çantası,Pet Shop › Kedi › Aksesuar,CREATE_NEW,,false,false,false,,,0,0,0,0,0,0,LOW,
,,,,,,Tasma,pet-shop-kedi-aksesuar-tasma,Pet Shop › Kedi › Aksesuar › Tasma,Pet Shop › Kedi › Aksesuar,CREATE_NEW,,false,false,false,,,0,0,0,0,0,0,LOW,
,,,,,,Oyuncak,pet-shop-kedi-aksesuar-oyuncak,Pet Shop › Kedi › Aksesuar › Oyuncak,Pet Shop › Kedi › Aksesuar,CREATE_NEW,,false,false,false,,,0,0,0,0,0,0,LOW,
,,,,,,Kedi Evi,pet-shop-kedi-aksesuar-kedi-evi,Pet Shop › Kedi › Aksesuar › Kedi Evi,Pet Shop › Kedi › Aksesuar,CREATE_NEW,,false,false,false,,,0,0,0,0,0,0,LOW,
,,,,,,Köpek,pet-shop-kopek,Pet Shop › Köpek,Pet Shop,CREATE_NEW,,false,false,false,,,0,0,0,0,0,0,LOW,
,,,,,,Beslenme,pet-shop-kopek-beslenme,Pet Shop › Köpek › Beslenme,Pet Shop › Köpek,CREATE_NEW,,false,false,false,,,0,0,0,0,0,0,LOW,
,,,,,,Köpek Maması,pet-shop-kopek-beslenme-kopek-mamasi,Pet Shop › Köpek › Beslenme › Köpek Maması,Pet Shop › Köpek › Beslenme,CREATE_NEW,,false,false,false,,,0,0,0,0,0,0,LOW,
,,,,,,Yaş Mama,pet-shop-kopek-beslenme-yas-mama,Pet Shop › Köpek › Beslenme › Yaş Mama,Pet Shop › Köpek › Beslenme,CREATE_NEW,,false,false,false,,,0,0,0,0,0,0,LOW,
,,,,,,Ödül Maması,pet-shop-kopek-beslenme-odul-mamasi,Pet Shop › Köpek › Beslenme › Ödül Maması,Pet Shop › Köpek › Beslenme,CREATE_NEW,,false,false,false,,,0,0,0,0,0,0,LOW,
,,,,,,Mama Kabı,pet-shop-kopek-beslenme-mama-kabi,Pet Shop › Köpek › Beslenme › Mama Kabı,Pet Shop › Köpek › Beslenme,CREATE_NEW,,false,false,false,,,0,0,0,0,0,0,LOW,
,,,,,,Su Kabı,pet-shop-kopek-beslenme-su-kabi,Pet Shop › Köpek › Beslenme › Su Kabı,Pet Shop › Köpek › Beslenme,CREATE_NEW,,false,false,false,,,0,0,0,0,0,0,LOW,
,,,,,,Bakım,pet-shop-kopek-bakim,Pet Shop › Köpek › Bakım,Pet Shop › Köpek,CREATE_NEW,,false,false,false,,,0,0,0,0,0,0,LOW,
,,,,,,Şampuan,pet-shop-kopek-bakim-sampuan,Pet Shop › Köpek › Bakım › Şampuan,Pet Shop › Köpek › Bakım,CREATE_NEW,,false,false,false,,,0,0,0,0,0,0,LOW,
,,,,,,Tarak,pet-shop-kopek-bakim-tarak,Pet Shop › Köpek › Bakım › Tarak,Pet Shop › Köpek › Bakım,CREATE_NEW,,false,false,false,,,0,0,0,0,0,0,LOW,
,,,,,,Tırnak Makası,pet-shop-kopek-bakim-tirnak-makasi,Pet Shop › Köpek › Bakım › Tırnak Makası,Pet Shop › Köpek › Bakım,CREATE_NEW,,false,false,false,,,0,0,0,0,0,0,LOW,
,,,,,,Ped,pet-shop-kopek-bakim-ped,Pet Shop › Köpek › Bakım › Ped,Pet Shop › Köpek › Bakım,CREATE_NEW,,false,false,false,,,0,0,0,0,0,0,LOW,
,,,,,,Ağız Bakımı,pet-shop-kopek-bakim-agiz-bakimi,Pet Shop › Köpek › Bakım › Ağız Bakımı,Pet Shop › Köpek › Bakım,CREATE_NEW,,false,false,false,,,0,0,0,0,0,0,LOW,
,,,,,,Aksesuar,pet-shop-kopek-aksesuar,Pet Shop › Köpek › Aksesuar,Pet Shop › Köpek,CREATE_NEW,,false,false,false,,,0,0,0,0,0,0,LOW,
,,,,,,Tasma,pet-shop-kopek-aksesuar-tasma,Pet Shop › Köpek › Aksesuar › Tasma,Pet Shop › Köpek › Aksesuar,CREATE_NEW,,false,false,false,,,0,0,0,0,0,0,LOW,
,,,,,,Gezdirme Kayışı,pet-shop-kopek-aksesuar-gezdirme-kayisi,Pet Shop › Köpek › Aksesuar › Gezdirme Kayışı,Pet Shop › Köpek › Aksesuar,CREATE_NEW,,false,false,false,,,0,0,0,0,0,0,LOW,
,,,,,,Göğüs Tasması,pet-shop-kopek-aksesuar-gogus-tasmasi,Pet Shop › Köpek › Aksesuar › Göğüs Tasması,Pet Shop › Köpek › Aksesuar,CREATE_NEW,,false,false,false,,,0,0,0,0,0,0,LOW,
,,,,,,Köpek Yatağı,pet-shop-kopek-aksesuar-kopek-yatagi,Pet Shop › Köpek › Aksesuar › Köpek Yatağı,Pet Shop › Köpek › Aksesuar,CREATE_NEW,,false,false,false,,,0,0,0,0,0,0,LOW,
,,,,,,Taşıma Çantası,pet-shop-kopek-aksesuar-tasima-cantasi,Pet Shop › Köpek › Aksesuar › Taşıma Çantası,Pet Shop › Köpek › Aksesuar,CREATE_NEW,,false,false,false,,,0,0,0,0,0,0,LOW,
,,,,,,Oyuncak,pet-shop-kopek-aksesuar-oyuncak,Pet Shop › Köpek › Aksesuar › Oyuncak,Pet Shop › Köpek › Aksesuar,CREATE_NEW,,false,false,false,,,0,0,0,0,0,0,LOW,
,,,,,,Köpek Kulübesi,pet-shop-kopek-aksesuar-kopek-kulubesi,Pet Shop › Köpek › Aksesuar › Köpek Kulübesi,Pet Shop › Köpek › Aksesuar,CREATE_NEW,,false,false,false,,,0,0,0,0,0,0,LOW,
,,,,,,Kuş ve Kemirgen,pet-shop-kus-ve-kemirgen,Pet Shop › Kuş ve Kemirgen,Pet Shop,CREATE_NEW,,false,false,false,,,0,0,0,0,0,0,LOW,
,,,,,,Kuş,pet-shop-kus-ve-kemirgen-kus,Pet Shop › Kuş ve Kemirgen › Kuş,Pet Shop › Kuş ve Kemirgen,CREATE_NEW,,false,false,false,,,0,0,0,0,0,0,LOW,
,,,,,,Kuş Yemi,pet-shop-kus-ve-kemirgen-kus-kus-yemi,Pet Shop › Kuş ve Kemirgen › Kuş › Kuş Yemi,Pet Shop › Kuş ve Kemirgen › Kuş,CREATE_NEW,,false,false,false,,,0,0,0,0,0,0,LOW,
,,,,,,Kafes,pet-shop-kus-ve-kemirgen-kus-kafes,Pet Shop › Kuş ve Kemirgen › Kuş › Kafes,Pet Shop › Kuş ve Kemirgen › Kuş,CREATE_NEW,,false,false,false,,,0,0,0,0,0,0,LOW,
,,,,,,Tünek,pet-shop-kus-ve-kemirgen-kus-tunek,Pet Shop › Kuş ve Kemirgen › Kuş › Tünek,Pet Shop › Kuş ve Kemirgen › Kuş,CREATE_NEW,,false,false,false,,,0,0,0,0,0,0,LOW,
,,,,,,Suluk,pet-shop-kus-ve-kemirgen-kus-suluk,Pet Shop › Kuş ve Kemirgen › Kuş › Suluk,Pet Shop › Kuş ve Kemirgen › Kuş,CREATE_NEW,,false,false,false,,,0,0,0,0,0,0,LOW,
,,,,,,Oyuncak,pet-shop-kus-ve-kemirgen-kus-oyuncak,Pet Shop › Kuş ve Kemirgen › Kuş › Oyuncak,Pet Shop › Kuş ve Kemirgen › Kuş,CREATE_NEW,,false,false,false,,,0,0,0,0,0,0,LOW,
,,,,,,Kemirgen,pet-shop-kus-ve-kemirgen-kemirgen,Pet Shop › Kuş ve Kemirgen › Kemirgen,Pet Shop › Kuş ve Kemirgen,CREATE_NEW,,false,false,false,,,0,0,0,0,0,0,LOW,
,,,,,,Kemirgen Yemi,pet-shop-kus-ve-kemirgen-kemirgen-kemirgen-yemi,Pet Shop › Kuş ve Kemirgen › Kemirgen › Kemirgen Yemi,Pet Shop › Kuş ve Kemirgen › Kemirgen,CREATE_NEW,,false,false,false,,,0,0,0,0,0,0,LOW,
,,,,,,Kafes,pet-shop-kus-ve-kemirgen-kemirgen-kafes,Pet Shop › Kuş ve Kemirgen › Kemirgen › Kafes,Pet Shop › Kuş ve Kemirgen › Kemirgen,CREATE_NEW,,false,false,false,,,0,0,0,0,0,0,LOW,
,,,,,,Talaş,pet-shop-kus-ve-kemirgen-kemirgen-talas,Pet Shop › Kuş ve Kemirgen › Kemirgen › Talaş,Pet Shop › Kuş ve Kemirgen › Kemirgen,CREATE_NEW,,false,false,false,,,0,0,0,0,0,0,LOW,
,,,,,,Suluk,pet-shop-kus-ve-kemirgen-kemirgen-suluk,Pet Shop › Kuş ve Kemirgen › Kemirgen › Suluk,Pet Shop › Kuş ve Kemirgen › Kemirgen,CREATE_NEW,,false,false,false,,,0,0,0,0,0,0,LOW,
,,,,,,Oyuncak,pet-shop-kus-ve-kemirgen-kemirgen-oyuncak,Pet Shop › Kuş ve Kemirgen › Kemirgen › Oyuncak,Pet Shop › Kuş ve Kemirgen › Kemirgen,CREATE_NEW,,false,false,false,,,0,0,0,0,0,0,LOW,
cmsg3xj4000l3uzdcd5neczgm,Akvaryum,sifir-urun-pet-shop__akvaryum,sifir-urun/sifir-urun-pet-shop/akvaryum,cms93j5px0037uz3g9salmdtp,sifir,Akvaryum,pet-shop-akvaryum,Pet Shop › Akvaryum,Pet Shop,KEEP,cmsg3xj4000l3uzdcd5neczgm,true,false,false,,,0,0,0,12,1,0,LOW,
,,,,,,Akvaryum Ürünleri,pet-shop-akvaryum-akvaryum-urunleri,Pet Shop › Akvaryum › Akvaryum Ürünleri,Pet Shop › Akvaryum,CREATE_NEW,,false,false,false,,,0,0,0,0,0,0,LOW,
cmsg3xj4000l3uzdcd5neczgm,Akvaryum,sifir-urun-pet-shop__akvaryum,sifir-urun/sifir-urun-pet-shop/akvaryum,cms93j5px0037uz3g9salmdtp,sifir,Akvaryum,pet-shop-akvaryum-akvaryum-urunleri-akvaryum,Pet Shop › Akvaryum › Akvaryum Ürünleri › Akvaryum,Pet Shop › Akvaryum › Akvaryum Ürünleri,MOVE,cmsg3xj4000l3uzdcd5neczgm,true,true,true,,,0,0,0,12,1,0,LOW,move from parent 'Pet Shop' → 'Akvaryum Ürünleri'
,,,,,,Filtre,pet-shop-akvaryum-akvaryum-urunleri-filtre,Pet Shop › Akvaryum › Akvaryum Ürünleri › Filtre,Pet Shop › Akvaryum › Akvaryum Ürünleri,CREATE_NEW,,false,false,false,,,0,0,0,0,0,0,LOW,
,,,,,,Isıtıcı,pet-shop-akvaryum-akvaryum-urunleri-isitici,Pet Shop › Akvaryum › Akvaryum Ürünleri › Isıtıcı,Pet Shop › Akvaryum › Akvaryum Ürünleri,CREATE_NEW,,false,false,false,,,0,0,0,0,0,0,LOW,
,,,,,,Hava Motoru,pet-shop-akvaryum-akvaryum-urunleri-hava-motoru,Pet Shop › Akvaryum › Akvaryum Ürünleri › Hava Motoru,Pet Shop › Akvaryum › Akvaryum Ürünleri,CREATE_NEW,,false,false,false,,,0,0,0,0,0,0,LOW,
cmsg3xi9a00eluzdc6kwo0dqz,Aydınlatma,sifir-urun-ev-dekorasyon__aydinlatma,sifir-urun/ev-ve-yasam/ev-dekorasyon-mobilya/ev-dekorasyon/aydinlatma,cmsg4wp8w002fuzxwt18nv883,sifir,Aydınlatma,pet-shop-akvaryum-akvaryum-urunleri-aydinlatma,Pet Shop › Akvaryum › Akvaryum Ürünleri › Aydınlatma,Pet Shop › Akvaryum › Akvaryum Ürünleri,MOVE,cmsg3xi9a00eluzdc6kwo0dqz,true,true,true,,,0,0,0,19,2,0,LOW,move from parent 'Ev Dekorasyon & Mobilya' → 'Akvaryum Ürünleri'
,,,,,,Balık Yemi,pet-shop-akvaryum-akvaryum-urunleri-balik-yemi,Pet Shop › Akvaryum › Akvaryum Ürünleri › Balık Yemi,Pet Shop › Akvaryum › Akvaryum Ürünleri,CREATE_NEW,,false,false,false,,,0,0,0,0,0,0,LOW,
,,,,,,Dekor,pet-shop-akvaryum-akvaryum-urunleri-dekor,Pet Shop › Akvaryum › Akvaryum Ürünleri › Dekor,Pet Shop › Akvaryum › Akvaryum Ürünleri,CREATE_NEW,,false,false,false,,,0,0,0,0,0,0,LOW,
,,,,,,Otomotiv Aksesuar,otomotiv-aksesuar,Otomotiv Aksesuar,,CREATE_NEW,,false,false,false,,,0,0,0,0,0,0,LOW,
,,,,,,Araç İçi,otomotiv-aksesuar-arac-ici,Otomotiv Aksesuar › Araç İçi,Otomotiv Aksesuar,CREATE_NEW,,false,false,false,,,0,0,0,0,0,0,LOW,
,,,,,,Konfor,otomotiv-aksesuar-arac-ici-konfor,Otomotiv Aksesuar › Araç İçi › Konfor,Otomotiv Aksesuar › Araç İçi,CREATE_NEW,,false,false,false,,,0,0,0,0,0,0,LOW,
,,,,,,Koltuk Kılıfı,otomotiv-aksesuar-arac-ici-konfor-koltuk-kilifi,Otomotiv Aksesuar › Araç İçi › Konfor › Koltuk Kılıfı,Otomotiv Aksesuar › Araç İçi › Konfor,CREATE_NEW,,false,false,false,,,0,0,0,0,0,0,LOW,
,,,,,,Paspas,otomotiv-aksesuar-arac-ici-konfor-paspas,Otomotiv Aksesuar › Araç İçi › Konfor › Paspas,Otomotiv Aksesuar › Araç İçi › Konfor,CREATE_NEW,,false,false,false,,,0,0,0,0,0,0,LOW,
,,,,,,Direksiyon Kılıfı,otomotiv-aksesuar-arac-ici-konfor-direksiyon-kilifi,Otomotiv Aksesuar › Araç İçi › Konfor › Direksiyon Kılıfı,Otomotiv Aksesuar › Araç İçi › Konfor,CREATE_NEW,,false,false,false,,,0,0,0,0,0,0,LOW,
,,,,,,Güneşlik,otomotiv-aksesuar-arac-ici-konfor-guneslik,Otomotiv Aksesuar › Araç İçi › Konfor › Güneşlik,Otomotiv Aksesuar › Araç İçi › Konfor,CREATE_NEW,,false,false,false,,,0,0,0,0,0,0,LOW,
,,,,,,Organizer,otomotiv-aksesuar-arac-ici-konfor-organizer,Otomotiv Aksesuar › Araç İçi › Konfor › Organizer,Otomotiv Aksesuar › Araç İçi › Konfor,CREATE_NEW,,false,false,false,,,0,0,0,0,0,0,LOW,
,,,,,,Araç İçi Buzdolabı,otomotiv-aksesuar-arac-ici-konfor-arac-ici-buzdolabi,Otomotiv Aksesuar › Araç İçi › Konfor › Araç İçi Buzdolabı,Otomotiv Aksesuar › Araç İçi › Konfor,CREATE_NEW,,false,false,false,,,0,0,0,0,0,0,LOW,
cmsg4wowy001vuzxwe59qnwfj,Elektronik,sifir-urun__elektronik,sifir-urun/elektronik,cms93j5l1001vuz3gboidp5m9,sifir,Elektronik,otomotiv-aksesuar-arac-ici-elektronik,Otomotiv Aksesuar › Araç İçi › Elektronik,Otomotiv Aksesuar › Araç İçi,MOVE,cmsg4wowy001vuzxwe59qnwfj,true,true,true,,,0,0,0,0,0,0,LOW,move from parent 'Sıfır' → 'Araç İçi'
,,,,,,Araç Kamerası,otomotiv-aksesuar-arac-ici-elektronik-arac-kamerasi,Otomotiv Aksesuar › Araç İçi › Elektronik › Araç Kamerası,Otomotiv Aksesuar › Araç İçi › Elektronik,CREATE_NEW,,false,false,false,,,0,0,0,0,0,0,LOW,
,,,,,,Multimedya Sistemi,otomotiv-aksesuar-arac-ici-elektronik-multimedya-sistemi,Otomotiv Aksesuar › Araç İçi › Elektronik › Multimedya Sistemi,Otomotiv Aksesuar › Araç İçi › Elektronik,CREATE_NEW,,false,false,false,,,0,0,0,0,0,0,LOW,
,,,,,,Navigasyon,otomotiv-aksesuar-arac-ici-elektronik-navigasyon,Otomotiv Aksesuar › Araç İçi › Elektronik › Navigasyon,Otomotiv Aksesuar › Araç İçi › Elektronik,CREATE_NEW,,false,false,false,,,0,0,0,0,0,0,LOW,
,,,,,,FM Transmitter,otomotiv-aksesuar-arac-ici-elektronik-fm-transmitter,Otomotiv Aksesuar › Araç İçi › Elektronik › FM Transmitter,Otomotiv Aksesuar › Araç İçi › Elektronik,CREATE_NEW,,false,false,false,,,0,0,0,0,0,0,LOW,
,,,,,,Araç Şarj Cihazı,otomotiv-aksesuar-arac-ici-elektronik-arac-sarj-cihazi,Otomotiv Aksesuar › Araç İçi › Elektronik › Araç Şarj Cihazı,Otomotiv Aksesuar › Araç İçi › Elektronik,CREATE_NEW,,false,false,false,,,0,0,0,0,0,0,LOW,
,,,,,,Park Sensörü,otomotiv-aksesuar-arac-ici-elektronik-park-sensoru,Otomotiv Aksesuar › Araç İçi › Elektronik › Park Sensörü,Otomotiv Aksesuar › Araç İçi › Elektronik,CREATE_NEW,,false,false,false,,,0,0,0,0,0,0,LOW,
,,,,,,Geri Görüş Kamerası,otomotiv-aksesuar-arac-ici-elektronik-geri-gorus-kamerasi,Otomotiv Aksesuar › Araç İçi › Elektronik › Geri Görüş Kamerası,Otomotiv Aksesuar › Araç İçi › Elektronik,CREATE_NEW,,false,false,false,,,0,0,0,0,0,0,LOW,
,,,,,,Araç Dışı,otomotiv-aksesuar-arac-disi,Otomotiv Aksesuar › Araç Dışı,Otomotiv Aksesuar,CREATE_NEW,,false,false,false,,,0,0,0,0,0,0,LOW,
,,,,,,Koruma ve Görünüm,otomotiv-aksesuar-arac-disi-koruma-ve-gorunum,Otomotiv Aksesuar › Araç Dışı › Koruma ve Görünüm,Otomotiv Aksesuar › Araç Dışı,CREATE_NEW,,false,false,false,,,0,0,0,0,0,0,LOW,
,,,,,,Araç Brandası,otomotiv-aksesuar-arac-disi-koruma-ve-gorunum-arac-brandasi,Otomotiv Aksesuar › Araç Dışı › Koruma ve Görünüm › Araç Brandası,Otomotiv Aksesuar › Araç Dışı › Koruma ve Görünüm,CREATE_NEW,,false,false,false,,,0,0,0,0,0,0,LOW,
,,,,,,Kapı Koruyucu,otomotiv-aksesuar-arac-disi-koruma-ve-gorunum-kapi-koruyucu,Otomotiv Aksesuar › Araç Dışı › Koruma ve Görünüm › Kapı Koruyucu,Otomotiv Aksesuar › Araç Dışı › Koruma ve Görünüm,CREATE_NEW,,false,false,false,,,0,0,0,0,0,0,LOW,
,,,,,,Çamurluk,otomotiv-aksesuar-arac-disi-koruma-ve-gorunum-camurluk,Otomotiv Aksesuar › Araç Dışı › Koruma ve Görünüm › Çamurluk,Otomotiv Aksesuar › Araç Dışı › Koruma ve Görünüm,CREATE_NEW,,false,false,false,,,0,0,0,0,0,0,LOW,
,,,,,,Spoiler,otomotiv-aksesuar-arac-disi-koruma-ve-gorunum-spoiler,Otomotiv Aksesuar › Araç Dışı › Koruma ve Görünüm › Spoiler,Otomotiv Aksesuar › Araç Dışı › Koruma ve Görünüm,CREATE_NEW,,false,false,false,,,0,0,0,0,0,0,LOW,
,,,,,,Rüzgarlık,otomotiv-aksesuar-arac-disi-koruma-ve-gorunum-ruzgarlik,Otomotiv Aksesuar › Araç Dışı › Koruma ve Görünüm › Rüzgarlık,Otomotiv Aksesuar › Araç Dışı › Koruma ve Görünüm,CREATE_NEW,,false,false,false,,,0,0,0,0,0,0,LOW,
,,,,,,Sticker ve Folyo,otomotiv-aksesuar-arac-disi-koruma-ve-gorunum-sticker-ve-folyo,Otomotiv Aksesuar › Araç Dışı › Koruma ve Görünüm › Sticker ve Folyo,Otomotiv Aksesuar › Araç Dışı › Koruma ve Görünüm,CREATE_NEW,,false,false,false,,,0,0,0,0,0,0,LOW,
,,,,,,Taşıma,otomotiv-aksesuar-arac-disi-tasima,Otomotiv Aksesuar › Araç Dışı › Taşıma,Otomotiv Aksesuar › Araç Dışı,CREATE_NEW,,false,false,false,,,0,0,0,0,0,0,LOW,
,,,,,,Tavan Barı,otomotiv-aksesuar-arac-disi-tasima-tavan-bari,Otomotiv Aksesuar › Araç Dışı › Taşıma › Tavan Barı,Otomotiv Aksesuar › Araç Dışı › Taşıma,CREATE_NEW,,false,false,false,,,0,0,0,0,0,0,LOW,
,,,,,,Port Bagaj,otomotiv-aksesuar-arac-disi-tasima-port-bagaj,Otomotiv Aksesuar › Araç Dışı › Taşıma › Port Bagaj,Otomotiv Aksesuar › Araç Dışı › Taşıma,CREATE_NEW,,false,false,false,,,0,0,0,0,0,0,LOW,
,,,,,,Bisiklet Taşıyıcı,otomotiv-aksesuar-arac-disi-tasima-bisiklet-tasiyici,Otomotiv Aksesuar › Araç Dışı › Taşıma › Bisiklet Taşıyıcı,Otomotiv Aksesuar › Araç Dışı › Taşıma,CREATE_NEW,,false,false,false,,,0,0,0,0,0,0,LOW,
,,,,,,Çeki Demiri,otomotiv-aksesuar-arac-disi-tasima-ceki-demiri,Otomotiv Aksesuar › Araç Dışı › Taşıma › Çeki Demiri,Otomotiv Aksesuar › Araç Dışı › Taşıma,CREATE_NEW,,false,false,false,,,0,0,0,0,0,0,LOW,
,,,,,,Bakım ve Temizlik,otomotiv-aksesuar-bakim-ve-temizlik,Otomotiv Aksesuar › Bakım ve Temizlik,Otomotiv Aksesuar,CREATE_NEW,,false,false,false,,,0,0,0,0,0,0,LOW,
,,,,,,Temizlik,otomotiv-aksesuar-bakim-ve-temizlik-temizlik,Otomotiv Aksesuar › Bakım ve Temizlik › Temizlik,Otomotiv Aksesuar › Bakım ve Temizlik,CREATE_NEW,,false,false,false,,,0,0,0,0,0,0,LOW,
,,,,,,Oto Şampuanı,otomotiv-aksesuar-bakim-ve-temizlik-temizlik-oto-sampuani,Otomotiv Aksesuar › Bakım ve Temizlik › Temizlik › Oto Şampuanı,Otomotiv Aksesuar › Bakım ve Temizlik › Temizlik,CREATE_NEW,,false,false,false,,,0,0,0,0,0,0,LOW,
,,,,,,Cila,otomotiv-aksesuar-bakim-ve-temizlik-temizlik-cila,Otomotiv Aksesuar › Bakım ve Temizlik › Temizlik › Cila,Otomotiv Aksesuar › Bakım ve Temizlik › Temizlik,CREATE_NEW,,false,false,false,,,0,0,0,0,0,0,LOW,
,,,,,,Seramik Kaplama,otomotiv-aksesuar-bakim-ve-temizlik-temizlik-seramik-kaplama,Otomotiv Aksesuar › Bakım ve Temizlik › Temizlik › Seramik Kaplama,Otomotiv Aksesuar › Bakım ve Temizlik › Temizlik,CREATE_NEW,,false,false,false,,,0,0,0,0,0,0,LOW,
,,,,,,Jant Temizleyici,otomotiv-aksesuar-bakim-ve-temizlik-temizlik-jant-temizleyici,Otomotiv Aksesuar › Bakım ve Temizlik › Temizlik › Jant Temizleyici,Otomotiv Aksesuar › Bakım ve Temizlik › Temizlik,CREATE_NEW,,false,false,false,,,0,0,0,0,0,0,LOW,
,,,,,,Mikrofiber Bez,otomotiv-aksesuar-bakim-ve-temizlik-temizlik-mikrofiber-bez,Otomotiv Aksesuar › Bakım ve Temizlik › Temizlik › Mikrofiber Bez,Otomotiv Aksesuar › Bakım ve Temizlik › Temizlik,CREATE_NEW,,false,false,false,,,0,0,0,0,0,0,LOW,
,,,,,,Araç Süpürgesi,otomotiv-aksesuar-bakim-ve-temizlik-temizlik-arac-supurgesi,Otomotiv Aksesuar › Bakım ve Temizlik › Temizlik › Araç Süpürgesi,Otomotiv Aksesuar › Bakım ve Temizlik › Temizlik,CREATE_NEW,,false,false,false,,,0,0,0,0,0,0,LOW,
,,,,,,Bakım,otomotiv-aksesuar-bakim-ve-temizlik-bakim,Otomotiv Aksesuar › Bakım ve Temizlik › Bakım,Otomotiv Aksesuar › Bakım ve Temizlik,CREATE_NEW,,false,false,false,,,0,0,0,0,0,0,LOW,
,,,,,,Motor Yağı,otomotiv-aksesuar-bakim-ve-temizlik-bakim-motor-yagi,Otomotiv Aksesuar › Bakım ve Temizlik › Bakım › Motor Yağı,Otomotiv Aksesuar › Bakım ve Temizlik › Bakım,CREATE_NEW,,false,false,false,,,0,0,0,0,0,0,LOW,
,,,,,,Antifriz,otomotiv-aksesuar-bakim-ve-temizlik-bakim-antifriz,Otomotiv Aksesuar › Bakım ve Temizlik › Bakım › Antifriz,Otomotiv Aksesuar › Bakım ve Temizlik › Bakım,CREATE_NEW,,false,false,false,,,0,0,0,0,0,0,LOW,
,,,,,,Cam Suyu,otomotiv-aksesuar-bakim-ve-temizlik-bakim-cam-suyu,Otomotiv Aksesuar › Bakım ve Temizlik › Bakım › Cam Suyu,Otomotiv Aksesuar › Bakım ve Temizlik › Bakım,CREATE_NEW,,false,false,false,,,0,0,0,0,0,0,LOW,
,,,,,,Katkı Ürünleri,otomotiv-aksesuar-bakim-ve-temizlik-bakim-katki-urunleri,Otomotiv Aksesuar › Bakım ve Temizlik › Bakım › Katkı Ürünleri,Otomotiv Aksesuar › Bakım ve Temizlik › Bakım,CREATE_NEW,,false,false,false,,,0,0,0,0,0,0,LOW,
,,,,,,Akü Şarj Cihazı,otomotiv-aksesuar-bakim-ve-temizlik-bakim-aku-sarj-cihazi,Otomotiv Aksesuar › Bakım ve Temizlik › Bakım › Akü Şarj Cihazı,Otomotiv Aksesuar › Bakım ve Temizlik › Bakım,CREATE_NEW,,false,false,false,,,0,0,0,0,0,0,LOW,
,,,,,,Yedek Parça ve Ekipman,otomotiv-aksesuar-yedek-parca-ve-ekipman,Otomotiv Aksesuar › Yedek Parça ve Ekipman,Otomotiv Aksesuar,CREATE_NEW,,false,false,false,,,0,0,0,0,0,0,LOW,
,,,,,,Temel Parça,otomotiv-aksesuar-yedek-parca-ve-ekipman-temel-parca,Otomotiv Aksesuar › Yedek Parça ve Ekipman › Temel Parça,Otomotiv Aksesuar › Yedek Parça ve Ekipman,CREATE_NEW,,false,false,false,,,0,0,0,0,0,0,LOW,
,,,,,,Akü,otomotiv-aksesuar-yedek-parca-ve-ekipman-temel-parca-aku,Otomotiv Aksesuar › Yedek Parça ve Ekipman › Temel Parça › Akü,Otomotiv Aksesuar › Yedek Parça ve Ekipman › Temel Parça,CREATE_NEW,,false,false,false,,,0,0,0,0,0,0,LOW,
,,,,,,Silecek,otomotiv-aksesuar-yedek-parca-ve-ekipman-temel-parca-silecek,Otomotiv Aksesuar › Yedek Parça ve Ekipman › Temel Parça › Silecek,Otomotiv Aksesuar › Yedek Parça ve Ekipman › Temel Parça,CREATE_NEW,,false,false,false,,,0,0,0,0,0,0,LOW,
,,,,,,Ampul,otomotiv-aksesuar-yedek-parca-ve-ekipman-temel-parca-ampul,Otomotiv Aksesuar › Yedek Parça ve Ekipman › Temel Parça › Ampul,Otomotiv Aksesuar › Yedek Parça ve Ekipman › Temel Parça,CREATE_NEW,,false,false,false,,,0,0,0,0,0,0,LOW,
,,,,,,Filtre,otomotiv-aksesuar-yedek-parca-ve-ekipman-temel-parca-filtre,Otomotiv Aksesuar › Yedek Parça ve Ekipman › Temel Parça › Filtre,Otomotiv Aksesuar › Yedek Parça ve Ekipman › Temel Parça,CREATE_NEW,,false,false,false,,,0,0,0,0,0,0,LOW,
,,,,,,Buji,otomotiv-aksesuar-yedek-parca-ve-ekipman-temel-parca-buji,Otomotiv Aksesuar › Yedek Parça ve Ekipman › Temel Parça › Buji,Otomotiv Aksesuar › Yedek Parça ve Ekipman › Temel Parça,CREATE_NEW,,false,false,false,,,0,0,0,0,0,0,LOW,
,,,,,,Fren Balatası,otomotiv-aksesuar-yedek-parca-ve-ekipman-temel-parca-fren-balatasi,Otomotiv Aksesuar › Yedek Parça ve Ekipman › Temel Parça › Fren Balatası,Otomotiv Aksesuar › Yedek Parça ve Ekipman › Temel Parça,CREATE_NEW,,false,false,false,,,0,0,0,0,0,0,LOW,
,,,,,,Debriyaj Seti,otomotiv-aksesuar-yedek-parca-ve-ekipman-temel-parca-debriyaj-seti,Otomotiv Aksesuar › Yedek Parça ve Ekipman › Temel Parça › Debriyaj Seti,Otomotiv Aksesuar › Yedek Parça ve Ekipman › Temel Parça,CREATE_NEW,,false,false,false,,,0,0,0,0,0,0,LOW,
,,,,,,Lastik ve Jant,otomotiv-aksesuar-yedek-parca-ve-ekipman-lastik-ve-jant,Otomotiv Aksesuar › Yedek Parça ve Ekipman › Lastik ve Jant,Otomotiv Aksesuar › Yedek Parça ve Ekipman,CREATE_NEW,,false,false,false,,,0,0,0,0,0,0,LOW,
,,,,,,Otomobil Lastiği,otomotiv-aksesuar-yedek-parca-ve-ekipman-lastik-ve-jant-otomobil-lastigi,Otomotiv Aksesuar › Yedek Parça ve Ekipman › Lastik ve Jant › Otomobil Lastiği,Otomotiv Aksesuar › Yedek Parça ve Ekipman › Lastik ve Jant,CREATE_NEW,,false,false,false,,,0,0,0,0,0,0,LOW,
,,,,,,SUV Lastiği,otomotiv-aksesuar-yedek-parca-ve-ekipman-lastik-ve-jant-suv-lastigi,Otomotiv Aksesuar › Yedek Parça ve Ekipman › Lastik ve Jant › SUV Lastiği,Otomotiv Aksesuar › Yedek Parça ve Ekipman › Lastik ve Jant,CREATE_NEW,,false,false,false,,,0,0,0,0,0,0,LOW,
,,,,,,Motosiklet Lastiği,otomotiv-aksesuar-yedek-parca-ve-ekipman-lastik-ve-jant-motosiklet-lastigi,Otomotiv Aksesuar › Yedek Parça ve Ekipman › Lastik ve Jant › Motosiklet Lastiği,Otomotiv Aksesuar › Yedek Parça ve Ekipman › Lastik ve Jant,CREATE_NEW,,false,false,false,,,0,0,0,0,0,0,LOW,
,,,,,,Jant,otomotiv-aksesuar-yedek-parca-ve-ekipman-lastik-ve-jant-jant,Otomotiv Aksesuar › Yedek Parça ve Ekipman › Lastik ve Jant › Jant,Otomotiv Aksesuar › Yedek Parça ve Ekipman › Lastik ve Jant,CREATE_NEW,,false,false,false,,,0,0,0,0,0,0,LOW,
,,,,,,Jant Kapağı,otomotiv-aksesuar-yedek-parca-ve-ekipman-lastik-ve-jant-jant-kapagi,Otomotiv Aksesuar › Yedek Parça ve Ekipman › Lastik ve Jant › Jant Kapağı,Otomotiv Aksesuar › Yedek Parça ve Ekipman › Lastik ve Jant,CREATE_NEW,,false,false,false,,,0,0,0,0,0,0,LOW,
,,,,,,Kar Zinciri,otomotiv-aksesuar-yedek-parca-ve-ekipman-lastik-ve-jant-kar-zinciri,Otomotiv Aksesuar › Yedek Parça ve Ekipman › Lastik ve Jant › Kar Zinciri,Otomotiv Aksesuar › Yedek Parça ve Ekipman › Lastik ve Jant,CREATE_NEW,,false,false,false,,,0,0,0,0,0,0,LOW,
,,,,,,Acil Durum,otomotiv-aksesuar-yedek-parca-ve-ekipman-acil-durum,Otomotiv Aksesuar › Yedek Parça ve Ekipman › Acil Durum,Otomotiv Aksesuar › Yedek Parça ve Ekipman,CREATE_NEW,,false,false,false,,,0,0,0,0,0,0,LOW,
,,,,,,İlk Yardım Seti,otomotiv-aksesuar-yedek-parca-ve-ekipman-acil-durum-ilk-yardim-seti,Otomotiv Aksesuar › Yedek Parça ve Ekipman › Acil Durum › İlk Yardım Seti,Otomotiv Aksesuar › Yedek Parça ve Ekipman › Acil Durum,CREATE_NEW,,false,false,false,,,0,0,0,0,0,0,LOW,
,,,,,,Yangın Söndürücü,otomotiv-aksesuar-yedek-parca-ve-ekipman-acil-durum-yangin-sondurucu,Otomotiv Aksesuar › Yedek Parça ve Ekipman › Acil Durum › Yangın Söndürücü,Otomotiv Aksesuar › Yedek Parça ve Ekipman › Acil Durum,CREATE_NEW,,false,false,false,,,0,0,0,0,0,0,LOW,
,,,,,,Reflektör,otomotiv-aksesuar-yedek-parca-ve-ekipman-acil-durum-reflektor,Otomotiv Aksesuar › Yedek Parça ve Ekipman › Acil Durum › Reflektör,Otomotiv Aksesuar › Yedek Parça ve Ekipman › Acil Durum,CREATE_NEW,,false,false,false,,,0,0,0,0,0,0,LOW,
,,,,,,Takviye Kablosu,otomotiv-aksesuar-yedek-parca-ve-ekipman-acil-durum-takviye-kablosu,Otomotiv Aksesuar › Yedek Parça ve Ekipman › Acil Durum › Takviye Kablosu,Otomotiv Aksesuar › Yedek Parça ve Ekipman › Acil Durum,CREATE_NEW,,false,false,false,,,0,0,0,0,0,0,LOW,
,,,,,,Kriko,otomotiv-aksesuar-yedek-parca-ve-ekipman-acil-durum-kriko,Otomotiv Aksesuar › Yedek Parça ve Ekipman › Acil Durum › Kriko,Otomotiv Aksesuar › Yedek Parça ve Ekipman › Acil Durum,CREATE_NEW,,false,false,false,,,0,0,0,0,0,0,LOW,
,,,,,,Çekme Halatı,otomotiv-aksesuar-yedek-parca-ve-ekipman-acil-durum-cekme-halati,Otomotiv Aksesuar › Yedek Parça ve Ekipman › Acil Durum › Çekme Halatı,Otomotiv Aksesuar › Yedek Parça ve Ekipman › Acil Durum,CREATE_NEW,,false,false,false,,,0,0,0,0,0,0,LOW,
,,,,,,Motosiklet Aksesuar,otomotiv-aksesuar-motosiklet-aksesuar,Otomotiv Aksesuar › Motosiklet Aksesuar,Otomotiv Aksesuar,CREATE_NEW,,false,false,false,,,0,0,0,0,0,0,LOW,
,,,,,,Sürüş Ekipmanı,otomotiv-aksesuar-motosiklet-aksesuar-surus-ekipmani,Otomotiv Aksesuar › Motosiklet Aksesuar › Sürüş Ekipmanı,Otomotiv Aksesuar › Motosiklet Aksesuar,CREATE_NEW,,false,false,false,,,0,0,0,0,0,0,LOW,
,,,,,,Motosiklet Kaskı,otomotiv-aksesuar-motosiklet-aksesuar-surus-ekipmani-motosiklet-kaski,Otomotiv Aksesuar › Motosiklet Aksesuar › Sürüş Ekipmanı › Motosiklet Kaskı,Otomotiv Aksesuar › Motosiklet Aksesuar › Sürüş Ekipmanı,CREATE_NEW,,false,false,false,,,0,0,0,0,0,0,LOW,
,,,,,,Motosiklet Montu,otomotiv-aksesuar-motosiklet-aksesuar-surus-ekipmani-motosiklet-montu,Otomotiv Aksesuar › Motosiklet Aksesuar › Sürüş Ekipmanı › Motosiklet Montu,Otomotiv Aksesuar › Motosiklet Aksesuar › Sürüş Ekipmanı,CREATE_NEW,,false,false,false,,,0,0,0,0,0,0,LOW,
,,,,,,Eldiven,otomotiv-aksesuar-motosiklet-aksesuar-surus-ekipmani-eldiven,Otomotiv Aksesuar › Motosiklet Aksesuar › Sürüş Ekipmanı › Eldiven,Otomotiv Aksesuar › Motosiklet Aksesuar › Sürüş Ekipmanı,CREATE_NEW,,false,false,false,,,0,0,0,0,0,0,LOW,
,,,,,,Dizlik,otomotiv-aksesuar-motosiklet-aksesuar-surus-ekipmani-dizlik,Otomotiv Aksesuar › Motosiklet Aksesuar › Sürüş Ekipmanı › Dizlik,Otomotiv Aksesuar › Motosiklet Aksesuar › Sürüş Ekipmanı,CREATE_NEW,,false,false,false,,,0,0,0,0,0,0,LOW,
,,,,,,Bot,otomotiv-aksesuar-motosiklet-aksesuar-surus-ekipmani-bot,Otomotiv Aksesuar › Motosiklet Aksesuar › Sürüş Ekipmanı › Bot,Otomotiv Aksesuar › Motosiklet Aksesuar › Sürüş Ekipmanı,CREATE_NEW,,false,false,false,,,0,0,0,0,0,0,LOW,
,,,,,,Yağmurluk,otomotiv-aksesuar-motosiklet-aksesuar-surus-ekipmani-yagmurluk,Otomotiv Aksesuar › Motosiklet Aksesuar › Sürüş Ekipmanı › Yağmurluk,Otomotiv Aksesuar › Motosiklet Aksesuar › Sürüş Ekipmanı,CREATE_NEW,,false,false,false,,,0,0,0,0,0,0,LOW,
,,,,,,Motosiklet Parça,otomotiv-aksesuar-motosiklet-aksesuar-motosiklet-parca,Otomotiv Aksesuar › Motosiklet Aksesuar › Motosiklet Parça,Otomotiv Aksesuar › Motosiklet Aksesuar,CREATE_NEW,,false,false,false,,,0,0,0,0,0,0,LOW,
,,,,,,Motosiklet Çantası,otomotiv-aksesuar-motosiklet-aksesuar-motosiklet-parca-motosiklet-cantasi,Otomotiv Aksesuar › Motosiklet Aksesuar › Motosiklet Parça › Motosiklet Çantası,Otomotiv Aksesuar › Motosiklet Aksesuar › Motosiklet Parça,CREATE_NEW,,false,false,false,,,0,0,0,0,0,0,LOW,
,,,,,,Telefon Tutucu,otomotiv-aksesuar-motosiklet-aksesuar-motosiklet-parca-telefon-tutucu,Otomotiv Aksesuar › Motosiklet Aksesuar › Motosiklet Parça › Telefon Tutucu,Otomotiv Aksesuar › Motosiklet Aksesuar › Motosiklet Parça,CREATE_NEW,,false,false,false,,,0,0,0,0,0,0,LOW,
,,,,,,Branda,otomotiv-aksesuar-motosiklet-aksesuar-motosiklet-parca-branda,Otomotiv Aksesuar › Motosiklet Aksesuar › Motosiklet Parça › Branda,Otomotiv Aksesuar › Motosiklet Aksesuar › Motosiklet Parça,CREATE_NEW,,false,false,false,,,0,0,0,0,0,0,LOW,
,,,,,,Egzoz,otomotiv-aksesuar-motosiklet-aksesuar-motosiklet-parca-egzoz,Otomotiv Aksesuar › Motosiklet Aksesuar › Motosiklet Parça › Egzoz,Otomotiv Aksesuar › Motosiklet Aksesuar › Motosiklet Parça,CREATE_NEW,,false,false,false,,,0,0,0,0,0,0,LOW,
,,,,,,Ayna,otomotiv-aksesuar-motosiklet-aksesuar-motosiklet-parca-ayna,Otomotiv Aksesuar › Motosiklet Aksesuar › Motosiklet Parça › Ayna,Otomotiv Aksesuar › Motosiklet Aksesuar › Motosiklet Parça,CREATE_NEW,,false,false,false,,,0,0,0,0,0,0,LOW,
,,,,,,Zincir ve Dişli,otomotiv-aksesuar-motosiklet-aksesuar-motosiklet-parca-zincir-ve-disli,Otomotiv Aksesuar › Motosiklet Aksesuar › Motosiklet Parça › Zincir ve Dişli,Otomotiv Aksesuar › Motosiklet Aksesuar › Motosiklet Parça,CREATE_NEW,,false,false,false,,,0,0,0,0,0,0,LOW,
,,,,,,Bahçe ve Yapı,bahce-ve-yapi,Bahçe ve Yapı,,CREATE_NEW,,false,false,false,,,0,0,0,0,0,0,LOW,
,,,,,,Bahçe,bahce-ve-yapi-bahce,Bahçe ve Yapı › Bahçe,Bahçe ve Yapı,CREATE_NEW,,false,false,false,,,0,0,0,0,0,0,LOW,
cmsg3xidn00ffuzdcpytj2evl,Bahçe Mobilyası,sifir-urun-bahce-yapi-market__bahce-mobilyasi,sifir-urun/sifir-urun-bahce-yapi-market/bahce-mobilyasi,cms93j5oc002tuz3gqj1lq1rr,sifir,Bahçe Mobilyası,bahce-ve-yapi-bahce-bahce-mobilyasi,Bahçe ve Yapı › Bahçe › Bahçe Mobilyası,Bahçe ve Yapı › Bahçe,MOVE,cmsg3xidn00ffuzdcpytj2evl,true,true,true,,,0,0,0,20,1,0,LOW,move from parent 'Bahçe & Yapı Market' → 'Bahçe'
,,,,,,Bahçe Masa Takımı,bahce-ve-yapi-bahce-bahce-mobilyasi-bahce-masa-takimi,Bahçe ve Yapı › Bahçe › Bahçe Mobilyası › Bahçe Masa Takımı,Bahçe ve Yapı › Bahçe › Bahçe Mobilyası,CREATE_NEW,,false,false,false,,,0,0,0,0,0,0,LOW,
,,,,,,Şezlong,bahce-ve-yapi-bahce-bahce-mobilyasi-sezlong,Bahçe ve Yapı › Bahçe › Bahçe Mobilyası › Şezlong,Bahçe ve Yapı › Bahçe › Bahçe Mobilyası,CREATE_NEW,,false,false,false,,,0,0,0,0,0,0,LOW,
,,,,,,Salıncak,bahce-ve-yapi-bahce-bahce-mobilyasi-salincak,Bahçe ve Yapı › Bahçe › Bahçe Mobilyası › Salıncak,Bahçe ve Yapı › Bahçe › Bahçe Mobilyası,CREATE_NEW,,false,false,false,,,0,0,0,0,0,0,LOW,
,,,,,,Hamak,bahce-ve-yapi-bahce-bahce-mobilyasi-hamak,Bahçe ve Yapı › Bahçe › Bahçe Mobilyası › Hamak,Bahçe ve Yapı › Bahçe › Bahçe Mobilyası,CREATE_NEW,,false,false,false,,,0,0,0,0,0,0,LOW,
,,,,,,Gölgelik,bahce-ve-yapi-bahce-bahce-mobilyasi-golgelik,Bahçe ve Yapı › Bahçe › Bahçe Mobilyası › Gölgelik,Bahçe ve Yapı › Bahçe › Bahçe Mobilyası,CREATE_NEW,,false,false,false,,,0,0,0,0,0,0,LOW,
,,,,,,Şemsiye,bahce-ve-yapi-bahce-bahce-mobilyasi-semsiye,Bahçe ve Yapı › Bahçe › Bahçe Mobilyası › Şemsiye,Bahçe ve Yapı › Bahçe › Bahçe Mobilyası,CREATE_NEW,,false,false,false,,,0,0,0,0,0,0,LOW,
,,,,,,Bahçe Bakımı,bahce-ve-yapi-bahce-bahce-bakimi,Bahçe ve Yapı › Bahçe › Bahçe Bakımı,Bahçe ve Yapı › Bahçe,CREATE_NEW,,false,false,false,,,0,0,0,0,0,0,LOW,
,,,,,,Çim Biçme Makinesi,bahce-ve-yapi-bahce-bahce-bakimi-cim-bicme-makinesi,Bahçe ve Yapı › Bahçe › Bahçe Bakımı › Çim Biçme Makinesi,Bahçe ve Yapı › Bahçe › Bahçe Bakımı,CREATE_NEW,,false,false,false,,,0,0,0,0,0,0,LOW,
,,,,,,Tırpan,bahce-ve-yapi-bahce-bahce-bakimi-tirpan,Bahçe ve Yapı › Bahçe › Bahçe Bakımı › Tırpan,Bahçe ve Yapı › Bahçe › Bahçe Bakımı,CREATE_NEW,,false,false,false,,,0,0,0,0,0,0,LOW,
,,,,,,Çit Budama,bahce-ve-yapi-bahce-bahce-bakimi-cit-budama,Bahçe ve Yapı › Bahçe › Bahçe Bakımı › Çit Budama,Bahçe ve Yapı › Bahçe › Bahçe Bakımı,CREATE_NEW,,false,false,false,,,0,0,0,0,0,0,LOW,
,,,,,,Yaprak Üfleme,bahce-ve-yapi-bahce-bahce-bakimi-yaprak-ufleme,Bahçe ve Yapı › Bahçe › Bahçe Bakımı › Yaprak Üfleme,Bahçe ve Yapı › Bahçe › Bahçe Bakımı,CREATE_NEW,,false,false,false,,,0,0,0,0,0,0,LOW,
,,,,,,Testere,bahce-ve-yapi-bahce-bahce-bakimi-testere,Bahçe ve Yapı › Bahçe › Bahçe Bakımı › Testere,Bahçe ve Yapı › Bahçe › Bahçe Bakımı,CREATE_NEW,,false,false,false,,,0,0,0,0,0,0,LOW,
,,,,,,Bahçe El Aleti,bahce-ve-yapi-bahce-bahce-bakimi-bahce-el-aleti,Bahçe ve Yapı › Bahçe › Bahçe Bakımı › Bahçe El Aleti,Bahçe ve Yapı › Bahçe › Bahçe Bakımı,CREATE_NEW,,false,false,false,,,0,0,0,0,0,0,LOW,
cmsg3xk4i00nnuzdc9g47wx1e,Sulama,sifir-urun-tarim-makinesi__sulama-tarim,sifir-urun/sifir-urun-tarim-makinesi/sulama-tarim,cmsdkecak003juzycjc0pp98j,sifir,Sulama,bahce-ve-yapi-bahce-sulama,Bahçe ve Yapı › Bahçe › Sulama,Bahçe ve Yapı › Bahçe,MOVE,cmsg3xk4i00nnuzdc9g47wx1e,true,true,true,,,0,0,0,6,1,0,LOW,move from parent 'Tarım Makineleri' → 'Bahçe'
,,,,,,Bahçe Hortumu,bahce-ve-yapi-bahce-sulama-bahce-hortumu,Bahçe ve Yapı › Bahçe › Sulama › Bahçe Hortumu,Bahçe ve Yapı › Bahçe › Sulama,CREATE_NEW,,false,false,false,,,0,0,0,0,0,0,LOW,
,,,,,,Hortum Makarası,bahce-ve-yapi-bahce-sulama-hortum-makarasi,Bahçe ve Yapı › Bahçe › Sulama › Hortum Makarası,Bahçe ve Yapı › Bahçe › Sulama,CREATE_NEW,,false,false,false,,,0,0,0,0,0,0,LOW,
,,,,,,Sulama Tabancası,bahce-ve-yapi-bahce-sulama-sulama-tabancasi,Bahçe ve Yapı › Bahçe › Sulama › Sulama Tabancası,Bahçe ve Yapı › Bahçe › Sulama,CREATE_NEW,,false,false,false,,,0,0,0,0,0,0,LOW,
,,,,,,Damla Sulama,bahce-ve-yapi-bahce-sulama-damla-sulama,Bahçe ve Yapı › Bahçe › Sulama › Damla Sulama,Bahçe ve Yapı › Bahçe › Sulama,CREATE_NEW,,false,false,false,,,0,0,0,0,0,0,LOW,
,,,,,,Su Pompası,bahce-ve-yapi-bahce-sulama-su-pompasi,Bahçe ve Yapı › Bahçe › Sulama › Su Pompası,Bahçe ve Yapı › Bahçe › Sulama,CREATE_NEW,,false,false,false,,,0,0,0,0,0,0,LOW,
,,,,,,Hidrofor,bahce-ve-yapi-bahce-sulama-hidrofor,Bahçe ve Yapı › Bahçe › Sulama › Hidrofor,Bahçe ve Yapı › Bahçe › Sulama,CREATE_NEW,,false,false,false,,,0,0,0,0,0,0,LOW,
,,,,,,Bitki ve Saksı,bahce-ve-yapi-bahce-bitki-ve-saksi,Bahçe ve Yapı › Bahçe › Bitki ve Saksı,Bahçe ve Yapı › Bahçe,CREATE_NEW,,false,false,false,,,0,0,0,0,0,0,LOW,
,,,,,,Saksı,bahce-ve-yapi-bahce-bitki-ve-saksi-saksi,Bahçe ve Yapı › Bahçe › Bitki ve Saksı › Saksı,Bahçe ve Yapı › Bahçe › Bitki ve Saksı,CREATE_NEW,,false,false,false,,,0,0,0,0,0,0,LOW,
,,,,,,Toprak,bahce-ve-yapi-bahce-bitki-ve-saksi-toprak,Bahçe ve Yapı › Bahçe › Bitki ve Saksı › Toprak,Bahçe ve Yapı › Bahçe › Bitki ve Saksı,CREATE_NEW,,false,false,false,,,0,0,0,0,0,0,LOW,
,,,,,,Gübre,bahce-ve-yapi-bahce-bitki-ve-saksi-gubre,Bahçe ve Yapı › Bahçe › Bitki ve Saksı › Gübre,Bahçe ve Yapı › Bahçe › Bitki ve Saksı,CREATE_NEW,,false,false,false,,,0,0,0,0,0,0,LOW,
,,,,,,Tohum,bahce-ve-yapi-bahce-bitki-ve-saksi-tohum,Bahçe ve Yapı › Bahçe › Bitki ve Saksı › Tohum,Bahçe ve Yapı › Bahçe › Bitki ve Saksı,CREATE_NEW,,false,false,false,,,0,0,0,0,0,0,LOW,
,,,,,,Fide,bahce-ve-yapi-bahce-bitki-ve-saksi-fide,Bahçe ve Yapı › Bahçe › Bitki ve Saksı › Fide,Bahçe ve Yapı › Bahçe › Bitki ve Saksı,CREATE_NEW,,false,false,false,,,0,0,0,0,0,0,LOW,
,,,,,,Bitki Destek Ürünleri,bahce-ve-yapi-bahce-bitki-ve-saksi-bitki-destek-urunleri,Bahçe ve Yapı › Bahçe › Bitki ve Saksı › Bitki Destek Ürünleri,Bahçe ve Yapı › Bahçe › Bitki ve Saksı,CREATE_NEW,,false,false,false,,,0,0,0,0,0,0,LOW,
,,,,,,Yapı Market,bahce-ve-yapi-yapi-market,Bahçe ve Yapı › Yapı Market,Bahçe ve Yapı,CREATE_NEW,,false,false,false,,,0,0,0,0,0,0,LOW,
,,,,,,El Aletleri,bahce-ve-yapi-yapi-market-el-aletleri,Bahçe ve Yapı › Yapı Market › El Aletleri,Bahçe ve Yapı › Yapı Market,CREATE_NEW,,false,false,false,,,0,0,0,0,0,0,LOW,
,,,,,,Tornavida,bahce-ve-yapi-yapi-market-el-aletleri-tornavida,Bahçe ve Yapı › Yapı Market › El Aletleri › Tornavida,Bahçe ve Yapı › Yapı Market › El Aletleri,CREATE_NEW,,false,false,false,,,0,0,0,0,0,0,LOW,
,,,,,,Pense,bahce-ve-yapi-yapi-market-el-aletleri-pense,Bahçe ve Yapı › Yapı Market › El Aletleri › Pense,Bahçe ve Yapı › Yapı Market › El Aletleri,CREATE_NEW,,false,false,false,,,0,0,0,0,0,0,LOW,
,,,,,,Anahtar Takımı,bahce-ve-yapi-yapi-market-el-aletleri-anahtar-takimi,Bahçe ve Yapı › Yapı Market › El Aletleri › Anahtar Takımı,Bahçe ve Yapı › Yapı Market › El Aletleri,CREATE_NEW,,false,false,false,,,0,0,0,0,0,0,LOW,
,,,,,,Çekiç,bahce-ve-yapi-yapi-market-el-aletleri-cekic,Bahçe ve Yapı › Yapı Market › El Aletleri › Çekiç,Bahçe ve Yapı › Yapı Market › El Aletleri,CREATE_NEW,,false,false,false,,,0,0,0,0,0,0,LOW,
,,,,,,Testere,bahce-ve-yapi-yapi-market-el-aletleri-testere,Bahçe ve Yapı › Yapı Market › El Aletleri › Testere,Bahçe ve Yapı › Yapı Market › El Aletleri,CREATE_NEW,,false,false,false,,,0,0,0,0,0,0,LOW,
,,,,,,Maket Bıçağı,bahce-ve-yapi-yapi-market-el-aletleri-maket-bicagi,Bahçe ve Yapı › Yapı Market › El Aletleri › Maket Bıçağı,Bahçe ve Yapı › Yapı Market › El Aletleri,CREATE_NEW,,false,false,false,,,0,0,0,0,0,0,LOW,
,,,,,,Ölçüm Aleti,bahce-ve-yapi-yapi-market-el-aletleri-olcum-aleti,Bahçe ve Yapı › Yapı Market › El Aletleri › Ölçüm Aleti,Bahçe ve Yapı › Yapı Market › El Aletleri,CREATE_NEW,,false,false,false,,,0,0,0,0,0,0,LOW,
,,,,,,Elektrikli El Aletleri,bahce-ve-yapi-yapi-market-elektrikli-el-aletleri,Bahçe ve Yapı › Yapı Market › Elektrikli El Aletleri,Bahçe ve Yapı › Yapı Market,CREATE_NEW,,false,false,false,,,0,0,0,0,0,0,LOW,
,,,,,,Matkap,bahce-ve-yapi-yapi-market-elektrikli-el-aletleri-matkap,Bahçe ve Yapı › Yapı Market › Elektrikli El Aletleri › Matkap,Bahçe ve Yapı › Yapı Market › Elektrikli El Aletleri,CREATE_NEW,,false,false,false,,,0,0,0,0,0,0,LOW,
,,,,,,Vidalama,bahce-ve-yapi-yapi-market-elektrikli-el-aletleri-vidalama,Bahçe ve Yapı › Yapı Market › Elektrikli El Aletleri › Vidalama,Bahçe ve Yapı › Yapı Market › Elektrikli El Aletleri,CREATE_NEW,,false,false,false,,,0,0,0,0,0,0,LOW,
,,,,,,Taşlama,bahce-ve-yapi-yapi-market-elektrikli-el-aletleri-taslama,Bahçe ve Yapı › Yapı Market › Elektrikli El Aletleri › Taşlama,Bahçe ve Yapı › Yapı Market › Elektrikli El Aletleri,CREATE_NEW,,false,false,false,,,0,0,0,0,0,0,LOW,
,,,,,,Dekupaj,bahce-ve-yapi-yapi-market-elektrikli-el-aletleri-dekupaj,Bahçe ve Yapı › Yapı Market › Elektrikli El Aletleri › Dekupaj,Bahçe ve Yapı › Yapı Market › Elektrikli El Aletleri,CREATE_NEW,,false,false,false,,,0,0,0,0,0,0,LOW,
,,,,,,Daire Testere,bahce-ve-yapi-yapi-market-elektrikli-el-aletleri-daire-testere,Bahçe ve Yapı › Yapı Market › Elektrikli El Aletleri › Daire Testere,Bahçe ve Yapı › Yapı Market › Elektrikli El Aletleri,CREATE_NEW,,false,false,false,,,0,0,0,0,0,0,LOW,
,,,,,,Kırıcı-Delici,bahce-ve-yapi-yapi-market-elektrikli-el-aletleri-kirici-delici,Bahçe ve Yapı › Yapı Market › Elektrikli El Aletleri › Kırıcı-Delici,Bahçe ve Yapı › Yapı Market › Elektrikli El Aletleri,CREATE_NEW,,false,false,false,,,0,0,0,0,0,0,LOW,
,,,,,,Zımpara,bahce-ve-yapi-yapi-market-elektrikli-el-aletleri-zimpara,Bahçe ve Yapı › Yapı Market › Elektrikli El Aletleri › Zımpara,Bahçe ve Yapı › Yapı Market › Elektrikli El Aletleri,CREATE_NEW,,false,false,false,,,0,0,0,0,0,0,LOW,
,,,,,,Kaynak Makinesi,bahce-ve-yapi-yapi-market-elektrikli-el-aletleri-kaynak-makinesi,Bahçe ve Yapı › Yapı Market › Elektrikli El Aletleri › Kaynak Makinesi,Bahçe ve Yapı › Yapı Market › Elektrikli El Aletleri,CREATE_NEW,,false,false,false,,,0,0,0,0,0,0,LOW,
,,,,,,Boya ve Kimyasal,bahce-ve-yapi-yapi-market-boya-ve-kimyasal,Bahçe ve Yapı › Yapı Market › Boya ve Kimyasal,Bahçe ve Yapı › Yapı Market,CREATE_NEW,,false,false,false,,,0,0,0,0,0,0,LOW,
,,,,,,İç Cephe Boyası,bahce-ve-yapi-yapi-market-boya-ve-kimyasal-ic-cephe-boyasi,Bahçe ve Yapı › Yapı Market › Boya ve Kimyasal › İç Cephe Boyası,Bahçe ve Yapı › Yapı Market › Boya ve Kimyasal,CREATE_NEW,,false,false,false,,,0,0,0,0,0,0,LOW,
,,,,,,Dış Cephe Boyası,bahce-ve-yapi-yapi-market-boya-ve-kimyasal-dis-cephe-boyasi,Bahçe ve Yapı › Yapı Market › Boya ve Kimyasal › Dış Cephe Boyası,Bahçe ve Yapı › Yapı Market › Boya ve Kimyasal,CREATE_NEW,,false,false,false,,,0,0,0,0,0,0,LOW,
,,,,,,Ahşap Boyası,bahce-ve-yapi-yapi-market-boya-ve-kimyasal-ahsap-boyasi,Bahçe ve Yapı › Yapı Market › Boya ve Kimyasal › Ahşap Boyası,Bahçe ve Yapı › Yapı Market › Boya ve Kimyasal,CREATE_NEW,,false,false,false,,,0,0,0,0,0,0,LOW,
,,,,,,Sprey Boya,bahce-ve-yapi-yapi-market-boya-ve-kimyasal-sprey-boya,Bahçe ve Yapı › Yapı Market › Boya ve Kimyasal › Sprey Boya,Bahçe ve Yapı › Yapı Market › Boya ve Kimyasal,CREATE_NEW,,false,false,false,,,0,0,0,0,0,0,LOW,
,,,,,,Vernik,bahce-ve-yapi-yapi-market-boya-ve-kimyasal-vernik,Bahçe ve Yapı › Yapı Market › Boya ve Kimyasal › Vernik,Bahçe ve Yapı › Yapı Market › Boya ve Kimyasal,CREATE_NEW,,false,false,false,,,0,0,0,0,0,0,LOW,
,,,,,,Silikon,bahce-ve-yapi-yapi-market-boya-ve-kimyasal-silikon,Bahçe ve Yapı › Yapı Market › Boya ve Kimyasal › Silikon,Bahçe ve Yapı › Yapı Market › Boya ve Kimyasal,CREATE_NEW,,false,false,false,,,0,0,0,0,0,0,LOW,
,,,,,,Yapıştırıcı,bahce-ve-yapi-yapi-market-boya-ve-kimyasal-yapistirici,Bahçe ve Yapı › Yapı Market › Boya ve Kimyasal › Yapıştırıcı,Bahçe ve Yapı › Yapı Market › Boya ve Kimyasal,CREATE_NEW,,false,false,false,,,0,0,0,0,0,0,LOW,
,,,,,,Derz Dolgu,bahce-ve-yapi-yapi-market-boya-ve-kimyasal-derz-dolgu,Bahçe ve Yapı › Yapı Market › Boya ve Kimyasal › Derz Dolgu,Bahçe ve Yapı › Yapı Market › Boya ve Kimyasal,CREATE_NEW,,false,false,false,,,0,0,0,0,0,0,LOW,
,,,,,,Hırdavat,bahce-ve-yapi-yapi-market-hirdavat,Bahçe ve Yapı › Yapı Market › Hırdavat,Bahçe ve Yapı › Yapı Market,CREATE_NEW,,false,false,false,,,0,0,0,0,0,0,LOW,
,,,,,,Vida,bahce-ve-yapi-yapi-market-hirdavat-vida,Bahçe ve Yapı › Yapı Market › Hırdavat › Vida,Bahçe ve Yapı › Yapı Market › Hırdavat,CREATE_NEW,,false,false,false,,,0,0,0,0,0,0,LOW,
,,,,,,Dübel,bahce-ve-yapi-yapi-market-hirdavat-dubel,Bahçe ve Yapı › Yapı Market › Hırdavat › Dübel,Bahçe ve Yapı › Yapı Market › Hırdavat,CREATE_NEW,,false,false,false,,,0,0,0,0,0,0,LOW,
,,,,,,Çivi,bahce-ve-yapi-yapi-market-hirdavat-civi,Bahçe ve Yapı › Yapı Market › Hırdavat › Çivi,Bahçe ve Yapı › Yapı Market › Hırdavat,CREATE_NEW,,false,false,false,,,0,0,0,0,0,0,LOW,
,,,,,,Somun,bahce-ve-yapi-yapi-market-hirdavat-somun,Bahçe ve Yapı › Yapı Market › Hırdavat › Somun,Bahçe ve Yapı › Yapı Market › Hırdavat,CREATE_NEW,,false,false,false,,,0,0,0,0,0,0,LOW,
,,,,,,Cıvata,bahce-ve-yapi-yapi-market-hirdavat-civata,Bahçe ve Yapı › Yapı Market › Hırdavat › Cıvata,Bahçe ve Yapı › Yapı Market › Hırdavat,CREATE_NEW,,false,false,false,,,0,0,0,0,0,0,LOW,
,,,,,,Menteşe,bahce-ve-yapi-yapi-market-hirdavat-mentese,Bahçe ve Yapı › Yapı Market › Hırdavat › Menteşe,Bahçe ve Yapı › Yapı Market › Hırdavat,CREATE_NEW,,false,false,false,,,0,0,0,0,0,0,LOW,
,,,,,,Kilit,bahce-ve-yapi-yapi-market-hirdavat-kilit,Bahçe ve Yapı › Yapı Market › Hırdavat › Kilit,Bahçe ve Yapı › Yapı Market › Hırdavat,CREATE_NEW,,false,false,false,,,0,0,0,0,0,0,LOW,
,,,,,,Tekerlek,bahce-ve-yapi-yapi-market-hirdavat-tekerlek,Bahçe ve Yapı › Yapı Market › Hırdavat › Tekerlek,Bahçe ve Yapı › Yapı Market › Hırdavat,CREATE_NEW,,false,false,false,,,0,0,0,0,0,0,LOW,
,,,,,,Elektrik,bahce-ve-yapi-yapi-market-elektrik,Bahçe ve Yapı › Yapı Market › Elektrik,Bahçe ve Yapı › Yapı Market,CREATE_NEW,,false,false,false,,,0,0,0,0,0,0,LOW,
,,,,,,Priz,bahce-ve-yapi-yapi-market-elektrik-priz,Bahçe ve Yapı › Yapı Market › Elektrik › Priz,Bahçe ve Yapı › Yapı Market › Elektrik,CREATE_NEW,,false,false,false,,,0,0,0,0,0,0,LOW,
,,,,,,Anahtar,bahce-ve-yapi-yapi-market-elektrik-anahtar,Bahçe ve Yapı › Yapı Market › Elektrik › Anahtar,Bahçe ve Yapı › Yapı Market › Elektrik,CREATE_NEW,,false,false,false,,,0,0,0,0,0,0,LOW,
,,,,,,Sigorta,bahce-ve-yapi-yapi-market-elektrik-sigorta,Bahçe ve Yapı › Yapı Market › Elektrik › Sigorta,Bahçe ve Yapı › Yapı Market › Elektrik,CREATE_NEW,,false,false,false,,,0,0,0,0,0,0,LOW,
,,,,,,Kablo,bahce-ve-yapi-yapi-market-elektrik-kablo,Bahçe ve Yapı › Yapı Market › Elektrik › Kablo,Bahçe ve Yapı › Yapı Market › Elektrik,CREATE_NEW,,false,false,false,,,0,0,0,0,0,0,LOW,
,,,,,,Uzatma Kablosu,bahce-ve-yapi-yapi-market-elektrik-uzatma-kablosu,Bahçe ve Yapı › Yapı Market › Elektrik › Uzatma Kablosu,Bahçe ve Yapı › Yapı Market › Elektrik,CREATE_NEW,,false,false,false,,,0,0,0,0,0,0,LOW,
,,,,,,Pano,bahce-ve-yapi-yapi-market-elektrik-pano,Bahçe ve Yapı › Yapı Market › Elektrik › Pano,Bahçe ve Yapı › Yapı Market › Elektrik,CREATE_NEW,,false,false,false,,,0,0,0,0,0,0,LOW,
,,,,,,Sensör,bahce-ve-yapi-yapi-market-elektrik-sensor,Bahçe ve Yapı › Yapı Market › Elektrik › Sensör,Bahçe ve Yapı › Yapı Market › Elektrik,CREATE_NEW,,false,false,false,,,0,0,0,0,0,0,LOW,
,,,,,,Tesisat,bahce-ve-yapi-yapi-market-tesisat,Bahçe ve Yapı › Yapı Market › Tesisat,Bahçe ve Yapı › Yapı Market,CREATE_NEW,,false,false,false,,,0,0,0,0,0,0,LOW,
,,,,,,Musluk,bahce-ve-yapi-yapi-market-tesisat-musluk,Bahçe ve Yapı › Yapı Market › Tesisat › Musluk,Bahçe ve Yapı › Yapı Market › Tesisat,CREATE_NEW,,false,false,false,,,0,0,0,0,0,0,LOW,
,,,,,,Batarya,bahce-ve-yapi-yapi-market-tesisat-batarya,Bahçe ve Yapı › Yapı Market › Tesisat › Batarya,Bahçe ve Yapı › Yapı Market › Tesisat,CREATE_NEW,,false,false,false,,,0,0,0,0,0,0,LOW,
,,,,,,Duş Seti,bahce-ve-yapi-yapi-market-tesisat-dus-seti,Bahçe ve Yapı › Yapı Market › Tesisat › Duş Seti,Bahçe ve Yapı › Yapı Market › Tesisat,CREATE_NEW,,false,false,false,,,0,0,0,0,0,0,LOW,
,,,,,,Vana,bahce-ve-yapi-yapi-market-tesisat-vana,Bahçe ve Yapı › Yapı Market › Tesisat › Vana,Bahçe ve Yapı › Yapı Market › Tesisat,CREATE_NEW,,false,false,false,,,0,0,0,0,0,0,LOW,
,,,,,,Boru,bahce-ve-yapi-yapi-market-tesisat-boru,Bahçe ve Yapı › Yapı Market › Tesisat › Boru,Bahçe ve Yapı › Yapı Market › Tesisat,CREATE_NEW,,false,false,false,,,0,0,0,0,0,0,LOW,
,,,,,,Sifon,bahce-ve-yapi-yapi-market-tesisat-sifon,Bahçe ve Yapı › Yapı Market › Tesisat › Sifon,Bahçe ve Yapı › Yapı Market › Tesisat,CREATE_NEW,,false,false,false,,,0,0,0,0,0,0,LOW,
,,,,,,Armatür,bahce-ve-yapi-yapi-market-tesisat-armatur,Bahçe ve Yapı › Yapı Market › Tesisat › Armatür,Bahçe ve Yapı › Yapı Market › Tesisat,CREATE_NEW,,false,false,false,,,0,0,0,0,0,0,LOW,
,,,,,,İzolasyon,bahce-ve-yapi-yapi-market-izolasyon,Bahçe ve Yapı › Yapı Market › İzolasyon,Bahçe ve Yapı › Yapı Market,CREATE_NEW,,false,false,false,,,0,0,0,0,0,0,LOW,
,,,,,,Isı Yalıtımı,bahce-ve-yapi-yapi-market-izolasyon-isi-yalitimi,Bahçe ve Yapı › Yapı Market › İzolasyon › Isı Yalıtımı,Bahçe ve Yapı › Yapı Market › İzolasyon,CREATE_NEW,,false,false,false,,,0,0,0,0,0,0,LOW,
,,,,,,Su Yalıtımı,bahce-ve-yapi-yapi-market-izolasyon-su-yalitimi,Bahçe ve Yapı › Yapı Market › İzolasyon › Su Yalıtımı,Bahçe ve Yapı › Yapı Market › İzolasyon,CREATE_NEW,,false,false,false,,,0,0,0,0,0,0,LOW,
,,,,,,Ses Yalıtımı,bahce-ve-yapi-yapi-market-izolasyon-ses-yalitimi,Bahçe ve Yapı › Yapı Market › İzolasyon › Ses Yalıtımı,Bahçe ve Yapı › Yapı Market › İzolasyon,CREATE_NEW,,false,false,false,,,0,0,0,0,0,0,LOW,
,,,,,,Çatı Kaplama,bahce-ve-yapi-yapi-market-izolasyon-cati-kaplama,Bahçe ve Yapı › Yapı Market › İzolasyon › Çatı Kaplama,Bahçe ve Yapı › Yapı Market › İzolasyon,CREATE_NEW,,false,false,false,,,0,0,0,0,0,0,LOW,
,,,,,,Yalıtım Bandı,bahce-ve-yapi-yapi-market-izolasyon-yalitim-bandi,Bahçe ve Yapı › Yapı Market › İzolasyon › Yalıtım Bandı,Bahçe ve Yapı › Yapı Market › İzolasyon,CREATE_NEW,,false,false,false,,,0,0,0,0,0,0,LOW,
,,,,,,Endüstriyel ve Ticari Ürünler,endustriyel-ve-ticari-urunler,Endüstriyel ve Ticari Ürünler,,CREATE_NEW,,false,false,false,,,0,0,0,0,0,0,LOW,
,,,,,,Endüstriyel Makineler,endustriyel-ve-ticari-urunler-endustriyel-makineler,Endüstriyel ve Ticari Ürünler › Endüstriyel Makineler,Endüstriyel ve Ticari Ürünler,CREATE_NEW,,false,false,false,,,0,0,0,0,0,0,LOW,
,,,,,,Üretim Makineleri,endustriyel-ve-ticari-urunler-endustriyel-makineler-uretim-makineleri,Endüstriyel ve Ticari Ürünler › Endüstriyel Makineler › Üretim Makineleri,Endüstriyel ve Ticari Ürünler › Endüstriyel Makineler,CREATE_NEW,,false,false,false,,,0,0,0,0,0,0,LOW,
,,,,,,CNC Makinesi,endustriyel-ve-ticari-urunler-endustriyel-makineler-uretim-makineleri-cnc-makine,Endüstriyel ve Ticari Ürünler › Endüstriyel Makineler › Üretim Makineleri › CNC Makinesi,Endüstriyel ve Ticari Ürünler › Endüstriyel Makineler › Üretim Makineleri,CREATE_NEW,,false,false,false,,,0,0,0,0,0,0,LOW,
,,,,,,Torna,endustriyel-ve-ticari-urunler-endustriyel-makineler-uretim-makineleri-torna,Endüstriyel ve Ticari Ürünler › Endüstriyel Makineler › Üretim Makineleri › Torna,Endüstriyel ve Ticari Ürünler › Endüstriyel Makineler › Üretim Makineleri,CREATE_NEW,,false,false,false,,,0,0,0,0,0,0,LOW,
,,,,,,Freze,endustriyel-ve-ticari-urunler-endustriyel-makineler-uretim-makineleri-freze,Endüstriyel ve Ticari Ürünler › Endüstriyel Makineler › Üretim Makineleri › Freze,Endüstriyel ve Ticari Ürünler › Endüstriyel Makineler › Üretim Makineleri,CREATE_NEW,,false,false,false,,,0,0,0,0,0,0,LOW,
,,,,,,Pres,endustriyel-ve-ticari-urunler-endustriyel-makineler-uretim-makineleri-pres,Endüstriyel ve Ticari Ürünler › Endüstriyel Makineler › Üretim Makineleri › Pres,Endüstriyel ve Ticari Ürünler › Endüstriyel Makineler › Üretim Makineleri,CREATE_NEW,,false,false,false,,,0,0,0,0,0,0,LOW,
,,,,,,Lazer Kesim,endustriyel-ve-ticari-urunler-endustriyel-makineler-uretim-makineleri-lazer-kesi,Endüstriyel ve Ticari Ürünler › Endüstriyel Makineler › Üretim Makineleri › Lazer Kesim,Endüstriyel ve Ticari Ürünler › Endüstriyel Makineler › Üretim Makineleri,CREATE_NEW,,false,false,false,,,0,0,0,0,0,0,LOW,
,,,,,,Plazma Kesim,endustriyel-ve-ticari-urunler-endustriyel-makineler-uretim-makineleri-plazma-kes,Endüstriyel ve Ticari Ürünler › Endüstriyel Makineler › Üretim Makineleri › Plazma Kesim,Endüstriyel ve Ticari Ürünler › Endüstriyel Makineler › Üretim Makineleri,CREATE_NEW,,false,false,false,,,0,0,0,0,0,0,LOW,
,,,,,,Şerit Testere,endustriyel-ve-ticari-urunler-endustriyel-makineler-uretim-makineleri-serit-test,Endüstriyel ve Ticari Ürünler › Endüstriyel Makineler › Üretim Makineleri › Şerit Testere,Endüstriyel ve Ticari Ürünler › Endüstriyel Makineler › Üretim Makineleri,CREATE_NEW,,false,false,false,,,0,0,0,0,0,0,LOW,
,,,,,,Paketleme Makinesi,endustriyel-ve-ticari-urunler-endustriyel-makineler-uretim-makineleri-paketleme-,Endüstriyel ve Ticari Ürünler › Endüstriyel Makineler › Üretim Makineleri › Paketleme Makinesi,Endüstriyel ve Ticari Ürünler › Endüstriyel Makineler › Üretim Makineleri,CREATE_NEW,,false,false,false,,,0,0,0,0,0,0,LOW,
,,,,,,Atölye Ekipmanları,endustriyel-ve-ticari-urunler-endustriyel-makineler-atolye-ekipmanlari,Endüstriyel ve Ticari Ürünler › Endüstriyel Makineler › Atölye Ekipmanları,Endüstriyel ve Ticari Ürünler › Endüstriyel Makineler,CREATE_NEW,,false,false,false,,,0,0,0,0,0,0,LOW,
cmsg3xkhc00o9uzdcnb2mks41,Kompresör,sifir-urun-sanayi-makinesi__kompresor,sifir-urun/sifir-urun-sanayi-makinesi/kompresor,cmsdkecar003luzyc7d1wqrb7,sifir,Kompresör,endustriyel-ve-ticari-urunler-endustriyel-makineler-atolye-ekipmanlari-kompresor,Endüstriyel ve Ticari Ürünler › Endüstriyel Makineler › Atölye Ekipmanları › Kompresör,Endüstriyel ve Ticari Ürünler › Endüstriyel Makineler › Atölye Ekipmanları,MOVE,cmsg3xkhc00o9uzdcnb2mks41,true,true,true,,,0,0,0,6,1,0,LOW,move from parent 'Sanayi Makineleri' → 'Atölye Ekipmanları'
cmsg3xki300obuzdcfdpdmkxu,Jeneratör,sifir-urun-sanayi-makinesi__jenerator,sifir-urun/sifir-urun-sanayi-makinesi/jenerator,cmsdkecar003luzyc7d1wqrb7,sifir,Jeneratör,endustriyel-ve-ticari-urunler-endustriyel-makineler-atolye-ekipmanlari-jenerator,Endüstriyel ve Ticari Ürünler › Endüstriyel Makineler › Atölye Ekipmanları › Jeneratör,Endüstriyel ve Ticari Ürünler › Endüstriyel Makineler › Atölye Ekipmanları,MOVE,cmsg3xki300obuzdcfdpdmkxu,true,true,true,,,0,0,0,6,1,0,LOW,move from parent 'Sanayi Makineleri' → 'Atölye Ekipmanları'
,,,,,,Kaynak Makinesi,endustriyel-ve-ticari-urunler-endustriyel-makineler-atolye-ekipmanlari-kaynak-ma,Endüstriyel ve Ticari Ürünler › Endüstriyel Makineler › Atölye Ekipmanları › Kaynak Makinesi,Endüstriyel ve Ticari Ürünler › Endüstriyel Makineler › Atölye Ekipmanları,CREATE_NEW,,false,false,false,,,0,0,0,0,0,0,LOW,
,,,,,,Hava Tabancası,endustriyel-ve-ticari-urunler-endustriyel-makineler-atolye-ekipmanlari-hava-taba,Endüstriyel ve Ticari Ürünler › Endüstriyel Makineler › Atölye Ekipmanları › Hava Tabancası,Endüstriyel ve Ticari Ürünler › Endüstriyel Makineler › Atölye Ekipmanları,CREATE_NEW,,false,false,false,,,0,0,0,0,0,0,LOW,
,,,,,,Takım Arabası,endustriyel-ve-ticari-urunler-endustriyel-makineler-atolye-ekipmanlari-takim-ara,Endüstriyel ve Ticari Ürünler › Endüstriyel Makineler › Atölye Ekipmanları › Takım Arabası,Endüstriyel ve Ticari Ürünler › Endüstriyel Makineler › Atölye Ekipmanları,CREATE_NEW,,false,false,false,,,0,0,0,0,0,0,LOW,
,,,,,,Mengene,endustriyel-ve-ticari-urunler-endustriyel-makineler-atolye-ekipmanlari-mengene,Endüstriyel ve Ticari Ürünler › Endüstriyel Makineler › Atölye Ekipmanları › Mengene,Endüstriyel ve Ticari Ürünler › Endüstriyel Makineler › Atölye Ekipmanları,CREATE_NEW,,false,false,false,,,0,0,0,0,0,0,LOW,
,,,,,,Gıda Makineleri,endustriyel-ve-ticari-urunler-endustriyel-makineler-gida-makineleri,Endüstriyel ve Ticari Ürünler › Endüstriyel Makineler › Gıda Makineleri,Endüstriyel ve Ticari Ürünler › Endüstriyel Makineler,CREATE_NEW,,false,false,false,,,0,0,0,0,0,0,LOW,
,,,,,,Hamur Yoğurma,endustriyel-ve-ticari-urunler-endustriyel-makineler-gida-makineleri-hamur-yogurm,Endüstriyel ve Ticari Ürünler › Endüstriyel Makineler › Gıda Makineleri › Hamur Yoğurma,Endüstriyel ve Ticari Ürünler › Endüstriyel Makineler › Gıda Makineleri,CREATE_NEW,,false,false,false,,,0,0,0,0,0,0,LOW,
,,,,,,Dilimleme Makinesi,endustriyel-ve-ticari-urunler-endustriyel-makineler-gida-makineleri-dilimleme-ma,Endüstriyel ve Ticari Ürünler › Endüstriyel Makineler › Gıda Makineleri › Dilimleme Makinesi,Endüstriyel ve Ticari Ürünler › Endüstriyel Makineler › Gıda Makineleri,CREATE_NEW,,false,false,false,,,0,0,0,0,0,0,LOW,
,,,,,,Et Kıyma Makinesi,endustriyel-ve-ticari-urunler-endustriyel-makineler-gida-makineleri-et-kiyma-mak,Endüstriyel ve Ticari Ürünler › Endüstriyel Makineler › Gıda Makineleri › Et Kıyma Makinesi,Endüstriyel ve Ticari Ürünler › Endüstriyel Makineler › Gıda Makineleri,CREATE_NEW,,false,false,false,,,0,0,0,0,0,0,LOW,
,,,,,,Vakum Makinesi,endustriyel-ve-ticari-urunler-endustriyel-makineler-gida-makineleri-vakum-makine,Endüstriyel ve Ticari Ürünler › Endüstriyel Makineler › Gıda Makineleri › Vakum Makinesi,Endüstriyel ve Ticari Ürünler › Endüstriyel Makineler › Gıda Makineleri,CREATE_NEW,,false,false,false,,,0,0,0,0,0,0,LOW,
,,,,,,Endüstriyel Mikser,endustriyel-ve-ticari-urunler-endustriyel-makineler-gida-makineleri-endustriyel-,Endüstriyel ve Ticari Ürünler › Endüstriyel Makineler › Gıda Makineleri › Endüstriyel Mikser,Endüstriyel ve Ticari Ürünler › Endüstriyel Makineler › Gıda Makineleri,CREATE_NEW,,false,false,false,,,0,0,0,0,0,0,LOW,
,,,,,,Fritöz,endustriyel-ve-ticari-urunler-endustriyel-makineler-gida-makineleri-fritoz,Endüstriyel ve Ticari Ürünler › Endüstriyel Makineler › Gıda Makineleri › Fritöz,Endüstriyel ve Ticari Ürünler › Endüstriyel Makineler › Gıda Makineleri,CREATE_NEW,,false,false,false,,,0,0,0,0,0,0,LOW,
,,,,,,Depo ve Lojistik,endustriyel-ve-ticari-urunler-depo-ve-lojistik,Endüstriyel ve Ticari Ürünler › Depo ve Lojistik,Endüstriyel ve Ticari Ürünler,CREATE_NEW,,false,false,false,,,0,0,0,0,0,0,LOW,
,,,,,,Depolama,endustriyel-ve-ticari-urunler-depo-ve-lojistik-depolama,Endüstriyel ve Ticari Ürünler › Depo ve Lojistik › Depolama,Endüstriyel ve Ticari Ürünler › Depo ve Lojistik,CREATE_NEW,,false,false,false,,,0,0,0,0,0,0,LOW,
,,,,,,Depo Rafı,endustriyel-ve-ticari-urunler-depo-ve-lojistik-depolama-depo-rafi,Endüstriyel ve Ticari Ürünler › Depo ve Lojistik › Depolama › Depo Rafı,Endüstriyel ve Ticari Ürünler › Depo ve Lojistik › Depolama,CREATE_NEW,,false,false,false,,,0,0,0,0,0,0,LOW,
,,,,,,Çelik Raf,endustriyel-ve-ticari-urunler-depo-ve-lojistik-depolama-celik-raf,Endüstriyel ve Ticari Ürünler › Depo ve Lojistik › Depolama › Çelik Raf,Endüstriyel ve Ticari Ürünler › Depo ve Lojistik › Depolama,CREATE_NEW,,false,false,false,,,0,0,0,0,0,0,LOW,
,,,,,,Plastik Kasa,endustriyel-ve-ticari-urunler-depo-ve-lojistik-depolama-plastik-kasa,Endüstriyel ve Ticari Ürünler › Depo ve Lojistik › Depolama › Plastik Kasa,Endüstriyel ve Ticari Ürünler › Depo ve Lojistik › Depolama,CREATE_NEW,,false,false,false,,,0,0,0,0,0,0,LOW,
,,,,,,Palet,endustriyel-ve-ticari-urunler-depo-ve-lojistik-depolama-palet,Endüstriyel ve Ticari Ürünler › Depo ve Lojistik › Depolama › Palet,Endüstriyel ve Ticari Ürünler › Depo ve Lojistik › Depolama,CREATE_NEW,,false,false,false,,,0,0,0,0,0,0,LOW,
,,,,,,İstif Kutusu,endustriyel-ve-ticari-urunler-depo-ve-lojistik-depolama-istif-kutusu,Endüstriyel ve Ticari Ürünler › Depo ve Lojistik › Depolama › İstif Kutusu,Endüstriyel ve Ticari Ürünler › Depo ve Lojistik › Depolama,CREATE_NEW,,false,false,false,,,0,0,0,0,0,0,LOW,
,,,,,,Dolap,endustriyel-ve-ticari-urunler-depo-ve-lojistik-depolama-dolap,Endüstriyel ve Ticari Ürünler › Depo ve Lojistik › Depolama › Dolap,Endüstriyel ve Ticari Ürünler › Depo ve Lojistik › Depolama,CREATE_NEW,,false,false,false,,,0,0,0,0,0,0,LOW,
,,,,,,Taşıma,endustriyel-ve-ticari-urunler-depo-ve-lojistik-tasima,Endüstriyel ve Ticari Ürünler › Depo ve Lojistik › Taşıma,Endüstriyel ve Ticari Ürünler › Depo ve Lojistik,CREATE_NEW,,false,false,false,,,0,0,0,0,0,0,LOW,
,,,,,,Transpalet,endustriyel-ve-ticari-urunler-depo-ve-lojistik-tasima-transpalet,Endüstriyel ve Ticari Ürünler › Depo ve Lojistik › Taşıma › Transpalet,Endüstriyel ve Ticari Ürünler › Depo ve Lojistik › Taşıma,CREATE_NEW,,false,false,false,,,0,0,0,0,0,0,LOW,
,,,,,,İstif Makinesi,endustriyel-ve-ticari-urunler-depo-ve-lojistik-tasima-istif-makinesi,Endüstriyel ve Ticari Ürünler › Depo ve Lojistik › Taşıma › İstif Makinesi,Endüstriyel ve Ticari Ürünler › Depo ve Lojistik › Taşıma,CREATE_NEW,,false,false,false,,,0,0,0,0,0,0,LOW,
,,,,,,Platform Arabası,endustriyel-ve-ticari-urunler-depo-ve-lojistik-tasima-platform-arabasi,Endüstriyel ve Ticari Ürünler › Depo ve Lojistik › Taşıma › Platform Arabası,Endüstriyel ve Ticari Ürünler › Depo ve Lojistik › Taşıma,CREATE_NEW,,false,false,false,,,0,0,0,0,0,0,LOW,
,,,,,,El Arabası,endustriyel-ve-ticari-urunler-depo-ve-lojistik-tasima-el-arabasi,Endüstriyel ve Ticari Ürünler › Depo ve Lojistik › Taşıma › El Arabası,Endüstriyel ve Ticari Ürünler › Depo ve Lojistik › Taşıma,CREATE_NEW,,false,false,false,,,0,0,0,0,0,0,LOW,
,,,,,,Konveyör,endustriyel-ve-ticari-urunler-depo-ve-lojistik-tasima-konveyor,Endüstriyel ve Ticari Ürünler › Depo ve Lojistik › Taşıma › Konveyör,Endüstriyel ve Ticari Ürünler › Depo ve Lojistik › Taşıma,CREATE_NEW,,false,false,false,,,0,0,0,0,0,0,LOW,
,,,,,,Forklift Ataşmanı,endustriyel-ve-ticari-urunler-depo-ve-lojistik-tasima-forklift-atasmani,Endüstriyel ve Ticari Ürünler › Depo ve Lojistik › Taşıma › Forklift Ataşmanı,Endüstriyel ve Ticari Ürünler › Depo ve Lojistik › Taşıma,CREATE_NEW,,false,false,false,,,0,0,0,0,0,0,LOW,
,,,,,,Mağaza ve Market,endustriyel-ve-ticari-urunler-magaza-ve-market,Endüstriyel ve Ticari Ürünler › Mağaza ve Market,Endüstriyel ve Ticari Ürünler,CREATE_NEW,,false,false,false,,,0,0,0,0,0,0,LOW,
,,,,,,Mağaza Ekipmanları,endustriyel-ve-ticari-urunler-magaza-ve-market-magaza-ekipmanlari,Endüstriyel ve Ticari Ürünler › Mağaza ve Market › Mağaza Ekipmanları,Endüstriyel ve Ticari Ürünler › Mağaza ve Market,CREATE_NEW,,false,false,false,,,0,0,0,0,0,0,LOW,
,,,,,,Raf Sistemi,endustriyel-ve-ticari-urunler-magaza-ve-market-magaza-ekipmanlari-raf-sistemi,Endüstriyel ve Ticari Ürünler › Mağaza ve Market › Mağaza Ekipmanları › Raf Sistemi,Endüstriyel ve Ticari Ürünler › Mağaza ve Market › Mağaza Ekipmanları,CREATE_NEW,,false,false,false,,,0,0,0,0,0,0,LOW,
,,,,,,Vitrin,endustriyel-ve-ticari-urunler-magaza-ve-market-magaza-ekipmanlari-vitrin,Endüstriyel ve Ticari Ürünler › Mağaza ve Market › Mağaza Ekipmanları › Vitrin,Endüstriyel ve Ticari Ürünler › Mağaza ve Market › Mağaza Ekipmanları,CREATE_NEW,,false,false,false,,,0,0,0,0,0,0,LOW,
,,,,,,Askılık,endustriyel-ve-ticari-urunler-magaza-ve-market-magaza-ekipmanlari-askilik,Endüstriyel ve Ticari Ürünler › Mağaza ve Market › Mağaza Ekipmanları › Askılık,Endüstriyel ve Ticari Ürünler › Mağaza ve Market › Mağaza Ekipmanları,CREATE_NEW,,false,false,false,,,0,0,0,0,0,0,LOW,
,,,,,,Manken,endustriyel-ve-ticari-urunler-magaza-ve-market-magaza-ekipmanlari-manken,Endüstriyel ve Ticari Ürünler › Mağaza ve Market › Mağaza Ekipmanları › Manken,Endüstriyel ve Ticari Ürünler › Mağaza ve Market › Mağaza Ekipmanları,CREATE_NEW,,false,false,false,,,0,0,0,0,0,0,LOW,
,,,,,,Kasa Bankosu,endustriyel-ve-ticari-urunler-magaza-ve-market-magaza-ekipmanlari-kasa-bankosu,Endüstriyel ve Ticari Ürünler › Mağaza ve Market › Mağaza Ekipmanları › Kasa Bankosu,Endüstriyel ve Ticari Ürünler › Mağaza ve Market › Mağaza Ekipmanları,CREATE_NEW,,false,false,false,,,0,0,0,0,0,0,LOW,
,,,,,,Fiyat Etiketi,endustriyel-ve-ticari-urunler-magaza-ve-market-magaza-ekipmanlari-fiyat-etiketi,Endüstriyel ve Ticari Ürünler › Mağaza ve Market › Mağaza Ekipmanları › Fiyat Etiketi,Endüstriyel ve Ticari Ürünler › Mağaza ve Market › Mağaza Ekipmanları,CREATE_NEW,,false,false,false,,,0,0,0,0,0,0,LOW,
,,,,,,Ödeme ve Otomasyon,endustriyel-ve-ticari-urunler-magaza-ve-market-odeme-ve-otomasyon,Endüstriyel ve Ticari Ürünler › Mağaza ve Market › Ödeme ve Otomasyon,Endüstriyel ve Ticari Ürünler › Mağaza ve Market,CREATE_NEW,,false,false,false,,,0,0,0,0,0,0,LOW,
,,,,,,Yazar Kasa,endustriyel-ve-ticari-urunler-magaza-ve-market-odeme-ve-otomasyon-yazar-kasa,Endüstriyel ve Ticari Ürünler › Mağaza ve Market › Ödeme ve Otomasyon › Yazar Kasa,Endüstriyel ve Ticari Ürünler › Mağaza ve Market › Ödeme ve Otomasyon,CREATE_NEW,,false,false,false,,,0,0,0,0,0,0,LOW,
,,,,,,POS Terminali,endustriyel-ve-ticari-urunler-magaza-ve-market-odeme-ve-otomasyon-pos-terminali,Endüstriyel ve Ticari Ürünler › Mağaza ve Market › Ödeme ve Otomasyon › POS Terminali,Endüstriyel ve Ticari Ürünler › Mağaza ve Market › Ödeme ve Otomasyon,CREATE_NEW,,false,false,false,,,0,0,0,0,0,0,LOW,
,,,,,,Barkod Okuyucu,endustriyel-ve-ticari-urunler-magaza-ve-market-odeme-ve-otomasyon-barkod-okuyucu,Endüstriyel ve Ticari Ürünler › Mağaza ve Market › Ödeme ve Otomasyon › Barkod Okuyucu,Endüstriyel ve Ticari Ürünler › Mağaza ve Market › Ödeme ve Otomasyon,CREATE_NEW,,false,false,false,,,0,0,0,0,0,0,LOW,
,,,,,,Etiket Yazıcı,endustriyel-ve-ticari-urunler-magaza-ve-market-odeme-ve-otomasyon-etiket-yazici,Endüstriyel ve Ticari Ürünler › Mağaza ve Market › Ödeme ve Otomasyon › Etiket Yazıcı,Endüstriyel ve Ticari Ürünler › Mağaza ve Market › Ödeme ve Otomasyon,CREATE_NEW,,false,false,false,,,0,0,0,0,0,0,LOW,
,,,,,,Para Çekmecesi,endustriyel-ve-ticari-urunler-magaza-ve-market-odeme-ve-otomasyon-para-cekmecesi,Endüstriyel ve Ticari Ürünler › Mağaza ve Market › Ödeme ve Otomasyon › Para Çekmecesi,Endüstriyel ve Ticari Ürünler › Mağaza ve Market › Ödeme ve Otomasyon,CREATE_NEW,,false,false,false,,,0,0,0,0,0,0,LOW,
,,,,,,Terazi,endustriyel-ve-ticari-urunler-magaza-ve-market-odeme-ve-otomasyon-terazi,Endüstriyel ve Ticari Ürünler › Mağaza ve Market › Ödeme ve Otomasyon › Terazi,Endüstriyel ve Ticari Ürünler › Mağaza ve Market › Ödeme ve Otomasyon,CREATE_NEW,,false,false,false,,,0,0,0,0,0,0,LOW,
,,,,,,Soğutma,endustriyel-ve-ticari-urunler-magaza-ve-market-sogutma,Endüstriyel ve Ticari Ürünler › Mağaza ve Market › Soğutma,Endüstriyel ve Ticari Ürünler › Mağaza ve Market,CREATE_NEW,,false,false,false,,,0,0,0,0,0,0,LOW,
,,,,,,Market Dolabı,endustriyel-ve-ticari-urunler-magaza-ve-market-sogutma-market-dolabi,Endüstriyel ve Ticari Ürünler › Mağaza ve Market › Soğutma › Market Dolabı,Endüstriyel ve Ticari Ürünler › Mağaza ve Market › Soğutma,CREATE_NEW,,false,false,false,,,0,0,0,0,0,0,LOW,
,,,,,,Şarküteri Dolabı,endustriyel-ve-ticari-urunler-magaza-ve-market-sogutma-sarkuteri-dolabi,Endüstriyel ve Ticari Ürünler › Mağaza ve Market › Soğutma › Şarküteri Dolabı,Endüstriyel ve Ticari Ürünler › Mağaza ve Market › Soğutma,CREATE_NEW,,false,false,false,,,0,0,0,0,0,0,LOW,
,,,,,,Dondurma Reyonu,endustriyel-ve-ticari-urunler-magaza-ve-market-sogutma-dondurma-reyonu,Endüstriyel ve Ticari Ürünler › Mağaza ve Market › Soğutma › Dondurma Reyonu,Endüstriyel ve Ticari Ürünler › Mağaza ve Market › Soğutma,CREATE_NEW,,false,false,false,,,0,0,0,0,0,0,LOW,
,,,,,,Soğuk Oda Ekipmanı,endustriyel-ve-ticari-urunler-magaza-ve-market-sogutma-soguk-oda-ekipmani,Endüstriyel ve Ticari Ürünler › Mağaza ve Market › Soğutma › Soğuk Oda Ekipmanı,Endüstriyel ve Ticari Ürünler › Mağaza ve Market › Soğutma,CREATE_NEW,,false,false,false,,,0,0,0,0,0,0,LOW,
,,,,,,Restoran ve Otel,endustriyel-ve-ticari-urunler-restoran-ve-otel,Endüstriyel ve Ticari Ürünler › Restoran ve Otel,Endüstriyel ve Ticari Ürünler,CREATE_NEW,,false,false,false,,,0,0,0,0,0,0,LOW,
,,,,,,Mutfak Ekipmanları,endustriyel-ve-ticari-urunler-restoran-ve-otel-mutfak-ekipmanlari,Endüstriyel ve Ticari Ürünler › Restoran ve Otel › Mutfak Ekipmanları,Endüstriyel ve Ticari Ürünler › Restoran ve Otel,CREATE_NEW,,false,false,false,,,0,0,0,0,0,0,LOW,
,,,,,,Endüstriyel Fırın,endustriyel-ve-ticari-urunler-restoran-ve-otel-mutfak-ekipmanlari-endustriyel-fi,Endüstriyel ve Ticari Ürünler › Restoran ve Otel › Mutfak Ekipmanları › Endüstriyel Fırın,Endüstriyel ve Ticari Ürünler › Restoran ve Otel › Mutfak Ekipmanları,CREATE_NEW,,false,false,false,,,0,0,0,0,0,0,LOW,
,,,,,,Endüstriyel Ocak,endustriyel-ve-ticari-urunler-restoran-ve-otel-mutfak-ekipmanlari-endustriyel-oc,Endüstriyel ve Ticari Ürünler › Restoran ve Otel › Mutfak Ekipmanları › Endüstriyel Ocak,Endüstriyel ve Ticari Ürünler › Restoran ve Otel › Mutfak Ekipmanları,CREATE_NEW,,false,false,false,,,0,0,0,0,0,0,LOW,
,,,,,,Endüstriyel Bulaşık,endustriyel-ve-ticari-urunler-restoran-ve-otel-mutfak-ekipmanlari-endustriyel-bu,Endüstriyel ve Ticari Ürünler › Restoran ve Otel › Mutfak Ekipmanları › Endüstriyel Bulaşık,Endüstriyel ve Ticari Ürünler › Restoran ve Otel › Mutfak Ekipmanları,CREATE_NEW,,false,false,false,,,0,0,0,0,0,0,LOW,
cmsg3xgur0059uzdcp093xrys,Davlumbaz,sifir-urun-beyaz-esya__davulumba,sifir-urun/ev-aletleri/beyaz-esya/beyaz-esya/davulumba,cmsg4wp4f0029uzxwroue3qn1,sifir,Davlumbaz,endustriyel-ve-ticari-urunler-restoran-ve-otel-mutfak-ekipmanlari-davlumbaz,Endüstriyel ve Ticari Ürünler › Restoran ve Otel › Mutfak Ekipmanları › Davlumbaz,Endüstriyel ve Ticari Ürünler › Restoran ve Otel › Mutfak Ekipmanları,MOVE,cmsg3xgur0059uzdcp093xrys,true,true,true,,,0,0,0,29,8,0,LOW,move from parent 'Beyaz Eşya' → 'Mutfak Ekipmanları'
,,,,,,Hazırlık Tezgahı,endustriyel-ve-ticari-urunler-restoran-ve-otel-mutfak-ekipmanlari-hazirlik-tezga,Endüstriyel ve Ticari Ürünler › Restoran ve Otel › Mutfak Ekipmanları › Hazırlık Tezgahı,Endüstriyel ve Ticari Ürünler › Restoran ve Otel › Mutfak Ekipmanları,CREATE_NEW,,false,false,false,,,0,0,0,0,0,0,LOW,
,,,,,,Servis Ekipmanları,endustriyel-ve-ticari-urunler-restoran-ve-otel-servis-ekipmanlari,Endüstriyel ve Ticari Ürünler › Restoran ve Otel › Servis Ekipmanları,Endüstriyel ve Ticari Ürünler › Restoran ve Otel,CREATE_NEW,,false,false,false,,,0,0,0,0,0,0,LOW,
,,,,,,Servis Arabası,endustriyel-ve-ticari-urunler-restoran-ve-otel-servis-ekipmanlari-servis-arabasi,Endüstriyel ve Ticari Ürünler › Restoran ve Otel › Servis Ekipmanları › Servis Arabası,Endüstriyel ve Ticari Ürünler › Restoran ve Otel › Servis Ekipmanları,CREATE_NEW,,false,false,false,,,0,0,0,0,0,0,LOW,
,,,,,,Benmari,endustriyel-ve-ticari-urunler-restoran-ve-otel-servis-ekipmanlari-benmari,Endüstriyel ve Ticari Ürünler › Restoran ve Otel › Servis Ekipmanları › Benmari,Endüstriyel ve Ticari Ürünler › Restoran ve Otel › Servis Ekipmanları,CREATE_NEW,,false,false,false,,,0,0,0,0,0,0,LOW,
,,,,,,Çay Kazanı,endustriyel-ve-ticari-urunler-restoran-ve-otel-servis-ekipmanlari-cay-kazani,Endüstriyel ve Ticari Ürünler › Restoran ve Otel › Servis Ekipmanları › Çay Kazanı,Endüstriyel ve Ticari Ürünler › Restoran ve Otel › Servis Ekipmanları,CREATE_NEW,,false,false,false,,,0,0,0,0,0,0,LOW,
,,,,,,Kahve Makinesi,endustriyel-ve-ticari-urunler-restoran-ve-otel-servis-ekipmanlari-kahve-makinesi,Endüstriyel ve Ticari Ürünler › Restoran ve Otel › Servis Ekipmanları › Kahve Makinesi,Endüstriyel ve Ticari Ürünler › Restoran ve Otel › Servis Ekipmanları,CREATE_NEW,,false,false,false,,,0,0,0,0,0,0,LOW,
,,,,,,Buz Makinesi,endustriyel-ve-ticari-urunler-restoran-ve-otel-servis-ekipmanlari-buz-makinesi,Endüstriyel ve Ticari Ürünler › Restoran ve Otel › Servis Ekipmanları › Buz Makinesi,Endüstriyel ve Ticari Ürünler › Restoran ve Otel › Servis Ekipmanları,CREATE_NEW,,false,false,false,,,0,0,0,0,0,0,LOW,
,,,,,,Otel Ekipmanları,endustriyel-ve-ticari-urunler-restoran-ve-otel-otel-ekipmanlari,Endüstriyel ve Ticari Ürünler › Restoran ve Otel › Otel Ekipmanları,Endüstriyel ve Ticari Ürünler › Restoran ve Otel,CREATE_NEW,,false,false,false,,,0,0,0,0,0,0,LOW,
,,,,,,Mini Bar,endustriyel-ve-ticari-urunler-restoran-ve-otel-otel-ekipmanlari-mini-bar,Endüstriyel ve Ticari Ürünler › Restoran ve Otel › Otel Ekipmanları › Mini Bar,Endüstriyel ve Ticari Ürünler › Restoran ve Otel › Otel Ekipmanları,CREATE_NEW,,false,false,false,,,0,0,0,0,0,0,LOW,
,,,,,,Otel Tipi Kasa,endustriyel-ve-ticari-urunler-restoran-ve-otel-otel-ekipmanlari-otel-tipi-kasa,Endüstriyel ve Ticari Ürünler › Restoran ve Otel › Otel Ekipmanları › Otel Tipi Kasa,Endüstriyel ve Ticari Ürünler › Restoran ve Otel › Otel Ekipmanları,CREATE_NEW,,false,false,false,,,0,0,0,0,0,0,LOW,
,,,,,,Bagaj Arabası,endustriyel-ve-ticari-urunler-restoran-ve-otel-otel-ekipmanlari-bagaj-arabasi,Endüstriyel ve Ticari Ürünler › Restoran ve Otel › Otel Ekipmanları › Bagaj Arabası,Endüstriyel ve Ticari Ürünler › Restoran ve Otel › Otel Ekipmanları,CREATE_NEW,,false,false,false,,,0,0,0,0,0,0,LOW,
,,,,,,Kat Arabası,endustriyel-ve-ticari-urunler-restoran-ve-otel-otel-ekipmanlari-kat-arabasi,Endüstriyel ve Ticari Ürünler › Restoran ve Otel › Otel Ekipmanları › Kat Arabası,Endüstriyel ve Ticari Ürünler › Restoran ve Otel › Otel Ekipmanları,CREATE_NEW,,false,false,false,,,0,0,0,0,0,0,LOW,
,,,,,,Otel Tekstili,endustriyel-ve-ticari-urunler-restoran-ve-otel-otel-ekipmanlari-otel-tekstili,Endüstriyel ve Ticari Ürünler › Restoran ve Otel › Otel Ekipmanları › Otel Tekstili,Endüstriyel ve Ticari Ürünler › Restoran ve Otel › Otel Ekipmanları,CREATE_NEW,,false,false,false,,,0,0,0,0,0,0,LOW,
,,,,,,İş Güvenliği,endustriyel-ve-ticari-urunler-is-guvenligi,Endüstriyel ve Ticari Ürünler › İş Güvenliği,Endüstriyel ve Ticari Ürünler,CREATE_NEW,,false,false,false,,,0,0,0,0,0,0,LOW,
,,,,,,Kişisel Koruyucu,endustriyel-ve-ticari-urunler-is-guvenligi-kisisel-koruyucu,Endüstriyel ve Ticari Ürünler › İş Güvenliği › Kişisel Koruyucu,Endüstriyel ve Ticari Ürünler › İş Güvenliği,CREATE_NEW,,false,false,false,,,0,0,0,0,0,0,LOW,
,,,,,,Baret,endustriyel-ve-ticari-urunler-is-guvenligi-kisisel-koruyucu-baret,Endüstriyel ve Ticari Ürünler › İş Güvenliği › Kişisel Koruyucu › Baret,Endüstriyel ve Ticari Ürünler › İş Güvenliği › Kişisel Koruyucu,CREATE_NEW,,false,false,false,,,0,0,0,0,0,0,LOW,
,,,,,,İş Ayakkabısı,endustriyel-ve-ticari-urunler-is-guvenligi-kisisel-koruyucu-is-ayakkabisi,Endüstriyel ve Ticari Ürünler › İş Güvenliği › Kişisel Koruyucu › İş Ayakkabısı,Endüstriyel ve Ticari Ürünler › İş Güvenliği › Kişisel Koruyucu,CREATE_NEW,,false,false,false,,,0,0,0,0,0,0,LOW,
,,,,,,İş Eldiveni,endustriyel-ve-ticari-urunler-is-guvenligi-kisisel-koruyucu-is-eldiveni,Endüstriyel ve Ticari Ürünler › İş Güvenliği › Kişisel Koruyucu › İş Eldiveni,Endüstriyel ve Ticari Ürünler › İş Güvenliği › Kişisel Koruyucu,CREATE_NEW,,false,false,false,,,0,0,0,0,0,0,LOW,
,,,,,,Koruyucu Gözlük,endustriyel-ve-ticari-urunler-is-guvenligi-kisisel-koruyucu-koruyucu-gozluk,Endüstriyel ve Ticari Ürünler › İş Güvenliği › Kişisel Koruyucu › Koruyucu Gözlük,Endüstriyel ve Ticari Ürünler › İş Güvenliği › Kişisel Koruyucu,CREATE_NEW,,false,false,false,,,0,0,0,0,0,0,LOW,
,,,,,,Maske,endustriyel-ve-ticari-urunler-is-guvenligi-kisisel-koruyucu-maske,Endüstriyel ve Ticari Ürünler › İş Güvenliği › Kişisel Koruyucu › Maske,Endüstriyel ve Ticari Ürünler › İş Güvenliği › Kişisel Koruyucu,CREATE_NEW,,false,false,false,,,0,0,0,0,0,0,LOW,
,,,,,,Reflektörlü Yelek,endustriyel-ve-ticari-urunler-is-guvenligi-kisisel-koruyucu-reflektorlu-yelek,Endüstriyel ve Ticari Ürünler › İş Güvenliği › Kişisel Koruyucu › Reflektörlü Yelek,Endüstriyel ve Ticari Ürünler › İş Güvenliği › Kişisel Koruyucu,CREATE_NEW,,false,false,false,,,0,0,0,0,0,0,LOW,
,,,,,,Emniyet Kemeri,endustriyel-ve-ticari-urunler-is-guvenligi-kisisel-koruyucu-emniyet-kemeri,Endüstriyel ve Ticari Ürünler › İş Güvenliği › Kişisel Koruyucu › Emniyet Kemeri,Endüstriyel ve Ticari Ürünler › İş Güvenliği › Kişisel Koruyucu,CREATE_NEW,,false,false,false,,,0,0,0,0,0,0,LOW,
,,,,,,İşyeri Güvenliği,endustriyel-ve-ticari-urunler-is-guvenligi-isyeri-guvenligi,Endüstriyel ve Ticari Ürünler › İş Güvenliği › İşyeri Güvenliği,Endüstriyel ve Ticari Ürünler › İş Güvenliği,CREATE_NEW,,false,false,false,,,0,0,0,0,0,0,LOW,
,,,,,,Yangın Söndürücü,endustriyel-ve-ticari-urunler-is-guvenligi-isyeri-guvenligi-yangin-sondurucu,Endüstriyel ve Ticari Ürünler › İş Güvenliği › İşyeri Güvenliği › Yangın Söndürücü,Endüstriyel ve Ticari Ürünler › İş Güvenliği › İşyeri Güvenliği,CREATE_NEW,,false,false,false,,,0,0,0,0,0,0,LOW,
,,,,,,Uyarı Levhası,endustriyel-ve-ticari-urunler-is-guvenligi-isyeri-guvenligi-uyari-levhasi,Endüstriyel ve Ticari Ürünler › İş Güvenliği › İşyeri Güvenliği › Uyarı Levhası,Endüstriyel ve Ticari Ürünler › İş Güvenliği › İşyeri Güvenliği,CREATE_NEW,,false,false,false,,,0,0,0,0,0,0,LOW,
,,,,,,Bariyer,endustriyel-ve-ticari-urunler-is-guvenligi-isyeri-guvenligi-bariyer,Endüstriyel ve Ticari Ürünler › İş Güvenliği › İşyeri Güvenliği › Bariyer,Endüstriyel ve Ticari Ürünler › İş Güvenliği › İşyeri Güvenliği,CREATE_NEW,,false,false,false,,,0,0,0,0,0,0,LOW,
,,,,,,İlk Yardım Dolabı,endustriyel-ve-ticari-urunler-is-guvenligi-isyeri-guvenligi-ilk-yardim-dolabi,Endüstriyel ve Ticari Ürünler › İş Güvenliği › İşyeri Güvenliği › İlk Yardım Dolabı,Endüstriyel ve Ticari Ürünler › İş Güvenliği › İşyeri Güvenliği,CREATE_NEW,,false,false,false,,,0,0,0,0,0,0,LOW,
,,,,,,Acil Aydınlatma,endustriyel-ve-ticari-urunler-is-guvenligi-isyeri-guvenligi-acil-aydinlatma,Endüstriyel ve Ticari Ürünler › İş Güvenliği › İşyeri Güvenliği › Acil Aydınlatma,Endüstriyel ve Ticari Ürünler › İş Güvenliği › İşyeri Güvenliği,CREATE_NEW,,false,false,false,,,0,0,0,0,0,0,LOW,
,,,,,,Ofis ve Ticari Teknoloji,endustriyel-ve-ticari-urunler-ofis-ve-ticari-teknoloji,Endüstriyel ve Ticari Ürünler › Ofis ve Ticari Teknoloji,Endüstriyel ve Ticari Ürünler,CREATE_NEW,,false,false,false,,,0,0,0,0,0,0,LOW,
,,,,,,Kurumsal Donanım,endustriyel-ve-ticari-urunler-ofis-ve-ticari-teknoloji-kurumsal-donanim,Endüstriyel ve Ticari Ürünler › Ofis ve Ticari Teknoloji › Kurumsal Donanım,Endüstriyel ve Ticari Ürünler › Ofis ve Ticari Teknoloji,CREATE_NEW,,false,false,false,,,0,0,0,0,0,0,LOW,
,,,,,,Sunucu,endustriyel-ve-ticari-urunler-ofis-ve-ticari-teknoloji-kurumsal-donanim-sunucu,Endüstriyel ve Ticari Ürünler › Ofis ve Ticari Teknoloji › Kurumsal Donanım › Sunucu,Endüstriyel ve Ticari Ürünler › Ofis ve Ticari Teknoloji › Kurumsal Donanım,CREATE_NEW,,false,false,false,,,0,0,0,0,0,0,LOW,
,,,,,,Rack Kabin,endustriyel-ve-ticari-urunler-ofis-ve-ticari-teknoloji-kurumsal-donanim-rack-kab,Endüstriyel ve Ticari Ürünler › Ofis ve Ticari Teknoloji › Kurumsal Donanım › Rack Kabin,Endüstriyel ve Ticari Ürünler › Ofis ve Ticari Teknoloji › Kurumsal Donanım,CREATE_NEW,,false,false,false,,,0,0,0,0,0,0,LOW,
,,,,,,UPS,endustriyel-ve-ticari-urunler-ofis-ve-ticari-teknoloji-kurumsal-donanim-ups,Endüstriyel ve Ticari Ürünler › Ofis ve Ticari Teknoloji › Kurumsal Donanım › UPS,Endüstriyel ve Ticari Ürünler › Ofis ve Ticari Teknoloji › Kurumsal Donanım,CREATE_NEW,,false,false,false,,,0,0,0,0,0,0,LOW,
,,,,,,Switch,endustriyel-ve-ticari-urunler-ofis-ve-ticari-teknoloji-kurumsal-donanim-switch,Endüstriyel ve Ticari Ürünler › Ofis ve Ticari Teknoloji › Kurumsal Donanım › Switch,Endüstriyel ve Ticari Ürünler › Ofis ve Ticari Teknoloji › Kurumsal Donanım,CREATE_NEW,,false,false,false,,,0,0,0,0,0,0,LOW,
,,,,,,Kurumsal Yazıcı,endustriyel-ve-ticari-urunler-ofis-ve-ticari-teknoloji-kurumsal-donanim-kurumsal,Endüstriyel ve Ticari Ürünler › Ofis ve Ticari Teknoloji › Kurumsal Donanım › Kurumsal Yazıcı,Endüstriyel ve Ticari Ürünler › Ofis ve Ticari Teknoloji › Kurumsal Donanım,CREATE_NEW,,false,false,false,,,0,0,0,0,0,0,LOW,
,,,,,,Video Konferans Sistemi,endustriyel-ve-ticari-urunler-ofis-ve-ticari-teknoloji-kurumsal-donanim-video-ko,Endüstriyel ve Ticari Ürünler › Ofis ve Ticari Teknoloji › Kurumsal Donanım › Video Konferans Sistemi,Endüstriyel ve Ticari Ürünler › Ofis ve Ticari Teknoloji › Kurumsal Donanım,CREATE_NEW,,false,false,false,,,0,0,0,0,0,0,LOW,
,,,,,,Güvenlik ve Geçiş,endustriyel-ve-ticari-urunler-ofis-ve-ticari-teknoloji-guvenlik-ve-gecis,Endüstriyel ve Ticari Ürünler › Ofis ve Ticari Teknoloji › Güvenlik ve Geçiş,Endüstriyel ve Ticari Ürünler › Ofis ve Ticari Teknoloji,CREATE_NEW,,false,false,false,,,0,0,0,0,0,0,LOW,
,,,,,,Turnike,endustriyel-ve-ticari-urunler-ofis-ve-ticari-teknoloji-guvenlik-ve-gecis-turnike,Endüstriyel ve Ticari Ürünler › Ofis ve Ticari Teknoloji › Güvenlik ve Geçiş › Turnike,Endüstriyel ve Ticari Ürünler › Ofis ve Ticari Teknoloji › Güvenlik ve Geçiş,CREATE_NEW,,false,false,false,,,0,0,0,0,0,0,LOW,
,,,,,,Kartlı Geçiş,endustriyel-ve-ticari-urunler-ofis-ve-ticari-teknoloji-guvenlik-ve-gecis-kartli-,Endüstriyel ve Ticari Ürünler › Ofis ve Ticari Teknoloji › Güvenlik ve Geçiş › Kartlı Geçiş,Endüstriyel ve Ticari Ürünler › Ofis ve Ticari Teknoloji › Güvenlik ve Geçiş,CREATE_NEW,,false,false,false,,,0,0,0,0,0,0,LOW,
,,,,,,Parmak İzi Cihazı,endustriyel-ve-ticari-urunler-ofis-ve-ticari-teknoloji-guvenlik-ve-gecis-parmak-,Endüstriyel ve Ticari Ürünler › Ofis ve Ticari Teknoloji › Güvenlik ve Geçiş › Parmak İzi Cihazı,Endüstriyel ve Ticari Ürünler › Ofis ve Ticari Teknoloji › Güvenlik ve Geçiş,CREATE_NEW,,false,false,false,,,0,0,0,0,0,0,LOW,
,,,,,,X-Ray Cihazı,endustriyel-ve-ticari-urunler-ofis-ve-ticari-teknoloji-guvenlik-ve-gecis-x-ray-c,Endüstriyel ve Ticari Ürünler › Ofis ve Ticari Teknoloji › Güvenlik ve Geçiş › X-Ray Cihazı,Endüstriyel ve Ticari Ürünler › Ofis ve Ticari Teknoloji › Güvenlik ve Geçiş,CREATE_NEW,,false,false,false,,,0,0,0,0,0,0,LOW,
,,,,,,Metal Dedektörü,endustriyel-ve-ticari-urunler-ofis-ve-ticari-teknoloji-guvenlik-ve-gecis-metal-d,Endüstriyel ve Ticari Ürünler › Ofis ve Ticari Teknoloji › Güvenlik ve Geçiş › Metal Dedektörü,Endüstriyel ve Ticari Ürünler › Ofis ve Ticari Teknoloji › Güvenlik ve Geçiş,CREATE_NEW,,false,false,false,,,0,0,0,0,0,0,LOW,
cms93j5l1001vuz3gboidp5m9,Sıfır,sifir-urun,sifir-urun,,sifir,,,,,ARCHIVE,,false,true,true,,,4,0,0,0,0,0,LOW,in DB (sifir) but not in target MD by name match
cmsg3xg18000zuzdct7y3h84l,Akıllı Saat & Bileklik,sifir-urun-cep-telefonu__akilli-saat,sifir-urun/elektronik/telefon-ve-aksesuar/cep-telefonu/akilli-saat,cms93j5l8001xuz3gsasrgk49,sifir,,,,,ARCHIVE,,false,true,true,,,0,0,0,30,7,0,LOW,in DB (sifir) but not in target MD by name match
cmsg3xg1g0011uzdcfo9uiwzh,Kulaklık & Bluetooth,sifir-urun-cep-telefonu__kulaklik,sifir-urun/elektronik/telefon-ve-aksesuar/cep-telefonu/kulaklik,cms93j5l8001xuz3gsasrgk49,sifir,,,,,ARCHIVE,,false,true,true,,,0,0,0,30,7,0,LOW,in DB (sifir) but not in target MD by name match
cmsg3xg1y0013uzdcn3no2nil,Şarj & Powerbank,sifir-urun-cep-telefonu__sarj-powerbank,sifir-urun/elektronik/telefon-ve-aksesuar/cep-telefonu/sarj-powerbank,cms93j5l8001xuz3gsasrgk49,sifir,,,,,SPLIT,,true,true,true,Elektronik › Telefon ve Aksesuar › Telefon Aksesuarları › Şarj Adaptörü | Elektronik › Telefon ve Aksesuar › Telefon Aksesuarları › Powerbank,,0,0,0,30,7,0,HIGH,title keyword: powerbank|şarj|adaptör
cmsg3xg250015uzdcac1tp3f4,Kılıf & Koruyucu,sifir-urun-cep-telefonu__kilif-aksesuar,sifir-urun/elektronik/telefon-ve-aksesuar/cep-telefonu/kilif-aksesuar,cms93j5l8001xuz3gsasrgk49,sifir,,,,,ARCHIVE,,false,true,true,,,0,0,0,30,7,0,LOW,in DB (sifir) but not in target MD by name match
cmsg3xg2e0017uzdcsodciep8,Diğer Aksesuar,sifir-urun-cep-telefonu__diger-aksesuar,sifir-urun/elektronik/telefon-ve-aksesuar/cep-telefonu/diger-aksesuar,cms93j5l8001xuz3gsasrgk49,sifir,,,,,ARCHIVE,,false,true,true,,,0,0,0,30,7,0,LOW,in DB (sifir) but not in target MD by name match
cmsg3xg2n0019uzdc9ltguw8a,Yenilenmiş Telefon,sifir-urun-cep-telefonu__yenilenmis-telefon,sifir-urun/elektronik/telefon-ve-aksesuar/cep-telefonu/yenilenmis-telefon,cms93j5l8001xuz3gsasrgk49,sifir,,,,,ARCHIVE,,false,true,true,,,0,0,0,30,7,0,LOW,in DB (sifir) but not in target MD by name match
cmsg3xg3m001huzdc7fdghxgl,Şarj Cihazı,sifir-urun-cep-telefonu__sarj-cihazi,sifir-urun/elektronik/telefon-ve-aksesuar/cep-telefonu/sarj-cihazi,cms93j5l8001xuz3gsasrgk49,sifir,,,,,ARCHIVE,,false,true,true,,,0,0,0,30,7,0,LOW,in DB (sifir) but not in target MD by name match
cmsg3xg46001luzdc6nkzdram,Araç Telefon Aksesuarı,sifir-urun-cep-telefonu__arac-telefon-aksesuari,sifir-urun/elektronik/telefon-ve-aksesuar/cep-telefonu/arac-telefon-aksesuari,cms93j5l8001xuz3gsasrgk49,sifir,,,,,ARCHIVE,,false,true,true,,,0,0,0,30,7,0,LOW,in DB (sifir) but not in target MD by name match
cmsg3xg4p001nuzdcfo07dap1,Telefon Yedek Parçası,sifir-urun-cep-telefonu__telefon-yedek-parca,sifir-urun/elektronik/telefon-ve-aksesuar/cep-telefonu/telefon-yedek-parca,cms93j5l8001xuz3gsasrgk49,sifir,,,,,ARCHIVE,,false,true,true,,,0,0,0,30,7,0,LOW,in DB (sifir) but not in target MD by name match
cmsg3xgb4002fuzdc9803rtxy,Dizüstü (Notebook),sifir-urun-bilgisayar__dizustu,sifir-urun/elektronik/bilgisayar-ve-tablet/bilgisayar/dizustu,cms93j5le001zuz3ggzyxcy3i,sifir,,,,,ARCHIVE,,false,true,true,,,0,0,0,24,5,0,LOW,in DB (sifir) but not in target MD by name match
cmsg3xgbp002huzdcc5tcrs10,Masaüstü,sifir-urun-bilgisayar__masaustu,sifir-urun/elektronik/bilgisayar-ve-tablet/bilgisayar/masaustu,cms93j5le001zuz3ggzyxcy3i,sifir,,,,,ARCHIVE,,false,true,true,,,0,0,0,24,5,0,LOW,in DB (sifir) but not in target MD by name match
cmsg3xgfp002puzdcg7jmoiov,Yazıcı & Tarayıcı,sifir-urun-bilgisayar__yazici-tarayici,sifir-urun/elektronik/bilgisayar-ve-tablet/bilgisayar/yazici-tarayici,cms93j5le001zuz3ggzyxcy3i,sifir,,,,,SPLIT,,true,true,true,Elektronik › Bilgisayar ve Tablet › Bilgisayar Çevre Birimleri › Yazıcı | Elektronik › Bilgisayar ve Tablet › Bilgisayar Çevre Birimleri › Tarayıcı,,0,0,0,24,5,0,HIGH,title keyword: yazıcı|tarayıcı|scanner
cmsg3xgg0002ruzdcqrjb1co0,"Parça (RAM, SSD, Ekran Kartı…)",sifir-urun-bilgisayar__bilgisayar-parcasi,sifir-urun/elektronik/bilgisayar-ve-tablet/bilgisayar/bilgisayar-parcasi,cms93j5le001zuz3ggzyxcy3i,sifir,,,,,ARCHIVE,,false,true,true,,,0,0,0,24,5,0,LOW,in DB (sifir) but not in target MD by name match
cmsg3xgg9002tuzdctxioz346,"Klavye, Mouse & Çevre Birimi",sifir-urun-bilgisayar__cevre-birimi,sifir-urun/elektronik/bilgisayar-ve-tablet/bilgisayar/cevre-birimi,cms93j5le001zuz3ggzyxcy3i,sifir,,,,,ARCHIVE,,false,true,true,,,0,0,0,24,5,0,LOW,in DB (sifir) but not in target MD by name match
cmsg3xggl002vuzdc797cj1tk,Network & Modem,sifir-urun-bilgisayar__network,sifir-urun/elektronik/bilgisayar-ve-tablet/bilgisayar/network,cms93j5le001zuz3ggzyxcy3i,sifir,,,,,ARCHIVE,,false,true,true,,,0,0,0,24,5,0,LOW,in DB (sifir) but not in target MD by name match
cmsg3xggw002xuzdcmr7bli1s,Yazılım,sifir-urun-bilgisayar__yazilim,sifir-urun/elektronik/bilgisayar-ve-tablet/bilgisayar/yazilim,cms93j5le001zuz3ggzyxcy3i,sifir,,,,,ARCHIVE,,false,true,true,,,0,0,0,24,5,0,LOW,in DB (sifir) but not in target MD by name match
cms93j5p80031uz3g0ifpzc1a,Müzik,sifir-urun-muzik,sifir-urun/sifir-urun-muzik,cms93j5l1001vuz3gboidp5m9,sifir,,,,,ARCHIVE,,false,true,true,,,0,0,0,13,1,0,LOW,in DB (sifir) but not in target MD by name match
cms93j5pg0033uz3gj3ie66g7,Ofis & Kırtasiye,sifir-urun-ofis-kirtasiye,sifir-urun/sifir-urun-ofis-kirtasiye,cms93j5l1001vuz3gboidp5m9,sifir,,,,,ARCHIVE,,false,true,true,,,1,0,0,13,1,0,LOW,in DB (sifir) but not in target MD by name match
cms93j5pn0035uz3guja0tfco,Antika & Koleksiyon,sifir-urun-antika-koleksiyon,sifir-urun/sifir-urun-antika-koleksiyon,cms93j5l1001vuz3gboidp5m9,sifir,,,,,ARCHIVE,,false,true,true,,,0,0,0,1,1,0,LOW,in DB (sifir) but not in target MD by name match
cms93j5q50039uz3gnhdqjrvs,Yiyecek & İçecek,sifir-urun-yiyecek-icecek,sifir-urun/sifir-urun-yiyecek-icecek,cms93j5l1001vuz3gboidp5m9,sifir,,,,,ARCHIVE,,false,true,true,,,0,0,0,10,1,0,LOW,in DB (sifir) but not in target MD by name match
cmsdkecae003huzyc6uys6m47,İş Makineleri,sifir-urun-is-makinesi,sifir-urun/sifir-urun-is-makinesi,cms93j5l1001vuz3gboidp5m9,sifir,,,,,ARCHIVE,,false,true,true,,,0,0,0,9,1,0,LOW,in DB (sifir) but not in target MD by name match
cmsdkecak003juzycjc0pp98j,Tarım Makineleri,sifir-urun-tarim-makinesi,sifir-urun/sifir-urun-tarim-makinesi,cms93j5l1001vuz3gboidp5m9,sifir,,,,,ARCHIVE,,false,true,true,,,0,0,0,6,1,0,LOW,in DB (sifir) but not in target MD by name match
cms93j5ma0029uz3gdtgnknvu,Ev Elektroniği,sifir-urun-ev-elektronigi,sifir-urun/sifir-urun-ev-elektronigi,cms93j5l1001vuz3gboidp5m9,sifir,,,,,ARCHIVE,,false,true,true,,,1,0,0,7,1,0,LOW,in DB (sifir) but not in target MD by name match
cms93j5mx002fuz3gpwzgsr4y,Teknik Elektronik,sifir-urun-teknik-elektronik,sifir-urun/sifir-urun-teknik-elektronik,cms93j5l1001vuz3gboidp5m9,sifir,,,,,MANUAL_REVIEW,,false,true,true,,,0,0,0,10,1,0,MEDIUM,fold legacy electronics ana into Elektronik — MANUAL_REVIEW children → Elektronik
cms93j5nc002juz3g4cu8n2z7,Ayakkabı & Çanta,sifir-urun-ayakkabi-canta,sifir-urun/sifir-urun-ayakkabi-canta,cms93j5l1001vuz3gboidp5m9,sifir,,,,,MANUAL_REVIEW,,false,true,true,,,1,0,0,20,4,0,HIGH,Ayakkabı & Çanta ana → Moda subtree — MANUAL_REVIEW → Moda
cms93j5nj002luz3g1ovcvwie,"Saat, Takı & Mücevher",sifir-urun-saat-taki,sifir-urun/sifir-urun-saat-taki,cms93j5l1001vuz3gboidp5m9,sifir,,,,,ARCHIVE,,false,true,true,,,0,0,0,18,2,0,LOW,in DB (sifir) but not in target MD by name match
cms93j5nq002nuz3g1h9mrras,Kişisel Bakım & Kozmetik,sifir-urun-kisisel-bakim,sifir-urun/sifir-urun-kisisel-bakim,cms93j5l1001vuz3gboidp5m9,sifir,,,,,ARCHIVE,,false,true,true,,,0,0,0,30,1,0,LOW,in DB (sifir) but not in target MD by name match
cms93j5ny002puz3ghofscas0,Anne & Bebek,sifir-urun-anne-bebek,sifir-urun/sifir-urun-anne-bebek,cms93j5l1001vuz3gboidp5m9,sifir,,,,,ARCHIVE,,false,true,true,,,0,0,0,21,1,0,LOW,in DB (sifir) but not in target MD by name match
cms93j5oc002tuz3gqj1lq1rr,Bahçe & Yapı Market,sifir-urun-bahce-yapi-market,sifir-urun/sifir-urun-bahce-yapi-market,cms93j5l1001vuz3gboidp5m9,sifir,,,,,ARCHIVE,,false,true,true,,,0,0,0,20,1,0,LOW,in DB (sifir) but not in target MD by name match
cms93j5l8001xuz3gsasrgk49,Cep Telefonu & Aksesuar,sifir-urun-cep-telefonu,sifir-urun/elektronik/telefon-ve-aksesuar/cep-telefonu,cmsg4wox6001xuzxwyd1lcls8,sifir,,,,,SPLIT,,true,true,true,Elektronik › Telefon ve Aksesuar › Cep Telefonu | Elektronik › Telefon ve Aksesuar › Telefon Aksesuarları,,1,0,0,30,7,58,CRITICAL,split group: phones vs accessories by title/attrs
cms93j5or002xuz3gee4atdma,Hobi & Oyuncak,sifir-urun-hobi-oyuncak,sifir-urun/sifir-urun-hobi-oyuncak,cms93j5l1001vuz3gboidp5m9,sifir,,,,,ARCHIVE,,false,true,true,,,1,0,0,16,1,0,LOW,in DB (sifir) but not in target MD by name match
cms93j5oz002zuz3gnhm3q5gn,"Kitap, Dergi & Film",sifir-urun-kitap-dergi-film,sifir-urun/sifir-urun-kitap-dergi-film,cms93j5l1001vuz3gboidp5m9,sifir,,,,,ARCHIVE,,false,true,true,,,1,0,0,9,1,0,LOW,in DB (sifir) but not in target MD by name match
cmsdkecar003luzyc7d1wqrb7,Sanayi Makineleri,sifir-urun-sanayi-makinesi,sifir-urun/sifir-urun-sanayi-makinesi,cms93j5l1001vuz3gboidp5m9,sifir,,,,,ARCHIVE,,false,true,true,,,0,0,0,6,1,0,LOW,in DB (sifir) but not in target MD by name match
cms93j5qc003buz3g50apc5vu,Diğer Her Şey,sifir-urun-diger-alisveris,sifir-urun/sifir-urun-diger-alisveris,cms93j5l1001vuz3gboidp5m9,sifir,,,,,ARCHIVE,,false,true,true,,,0,0,0,1,1,0,LOW,Diğer Her Şey — ARCHIVE or MANUAL_REVIEW
cmsg3xgj80037uzdcbfpvakj4,Tablet Aksesuar,sifir-urun-tablet__tablet-aksesuar,sifir-urun/elektronik/bilgisayar-ve-tablet/tablet/tablet-aksesuar,cms93j5ll0021uz3gnjo77yku,sifir,,,,,ARCHIVE,,false,true,true,,,0,0,0,11,6,0,LOW,in DB (sifir) but not in target MD by name match
cmsg3xguk0057uzdckk84z04k,Fırın & Ocak,sifir-urun-beyaz-esya__firin-ocak,sifir-urun/ev-aletleri/beyaz-esya/beyaz-esya/firin-ocak,cmsg4wp4f0029uzxwroue3qn1,sifir,,,,,ARCHIVE,,false,true,true,,,0,0,0,29,8,0,LOW,in DB (sifir) but not in target MD by name match
cmsg3xgv7005duzdc7yd6gsvx,Kombi & Termosifon,sifir-urun-beyaz-esya__kombi-termosifon,sifir-urun/ev-aletleri/beyaz-esya/beyaz-esya/kombi-termosifon,cmsg4wp4f0029uzxwroue3qn1,sifir,,,,,ARCHIVE,,false,true,true,,,0,0,0,29,8,0,LOW,in DB (sifir) but not in target MD by name match
cmsg3xgve005fuzdcqx1ux0ep,Diğer,sifir-urun-beyaz-esya__diger-beyaz-esya,sifir-urun/ev-aletleri/beyaz-esya/beyaz-esya/diger-beyaz-esya,cmsg4wp4f0029uzxwroue3qn1,sifir,,,,,ARCHIVE,,false,true,true,,,0,0,0,29,8,0,LOW,in DB (sifir) but not in target MD by name match
cmsg3xgvm005huzdcjd0j97tj,Tek Kapılı Buzdolabı,sifir-urun-beyaz-esya__tek-kapili,sifir-urun/ev-aletleri/beyaz-esya/beyaz-esya/tek-kapili,cmsg4wp4f0029uzxwroue3qn1,sifir,,,,,ARCHIVE,,false,true,true,,,0,0,0,29,8,0,LOW,in DB (sifir) but not in target MD by name match
cmsg3xgvz005juzdc4tdlnfvm,Çift Kapılı Buzdolabı,sifir-urun-beyaz-esya__cift-kapili,sifir-urun/ev-aletleri/beyaz-esya/beyaz-esya/cift-kapili,cmsg4wp4f0029uzxwroue3qn1,sifir,,,,,ARCHIVE,,false,true,true,,,0,0,0,29,8,0,LOW,in DB (sifir) but not in target MD by name match
cmsg3xgwd005luzdczbg5qdwz,No Frost,sifir-urun-beyaz-esya__no-frost,sifir-urun/ev-aletleri/beyaz-esya/beyaz-esya/no-frost,cmsg4wp4f0029uzxwroue3qn1,sifir,,,,,ARCHIVE,,false,true,true,,,0,0,0,29,8,0,LOW,in DB (sifir) but not in target MD by name match
cmsg3xgwl005nuzdcgpl7tkao,Gardırop Tipi,sifir-urun-beyaz-esya__gardirop-tipi,sifir-urun/ev-aletleri/beyaz-esya/beyaz-esya/gardirop-tipi,cmsg4wp4f0029uzxwroue3qn1,sifir,,,,,ARCHIVE,,false,true,true,,,0,0,0,29,8,0,LOW,in DB (sifir) but not in target MD by name match
cmsg3xh91008fuzdc774prz92,Fotoğraf Makinesi,sifir-urun-fotograf-kamera__fotograf-makinesi,sifir-urun/elektronik/fotograf-ve-kamera/fotograf-kamera/fotograf-makinesi,cmsg4wp2n0023uzxw8u4sgot9,sifir,,,,,ARCHIVE,,false,true,true,,,0,0,0,11,2,0,LOW,in DB (sifir) but not in target MD by name match
cmsg3xh9m008luzdc2lhby8xv,Objektif,sifir-urun-fotograf-kamera__objektif,sifir-urun/elektronik/fotograf-ve-kamera/fotograf-kamera/objektif,cmsg4wp2n0023uzxw8u4sgot9,sifir,,,,,ARCHIVE,,false,true,true,,,0,0,0,11,2,0,LOW,in DB (sifir) but not in target MD by name match
cmsg3xh9u008nuzdcn9mpo67o,Tripod & Aksesuar,sifir-urun-fotograf-kamera__tripod-aksesuar,sifir-urun/elektronik/fotograf-ve-kamera/fotograf-kamera/tripod-aksesuar,cmsg4wp2n0023uzxw8u4sgot9,sifir,,,,,ARCHIVE,,false,true,true,,,0,0,0,11,2,0,LOW,in DB (sifir) but not in target MD by name match
cmsg3xh7e0081uzdc7qnjowfz,Oyun (CD / Dijital),sifir-urun-oyun-konsol__oyun,sifir-urun/elektronik/oyun-ve-konsol/oyun-konsol/oyun,cmsg4wp3k0025uzxwhokxbo3o,sifir,,,,,ARCHIVE,,false,true,true,,,0,0,0,8,2,0,LOW,in DB (sifir) but not in target MD by name match
cmsg3xh54007juzdcu4xw1fg8,Isıtıcı & Fan,sifir-urun-ev-elektronigi__isiticilar,sifir-urun/sifir-urun-ev-elektronigi/isiticilar,cms93j5ma0029uz3gdtgnknvu,sifir,,,,,ARCHIVE,,false,true,true,,,0,0,0,7,1,0,LOW,in DB (sifir) but not in target MD by name match
cmsg3xh5d007luzdc8wcf168q,Nem Alma & Hava Temizleyici,sifir-urun-ev-elektronigi__nem-alici,sifir-urun/sifir-urun-ev-elektronigi/nem-alici,cms93j5ma0029uz3gdtgnknvu,sifir,,,,,ARCHIVE,,false,true,true,,,0,0,0,7,1,0,LOW,in DB (sifir) but not in target MD by name match
cmsg3xh5j007nuzdcxy5fxy14,Dikiş & Ütü Makinesi,sifir-urun-ev-elektronigi__utu-makinesi,sifir-urun/sifir-urun-ev-elektronigi/utu-makinesi,cms93j5ma0029uz3gdtgnknvu,sifir,,,,,ARCHIVE,,false,true,true,,,0,0,0,7,1,0,LOW,in DB (sifir) but not in target MD by name match
cmsg3xh5t007puzdcry188nlg,Su Arıtma,sifir-urun-ev-elektronigi__su-aritma,sifir-urun/sifir-urun-ev-elektronigi/su-aritma,cms93j5ma0029uz3gdtgnknvu,sifir,,,,,ARCHIVE,,false,true,true,,,0,0,0,7,1,0,LOW,in DB (sifir) but not in target MD by name match
cmsg3xh63007ruzdcbu03rqaf,Diğer,sifir-urun-ev-elektronigi__diger-ev-elektronik,sifir-urun/sifir-urun-ev-elektronigi/diger-ev-elektronik,cms93j5ma0029uz3gdtgnknvu,sifir,,,,,ARCHIVE,,false,true,true,,,0,0,0,7,1,0,LOW,in DB (sifir) but not in target MD by name match
cmsg3xhbr0091uzdckxwp3a3v,Elektronik Komponent,sifir-urun-teknik-elektronik__elektronik-komponent,sifir-urun/sifir-urun-teknik-elektronik/elektronik-komponent,cms93j5mx002fuz3gpwzgsr4y,sifir,,,,,ARCHIVE,,false,true,true,,,0,0,0,10,1,0,LOW,in DB (sifir) but not in target MD by name match
cmsg3xhc40093uzdceipe4zr2,Arduino / Raspberry / Maker,sifir-urun-teknik-elektronik__arduino-raspberry,sifir-urun/sifir-urun-teknik-elektronik/arduino-raspberry,cms93j5mx002fuz3gpwzgsr4y,sifir,,,,,ARCHIVE,,false,true,true,,,0,0,0,10,1,0,LOW,in DB (sifir) but not in target MD by name match
cmsg3xhcb0095uzdcxn7vhwj9,Ölçüm Cihazı,sifir-urun-teknik-elektronik__olcum-cihazi,sifir-urun/sifir-urun-teknik-elektronik/olcum-cihazi,cms93j5mx002fuz3gpwzgsr4y,sifir,,,,,ARCHIVE,,false,true,true,,,0,0,0,10,1,0,LOW,in DB (sifir) but not in target MD by name match
cmsg3xhch0097uzdcjbgb4iw3,Güvenlik Kamerası,sifir-urun-teknik-elektronik__guvenlik-kamera,sifir-urun/sifir-urun-teknik-elektronik/guvenlik-kamera,cms93j5mx002fuz3gpwzgsr4y,sifir,,,,,ARCHIVE,,false,true,true,,,0,0,0,10,1,0,LOW,in DB (sifir) but not in target MD by name match
cmsg3xhcq0099uzdcuueznmxr,Telsiz & Haberleşme,sifir-urun-teknik-elektronik__telsiz-haberlesme,sifir-urun/sifir-urun-teknik-elektronik/telsiz-haberlesme,cms93j5mx002fuz3gpwzgsr4y,sifir,,,,,ARCHIVE,,false,true,true,,,0,0,0,10,1,0,LOW,in DB (sifir) but not in target MD by name match
cmsg3xhd1009buzdc8hh06x88,Diğer,sifir-urun-teknik-elektronik__diger-teknik,sifir-urun/sifir-urun-teknik-elektronik/diger-teknik,cms93j5mx002fuz3gpwzgsr4y,sifir,,,,,ARCHIVE,,false,true,true,,,0,0,0,10,1,0,LOW,in DB (sifir) but not in target MD by name match
cmsg3xhgr00a3uzdcm2l6v0bz,Kadın Giyim,sifir-urun-giyim-aksesuar__kadin-giyim,sifir-urun/moda/giyim-aksesuar/giyim-aksesuar/kadin-giyim,cmsg4wpb0002ruzxwe7r6a6gk,sifir,,,,,ARCHIVE,,false,true,true,,,0,0,0,26,8,0,LOW,in DB (sifir) but not in target MD by name match
cmsg3xhgx00a5uzdcibdkfgcj,Erkek Giyim,sifir-urun-giyim-aksesuar__erkek-giyim,sifir-urun/moda/giyim-aksesuar/giyim-aksesuar/erkek-giyim,cmsg4wpb0002ruzxwe7r6a6gk,sifir,,,,,ARCHIVE,,false,true,true,,,0,0,0,26,8,0,LOW,in DB (sifir) but not in target MD by name match
cmsg3xhhc00a9uzdc398gz2xm,"Mont, Ceket & Kaban",sifir-urun-giyim-aksesuar__ust-giyim,sifir-urun/moda/giyim-aksesuar/giyim-aksesuar/ust-giyim,cmsg4wpb0002ruzxwe7r6a6gk,sifir,,,,,ARCHIVE,,false,true,true,,,0,0,0,26,8,0,LOW,in DB (sifir) but not in target MD by name match
cmsg3xhhu00abuzdcpst0lb76,Pantolon & Etek,sifir-urun-giyim-aksesuar__alt-giyim,sifir-urun/moda/giyim-aksesuar/giyim-aksesuar/alt-giyim,cmsg4wpb0002ruzxwe7r6a6gk,sifir,,,,,ARCHIVE,,false,true,true,,,0,0,0,26,8,0,LOW,in DB (sifir) but not in target MD by name match
cmsg3xhia00afuzdc1ks2rfgz,Spor Giyim,sifir-urun-giyim-aksesuar__spor-giyim,sifir-urun/moda/giyim-aksesuar/giyim-aksesuar/spor-giyim,cmsg4wpb0002ruzxwe7r6a6gk,sifir,,,,,ARCHIVE,,false,true,true,,,0,0,0,26,8,0,LOW,in DB (sifir) but not in target MD by name match
cmsg3xhil00ahuzdcjltxgunu,İç Giyim & Pijama,sifir-urun-giyim-aksesuar__ic-giyim,sifir-urun/moda/giyim-aksesuar/giyim-aksesuar/ic-giyim,cmsg4wpb0002ruzxwe7r6a6gk,sifir,,,,,ARCHIVE,,false,true,true,,,0,0,0,26,8,0,LOW,in DB (sifir) but not in target MD by name match
cmsg3xhix00ajuzdcfuswu4rw,"Şapka, Atkı & Kemer",sifir-urun-giyim-aksesuar__aksesuar-giyim,sifir-urun/moda/giyim-aksesuar/giyim-aksesuar/aksesuar-giyim,cmsg4wpb0002ruzxwe7r6a6gk,sifir,,,,,ARCHIVE,,false,true,true,,,0,0,0,26,8,0,LOW,in DB (sifir) but not in target MD by name match
cmsg3xgmc003nuzdcr45bxgf1,Projeksiyon,sifir-urun-tv-goruntu-ses__projeksiyon,sifir-urun/elektronik/tv-goruntu-ve-ses/tv-goruntu-ses/projeksiyon,cmsg4wp1h0021uzxwh40ko79d,sifir,,,,,MANUAL_REVIEW,,false,true,true,,,0,0,0,19,3,0,MEDIUM,"legacy TV wrapper — alias to Televizyon, Görüntü ve Ses group → Elektronik › Televizyon, Görüntü ve Ses"
cmsg3xgmm003puzdcielhsi13,Ses Sistemi & Soundbar,sifir-urun-tv-goruntu-ses__ses-sistemi,sifir-urun/elektronik/tv-goruntu-ve-ses/tv-goruntu-ses/ses-sistemi,cmsg4wp1h0021uzxwh40ko79d,sifir,,,,,MANUAL_REVIEW,,false,true,true,,,0,0,0,19,3,0,MEDIUM,"legacy TV wrapper — alias to Televizyon, Görüntü ve Ses group → Elektronik › Televizyon, Görüntü ve Ses"
cmsg3xhmx00bbuzdcdbqnd7ro,Çocuk Ayakkabı,sifir-urun-ayakkabi-canta__cocuk-ayakkabi,sifir-urun/sifir-urun-ayakkabi-canta/cocuk-ayakkabi,cms93j5nc002juz3g4cu8n2z7,sifir,,,,,MANUAL_REVIEW,,false,true,true,,,0,0,0,20,4,0,MEDIUM,Ayakkabı & Çanta ana → Moda subtree — MANUAL_REVIEW → Moda
cmsg3xhnl00bfuzdc46yu1kv0,Bot & Çizme,sifir-urun-ayakkabi-canta__bot-cizme,sifir-urun/sifir-urun-ayakkabi-canta/bot-cizme,cms93j5nc002juz3g4cu8n2z7,sifir,,,,,MANUAL_REVIEW,,false,true,true,,,0,0,0,20,4,0,MEDIUM,Ayakkabı & Çanta ana → Moda subtree — MANUAL_REVIEW → Moda
cmsg3xhny00bhuzdc76u18q3l,Çanta & Bavul,sifir-urun-ayakkabi-canta__canta,sifir-urun/sifir-urun-ayakkabi-canta/canta,cms93j5nc002juz3g4cu8n2z7,sifir,,,,,MANUAL_REVIEW,,false,true,true,,,0,0,0,20,4,0,MEDIUM,Ayakkabı & Çanta ana → Moda subtree — MANUAL_REVIEW → Moda
cmsg3xhot00bjuzdc6l7jez5s,Cüzdan & Kartlık,sifir-urun-ayakkabi-canta__cuzdan,sifir-urun/sifir-urun-ayakkabi-canta/cuzdan,cms93j5nc002juz3g4cu8n2z7,sifir,,,,,MANUAL_REVIEW,,false,true,true,,,0,0,0,20,4,0,MEDIUM,Ayakkabı & Çanta ana → Moda subtree — MANUAL_REVIEW → Moda
cmsg3xht900bzuzdccxs5ex1b,Kol Saati,sifir-urun-saat-taki__kol-saati,sifir-urun/sifir-urun-saat-taki/kol-saati,cms93j5nj002luz3g1ovcvwie,sifir,,,,,ARCHIVE,,false,true,true,,,0,0,0,18,2,0,LOW,in DB (sifir) but not in target MD by name match
cmsg3xhv900cbuzdcisdc2s26,Takı Seti,sifir-urun-saat-taki__set-taki,sifir-urun/sifir-urun-saat-taki/set-taki,cms93j5nj002luz3g1ovcvwie,sifir,,,,,ARCHIVE,,false,true,true,,,0,0,0,18,2,0,LOW,in DB (sifir) but not in target MD by name match
cmsg3xhy400cruzdccxizc257,Cilt Bakım,sifir-urun-kisisel-bakim__cilt-bakim,sifir-urun/sifir-urun-kisisel-bakim/cilt-bakim,cms93j5nq002nuz3g1h9mrras,sifir,,,,,ARCHIVE,,false,true,true,,,0,0,0,30,1,0,LOW,in DB (sifir) but not in target MD by name match
cmsg3xhyt00cvuzdcyh6vkq2u,Saç Bakım,sifir-urun-kisisel-bakim__sac-bakim,sifir-urun/sifir-urun-kisisel-bakim/sac-bakim,cms93j5nq002nuz3g1h9mrras,sifir,,,,,ARCHIVE,,false,true,true,,,0,0,0,30,1,0,LOW,in DB (sifir) but not in target MD by name match
cmsg3xhzf00czuzdcqmfrn5tv,Tıraş & Epilasyon,sifir-urun-kisisel-bakim__tiras-epilasyon,sifir-urun/sifir-urun-kisisel-bakim/tiras-epilasyon,cms93j5nq002nuz3g1h9mrras,sifir,,,,,ARCHIVE,,false,true,true,,,0,0,0,30,1,0,LOW,in DB (sifir) but not in target MD by name match
cmsg3xhzx00d1uzdc1jtbzbr0,Ağız Bakım,sifir-urun-kisisel-bakim__agiz-bakim,sifir-urun/sifir-urun-kisisel-bakim/agiz-bakim,cms93j5nq002nuz3g1h9mrras,sifir,,,,,ARCHIVE,,false,true,true,,,0,0,0,30,1,0,LOW,in DB (sifir) but not in target MD by name match
cmsg3xi0g00d3uzdc7by3vyg5,Erkek Bakım,sifir-urun-kisisel-bakim__erkek-bakim,sifir-urun/sifir-urun-kisisel-bakim/erkek-bakim,cms93j5nq002nuz3g1h9mrras,sifir,,,,,ARCHIVE,,false,true,true,,,0,0,0,30,1,0,LOW,in DB (sifir) but not in target MD by name match
cmsg3xi4600dnuzdcgi3tt8qc,Oto Koltuğu,sifir-urun-anne-bebek__oto-koltugu,sifir-urun/sifir-urun-anne-bebek/oto-koltugu,cms93j5ny002puz3ghofscas0,sifir,,,,,ARCHIVE,,false,true,true,,,0,0,0,21,1,0,LOW,in DB (sifir) but not in target MD by name match
cmsg3xi5000dtuzdckoicrtic,Bebek Bakım,sifir-urun-anne-bebek__bebek-bakim,sifir-urun/sifir-urun-anne-bebek/bebek-bakim,cms93j5ny002puz3ghofscas0,sifir,,,,,ARCHIVE,,false,true,true,,,0,0,0,21,1,0,LOW,in DB (sifir) but not in target MD by name match
cmsg3xi5700dvuzdc3a9u7zee,Bebek Oyuncak,sifir-urun-anne-bebek__oyuncak-bebek,sifir-urun/sifir-urun-anne-bebek/oyuncak-bebek,cms93j5ny002puz3ghofscas0,sifir,,,,,ARCHIVE,,false,true,true,,,0,0,0,21,1,0,LOW,in DB (sifir) but not in target MD by name match
cmsg3xi5g00dxuzdc8oboyx8d,Emzirme & Beslenme,sifir-urun-anne-bebek__emzirme,sifir-urun/sifir-urun-anne-bebek/emzirme,cms93j5ny002puz3ghofscas0,sifir,,,,,ARCHIVE,,false,true,true,,,0,0,0,21,1,0,LOW,in DB (sifir) but not in target MD by name match
cmsg3xi5u00dzuzdco0d1bm39,Hamile Giyim,sifir-urun-anne-bebek__hamile,sifir-urun/sifir-urun-anne-bebek/hamile,cms93j5ny002puz3ghofscas0,sifir,,,,,ARCHIVE,,false,true,true,,,0,0,0,21,1,0,LOW,in DB (sifir) but not in target MD by name match
cmsg3xgmy003ruzdcokrcyx4b,Ev Sineması,sifir-urun-tv-goruntu-ses__ev-sinemasi,sifir-urun/elektronik/tv-goruntu-ve-ses/tv-goruntu-ses/ev-sinemasi,cmsg4wp1h0021uzxwh40ko79d,sifir,,,,,MANUAL_REVIEW,,false,true,true,,,0,0,0,19,3,0,MEDIUM,"legacy TV wrapper — alias to Televizyon, Görüntü ve Ses group → Elektronik › Televizyon, Görüntü ve Ses"
cmsg3xgn8003tuzdcol02vrxf,Uydu & Receiver,sifir-urun-tv-goruntu-ses__uydu-receiver,sifir-urun/elektronik/tv-goruntu-ve-ses/tv-goruntu-ses/uydu-receiver,cmsg4wp1h0021uzxwh40ko79d,sifir,,,,,MANUAL_REVIEW,,false,true,true,,,0,0,0,19,3,0,MEDIUM,"legacy TV wrapper — alias to Televizyon, Görüntü ve Ses group → Elektronik › Televizyon, Görüntü ve Ses"
cmsg3xgnn003vuzdc5fidr31f,Media Player,sifir-urun-tv-goruntu-ses__media-player,sifir-urun/elektronik/tv-goruntu-ve-ses/tv-goruntu-ses/media-player,cmsg4wp1h0021uzxwh40ko79d,sifir,,,,,MANUAL_REVIEW,,false,true,true,,,0,0,0,19,3,0,MEDIUM,"legacy TV wrapper — alias to Televizyon, Görüntü ve Ses group → Elektronik › Televizyon, Görüntü ve Ses"
cmsg3xidu00fhuzdc6focam1e,Bahçe Aletleri,sifir-urun-bahce-yapi-market__bahce-aletleri,sifir-urun/sifir-urun-bahce-yapi-market/bahce-aletleri,cms93j5oc002tuz3gqj1lq1rr,sifir,,,,,ARCHIVE,,false,true,true,,,0,0,0,20,1,0,LOW,in DB (sifir) but not in target MD by name match
cmsg3xie000fjuzdcl9asgi0c,Çim Biçme & Budama,sifir-urun-bahce-yapi-market__cayir-bicme,sifir-urun/sifir-urun-bahce-yapi-market/cayir-bicme,cms93j5oc002tuz3gqj1lq1rr,sifir,,,,,ARCHIVE,,false,true,true,,,0,0,0,20,1,0,LOW,in DB (sifir) but not in target MD by name match
cmsg3xie900fluzdccz8unian,Sulama Sistemi,sifir-urun-bahce-yapi-market__sulama,sifir-urun/sifir-urun-bahce-yapi-market/sulama,cms93j5oc002tuz3gqj1lq1rr,sifir,,,,,ARCHIVE,,false,true,true,,,0,0,0,20,1,0,LOW,in DB (sifir) but not in target MD by name match
cmsg3xief00fnuzdc3s4lvqk4,Yapı Malzemesi,sifir-urun-bahce-yapi-market__yapi-malzeme,sifir-urun/sifir-urun-bahce-yapi-market/yapi-malzeme,cms93j5oc002tuz3gqj1lq1rr,sifir,,,,,ARCHIVE,,false,true,true,,,0,0,0,20,1,0,LOW,in DB (sifir) but not in target MD by name match
cmsg3xiem00fpuzdckq3kn6k7,El Aleti & Takım,sifir-urun-bahce-yapi-market__el-aleti,sifir-urun/sifir-urun-bahce-yapi-market/el-aleti,cms93j5oc002tuz3gqj1lq1rr,sifir,,,,,ARCHIVE,,false,true,true,,,0,0,0,20,1,0,LOW,in DB (sifir) but not in target MD by name match
cmsg3xieu00fruzdc4gz0bgd9,Elektrikli El Aleti,sifir-urun-bahce-yapi-market__elektrikli-el-aleti,sifir-urun/sifir-urun-bahce-yapi-market/elektrikli-el-aleti,cms93j5oc002tuz3gqj1lq1rr,sifir,,,,,ARCHIVE,,false,true,true,,,0,0,0,20,1,0,LOW,in DB (sifir) but not in target MD by name match
cmsg3xif100ftuzdcqa93t5bv,Boya & Yalıtım,sifir-urun-bahce-yapi-market__boya-yalitim,sifir-urun/sifir-urun-bahce-yapi-market/boya-yalitim,cms93j5oc002tuz3gqj1lq1rr,sifir,,,,,ARCHIVE,,false,true,true,,,0,0,0,20,1,0,LOW,in DB (sifir) but not in target MD by name match
cmsg3xif800fvuzdcsqbt481c,Tesisat Malzemesi,sifir-urun-bahce-yapi-market__tesisat,sifir-urun/sifir-urun-bahce-yapi-market/tesisat,cms93j5oc002tuz3gqj1lq1rr,sifir,,,,,ARCHIVE,,false,true,true,,,0,0,0,20,1,0,LOW,in DB (sifir) but not in target MD by name match
cmsg3xi9k00enuzdc5ikopwip,Dekoratif Ürünler,sifir-urun-ev-dekorasyon__dekoratif,sifir-urun/ev-ve-yasam/ev-dekorasyon-mobilya/ev-dekorasyon/dekoratif,cmsg4wp8w002fuzxwt18nv883,sifir,,,,,ARCHIVE,,false,true,true,,,0,0,0,19,2,0,LOW,in DB (sifir) but not in target MD by name match
cmsg3xi9v00epuzdc8gn4b9jg,Mutfak Gereçleri,sifir-urun-ev-dekorasyon__mutfak-gerecleri,sifir-urun/ev-ve-yasam/ev-dekorasyon-mobilya/ev-dekorasyon/mutfak-gerecleri,cmsg4wp8w002fuzxwt18nv883,sifir,,,,,ARCHIVE,,false,true,true,,,0,0,0,19,2,0,LOW,in DB (sifir) but not in target MD by name match
cmsg3xia700eruzdcy6di2hub,Banyo Ürünleri,sifir-urun-ev-dekorasyon__banyo,sifir-urun/ev-ve-yasam/ev-dekorasyon-mobilya/ev-dekorasyon/banyo,cmsg4wp8w002fuzxwt18nv883,sifir,,,,,ARCHIVE,,false,true,true,,,0,0,0,19,2,0,LOW,in DB (sifir) but not in target MD by name match
cmsg3xiat00evuzdcfoa0iohd,Perde & Stor,sifir-urun-ev-dekorasyon__perde,sifir-urun/ev-ve-yasam/ev-dekorasyon-mobilya/ev-dekorasyon/perde,cmsg4wp8w002fuzxwt18nv883,sifir,,,,,ARCHIVE,,false,true,true,,,0,0,0,19,2,0,LOW,in DB (sifir) but not in target MD by name match
cmsg3xiii00gjuzdc154c9rvm,Fitness & Kondisyon,sifir-urun-spor-outdoor__fitness,sifir-urun/spor-outdoor/spor-urunleri/spor-outdoor/fitness,cms93j5oj002vuz3g5py6nixh,sifir,,,,,ARCHIVE,,false,true,true,,,0,0,0,25,1,0,LOW,in DB (sifir) but not in target MD by name match
cmsg3xij600gnuzdc31ls39f2,Kamp & Outdoor,sifir-urun-spor-outdoor__kamp-outdoor,sifir-urun/spor-outdoor/spor-urunleri/spor-outdoor/kamp-outdoor,cms93j5oj002vuz3g5py6nixh,sifir,,,,,ARCHIVE,,false,true,true,,,0,0,0,25,1,0,LOW,in DB (sifir) but not in target MD by name match
cmsg3xijd00gpuzdc97wucurg,Yürüyüş & Koşu,sifir-urun-spor-outdoor__yuruyus-kosu,sifir-urun/spor-outdoor/spor-urunleri/spor-outdoor/yuruyus-kosu,cms93j5oj002vuz3g5py6nixh,sifir,,,,,ARCHIVE,,false,true,true,,,0,0,0,25,1,0,LOW,in DB (sifir) but not in target MD by name match
cmsg3xik000gvuzdc7lrq1uge,Tenis / Badminton / Masa Tenisi,sifir-urun-spor-outdoor__raket-sporlari,sifir-urun/spor-outdoor/spor-urunleri/spor-outdoor/raket-sporlari,cms93j5oj002vuz3g5py6nixh,sifir,,,,,ARCHIVE,,false,true,true,,,0,0,0,25,1,0,LOW,in DB (sifir) but not in target MD by name match
cmsg3xikg00gzuzdcp7yjr242,Kış Sporları,sifir-urun-spor-outdoor__kis-sporlari,sifir-urun/spor-outdoor/spor-urunleri/spor-outdoor/kis-sporlari,cms93j5oj002vuz3g5py6nixh,sifir,,,,,ARCHIVE,,false,true,true,,,0,0,0,25,1,0,LOW,in DB (sifir) but not in target MD by name match
cmsg3xind00hluzdcp0zt0e1x,LEGO & Yapboz,sifir-urun-hobi-oyuncak__lego-yapboz,sifir-urun/sifir-urun-hobi-oyuncak/lego-yapboz,cms93j5or002xuz3gee4atdma,sifir,,,,,ARCHIVE,,false,true,true,,,0,0,0,16,1,0,LOW,in DB (sifir) but not in target MD by name match
cmsg3xinl00hnuzdcw45go9ys,Modelcilik & RC,sifir-urun-hobi-oyuncak__modelcilik,sifir-urun/sifir-urun-hobi-oyuncak/modelcilik,cms93j5or002xuz3gee4atdma,sifir,,,,,ARCHIVE,,false,true,true,,,0,0,0,16,1,0,LOW,in DB (sifir) but not in target MD by name match
cmsg3xint00hpuzdc2gnpn0a9,Figür & Koleksiyon,sifir-urun-hobi-oyuncak__koleksiyon-figur,sifir-urun/sifir-urun-hobi-oyuncak/koleksiyon-figur,cms93j5or002xuz3gee4atdma,sifir,,,,,ARCHIVE,,false,true,true,,,0,0,0,16,1,0,LOW,in DB (sifir) but not in target MD by name match
cmsg3xioe00htuzdcdxytvp0z,Pelüş,sifir-urun-hobi-oyuncak__pelus,sifir-urun/sifir-urun-hobi-oyuncak/pelus,cms93j5or002xuz3gee4atdma,sifir,,,,,ARCHIVE,,false,true,true,,,0,0,0,16,1,0,LOW,in DB (sifir) but not in target MD by name match
cmsg3xiol00hvuzdc1qili42a,Kutu Oyunu,sifir-urun-hobi-oyuncak__board-game,sifir-urun/sifir-urun-hobi-oyuncak/board-game,cms93j5or002xuz3gee4atdma,sifir,,,,,ARCHIVE,,false,true,true,,,0,0,0,16,1,0,LOW,in DB (sifir) but not in target MD by name match
cmsg3xiou00hxuzdcultde43w,Hobi Malzemesi,sifir-urun-hobi-oyuncak__hobi-malzeme,sifir-urun/sifir-urun-hobi-oyuncak/hobi-malzeme,cms93j5or002xuz3gee4atdma,sifir,,,,,ARCHIVE,,false,true,true,,,0,0,0,16,1,0,LOW,in DB (sifir) but not in target MD by name match
cmsg3xip200hzuzdcwrshzgvc,Diğer,sifir-urun-hobi-oyuncak__diger-hobi,sifir-urun/sifir-urun-hobi-oyuncak/diger-hobi,cms93j5or002xuz3gee4atdma,sifir,,,,,ARCHIVE,,false,true,true,,,0,0,0,16,1,0,LOW,in DB (sifir) but not in target MD by name match
cmsg3xiqu00iduzdceexrp97a,Ders Kitabı & Sınav,sifir-urun-kitap-dergi-film__ders-kitabi,sifir-urun/sifir-urun-kitap-dergi-film/ders-kitabi,cms93j5oz002zuz3gnhm3q5gn,sifir,,,,,ARCHIVE,,false,true,true,,,0,0,0,9,1,0,LOW,in DB (sifir) but not in target MD by name match
cmsg3xir300ifuzdc6b1gd7z8,Dergi,sifir-urun-kitap-dergi-film__dergi,sifir-urun/sifir-urun-kitap-dergi-film/dergi,cms93j5oz002zuz3gnhm3q5gn,sifir,,,,,ARCHIVE,,false,true,true,,,0,0,0,9,1,0,LOW,in DB (sifir) but not in target MD by name match
cmsg3xire00ihuzdc9o46387r,DVD / Blu-ray,sifir-urun-kitap-dergi-film__dvd-bluray,sifir-urun/sifir-urun-kitap-dergi-film/dvd-bluray,cms93j5oz002zuz3gnhm3q5gn,sifir,,,,,ARCHIVE,,false,true,true,,,0,0,0,9,1,0,LOW,in DB (sifir) but not in target MD by name match
cmsg3xirn00ijuzdcqyfkqkbe,Plak & CD,sifir-urun-kitap-dergi-film__vinyl-cd,sifir-urun/sifir-urun-kitap-dergi-film/vinyl-cd,cms93j5oz002zuz3gnhm3q5gn,sifir,,,,,ARCHIVE,,false,true,true,,,0,0,0,9,1,0,LOW,in DB (sifir) but not in target MD by name match
cmsg3xiua00j3uzdclupvubrz,Piyano & Klavye,sifir-urun-muzik__piyano-klavye,sifir-urun/sifir-urun-muzik/piyano-klavye,cms93j5p80031uz3g0ifpzc1a,sifir,,,,,ARCHIVE,,false,true,true,,,0,0,0,13,1,0,LOW,in DB (sifir) but not in target MD by name match
cmsg3xiun00j5uzdc2ytyjoj1,Bateri & Perküsyon,sifir-urun-muzik__bateri-perkusyon,sifir-urun/sifir-urun-muzik/bateri-perkusyon,cms93j5p80031uz3g0ifpzc1a,sifir,,,,,ARCHIVE,,false,true,true,,,0,0,0,13,1,0,LOW,in DB (sifir) but not in target MD by name match
cmsg3xiuz00j7uzdclt9279xq,Yaylı Çalgılar,sifir-urun-muzik__yayli,sifir-urun/sifir-urun-muzik/yayli,cms93j5p80031uz3g0ifpzc1a,sifir,,,,,ARCHIVE,,false,true,true,,,0,0,0,13,1,0,LOW,in DB (sifir) but not in target MD by name match
cmsg3xiv600j9uzdc60a5kz9u,Üflemeli,sifir-urun-muzik__uflemeli,sifir-urun/sifir-urun-muzik/uflemeli,cms93j5p80031uz3g0ifpzc1a,sifir,,,,,ARCHIVE,,false,true,true,,,0,0,0,13,1,0,LOW,in DB (sifir) but not in target MD by name match
cmsg3xivf00jbuzdcephgzpim,DJ & Stüdyo,sifir-urun-muzik__dj-studio,sifir-urun/sifir-urun-muzik/dj-studio,cms93j5p80031uz3g0ifpzc1a,sifir,,,,,ARCHIVE,,false,true,true,,,0,0,0,13,1,0,LOW,in DB (sifir) but not in target MD by name match
cmsg3xivr00jduzdcpr0k8nwz,Amfi & Efekt,sifir-urun-muzik__ampli-efekt,sifir-urun/sifir-urun-muzik/ampli-efekt,cms93j5p80031uz3g0ifpzc1a,sifir,,,,,ARCHIVE,,false,true,true,,,0,0,0,13,1,0,LOW,in DB (sifir) but not in target MD by name match
cmsg3xiw100jfuzdclktt1rvs,Aksesuar & Nota,sifir-urun-muzik__muzik-aksesuar,sifir-urun/sifir-urun-muzik/muzik-aksesuar,cms93j5p80031uz3g0ifpzc1a,sifir,,,,,ARCHIVE,,false,true,true,,,0,0,0,13,1,0,LOW,in DB (sifir) but not in target MD by name match
cmsg3xixx00jtuzdcpyc3m3p4,Toner & Kartuş,sifir-urun-ofis-kirtasiye__yazici-malzeme,sifir-urun/sifir-urun-ofis-kirtasiye/yazici-malzeme,cms93j5pg0033uz3gj3ie66g7,sifir,,,,,ARCHIVE,,false,true,true,,,0,0,0,13,1,0,LOW,in DB (sifir) but not in target MD by name match
cmsg3xiy400jvuzdcxktlvgtr,Dosyalama & Organizasyon,sifir-urun-ofis-kirtasiye__organizasyon,sifir-urun/sifir-urun-ofis-kirtasiye/organizasyon,cms93j5pg0033uz3gj3ie66g7,sifir,,,,,ARCHIVE,,false,true,true,,,0,0,0,13,1,0,LOW,in DB (sifir) but not in target MD by name match
cmsg3xj0700k9uzdcdg5zadg3,Antika Mobilya,sifir-urun-antika-koleksiyon__antika-mobilya,sifir-urun/sifir-urun-antika-koleksiyon/antika-mobilya,cms93j5pn0035uz3guja0tfco,sifir,,,,,ARCHIVE,,false,true,true,,,0,0,0,1,1,0,LOW,in DB (sifir) but not in target MD by name match
cmsg3xj0h00kbuzdcev2jntjx,Eski Para & Pul,sifir-urun-antika-koleksiyon__eski-para,sifir-urun/sifir-urun-antika-koleksiyon/eski-para,cms93j5pn0035uz3guja0tfco,sifir,,,,,ARCHIVE,,false,true,true,,,0,0,0,1,1,0,LOW,in DB (sifir) but not in target MD by name match
cmsg3xj0s00kduzdc28f1e2pj,Plak Koleksiyon,sifir-urun-antika-koleksiyon__plak-koleksiyon,sifir-urun/sifir-urun-antika-koleksiyon/plak-koleksiyon,cms93j5pn0035uz3guja0tfco,sifir,,,,,ARCHIVE,,false,true,true,,,0,0,0,1,1,0,LOW,in DB (sifir) but not in target MD by name match
cmsg3xj1100kfuzdc5ttssakt,Oyuncak Koleksiyon,sifir-urun-antika-koleksiyon__oyuncak-koleksiyon,sifir-urun/sifir-urun-antika-koleksiyon/oyuncak-koleksiyon,cms93j5pn0035uz3guja0tfco,sifir,,,,,ARCHIVE,,false,true,true,,,0,0,0,1,1,0,LOW,in DB (sifir) but not in target MD by name match
cmsg3xj1800khuzdcn4i0n43y,Tablo & Sanat,sifir-urun-antika-koleksiyon__sanat-eseri,sifir-urun/sifir-urun-antika-koleksiyon/sanat-eseri,cms93j5pn0035uz3guja0tfco,sifir,,,,,ARCHIVE,,false,true,true,,,0,0,0,1,1,0,LOW,in DB (sifir) but not in target MD by name match
cmsg3xj1g00kjuzdcs8bpz9w9,Diğer Koleksiyon,sifir-urun-antika-koleksiyon__diger-koleksiyon,sifir-urun/sifir-urun-antika-koleksiyon/diger-koleksiyon,cms93j5pn0035uz3guja0tfco,sifir,,,,,ARCHIVE,,false,true,true,,,0,0,0,1,1,0,LOW,in DB (sifir) but not in target MD by name match
cmsg3xj3d00kxuzdcrmf1hgay,Köpek Ürünleri,sifir-urun-pet-shop__kopek,sifir-urun/sifir-urun-pet-shop/kopek,cms93j5px0037uz3g9salmdtp,sifir,,,,,ARCHIVE,,false,true,true,,,0,0,0,12,1,0,LOW,in DB (sifir) but not in target MD by name match
cmsg3xj3j00kzuzdcbkeavz0e,Kedi Ürünleri,sifir-urun-pet-shop__kedi,sifir-urun/sifir-urun-pet-shop/kedi,cms93j5px0037uz3g9salmdtp,sifir,,,,,ARCHIVE,,false,true,true,,,0,0,0,12,1,0,LOW,in DB (sifir) but not in target MD by name match
cmsg3xj3r00l1uzdcn09eu5gl,Kuş Ürünleri,sifir-urun-pet-shop__kus,sifir-urun/sifir-urun-pet-shop/kus,cms93j5px0037uz3g9salmdtp,sifir,,,,,ARCHIVE,,false,true,true,,,0,0,0,12,1,0,LOW,in DB (sifir) but not in target MD by name match
cmsg3xj4a00l5uzdc2q0etaor,Kemirgen & Diğer,sifir-urun-pet-shop__kemirgen,sifir-urun/sifir-urun-pet-shop/kemirgen,cms93j5px0037uz3g9salmdtp,sifir,,,,,ARCHIVE,,false,true,true,,,0,0,0,12,1,0,LOW,in DB (sifir) but not in target MD by name match
cmsg3xj4l00l7uzdcjl6065sf,Mama & Kum,sifir-urun-pet-shop__mama-kumu,sifir-urun/sifir-urun-pet-shop/mama-kumu,cms93j5px0037uz3g9salmdtp,sifir,,,,,ARCHIVE,,false,true,true,,,0,0,0,12,1,0,LOW,in DB (sifir) but not in target MD by name match
cmsg3xj5y00lhuzdc0zensn61,Gıda,sifir-urun-yiyecek-icecek__gida,sifir-urun/sifir-urun-yiyecek-icecek/gida,cms93j5q50039uz3gnhdqjrvs,sifir,,,,,ARCHIVE,,false,true,true,,,0,0,0,10,1,0,LOW,in DB (sifir) but not in target MD by name match
cmsg3xj6800ljuzdcca30zr9t,İçecek,sifir-urun-yiyecek-icecek__icecek,sifir-urun/sifir-urun-yiyecek-icecek/icecek,cms93j5q50039uz3gnhdqjrvs,sifir,,,,,ARCHIVE,,false,true,true,,,0,0,0,10,1,0,LOW,in DB (sifir) but not in target MD by name match
cmsg3xj6i00lluzdc4hqglgit,Organik / Doğal,sifir-urun-yiyecek-icecek__organik,sifir-urun/sifir-urun-yiyecek-icecek/organik,cms93j5q50039uz3gnhdqjrvs,sifir,,,,,ARCHIVE,,false,true,true,,,0,0,0,10,1,0,LOW,in DB (sifir) but not in target MD by name match
cmsg3xj6s00lnuzdc67cwmjla,Vitamin & Takviye,sifir-urun-yiyecek-icecek__vitamin-takviye,sifir-urun/sifir-urun-yiyecek-icecek/vitamin-takviye,cms93j5q50039uz3gnhdqjrvs,sifir,,,,,ARCHIVE,,false,true,true,,,0,0,0,10,1,0,LOW,in DB (sifir) but not in target MD by name match
cmsg3xjmg00mfuzdc0hfalv6r,Ekskavatör,sifir-urun-is-makinesi__ekskavator,sifir-urun/sifir-urun-is-makinesi/ekskavator,cmsdkecae003huzyc6uys6m47,sifir,,,,,ARCHIVE,,false,true,true,,,0,0,0,9,1,0,LOW,in DB (sifir) but not in target MD by name match
cmsg3xjn100mhuzdc4za72yps,Beko Loder (Kazıcı-Yükleyici),sifir-urun-is-makinesi__beko-loder,sifir-urun/sifir-urun-is-makinesi/beko-loder,cmsdkecae003huzyc6uys6m47,sifir,,,,,ARCHIVE,,false,true,true,,,0,0,0,9,1,0,LOW,in DB (sifir) but not in target MD by name match
cmsg3xjnm00mjuzdc2xsp3eup,Loder (Yükleyici),sifir-urun-is-makinesi__loder,sifir-urun/sifir-urun-is-makinesi/loder,cmsdkecae003huzyc6uys6m47,sifir,,,,,ARCHIVE,,false,true,true,,,0,0,0,9,1,0,LOW,in DB (sifir) but not in target MD by name match
cmsg3xjoh00mluzdc1k5hldck,Dozer,sifir-urun-is-makinesi__dozer,sifir-urun/sifir-urun-is-makinesi/dozer,cmsdkecae003huzyc6uys6m47,sifir,,,,,ARCHIVE,,false,true,true,,,0,0,0,9,1,0,LOW,in DB (sifir) but not in target MD by name match
cmsg3xjpd00mnuzdcbzwlgf81,Greyder,sifir-urun-is-makinesi__greyder,sifir-urun/sifir-urun-is-makinesi/greyder,cmsdkecae003huzyc6uys6m47,sifir,,,,,ARCHIVE,,false,true,true,,,0,0,0,9,1,0,LOW,in DB (sifir) but not in target MD by name match
cmsg3xjpp00mpuzdcd2a29dbl,Silindir,sifir-urun-is-makinesi__silindir,sifir-urun/sifir-urun-is-makinesi/silindir,cmsdkecae003huzyc6uys6m47,sifir,,,,,ARCHIVE,,false,true,true,,,0,0,0,9,1,0,LOW,in DB (sifir) but not in target MD by name match
cmsg3xjq600mruzdch02zhkek,Forklift,sifir-urun-is-makinesi__forklift,sifir-urun/sifir-urun-is-makinesi/forklift,cmsdkecae003huzyc6uys6m47,sifir,,,,,ARCHIVE,,false,true,true,,,0,0,0,9,1,0,LOW,in DB (sifir) but not in target MD by name match
cmsg3xjqk00mtuzdc5mwxoo7b,Teleskopik Yükleyici,sifir-urun-is-makinesi__teleskopik,sifir-urun/sifir-urun-is-makinesi/teleskopik,cmsdkecae003huzyc6uys6m47,sifir,,,,,ARCHIVE,,false,true,true,,,0,0,0,9,1,0,LOW,in DB (sifir) but not in target MD by name match
cmsg3xjqw00mvuzdco6yslmta,Mobil Vinç,sifir-urun-is-makinesi__mobil-vinc,sifir-urun/sifir-urun-is-makinesi/mobil-vinc,cmsdkecae003huzyc6uys6m47,sifir,,,,,ARCHIVE,,false,true,true,,,0,0,0,9,1,0,LOW,in DB (sifir) but not in target MD by name match
cmsg3xjrl00mxuzdci8xvz2ul,Beton Pompası,sifir-urun-is-makinesi__beton-pompasi,sifir-urun/sifir-urun-is-makinesi/beton-pompasi,cmsdkecae003huzyc6uys6m47,sifir,,,,,ARCHIVE,,false,true,true,,,0,0,0,9,1,0,LOW,in DB (sifir) but not in target MD by name match
cmsg3xjsz00mzuzdcgeyx6shp,Asfalt Makinesi,sifir-urun-is-makinesi__asfalt,sifir-urun/sifir-urun-is-makinesi/asfalt,cmsdkecae003huzyc6uys6m47,sifir,,,,,ARCHIVE,,false,true,true,,,0,0,0,9,1,0,LOW,in DB (sifir) but not in target MD by name match
cmsg3xjtf00n1uzdc7a8h16ch,Sondaj Makinesi,sifir-urun-is-makinesi__sondaj,sifir-urun/sifir-urun-is-makinesi/sondaj,cmsdkecae003huzyc6uys6m47,sifir,,,,,ARCHIVE,,false,true,true,,,0,0,0,9,1,0,LOW,in DB (sifir) but not in target MD by name match
cmsg3xjue00n3uzdcc1tc9gbr,Diğer İş Makinesi,sifir-urun-is-makinesi__diger-is-makinesi,sifir-urun/sifir-urun-is-makinesi/diger-is-makinesi,cmsdkecae003huzyc6uys6m47,sifir,,,,,ARCHIVE,,false,true,true,,,0,0,0,9,1,0,LOW,in DB (sifir) but not in target MD by name match
cmsg3xk2900nhuzdczw1pp2t7,Traktör,sifir-urun-tarim-makinesi__traktor,sifir-urun/sifir-urun-tarim-makinesi/traktor,cmsdkecak003juzycjc0pp98j,sifir,,,,,ARCHIVE,,false,true,true,,,0,0,0,6,1,0,LOW,in DB (sifir) but not in target MD by name match
cmsg3xk2z00njuzdcwdkudhem,Biçerdöver,sifir-urun-tarim-makinesi__bicerdover,sifir-urun/sifir-urun-tarim-makinesi/bicerdover,cmsdkecak003juzycjc0pp98j,sifir,,,,,ARCHIVE,,false,true,true,,,0,0,0,6,1,0,LOW,in DB (sifir) but not in target MD by name match
cmsg3xk3r00nluzdci5u30s5o,Pulluk & Ekim,sifir-urun-tarim-makinesi__pulluk-ekim,sifir-urun/sifir-urun-tarim-makinesi/pulluk-ekim,cmsdkecak003juzycjc0pp98j,sifir,,,,,ARCHIVE,,false,true,true,,,0,0,0,6,1,0,LOW,in DB (sifir) but not in target MD by name match
cmsg3xk5d00npuzdcfj7kk5wj,Balya & Silaj,sifir-urun-tarim-makinesi__balya,sifir-urun/sifir-urun-tarim-makinesi/balya,cmsdkecak003juzycjc0pp98j,sifir,,,,,ARCHIVE,,false,true,true,,,0,0,0,6,1,0,LOW,in DB (sifir) but not in target MD by name match
cmsg3xk6300nruzdcgr2yfhh4,Diğer Tarım Makinesi,sifir-urun-tarim-makinesi__diger-tarim,sifir-urun/sifir-urun-tarim-makinesi/diger-tarim,cmsdkecak003juzycjc0pp98j,sifir,,,,,ARCHIVE,,false,true,true,,,0,0,0,6,1,0,LOW,in DB (sifir) but not in target MD by name match
cmsg3xkfc00o5uzdc6k9i53vv,Torna / Freze,sifir-urun-sanayi-makinesi__torna-freze,sifir-urun/sifir-urun-sanayi-makinesi/torna-freze,cmsdkecar003luzyc7d1wqrb7,sifir,,,,,ARCHIVE,,false,true,true,,,0,0,0,6,1,0,LOW,in DB (sifir) but not in target MD by name match
cmsg3xkgr00o7uzdc3jarsh2c,Pres & Kaynak,sifir-urun-sanayi-makinesi__pres-kaynak,sifir-urun/sifir-urun-sanayi-makinesi/pres-kaynak,cmsdkecar003luzyc7d1wqrb7,sifir,,,,,ARCHIVE,,false,true,true,,,0,0,0,6,1,0,LOW,in DB (sifir) but not in target MD by name match
cmsg3xkk200ofuzdcdcb07841,Diğer Sanayi,sifir-urun-sanayi-makinesi__diger-sanayi,sifir-urun/sifir-urun-sanayi-makinesi/diger-sanayi,cmsdkecar003luzyc7d1wqrb7,sifir,,,,,ARCHIVE,,false,true,true,,,0,0,0,6,1,0,LOW,in DB (sifir) but not in target MD by name match
cmsg3xknv00ojuzdczpo8d4kw,Diğer,sifir-urun-diger-alisveris__diger,sifir-urun/sifir-urun-diger-alisveris/diger,cms93j5qc003buz3g50apc5vu,sifir,,,,,ARCHIVE,,false,true,true,,,0,0,0,1,1,0,LOW,Diğer Her Şey — ARCHIVE or MANUAL_REVIEW
cmsg3xh7l0083uzdcqmff5pvf,"Kol, Kulaklık & Aksesuar",sifir-urun-oyun-konsol__konsol-aksesuar,sifir-urun/elektronik/oyun-ve-konsol/oyun-konsol/konsol-aksesuar,cmsg4wp3k0025uzxwhokxbo3o,sifir,,,,,ARCHIVE,,false,true,true,,,0,0,0,8,2,0,LOW,in DB (sifir) but not in target MD by name match
cmsg3xgx4005ruzdc6zbsbfmu,Ankastre Buzdolabı,sifir-urun-beyaz-esya__ankastre-buzdolabi,sifir-urun/ev-aletleri/beyaz-esya/beyaz-esya/ankastre-buzdolabi,cmsg4wp4f0029uzxwroue3qn1,sifir,,,,,ARCHIVE,,false,true,true,,,0,0,0,29,8,0,LOW,in DB (sifir) but not in target MD by name match
cmsg3xgxe005tuzdc8mjjsx2b,Çamaşır ve Kurutma Makinesi,sifir-urun-beyaz-esya__camasir-kurutma,sifir-urun/ev-aletleri/beyaz-esya/beyaz-esya/camasir-kurutma,cmsg4wp4f0029uzxwroue3qn1,sifir,,,,,ARCHIVE,,false,true,true,,,0,0,0,29,8,0,LOW,in DB (sifir) but not in target MD by name match
cmsg4wp1h0021uzxwh40ko79d,"TV, Görüntü ve Ses",sifir-urun__elektronik__tv-goruntu-ve-ses,sifir-urun/elektronik/tv-goruntu-ve-ses,cmsg4wowy001vuzxwe59qnwfj,sifir,,,,,MANUAL_REVIEW,,false,true,true,,,1,0,0,19,3,0,HIGH,"legacy TV wrapper — alias to Televizyon, Görüntü ve Ses group → Elektronik › Televizyon, Görüntü ve Ses"
cmsg4wp2n0023uzxw8u4sgot9,Fotoğraf ve Kamera,sifir-urun__elektronik__fotograf-ve-kamera,sifir-urun/elektronik/fotograf-ve-kamera,cmsg4wowy001vuzxwe59qnwfj,sifir,,,,,ARCHIVE,,false,true,true,,,0,0,0,11,2,0,LOW,in DB (sifir) but not in target MD by name match
cms93j5m20027uz3g910o9sc3,Elektrikli Ev Aletleri,sifir-urun-elektrikli-ev-aletleri,sifir-urun/ev-aletleri/kucuk-ev-aletleri/elektrikli-ev-aletleri,cmsg4wp6y002buzxw8i935t8o,sifir,,,,,ARCHIVE,,false,true,true,,,3,0,0,28,4,0,LOW,in DB (sifir) but not in target MD by name match
cmsg3xh17006nuzdcq1pi5vtx,Süpürge,sifir-urun-elektrikli-ev-aletleri__supurge,sifir-urun/ev-aletleri/kucuk-ev-aletleri/elektrikli-ev-aletleri/supurge,cms93j5m20027uz3g910o9sc3,sifir,,,,,ARCHIVE,,false,true,true,,,0,0,0,28,4,0,LOW,in DB (sifir) but not in target MD by name match
cmsg3xh1e006puzdchzvfhd9y,Ütü,sifir-urun-elektrikli-ev-aletleri__utuler,sifir-urun/ev-aletleri/kucuk-ev-aletleri/elektrikli-ev-aletleri/utuler,cms93j5m20027uz3g910o9sc3,sifir,,,,,ARCHIVE,,false,true,true,,,0,0,0,28,4,0,LOW,in DB (sifir) but not in target MD by name match
cmsg3xh1m006ruzdc70t2uqd0,Kahve & Çay Makinesi,sifir-urun-elektrikli-ev-aletleri__kahve-cay,sifir-urun/ev-aletleri/kucuk-ev-aletleri/elektrikli-ev-aletleri/kahve-cay,cms93j5m20027uz3g910o9sc3,sifir,,,,,ARCHIVE,,false,true,true,,,0,0,0,28,4,0,LOW,in DB (sifir) but not in target MD by name match
cmsg3xh1w006tuzdc746ad8e3,Blender & Mikser,sifir-urun-elektrikli-ev-aletleri__blender-mikser,sifir-urun/ev-aletleri/kucuk-ev-aletleri/elektrikli-ev-aletleri/blender-mikser,cms93j5m20027uz3g910o9sc3,sifir,,,,,ARCHIVE,,false,true,true,,,0,0,0,28,4,0,LOW,in DB (sifir) but not in target MD by name match
cmsg3xh24006vuzdcics8ubsa,Tost & Mikrodalga,sifir-urun-elektrikli-ev-aletleri__tost-mikrodalga,sifir-urun/ev-aletleri/kucuk-ev-aletleri/elektrikli-ev-aletleri/tost-mikrodalga,cms93j5m20027uz3g910o9sc3,sifir,,,,,ARCHIVE,,false,true,true,,,0,0,0,28,4,0,LOW,in DB (sifir) but not in target MD by name match
cmsg3xh2t0071uzdc2lzvdqiz,Diğer Küçük Ev Aleti,sifir-urun-elektrikli-ev-aletleri__diger-kucuk-ev,sifir-urun/ev-aletleri/kucuk-ev-aletleri/elektrikli-ev-aletleri/diger-kucuk-ev,cms93j5m20027uz3g910o9sc3,sifir,,,,,ARCHIVE,,false,true,true,,,0,0,0,28,4,0,LOW,in DB (sifir) but not in target MD by name match
cmsg3xh350073uzdcy4uxrfah,Airfryer,sifir-urun-elektrikli-ev-aletleri__airfryer,sifir-urun/ev-aletleri/kucuk-ev-aletleri/elektrikli-ev-aletleri/airfryer,cms93j5m20027uz3g910o9sc3,sifir,,,,,ARCHIVE,,false,true,true,,,0,0,0,28,4,0,LOW,in DB (sifir) but not in target MD by name match
cmsg4wp8w002fuzxwt18nv883,Ev Dekorasyon & Mobilya,sifir-urun__ev-ve-yasam__ev-dekorasyon-mobilya,sifir-urun/ev-ve-yasam/ev-dekorasyon-mobilya,cmsg4wp8m002duzxwzxvqdxep,sifir,,,,,ARCHIVE,,false,true,true,,,1,0,0,19,2,0,LOW,in DB (sifir) but not in target MD by name match
cmsg4wpb0002ruzxwe7r6a6gk,Giyim & Aksesuar,sifir-urun__moda__giyim-aksesuar,sifir-urun/moda/giyim-aksesuar,cmsg4wpa8002huzxwh73du3bl,sifir,,,,,ARCHIVE,,false,true,true,,,0,0,0,26,8,0,LOW,in DB (sifir) but not in target MD by name match
cmsg4wpdh002vuzxwh2lo3l0x,Bisiklet,sifir-urun__spor-outdoor__bisiklet,sifir-urun/spor-outdoor/bisiklet,cmsg4wpda002tuzxws7iqvlb3,sifir,,,,,ARCHIVE,,false,true,true,,,0,0,0,0,0,0,LOW,in DB (sifir) but not in target MD by name match
cmsg4wpdw002zuzxwynzc4p9m,Spor Ürünleri,sifir-urun__spor-outdoor__spor-urunleri,sifir-urun/spor-outdoor/spor-urunleri,cmsg4wpda002tuzxws7iqvlb3,sifir,,,,,ARCHIVE,,false,true,true,,,0,0,0,0,0,0,LOW,in DB (sifir) but not in target MD by name match
cms93j5oj002vuz3g5py6nixh,Spor & Outdoor,sifir-urun-spor-outdoor,sifir-urun/spor-outdoor/spor-urunleri/spor-outdoor,cmsg4wpdw002zuzxwynzc4p9m,sifir,,,,,ARCHIVE,,false,true,true,,,1,0,0,25,1,0,LOW,in DB (sifir) but not in target MD by name match
cmsg3xiko00h1uzdcaj25qg2k,Dalış & Balıkçılık,sifir-urun-spor-outdoor__dalis-balik,sifir-urun/spor-outdoor/spor-urunleri/spor-outdoor/dalis-balik,cms93j5oj002vuz3g5py6nixh,sifir,,,,,ARCHIVE,,false,true,true,,,0,0,0,25,1,0,LOW,in DB (sifir) but not in target MD by name match
cmsg3xikw00h3uzdc6f9wt0qh,Diğer Spor,sifir-urun-spor-outdoor__diger-spor,sifir-urun/spor-outdoor/spor-urunleri/spor-outdoor/diger-spor,cms93j5oj002vuz3g5py6nixh,sifir,,,,,ARCHIVE,,false,true,true,,,0,0,0,25,1,0,LOW,in DB (sifir) but not in target MD by name match
cmsg4wpg00039uzxw6rhjcfm9,Mutfak Gereçleri,sifir-urun__mutfak-ve-sofra__mutfak-gerecleri,sifir-urun/mutfak-ve-sofra/mutfak-gerecleri,cmsg4wpfh0031uzxw20d0o7fi,sifir,,,,,ARCHIVE,,false,true,true,,,0,0,0,0,0,0,LOW,in DB (sifir) but not in target MD by name match
cmsg4wpg7003buzxwxevr2ep1,Termos ve Matara,sifir-urun__mutfak-ve-sofra__termos-ve-matara,sifir-urun/mutfak-ve-sofra/termos-ve-matara,cmsg4wpfh0031uzxw20d0o7fi,sifir,,,,,ARCHIVE,,false,true,true,,,0,0,0,0,0,0,LOW,in DB (sifir) but not in target MD by name match
cmsg3xiah00etuzdcqy5qptwd,Halı & Kilim,sifir-urun-ev-dekorasyon__hali-kilim,sifir-urun/ev-ve-yasam/ev-dekorasyon-mobilya/ev-dekorasyon/hali-kilim,cmsg4wp8w002fuzxwt18nv883,sifir,,,,,ARCHIVE,,false,true,true,,,0,0,0,19,2,0,LOW,in DB (sifir) but not in target MD by name match
cmsg4wpdm002xuzxwz1jpbybb,Bisiklet,sifir-urun__spor-outdoor__bisiklet__bisiklet,sifir-urun/spor-outdoor/bisiklet/bisiklet,cmsg4wpdh002vuzxwh2lo3l0x,sifir,,,,,MERGE,,true,true,true,,bisiklet-nest,0,0,0,14,0,0,MEDIUM,Bisiklet→Bisiklet nest: merge leaf into parent or rename parent
cmsg4wpau002puzxwuyaikv2b,Tişört,sifir-urun__moda__kadin__tisort,sifir-urun/moda/kadin/tisort,cmsg4wpap002nuzxwdd7tkkx9,sifir,,,,,ARCHIVE,,false,true,true,,,0,2,6,26,8,0,HIGH,in DB (sifir) but not in target MD by name match
cmsg3xhj500aluzdcziy977zl,Tişört,sifir-urun-giyim-aksesuar__tisort,sifir-urun/moda/giyim-aksesuar/giyim-aksesuar/tisort,cmsg4wpb0002ruzxwe7r6a6gk,sifir,,,,,ARCHIVE,,false,true,true,,,0,0,0,26,8,0,LOW,in DB (sifir) but not in target MD by name match
