categoryPath,modelMode,reason,requiresSeedModels,priority,notes
Elektronik › Telefon ve Aksesuar › Cep Telefonu › Akıllı Telefon,OPTIONAL,optional model,false,2,
Elektronik › Telefon ve Aksesuar › Cep Telefonu › Tuşlu Telefon,OPTIONAL,optional model,false,2,
Elektronik › Telefon ve Aksesuar › Cep Telefonu › Katlanabilir Telefon,REQUIRED,identifiable commercial model,true,1,
Elektronik › Telefon ve Aksesuar › Cep Telefonu › Outdoor Telefon,OPTIONAL,optional model,false,2,
Elektronik › Telefon ve Aksesuar › Telefon Aksesuarları › Telefon Kılıfı,OPTIONAL,optional model,false,2,
Elektronik › Telefon ve Aksesuar › Telefon Aksesuarları › Ekran Koruyucu,OPTIONAL,optional model,false,2,
Elektronik › Telefon ve Aksesuar › Telefon Aksesuarları › Şarj Adaptörü,OPTIONAL,optional model,false,2,
Elektronik › Telefon ve Aksesuar › Telefon Aksesuarları › Şarj Kablosu,DISABLED,apparel/accessory style,false,3,
Elektronik › Telefon ve Aksesuar › Telefon Aksesuarları › Kablosuz Şarj Cihazı,DISABLED,apparel/accessory style,false,3,
Elektronik › Telefon ve Aksesuar › Telefon Aksesuarları › Powerbank,OPTIONAL,optional model,false,2,
Elektronik › Telefon ve Aksesuar › Telefon Aksesuarları › Araç İçi Telefon Tutucu,OPTIONAL,optional model,false,2,
Elektronik › Telefon ve Aksesuar › Telefon Aksesuarları › Masaüstü Telefon Standı,OPTIONAL,optional model,false,2,
Elektronik › Telefon ve Aksesuar › Telefon Aksesuarları › Selfie Çubuğu,OPTIONAL,optional model,false,2,
Elektronik › Telefon ve Aksesuar › Telefon Aksesuarları › Bluetooth Kulaklık,OPTIONAL,optional model,false,2,
Elektronik › Telefon ve Aksesuar › Telefon Aksesuarları › Kablolu Kulaklık,DISABLED,apparel/accessory style,false,3,
Elektronik › Telefon ve Aksesuar › Telefon Aksesuarları › Telefon Yedek Parça,OPTIONAL,optional model,false,2,
Elektronik › Telefon ve Aksesuar › Giyilebilir Teknoloji › Akıllı Saat,OPTIONAL,optional model,false,2,
Elektronik › Telefon ve Aksesuar › Giyilebilir Teknoloji › Akıllı Bileklik,OPTIONAL,optional model,false,2,
Elektronik › Telefon ve Aksesuar › Giyilebilir Teknoloji › Çocuk Akıllı Saati,OPTIONAL,optional model,false,2,
Elektronik › Telefon ve Aksesuar › Giyilebilir Teknoloji › Akıllı Yüzük,OPTIONAL,optional model,false,2,
Elektronik › Telefon ve Aksesuar › Giyilebilir Teknoloji › GPS Takip Cihazı,OPTIONAL,optional model,false,2,
Elektronik › Telefon ve Aksesuar › İletişim Cihazları › Telsiz,OPTIONAL,optional model,false,2,
Elektronik › Telefon ve Aksesuar › İletişim Cihazları › Sabit Telefon,OPTIONAL,optional model,false,2,
Elektronik › Telefon ve Aksesuar › İletişim Cihazları › IP Telefon,OPTIONAL,optional model,false,2,
Elektronik › Telefon ve Aksesuar › İletişim Cihazları › Uydu Telefonu,OPTIONAL,optional model,false,2,
Elektronik › Telefon ve Aksesuar › İletişim Cihazları › Çağrı Cihazı,OPTIONAL,optional model,false,2,
Elektronik › Bilgisayar ve Tablet › Bilgisayar › Dizüstü Bilgisayar,OPTIONAL,optional model,false,2,
Elektronik › Bilgisayar ve Tablet › Bilgisayar › Masaüstü Bilgisayar,OPTIONAL,optional model,false,2,
Elektronik › Bilgisayar ve Tablet › Bilgisayar › Mini PC,OPTIONAL,optional model,false,2,
Elektronik › Bilgisayar ve Tablet › Bilgisayar › All-in-One Bilgisayar,OPTIONAL,optional model,false,2,
Elektronik › Bilgisayar ve Tablet › Bilgisayar › İş İstasyonu,OPTIONAL,optional model,false,2,
Elektronik › Bilgisayar ve Tablet › Bilgisayar › Oyuncu Bilgisayarı,OPTIONAL,optional model,false,2,
Elektronik › Bilgisayar ve Tablet › Tablet ve E-Kitap › Tablet,REQUIRED,identifiable commercial model,true,1,
Elektronik › Bilgisayar ve Tablet › Tablet ve E-Kitap › Grafik Tablet,REQUIRED,identifiable commercial model,true,1,
Elektronik › Bilgisayar ve Tablet › Tablet ve E-Kitap › E-Kitap Okuyucu,OPTIONAL,optional model,false,2,
Elektronik › Bilgisayar ve Tablet › Tablet ve E-Kitap › Çocuk Tableti,REQUIRED,identifiable commercial model,true,1,
Elektronik › Bilgisayar ve Tablet › Bilgisayar Bileşenleri › İşlemci,OPTIONAL,optional model,false,2,
Elektronik › Bilgisayar ve Tablet › Bilgisayar Bileşenleri › Anakart,OPTIONAL,optional model,false,2,
Elektronik › Bilgisayar ve Tablet › Bilgisayar Bileşenleri › Ekran Kartı,OPTIONAL,optional model,false,2,
Elektronik › Bilgisayar ve Tablet › Bilgisayar Bileşenleri › RAM,OPTIONAL,optional model,false,2,
Elektronik › Bilgisayar ve Tablet › Bilgisayar Bileşenleri › SSD,OPTIONAL,optional model,false,2,
Elektronik › Bilgisayar ve Tablet › Bilgisayar Bileşenleri › Hard Disk,OPTIONAL,optional model,false,2,
Elektronik › Bilgisayar ve Tablet › Bilgisayar Bileşenleri › Bilgisayar Kasası,OPTIONAL,optional model,false,2,
Elektronik › Bilgisayar ve Tablet › Bilgisayar Bileşenleri › Güç Kaynağı,OPTIONAL,optional model,false,2,
Elektronik › Bilgisayar ve Tablet › Bilgisayar Bileşenleri › İşlemci Soğutucu,OPTIONAL,optional model,false,2,
Elektronik › Bilgisayar ve Tablet › Bilgisayar Bileşenleri › Kasa Fanı,OPTIONAL,optional model,false,2,
Elektronik › Bilgisayar ve Tablet › Bilgisayar Bileşenleri › Optik Sürücü,OPTIONAL,optional model,false,2,
Elektronik › Bilgisayar ve Tablet › Bilgisayar Bileşenleri › Capture Card,OPTIONAL,optional model,false,2,
Elektronik › Bilgisayar ve Tablet › Bilgisayar Çevre Birimleri › Monitör,OPTIONAL,optional model,false,2,
Elektronik › Bilgisayar ve Tablet › Bilgisayar Çevre Birimleri › Klavye,OPTIONAL,optional model,false,2,
Elektronik › Bilgisayar ve Tablet › Bilgisayar Çevre Birimleri › Mouse,OPTIONAL,optional model,false,2,
Elektronik › Bilgisayar ve Tablet › Bilgisayar Çevre Birimleri › Klavye-Mouse Seti,OPTIONAL,optional model,false,2,
Elektronik › Bilgisayar ve Tablet › Bilgisayar Çevre Birimleri › Webcam,OPTIONAL,optional model,false,2,
Elektronik › Bilgisayar ve Tablet › Bilgisayar Çevre Birimleri › Mikrofon,OPTIONAL,optional model,false,2,
Elektronik › Bilgisayar ve Tablet › Bilgisayar Çevre Birimleri › Hoparlör,OPTIONAL,optional model,false,2,
Elektronik › Bilgisayar ve Tablet › Bilgisayar Çevre Birimleri › Kulaklık,OPTIONAL,optional model,false,2,
Elektronik › Bilgisayar ve Tablet › Bilgisayar Çevre Birimleri › Yazıcı,OPTIONAL,optional model,false,2,
Elektronik › Bilgisayar ve Tablet › Bilgisayar Çevre Birimleri › Tarayıcı,OPTIONAL,optional model,false,2,
Elektronik › Bilgisayar ve Tablet › Bilgisayar Çevre Birimleri › Projeksiyon Cihazı,OPTIONAL,optional model,false,2,
Elektronik › Bilgisayar ve Tablet › Ağ ve İnternet › Modem,OPTIONAL,optional model,false,2,
Elektronik › Bilgisayar ve Tablet › Ağ ve İnternet › Router,OPTIONAL,optional model,false,2,
Elektronik › Bilgisayar ve Tablet › Ağ ve İnternet › Access Point,OPTIONAL,optional model,false,2,
Elektronik › Bilgisayar ve Tablet › Ağ ve İnternet › Mesh Wi-Fi Sistemi,OPTIONAL,optional model,false,2,
Elektronik › Bilgisayar ve Tablet › Ağ ve İnternet › Switch,OPTIONAL,optional model,false,2,
Elektronik › Bilgisayar ve Tablet › Ağ ve İnternet › Range Extender,OPTIONAL,optional model,false,2,
Elektronik › Bilgisayar ve Tablet › Ağ ve İnternet › Powerline Adaptör,OPTIONAL,optional model,false,2,
Elektronik › Bilgisayar ve Tablet › Ağ ve İnternet › Ağ Kartı,OPTIONAL,optional model,false,2,
Elektronik › Bilgisayar ve Tablet › Ağ ve İnternet › Anten,OPTIONAL,optional model,false,2,
Elektronik › Bilgisayar ve Tablet › Ağ ve İnternet › Ethernet Kablosu,DISABLED,apparel/accessory style,false,3,
Elektronik › Bilgisayar ve Tablet › Depolama ve Bellek › USB Bellek,OPTIONAL,optional model,false,2,
Elektronik › Bilgisayar ve Tablet › Depolama ve Bellek › Hafıza Kartı,OPTIONAL,optional model,false,2,
Elektronik › Bilgisayar ve Tablet › Depolama ve Bellek › Harici SSD,OPTIONAL,optional model,false,2,
Elektronik › Bilgisayar ve Tablet › Depolama ve Bellek › Harici Hard Disk,OPTIONAL,optional model,false,2,
Elektronik › Bilgisayar ve Tablet › Depolama ve Bellek › NAS,OPTIONAL,optional model,false,2,
Elektronik › Bilgisayar ve Tablet › Depolama ve Bellek › Kart Okuyucu,OPTIONAL,optional model,false,2,
Elektronik › Bilgisayar ve Tablet › Bilgisayar Aksesuarları › Laptop Çantası,REQUIRED,identifiable commercial model,true,1,
Elektronik › Bilgisayar ve Tablet › Bilgisayar Aksesuarları › Laptop Standı,REQUIRED,identifiable commercial model,true,1,
Elektronik › Bilgisayar ve Tablet › Bilgisayar Aksesuarları › Soğutucu,OPTIONAL,optional model,false,2,
Elektronik › Bilgisayar ve Tablet › Bilgisayar Aksesuarları › Docking Station,OPTIONAL,optional model,false,2,
Elektronik › Bilgisayar ve Tablet › Bilgisayar Aksesuarları › USB Hub,OPTIONAL,optional model,false,2,
Elektronik › Bilgisayar ve Tablet › Bilgisayar Aksesuarları › Adaptör,OPTIONAL,optional model,false,2,
Elektronik › Bilgisayar ve Tablet › Bilgisayar Aksesuarları › Kablo ve Dönüştürücü,DISABLED,apparel/accessory style,false,3,
Elektronik › Bilgisayar ve Tablet › Bilgisayar Aksesuarları › Mouse Pad,DISABLED,apparel/accessory style,false,3,
Elektronik › Bilgisayar ve Tablet › Bilgisayar Aksesuarları › Monitör Kolu,OPTIONAL,optional model,false,2,
Elektronik › Bilgisayar ve Tablet › Bilgisayar Aksesuarları › KVM Switch,OPTIONAL,optional model,false,2,
"Elektronik › Televizyon, Görüntü ve Ses › Televizyon › LED Televizyon",REQUIRED,identifiable commercial model,true,1,
"Elektronik › Televizyon, Görüntü ve Ses › Televizyon › QLED Televizyon",REQUIRED,identifiable commercial model,true,1,
"Elektronik › Televizyon, Görüntü ve Ses › Televizyon › OLED Televizyon",REQUIRED,identifiable commercial model,true,1,
"Elektronik › Televizyon, Görüntü ve Ses › Televizyon › Mini LED Televizyon",REQUIRED,identifiable commercial model,true,1,
"Elektronik › Televizyon, Görüntü ve Ses › Televizyon › Taşınabilir Televizyon",REQUIRED,identifiable commercial model,true,1,
"Elektronik › Televizyon, Görüntü ve Ses › TV Aksesuarları › TV Askı Aparatı",DISABLED,apparel/accessory style,false,3,
"Elektronik › Televizyon, Görüntü ve Ses › TV Aksesuarları › TV Kumandası",OPTIONAL,optional model,false,2,
"Elektronik › Televizyon, Görüntü ve Ses › TV Aksesuarları › Uydu Alıcısı",OPTIONAL,optional model,false,2,
"Elektronik › Televizyon, Görüntü ve Ses › TV Aksesuarları › Android TV Box",OPTIONAL,optional model,false,2,
"Elektronik › Televizyon, Görüntü ve Ses › TV Aksesuarları › Apple TV ve Medya Oynatıcı",OPTIONAL,optional model,false,2,
"Elektronik › Televizyon, Görüntü ve Ses › TV Aksesuarları › HDMI Kablo",DISABLED,apparel/accessory style,false,3,
"Elektronik › Televizyon, Görüntü ve Ses › TV Aksesuarları › TV Anteni",OPTIONAL,optional model,false,2,
"Elektronik › Televizyon, Görüntü ve Ses › Ses Sistemleri › Soundbar",OPTIONAL,optional model,false,2,
"Elektronik › Televizyon, Görüntü ve Ses › Ses Sistemleri › Ev Sinema Sistemi",OPTIONAL,optional model,false,2,
"Elektronik › Televizyon, Görüntü ve Ses › Ses Sistemleri › Hi-Fi Sistem",OPTIONAL,optional model,false,2,
"Elektronik › Televizyon, Görüntü ve Ses › Ses Sistemleri › Bluetooth Hoparlör",OPTIONAL,optional model,false,2,
"Elektronik › Televizyon, Görüntü ve Ses › Ses Sistemleri › Taşınabilir Hoparlör",OPTIONAL,optional model,false,2,
"Elektronik › Televizyon, Görüntü ve Ses › Ses Sistemleri › Amfi",OPTIONAL,optional model,false,2,
"Elektronik › Televizyon, Görüntü ve Ses › Ses Sistemleri › Subwoofer",OPTIONAL,optional model,false,2,
"Elektronik › Televizyon, Görüntü ve Ses › Ses Sistemleri › Hoparlör Seti",OPTIONAL,optional model,false,2,
"Elektronik › Televizyon, Görüntü ve Ses › Kulaklık › TWS Kulaklık",OPTIONAL,optional model,false,2,
"Elektronik › Televizyon, Görüntü ve Ses › Kulaklık › Kulak Üstü Kulaklık",OPTIONAL,optional model,false,2,
"Elektronik › Televizyon, Görüntü ve Ses › Kulaklık › Oyuncu Kulaklığı",OPTIONAL,optional model,false,2,
"Elektronik › Televizyon, Görüntü ve Ses › Kulaklık › Stüdyo Kulaklığı",OPTIONAL,optional model,false,2,
"Elektronik › Televizyon, Görüntü ve Ses › Kulaklık › Spor Kulaklığı",OPTIONAL,optional model,false,2,
"Elektronik › Televizyon, Görüntü ve Ses › Projeksiyon ve Sunum › Projeksiyon Cihazı",OPTIONAL,optional model,false,2,
"Elektronik › Televizyon, Görüntü ve Ses › Projeksiyon ve Sunum › Projeksiyon Perdesi",OPTIONAL,optional model,false,2,
"Elektronik › Televizyon, Görüntü ve Ses › Projeksiyon ve Sunum › Sunum Kumandası",OPTIONAL,optional model,false,2,
"Elektronik › Televizyon, Görüntü ve Ses › Projeksiyon ve Sunum › Projeksiyon Askı Aparatı",DISABLED,apparel/accessory style,false,3,
"Elektronik › Televizyon, Görüntü ve Ses › Fotoğraf ve Video › Dijital Fotoğraf Makinesi",OPTIONAL,optional model,false,2,
"Elektronik › Televizyon, Görüntü ve Ses › Fotoğraf ve Video › Aksiyon Kamerası",OPTIONAL,optional model,false,2,
"Elektronik › Televizyon, Görüntü ve Ses › Fotoğraf ve Video › Video Kamera",OPTIONAL,optional model,false,2,
"Elektronik › Televizyon, Görüntü ve Ses › Fotoğraf ve Video › Drone",REQUIRED,identifiable commercial model,true,1,
"Elektronik › Televizyon, Görüntü ve Ses › Fotoğraf ve Video › Lens",OPTIONAL,optional model,false,2,
"Elektronik › Televizyon, Görüntü ve Ses › Fotoğraf ve Video › Tripod",OPTIONAL,optional model,false,2,
"Elektronik › Televizyon, Görüntü ve Ses › Fotoğraf ve Video › Gimbal",OPTIONAL,optional model,false,2,
"Elektronik › Televizyon, Görüntü ve Ses › Fotoğraf ve Video › Fotoğraf Çantası",OPTIONAL,optional model,false,2,
"Elektronik › Televizyon, Görüntü ve Ses › Fotoğraf ve Video › Flaş",OPTIONAL,optional model,false,2,
"Elektronik › Televizyon, Görüntü ve Ses › Fotoğraf ve Video › Işık ve Softbox",OPTIONAL,optional model,false,2,
"Elektronik › Televizyon, Görüntü ve Ses › Fotoğraf ve Video › Kamera Aksesuarı",OPTIONAL,optional model,false,2,
Elektronik › Oyun ve Konsol › Oyun Konsolu › PlayStation,REQUIRED,identifiable commercial model,true,1,
Elektronik › Oyun ve Konsol › Oyun Konsolu › Xbox,REQUIRED,identifiable commercial model,true,1,
Elektronik › Oyun ve Konsol › Oyun Konsolu › Nintendo Switch,REQUIRED,identifiable commercial model,true,1,
Elektronik › Oyun ve Konsol › Oyun Konsolu › El Konsolu,OPTIONAL,optional model,false,2,
Elektronik › Oyun ve Konsol › Oyun Konsolu › Retro Oyun Konsolu,REQUIRED,identifiable commercial model,true,1,
Elektronik › Oyun ve Konsol › Konsol Aksesuarları › Gamepad,OPTIONAL,optional model,false,2,
Elektronik › Oyun ve Konsol › Konsol Aksesuarları › Direksiyon Seti,OPTIONAL,optional model,false,2,
Elektronik › Oyun ve Konsol › Konsol Aksesuarları › VR Gözlük,OPTIONAL,optional model,false,2,
Elektronik › Oyun ve Konsol › Konsol Aksesuarları › Şarj İstasyonu,OPTIONAL,optional model,false,2,
Elektronik › Oyun ve Konsol › Konsol Aksesuarları › Konsol Kulaklığı,OPTIONAL,optional model,false,2,
Elektronik › Oyun ve Konsol › Konsol Aksesuarları › Taşıma Çantası,OPTIONAL,optional model,false,2,
Elektronik › Oyun ve Konsol › Oyunlar › PlayStation Oyunları,REQUIRED,identifiable commercial model,true,1,
Elektronik › Oyun ve Konsol › Oyunlar › Xbox Oyunları,REQUIRED,identifiable commercial model,true,1,
Elektronik › Oyun ve Konsol › Oyunlar › Nintendo Oyunları,REQUIRED,identifiable commercial model,true,1,
Elektronik › Oyun ve Konsol › Oyunlar › PC Oyunları,OPTIONAL,optional model,false,2,
Elektronik › Oyun ve Konsol › Oyuncu Ekipmanları › Oyuncu Klavyesi,OPTIONAL,optional model,false,2,
Elektronik › Oyun ve Konsol › Oyuncu Ekipmanları › Oyuncu Mouse,OPTIONAL,optional model,false,2,
Elektronik › Oyun ve Konsol › Oyuncu Ekipmanları › Oyuncu Monitörü,OPTIONAL,optional model,false,2,
Elektronik › Oyun ve Konsol › Oyuncu Ekipmanları › Oyuncu Koltuğu,OPTIONAL,optional model,false,2,
Elektronik › Oyun ve Konsol › Oyuncu Ekipmanları › Oyuncu Masası,OPTIONAL,optional model,false,2,
Elektronik › Oyun ve Konsol › Oyuncu Ekipmanları › Yayıncı Ekipmanı,OPTIONAL,optional model,false,2,
Elektronik › Akıllı Ev ve Güvenlik › Akıllı Ev › Akıllı Priz,OPTIONAL,optional model,false,2,
Elektronik › Akıllı Ev ve Güvenlik › Akıllı Ev › Akıllı Ampul,OPTIONAL,optional model,false,2,
Elektronik › Akıllı Ev ve Güvenlik › Akıllı Ev › Akıllı Anahtar,OPTIONAL,optional model,false,2,
Elektronik › Akıllı Ev ve Güvenlik › Akıllı Ev › Akıllı Termostat,OPTIONAL,optional model,false,2,
Elektronik › Akıllı Ev ve Güvenlik › Akıllı Ev › Akıllı Perde Motoru,OPTIONAL,optional model,false,2,
Elektronik › Akıllı Ev ve Güvenlik › Akıllı Ev › Akıllı Ev Hub,OPTIONAL,optional model,false,2,
Elektronik › Akıllı Ev ve Güvenlik › Güvenlik Sistemleri › IP Kamera,OPTIONAL,optional model,false,2,
Elektronik › Akıllı Ev ve Güvenlik › Güvenlik Sistemleri › Analog Kamera,OPTIONAL,optional model,false,2,
Elektronik › Akıllı Ev ve Güvenlik › Güvenlik Sistemleri › Kamera Kayıt Cihazı,OPTIONAL,optional model,false,2,
Elektronik › Akıllı Ev ve Güvenlik › Güvenlik Sistemleri › Alarm Sistemi,OPTIONAL,optional model,false,2,
Elektronik › Akıllı Ev ve Güvenlik › Güvenlik Sistemleri › Hareket Sensörü,OPTIONAL,optional model,false,2,
Elektronik › Akıllı Ev ve Güvenlik › Güvenlik Sistemleri › Kapı-Pencere Sensörü,OPTIONAL,optional model,false,2,
Elektronik › Akıllı Ev ve Güvenlik › Güvenlik Sistemleri › Görüntülü Diafon,OPTIONAL,optional model,false,2,
Elektronik › Akıllı Ev ve Güvenlik › Güvenlik Sistemleri › Akıllı Kilit,OPTIONAL,optional model,false,2,
Elektronik › Akıllı Ev ve Güvenlik › Güvenlik Sistemleri › Duman Dedektörü,OPTIONAL,optional model,false,2,
Elektronik › Akıllı Ev ve Güvenlik › Enerji ve Güç › UPS,OPTIONAL,optional model,false,2,
Elektronik › Akıllı Ev ve Güvenlik › Enerji ve Güç › Voltaj Regülatörü,OPTIONAL,optional model,false,2,
Elektronik › Akıllı Ev ve Güvenlik › Enerji ve Güç › Akım Korumalı Priz,OPTIONAL,optional model,false,2,
Elektronik › Akıllı Ev ve Güvenlik › Enerji ve Güç › Solar Şarj Cihazı,OPTIONAL,optional model,false,2,
Elektronik › Akıllı Ev ve Güvenlik › Enerji ve Güç › Taşınabilir Güç İstasyonu,OPTIONAL,optional model,false,2,
Ev Aletleri › Beyaz Eşya › Soğutma › Buzdolabı,OPTIONAL,optional model,false,2,
Ev Aletleri › Beyaz Eşya › Soğutma › Mini Buzdolabı,OPTIONAL,optional model,false,2,
Ev Aletleri › Beyaz Eşya › Soğutma › Derin Dondurucu,OPTIONAL,optional model,false,2,
Ev Aletleri › Beyaz Eşya › Soğutma › Şarap Dolabı,OPTIONAL,optional model,false,2,
Ev Aletleri › Beyaz Eşya › Çamaşır Bakımı › Çamaşır Makinesi,OPTIONAL,optional model,false,2,
Ev Aletleri › Beyaz Eşya › Çamaşır Bakımı › Kurutma Makinesi,OPTIONAL,optional model,false,2,
Ev Aletleri › Beyaz Eşya › Çamaşır Bakımı › Kurutmalı Çamaşır Makinesi,OPTIONAL,optional model,false,2,
Ev Aletleri › Beyaz Eşya › Bulaşık ve Mutfak › Bulaşık Makinesi,OPTIONAL,optional model,false,2,
Ev Aletleri › Beyaz Eşya › Bulaşık ve Mutfak › Ankastre Bulaşık Makinesi,OPTIONAL,optional model,false,2,
Ev Aletleri › Beyaz Eşya › Pişirme › Fırın,OPTIONAL,optional model,false,2,
Ev Aletleri › Beyaz Eşya › Pişirme › Ocak,OPTIONAL,optional model,false,2,
Ev Aletleri › Beyaz Eşya › Pişirme › Davlumbaz,OPTIONAL,optional model,false,2,
Ev Aletleri › Beyaz Eşya › Pişirme › Aspiratör,OPTIONAL,optional model,false,2,
Ev Aletleri › Beyaz Eşya › Pişirme › Ankastre Set,OPTIONAL,optional model,false,2,
Ev Aletleri › Beyaz Eşya › Pişirme › Mikrodalga Fırın,OPTIONAL,optional model,false,2,
Ev Aletleri › Beyaz Eşya › İklimlendirme › Klima,REQUIRED,identifiable commercial model,true,1,
Ev Aletleri › Beyaz Eşya › İklimlendirme › Portatif Klima,REQUIRED,identifiable commercial model,true,1,
Ev Aletleri › Beyaz Eşya › İklimlendirme › Vantilatör,OPTIONAL,optional model,false,2,
Ev Aletleri › Beyaz Eşya › İklimlendirme › Hava Soğutucu,OPTIONAL,optional model,false,2,
Ev Aletleri › Beyaz Eşya › İklimlendirme › Isıtıcı,OPTIONAL,optional model,false,2,
Ev Aletleri › Beyaz Eşya › İklimlendirme › Kombi,OPTIONAL,optional model,false,2,
Ev Aletleri › Beyaz Eşya › İklimlendirme › Şofben,OPTIONAL,optional model,false,2,
Ev Aletleri › Beyaz Eşya › İklimlendirme › Termosifon,OPTIONAL,optional model,false,2,
Ev Aletleri › Küçük Ev Aletleri › Temizlik › Robot Süpürge,OPTIONAL,optional model,false,2,
Ev Aletleri › Küçük Ev Aletleri › Temizlik › Dikey Süpürge,OPTIONAL,optional model,false,2,
Ev Aletleri › Küçük Ev Aletleri › Temizlik › Toz Torbalı Süpürge,OPTIONAL,optional model,false,2,
Ev Aletleri › Küçük Ev Aletleri › Temizlik › Toz Torbasız Süpürge,OPTIONAL,optional model,false,2,
Ev Aletleri › Küçük Ev Aletleri › Temizlik › Islak-Kuru Süpürge,OPTIONAL,optional model,false,2,
Ev Aletleri › Küçük Ev Aletleri › Temizlik › Buharlı Temizleyici,OPTIONAL,optional model,false,2,
Ev Aletleri › Küçük Ev Aletleri › Temizlik › Halı Yıkama Makinesi,OPTIONAL,optional model,false,2,
Ev Aletleri › Küçük Ev Aletleri › Temizlik › Cam Temizleme Robotu,OPTIONAL,optional model,false,2,
Ev Aletleri › Küçük Ev Aletleri › Ütü ve Dikiş › Buharlı Ütü,OPTIONAL,optional model,false,2,
Ev Aletleri › Küçük Ev Aletleri › Ütü ve Dikiş › Kazanlı Ütü,OPTIONAL,optional model,false,2,
Ev Aletleri › Küçük Ev Aletleri › Ütü ve Dikiş › Dikey Ütü,OPTIONAL,optional model,false,2,
Ev Aletleri › Küçük Ev Aletleri › Ütü ve Dikiş › Ütü Masası,OPTIONAL,optional model,false,2,
Ev Aletleri › Küçük Ev Aletleri › Ütü ve Dikiş › Dikiş Makinesi,OPTIONAL,optional model,false,2,
Ev Aletleri › Küçük Ev Aletleri › Ütü ve Dikiş › Overlok Makinesi,OPTIONAL,optional model,false,2,
Ev Aletleri › Küçük Ev Aletleri › Hava Kalitesi › Hava Temizleyici,OPTIONAL,optional model,false,2,
Ev Aletleri › Küçük Ev Aletleri › Hava Kalitesi › Nem Alma Cihazı,OPTIONAL,optional model,false,2,
Ev Aletleri › Küçük Ev Aletleri › Hava Kalitesi › Nemlendirici,OPTIONAL,optional model,false,2,
Ev Aletleri › Küçük Ev Aletleri › Hava Kalitesi › Ozon Cihazı,OPTIONAL,optional model,false,2,
Ev Aletleri › Küçük Ev Aletleri › Kişisel Konfor › Elektrikli Battaniye,OPTIONAL,optional model,false,2,
Ev Aletleri › Küçük Ev Aletleri › Kişisel Konfor › Ayak Isıtıcı,OPTIONAL,optional model,false,2,
Ev Aletleri › Küçük Ev Aletleri › Kişisel Konfor › Elektrikli Soba,OPTIONAL,optional model,false,2,
Ev Aletleri › Küçük Ev Aletleri › Kişisel Konfor › Sinekkapan Cihazı,OPTIONAL,optional model,false,2,
Mutfak ve Sofra › Pişirme › Elektrikli Pişirme › Airfryer,OPTIONAL,optional model,false,2,
Mutfak ve Sofra › Pişirme › Elektrikli Pişirme › Mini Fırın,OPTIONAL,optional model,false,2,
Mutfak ve Sofra › Pişirme › Elektrikli Pişirme › Elektrikli Izgara,OPTIONAL,optional model,false,2,
Mutfak ve Sofra › Pişirme › Elektrikli Pişirme › Tost Makinesi,OPTIONAL,optional model,false,2,
Mutfak ve Sofra › Pişirme › Elektrikli Pişirme › Waffle Makinesi,OPTIONAL,optional model,false,2,
Mutfak ve Sofra › Pişirme › Elektrikli Pişirme › Krep Makinesi,OPTIONAL,optional model,false,2,
Mutfak ve Sofra › Pişirme › Elektrikli Pişirme › Ekmek Yapma Makinesi,OPTIONAL,optional model,false,2,
Mutfak ve Sofra › Pişirme › Elektrikli Pişirme › Yoğurt Makinesi,OPTIONAL,optional model,false,2,
Mutfak ve Sofra › Pişirme › Tencere ve Tavalar › Tencere,OPTIONAL,optional model,false,2,
Mutfak ve Sofra › Pişirme › Tencere ve Tavalar › Tencere Seti,OPTIONAL,optional model,false,2,
Mutfak ve Sofra › Pişirme › Tencere ve Tavalar › Tava,OPTIONAL,optional model,false,2,
Mutfak ve Sofra › Pişirme › Tencere ve Tavalar › Döküm Tencere,OPTIONAL,optional model,false,2,
Mutfak ve Sofra › Pişirme › Tencere ve Tavalar › Döküm Tava,OPTIONAL,optional model,false,2,
Mutfak ve Sofra › Pişirme › Tencere ve Tavalar › Düdüklü Tencere,OPTIONAL,optional model,false,2,
Mutfak ve Sofra › Pişirme › Tencere ve Tavalar › Sahan,OPTIONAL,optional model,false,2,
Mutfak ve Sofra › Pişirme › Tencere ve Tavalar › Wok Tava,OPTIONAL,optional model,false,2,
Mutfak ve Sofra › Pişirme › Fırın Gereçleri › Fırın Tepsisi,OPTIONAL,optional model,false,2,
Mutfak ve Sofra › Pişirme › Fırın Gereçleri › Kek Kalıbı,OPTIONAL,optional model,false,2,
Mutfak ve Sofra › Pişirme › Fırın Gereçleri › Borcam ve Fırın Kabı,OPTIONAL,optional model,false,2,
Mutfak ve Sofra › Pişirme › Fırın Gereçleri › Silikon Kalıp,OPTIONAL,optional model,false,2,
Mutfak ve Sofra › Pişirme › Fırın Gereçleri › Pişirme Kağıdı ve Mat,OPTIONAL,optional model,false,2,
Mutfak ve Sofra › Hazırlık › Mutfak Robotları › Mutfak Robotu,OPTIONAL,optional model,false,2,
Mutfak ve Sofra › Hazırlık › Mutfak Robotları › Blender,OPTIONAL,optional model,false,2,
Mutfak ve Sofra › Hazırlık › Mutfak Robotları › El Blenderı,OPTIONAL,optional model,false,2,
Mutfak ve Sofra › Hazırlık › Mutfak Robotları › Mikser,OPTIONAL,optional model,false,2,
Mutfak ve Sofra › Hazırlık › Mutfak Robotları › Doğrayıcı,OPTIONAL,optional model,false,2,
Mutfak ve Sofra › Hazırlık › Mutfak Robotları › Rondo,OPTIONAL,optional model,false,2,
Mutfak ve Sofra › Hazırlık › Mutfak Robotları › Hamur Yoğurma Makinesi,OPTIONAL,optional model,false,2,
Mutfak ve Sofra › Hazırlık › Kesme ve Doğrama › Bıçak,OPTIONAL,optional model,false,2,
Mutfak ve Sofra › Hazırlık › Kesme ve Doğrama › Bıçak Seti,OPTIONAL,optional model,false,2,
Mutfak ve Sofra › Hazırlık › Kesme ve Doğrama › Kesme Tahtası,OPTIONAL,optional model,false,2,
Mutfak ve Sofra › Hazırlık › Kesme ve Doğrama › Rende,OPTIONAL,optional model,false,2,
Mutfak ve Sofra › Hazırlık › Kesme ve Doğrama › Soyacak,OPTIONAL,optional model,false,2,
Mutfak ve Sofra › Hazırlık › Kesme ve Doğrama › Mutfak Makası,OPTIONAL,optional model,false,2,
Mutfak ve Sofra › Hazırlık › Kesme ve Doğrama › Bileme Aleti,OPTIONAL,optional model,false,2,
Mutfak ve Sofra › Hazırlık › Ölçme ve Yardımcılar › Mutfak Tartısı,OPTIONAL,optional model,false,2,
Mutfak ve Sofra › Hazırlık › Ölçme ve Yardımcılar › Ölçü Kabı,OPTIONAL,optional model,false,2,
Mutfak ve Sofra › Hazırlık › Ölçme ve Yardımcılar › Termometre,OPTIONAL,optional model,false,2,
Mutfak ve Sofra › Hazırlık › Ölçme ve Yardımcılar › Süzgeç,OPTIONAL,optional model,false,2,
Mutfak ve Sofra › Hazırlık › Ölçme ve Yardımcılar › Kevgir,OPTIONAL,optional model,false,2,
Mutfak ve Sofra › Hazırlık › Ölçme ve Yardımcılar › Huni,OPTIONAL,optional model,false,2,
Mutfak ve Sofra › Hazırlık › Ölçme ve Yardımcılar › Spatula,OPTIONAL,optional model,false,2,
Mutfak ve Sofra › Hazırlık › Ölçme ve Yardımcılar › Maşa,OPTIONAL,optional model,false,2,
Mutfak ve Sofra › Hazırlık › Ölçme ve Yardımcılar › Çırpıcı,OPTIONAL,optional model,false,2,
Mutfak ve Sofra › İçecek Hazırlama › Kahve › Türk Kahvesi Makinesi,OPTIONAL,optional model,false,2,
Mutfak ve Sofra › İçecek Hazırlama › Kahve › Filtre Kahve Makinesi,OPTIONAL,optional model,false,2,
Mutfak ve Sofra › İçecek Hazırlama › Kahve › Espresso Makinesi,OPTIONAL,optional model,false,2,
Mutfak ve Sofra › İçecek Hazırlama › Kahve › Kapsül Kahve Makinesi,OPTIONAL,optional model,false,2,
Mutfak ve Sofra › İçecek Hazırlama › Kahve › Kahve Öğütücü,OPTIONAL,optional model,false,2,
Mutfak ve Sofra › İçecek Hazırlama › Kahve › French Press,OPTIONAL,optional model,false,2,
Mutfak ve Sofra › İçecek Hazırlama › Kahve › Moka Pot,OPTIONAL,optional model,false,2,
Mutfak ve Sofra › İçecek Hazırlama › Kahve › Kahve Demleme Ekipmanı,OPTIONAL,optional model,false,2,
Mutfak ve Sofra › İçecek Hazırlama › Çay ve Sıcak İçecek › Çay Makinesi,OPTIONAL,optional model,false,2,
Mutfak ve Sofra › İçecek Hazırlama › Çay ve Sıcak İçecek › Su Isıtıcısı,OPTIONAL,optional model,false,2,
Mutfak ve Sofra › İçecek Hazırlama › Çay ve Sıcak İçecek › Semaver,OPTIONAL,optional model,false,2,
Mutfak ve Sofra › İçecek Hazırlama › Çay ve Sıcak İçecek › Termos,OPTIONAL,optional model,false,2,
Mutfak ve Sofra › İçecek Hazırlama › Çay ve Sıcak İçecek › Mug ve Termos Bardak,OPTIONAL,optional model,false,2,
Mutfak ve Sofra › İçecek Hazırlama › Soğuk İçecek › Katı Meyve Sıkacağı,OPTIONAL,optional model,false,2,
Mutfak ve Sofra › İçecek Hazırlama › Soğuk İçecek › Narenciye Sıkacağı,OPTIONAL,optional model,false,2,
Mutfak ve Sofra › İçecek Hazırlama › Soğuk İçecek › Smoothie Blender,OPTIONAL,optional model,false,2,
Mutfak ve Sofra › İçecek Hazırlama › Soğuk İçecek › Soda Makinesi,OPTIONAL,optional model,false,2,
Mutfak ve Sofra › İçecek Hazırlama › Soğuk İçecek › Buz Makinesi,OPTIONAL,optional model,false,2,
Mutfak ve Sofra › Sofra ve Servis › Yemek Takımları › Yemek Takımı,OPTIONAL,optional model,false,2,
Mutfak ve Sofra › Sofra ve Servis › Yemek Takımları › Kahvaltı Takımı,OPTIONAL,optional model,false,2,
Mutfak ve Sofra › Sofra ve Servis › Yemek Takımları › Çatal-Kaşık-Bıçak Seti,OPTIONAL,optional model,false,2,
Mutfak ve Sofra › Sofra ve Servis › Yemek Takımları › Servis Tabağı,OPTIONAL,optional model,false,2,
Mutfak ve Sofra › Sofra ve Servis › Yemek Takımları › Salata Kasesi,OPTIONAL,optional model,false,2,
Mutfak ve Sofra › Sofra ve Servis › Bardak ve Fincan › Su Bardağı,OPTIONAL,optional model,false,2,
Mutfak ve Sofra › Sofra ve Servis › Bardak ve Fincan › Çay Bardağı,OPTIONAL,optional model,false,2,
Mutfak ve Sofra › Sofra ve Servis › Bardak ve Fincan › Kahve Fincanı,OPTIONAL,optional model,false,2,
Mutfak ve Sofra › Sofra ve Servis › Bardak ve Fincan › Kupa,OPTIONAL,optional model,false,2,
Mutfak ve Sofra › Sofra ve Servis › Bardak ve Fincan › Kadeh,OPTIONAL,optional model,false,2,
Mutfak ve Sofra › Sofra ve Servis › Bardak ve Fincan › Sürahi ve Karaf,OPTIONAL,optional model,false,2,
Mutfak ve Sofra › Sofra ve Servis › Servis Gereçleri › Tepsi,OPTIONAL,optional model,false,2,
Mutfak ve Sofra › Sofra ve Servis › Servis Gereçleri › Sunum Tahtası,OPTIONAL,optional model,false,2,
Mutfak ve Sofra › Sofra ve Servis › Servis Gereçleri › Servis Kaşığı,OPTIONAL,optional model,false,2,
Mutfak ve Sofra › Sofra ve Servis › Servis Gereçleri › Şekerlik,OPTIONAL,optional model,false,2,
Mutfak ve Sofra › Sofra ve Servis › Servis Gereçleri › Yağlık-Sirkelik,OPTIONAL,optional model,false,2,
Mutfak ve Sofra › Sofra ve Servis › Servis Gereçleri › Tuzluk-Biberlik,OPTIONAL,optional model,false,2,
Mutfak ve Sofra › Saklama ve Düzenleme › Gıda Saklama › Saklama Kabı,DISABLED,apparel/accessory style,false,3,
Mutfak ve Sofra › Saklama ve Düzenleme › Gıda Saklama › Vakumlu Saklama Kabı,DISABLED,apparel/accessory style,false,3,
Mutfak ve Sofra › Saklama ve Düzenleme › Gıda Saklama › Kavanoz,OPTIONAL,optional model,false,2,
Mutfak ve Sofra › Saklama ve Düzenleme › Gıda Saklama › Baharatlık,OPTIONAL,optional model,false,2,
Mutfak ve Sofra › Saklama ve Düzenleme › Gıda Saklama › Ekmek Kutusu,DISABLED,apparel/accessory style,false,3,
Mutfak ve Sofra › Saklama ve Düzenleme › Gıda Saklama › Buzdolabı Düzenleyici,OPTIONAL,optional model,false,2,
Mutfak ve Sofra › Saklama ve Düzenleme › Mutfak Düzenleme › Kaşıklık,OPTIONAL,optional model,false,2,
Mutfak ve Sofra › Saklama ve Düzenleme › Mutfak Düzenleme › Bulaşıklık,OPTIONAL,optional model,false,2,
Mutfak ve Sofra › Saklama ve Düzenleme › Mutfak Düzenleme › Raf Düzenleyici,OPTIONAL,optional model,false,2,
Mutfak ve Sofra › Saklama ve Düzenleme › Mutfak Düzenleme › Dolap İçi Düzenleyici,OPTIONAL,optional model,false,2,
Mutfak ve Sofra › Saklama ve Düzenleme › Mutfak Düzenleme › Poşetlik,OPTIONAL,optional model,false,2,
Mutfak ve Sofra › Saklama ve Düzenleme › Mutfak Düzenleme › Çöp Kovası,OPTIONAL,optional model,false,2,
Mutfak ve Sofra › Su Arıtma › Su Arıtma Ürünleri › Filtreli Sürahi,OPTIONAL,optional model,false,2,
Mutfak ve Sofra › Su Arıtma › Su Arıtma Ürünleri › Su Arıtma Cihazı,OPTIONAL,optional model,false,2,
Mutfak ve Sofra › Su Arıtma › Su Arıtma Ürünleri › Musluk Filtresi,OPTIONAL,optional model,false,2,
Mutfak ve Sofra › Su Arıtma › Su Arıtma Ürünleri › Yedek Filtre,OPTIONAL,optional model,false,2,
Mutfak ve Sofra › Su Arıtma › Su Arıtma Ürünleri › Su Sebili,OPTIONAL,optional model,false,2,
Mutfak ve Sofra › Su Arıtma › Su Arıtma Ürünleri › Tezgah Üstü Su Arıtıcı,OPTIONAL,optional model,false,2,
Ev ve Yaşam › Mobilya › Salon › Koltuk Takımı,OPTIONAL,optional model,false,2,
Ev ve Yaşam › Mobilya › Salon › Kanepe,OPTIONAL,optional model,false,2,
Ev ve Yaşam › Mobilya › Salon › Berjer,OPTIONAL,optional model,false,2,
Ev ve Yaşam › Mobilya › Salon › TV Ünitesi,OPTIONAL,optional model,false,2,
Ev ve Yaşam › Mobilya › Salon › Orta Sehpa,OPTIONAL,optional model,false,2,
Ev ve Yaşam › Mobilya › Salon › Yan Sehpa,OPTIONAL,optional model,false,2,
Ev ve Yaşam › Mobilya › Salon › Kitaplık,OPTIONAL,optional model,false,2,
Ev ve Yaşam › Mobilya › Salon › Konsol,OPTIONAL,optional model,false,2,
Ev ve Yaşam › Mobilya › Salon › Vitrin,OPTIONAL,optional model,false,2,
Ev ve Yaşam › Mobilya › Yatak Odası › Yatak Odası Takımı,OPTIONAL,optional model,false,2,
Ev ve Yaşam › Mobilya › Yatak Odası › Yatak,OPTIONAL,optional model,false,2,
Ev ve Yaşam › Mobilya › Yatak Odası › Baza,OPTIONAL,optional model,false,2,
Ev ve Yaşam › Mobilya › Yatak Odası › Başlık,OPTIONAL,optional model,false,2,
Ev ve Yaşam › Mobilya › Yatak Odası › Gardırop,OPTIONAL,optional model,false,2,
Ev ve Yaşam › Mobilya › Yatak Odası › Şifonyer,OPTIONAL,optional model,false,2,
Ev ve Yaşam › Mobilya › Yatak Odası › Komodin,OPTIONAL,optional model,false,2,
Ev ve Yaşam › Mobilya › Yatak Odası › Makyaj Masası,OPTIONAL,optional model,false,2,
Ev ve Yaşam › Mobilya › Yemek Odası › Yemek Masası,OPTIONAL,optional model,false,2,
Ev ve Yaşam › Mobilya › Yemek Odası › Sandalye,OPTIONAL,optional model,false,2,
Ev ve Yaşam › Mobilya › Yemek Odası › Yemek Odası Takımı,OPTIONAL,optional model,false,2,
Ev ve Yaşam › Mobilya › Yemek Odası › Bank,OPTIONAL,optional model,false,2,
Ev ve Yaşam › Mobilya › Yemek Odası › Bar Masası,OPTIONAL,optional model,false,2,
Ev ve Yaşam › Mobilya › Yemek Odası › Bar Sandalyesi,OPTIONAL,optional model,false,2,
Ev ve Yaşam › Mobilya › Çalışma Odası › Çalışma Masası,OPTIONAL,optional model,false,2,
Ev ve Yaşam › Mobilya › Çalışma Odası › Ofis Koltuğu,OPTIONAL,optional model,false,2,
Ev ve Yaşam › Mobilya › Çalışma Odası › Çalışma Koltuğu,OPTIONAL,optional model,false,2,
Ev ve Yaşam › Mobilya › Çalışma Odası › Dosya Dolabı,OPTIONAL,optional model,false,2,
Ev ve Yaşam › Mobilya › Çalışma Odası › Raf,OPTIONAL,optional model,false,2,
Ev ve Yaşam › Mobilya › Çalışma Odası › Toplantı Masası,OPTIONAL,optional model,false,2,
Ev ve Yaşam › Mobilya › Çocuk ve Genç Odası › Çocuk Odası Takımı,OPTIONAL,optional model,false,2,
Ev ve Yaşam › Mobilya › Çocuk ve Genç Odası › Genç Odası Takımı,OPTIONAL,optional model,false,2,
Ev ve Yaşam › Mobilya › Çocuk ve Genç Odası › Çocuk Yatağı,OPTIONAL,optional model,false,2,
Ev ve Yaşam › Mobilya › Çocuk ve Genç Odası › Ranza,OPTIONAL,optional model,false,2,
Ev ve Yaşam › Mobilya › Çocuk ve Genç Odası › Çalışma Masası,OPTIONAL,optional model,false,2,
Ev ve Yaşam › Mobilya › Çocuk ve Genç Odası › Oyuncak Dolabı,OPTIONAL,optional model,false,2,
Ev ve Yaşam › Mobilya › Antre ve Balkon › Portmanto,OPTIONAL,optional model,false,2,
Ev ve Yaşam › Mobilya › Antre ve Balkon › Ayakkabılık,OPTIONAL,optional model,false,2,
Ev ve Yaşam › Mobilya › Antre ve Balkon › Dresuar,OPTIONAL,optional model,false,2,
Ev ve Yaşam › Mobilya › Antre ve Balkon › Balkon Mobilyası,OPTIONAL,optional model,false,2,
Ev ve Yaşam › Mobilya › Antre ve Balkon › Bahçe Mobilyası,OPTIONAL,optional model,false,2,
Ev ve Yaşam › Ev Tekstili › Yatak Tekstili › Nevresim Takımı,OPTIONAL,optional model,false,2,
Ev ve Yaşam › Ev Tekstili › Yatak Tekstili › Çarşaf,OPTIONAL,optional model,false,2,
Ev ve Yaşam › Ev Tekstili › Yatak Tekstili › Yastık,OPTIONAL,optional model,false,2,
Ev ve Yaşam › Ev Tekstili › Yatak Tekstili › Yorgan,OPTIONAL,optional model,false,2,
Ev ve Yaşam › Ev Tekstili › Yatak Tekstili › Battaniye,OPTIONAL,optional model,false,2,
Ev ve Yaşam › Ev Tekstili › Yatak Tekstili › Alez,OPTIONAL,optional model,false,2,
Ev ve Yaşam › Ev Tekstili › Yatak Tekstili › Yatak Örtüsü,OPTIONAL,optional model,false,2,
Ev ve Yaşam › Ev Tekstili › Banyo Tekstili › Havlu,OPTIONAL,optional model,false,2,
Ev ve Yaşam › Ev Tekstili › Banyo Tekstili › Bornoz,OPTIONAL,optional model,false,2,
Ev ve Yaşam › Ev Tekstili › Banyo Tekstili › Banyo Paspası,OPTIONAL,optional model,false,2,
Ev ve Yaşam › Ev Tekstili › Banyo Tekstili › Duş Perdesi,OPTIONAL,optional model,false,2,
Ev ve Yaşam › Ev Tekstili › Salon Tekstili › Perde,OPTIONAL,optional model,false,2,
Ev ve Yaşam › Ev Tekstili › Salon Tekstili › Tül Perde,OPTIONAL,optional model,false,2,
Ev ve Yaşam › Ev Tekstili › Salon Tekstili › Fon Perde,OPTIONAL,optional model,false,2,
Ev ve Yaşam › Ev Tekstili › Salon Tekstili › Stor Perde,OPTIONAL,optional model,false,2,
Ev ve Yaşam › Ev Tekstili › Salon Tekstili › Kırlent,OPTIONAL,optional model,false,2,
Ev ve Yaşam › Ev Tekstili › Salon Tekstili › Kırlent Kılıfı,OPTIONAL,optional model,false,2,
Ev ve Yaşam › Ev Tekstili › Salon Tekstili › Koltuk Örtüsü,OPTIONAL,optional model,false,2,
Ev ve Yaşam › Ev Tekstili › Mutfak Tekstili › Masa Örtüsü,OPTIONAL,optional model,false,2,
Ev ve Yaşam › Ev Tekstili › Mutfak Tekstili › Runner,OPTIONAL,optional model,false,2,
Ev ve Yaşam › Ev Tekstili › Mutfak Tekstili › Peçete,OPTIONAL,optional model,false,2,
Ev ve Yaşam › Ev Tekstili › Mutfak Tekstili › Mutfak Havlusu,OPTIONAL,optional model,false,2,
Ev ve Yaşam › Ev Tekstili › Mutfak Tekstili › Önlük,OPTIONAL,optional model,false,2,
Ev ve Yaşam › Ev Tekstili › Mutfak Tekstili › Eldiven ve Tutacak,OPTIONAL,optional model,false,2,
Ev ve Yaşam › Dekorasyon › Duvar Dekorasyonu › Tablo,OPTIONAL,optional model,false,2,
Ev ve Yaşam › Dekorasyon › Duvar Dekorasyonu › Poster,OPTIONAL,optional model,false,2,
Ev ve Yaşam › Dekorasyon › Duvar Dekorasyonu › Duvar Saati,OPTIONAL,optional model,false,2,
Ev ve Yaşam › Dekorasyon › Duvar Dekorasyonu › Ayna,OPTIONAL,optional model,false,2,
Ev ve Yaşam › Dekorasyon › Duvar Dekorasyonu › Duvar Rafı,OPTIONAL,optional model,false,2,
Ev ve Yaşam › Dekorasyon › Duvar Dekorasyonu › Duvar Sticker,OPTIONAL,optional model,false,2,
Ev ve Yaşam › Dekorasyon › Masaüstü Dekor › Vazo,OPTIONAL,optional model,false,2,
Ev ve Yaşam › Dekorasyon › Masaüstü Dekor › Biblo,OPTIONAL,optional model,false,2,
Ev ve Yaşam › Dekorasyon › Masaüstü Dekor › Mum,OPTIONAL,optional model,false,2,
Ev ve Yaşam › Dekorasyon › Masaüstü Dekor › Mumluk,OPTIONAL,optional model,false,2,
Ev ve Yaşam › Dekorasyon › Masaüstü Dekor › Dekoratif Kutu,DISABLED,apparel/accessory style,false,3,
Ev ve Yaşam › Dekorasyon › Masaüstü Dekor › Fotoğraf Çerçevesi,OPTIONAL,optional model,false,2,
Ev ve Yaşam › Dekorasyon › Halı ve Zemin › Halı,OPTIONAL,optional model,false,2,
Ev ve Yaşam › Dekorasyon › Halı ve Zemin › Yolluk,OPTIONAL,optional model,false,2,
Ev ve Yaşam › Dekorasyon › Halı ve Zemin › Kilim,OPTIONAL,optional model,false,2,
Ev ve Yaşam › Dekorasyon › Halı ve Zemin › Paspas,OPTIONAL,optional model,false,2,
Ev ve Yaşam › Dekorasyon › Halı ve Zemin › PVC Zemin,OPTIONAL,optional model,false,2,
Ev ve Yaşam › Dekorasyon › Halı ve Zemin › Yer Minderi,OPTIONAL,optional model,false,2,
Ev ve Yaşam › Aydınlatma › İç Mekan › Avize,OPTIONAL,optional model,false,2,
Ev ve Yaşam › Aydınlatma › İç Mekan › Sarkıt,OPTIONAL,optional model,false,2,
Ev ve Yaşam › Aydınlatma › İç Mekan › Plafonyer,OPTIONAL,optional model,false,2,
Ev ve Yaşam › Aydınlatma › İç Mekan › Aplik,OPTIONAL,optional model,false,2,
Ev ve Yaşam › Aydınlatma › İç Mekan › Lambader,OPTIONAL,optional model,false,2,
Ev ve Yaşam › Aydınlatma › İç Mekan › Abajur,OPTIONAL,optional model,false,2,
Ev ve Yaşam › Aydınlatma › İç Mekan › Masa Lambası,OPTIONAL,optional model,false,2,
Ev ve Yaşam › Aydınlatma › İç Mekan › Gece Lambası,OPTIONAL,optional model,false,2,
Ev ve Yaşam › Aydınlatma › Dış Mekan › Bahçe Aydınlatması,OPTIONAL,optional model,false,2,
Ev ve Yaşam › Aydınlatma › Dış Mekan › Solar Aydınlatma,OPTIONAL,optional model,false,2,
Ev ve Yaşam › Aydınlatma › Dış Mekan › Projektör,OPTIONAL,optional model,false,2,
Ev ve Yaşam › Aydınlatma › Dış Mekan › Sensörlü Aydınlatma,OPTIONAL,optional model,false,2,
Ev ve Yaşam › Aydınlatma › Ampul ve Ekipman › LED Ampul,OPTIONAL,optional model,false,2,
Ev ve Yaşam › Aydınlatma › Ampul ve Ekipman › Akıllı Ampul,OPTIONAL,optional model,false,2,
Ev ve Yaşam › Aydınlatma › Ampul ve Ekipman › Floresan,OPTIONAL,optional model,false,2,
Ev ve Yaşam › Aydınlatma › Ampul ve Ekipman › Şerit LED,OPTIONAL,optional model,false,2,
Ev ve Yaşam › Aydınlatma › Ampul ve Ekipman › LED Profil,OPTIONAL,optional model,false,2,
Ev ve Yaşam › Aydınlatma › Ampul ve Ekipman › Duy ve Soket,OPTIONAL,optional model,false,2,
Ev ve Yaşam › Temizlik ve Düzen › Temizlik Ürünleri › Mop,OPTIONAL,optional model,false,2,
Ev ve Yaşam › Temizlik ve Düzen › Temizlik Ürünleri › Kova,OPTIONAL,optional model,false,2,
Ev ve Yaşam › Temizlik ve Düzen › Temizlik Ürünleri › Faraş ve Süpürge,OPTIONAL,optional model,false,2,
Ev ve Yaşam › Temizlik ve Düzen › Temizlik Ürünleri › Cam Sileceği,OPTIONAL,optional model,false,2,
Ev ve Yaşam › Temizlik ve Düzen › Temizlik Ürünleri › Temizlik Bezi,OPTIONAL,optional model,false,2,
Ev ve Yaşam › Temizlik ve Düzen › Temizlik Ürünleri › Fırça,OPTIONAL,optional model,false,2,
Ev ve Yaşam › Temizlik ve Düzen › Temizlik Ürünleri › Çamaşır Sepeti,OPTIONAL,optional model,false,2,
Ev ve Yaşam › Temizlik ve Düzen › Düzenleyiciler › Hurç,OPTIONAL,optional model,false,2,
Ev ve Yaşam › Temizlik ve Düzen › Düzenleyiciler › Vakumlu Poşet,OPTIONAL,optional model,false,2,
Ev ve Yaşam › Temizlik ve Düzen › Düzenleyiciler › Askı,DISABLED,apparel/accessory style,false,3,
Ev ve Yaşam › Temizlik ve Düzen › Düzenleyiciler › Ayakkabı Organizeri,OPTIONAL,optional model,false,2,
Ev ve Yaşam › Temizlik ve Düzen › Düzenleyiciler › Çekmece Düzenleyici,OPTIONAL,optional model,false,2,
Ev ve Yaşam › Temizlik ve Düzen › Düzenleyiciler › Kutu ve Sepet,DISABLED,apparel/accessory style,false,3,
Moda › Kadın › Üst Giyim › Tişört,OPTIONAL,optional model,false,2,
Moda › Kadın › Üst Giyim › Gömlek,OPTIONAL,optional model,false,2,
Moda › Kadın › Üst Giyim › Bluz,OPTIONAL,optional model,false,2,
Moda › Kadın › Üst Giyim › Sweatshirt,OPTIONAL,optional model,false,2,
Moda › Kadın › Üst Giyim › Kazak,OPTIONAL,optional model,false,2,
Moda › Kadın › Üst Giyim › Hırka,OPTIONAL,optional model,false,2,
Moda › Kadın › Üst Giyim › Tunik,OPTIONAL,optional model,false,2,
Moda › Kadın › Üst Giyim › Crop Top,OPTIONAL,optional model,false,2,
Moda › Kadın › Alt Giyim › Pantolon,OPTIONAL,optional model,false,2,
Moda › Kadın › Alt Giyim › Jean,OPTIONAL,optional model,false,2,
Moda › Kadın › Alt Giyim › Etek,OPTIONAL,optional model,false,2,
Moda › Kadın › Alt Giyim › Şort,OPTIONAL,optional model,false,2,
Moda › Kadın › Alt Giyim › Tayt,OPTIONAL,optional model,false,2,
Moda › Kadın › Elbise ve Tulum › Günlük Elbise,OPTIONAL,optional model,false,2,
Moda › Kadın › Elbise ve Tulum › Abiye Elbise,OPTIONAL,optional model,false,2,
Moda › Kadın › Elbise ve Tulum › Tulum,OPTIONAL,optional model,false,2,
Moda › Kadın › Elbise ve Tulum › Salopet,OPTIONAL,optional model,false,2,
Moda › Kadın › Dış Giyim › Mont,OPTIONAL,optional model,false,2,
Moda › Kadın › Dış Giyim › Kaban,OPTIONAL,optional model,false,2,
Moda › Kadın › Dış Giyim › Trençkot,OPTIONAL,optional model,false,2,
Moda › Kadın › Dış Giyim › Ceket,OPTIONAL,optional model,false,2,
Moda › Kadın › Dış Giyim › Yelek,OPTIONAL,optional model,false,2,
Moda › Kadın › Dış Giyim › Yağmurluk,OPTIONAL,optional model,false,2,
Moda › Kadın › İç Giyim › Sütyen,OPTIONAL,optional model,false,2,
Moda › Kadın › İç Giyim › Külot,OPTIONAL,optional model,false,2,
Moda › Kadın › İç Giyim › Atlet,OPTIONAL,optional model,false,2,
Moda › Kadın › İç Giyim › Body,OPTIONAL,optional model,false,2,
Moda › Kadın › İç Giyim › Gecelik,OPTIONAL,optional model,false,2,
Moda › Kadın › İç Giyim › Pijama,OPTIONAL,optional model,false,2,
Moda › Kadın › İç Giyim › Sabahlık,OPTIONAL,optional model,false,2,
Moda › Kadın › Tesettür › Ferace,OPTIONAL,optional model,false,2,
Moda › Kadın › Tesettür › Kap,OPTIONAL,optional model,false,2,
Moda › Kadın › Tesettür › Tesettür Elbise,OPTIONAL,optional model,false,2,
Moda › Kadın › Tesettür › Şal,OPTIONAL,optional model,false,2,
Moda › Kadın › Tesettür › Eşarp,OPTIONAL,optional model,false,2,
Moda › Erkek › Üst Giyim › Tişört,OPTIONAL,optional model,false,2,
Moda › Erkek › Üst Giyim › Polo Yaka Tişört,OPTIONAL,optional model,false,2,
Moda › Erkek › Üst Giyim › Gömlek,OPTIONAL,optional model,false,2,
Moda › Erkek › Üst Giyim › Sweatshirt,OPTIONAL,optional model,false,2,
Moda › Erkek › Üst Giyim › Kazak,OPTIONAL,optional model,false,2,
Moda › Erkek › Üst Giyim › Hırka,OPTIONAL,optional model,false,2,
Moda › Erkek › Alt Giyim › Pantolon,OPTIONAL,optional model,false,2,
Moda › Erkek › Alt Giyim › Jean,OPTIONAL,optional model,false,2,
Moda › Erkek › Alt Giyim › Şort,OPTIONAL,optional model,false,2,
Moda › Erkek › Alt Giyim › Eşofman Altı,OPTIONAL,optional model,false,2,
Moda › Erkek › Takım ve Dış Giyim › Takım Elbise,OPTIONAL,optional model,false,2,
Moda › Erkek › Takım ve Dış Giyim › Ceket,OPTIONAL,optional model,false,2,
Moda › Erkek › Takım ve Dış Giyim › Mont,OPTIONAL,optional model,false,2,
Moda › Erkek › Takım ve Dış Giyim › Kaban,OPTIONAL,optional model,false,2,
Moda › Erkek › Takım ve Dış Giyim › Yelek,OPTIONAL,optional model,false,2,
Moda › Erkek › Takım ve Dış Giyim › Yağmurluk,OPTIONAL,optional model,false,2,
Moda › Erkek › İç Giyim › Boxer,OPTIONAL,optional model,false,2,
Moda › Erkek › İç Giyim › Atlet,OPTIONAL,optional model,false,2,
Moda › Erkek › İç Giyim › Fanila,OPTIONAL,optional model,false,2,
Moda › Erkek › İç Giyim › Pijama,OPTIONAL,optional model,false,2,
Moda › Erkek › İç Giyim › Çorap,OPTIONAL,optional model,false,2,
Moda › Ayakkabı › Kadın Ayakkabı › Sneaker,OPTIONAL,optional model,false,2,
Moda › Ayakkabı › Kadın Ayakkabı › Topuklu Ayakkabı,OPTIONAL,optional model,false,2,
Moda › Ayakkabı › Kadın Ayakkabı › Babet,OPTIONAL,optional model,false,2,
Moda › Ayakkabı › Kadın Ayakkabı › Sandalet,OPTIONAL,optional model,false,2,
Moda › Ayakkabı › Kadın Ayakkabı › Bot,OPTIONAL,optional model,false,2,
Moda › Ayakkabı › Kadın Ayakkabı › Çizme,OPTIONAL,optional model,false,2,
Moda › Ayakkabı › Kadın Ayakkabı › Terlik,OPTIONAL,optional model,false,2,
Moda › Ayakkabı › Erkek Ayakkabı › Sneaker,OPTIONAL,optional model,false,2,
Moda › Ayakkabı › Erkek Ayakkabı › Klasik Ayakkabı,OPTIONAL,optional model,false,2,
Moda › Ayakkabı › Erkek Ayakkabı › Loafer,OPTIONAL,optional model,false,2,
Moda › Ayakkabı › Erkek Ayakkabı › Bot,OPTIONAL,optional model,false,2,
Moda › Ayakkabı › Erkek Ayakkabı › Sandalet,OPTIONAL,optional model,false,2,
Moda › Ayakkabı › Erkek Ayakkabı › Terlik,OPTIONAL,optional model,false,2,
Moda › Ayakkabı › Spor Ayakkabı › Koşu Ayakkabısı,OPTIONAL,optional model,false,2,
Moda › Ayakkabı › Spor Ayakkabı › Yürüyüş Ayakkabısı,OPTIONAL,optional model,false,2,
Moda › Ayakkabı › Spor Ayakkabı › Basketbol Ayakkabısı,OPTIONAL,optional model,false,2,
Moda › Ayakkabı › Spor Ayakkabı › Futbol Ayakkabısı,OPTIONAL,optional model,false,2,
Moda › Ayakkabı › Spor Ayakkabı › Outdoor Ayakkabı,OPTIONAL,optional model,false,2,
Moda › Çanta ve Aksesuar › Çanta › Omuz Çantası,OPTIONAL,optional model,false,2,
Moda › Çanta ve Aksesuar › Çanta › El Çantası,OPTIONAL,optional model,false,2,
Moda › Çanta ve Aksesuar › Çanta › Sırt Çantası,OPTIONAL,optional model,false,2,
Moda › Çanta ve Aksesuar › Çanta › Bel Çantası,OPTIONAL,optional model,false,2,
Moda › Çanta ve Aksesuar › Çanta › Laptop Çantası,REQUIRED,identifiable commercial model,true,1,
Moda › Çanta ve Aksesuar › Çanta › Valiz,OPTIONAL,optional model,false,2,
Moda › Çanta ve Aksesuar › Çanta › Cüzdan,OPTIONAL,optional model,false,2,
Moda › Çanta ve Aksesuar › Çanta › Kartlık,OPTIONAL,optional model,false,2,
Moda › Çanta ve Aksesuar › Aksesuar › Kemer,OPTIONAL,optional model,false,2,
Moda › Çanta ve Aksesuar › Aksesuar › Şapka,OPTIONAL,optional model,false,2,
Moda › Çanta ve Aksesuar › Aksesuar › Bere,OPTIONAL,optional model,false,2,
Moda › Çanta ve Aksesuar › Aksesuar › Atkı,OPTIONAL,optional model,false,2,
Moda › Çanta ve Aksesuar › Aksesuar › Eldiven,OPTIONAL,optional model,false,2,
Moda › Çanta ve Aksesuar › Aksesuar › Güneş Gözlüğü,OPTIONAL,optional model,false,2,
Moda › Çanta ve Aksesuar › Aksesuar › Şemsiye,OPTIONAL,optional model,false,2,
Moda › Çanta ve Aksesuar › Takı › Kolye,OPTIONAL,optional model,false,2,
Moda › Çanta ve Aksesuar › Takı › Bileklik,OPTIONAL,optional model,false,2,
Moda › Çanta ve Aksesuar › Takı › Küpe,OPTIONAL,optional model,false,2,
Moda › Çanta ve Aksesuar › Takı › Yüzük,OPTIONAL,optional model,false,2,
Moda › Çanta ve Aksesuar › Takı › Halhal,OPTIONAL,optional model,false,2,
Moda › Çanta ve Aksesuar › Takı › Broş,OPTIONAL,optional model,false,2,
"Anne, Bebek ve Çocuk › Bebek Arabası ve Taşıma › Bebek Arabası › Travel Sistem Bebek Arabası",OPTIONAL,optional model,false,2,
"Anne, Bebek ve Çocuk › Bebek Arabası ve Taşıma › Bebek Arabası › Baston Bebek Arabası",OPTIONAL,optional model,false,2,
"Anne, Bebek ve Çocuk › Bebek Arabası ve Taşıma › Bebek Arabası › İkiz Bebek Arabası",OPTIONAL,optional model,false,2,
"Anne, Bebek ve Çocuk › Bebek Arabası ve Taşıma › Bebek Arabası › Jogger Bebek Arabası",OPTIONAL,optional model,false,2,
"Anne, Bebek ve Çocuk › Bebek Arabası ve Taşıma › Taşıma › Ana Kucağı",OPTIONAL,optional model,false,2,
"Anne, Bebek ve Çocuk › Bebek Arabası ve Taşıma › Taşıma › Puset",OPTIONAL,optional model,false,2,
"Anne, Bebek ve Çocuk › Bebek Arabası ve Taşıma › Taşıma › Kanguru",OPTIONAL,optional model,false,2,
"Anne, Bebek ve Çocuk › Bebek Arabası ve Taşıma › Taşıma › Sling",OPTIONAL,optional model,false,2,
"Anne, Bebek ve Çocuk › Bebek Arabası ve Taşıma › Taşıma › Portbebe",OPTIONAL,optional model,false,2,
"Anne, Bebek ve Çocuk › Bebek Odası › Mobilya › Bebek Beşiği",OPTIONAL,optional model,false,2,
"Anne, Bebek ve Çocuk › Bebek Odası › Mobilya › Bebek Karyolası",OPTIONAL,optional model,false,2,
"Anne, Bebek ve Çocuk › Bebek Odası › Mobilya › Bebek Yatağı",OPTIONAL,optional model,false,2,
"Anne, Bebek ve Çocuk › Bebek Odası › Mobilya › Alt Açma Ünitesi",OPTIONAL,optional model,false,2,
"Anne, Bebek ve Çocuk › Bebek Odası › Mobilya › Bebek Dolabı",OPTIONAL,optional model,false,2,
"Anne, Bebek ve Çocuk › Bebek Odası › Tekstil › Bebek Nevresimi",OPTIONAL,optional model,false,2,
"Anne, Bebek ve Çocuk › Bebek Odası › Tekstil › Uyku Tulumu",OPTIONAL,optional model,false,2,
"Anne, Bebek ve Çocuk › Bebek Odası › Tekstil › Bebek Battaniyesi",OPTIONAL,optional model,false,2,
"Anne, Bebek ve Çocuk › Bebek Odası › Tekstil › Bebek Yastığı",OPTIONAL,optional model,false,2,
"Anne, Bebek ve Çocuk › Bebek Odası › Tekstil › Cibinlik",OPTIONAL,optional model,false,2,
"Anne, Bebek ve Çocuk › Beslenme › Emzirme › Göğüs Pompası",OPTIONAL,optional model,false,2,
"Anne, Bebek ve Çocuk › Beslenme › Emzirme › Emzirme Yastığı",OPTIONAL,optional model,false,2,
"Anne, Bebek ve Çocuk › Beslenme › Emzirme › Süt Saklama Poşeti",DISABLED,apparel/accessory style,false,3,
"Anne, Bebek ve Çocuk › Beslenme › Emzirme › Göğüs Pedi",OPTIONAL,optional model,false,2,
"Anne, Bebek ve Çocuk › Beslenme › Biberon ve Mama › Biberon",OPTIONAL,optional model,false,2,
"Anne, Bebek ve Çocuk › Beslenme › Biberon ve Mama › Emzik",OPTIONAL,optional model,false,2,
"Anne, Bebek ve Çocuk › Beslenme › Biberon ve Mama › Biberon Isıtıcı",OPTIONAL,optional model,false,2,
"Anne, Bebek ve Çocuk › Beslenme › Biberon ve Mama › Sterilizatör",OPTIONAL,optional model,false,2,
"Anne, Bebek ve Çocuk › Beslenme › Biberon ve Mama › Mama Sandalyesi",OPTIONAL,optional model,false,2,
"Anne, Bebek ve Çocuk › Beslenme › Biberon ve Mama › Mama Seti",OPTIONAL,optional model,false,2,
"Anne, Bebek ve Çocuk › Bakım ve Güvenlik › Bakım › Bebek Bezi",OPTIONAL,optional model,false,2,
"Anne, Bebek ve Çocuk › Bakım ve Güvenlik › Bakım › Islak Mendil",OPTIONAL,optional model,false,2,
"Anne, Bebek ve Çocuk › Bakım ve Güvenlik › Bakım › Bebek Şampuanı",OPTIONAL,optional model,false,2,
"Anne, Bebek ve Çocuk › Bakım ve Güvenlik › Bakım › Bebek Yağı",OPTIONAL,optional model,false,2,
"Anne, Bebek ve Çocuk › Bakım ve Güvenlik › Bakım › Pişik Kremi",OPTIONAL,optional model,false,2,
"Anne, Bebek ve Çocuk › Bakım ve Güvenlik › Bakım › Bebek Küveti",OPTIONAL,optional model,false,2,
"Anne, Bebek ve Çocuk › Bakım ve Güvenlik › Güvenlik › Bebek Kamerası",OPTIONAL,optional model,false,2,
"Anne, Bebek ve Çocuk › Bakım ve Güvenlik › Güvenlik › Telsiz",OPTIONAL,optional model,false,2,
"Anne, Bebek ve Çocuk › Bakım ve Güvenlik › Güvenlik › Güvenlik Kapısı",OPTIONAL,optional model,false,2,
"Anne, Bebek ve Çocuk › Bakım ve Güvenlik › Güvenlik › Priz Koruyucu",OPTIONAL,optional model,false,2,
"Anne, Bebek ve Çocuk › Bakım ve Güvenlik › Güvenlik › Köşe Koruyucu",OPTIONAL,optional model,false,2,
"Anne, Bebek ve Çocuk › Çocuk Giyim › Kız Çocuk › Tişört",OPTIONAL,optional model,false,2,
"Anne, Bebek ve Çocuk › Çocuk Giyim › Kız Çocuk › Elbise",OPTIONAL,optional model,false,2,
"Anne, Bebek ve Çocuk › Çocuk Giyim › Kız Çocuk › Pantolon",OPTIONAL,optional model,false,2,
"Anne, Bebek ve Çocuk › Çocuk Giyim › Kız Çocuk › Etek",OPTIONAL,optional model,false,2,
"Anne, Bebek ve Çocuk › Çocuk Giyim › Kız Çocuk › Mont",OPTIONAL,optional model,false,2,
"Anne, Bebek ve Çocuk › Çocuk Giyim › Kız Çocuk › Pijama",OPTIONAL,optional model,false,2,
"Anne, Bebek ve Çocuk › Çocuk Giyim › Kız Çocuk › İç Giyim",OPTIONAL,optional model,false,2,
"Anne, Bebek ve Çocuk › Çocuk Giyim › Erkek Çocuk › Tişört",OPTIONAL,optional model,false,2,
"Anne, Bebek ve Çocuk › Çocuk Giyim › Erkek Çocuk › Gömlek",OPTIONAL,optional model,false,2,
"Anne, Bebek ve Çocuk › Çocuk Giyim › Erkek Çocuk › Pantolon",OPTIONAL,optional model,false,2,
"Anne, Bebek ve Çocuk › Çocuk Giyim › Erkek Çocuk › Şort",OPTIONAL,optional model,false,2,
"Anne, Bebek ve Çocuk › Çocuk Giyim › Erkek Çocuk › Mont",OPTIONAL,optional model,false,2,
"Anne, Bebek ve Çocuk › Çocuk Giyim › Erkek Çocuk › Pijama",OPTIONAL,optional model,false,2,
"Anne, Bebek ve Çocuk › Çocuk Giyim › Erkek Çocuk › İç Giyim",OPTIONAL,optional model,false,2,
"Anne, Bebek ve Çocuk › Çocuk Giyim › Bebek Giyim › Body",OPTIONAL,optional model,false,2,
"Anne, Bebek ve Çocuk › Çocuk Giyim › Bebek Giyim › Zıbın",OPTIONAL,optional model,false,2,
"Anne, Bebek ve Çocuk › Çocuk Giyim › Bebek Giyim › Tulum",OPTIONAL,optional model,false,2,
"Anne, Bebek ve Çocuk › Çocuk Giyim › Bebek Giyim › Hastane Çıkışı",OPTIONAL,optional model,false,2,
"Anne, Bebek ve Çocuk › Çocuk Giyim › Bebek Giyim › Bebek Takımı",OPTIONAL,optional model,false,2,
"Anne, Bebek ve Çocuk › Çocuk Giyim › Bebek Giyim › Bebek Çorabı",OPTIONAL,optional model,false,2,
"Anne, Bebek ve Çocuk › Oyuncak › Eğitici Oyuncak › Ahşap Oyuncak",OPTIONAL,optional model,false,2,
"Anne, Bebek ve Çocuk › Oyuncak › Eğitici Oyuncak › STEM Oyuncak",OPTIONAL,optional model,false,2,
"Anne, Bebek ve Çocuk › Oyuncak › Eğitici Oyuncak › Aktivite Oyuncağı",OPTIONAL,optional model,false,2,
"Anne, Bebek ve Çocuk › Oyuncak › Eğitici Oyuncak › Montessori Oyuncak",OPTIONAL,optional model,false,2,
"Anne, Bebek ve Çocuk › Oyuncak › Rol Oyunları › Oyuncak Mutfak",OPTIONAL,optional model,false,2,
"Anne, Bebek ve Çocuk › Oyuncak › Rol Oyunları › Doktor Seti",OPTIONAL,optional model,false,2,
"Anne, Bebek ve Çocuk › Oyuncak › Rol Oyunları › Tamir Seti",OPTIONAL,optional model,false,2,
"Anne, Bebek ve Çocuk › Oyuncak › Rol Oyunları › Bebek ve Aksesuarı",OPTIONAL,optional model,false,2,
"Anne, Bebek ve Çocuk › Oyuncak › Araç ve Figür › Oyuncak Araba",OPTIONAL,optional model,false,2,
"Anne, Bebek ve Çocuk › Oyuncak › Araç ve Figür › Uzaktan Kumandalı Araç",OPTIONAL,optional model,false,2,
"Anne, Bebek ve Çocuk › Oyuncak › Araç ve Figür › Aksiyon Figürü",OPTIONAL,optional model,false,2,
"Anne, Bebek ve Çocuk › Oyuncak › Araç ve Figür › Oyun Seti",OPTIONAL,optional model,false,2,
"Anne, Bebek ve Çocuk › Oyuncak › Açık Hava › Scooter",OPTIONAL,optional model,false,2,
"Anne, Bebek ve Çocuk › Oyuncak › Açık Hava › Akülü Araba",OPTIONAL,optional model,false,2,
"Anne, Bebek ve Çocuk › Oyuncak › Açık Hava › Çocuk Bisikleti",OPTIONAL,optional model,false,2,
"Anne, Bebek ve Çocuk › Oyuncak › Açık Hava › Trambolin",OPTIONAL,optional model,false,2,
"Anne, Bebek ve Çocuk › Oyuncak › Açık Hava › Şişme Havuz",OPTIONAL,optional model,false,2,
Kozmetik ve Kişisel Bakım › Cilt Bakımı › Yüz Bakımı › Yüz Temizleme Jeli,OPTIONAL,optional model,false,2,
Kozmetik ve Kişisel Bakım › Cilt Bakımı › Yüz Bakımı › Tonik,OPTIONAL,optional model,false,2,
Kozmetik ve Kişisel Bakım › Cilt Bakımı › Yüz Bakımı › Serum,OPTIONAL,optional model,false,2,
Kozmetik ve Kişisel Bakım › Cilt Bakımı › Yüz Bakımı › Nemlendirici,OPTIONAL,optional model,false,2,
Kozmetik ve Kişisel Bakım › Cilt Bakımı › Yüz Bakımı › Göz Kremi,OPTIONAL,optional model,false,2,
Kozmetik ve Kişisel Bakım › Cilt Bakımı › Yüz Bakımı › Peeling,OPTIONAL,optional model,false,2,
Kozmetik ve Kişisel Bakım › Cilt Bakımı › Yüz Bakımı › Yüz Maskesi,OPTIONAL,optional model,false,2,
Kozmetik ve Kişisel Bakım › Cilt Bakımı › Yüz Bakımı › Güneş Kremi,OPTIONAL,optional model,false,2,
Kozmetik ve Kişisel Bakım › Cilt Bakımı › Vücut Bakımı › Vücut Losyonu,OPTIONAL,optional model,false,2,
Kozmetik ve Kişisel Bakım › Cilt Bakımı › Vücut Bakımı › Vücut Peelingi,OPTIONAL,optional model,false,2,
Kozmetik ve Kişisel Bakım › Cilt Bakımı › Vücut Bakımı › El Kremi,OPTIONAL,optional model,false,2,
Kozmetik ve Kişisel Bakım › Cilt Bakımı › Vücut Bakımı › Ayak Bakımı,OPTIONAL,optional model,false,2,
Kozmetik ve Kişisel Bakım › Cilt Bakımı › Vücut Bakımı › Selülit Ürünü,OPTIONAL,optional model,false,2,
Kozmetik ve Kişisel Bakım › Saç Bakımı › Saç Ürünleri › Şampuan,OPTIONAL,optional model,false,2,
Kozmetik ve Kişisel Bakım › Saç Bakımı › Saç Ürünleri › Saç Kremi,OPTIONAL,optional model,false,2,
Kozmetik ve Kişisel Bakım › Saç Bakımı › Saç Ürünleri › Saç Maskesi,OPTIONAL,optional model,false,2,
Kozmetik ve Kişisel Bakım › Saç Bakımı › Saç Ürünleri › Saç Serumu,OPTIONAL,optional model,false,2,
Kozmetik ve Kişisel Bakım › Saç Bakımı › Saç Ürünleri › Saç Yağı,OPTIONAL,optional model,false,2,
Kozmetik ve Kişisel Bakım › Saç Bakımı › Saç Ürünleri › Saç Boyası,OPTIONAL,optional model,false,2,
Kozmetik ve Kişisel Bakım › Saç Bakımı › Saç Ürünleri › Şekillendirici,OPTIONAL,optional model,false,2,
Kozmetik ve Kişisel Bakım › Saç Bakımı › Saç Şekillendirme Cihazları › Saç Kurutma Makinesi,OPTIONAL,optional model,false,2,
Kozmetik ve Kişisel Bakım › Saç Bakımı › Saç Şekillendirme Cihazları › Saç Düzleştirici,OPTIONAL,optional model,false,2,
Kozmetik ve Kişisel Bakım › Saç Bakımı › Saç Şekillendirme Cihazları › Saç Maşası,OPTIONAL,optional model,false,2,
Kozmetik ve Kişisel Bakım › Saç Bakımı › Saç Şekillendirme Cihazları › Saç Şekillendirme Seti,OPTIONAL,optional model,false,2,
Kozmetik ve Kişisel Bakım › Saç Bakımı › Saç Şekillendirme Cihazları › Elektrikli Saç Fırçası,OPTIONAL,optional model,false,2,
Kozmetik ve Kişisel Bakım › Makyaj › Ten Makyajı › Fondöten,OPTIONAL,optional model,false,2,
Kozmetik ve Kişisel Bakım › Makyaj › Ten Makyajı › BB-CC Krem,OPTIONAL,optional model,false,2,
Kozmetik ve Kişisel Bakım › Makyaj › Ten Makyajı › Kapatıcı,OPTIONAL,optional model,false,2,
Kozmetik ve Kişisel Bakım › Makyaj › Ten Makyajı › Pudra,OPTIONAL,optional model,false,2,
Kozmetik ve Kişisel Bakım › Makyaj › Ten Makyajı › Allık,OPTIONAL,optional model,false,2,
Kozmetik ve Kişisel Bakım › Makyaj › Ten Makyajı › Bronzer,OPTIONAL,optional model,false,2,
Kozmetik ve Kişisel Bakım › Makyaj › Ten Makyajı › Aydınlatıcı,OPTIONAL,optional model,false,2,
Kozmetik ve Kişisel Bakım › Makyaj › Göz Makyajı › Maskara,OPTIONAL,optional model,false,2,
Kozmetik ve Kişisel Bakım › Makyaj › Göz Makyajı › Eyeliner,OPTIONAL,optional model,false,2,
Kozmetik ve Kişisel Bakım › Makyaj › Göz Makyajı › Göz Kalemi,OPTIONAL,optional model,false,2,
Kozmetik ve Kişisel Bakım › Makyaj › Göz Makyajı › Far,OPTIONAL,optional model,false,2,
Kozmetik ve Kişisel Bakım › Makyaj › Göz Makyajı › Kaş Ürünü,OPTIONAL,optional model,false,2,
Kozmetik ve Kişisel Bakım › Makyaj › Göz Makyajı › Takma Kirpik,OPTIONAL,optional model,false,2,
Kozmetik ve Kişisel Bakım › Makyaj › Dudak › Ruj,OPTIONAL,optional model,false,2,
Kozmetik ve Kişisel Bakım › Makyaj › Dudak › Dudak Parlatıcısı,OPTIONAL,optional model,false,2,
Kozmetik ve Kişisel Bakım › Makyaj › Dudak › Dudak Kalemi,OPTIONAL,optional model,false,2,
Kozmetik ve Kişisel Bakım › Makyaj › Dudak › Dudak Balmı,OPTIONAL,optional model,false,2,
Kozmetik ve Kişisel Bakım › Makyaj › Makyaj Aksesuarı › Makyaj Fırçası,OPTIONAL,optional model,false,2,
Kozmetik ve Kişisel Bakım › Makyaj › Makyaj Aksesuarı › Makyaj Süngeri,OPTIONAL,optional model,false,2,
Kozmetik ve Kişisel Bakım › Makyaj › Makyaj Aksesuarı › Makyaj Aynası,OPTIONAL,optional model,false,2,
Kozmetik ve Kişisel Bakım › Makyaj › Makyaj Aksesuarı › Makyaj Çantası,OPTIONAL,optional model,false,2,
Kozmetik ve Kişisel Bakım › Parfüm ve Deodorant › Parfüm › Kadın Parfümü,OPTIONAL,optional model,false,2,
Kozmetik ve Kişisel Bakım › Parfüm ve Deodorant › Parfüm › Erkek Parfümü,OPTIONAL,optional model,false,2,
Kozmetik ve Kişisel Bakım › Parfüm ve Deodorant › Parfüm › Unisex Parfüm,OPTIONAL,optional model,false,2,
Kozmetik ve Kişisel Bakım › Parfüm ve Deodorant › Parfüm › Çocuk Parfümü,OPTIONAL,optional model,false,2,
Kozmetik ve Kişisel Bakım › Parfüm ve Deodorant › Parfüm › Vücut Spreyi,OPTIONAL,optional model,false,2,
Kozmetik ve Kişisel Bakım › Parfüm ve Deodorant › Deodorant › Roll-On,OPTIONAL,optional model,false,2,
Kozmetik ve Kişisel Bakım › Parfüm ve Deodorant › Deodorant › Sprey Deodorant,OPTIONAL,optional model,false,2,
Kozmetik ve Kişisel Bakım › Parfüm ve Deodorant › Deodorant › Stick Deodorant,OPTIONAL,optional model,false,2,
Kozmetik ve Kişisel Bakım › Kişisel Bakım Cihazları › Tıraş › Tıraş Makinesi,OPTIONAL,optional model,false,2,
Kozmetik ve Kişisel Bakım › Kişisel Bakım Cihazları › Tıraş › Sakal Şekillendirici,OPTIONAL,optional model,false,2,
Kozmetik ve Kişisel Bakım › Kişisel Bakım Cihazları › Tıraş › Burun-Kulak Kılı Kesici,OPTIONAL,optional model,false,2,
Kozmetik ve Kişisel Bakım › Kişisel Bakım Cihazları › Tıraş › Tıraş Bıçağı,OPTIONAL,optional model,false,2,
Kozmetik ve Kişisel Bakım › Kişisel Bakım Cihazları › Ağız Bakımı › Elektrikli Diş Fırçası,OPTIONAL,optional model,false,2,
Kozmetik ve Kişisel Bakım › Kişisel Bakım Cihazları › Ağız Bakımı › Ağız Duşu,OPTIONAL,optional model,false,2,
Kozmetik ve Kişisel Bakım › Kişisel Bakım Cihazları › Ağız Bakımı › Diş Beyazlatma Cihazı,OPTIONAL,optional model,false,2,
Kozmetik ve Kişisel Bakım › Kişisel Bakım Cihazları › Epilasyon › Epilatör,OPTIONAL,optional model,false,2,
Kozmetik ve Kişisel Bakım › Kişisel Bakım Cihazları › Epilasyon › IPL Lazer Epilasyon,OPTIONAL,optional model,false,2,
Kozmetik ve Kişisel Bakım › Kişisel Bakım Cihazları › Epilasyon › Kadın Tıraş Makinesi,OPTIONAL,optional model,false,2,
Kozmetik ve Kişisel Bakım › Kişisel Bakım Cihazları › Masaj ve Sağlık › Masaj Aleti,OPTIONAL,optional model,false,2,
Kozmetik ve Kişisel Bakım › Kişisel Bakım Cihazları › Masaj ve Sağlık › Tartı,OPTIONAL,optional model,false,2,
Kozmetik ve Kişisel Bakım › Kişisel Bakım Cihazları › Masaj ve Sağlık › Tansiyon Aleti,OPTIONAL,optional model,false,2,
Kozmetik ve Kişisel Bakım › Kişisel Bakım Cihazları › Masaj ve Sağlık › Ateş Ölçer,OPTIONAL,optional model,false,2,
Kozmetik ve Kişisel Bakım › Kişisel Bakım Cihazları › Masaj ve Sağlık › Nebulizatör,OPTIONAL,optional model,false,2,
Spor ve Outdoor › Fitness › Kardiyo › Koşu Bandı,OPTIONAL,optional model,false,2,
Spor ve Outdoor › Fitness › Kardiyo › Eliptik Bisiklet,OPTIONAL,optional model,false,2,
Spor ve Outdoor › Fitness › Kardiyo › Kondisyon Bisikleti,OPTIONAL,optional model,false,2,
Spor ve Outdoor › Fitness › Kardiyo › Kürek Aleti,OPTIONAL,optional model,false,2,
Spor ve Outdoor › Fitness › Kardiyo › Stepper,OPTIONAL,optional model,false,2,
Spor ve Outdoor › Fitness › Ağırlık › Dambıl,OPTIONAL,optional model,false,2,
Spor ve Outdoor › Fitness › Ağırlık › Halter,OPTIONAL,optional model,false,2,
Spor ve Outdoor › Fitness › Ağırlık › Ağırlık Seti,OPTIONAL,optional model,false,2,
Spor ve Outdoor › Fitness › Ağırlık › Bench Sehpası,OPTIONAL,optional model,false,2,
Spor ve Outdoor › Fitness › Ağırlık › Kettlebell,OPTIONAL,optional model,false,2,
Spor ve Outdoor › Fitness › Ağırlık › Direnç Lastiği,OPTIONAL,optional model,false,2,
Spor ve Outdoor › Fitness › Yoga ve Pilates › Yoga Matı,OPTIONAL,optional model,false,2,
Spor ve Outdoor › Fitness › Yoga ve Pilates › Pilates Topu,OPTIONAL,optional model,false,2,
Spor ve Outdoor › Fitness › Yoga ve Pilates › Pilates Çemberi,OPTIONAL,optional model,false,2,
Spor ve Outdoor › Fitness › Yoga ve Pilates › Yoga Bloğu,OPTIONAL,optional model,false,2,
Spor ve Outdoor › Fitness › Yoga ve Pilates › Foam Roller,OPTIONAL,optional model,false,2,
Spor ve Outdoor › Takım Sporları › Futbol › Futbol Topu,OPTIONAL,optional model,false,2,
Spor ve Outdoor › Takım Sporları › Futbol › Krampon,OPTIONAL,optional model,false,2,
Spor ve Outdoor › Takım Sporları › Futbol › Kaleci Eldiveni,OPTIONAL,optional model,false,2,
Spor ve Outdoor › Takım Sporları › Futbol › Futbol Kalesi,OPTIONAL,optional model,false,2,
Spor ve Outdoor › Takım Sporları › Futbol › Antrenman Ekipmanı,OPTIONAL,optional model,false,2,
Spor ve Outdoor › Takım Sporları › Basketbol › Basketbol Topu,OPTIONAL,optional model,false,2,
Spor ve Outdoor › Takım Sporları › Basketbol › Basketbol Potası,OPTIONAL,optional model,false,2,
Spor ve Outdoor › Takım Sporları › Basketbol › Basketbol Ayakkabısı,OPTIONAL,optional model,false,2,
Spor ve Outdoor › Takım Sporları › Voleybol › Voleybol Topu,OPTIONAL,optional model,false,2,
Spor ve Outdoor › Takım Sporları › Voleybol › Voleybol Filesi,OPTIONAL,optional model,false,2,
Spor ve Outdoor › Takım Sporları › Voleybol › Dizlik,OPTIONAL,optional model,false,2,
Spor ve Outdoor › Takım Sporları › Raket Sporları › Tenis Raketi,OPTIONAL,optional model,false,2,
Spor ve Outdoor › Takım Sporları › Raket Sporları › Tenis Topu,OPTIONAL,optional model,false,2,
Spor ve Outdoor › Takım Sporları › Raket Sporları › Masa Tenisi Raketi,OPTIONAL,optional model,false,2,
Spor ve Outdoor › Takım Sporları › Raket Sporları › Badminton Raketi,OPTIONAL,optional model,false,2,
Spor ve Outdoor › Takım Sporları › Raket Sporları › Padel Raketi,OPTIONAL,optional model,false,2,
Spor ve Outdoor › Outdoor ve Kamp › Kamp › Çadır,OPTIONAL,optional model,false,2,
Spor ve Outdoor › Outdoor ve Kamp › Kamp › Uyku Tulumu,OPTIONAL,optional model,false,2,
Spor ve Outdoor › Outdoor ve Kamp › Kamp › Kamp Matı,OPTIONAL,optional model,false,2,
Spor ve Outdoor › Outdoor ve Kamp › Kamp › Kamp Sandalyesi,OPTIONAL,optional model,false,2,
Spor ve Outdoor › Outdoor ve Kamp › Kamp › Kamp Masası,OPTIONAL,optional model,false,2,
Spor ve Outdoor › Outdoor ve Kamp › Kamp › Kamp Ocağı,OPTIONAL,optional model,false,2,
Spor ve Outdoor › Outdoor ve Kamp › Kamp › Kamp Lambası,OPTIONAL,optional model,false,2,
Spor ve Outdoor › Outdoor ve Kamp › Dağcılık › Dağcılık Çantası,OPTIONAL,optional model,false,2,
Spor ve Outdoor › Outdoor ve Kamp › Dağcılık › Trekking Baton,OPTIONAL,optional model,false,2,
Spor ve Outdoor › Outdoor ve Kamp › Dağcılık › Kask,OPTIONAL,optional model,false,2,
Spor ve Outdoor › Outdoor ve Kamp › Dağcılık › Karabina,OPTIONAL,optional model,false,2,
Spor ve Outdoor › Outdoor ve Kamp › Dağcılık › Tırmanış İpi,OPTIONAL,optional model,false,2,
Spor ve Outdoor › Outdoor ve Kamp › Dağcılık › Emniyet Kemeri,OPTIONAL,optional model,false,2,
Spor ve Outdoor › Outdoor ve Kamp › Outdoor Giyim › Outdoor Mont,OPTIONAL,optional model,false,2,
Spor ve Outdoor › Outdoor ve Kamp › Outdoor Giyim › Termal İçlik,OPTIONAL,optional model,false,2,
Spor ve Outdoor › Outdoor ve Kamp › Outdoor Giyim › Yağmurluk,OPTIONAL,optional model,false,2,
Spor ve Outdoor › Outdoor ve Kamp › Outdoor Giyim › Outdoor Pantolon,OPTIONAL,optional model,false,2,
Spor ve Outdoor › Outdoor ve Kamp › Outdoor Giyim › Trekking Ayakkabısı,OPTIONAL,optional model,false,2,
Spor ve Outdoor › Outdoor ve Kamp › Su Sporları › Şişme Bot,OPTIONAL,optional model,false,2,
Spor ve Outdoor › Outdoor ve Kamp › Su Sporları › Kano,OPTIONAL,optional model,false,2,
Spor ve Outdoor › Outdoor ve Kamp › Su Sporları › SUP Board,OPTIONAL,optional model,false,2,
Spor ve Outdoor › Outdoor ve Kamp › Su Sporları › Dalış Maskesi,OPTIONAL,optional model,false,2,
Spor ve Outdoor › Outdoor ve Kamp › Su Sporları › Palet,OPTIONAL,optional model,false,2,
Spor ve Outdoor › Outdoor ve Kamp › Su Sporları › Can Yeleği,OPTIONAL,optional model,false,2,
Spor ve Outdoor › Bisiklet › Bisiklet Türleri › Dağ Bisikleti,OPTIONAL,optional model,false,2,
Spor ve Outdoor › Bisiklet › Bisiklet Türleri › Şehir Bisikleti,OPTIONAL,optional model,false,2,
Spor ve Outdoor › Bisiklet › Bisiklet Türleri › Yol Bisikleti,OPTIONAL,optional model,false,2,
Spor ve Outdoor › Bisiklet › Bisiklet Türleri › Elektrikli Bisiklet,OPTIONAL,optional model,false,2,
Spor ve Outdoor › Bisiklet › Bisiklet Türleri › Katlanır Bisiklet,OPTIONAL,optional model,false,2,
Spor ve Outdoor › Bisiklet › Bisiklet Türleri › BMX,OPTIONAL,optional model,false,2,
Spor ve Outdoor › Bisiklet › Bisiklet Türleri › Çocuk Bisikleti,OPTIONAL,optional model,false,2,
Spor ve Outdoor › Bisiklet › Bisiklet Parça ve Aksesuar › Bisiklet Kaskı,DISABLED,apparel/accessory style,false,3,
Spor ve Outdoor › Bisiklet › Bisiklet Parça ve Aksesuar › Bisiklet Kilidi,OPTIONAL,optional model,false,2,
Spor ve Outdoor › Bisiklet › Bisiklet Parça ve Aksesuar › Aydınlatma,OPTIONAL,optional model,false,2,
Spor ve Outdoor › Bisiklet › Bisiklet Parça ve Aksesuar › Pompa,OPTIONAL,optional model,false,2,
Spor ve Outdoor › Bisiklet › Bisiklet Parça ve Aksesuar › Sele,OPTIONAL,optional model,false,2,
Spor ve Outdoor › Bisiklet › Bisiklet Parça ve Aksesuar › Pedal,OPTIONAL,optional model,false,2,
Spor ve Outdoor › Bisiklet › Bisiklet Parça ve Aksesuar › Lastik,OPTIONAL,optional model,false,2,
Spor ve Outdoor › Bisiklet › Bisiklet Parça ve Aksesuar › İç Lastik,OPTIONAL,optional model,false,2,
Spor ve Outdoor › Bisiklet › Bisiklet Parça ve Aksesuar › Çanta ve Heybe,OPTIONAL,optional model,false,2,
Spor ve Outdoor › Bisiklet › Bisiklet Parça ve Aksesuar › Bisiklet Bilgisayarı,OPTIONAL,optional model,false,2,
Hobi ve Oyun › Müzik Aletleri › Telli Çalgılar › Gitar,OPTIONAL,optional model,false,2,
Hobi ve Oyun › Müzik Aletleri › Telli Çalgılar › Elektro Gitar,OPTIONAL,optional model,false,2,
Hobi ve Oyun › Müzik Aletleri › Telli Çalgılar › Bas Gitar,OPTIONAL,optional model,false,2,
Hobi ve Oyun › Müzik Aletleri › Telli Çalgılar › Ukulele,OPTIONAL,optional model,false,2,
Hobi ve Oyun › Müzik Aletleri › Telli Çalgılar › Bağlama,OPTIONAL,optional model,false,2,
Hobi ve Oyun › Müzik Aletleri › Telli Çalgılar › Keman,OPTIONAL,optional model,false,2,
Hobi ve Oyun › Müzik Aletleri › Tuşlu Çalgılar › Dijital Piyano,OPTIONAL,optional model,false,2,
Hobi ve Oyun › Müzik Aletleri › Tuşlu Çalgılar › Org,OPTIONAL,optional model,false,2,
Hobi ve Oyun › Müzik Aletleri › Tuşlu Çalgılar › MIDI Klavye,OPTIONAL,optional model,false,2,
Hobi ve Oyun › Müzik Aletleri › Vurmalı Çalgılar › Davul,OPTIONAL,optional model,false,2,
Hobi ve Oyun › Müzik Aletleri › Vurmalı Çalgılar › Elektronik Davul,OPTIONAL,optional model,false,2,
Hobi ve Oyun › Müzik Aletleri › Vurmalı Çalgılar › Darbuka,OPTIONAL,optional model,false,2,
Hobi ve Oyun › Müzik Aletleri › Vurmalı Çalgılar › Cajon,OPTIONAL,optional model,false,2,
Hobi ve Oyun › Müzik Aletleri › Nefesli Çalgılar › Flüt,OPTIONAL,optional model,false,2,
Hobi ve Oyun › Müzik Aletleri › Nefesli Çalgılar › Klarnet,OPTIONAL,optional model,false,2,
Hobi ve Oyun › Müzik Aletleri › Nefesli Çalgılar › Saksafon,OPTIONAL,optional model,false,2,
Hobi ve Oyun › Müzik Aletleri › Nefesli Çalgılar › Trompet,OPTIONAL,optional model,false,2,
Hobi ve Oyun › Müzik Aletleri › Müzik Aksesuarları › Amfi,OPTIONAL,optional model,false,2,
Hobi ve Oyun › Müzik Aletleri › Müzik Aksesuarları › Mikrofon,OPTIONAL,optional model,false,2,
Hobi ve Oyun › Müzik Aletleri › Müzik Aksesuarları › Nota Sehpası,OPTIONAL,optional model,false,2,
Hobi ve Oyun › Müzik Aletleri › Müzik Aksesuarları › Kılıf,OPTIONAL,optional model,false,2,
Hobi ve Oyun › Müzik Aletleri › Müzik Aksesuarları › Tel ve Pena,OPTIONAL,optional model,false,2,
Hobi ve Oyun › Hobi Malzemeleri › Resim › Tuval,OPTIONAL,optional model,false,2,
Hobi ve Oyun › Hobi Malzemeleri › Resim › Akrilik Boya,OPTIONAL,optional model,false,2,
Hobi ve Oyun › Hobi Malzemeleri › Resim › Yağlı Boya,OPTIONAL,optional model,false,2,
Hobi ve Oyun › Hobi Malzemeleri › Resim › Suluboya,OPTIONAL,optional model,false,2,
Hobi ve Oyun › Hobi Malzemeleri › Resim › Fırça,OPTIONAL,optional model,false,2,
Hobi ve Oyun › Hobi Malzemeleri › Resim › Şövale,OPTIONAL,optional model,false,2,
Hobi ve Oyun › Hobi Malzemeleri › El İşi › Örgü İpi,OPTIONAL,optional model,false,2,
Hobi ve Oyun › Hobi Malzemeleri › El İşi › Şiş ve Tığ,OPTIONAL,optional model,false,2,
Hobi ve Oyun › Hobi Malzemeleri › El İşi › Dikiş Malzemesi,OPTIONAL,optional model,false,2,
Hobi ve Oyun › Hobi Malzemeleri › El İşi › Keçe,OPTIONAL,optional model,false,2,
Hobi ve Oyun › Hobi Malzemeleri › El İşi › Boncuk,OPTIONAL,optional model,false,2,
Hobi ve Oyun › Hobi Malzemeleri › El İşi › Takı Yapım Malzemesi,OPTIONAL,optional model,false,2,
Hobi ve Oyun › Hobi Malzemeleri › Maket ve Model › Maket Seti,OPTIONAL,optional model,false,2,
Hobi ve Oyun › Hobi Malzemeleri › Maket ve Model › Model Araba,OPTIONAL,optional model,false,2,
Hobi ve Oyun › Hobi Malzemeleri › Maket ve Model › Model Uçak,OPTIONAL,optional model,false,2,
Hobi ve Oyun › Hobi Malzemeleri › Maket ve Model › Diorama Malzemesi,OPTIONAL,optional model,false,2,
Hobi ve Oyun › Hobi Malzemeleri › Maket ve Model › 3D Puzzle,OPTIONAL,optional model,false,2,
Hobi ve Oyun › Oyun ve Eğlence › Kutu Oyunları › Strateji Oyunu,OPTIONAL,optional model,false,2,
Hobi ve Oyun › Oyun ve Eğlence › Kutu Oyunları › Aile Oyunu,OPTIONAL,optional model,false,2,
Hobi ve Oyun › Oyun ve Eğlence › Kutu Oyunları › Parti Oyunu,OPTIONAL,optional model,false,2,
Hobi ve Oyun › Oyun ve Eğlence › Kutu Oyunları › Kart Oyunu,OPTIONAL,optional model,false,2,
Hobi ve Oyun › Oyun ve Eğlence › Kutu Oyunları › Satranç,OPTIONAL,optional model,false,2,
Hobi ve Oyun › Oyun ve Eğlence › Kutu Oyunları › Puzzle,OPTIONAL,optional model,false,2,
Hobi ve Oyun › Oyun ve Eğlence › Koleksiyon › Figür,OPTIONAL,optional model,false,2,
Hobi ve Oyun › Oyun ve Eğlence › Koleksiyon › Trading Card,OPTIONAL,optional model,false,2,
Hobi ve Oyun › Oyun ve Eğlence › Koleksiyon › Madeni Para,OPTIONAL,optional model,false,2,
Hobi ve Oyun › Oyun ve Eğlence › Koleksiyon › Pul,OPTIONAL,optional model,false,2,
Hobi ve Oyun › Oyun ve Eğlence › Koleksiyon › Koleksiyon Kutusu,DISABLED,apparel/accessory style,false,3,
"Kitap, Kırtasiye ve Ofis › Kitap › Edebiyat › Roman",OPTIONAL,optional model,false,2,
"Kitap, Kırtasiye ve Ofis › Kitap › Edebiyat › Öykü",OPTIONAL,optional model,false,2,
"Kitap, Kırtasiye ve Ofis › Kitap › Edebiyat › Şiir",OPTIONAL,optional model,false,2,
"Kitap, Kırtasiye ve Ofis › Kitap › Edebiyat › Deneme",OPTIONAL,optional model,false,2,
"Kitap, Kırtasiye ve Ofis › Kitap › Edebiyat › Biyografi",OPTIONAL,optional model,false,2,
"Kitap, Kırtasiye ve Ofis › Kitap › Çocuk Kitapları › Resimli Kitap",OPTIONAL,optional model,false,2,
"Kitap, Kırtasiye ve Ofis › Kitap › Çocuk Kitapları › Masal",OPTIONAL,optional model,false,2,
"Kitap, Kırtasiye ve Ofis › Kitap › Çocuk Kitapları › Etkinlik Kitabı",OPTIONAL,optional model,false,2,
"Kitap, Kırtasiye ve Ofis › Kitap › Çocuk Kitapları › Gençlik Romanı",OPTIONAL,optional model,false,2,
"Kitap, Kırtasiye ve Ofis › Kitap › Eğitim › Sınav Hazırlık",OPTIONAL,optional model,false,2,
"Kitap, Kırtasiye ve Ofis › Kitap › Eğitim › Ders Kitabı",OPTIONAL,optional model,false,2,
"Kitap, Kırtasiye ve Ofis › Kitap › Eğitim › Yabancı Dil",OPTIONAL,optional model,false,2,
"Kitap, Kırtasiye ve Ofis › Kitap › Eğitim › Akademik Kitap",OPTIONAL,optional model,false,2,
"Kitap, Kırtasiye ve Ofis › Kitap › Hobi ve Yaşam › Yemek Kitabı",OPTIONAL,optional model,false,2,
"Kitap, Kırtasiye ve Ofis › Kitap › Hobi ve Yaşam › Kişisel Gelişim",OPTIONAL,optional model,false,2,
"Kitap, Kırtasiye ve Ofis › Kitap › Hobi ve Yaşam › Sanat",OPTIONAL,optional model,false,2,
"Kitap, Kırtasiye ve Ofis › Kitap › Hobi ve Yaşam › Seyahat",OPTIONAL,optional model,false,2,
"Kitap, Kırtasiye ve Ofis › Kitap › Hobi ve Yaşam › Sağlık",OPTIONAL,optional model,false,2,
"Kitap, Kırtasiye ve Ofis › Kırtasiye › Yazı Gereçleri › Tükenmez Kalem",OPTIONAL,optional model,false,2,
"Kitap, Kırtasiye ve Ofis › Kırtasiye › Yazı Gereçleri › Dolma Kalem",OPTIONAL,optional model,false,2,
"Kitap, Kırtasiye ve Ofis › Kırtasiye › Yazı Gereçleri › Kurşun Kalem",OPTIONAL,optional model,false,2,
"Kitap, Kırtasiye ve Ofis › Kırtasiye › Yazı Gereçleri › Keçeli Kalem",OPTIONAL,optional model,false,2,
"Kitap, Kırtasiye ve Ofis › Kırtasiye › Yazı Gereçleri › Marker",OPTIONAL,optional model,false,2,
"Kitap, Kırtasiye ve Ofis › Kırtasiye › Yazı Gereçleri › Silgi",OPTIONAL,optional model,false,2,
"Kitap, Kırtasiye ve Ofis › Kırtasiye › Defter ve Kağıt › Defter",OPTIONAL,optional model,false,2,
"Kitap, Kırtasiye ve Ofis › Kırtasiye › Defter ve Kağıt › Ajanda",OPTIONAL,optional model,false,2,
"Kitap, Kırtasiye ve Ofis › Kırtasiye › Defter ve Kağıt › Fotokopi Kağıdı",OPTIONAL,optional model,false,2,
"Kitap, Kırtasiye ve Ofis › Kırtasiye › Defter ve Kağıt › Not Kağıdı",OPTIONAL,optional model,false,2,
"Kitap, Kırtasiye ve Ofis › Kırtasiye › Defter ve Kağıt › Etiket",OPTIONAL,optional model,false,2,
"Kitap, Kırtasiye ve Ofis › Kırtasiye › Defter ve Kağıt › Zarf",OPTIONAL,optional model,false,2,
"Kitap, Kırtasiye ve Ofis › Kırtasiye › Okul Gereçleri › Kalem Kutusu",DISABLED,apparel/accessory style,false,3,
"Kitap, Kırtasiye ve Ofis › Kırtasiye › Okul Gereçleri › Okul Çantası",OPTIONAL,optional model,false,2,
"Kitap, Kırtasiye ve Ofis › Kırtasiye › Okul Gereçleri › Boya Seti",OPTIONAL,optional model,false,2,
"Kitap, Kırtasiye ve Ofis › Kırtasiye › Okul Gereçleri › Cetvel Seti",OPTIONAL,optional model,false,2,
"Kitap, Kırtasiye ve Ofis › Kırtasiye › Okul Gereçleri › Makas",OPTIONAL,optional model,false,2,
"Kitap, Kırtasiye ve Ofis › Kırtasiye › Okul Gereçleri › Yapıştırıcı",OPTIONAL,optional model,false,2,
"Kitap, Kırtasiye ve Ofis › Ofis › Ofis Makineleri › Yazıcı",OPTIONAL,optional model,false,2,
"Kitap, Kırtasiye ve Ofis › Ofis › Ofis Makineleri › Fotokopi Makinesi",OPTIONAL,optional model,false,2,
"Kitap, Kırtasiye ve Ofis › Ofis › Ofis Makineleri › Para Sayma Makinesi",OPTIONAL,optional model,false,2,
"Kitap, Kırtasiye ve Ofis › Ofis › Ofis Makineleri › Laminasyon Makinesi",OPTIONAL,optional model,false,2,
"Kitap, Kırtasiye ve Ofis › Ofis › Ofis Makineleri › Evrak İmha Makinesi",OPTIONAL,optional model,false,2,
"Kitap, Kırtasiye ve Ofis › Ofis › Ofis Sarf › Toner",OPTIONAL,optional model,false,2,
"Kitap, Kırtasiye ve Ofis › Ofis › Ofis Sarf › Kartuş",OPTIONAL,optional model,false,2,
"Kitap, Kırtasiye ve Ofis › Ofis › Ofis Sarf › Zımba",OPTIONAL,optional model,false,2,
"Kitap, Kırtasiye ve Ofis › Ofis › Ofis Sarf › Delgeç",OPTIONAL,optional model,false,2,
"Kitap, Kırtasiye ve Ofis › Ofis › Ofis Sarf › Dosya",OPTIONAL,optional model,false,2,
"Kitap, Kırtasiye ve Ofis › Ofis › Ofis Sarf › Klasör",OPTIONAL,optional model,false,2,
"Kitap, Kırtasiye ve Ofis › Ofis › Ofis Mobilyası › Ofis Masası",OPTIONAL,optional model,false,2,
"Kitap, Kırtasiye ve Ofis › Ofis › Ofis Mobilyası › Ofis Koltuğu",OPTIONAL,optional model,false,2,
"Kitap, Kırtasiye ve Ofis › Ofis › Ofis Mobilyası › Dosya Dolabı",OPTIONAL,optional model,false,2,
"Kitap, Kırtasiye ve Ofis › Ofis › Ofis Mobilyası › Toplantı Masası",OPTIONAL,optional model,false,2,
"Kitap, Kırtasiye ve Ofis › Ofis › Ofis Mobilyası › Resepsiyon Bankosu",OPTIONAL,optional model,false,2,
Pet Shop › Kedi › Beslenme › Kedi Maması,OPTIONAL,optional model,false,2,
Pet Shop › Kedi › Beslenme › Yaş Mama,OPTIONAL,optional model,false,2,
Pet Shop › Kedi › Beslenme › Ödül Maması,OPTIONAL,optional model,false,2,
Pet Shop › Kedi › Beslenme › Mama Kabı,OPTIONAL,optional model,false,2,
Pet Shop › Kedi › Beslenme › Su Pınarı,OPTIONAL,optional model,false,2,
Pet Shop › Kedi › Bakım › Kedi Kumu,OPTIONAL,optional model,false,2,
Pet Shop › Kedi › Bakım › Kum Kabı,OPTIONAL,optional model,false,2,
Pet Shop › Kedi › Bakım › Tırmalama Tahtası,OPTIONAL,optional model,false,2,
Pet Shop › Kedi › Bakım › Tarak,OPTIONAL,optional model,false,2,
Pet Shop › Kedi › Bakım › Şampuan,OPTIONAL,optional model,false,2,
Pet Shop › Kedi › Aksesuar › Kedi Yatağı,OPTIONAL,optional model,false,2,
Pet Shop › Kedi › Aksesuar › Taşıma Çantası,OPTIONAL,optional model,false,2,
Pet Shop › Kedi › Aksesuar › Tasma,OPTIONAL,optional model,false,2,
Pet Shop › Kedi › Aksesuar › Oyuncak,OPTIONAL,optional model,false,2,
Pet Shop › Kedi › Aksesuar › Kedi Evi,OPTIONAL,optional model,false,2,
Pet Shop › Köpek › Beslenme › Köpek Maması,OPTIONAL,optional model,false,2,
Pet Shop › Köpek › Beslenme › Yaş Mama,OPTIONAL,optional model,false,2,
Pet Shop › Köpek › Beslenme › Ödül Maması,OPTIONAL,optional model,false,2,
Pet Shop › Köpek › Beslenme › Mama Kabı,OPTIONAL,optional model,false,2,
Pet Shop › Köpek › Beslenme › Su Kabı,OPTIONAL,optional model,false,2,
Pet Shop › Köpek › Bakım › Şampuan,OPTIONAL,optional model,false,2,
Pet Shop › Köpek › Bakım › Tarak,OPTIONAL,optional model,false,2,
Pet Shop › Köpek › Bakım › Tırnak Makası,OPTIONAL,optional model,false,2,
Pet Shop › Köpek › Bakım › Ped,OPTIONAL,optional model,false,2,
Pet Shop › Köpek › Bakım › Ağız Bakımı,OPTIONAL,optional model,false,2,
Pet Shop › Köpek › Aksesuar › Tasma,OPTIONAL,optional model,false,2,
Pet Shop › Köpek › Aksesuar › Gezdirme Kayışı,OPTIONAL,optional model,false,2,
Pet Shop › Köpek › Aksesuar › Göğüs Tasması,OPTIONAL,optional model,false,2,
Pet Shop › Köpek › Aksesuar › Köpek Yatağı,OPTIONAL,optional model,false,2,
Pet Shop › Köpek › Aksesuar › Taşıma Çantası,OPTIONAL,optional model,false,2,
Pet Shop › Köpek › Aksesuar › Oyuncak,OPTIONAL,optional model,false,2,
Pet Shop › Köpek › Aksesuar › Köpek Kulübesi,OPTIONAL,optional model,false,2,
Pet Shop › Kuş ve Kemirgen › Kuş › Kuş Yemi,OPTIONAL,optional model,false,2,
Pet Shop › Kuş ve Kemirgen › Kuş › Kafes,OPTIONAL,optional model,false,2,
Pet Shop › Kuş ve Kemirgen › Kuş › Tünek,OPTIONAL,optional model,false,2,
Pet Shop › Kuş ve Kemirgen › Kuş › Suluk,OPTIONAL,optional model,false,2,
Pet Shop › Kuş ve Kemirgen › Kuş › Oyuncak,OPTIONAL,optional model,false,2,
Pet Shop › Kuş ve Kemirgen › Kemirgen › Kemirgen Yemi,OPTIONAL,optional model,false,2,
Pet Shop › Kuş ve Kemirgen › Kemirgen › Kafes,OPTIONAL,optional model,false,2,
Pet Shop › Kuş ve Kemirgen › Kemirgen › Talaş,OPTIONAL,optional model,false,2,
Pet Shop › Kuş ve Kemirgen › Kemirgen › Suluk,OPTIONAL,optional model,false,2,
Pet Shop › Kuş ve Kemirgen › Kemirgen › Oyuncak,OPTIONAL,optional model,false,2,
Pet Shop › Akvaryum › Akvaryum Ürünleri › Akvaryum,OPTIONAL,optional model,false,2,
Pet Shop › Akvaryum › Akvaryum Ürünleri › Filtre,OPTIONAL,optional model,false,2,
Pet Shop › Akvaryum › Akvaryum Ürünleri › Isıtıcı,OPTIONAL,optional model,false,2,
Pet Shop › Akvaryum › Akvaryum Ürünleri › Hava Motoru,OPTIONAL,optional model,false,2,
Pet Shop › Akvaryum › Akvaryum Ürünleri › Aydınlatma,OPTIONAL,optional model,false,2,
Pet Shop › Akvaryum › Akvaryum Ürünleri › Balık Yemi,OPTIONAL,optional model,false,2,
Pet Shop › Akvaryum › Akvaryum Ürünleri › Dekor,OPTIONAL,optional model,false,2,
Otomotiv Aksesuar › Araç İçi › Konfor › Koltuk Kılıfı,OPTIONAL,optional model,false,2,
Otomotiv Aksesuar › Araç İçi › Konfor › Paspas,OPTIONAL,optional model,false,2,
Otomotiv Aksesuar › Araç İçi › Konfor › Direksiyon Kılıfı,OPTIONAL,optional model,false,2,
Otomotiv Aksesuar › Araç İçi › Konfor › Güneşlik,OPTIONAL,optional model,false,2,
Otomotiv Aksesuar › Araç İçi › Konfor › Organizer,OPTIONAL,optional model,false,2,
Otomotiv Aksesuar › Araç İçi › Konfor › Araç İçi Buzdolabı,OPTIONAL,optional model,false,2,
Otomotiv Aksesuar › Araç İçi › Elektronik › Araç Kamerası,OPTIONAL,optional model,false,2,
Otomotiv Aksesuar › Araç İçi › Elektronik › Multimedya Sistemi,OPTIONAL,optional model,false,2,
Otomotiv Aksesuar › Araç İçi › Elektronik › Navigasyon,OPTIONAL,optional model,false,2,
Otomotiv Aksesuar › Araç İçi › Elektronik › FM Transmitter,OPTIONAL,optional model,false,2,
Otomotiv Aksesuar › Araç İçi › Elektronik › Araç Şarj Cihazı,OPTIONAL,optional model,false,2,
Otomotiv Aksesuar › Araç İçi › Elektronik › Park Sensörü,OPTIONAL,optional model,false,2,
Otomotiv Aksesuar › Araç İçi › Elektronik › Geri Görüş Kamerası,OPTIONAL,optional model,false,2,
Otomotiv Aksesuar › Araç Dışı › Koruma ve Görünüm › Araç Brandası,OPTIONAL,optional model,false,2,
Otomotiv Aksesuar › Araç Dışı › Koruma ve Görünüm › Kapı Koruyucu,OPTIONAL,optional model,false,2,
Otomotiv Aksesuar › Araç Dışı › Koruma ve Görünüm › Çamurluk,OPTIONAL,optional model,false,2,
Otomotiv Aksesuar › Araç Dışı › Koruma ve Görünüm › Spoiler,OPTIONAL,optional model,false,2,
Otomotiv Aksesuar › Araç Dışı › Koruma ve Görünüm › Rüzgarlık,OPTIONAL,optional model,false,2,
Otomotiv Aksesuar › Araç Dışı › Koruma ve Görünüm › Sticker ve Folyo,OPTIONAL,optional model,false,2,
Otomotiv Aksesuar › Araç Dışı › Taşıma › Tavan Barı,OPTIONAL,optional model,false,2,
Otomotiv Aksesuar › Araç Dışı › Taşıma › Port Bagaj,OPTIONAL,optional model,false,2,
Otomotiv Aksesuar › Araç Dışı › Taşıma › Bisiklet Taşıyıcı,OPTIONAL,optional model,false,2,
Otomotiv Aksesuar › Araç Dışı › Taşıma › Çeki Demiri,OPTIONAL,optional model,false,2,
Otomotiv Aksesuar › Bakım ve Temizlik › Temizlik › Oto Şampuanı,OPTIONAL,optional model,false,2,
Otomotiv Aksesuar › Bakım ve Temizlik › Temizlik › Cila,OPTIONAL,optional model,false,2,
Otomotiv Aksesuar › Bakım ve Temizlik › Temizlik › Seramik Kaplama,OPTIONAL,optional model,false,2,
Otomotiv Aksesuar › Bakım ve Temizlik › Temizlik › Jant Temizleyici,OPTIONAL,optional model,false,2,
Otomotiv Aksesuar › Bakım ve Temizlik › Temizlik › Mikrofiber Bez,OPTIONAL,optional model,false,2,
Otomotiv Aksesuar › Bakım ve Temizlik › Temizlik › Araç Süpürgesi,OPTIONAL,optional model,false,2,
Otomotiv Aksesuar › Bakım ve Temizlik › Bakım › Motor Yağı,OPTIONAL,optional model,false,2,
Otomotiv Aksesuar › Bakım ve Temizlik › Bakım › Antifriz,OPTIONAL,optional model,false,2,
Otomotiv Aksesuar › Bakım ve Temizlik › Bakım › Cam Suyu,OPTIONAL,optional model,false,2,
Otomotiv Aksesuar › Bakım ve Temizlik › Bakım › Katkı Ürünleri,OPTIONAL,optional model,false,2,
Otomotiv Aksesuar › Bakım ve Temizlik › Bakım › Akü Şarj Cihazı,OPTIONAL,optional model,false,2,
Otomotiv Aksesuar › Yedek Parça ve Ekipman › Temel Parça › Akü,OPTIONAL,optional model,false,2,
Otomotiv Aksesuar › Yedek Parça ve Ekipman › Temel Parça › Silecek,OPTIONAL,optional model,false,2,
Otomotiv Aksesuar › Yedek Parça ve Ekipman › Temel Parça › Ampul,OPTIONAL,optional model,false,2,
Otomotiv Aksesuar › Yedek Parça ve Ekipman › Temel Parça › Filtre,OPTIONAL,optional model,false,2,
Otomotiv Aksesuar › Yedek Parça ve Ekipman › Temel Parça › Buji,OPTIONAL,optional model,false,2,
Otomotiv Aksesuar › Yedek Parça ve Ekipman › Temel Parça › Fren Balatası,OPTIONAL,optional model,false,2,
Otomotiv Aksesuar › Yedek Parça ve Ekipman › Temel Parça › Debriyaj Seti,OPTIONAL,optional model,false,2,
Otomotiv Aksesuar › Yedek Parça ve Ekipman › Lastik ve Jant › Otomobil Lastiği,OPTIONAL,optional model,false,2,
Otomotiv Aksesuar › Yedek Parça ve Ekipman › Lastik ve Jant › SUV Lastiği,OPTIONAL,optional model,false,2,
Otomotiv Aksesuar › Yedek Parça ve Ekipman › Lastik ve Jant › Motosiklet Lastiği,OPTIONAL,optional model,false,2,
Otomotiv Aksesuar › Yedek Parça ve Ekipman › Lastik ve Jant › Jant,OPTIONAL,optional model,false,2,
Otomotiv Aksesuar › Yedek Parça ve Ekipman › Lastik ve Jant › Jant Kapağı,OPTIONAL,optional model,false,2,
Otomotiv Aksesuar › Yedek Parça ve Ekipman › Lastik ve Jant › Kar Zinciri,OPTIONAL,optional model,false,2,
Otomotiv Aksesuar › Yedek Parça ve Ekipman › Acil Durum › İlk Yardım Seti,OPTIONAL,optional model,false,2,
Otomotiv Aksesuar › Yedek Parça ve Ekipman › Acil Durum › Yangın Söndürücü,OPTIONAL,optional model,false,2,
Otomotiv Aksesuar › Yedek Parça ve Ekipman › Acil Durum › Reflektör,OPTIONAL,optional model,false,2,
Otomotiv Aksesuar › Yedek Parça ve Ekipman › Acil Durum › Takviye Kablosu,DISABLED,apparel/accessory style,false,3,
Otomotiv Aksesuar › Yedek Parça ve Ekipman › Acil Durum › Kriko,OPTIONAL,optional model,false,2,
Otomotiv Aksesuar › Yedek Parça ve Ekipman › Acil Durum › Çekme Halatı,OPTIONAL,optional model,false,2,
Otomotiv Aksesuar › Motosiklet Aksesuar › Sürüş Ekipmanı › Motosiklet Kaskı,DISABLED,apparel/accessory style,false,3,
Otomotiv Aksesuar › Motosiklet Aksesuar › Sürüş Ekipmanı › Motosiklet Montu,OPTIONAL,optional model,false,2,
Otomotiv Aksesuar › Motosiklet Aksesuar › Sürüş Ekipmanı › Eldiven,OPTIONAL,optional model,false,2,
Otomotiv Aksesuar › Motosiklet Aksesuar › Sürüş Ekipmanı › Dizlik,OPTIONAL,optional model,false,2,
Otomotiv Aksesuar › Motosiklet Aksesuar › Sürüş Ekipmanı › Bot,OPTIONAL,optional model,false,2,
Otomotiv Aksesuar › Motosiklet Aksesuar › Sürüş Ekipmanı › Yağmurluk,OPTIONAL,optional model,false,2,
Otomotiv Aksesuar › Motosiklet Aksesuar › Motosiklet Parça › Motosiklet Çantası,OPTIONAL,optional model,false,2,
Otomotiv Aksesuar › Motosiklet Aksesuar › Motosiklet Parça › Telefon Tutucu,OPTIONAL,optional model,false,2,
Otomotiv Aksesuar › Motosiklet Aksesuar › Motosiklet Parça › Branda,OPTIONAL,optional model,false,2,
Otomotiv Aksesuar › Motosiklet Aksesuar › Motosiklet Parça › Egzoz,OPTIONAL,optional model,false,2,
Otomotiv Aksesuar › Motosiklet Aksesuar › Motosiklet Parça › Ayna,OPTIONAL,optional model,false,2,
Otomotiv Aksesuar › Motosiklet Aksesuar › Motosiklet Parça › Zincir ve Dişli,OPTIONAL,optional model,false,2,
Bahçe ve Yapı › Bahçe › Bahçe Mobilyası › Bahçe Masa Takımı,OPTIONAL,optional model,false,2,
Bahçe ve Yapı › Bahçe › Bahçe Mobilyası › Şezlong,OPTIONAL,optional model,false,2,
Bahçe ve Yapı › Bahçe › Bahçe Mobilyası › Salıncak,OPTIONAL,optional model,false,2,
Bahçe ve Yapı › Bahçe › Bahçe Mobilyası › Hamak,OPTIONAL,optional model,false,2,
Bahçe ve Yapı › Bahçe › Bahçe Mobilyası › Gölgelik,OPTIONAL,optional model,false,2,
Bahçe ve Yapı › Bahçe › Bahçe Mobilyası › Şemsiye,OPTIONAL,optional model,false,2,
Bahçe ve Yapı › Bahçe › Bahçe Bakımı › Çim Biçme Makinesi,OPTIONAL,optional model,false,2,
Bahçe ve Yapı › Bahçe › Bahçe Bakımı › Tırpan,OPTIONAL,optional model,false,2,
Bahçe ve Yapı › Bahçe › Bahçe Bakımı › Çit Budama,OPTIONAL,optional model,false,2,
Bahçe ve Yapı › Bahçe › Bahçe Bakımı › Yaprak Üfleme,OPTIONAL,optional model,false,2,
Bahçe ve Yapı › Bahçe › Bahçe Bakımı › Testere,OPTIONAL,optional model,false,2,
Bahçe ve Yapı › Bahçe › Bahçe Bakımı › Bahçe El Aleti,OPTIONAL,optional model,false,2,
Bahçe ve Yapı › Bahçe › Sulama › Bahçe Hortumu,OPTIONAL,optional model,false,2,
Bahçe ve Yapı › Bahçe › Sulama › Hortum Makarası,OPTIONAL,optional model,false,2,
Bahçe ve Yapı › Bahçe › Sulama › Sulama Tabancası,OPTIONAL,optional model,false,2,
Bahçe ve Yapı › Bahçe › Sulama › Damla Sulama,OPTIONAL,optional model,false,2,
Bahçe ve Yapı › Bahçe › Sulama › Su Pompası,OPTIONAL,optional model,false,2,
Bahçe ve Yapı › Bahçe › Sulama › Hidrofor,OPTIONAL,optional model,false,2,
Bahçe ve Yapı › Bahçe › Bitki ve Saksı › Saksı,OPTIONAL,optional model,false,2,
Bahçe ve Yapı › Bahçe › Bitki ve Saksı › Toprak,OPTIONAL,optional model,false,2,
Bahçe ve Yapı › Bahçe › Bitki ve Saksı › Gübre,OPTIONAL,optional model,false,2,
Bahçe ve Yapı › Bahçe › Bitki ve Saksı › Tohum,OPTIONAL,optional model,false,2,
Bahçe ve Yapı › Bahçe › Bitki ve Saksı › Fide,OPTIONAL,optional model,false,2,
Bahçe ve Yapı › Bahçe › Bitki ve Saksı › Bitki Destek Ürünleri,OPTIONAL,optional model,false,2,
Bahçe ve Yapı › Yapı Market › El Aletleri › Tornavida,OPTIONAL,optional model,false,2,
Bahçe ve Yapı › Yapı Market › El Aletleri › Pense,OPTIONAL,optional model,false,2,
Bahçe ve Yapı › Yapı Market › El Aletleri › Anahtar Takımı,OPTIONAL,optional model,false,2,
Bahçe ve Yapı › Yapı Market › El Aletleri › Çekiç,OPTIONAL,optional model,false,2,
Bahçe ve Yapı › Yapı Market › El Aletleri › Testere,OPTIONAL,optional model,false,2,
Bahçe ve Yapı › Yapı Market › El Aletleri › Maket Bıçağı,OPTIONAL,optional model,false,2,
Bahçe ve Yapı › Yapı Market › El Aletleri › Ölçüm Aleti,OPTIONAL,optional model,false,2,
Bahçe ve Yapı › Yapı Market › Elektrikli El Aletleri › Matkap,OPTIONAL,optional model,false,2,
Bahçe ve Yapı › Yapı Market › Elektrikli El Aletleri › Vidalama,OPTIONAL,optional model,false,2,
Bahçe ve Yapı › Yapı Market › Elektrikli El Aletleri › Taşlama,OPTIONAL,optional model,false,2,
Bahçe ve Yapı › Yapı Market › Elektrikli El Aletleri › Dekupaj,OPTIONAL,optional model,false,2,
Bahçe ve Yapı › Yapı Market › Elektrikli El Aletleri › Daire Testere,OPTIONAL,optional model,false,2,
Bahçe ve Yapı › Yapı Market › Elektrikli El Aletleri › Kırıcı-Delici,OPTIONAL,optional model,false,2,
Bahçe ve Yapı › Yapı Market › Elektrikli El Aletleri › Zımpara,OPTIONAL,optional model,false,2,
Bahçe ve Yapı › Yapı Market › Elektrikli El Aletleri › Kaynak Makinesi,OPTIONAL,optional model,false,2,
Bahçe ve Yapı › Yapı Market › Boya ve Kimyasal › İç Cephe Boyası,OPTIONAL,optional model,false,2,
Bahçe ve Yapı › Yapı Market › Boya ve Kimyasal › Dış Cephe Boyası,OPTIONAL,optional model,false,2,
Bahçe ve Yapı › Yapı Market › Boya ve Kimyasal › Ahşap Boyası,OPTIONAL,optional model,false,2,
Bahçe ve Yapı › Yapı Market › Boya ve Kimyasal › Sprey Boya,OPTIONAL,optional model,false,2,
Bahçe ve Yapı › Yapı Market › Boya ve Kimyasal › Vernik,OPTIONAL,optional model,false,2,
Bahçe ve Yapı › Yapı Market › Boya ve Kimyasal › Silikon,OPTIONAL,optional model,false,2,
Bahçe ve Yapı › Yapı Market › Boya ve Kimyasal › Yapıştırıcı,OPTIONAL,optional model,false,2,
Bahçe ve Yapı › Yapı Market › Boya ve Kimyasal › Derz Dolgu,OPTIONAL,optional model,false,2,
Bahçe ve Yapı › Yapı Market › Hırdavat › Vida,OPTIONAL,optional model,false,2,
Bahçe ve Yapı › Yapı Market › Hırdavat › Dübel,OPTIONAL,optional model,false,2,
Bahçe ve Yapı › Yapı Market › Hırdavat › Çivi,OPTIONAL,optional model,false,2,
Bahçe ve Yapı › Yapı Market › Hırdavat › Somun,OPTIONAL,optional model,false,2,
Bahçe ve Yapı › Yapı Market › Hırdavat › Cıvata,OPTIONAL,optional model,false,2,
Bahçe ve Yapı › Yapı Market › Hırdavat › Menteşe,OPTIONAL,optional model,false,2,
Bahçe ve Yapı › Yapı Market › Hırdavat › Kilit,OPTIONAL,optional model,false,2,
Bahçe ve Yapı › Yapı Market › Hırdavat › Tekerlek,OPTIONAL,optional model,false,2,
Bahçe ve Yapı › Yapı Market › Elektrik › Priz,OPTIONAL,optional model,false,2,
Bahçe ve Yapı › Yapı Market › Elektrik › Anahtar,OPTIONAL,optional model,false,2,
Bahçe ve Yapı › Yapı Market › Elektrik › Sigorta,OPTIONAL,optional model,false,2,
Bahçe ve Yapı › Yapı Market › Elektrik › Kablo,DISABLED,apparel/accessory style,false,3,
Bahçe ve Yapı › Yapı Market › Elektrik › Uzatma Kablosu,DISABLED,apparel/accessory style,false,3,
Bahçe ve Yapı › Yapı Market › Elektrik › Pano,OPTIONAL,optional model,false,2,
Bahçe ve Yapı › Yapı Market › Elektrik › Sensör,OPTIONAL,optional model,false,2,
Bahçe ve Yapı › Yapı Market › Tesisat › Musluk,OPTIONAL,optional model,false,2,
Bahçe ve Yapı › Yapı Market › Tesisat › Batarya,OPTIONAL,optional model,false,2,
Bahçe ve Yapı › Yapı Market › Tesisat › Duş Seti,OPTIONAL,optional model,false,2,
Bahçe ve Yapı › Yapı Market › Tesisat › Vana,OPTIONAL,optional model,false,2,
Bahçe ve Yapı › Yapı Market › Tesisat › Boru,OPTIONAL,optional model,false,2,
Bahçe ve Yapı › Yapı Market › Tesisat › Sifon,OPTIONAL,optional model,false,2,
Bahçe ve Yapı › Yapı Market › Tesisat › Armatür,OPTIONAL,optional model,false,2,
Bahçe ve Yapı › Yapı Market › İzolasyon › Isı Yalıtımı,OPTIONAL,optional model,false,2,
Bahçe ve Yapı › Yapı Market › İzolasyon › Su Yalıtımı,OPTIONAL,optional model,false,2,
Bahçe ve Yapı › Yapı Market › İzolasyon › Ses Yalıtımı,OPTIONAL,optional model,false,2,
Bahçe ve Yapı › Yapı Market › İzolasyon › Çatı Kaplama,OPTIONAL,optional model,false,2,
Bahçe ve Yapı › Yapı Market › İzolasyon › Yalıtım Bandı,OPTIONAL,optional model,false,2,
Endüstriyel ve Ticari Ürünler › Endüstriyel Makineler › Üretim Makineleri › CNC Makinesi,OPTIONAL,optional model,false,2,
Endüstriyel ve Ticari Ürünler › Endüstriyel Makineler › Üretim Makineleri › Torna,OPTIONAL,optional model,false,2,
Endüstriyel ve Ticari Ürünler › Endüstriyel Makineler › Üretim Makineleri › Freze,OPTIONAL,optional model,false,2,
Endüstriyel ve Ticari Ürünler › Endüstriyel Makineler › Üretim Makineleri › Pres,OPTIONAL,optional model,false,2,
Endüstriyel ve Ticari Ürünler › Endüstriyel Makineler › Üretim Makineleri › Lazer Kesim,OPTIONAL,optional model,false,2,
Endüstriyel ve Ticari Ürünler › Endüstriyel Makineler › Üretim Makineleri › Plazma Kesim,OPTIONAL,optional model,false,2,
Endüstriyel ve Ticari Ürünler › Endüstriyel Makineler › Üretim Makineleri › Şerit Testere,OPTIONAL,optional model,false,2,
Endüstriyel ve Ticari Ürünler › Endüstriyel Makineler › Üretim Makineleri › Paketleme Makinesi,OPTIONAL,optional model,false,2,
Endüstriyel ve Ticari Ürünler › Endüstriyel Makineler › Atölye Ekipmanları › Kompresör,OPTIONAL,optional model,false,2,
Endüstriyel ve Ticari Ürünler › Endüstriyel Makineler › Atölye Ekipmanları › Jeneratör,OPTIONAL,optional model,false,2,
Endüstriyel ve Ticari Ürünler › Endüstriyel Makineler › Atölye Ekipmanları › Kaynak Makinesi,OPTIONAL,optional model,false,2,
Endüstriyel ve Ticari Ürünler › Endüstriyel Makineler › Atölye Ekipmanları › Hava Tabancası,OPTIONAL,optional model,false,2,
Endüstriyel ve Ticari Ürünler › Endüstriyel Makineler › Atölye Ekipmanları › Takım Arabası,OPTIONAL,optional model,false,2,
Endüstriyel ve Ticari Ürünler › Endüstriyel Makineler › Atölye Ekipmanları › Mengene,OPTIONAL,optional model,false,2,
Endüstriyel ve Ticari Ürünler › Endüstriyel Makineler › Gıda Makineleri › Hamur Yoğurma,OPTIONAL,optional model,false,2,
Endüstriyel ve Ticari Ürünler › Endüstriyel Makineler › Gıda Makineleri › Dilimleme Makinesi,OPTIONAL,optional model,false,2,
Endüstriyel ve Ticari Ürünler › Endüstriyel Makineler › Gıda Makineleri › Et Kıyma Makinesi,OPTIONAL,optional model,false,2,
Endüstriyel ve Ticari Ürünler › Endüstriyel Makineler › Gıda Makineleri › Vakum Makinesi,OPTIONAL,optional model,false,2,
Endüstriyel ve Ticari Ürünler › Endüstriyel Makineler › Gıda Makineleri › Endüstriyel Mikser,OPTIONAL,optional model,false,2,
Endüstriyel ve Ticari Ürünler › Endüstriyel Makineler › Gıda Makineleri › Fritöz,OPTIONAL,optional model,false,2,
Endüstriyel ve Ticari Ürünler › Depo ve Lojistik › Depolama › Depo Rafı,OPTIONAL,optional model,false,2,
Endüstriyel ve Ticari Ürünler › Depo ve Lojistik › Depolama › Çelik Raf,OPTIONAL,optional model,false,2,
Endüstriyel ve Ticari Ürünler › Depo ve Lojistik › Depolama › Plastik Kasa,OPTIONAL,optional model,false,2,
Endüstriyel ve Ticari Ürünler › Depo ve Lojistik › Depolama › Palet,OPTIONAL,optional model,false,2,
Endüstriyel ve Ticari Ürünler › Depo ve Lojistik › Depolama › İstif Kutusu,DISABLED,apparel/accessory style,false,3,
Endüstriyel ve Ticari Ürünler › Depo ve Lojistik › Depolama › Dolap,OPTIONAL,optional model,false,2,
Endüstriyel ve Ticari Ürünler › Depo ve Lojistik › Taşıma › Transpalet,OPTIONAL,optional model,false,2,
Endüstriyel ve Ticari Ürünler › Depo ve Lojistik › Taşıma › İstif Makinesi,OPTIONAL,optional model,false,2,
Endüstriyel ve Ticari Ürünler › Depo ve Lojistik › Taşıma › Platform Arabası,OPTIONAL,optional model,false,2,
Endüstriyel ve Ticari Ürünler › Depo ve Lojistik › Taşıma › El Arabası,OPTIONAL,optional model,false,2,
Endüstriyel ve Ticari Ürünler › Depo ve Lojistik › Taşıma › Konveyör,OPTIONAL,optional model,false,2,
Endüstriyel ve Ticari Ürünler › Depo ve Lojistik › Taşıma › Forklift Ataşmanı,OPTIONAL,optional model,false,2,
Endüstriyel ve Ticari Ürünler › Mağaza ve Market › Mağaza Ekipmanları › Raf Sistemi,OPTIONAL,optional model,false,2,
Endüstriyel ve Ticari Ürünler › Mağaza ve Market › Mağaza Ekipmanları › Vitrin,OPTIONAL,optional model,false,2,
Endüstriyel ve Ticari Ürünler › Mağaza ve Market › Mağaza Ekipmanları › Askılık,DISABLED,apparel/accessory style,false,3,
Endüstriyel ve Ticari Ürünler › Mağaza ve Market › Mağaza Ekipmanları › Manken,OPTIONAL,optional model,false,2,
Endüstriyel ve Ticari Ürünler › Mağaza ve Market › Mağaza Ekipmanları › Kasa Bankosu,OPTIONAL,optional model,false,2,
Endüstriyel ve Ticari Ürünler › Mağaza ve Market › Mağaza Ekipmanları › Fiyat Etiketi,OPTIONAL,optional model,false,2,
Endüstriyel ve Ticari Ürünler › Mağaza ve Market › Ödeme ve Otomasyon › Yazar Kasa,OPTIONAL,optional model,false,2,
Endüstriyel ve Ticari Ürünler › Mağaza ve Market › Ödeme ve Otomasyon › POS Terminali,OPTIONAL,optional model,false,2,
Endüstriyel ve Ticari Ürünler › Mağaza ve Market › Ödeme ve Otomasyon › Barkod Okuyucu,OPTIONAL,optional model,false,2,
Endüstriyel ve Ticari Ürünler › Mağaza ve Market › Ödeme ve Otomasyon › Etiket Yazıcı,OPTIONAL,optional model,false,2,
Endüstriyel ve Ticari Ürünler › Mağaza ve Market › Ödeme ve Otomasyon › Para Çekmecesi,OPTIONAL,optional model,false,2,
Endüstriyel ve Ticari Ürünler › Mağaza ve Market › Ödeme ve Otomasyon › Terazi,OPTIONAL,optional model,false,2,
Endüstriyel ve Ticari Ürünler › Mağaza ve Market › Soğutma › Market Dolabı,OPTIONAL,optional model,false,2,
Endüstriyel ve Ticari Ürünler › Mağaza ve Market › Soğutma › Şarküteri Dolabı,OPTIONAL,optional model,false,2,
Endüstriyel ve Ticari Ürünler › Mağaza ve Market › Soğutma › Dondurma Reyonu,OPTIONAL,optional model,false,2,
Endüstriyel ve Ticari Ürünler › Mağaza ve Market › Soğutma › Soğuk Oda Ekipmanı,OPTIONAL,optional model,false,2,
Endüstriyel ve Ticari Ürünler › Restoran ve Otel › Mutfak Ekipmanları › Endüstriyel Fırın,OPTIONAL,optional model,false,2,
Endüstriyel ve Ticari Ürünler › Restoran ve Otel › Mutfak Ekipmanları › Endüstriyel Ocak,OPTIONAL,optional model,false,2,
Endüstriyel ve Ticari Ürünler › Restoran ve Otel › Mutfak Ekipmanları › Endüstriyel Bulaşık,OPTIONAL,optional model,false,2,
Endüstriyel ve Ticari Ürünler › Restoran ve Otel › Mutfak Ekipmanları › Davlumbaz,OPTIONAL,optional model,false,2,
Endüstriyel ve Ticari Ürünler › Restoran ve Otel › Mutfak Ekipmanları › Hazırlık Tezgahı,OPTIONAL,optional model,false,2,
Endüstriyel ve Ticari Ürünler › Restoran ve Otel › Servis Ekipmanları › Servis Arabası,OPTIONAL,optional model,false,2,
Endüstriyel ve Ticari Ürünler › Restoran ve Otel › Servis Ekipmanları › Benmari,OPTIONAL,optional model,false,2,
Endüstriyel ve Ticari Ürünler › Restoran ve Otel › Servis Ekipmanları › Çay Kazanı,OPTIONAL,optional model,false,2,
Endüstriyel ve Ticari Ürünler › Restoran ve Otel › Servis Ekipmanları › Kahve Makinesi,OPTIONAL,optional model,false,2,
Endüstriyel ve Ticari Ürünler › Restoran ve Otel › Servis Ekipmanları › Buz Makinesi,OPTIONAL,optional model,false,2,
Endüstriyel ve Ticari Ürünler › Restoran ve Otel › Otel Ekipmanları › Mini Bar,OPTIONAL,optional model,false,2,
Endüstriyel ve Ticari Ürünler › Restoran ve Otel › Otel Ekipmanları › Otel Tipi Kasa,OPTIONAL,optional model,false,2,
Endüstriyel ve Ticari Ürünler › Restoran ve Otel › Otel Ekipmanları › Bagaj Arabası,OPTIONAL,optional model,false,2,
Endüstriyel ve Ticari Ürünler › Restoran ve Otel › Otel Ekipmanları › Kat Arabası,OPTIONAL,optional model,false,2,
Endüstriyel ve Ticari Ürünler › Restoran ve Otel › Otel Ekipmanları › Otel Tekstili,OPTIONAL,optional model,false,2,
Endüstriyel ve Ticari Ürünler › İş Güvenliği › Kişisel Koruyucu › Baret,OPTIONAL,optional model,false,2,
Endüstriyel ve Ticari Ürünler › İş Güvenliği › Kişisel Koruyucu › İş Ayakkabısı,OPTIONAL,optional model,false,2,
Endüstriyel ve Ticari Ürünler › İş Güvenliği › Kişisel Koruyucu › İş Eldiveni,OPTIONAL,optional model,false,2,
Endüstriyel ve Ticari Ürünler › İş Güvenliği › Kişisel Koruyucu › Koruyucu Gözlük,OPTIONAL,optional model,false,2,
Endüstriyel ve Ticari Ürünler › İş Güvenliği › Kişisel Koruyucu › Maske,OPTIONAL,optional model,false,2,
Endüstriyel ve Ticari Ürünler › İş Güvenliği › Kişisel Koruyucu › Reflektörlü Yelek,OPTIONAL,optional model,false,2,
Endüstriyel ve Ticari Ürünler › İş Güvenliği › Kişisel Koruyucu › Emniyet Kemeri,OPTIONAL,optional model,false,2,
Endüstriyel ve Ticari Ürünler › İş Güvenliği › İşyeri Güvenliği › Yangın Söndürücü,OPTIONAL,optional model,false,2,
Endüstriyel ve Ticari Ürünler › İş Güvenliği › İşyeri Güvenliği › Uyarı Levhası,OPTIONAL,optional model,false,2,
Endüstriyel ve Ticari Ürünler › İş Güvenliği › İşyeri Güvenliği › Bariyer,OPTIONAL,optional model,false,2,
Endüstriyel ve Ticari Ürünler › İş Güvenliği › İşyeri Güvenliği › İlk Yardım Dolabı,OPTIONAL,optional model,false,2,
Endüstriyel ve Ticari Ürünler › İş Güvenliği › İşyeri Güvenliği › Acil Aydınlatma,OPTIONAL,optional model,false,2,
Endüstriyel ve Ticari Ürünler › Ofis ve Ticari Teknoloji › Kurumsal Donanım › Sunucu,OPTIONAL,optional model,false,2,
Endüstriyel ve Ticari Ürünler › Ofis ve Ticari Teknoloji › Kurumsal Donanım › Rack Kabin,OPTIONAL,optional model,false,2,
Endüstriyel ve Ticari Ürünler › Ofis ve Ticari Teknoloji › Kurumsal Donanım › UPS,OPTIONAL,optional model,false,2,
Endüstriyel ve Ticari Ürünler › Ofis ve Ticari Teknoloji › Kurumsal Donanım › Switch,OPTIONAL,optional model,false,2,
Endüstriyel ve Ticari Ürünler › Ofis ve Ticari Teknoloji › Kurumsal Donanım › Kurumsal Yazıcı,OPTIONAL,optional model,false,2,
Endüstriyel ve Ticari Ürünler › Ofis ve Ticari Teknoloji › Kurumsal Donanım › Video Konferans Sistemi,OPTIONAL,optional model,false,2,
Endüstriyel ve Ticari Ürünler › Ofis ve Ticari Teknoloji › Güvenlik ve Geçiş › Turnike,OPTIONAL,optional model,false,2,
Endüstriyel ve Ticari Ürünler › Ofis ve Ticari Teknoloji › Güvenlik ve Geçiş › Kartlı Geçiş,OPTIONAL,optional model,false,2,
Endüstriyel ve Ticari Ürünler › Ofis ve Ticari Teknoloji › Güvenlik ve Geçiş › Parmak İzi Cihazı,OPTIONAL,optional model,false,2,
Endüstriyel ve Ticari Ürünler › Ofis ve Ticari Teknoloji › Güvenlik ve Geçiş › X-Ray Cihazı,OPTIONAL,optional model,false,2,
Endüstriyel ve Ticari Ürünler › Ofis ve Ticari Teknoloji › Güvenlik ve Geçiş › Metal Dedektörü,OPTIONAL,optional model,false,2,
