categoryPath,brandName,brandSlug,featured,allowUnbranded,source,notes
Elektronik › Telefon ve Aksesuar › Cep Telefonu › Akıllı Telefon,Apple,apple,true,true,plan,seed later — plan only
Elektronik › Telefon ve Aksesuar › Cep Telefonu › Akıllı Telefon,Samsung,samsung,true,true,plan,seed later — plan only
Elektronik › Telefon ve Aksesuar › Cep Telefonu › Akıllı Telefon,Xiaomi,xiaomi,true,true,plan,seed later — plan only
Elektronik › Telefon ve Aksesuar › Cep Telefonu › Akıllı Telefon,Huawei,huawei,true,true,plan,seed later — plan only
Elektronik › Telefon ve Aksesuar › Cep Telefonu › Akıllı Telefon,Oppo,oppo,true,true,plan,seed later — plan only
Elektronik › Telefon ve Aksesuar › Cep Telefonu › Akıllı Telefon,Google,google,false,true,plan,seed later — plan only
Elektronik › Telefon ve Aksesuar › Cep Telefonu › Akıllı Telefon,OnePlus,oneplus,false,true,plan,seed later — plan only
Elektronik › Telefon ve Aksesuar › Cep Telefonu › Tuşlu Telefon,Apple,apple,true,true,plan,seed later — plan only
Elektronik › Telefon ve Aksesuar › Cep Telefonu › Tuşlu Telefon,Samsung,samsung,true,true,plan,seed later — plan only
Elektronik › Telefon ve Aksesuar › Cep Telefonu › Tuşlu Telefon,Xiaomi,xiaomi,true,true,plan,seed later — plan only
Elektronik › Telefon ve Aksesuar › Cep Telefonu › Tuşlu Telefon,Huawei,huawei,true,true,plan,seed later — plan only
Elektronik › Telefon ve Aksesuar › Cep Telefonu › Tuşlu Telefon,Oppo,oppo,true,true,plan,seed later — plan only
Elektronik › Telefon ve Aksesuar › Cep Telefonu › Tuşlu Telefon,Google,google,false,true,plan,seed later — plan only
Elektronik › Telefon ve Aksesuar › Cep Telefonu › Tuşlu Telefon,OnePlus,oneplus,false,true,plan,seed later — plan only
Elektronik › Telefon ve Aksesuar › Cep Telefonu › Katlanabilir Telefon,Apple,apple,true,true,plan,seed later — plan only
Elektronik › Telefon ve Aksesuar › Cep Telefonu › Katlanabilir Telefon,Samsung,samsung,true,true,plan,seed later — plan only
Elektronik › Telefon ve Aksesuar › Cep Telefonu › Katlanabilir Telefon,Xiaomi,xiaomi,true,true,plan,seed later — plan only
Elektronik › Telefon ve Aksesuar › Cep Telefonu › Katlanabilir Telefon,Huawei,huawei,true,true,plan,seed later — plan only
Elektronik › Telefon ve Aksesuar › Cep Telefonu › Katlanabilir Telefon,Oppo,oppo,true,true,plan,seed later — plan only
Elektronik › Telefon ve Aksesuar › Cep Telefonu › Katlanabilir Telefon,Google,google,false,true,plan,seed later — plan only
Elektronik › Telefon ve Aksesuar › Cep Telefonu › Katlanabilir Telefon,OnePlus,oneplus,false,true,plan,seed later — plan only
Elektronik › Telefon ve Aksesuar › Cep Telefonu › Outdoor Telefon,Apple,apple,true,true,plan,seed later — plan only
Elektronik › Telefon ve Aksesuar › Cep Telefonu › Outdoor Telefon,Samsung,samsung,true,true,plan,seed later — plan only
Elektronik › Telefon ve Aksesuar › Cep Telefonu › Outdoor Telefon,Xiaomi,xiaomi,true,true,plan,seed later — plan only
Elektronik › Telefon ve Aksesuar › Cep Telefonu › Outdoor Telefon,Huawei,huawei,true,true,plan,seed later — plan only
Elektronik › Telefon ve Aksesuar › Cep Telefonu › Outdoor Telefon,Oppo,oppo,true,true,plan,seed later — plan only
Elektronik › Telefon ve Aksesuar › Cep Telefonu › Outdoor Telefon,Google,google,false,true,plan,seed later — plan only
Elektronik › Telefon ve Aksesuar › Cep Telefonu › Outdoor Telefon,OnePlus,oneplus,false,true,plan,seed later — plan only
Elektronik › Telefon ve Aksesuar › Telefon Aksesuarları › Telefon Kılıfı,Apple,apple,true,true,plan,seed later — plan only
Elektronik › Telefon ve Aksesuar › Telefon Aksesuarları › Telefon Kılıfı,Samsung,samsung,true,true,plan,seed later — plan only
Elektronik › Telefon ve Aksesuar › Telefon Aksesuarları › Telefon Kılıfı,Xiaomi,xiaomi,true,true,plan,seed later — plan only
Elektronik › Telefon ve Aksesuar › Telefon Aksesuarları › Telefon Kılıfı,Huawei,huawei,true,true,plan,seed later — plan only
Elektronik › Telefon ve Aksesuar › Telefon Aksesuarları › Telefon Kılıfı,Oppo,oppo,true,true,plan,seed later — plan only
Elektronik › Telefon ve Aksesuar › Telefon Aksesuarları › Telefon Kılıfı,Google,google,false,true,plan,seed later — plan only
Elektronik › Telefon ve Aksesuar › Telefon Aksesuarları › Telefon Kılıfı,OnePlus,oneplus,false,true,plan,seed later — plan only
Elektronik › Telefon ve Aksesuar › Telefon Aksesuarları › Ekran Koruyucu,Apple,apple,true,true,plan,seed later — plan only
Elektronik › Telefon ve Aksesuar › Telefon Aksesuarları › Ekran Koruyucu,Samsung,samsung,true,true,plan,seed later — plan only
Elektronik › Telefon ve Aksesuar › Telefon Aksesuarları › Ekran Koruyucu,Xiaomi,xiaomi,true,true,plan,seed later — plan only
Elektronik › Telefon ve Aksesuar › Telefon Aksesuarları › Ekran Koruyucu,Huawei,huawei,true,true,plan,seed later — plan only
Elektronik › Telefon ve Aksesuar › Telefon Aksesuarları › Ekran Koruyucu,Oppo,oppo,true,true,plan,seed later — plan only
Elektronik › Telefon ve Aksesuar › Telefon Aksesuarları › Ekran Koruyucu,Google,google,false,true,plan,seed later — plan only
Elektronik › Telefon ve Aksesuar › Telefon Aksesuarları › Ekran Koruyucu,OnePlus,oneplus,false,true,plan,seed later — plan only
Elektronik › Telefon ve Aksesuar › Telefon Aksesuarları › Şarj Adaptörü,Apple,apple,true,true,plan,seed later — plan only
Elektronik › Telefon ve Aksesuar › Telefon Aksesuarları › Şarj Adaptörü,Samsung,samsung,true,true,plan,seed later — plan only
Elektronik › Telefon ve Aksesuar › Telefon Aksesuarları › Şarj Adaptörü,Xiaomi,xiaomi,true,true,plan,seed later — plan only
Elektronik › Telefon ve Aksesuar › Telefon Aksesuarları › Şarj Adaptörü,Huawei,huawei,true,true,plan,seed later — plan only
Elektronik › Telefon ve Aksesuar › Telefon Aksesuarları › Şarj Adaptörü,Oppo,oppo,true,true,plan,seed later — plan only
Elektronik › Telefon ve Aksesuar › Telefon Aksesuarları › Şarj Adaptörü,Google,google,false,true,plan,seed later — plan only
Elektronik › Telefon ve Aksesuar › Telefon Aksesuarları › Şarj Adaptörü,OnePlus,oneplus,false,true,plan,seed later — plan only
Elektronik › Telefon ve Aksesuar › Telefon Aksesuarları › Şarj Kablosu,Apple,apple,true,true,plan,seed later — plan only
Elektronik › Telefon ve Aksesuar › Telefon Aksesuarları › Şarj Kablosu,Samsung,samsung,true,true,plan,seed later — plan only
Elektronik › Telefon ve Aksesuar › Telefon Aksesuarları › Şarj Kablosu,Xiaomi,xiaomi,true,true,plan,seed later — plan only
Elektronik › Telefon ve Aksesuar › Telefon Aksesuarları › Şarj Kablosu,Huawei,huawei,true,true,plan,seed later — plan only
Elektronik › Telefon ve Aksesuar › Telefon Aksesuarları › Şarj Kablosu,Oppo,oppo,true,true,plan,seed later — plan only
Elektronik › Telefon ve Aksesuar › Telefon Aksesuarları › Şarj Kablosu,Google,google,false,true,plan,seed later — plan only
Elektronik › Telefon ve Aksesuar › Telefon Aksesuarları › Şarj Kablosu,OnePlus,oneplus,false,true,plan,seed later — plan only
Elektronik › Telefon ve Aksesuar › Telefon Aksesuarları › Kablosuz Şarj Cihazı,Apple,apple,true,true,plan,seed later — plan only
Elektronik › Telefon ve Aksesuar › Telefon Aksesuarları › Kablosuz Şarj Cihazı,Samsung,samsung,true,true,plan,seed later — plan only
Elektronik › Telefon ve Aksesuar › Telefon Aksesuarları › Kablosuz Şarj Cihazı,Xiaomi,xiaomi,true,true,plan,seed later — plan only
Elektronik › Telefon ve Aksesuar › Telefon Aksesuarları › Kablosuz Şarj Cihazı,Huawei,huawei,true,true,plan,seed later — plan only
Elektronik › Telefon ve Aksesuar › Telefon Aksesuarları › Kablosuz Şarj Cihazı,Oppo,oppo,true,true,plan,seed later — plan only
Elektronik › Telefon ve Aksesuar › Telefon Aksesuarları › Kablosuz Şarj Cihazı,Google,google,false,true,plan,seed later — plan only
Elektronik › Telefon ve Aksesuar › Telefon Aksesuarları › Kablosuz Şarj Cihazı,OnePlus,oneplus,false,true,plan,seed later — plan only
Elektronik › Telefon ve Aksesuar › Telefon Aksesuarları › Powerbank,Apple,apple,true,true,plan,seed later — plan only
Elektronik › Telefon ve Aksesuar › Telefon Aksesuarları › Powerbank,Samsung,samsung,true,true,plan,seed later — plan only
Elektronik › Telefon ve Aksesuar › Telefon Aksesuarları › Powerbank,Xiaomi,xiaomi,true,true,plan,seed later — plan only
Elektronik › Telefon ve Aksesuar › Telefon Aksesuarları › Powerbank,Huawei,huawei,true,true,plan,seed later — plan only
Elektronik › Telefon ve Aksesuar › Telefon Aksesuarları › Powerbank,Oppo,oppo,true,true,plan,seed later — plan only
Elektronik › Telefon ve Aksesuar › Telefon Aksesuarları › Powerbank,Google,google,false,true,plan,seed later — plan only
Elektronik › Telefon ve Aksesuar › Telefon Aksesuarları › Powerbank,OnePlus,oneplus,false,true,plan,seed later — plan only
Elektronik › Telefon ve Aksesuar › Telefon Aksesuarları › Araç İçi Telefon Tutucu,Apple,apple,true,true,plan,seed later — plan only
Elektronik › Telefon ve Aksesuar › Telefon Aksesuarları › Araç İçi Telefon Tutucu,Samsung,samsung,true,true,plan,seed later — plan only
Elektronik › Telefon ve Aksesuar › Telefon Aksesuarları › Araç İçi Telefon Tutucu,Xiaomi,xiaomi,true,true,plan,seed later — plan only
Elektronik › Telefon ve Aksesuar › Telefon Aksesuarları › Araç İçi Telefon Tutucu,Huawei,huawei,true,true,plan,seed later — plan only
Elektronik › Telefon ve Aksesuar › Telefon Aksesuarları › Araç İçi Telefon Tutucu,Oppo,oppo,true,true,plan,seed later — plan only
Elektronik › Telefon ve Aksesuar › Telefon Aksesuarları › Araç İçi Telefon Tutucu,Google,google,false,true,plan,seed later — plan only
Elektronik › Telefon ve Aksesuar › Telefon Aksesuarları › Araç İçi Telefon Tutucu,OnePlus,oneplus,false,true,plan,seed later — plan only
Elektronik › Telefon ve Aksesuar › Telefon Aksesuarları › Masaüstü Telefon Standı,Apple,apple,true,true,plan,seed later — plan only
Elektronik › Telefon ve Aksesuar › Telefon Aksesuarları › Masaüstü Telefon Standı,Samsung,samsung,true,true,plan,seed later — plan only
Elektronik › Telefon ve Aksesuar › Telefon Aksesuarları › Masaüstü Telefon Standı,Xiaomi,xiaomi,true,true,plan,seed later — plan only
Elektronik › Telefon ve Aksesuar › Telefon Aksesuarları › Masaüstü Telefon Standı,Huawei,huawei,true,true,plan,seed later — plan only
Elektronik › Telefon ve Aksesuar › Telefon Aksesuarları › Masaüstü Telefon Standı,Oppo,oppo,true,true,plan,seed later — plan only
Elektronik › Telefon ve Aksesuar › Telefon Aksesuarları › Masaüstü Telefon Standı,Google,google,false,true,plan,seed later — plan only
Elektronik › Telefon ve Aksesuar › Telefon Aksesuarları › Masaüstü Telefon Standı,OnePlus,oneplus,false,true,plan,seed later — plan only
Elektronik › Telefon ve Aksesuar › Telefon Aksesuarları › Selfie Çubuğu,Apple,apple,true,true,plan,seed later — plan only
Elektronik › Telefon ve Aksesuar › Telefon Aksesuarları › Selfie Çubuğu,Samsung,samsung,true,true,plan,seed later — plan only
Elektronik › Telefon ve Aksesuar › Telefon Aksesuarları › Selfie Çubuğu,Xiaomi,xiaomi,true,true,plan,seed later — plan only
Elektronik › Telefon ve Aksesuar › Telefon Aksesuarları › Selfie Çubuğu,Huawei,huawei,true,true,plan,seed later — plan only
Elektronik › Telefon ve Aksesuar › Telefon Aksesuarları › Selfie Çubuğu,Oppo,oppo,true,true,plan,seed later — plan only
Elektronik › Telefon ve Aksesuar › Telefon Aksesuarları › Selfie Çubuğu,Google,google,false,true,plan,seed later — plan only
Elektronik › Telefon ve Aksesuar › Telefon Aksesuarları › Selfie Çubuğu,OnePlus,oneplus,false,true,plan,seed later — plan only
Elektronik › Telefon ve Aksesuar › Telefon Aksesuarları › Bluetooth Kulaklık,Apple,apple,true,true,plan,seed later — plan only
Elektronik › Telefon ve Aksesuar › Telefon Aksesuarları › Bluetooth Kulaklık,Samsung,samsung,true,true,plan,seed later — plan only
Elektronik › Telefon ve Aksesuar › Telefon Aksesuarları › Bluetooth Kulaklık,Xiaomi,xiaomi,true,true,plan,seed later — plan only
Elektronik › Telefon ve Aksesuar › Telefon Aksesuarları › Bluetooth Kulaklık,Huawei,huawei,true,true,plan,seed later — plan only
Elektronik › Telefon ve Aksesuar › Telefon Aksesuarları › Bluetooth Kulaklık,Oppo,oppo,true,true,plan,seed later — plan only
Elektronik › Telefon ve Aksesuar › Telefon Aksesuarları › Bluetooth Kulaklık,Google,google,false,true,plan,seed later — plan only
Elektronik › Telefon ve Aksesuar › Telefon Aksesuarları › Bluetooth Kulaklık,OnePlus,oneplus,false,true,plan,seed later — plan only
Elektronik › Telefon ve Aksesuar › Telefon Aksesuarları › Kablolu Kulaklık,Apple,apple,true,true,plan,seed later — plan only
Elektronik › Telefon ve Aksesuar › Telefon Aksesuarları › Kablolu Kulaklık,Samsung,samsung,true,true,plan,seed later — plan only
Elektronik › Telefon ve Aksesuar › Telefon Aksesuarları › Kablolu Kulaklık,Xiaomi,xiaomi,true,true,plan,seed later — plan only
Elektronik › Telefon ve Aksesuar › Telefon Aksesuarları › Kablolu Kulaklık,Huawei,huawei,true,true,plan,seed later — plan only
Elektronik › Telefon ve Aksesuar › Telefon Aksesuarları › Kablolu Kulaklık,Oppo,oppo,true,true,plan,seed later — plan only
Elektronik › Telefon ve Aksesuar › Telefon Aksesuarları › Kablolu Kulaklık,Google,google,false,true,plan,seed later — plan only
Elektronik › Telefon ve Aksesuar › Telefon Aksesuarları › Kablolu Kulaklık,OnePlus,oneplus,false,true,plan,seed later — plan only
Elektronik › Telefon ve Aksesuar › Telefon Aksesuarları › Telefon Yedek Parça,Apple,apple,true,true,plan,seed later — plan only
Elektronik › Telefon ve Aksesuar › Telefon Aksesuarları › Telefon Yedek Parça,Samsung,samsung,true,true,plan,seed later — plan only
Elektronik › Telefon ve Aksesuar › Telefon Aksesuarları › Telefon Yedek Parça,Xiaomi,xiaomi,true,true,plan,seed later — plan only
Elektronik › Telefon ve Aksesuar › Telefon Aksesuarları › Telefon Yedek Parça,Huawei,huawei,true,true,plan,seed later — plan only
Elektronik › Telefon ve Aksesuar › Telefon Aksesuarları › Telefon Yedek Parça,Oppo,oppo,true,true,plan,seed later — plan only
Elektronik › Telefon ve Aksesuar › Telefon Aksesuarları › Telefon Yedek Parça,Google,google,false,true,plan,seed later — plan only
Elektronik › Telefon ve Aksesuar › Telefon Aksesuarları › Telefon Yedek Parça,OnePlus,oneplus,false,true,plan,seed later — plan only
Elektronik › Telefon ve Aksesuar › Giyilebilir Teknoloji › Akıllı Saat,Apple,apple,true,true,plan,seed later — plan only
Elektronik › Telefon ve Aksesuar › Giyilebilir Teknoloji › Akıllı Saat,Samsung,samsung,true,true,plan,seed later — plan only
Elektronik › Telefon ve Aksesuar › Giyilebilir Teknoloji › Akıllı Saat,Xiaomi,xiaomi,true,true,plan,seed later — plan only
Elektronik › Telefon ve Aksesuar › Giyilebilir Teknoloji › Akıllı Saat,Huawei,huawei,true,true,plan,seed later — plan only
Elektronik › Telefon ve Aksesuar › Giyilebilir Teknoloji › Akıllı Saat,Oppo,oppo,true,true,plan,seed later — plan only
Elektronik › Telefon ve Aksesuar › Giyilebilir Teknoloji › Akıllı Saat,Google,google,false,true,plan,seed later — plan only
Elektronik › Telefon ve Aksesuar › Giyilebilir Teknoloji › Akıllı Saat,OnePlus,oneplus,false,true,plan,seed later — plan only
Elektronik › Telefon ve Aksesuar › Giyilebilir Teknoloji › Akıllı Bileklik,Apple,apple,true,true,plan,seed later — plan only
Elektronik › Telefon ve Aksesuar › Giyilebilir Teknoloji › Akıllı Bileklik,Samsung,samsung,true,true,plan,seed later — plan only
Elektronik › Telefon ve Aksesuar › Giyilebilir Teknoloji › Akıllı Bileklik,Xiaomi,xiaomi,true,true,plan,seed later — plan only
Elektronik › Telefon ve Aksesuar › Giyilebilir Teknoloji › Akıllı Bileklik,Huawei,huawei,true,true,plan,seed later — plan only
Elektronik › Telefon ve Aksesuar › Giyilebilir Teknoloji › Akıllı Bileklik,Oppo,oppo,true,true,plan,seed later — plan only
Elektronik › Telefon ve Aksesuar › Giyilebilir Teknoloji › Akıllı Bileklik,Google,google,false,true,plan,seed later — plan only
Elektronik › Telefon ve Aksesuar › Giyilebilir Teknoloji › Akıllı Bileklik,OnePlus,oneplus,false,true,plan,seed later — plan only
Elektronik › Telefon ve Aksesuar › Giyilebilir Teknoloji › Çocuk Akıllı Saati,Apple,apple,true,true,plan,seed later — plan only
Elektronik › Telefon ve Aksesuar › Giyilebilir Teknoloji › Çocuk Akıllı Saati,Samsung,samsung,true,true,plan,seed later — plan only
Elektronik › Telefon ve Aksesuar › Giyilebilir Teknoloji › Çocuk Akıllı Saati,Xiaomi,xiaomi,true,true,plan,seed later — plan only
Elektronik › Telefon ve Aksesuar › Giyilebilir Teknoloji › Çocuk Akıllı Saati,Huawei,huawei,true,true,plan,seed later — plan only
Elektronik › Telefon ve Aksesuar › Giyilebilir Teknoloji › Çocuk Akıllı Saati,Oppo,oppo,true,true,plan,seed later — plan only
Elektronik › Telefon ve Aksesuar › Giyilebilir Teknoloji › Çocuk Akıllı Saati,Google,google,false,true,plan,seed later — plan only
Elektronik › Telefon ve Aksesuar › Giyilebilir Teknoloji › Çocuk Akıllı Saati,OnePlus,oneplus,false,true,plan,seed later — plan only
Elektronik › Telefon ve Aksesuar › Giyilebilir Teknoloji › Akıllı Yüzük,Apple,apple,true,true,plan,seed later — plan only
Elektronik › Telefon ve Aksesuar › Giyilebilir Teknoloji › Akıllı Yüzük,Samsung,samsung,true,true,plan,seed later — plan only
Elektronik › Telefon ve Aksesuar › Giyilebilir Teknoloji › Akıllı Yüzük,Xiaomi,xiaomi,true,true,plan,seed later — plan only
Elektronik › Telefon ve Aksesuar › Giyilebilir Teknoloji › Akıllı Yüzük,Huawei,huawei,true,true,plan,seed later — plan only
Elektronik › Telefon ve Aksesuar › Giyilebilir Teknoloji › Akıllı Yüzük,Oppo,oppo,true,true,plan,seed later — plan only
Elektronik › Telefon ve Aksesuar › Giyilebilir Teknoloji › Akıllı Yüzük,Google,google,false,true,plan,seed later — plan only
Elektronik › Telefon ve Aksesuar › Giyilebilir Teknoloji › Akıllı Yüzük,OnePlus,oneplus,false,true,plan,seed later — plan only
Elektronik › Telefon ve Aksesuar › Giyilebilir Teknoloji › GPS Takip Cihazı,Apple,apple,true,true,plan,seed later — plan only
Elektronik › Telefon ve Aksesuar › Giyilebilir Teknoloji › GPS Takip Cihazı,Samsung,samsung,true,true,plan,seed later — plan only
Elektronik › Telefon ve Aksesuar › Giyilebilir Teknoloji › GPS Takip Cihazı,Xiaomi,xiaomi,true,true,plan,seed later — plan only
Elektronik › Telefon ve Aksesuar › Giyilebilir Teknoloji › GPS Takip Cihazı,Huawei,huawei,true,true,plan,seed later — plan only
Elektronik › Telefon ve Aksesuar › Giyilebilir Teknoloji › GPS Takip Cihazı,Oppo,oppo,true,true,plan,seed later — plan only
Elektronik › Telefon ve Aksesuar › Giyilebilir Teknoloji › GPS Takip Cihazı,Google,google,false,true,plan,seed later — plan only
Elektronik › Telefon ve Aksesuar › Giyilebilir Teknoloji › GPS Takip Cihazı,OnePlus,oneplus,false,true,plan,seed later — plan only
Elektronik › Telefon ve Aksesuar › İletişim Cihazları › Telsiz,Apple,apple,true,true,plan,seed later — plan only
Elektronik › Telefon ve Aksesuar › İletişim Cihazları › Telsiz,Samsung,samsung,true,true,plan,seed later — plan only
Elektronik › Telefon ve Aksesuar › İletişim Cihazları › Telsiz,Xiaomi,xiaomi,true,true,plan,seed later — plan only
Elektronik › Telefon ve Aksesuar › İletişim Cihazları › Telsiz,Huawei,huawei,true,true,plan,seed later — plan only
Elektronik › Telefon ve Aksesuar › İletişim Cihazları › Telsiz,Oppo,oppo,true,true,plan,seed later — plan only
Elektronik › Telefon ve Aksesuar › İletişim Cihazları › Telsiz,Google,google,false,true,plan,seed later — plan only
Elektronik › Telefon ve Aksesuar › İletişim Cihazları › Telsiz,OnePlus,oneplus,false,true,plan,seed later — plan only
Elektronik › Telefon ve Aksesuar › İletişim Cihazları › Sabit Telefon,Apple,apple,true,true,plan,seed later — plan only
Elektronik › Telefon ve Aksesuar › İletişim Cihazları › Sabit Telefon,Samsung,samsung,true,true,plan,seed later — plan only
Elektronik › Telefon ve Aksesuar › İletişim Cihazları › Sabit Telefon,Xiaomi,xiaomi,true,true,plan,seed later — plan only
Elektronik › Telefon ve Aksesuar › İletişim Cihazları › Sabit Telefon,Huawei,huawei,true,true,plan,seed later — plan only
Elektronik › Telefon ve Aksesuar › İletişim Cihazları › Sabit Telefon,Oppo,oppo,true,true,plan,seed later — plan only
Elektronik › Telefon ve Aksesuar › İletişim Cihazları › Sabit Telefon,Google,google,false,true,plan,seed later — plan only
Elektronik › Telefon ve Aksesuar › İletişim Cihazları › Sabit Telefon,OnePlus,oneplus,false,true,plan,seed later — plan only
Elektronik › Telefon ve Aksesuar › İletişim Cihazları › IP Telefon,Apple,apple,true,true,plan,seed later — plan only
Elektronik › Telefon ve Aksesuar › İletişim Cihazları › IP Telefon,Samsung,samsung,true,true,plan,seed later — plan only
Elektronik › Telefon ve Aksesuar › İletişim Cihazları › IP Telefon,Xiaomi,xiaomi,true,true,plan,seed later — plan only
Elektronik › Telefon ve Aksesuar › İletişim Cihazları › IP Telefon,Huawei,huawei,true,true,plan,seed later — plan only
Elektronik › Telefon ve Aksesuar › İletişim Cihazları › IP Telefon,Oppo,oppo,true,true,plan,seed later — plan only
Elektronik › Telefon ve Aksesuar › İletişim Cihazları › IP Telefon,Google,google,false,true,plan,seed later — plan only
Elektronik › Telefon ve Aksesuar › İletişim Cihazları › IP Telefon,OnePlus,oneplus,false,true,plan,seed later — plan only
Elektronik › Telefon ve Aksesuar › İletişim Cihazları › Uydu Telefonu,Apple,apple,true,true,plan,seed later — plan only
Elektronik › Telefon ve Aksesuar › İletişim Cihazları › Uydu Telefonu,Samsung,samsung,true,true,plan,seed later — plan only
Elektronik › Telefon ve Aksesuar › İletişim Cihazları › Uydu Telefonu,Xiaomi,xiaomi,true,true,plan,seed later — plan only
Elektronik › Telefon ve Aksesuar › İletişim Cihazları › Uydu Telefonu,Huawei,huawei,true,true,plan,seed later — plan only
Elektronik › Telefon ve Aksesuar › İletişim Cihazları › Uydu Telefonu,Oppo,oppo,true,true,plan,seed later — plan only
Elektronik › Telefon ve Aksesuar › İletişim Cihazları › Uydu Telefonu,Google,google,false,true,plan,seed later — plan only
Elektronik › Telefon ve Aksesuar › İletişim Cihazları › Uydu Telefonu,OnePlus,oneplus,false,true,plan,seed later — plan only
Elektronik › Telefon ve Aksesuar › İletişim Cihazları › Çağrı Cihazı,Apple,apple,true,true,plan,seed later — plan only
Elektronik › Telefon ve Aksesuar › İletişim Cihazları › Çağrı Cihazı,Samsung,samsung,true,true,plan,seed later — plan only
Elektronik › Telefon ve Aksesuar › İletişim Cihazları › Çağrı Cihazı,Xiaomi,xiaomi,true,true,plan,seed later — plan only
Elektronik › Telefon ve Aksesuar › İletişim Cihazları › Çağrı Cihazı,Huawei,huawei,true,true,plan,seed later — plan only
Elektronik › Telefon ve Aksesuar › İletişim Cihazları › Çağrı Cihazı,Oppo,oppo,true,true,plan,seed later — plan only
Elektronik › Telefon ve Aksesuar › İletişim Cihazları › Çağrı Cihazı,Google,google,false,true,plan,seed later — plan only
Elektronik › Telefon ve Aksesuar › İletişim Cihazları › Çağrı Cihazı,OnePlus,oneplus,false,true,plan,seed later — plan only
Elektronik › Bilgisayar ve Tablet › Bilgisayar › Dizüstü Bilgisayar,Apple,apple,true,false,plan,seed later — plan only
Elektronik › Bilgisayar ve Tablet › Bilgisayar › Dizüstü Bilgisayar,Samsung,samsung,true,false,plan,seed later — plan only
Elektronik › Bilgisayar ve Tablet › Bilgisayar › Dizüstü Bilgisayar,Xiaomi,xiaomi,true,false,plan,seed later — plan only
Elektronik › Bilgisayar ve Tablet › Bilgisayar › Dizüstü Bilgisayar,Huawei,huawei,true,false,plan,seed later — plan only
Elektronik › Bilgisayar ve Tablet › Bilgisayar › Dizüstü Bilgisayar,Oppo,oppo,true,false,plan,seed later — plan only
Elektronik › Bilgisayar ve Tablet › Bilgisayar › Dizüstü Bilgisayar,Google,google,false,false,plan,seed later — plan only
Elektronik › Bilgisayar ve Tablet › Bilgisayar › Dizüstü Bilgisayar,OnePlus,oneplus,false,false,plan,seed later — plan only
Elektronik › Bilgisayar ve Tablet › Bilgisayar › Masaüstü Bilgisayar,Apple,apple,true,false,plan,seed later — plan only
Elektronik › Bilgisayar ve Tablet › Bilgisayar › Masaüstü Bilgisayar,Samsung,samsung,true,false,plan,seed later — plan only
Elektronik › Bilgisayar ve Tablet › Bilgisayar › Masaüstü Bilgisayar,Xiaomi,xiaomi,true,false,plan,seed later — plan only
Elektronik › Bilgisayar ve Tablet › Bilgisayar › Masaüstü Bilgisayar,Huawei,huawei,true,false,plan,seed later — plan only
Elektronik › Bilgisayar ve Tablet › Bilgisayar › Masaüstü Bilgisayar,Oppo,oppo,true,false,plan,seed later — plan only
Elektronik › Bilgisayar ve Tablet › Bilgisayar › Masaüstü Bilgisayar,Google,google,false,false,plan,seed later — plan only
Elektronik › Bilgisayar ve Tablet › Bilgisayar › Masaüstü Bilgisayar,OnePlus,oneplus,false,false,plan,seed later — plan only
Elektronik › Bilgisayar ve Tablet › Bilgisayar › Mini PC,Apple,apple,true,false,plan,seed later — plan only
Elektronik › Bilgisayar ve Tablet › Bilgisayar › Mini PC,Samsung,samsung,true,false,plan,seed later — plan only
Elektronik › Bilgisayar ve Tablet › Bilgisayar › Mini PC,Xiaomi,xiaomi,true,false,plan,seed later — plan only
Elektronik › Bilgisayar ve Tablet › Bilgisayar › Mini PC,Huawei,huawei,true,false,plan,seed later — plan only
Elektronik › Bilgisayar ve Tablet › Bilgisayar › Mini PC,Oppo,oppo,true,false,plan,seed later — plan only
Elektronik › Bilgisayar ve Tablet › Bilgisayar › Mini PC,Google,google,false,false,plan,seed later — plan only
Elektronik › Bilgisayar ve Tablet › Bilgisayar › Mini PC,OnePlus,oneplus,false,false,plan,seed later — plan only
Elektronik › Bilgisayar ve Tablet › Bilgisayar › All-in-One Bilgisayar,Apple,apple,true,false,plan,seed later — plan only
Elektronik › Bilgisayar ve Tablet › Bilgisayar › All-in-One Bilgisayar,Samsung,samsung,true,false,plan,seed later — plan only
Elektronik › Bilgisayar ve Tablet › Bilgisayar › All-in-One Bilgisayar,Xiaomi,xiaomi,true,false,plan,seed later — plan only
Elektronik › Bilgisayar ve Tablet › Bilgisayar › All-in-One Bilgisayar,Huawei,huawei,true,false,plan,seed later — plan only
Elektronik › Bilgisayar ve Tablet › Bilgisayar › All-in-One Bilgisayar,Oppo,oppo,true,false,plan,seed later — plan only
Elektronik › Bilgisayar ve Tablet › Bilgisayar › All-in-One Bilgisayar,Google,google,false,false,plan,seed later — plan only
Elektronik › Bilgisayar ve Tablet › Bilgisayar › All-in-One Bilgisayar,OnePlus,oneplus,false,false,plan,seed later — plan only
Elektronik › Bilgisayar ve Tablet › Bilgisayar › İş İstasyonu,Apple,apple,true,false,plan,seed later — plan only
Elektronik › Bilgisayar ve Tablet › Bilgisayar › İş İstasyonu,Samsung,samsung,true,false,plan,seed later — plan only
Elektronik › Bilgisayar ve Tablet › Bilgisayar › İş İstasyonu,Xiaomi,xiaomi,true,false,plan,seed later — plan only
Elektronik › Bilgisayar ve Tablet › Bilgisayar › İş İstasyonu,Huawei,huawei,true,false,plan,seed later — plan only
Elektronik › Bilgisayar ve Tablet › Bilgisayar › İş İstasyonu,Oppo,oppo,true,false,plan,seed later — plan only
Elektronik › Bilgisayar ve Tablet › Bilgisayar › İş İstasyonu,Google,google,false,false,plan,seed later — plan only
Elektronik › Bilgisayar ve Tablet › Bilgisayar › İş İstasyonu,OnePlus,oneplus,false,false,plan,seed later — plan only
Elektronik › Bilgisayar ve Tablet › Bilgisayar › Oyuncu Bilgisayarı,Apple,apple,true,false,plan,seed later — plan only
Elektronik › Bilgisayar ve Tablet › Bilgisayar › Oyuncu Bilgisayarı,Samsung,samsung,true,false,plan,seed later — plan only
Elektronik › Bilgisayar ve Tablet › Bilgisayar › Oyuncu Bilgisayarı,Xiaomi,xiaomi,true,false,plan,seed later — plan only
Elektronik › Bilgisayar ve Tablet › Bilgisayar › Oyuncu Bilgisayarı,Huawei,huawei,true,false,plan,seed later — plan only
Elektronik › Bilgisayar ve Tablet › Bilgisayar › Oyuncu Bilgisayarı,Oppo,oppo,true,false,plan,seed later — plan only
Elektronik › Bilgisayar ve Tablet › Bilgisayar › Oyuncu Bilgisayarı,Google,google,false,false,plan,seed later — plan only
Elektronik › Bilgisayar ve Tablet › Bilgisayar › Oyuncu Bilgisayarı,OnePlus,oneplus,false,false,plan,seed later — plan only
Elektronik › Bilgisayar ve Tablet › Tablet ve E-Kitap › Tablet,Apple,apple,true,false,plan,seed later — plan only
Elektronik › Bilgisayar ve Tablet › Tablet ve E-Kitap › Tablet,Samsung,samsung,true,false,plan,seed later — plan only
Elektronik › Bilgisayar ve Tablet › Tablet ve E-Kitap › Tablet,Xiaomi,xiaomi,true,false,plan,seed later — plan only
Elektronik › Bilgisayar ve Tablet › Tablet ve E-Kitap › Tablet,Huawei,huawei,true,false,plan,seed later — plan only
Elektronik › Bilgisayar ve Tablet › Tablet ve E-Kitap › Tablet,Oppo,oppo,true,false,plan,seed later — plan only
Elektronik › Bilgisayar ve Tablet › Tablet ve E-Kitap › Tablet,Google,google,false,false,plan,seed later — plan only
Elektronik › Bilgisayar ve Tablet › Tablet ve E-Kitap › Tablet,OnePlus,oneplus,false,false,plan,seed later — plan only
Elektronik › Bilgisayar ve Tablet › Tablet ve E-Kitap › Grafik Tablet,Apple,apple,true,false,plan,seed later — plan only
Elektronik › Bilgisayar ve Tablet › Tablet ve E-Kitap › Grafik Tablet,Samsung,samsung,true,false,plan,seed later — plan only
Elektronik › Bilgisayar ve Tablet › Tablet ve E-Kitap › Grafik Tablet,Xiaomi,xiaomi,true,false,plan,seed later — plan only
Elektronik › Bilgisayar ve Tablet › Tablet ve E-Kitap › Grafik Tablet,Huawei,huawei,true,false,plan,seed later — plan only
Elektronik › Bilgisayar ve Tablet › Tablet ve E-Kitap › Grafik Tablet,Oppo,oppo,true,false,plan,seed later — plan only
Elektronik › Bilgisayar ve Tablet › Tablet ve E-Kitap › Grafik Tablet,Google,google,false,false,plan,seed later — plan only
Elektronik › Bilgisayar ve Tablet › Tablet ve E-Kitap › Grafik Tablet,OnePlus,oneplus,false,false,plan,seed later — plan only
Elektronik › Bilgisayar ve Tablet › Tablet ve E-Kitap › E-Kitap Okuyucu,Apple,apple,true,false,plan,seed later — plan only
Elektronik › Bilgisayar ve Tablet › Tablet ve E-Kitap › E-Kitap Okuyucu,Samsung,samsung,true,false,plan,seed later — plan only
Elektronik › Bilgisayar ve Tablet › Tablet ve E-Kitap › E-Kitap Okuyucu,Xiaomi,xiaomi,true,false,plan,seed later — plan only
Elektronik › Bilgisayar ve Tablet › Tablet ve E-Kitap › E-Kitap Okuyucu,Huawei,huawei,true,false,plan,seed later — plan only
Elektronik › Bilgisayar ve Tablet › Tablet ve E-Kitap › E-Kitap Okuyucu,Oppo,oppo,true,false,plan,seed later — plan only
Elektronik › Bilgisayar ve Tablet › Tablet ve E-Kitap › E-Kitap Okuyucu,Google,google,false,false,plan,seed later — plan only
Elektronik › Bilgisayar ve Tablet › Tablet ve E-Kitap › E-Kitap Okuyucu,OnePlus,oneplus,false,false,plan,seed later — plan only
Elektronik › Bilgisayar ve Tablet › Tablet ve E-Kitap › Çocuk Tableti,Apple,apple,true,false,plan,seed later — plan only
Elektronik › Bilgisayar ve Tablet › Tablet ve E-Kitap › Çocuk Tableti,Samsung,samsung,true,false,plan,seed later — plan only
Elektronik › Bilgisayar ve Tablet › Tablet ve E-Kitap › Çocuk Tableti,Xiaomi,xiaomi,true,false,plan,seed later — plan only
Elektronik › Bilgisayar ve Tablet › Tablet ve E-Kitap › Çocuk Tableti,Huawei,huawei,true,false,plan,seed later — plan only
Elektronik › Bilgisayar ve Tablet › Tablet ve E-Kitap › Çocuk Tableti,Oppo,oppo,true,false,plan,seed later — plan only
Elektronik › Bilgisayar ve Tablet › Tablet ve E-Kitap › Çocuk Tableti,Google,google,false,false,plan,seed later — plan only
Elektronik › Bilgisayar ve Tablet › Tablet ve E-Kitap › Çocuk Tableti,OnePlus,oneplus,false,false,plan,seed later — plan only
Elektronik › Bilgisayar ve Tablet › Bilgisayar Bileşenleri › İşlemci,Apple,apple,true,false,plan,seed later — plan only
Elektronik › Bilgisayar ve Tablet › Bilgisayar Bileşenleri › İşlemci,Samsung,samsung,true,false,plan,seed later — plan only
Elektronik › Bilgisayar ve Tablet › Bilgisayar Bileşenleri › İşlemci,Xiaomi,xiaomi,true,false,plan,seed later — plan only
Elektronik › Bilgisayar ve Tablet › Bilgisayar Bileşenleri › İşlemci,Huawei,huawei,true,false,plan,seed later — plan only
Elektronik › Bilgisayar ve Tablet › Bilgisayar Bileşenleri › İşlemci,Oppo,oppo,true,false,plan,seed later — plan only
Elektronik › Bilgisayar ve Tablet › Bilgisayar Bileşenleri › İşlemci,Google,google,false,false,plan,seed later — plan only
Elektronik › Bilgisayar ve Tablet › Bilgisayar Bileşenleri › İşlemci,OnePlus,oneplus,false,false,plan,seed later — plan only
Elektronik › Bilgisayar ve Tablet › Bilgisayar Bileşenleri › Anakart,Apple,apple,true,false,plan,seed later — plan only
Elektronik › Bilgisayar ve Tablet › Bilgisayar Bileşenleri › Anakart,Samsung,samsung,true,false,plan,seed later — plan only
Elektronik › Bilgisayar ve Tablet › Bilgisayar Bileşenleri › Anakart,Xiaomi,xiaomi,true,false,plan,seed later — plan only
Elektronik › Bilgisayar ve Tablet › Bilgisayar Bileşenleri › Anakart,Huawei,huawei,true,false,plan,seed later — plan only
Elektronik › Bilgisayar ve Tablet › Bilgisayar Bileşenleri › Anakart,Oppo,oppo,true,false,plan,seed later — plan only
Elektronik › Bilgisayar ve Tablet › Bilgisayar Bileşenleri › Anakart,Google,google,false,false,plan,seed later — plan only
Elektronik › Bilgisayar ve Tablet › Bilgisayar Bileşenleri › Anakart,OnePlus,oneplus,false,false,plan,seed later — plan only
Elektronik › Bilgisayar ve Tablet › Bilgisayar Bileşenleri › Ekran Kartı,Apple,apple,true,false,plan,seed later — plan only
Elektronik › Bilgisayar ve Tablet › Bilgisayar Bileşenleri › Ekran Kartı,Samsung,samsung,true,false,plan,seed later — plan only
Elektronik › Bilgisayar ve Tablet › Bilgisayar Bileşenleri › Ekran Kartı,Xiaomi,xiaomi,true,false,plan,seed later — plan only
Elektronik › Bilgisayar ve Tablet › Bilgisayar Bileşenleri › Ekran Kartı,Huawei,huawei,true,false,plan,seed later — plan only
Elektronik › Bilgisayar ve Tablet › Bilgisayar Bileşenleri › Ekran Kartı,Oppo,oppo,true,false,plan,seed later — plan only
Elektronik › Bilgisayar ve Tablet › Bilgisayar Bileşenleri › Ekran Kartı,Google,google,false,false,plan,seed later — plan only
Elektronik › Bilgisayar ve Tablet › Bilgisayar Bileşenleri › Ekran Kartı,OnePlus,oneplus,false,false,plan,seed later — plan only
Elektronik › Bilgisayar ve Tablet › Bilgisayar Bileşenleri › RAM,Apple,apple,true,false,plan,seed later — plan only
Elektronik › Bilgisayar ve Tablet › Bilgisayar Bileşenleri › RAM,Samsung,samsung,true,false,plan,seed later — plan only
Elektronik › Bilgisayar ve Tablet › Bilgisayar Bileşenleri › RAM,Xiaomi,xiaomi,true,false,plan,seed later — plan only
Elektronik › Bilgisayar ve Tablet › Bilgisayar Bileşenleri › RAM,Huawei,huawei,true,false,plan,seed later — plan only
Elektronik › Bilgisayar ve Tablet › Bilgisayar Bileşenleri › RAM,Oppo,oppo,true,false,plan,seed later — plan only
Elektronik › Bilgisayar ve Tablet › Bilgisayar Bileşenleri › RAM,Google,google,false,false,plan,seed later — plan only
Elektronik › Bilgisayar ve Tablet › Bilgisayar Bileşenleri › RAM,OnePlus,oneplus,false,false,plan,seed later — plan only
Elektronik › Bilgisayar ve Tablet › Bilgisayar Bileşenleri › SSD,Apple,apple,true,false,plan,seed later — plan only
Elektronik › Bilgisayar ve Tablet › Bilgisayar Bileşenleri › SSD,Samsung,samsung,true,false,plan,seed later — plan only
Elektronik › Bilgisayar ve Tablet › Bilgisayar Bileşenleri › SSD,Xiaomi,xiaomi,true,false,plan,seed later — plan only
Elektronik › Bilgisayar ve Tablet › Bilgisayar Bileşenleri › SSD,Huawei,huawei,true,false,plan,seed later — plan only
Elektronik › Bilgisayar ve Tablet › Bilgisayar Bileşenleri › SSD,Oppo,oppo,true,false,plan,seed later — plan only
Elektronik › Bilgisayar ve Tablet › Bilgisayar Bileşenleri › SSD,Google,google,false,false,plan,seed later — plan only
Elektronik › Bilgisayar ve Tablet › Bilgisayar Bileşenleri › SSD,OnePlus,oneplus,false,false,plan,seed later — plan only
Elektronik › Bilgisayar ve Tablet › Bilgisayar Bileşenleri › Hard Disk,Apple,apple,true,false,plan,seed later — plan only
Elektronik › Bilgisayar ve Tablet › Bilgisayar Bileşenleri › Hard Disk,Samsung,samsung,true,false,plan,seed later — plan only
Elektronik › Bilgisayar ve Tablet › Bilgisayar Bileşenleri › Hard Disk,Xiaomi,xiaomi,true,false,plan,seed later — plan only
Elektronik › Bilgisayar ve Tablet › Bilgisayar Bileşenleri › Hard Disk,Huawei,huawei,true,false,plan,seed later — plan only
Elektronik › Bilgisayar ve Tablet › Bilgisayar Bileşenleri › Hard Disk,Oppo,oppo,true,false,plan,seed later — plan only
Elektronik › Bilgisayar ve Tablet › Bilgisayar Bileşenleri › Hard Disk,Google,google,false,false,plan,seed later — plan only
Elektronik › Bilgisayar ve Tablet › Bilgisayar Bileşenleri › Hard Disk,OnePlus,oneplus,false,false,plan,seed later — plan only
Elektronik › Bilgisayar ve Tablet › Bilgisayar Bileşenleri › Bilgisayar Kasası,Apple,apple,true,false,plan,seed later — plan only
Elektronik › Bilgisayar ve Tablet › Bilgisayar Bileşenleri › Bilgisayar Kasası,Samsung,samsung,true,false,plan,seed later — plan only
Elektronik › Bilgisayar ve Tablet › Bilgisayar Bileşenleri › Bilgisayar Kasası,Xiaomi,xiaomi,true,false,plan,seed later — plan only
Elektronik › Bilgisayar ve Tablet › Bilgisayar Bileşenleri › Bilgisayar Kasası,Huawei,huawei,true,false,plan,seed later — plan only
Elektronik › Bilgisayar ve Tablet › Bilgisayar Bileşenleri › Bilgisayar Kasası,Oppo,oppo,true,false,plan,seed later — plan only
Elektronik › Bilgisayar ve Tablet › Bilgisayar Bileşenleri › Bilgisayar Kasası,Google,google,false,false,plan,seed later — plan only
Elektronik › Bilgisayar ve Tablet › Bilgisayar Bileşenleri › Bilgisayar Kasası,OnePlus,oneplus,false,false,plan,seed later — plan only
Elektronik › Bilgisayar ve Tablet › Bilgisayar Bileşenleri › Güç Kaynağı,Apple,apple,true,false,plan,seed later — plan only
Elektronik › Bilgisayar ve Tablet › Bilgisayar Bileşenleri › Güç Kaynağı,Samsung,samsung,true,false,plan,seed later — plan only
Elektronik › Bilgisayar ve Tablet › Bilgisayar Bileşenleri › Güç Kaynağı,Xiaomi,xiaomi,true,false,plan,seed later — plan only
Elektronik › Bilgisayar ve Tablet › Bilgisayar Bileşenleri › Güç Kaynağı,Huawei,huawei,true,false,plan,seed later — plan only
Elektronik › Bilgisayar ve Tablet › Bilgisayar Bileşenleri › Güç Kaynağı,Oppo,oppo,true,false,plan,seed later — plan only
Elektronik › Bilgisayar ve Tablet › Bilgisayar Bileşenleri › Güç Kaynağı,Google,google,false,false,plan,seed later — plan only
Elektronik › Bilgisayar ve Tablet › Bilgisayar Bileşenleri › Güç Kaynağı,OnePlus,oneplus,false,false,plan,seed later — plan only
Elektronik › Bilgisayar ve Tablet › Bilgisayar Bileşenleri › İşlemci Soğutucu,Apple,apple,true,false,plan,seed later — plan only
Elektronik › Bilgisayar ve Tablet › Bilgisayar Bileşenleri › İşlemci Soğutucu,Samsung,samsung,true,false,plan,seed later — plan only
Elektronik › Bilgisayar ve Tablet › Bilgisayar Bileşenleri › İşlemci Soğutucu,Xiaomi,xiaomi,true,false,plan,seed later — plan only
Elektronik › Bilgisayar ve Tablet › Bilgisayar Bileşenleri › İşlemci Soğutucu,Huawei,huawei,true,false,plan,seed later — plan only
Elektronik › Bilgisayar ve Tablet › Bilgisayar Bileşenleri › İşlemci Soğutucu,Oppo,oppo,true,false,plan,seed later — plan only
Elektronik › Bilgisayar ve Tablet › Bilgisayar Bileşenleri › İşlemci Soğutucu,Google,google,false,false,plan,seed later — plan only
Elektronik › Bilgisayar ve Tablet › Bilgisayar Bileşenleri › İşlemci Soğutucu,OnePlus,oneplus,false,false,plan,seed later — plan only
Elektronik › Bilgisayar ve Tablet › Bilgisayar Bileşenleri › Kasa Fanı,Apple,apple,true,false,plan,seed later — plan only
Elektronik › Bilgisayar ve Tablet › Bilgisayar Bileşenleri › Kasa Fanı,Samsung,samsung,true,false,plan,seed later — plan only
Elektronik › Bilgisayar ve Tablet › Bilgisayar Bileşenleri › Kasa Fanı,Xiaomi,xiaomi,true,false,plan,seed later — plan only
Elektronik › Bilgisayar ve Tablet › Bilgisayar Bileşenleri › Kasa Fanı,Huawei,huawei,true,false,plan,seed later — plan only
Elektronik › Bilgisayar ve Tablet › Bilgisayar Bileşenleri › Kasa Fanı,Oppo,oppo,true,false,plan,seed later — plan only
Elektronik › Bilgisayar ve Tablet › Bilgisayar Bileşenleri › Kasa Fanı,Google,google,false,false,plan,seed later — plan only
Elektronik › Bilgisayar ve Tablet › Bilgisayar Bileşenleri › Kasa Fanı,OnePlus,oneplus,false,false,plan,seed later — plan only
Elektronik › Bilgisayar ve Tablet › Bilgisayar Bileşenleri › Optik Sürücü,Apple,apple,true,false,plan,seed later — plan only
Elektronik › Bilgisayar ve Tablet › Bilgisayar Bileşenleri › Optik Sürücü,Samsung,samsung,true,false,plan,seed later — plan only
Elektronik › Bilgisayar ve Tablet › Bilgisayar Bileşenleri › Optik Sürücü,Xiaomi,xiaomi,true,false,plan,seed later — plan only
Elektronik › Bilgisayar ve Tablet › Bilgisayar Bileşenleri › Optik Sürücü,Huawei,huawei,true,false,plan,seed later — plan only
Elektronik › Bilgisayar ve Tablet › Bilgisayar Bileşenleri › Optik Sürücü,Oppo,oppo,true,false,plan,seed later — plan only
Elektronik › Bilgisayar ve Tablet › Bilgisayar Bileşenleri › Optik Sürücü,Google,google,false,false,plan,seed later — plan only
Elektronik › Bilgisayar ve Tablet › Bilgisayar Bileşenleri › Optik Sürücü,OnePlus,oneplus,false,false,plan,seed later — plan only
Elektronik › Bilgisayar ve Tablet › Bilgisayar Bileşenleri › Capture Card,Apple,apple,true,false,plan,seed later — plan only
Elektronik › Bilgisayar ve Tablet › Bilgisayar Bileşenleri › Capture Card,Samsung,samsung,true,false,plan,seed later — plan only
Elektronik › Bilgisayar ve Tablet › Bilgisayar Bileşenleri › Capture Card,Xiaomi,xiaomi,true,false,plan,seed later — plan only
Elektronik › Bilgisayar ve Tablet › Bilgisayar Bileşenleri › Capture Card,Huawei,huawei,true,false,plan,seed later — plan only
Elektronik › Bilgisayar ve Tablet › Bilgisayar Bileşenleri › Capture Card,Oppo,oppo,true,false,plan,seed later — plan only
Elektronik › Bilgisayar ve Tablet › Bilgisayar Bileşenleri › Capture Card,Google,google,false,false,plan,seed later — plan only
Elektronik › Bilgisayar ve Tablet › Bilgisayar Bileşenleri › Capture Card,OnePlus,oneplus,false,false,plan,seed later — plan only
Elektronik › Bilgisayar ve Tablet › Bilgisayar Çevre Birimleri › Monitör,Apple,apple,true,false,plan,seed later — plan only
Elektronik › Bilgisayar ve Tablet › Bilgisayar Çevre Birimleri › Monitör,Samsung,samsung,true,false,plan,seed later — plan only
Elektronik › Bilgisayar ve Tablet › Bilgisayar Çevre Birimleri › Monitör,Xiaomi,xiaomi,true,false,plan,seed later — plan only
Elektronik › Bilgisayar ve Tablet › Bilgisayar Çevre Birimleri › Monitör,Huawei,huawei,true,false,plan,seed later — plan only
Elektronik › Bilgisayar ve Tablet › Bilgisayar Çevre Birimleri › Monitör,Oppo,oppo,true,false,plan,seed later — plan only
Elektronik › Bilgisayar ve Tablet › Bilgisayar Çevre Birimleri › Monitör,Google,google,false,false,plan,seed later — plan only
Elektronik › Bilgisayar ve Tablet › Bilgisayar Çevre Birimleri › Monitör,OnePlus,oneplus,false,false,plan,seed later — plan only
Elektronik › Bilgisayar ve Tablet › Bilgisayar Çevre Birimleri › Klavye,Apple,apple,true,false,plan,seed later — plan only
Elektronik › Bilgisayar ve Tablet › Bilgisayar Çevre Birimleri › Klavye,Samsung,samsung,true,false,plan,seed later — plan only
Elektronik › Bilgisayar ve Tablet › Bilgisayar Çevre Birimleri › Klavye,Xiaomi,xiaomi,true,false,plan,seed later — plan only
Elektronik › Bilgisayar ve Tablet › Bilgisayar Çevre Birimleri › Klavye,Huawei,huawei,true,false,plan,seed later — plan only
Elektronik › Bilgisayar ve Tablet › Bilgisayar Çevre Birimleri › Klavye,Oppo,oppo,true,false,plan,seed later — plan only
Elektronik › Bilgisayar ve Tablet › Bilgisayar Çevre Birimleri › Klavye,Google,google,false,false,plan,seed later — plan only
Elektronik › Bilgisayar ve Tablet › Bilgisayar Çevre Birimleri › Klavye,OnePlus,oneplus,false,false,plan,seed later — plan only
Elektronik › Bilgisayar ve Tablet › Bilgisayar Çevre Birimleri › Mouse,Apple,apple,true,false,plan,seed later — plan only
Elektronik › Bilgisayar ve Tablet › Bilgisayar Çevre Birimleri › Mouse,Samsung,samsung,true,false,plan,seed later — plan only
Elektronik › Bilgisayar ve Tablet › Bilgisayar Çevre Birimleri › Mouse,Xiaomi,xiaomi,true,false,plan,seed later — plan only
Elektronik › Bilgisayar ve Tablet › Bilgisayar Çevre Birimleri › Mouse,Huawei,huawei,true,false,plan,seed later — plan only
Elektronik › Bilgisayar ve Tablet › Bilgisayar Çevre Birimleri › Mouse,Oppo,oppo,true,false,plan,seed later — plan only
Elektronik › Bilgisayar ve Tablet › Bilgisayar Çevre Birimleri › Mouse,Google,google,false,false,plan,seed later — plan only
Elektronik › Bilgisayar ve Tablet › Bilgisayar Çevre Birimleri › Mouse,OnePlus,oneplus,false,false,plan,seed later — plan only
Elektronik › Bilgisayar ve Tablet › Bilgisayar Çevre Birimleri › Klavye-Mouse Seti,Apple,apple,true,false,plan,seed later — plan only
Elektronik › Bilgisayar ve Tablet › Bilgisayar Çevre Birimleri › Klavye-Mouse Seti,Samsung,samsung,true,false,plan,seed later — plan only
Elektronik › Bilgisayar ve Tablet › Bilgisayar Çevre Birimleri › Klavye-Mouse Seti,Xiaomi,xiaomi,true,false,plan,seed later — plan only
Elektronik › Bilgisayar ve Tablet › Bilgisayar Çevre Birimleri › Klavye-Mouse Seti,Huawei,huawei,true,false,plan,seed later — plan only
Elektronik › Bilgisayar ve Tablet › Bilgisayar Çevre Birimleri › Klavye-Mouse Seti,Oppo,oppo,true,false,plan,seed later — plan only
Elektronik › Bilgisayar ve Tablet › Bilgisayar Çevre Birimleri › Klavye-Mouse Seti,Google,google,false,false,plan,seed later — plan only
Elektronik › Bilgisayar ve Tablet › Bilgisayar Çevre Birimleri › Klavye-Mouse Seti,OnePlus,oneplus,false,false,plan,seed later — plan only
Elektronik › Bilgisayar ve Tablet › Bilgisayar Çevre Birimleri › Webcam,Apple,apple,true,false,plan,seed later — plan only
Elektronik › Bilgisayar ve Tablet › Bilgisayar Çevre Birimleri › Webcam,Samsung,samsung,true,false,plan,seed later — plan only
Elektronik › Bilgisayar ve Tablet › Bilgisayar Çevre Birimleri › Webcam,Xiaomi,xiaomi,true,false,plan,seed later — plan only
Elektronik › Bilgisayar ve Tablet › Bilgisayar Çevre Birimleri › Webcam,Huawei,huawei,true,false,plan,seed later — plan only
Elektronik › Bilgisayar ve Tablet › Bilgisayar Çevre Birimleri › Webcam,Oppo,oppo,true,false,plan,seed later — plan only
Elektronik › Bilgisayar ve Tablet › Bilgisayar Çevre Birimleri › Webcam,Google,google,false,false,plan,seed later — plan only
Elektronik › Bilgisayar ve Tablet › Bilgisayar Çevre Birimleri › Webcam,OnePlus,oneplus,false,false,plan,seed later — plan only
Elektronik › Bilgisayar ve Tablet › Bilgisayar Çevre Birimleri › Mikrofon,Apple,apple,true,false,plan,seed later — plan only
Elektronik › Bilgisayar ve Tablet › Bilgisayar Çevre Birimleri › Mikrofon,Samsung,samsung,true,false,plan,seed later — plan only
Elektronik › Bilgisayar ve Tablet › Bilgisayar Çevre Birimleri › Mikrofon,Xiaomi,xiaomi,true,false,plan,seed later — plan only
Elektronik › Bilgisayar ve Tablet › Bilgisayar Çevre Birimleri › Mikrofon,Huawei,huawei,true,false,plan,seed later — plan only
Elektronik › Bilgisayar ve Tablet › Bilgisayar Çevre Birimleri › Mikrofon,Oppo,oppo,true,false,plan,seed later — plan only
Elektronik › Bilgisayar ve Tablet › Bilgisayar Çevre Birimleri › Mikrofon,Google,google,false,false,plan,seed later — plan only
Elektronik › Bilgisayar ve Tablet › Bilgisayar Çevre Birimleri › Mikrofon,OnePlus,oneplus,false,false,plan,seed later — plan only
Elektronik › Bilgisayar ve Tablet › Bilgisayar Çevre Birimleri › Hoparlör,Apple,apple,true,false,plan,seed later — plan only
Elektronik › Bilgisayar ve Tablet › Bilgisayar Çevre Birimleri › Hoparlör,Samsung,samsung,true,false,plan,seed later — plan only
Elektronik › Bilgisayar ve Tablet › Bilgisayar Çevre Birimleri › Hoparlör,Xiaomi,xiaomi,true,false,plan,seed later — plan only
Elektronik › Bilgisayar ve Tablet › Bilgisayar Çevre Birimleri › Hoparlör,Huawei,huawei,true,false,plan,seed later — plan only
Elektronik › Bilgisayar ve Tablet › Bilgisayar Çevre Birimleri › Hoparlör,Oppo,oppo,true,false,plan,seed later — plan only
Elektronik › Bilgisayar ve Tablet › Bilgisayar Çevre Birimleri › Hoparlör,Google,google,false,false,plan,seed later — plan only
Elektronik › Bilgisayar ve Tablet › Bilgisayar Çevre Birimleri › Hoparlör,OnePlus,oneplus,false,false,plan,seed later — plan only
Elektronik › Bilgisayar ve Tablet › Bilgisayar Çevre Birimleri › Kulaklık,Apple,apple,true,false,plan,seed later — plan only
Elektronik › Bilgisayar ve Tablet › Bilgisayar Çevre Birimleri › Kulaklık,Samsung,samsung,true,false,plan,seed later — plan only
Elektronik › Bilgisayar ve Tablet › Bilgisayar Çevre Birimleri › Kulaklık,Xiaomi,xiaomi,true,false,plan,seed later — plan only
Elektronik › Bilgisayar ve Tablet › Bilgisayar Çevre Birimleri › Kulaklık,Huawei,huawei,true,false,plan,seed later — plan only
Elektronik › Bilgisayar ve Tablet › Bilgisayar Çevre Birimleri › Kulaklık,Oppo,oppo,true,false,plan,seed later — plan only
Elektronik › Bilgisayar ve Tablet › Bilgisayar Çevre Birimleri › Kulaklık,Google,google,false,false,plan,seed later — plan only
Elektronik › Bilgisayar ve Tablet › Bilgisayar Çevre Birimleri › Kulaklık,OnePlus,oneplus,false,false,plan,seed later — plan only
Elektronik › Bilgisayar ve Tablet › Bilgisayar Çevre Birimleri › Yazıcı,Apple,apple,true,false,plan,seed later — plan only
Elektronik › Bilgisayar ve Tablet › Bilgisayar Çevre Birimleri › Yazıcı,Samsung,samsung,true,false,plan,seed later — plan only
Elektronik › Bilgisayar ve Tablet › Bilgisayar Çevre Birimleri › Yazıcı,Xiaomi,xiaomi,true,false,plan,seed later — plan only
Elektronik › Bilgisayar ve Tablet › Bilgisayar Çevre Birimleri › Yazıcı,Huawei,huawei,true,false,plan,seed later — plan only
Elektronik › Bilgisayar ve Tablet › Bilgisayar Çevre Birimleri › Yazıcı,Oppo,oppo,true,false,plan,seed later — plan only
Elektronik › Bilgisayar ve Tablet › Bilgisayar Çevre Birimleri › Yazıcı,Google,google,false,false,plan,seed later — plan only
Elektronik › Bilgisayar ve Tablet › Bilgisayar Çevre Birimleri › Yazıcı,OnePlus,oneplus,false,false,plan,seed later — plan only
Elektronik › Bilgisayar ve Tablet › Bilgisayar Çevre Birimleri › Tarayıcı,Apple,apple,true,false,plan,seed later — plan only
Elektronik › Bilgisayar ve Tablet › Bilgisayar Çevre Birimleri › Tarayıcı,Samsung,samsung,true,false,plan,seed later — plan only
Elektronik › Bilgisayar ve Tablet › Bilgisayar Çevre Birimleri › Tarayıcı,Xiaomi,xiaomi,true,false,plan,seed later — plan only
Elektronik › Bilgisayar ve Tablet › Bilgisayar Çevre Birimleri › Tarayıcı,Huawei,huawei,true,false,plan,seed later — plan only
Elektronik › Bilgisayar ve Tablet › Bilgisayar Çevre Birimleri › Tarayıcı,Oppo,oppo,true,false,plan,seed later — plan only
Elektronik › Bilgisayar ve Tablet › Bilgisayar Çevre Birimleri › Tarayıcı,Google,google,false,false,plan,seed later — plan only
Elektronik › Bilgisayar ve Tablet › Bilgisayar Çevre Birimleri › Tarayıcı,OnePlus,oneplus,false,false,plan,seed later — plan only
Elektronik › Bilgisayar ve Tablet › Bilgisayar Çevre Birimleri › Projeksiyon Cihazı,Apple,apple,true,false,plan,seed later — plan only
Elektronik › Bilgisayar ve Tablet › Bilgisayar Çevre Birimleri › Projeksiyon Cihazı,Samsung,samsung,true,false,plan,seed later — plan only
Elektronik › Bilgisayar ve Tablet › Bilgisayar Çevre Birimleri › Projeksiyon Cihazı,Xiaomi,xiaomi,true,false,plan,seed later — plan only
Elektronik › Bilgisayar ve Tablet › Bilgisayar Çevre Birimleri › Projeksiyon Cihazı,Huawei,huawei,true,false,plan,seed later — plan only
Elektronik › Bilgisayar ve Tablet › Bilgisayar Çevre Birimleri › Projeksiyon Cihazı,Oppo,oppo,true,false,plan,seed later — plan only
Elektronik › Bilgisayar ve Tablet › Bilgisayar Çevre Birimleri › Projeksiyon Cihazı,Google,google,false,false,plan,seed later — plan only
Elektronik › Bilgisayar ve Tablet › Bilgisayar Çevre Birimleri › Projeksiyon Cihazı,OnePlus,oneplus,false,false,plan,seed later — plan only
Elektronik › Bilgisayar ve Tablet › Ağ ve İnternet › Modem,Apple,apple,true,false,plan,seed later — plan only
Elektronik › Bilgisayar ve Tablet › Ağ ve İnternet › Modem,Samsung,samsung,true,false,plan,seed later — plan only
Elektronik › Bilgisayar ve Tablet › Ağ ve İnternet › Modem,Xiaomi,xiaomi,true,false,plan,seed later — plan only
Elektronik › Bilgisayar ve Tablet › Ağ ve İnternet › Modem,Huawei,huawei,true,false,plan,seed later — plan only
Elektronik › Bilgisayar ve Tablet › Ağ ve İnternet › Modem,Oppo,oppo,true,false,plan,seed later — plan only
Elektronik › Bilgisayar ve Tablet › Ağ ve İnternet › Modem,Google,google,false,false,plan,seed later — plan only
Elektronik › Bilgisayar ve Tablet › Ağ ve İnternet › Modem,OnePlus,oneplus,false,false,plan,seed later — plan only
Elektronik › Bilgisayar ve Tablet › Ağ ve İnternet › Router,Apple,apple,true,false,plan,seed later — plan only
Elektronik › Bilgisayar ve Tablet › Ağ ve İnternet › Router,Samsung,samsung,true,false,plan,seed later — plan only
Elektronik › Bilgisayar ve Tablet › Ağ ve İnternet › Router,Xiaomi,xiaomi,true,false,plan,seed later — plan only
Elektronik › Bilgisayar ve Tablet › Ağ ve İnternet › Router,Huawei,huawei,true,false,plan,seed later — plan only
Elektronik › Bilgisayar ve Tablet › Ağ ve İnternet › Router,Oppo,oppo,true,false,plan,seed later — plan only
Elektronik › Bilgisayar ve Tablet › Ağ ve İnternet › Router,Google,google,false,false,plan,seed later — plan only
Elektronik › Bilgisayar ve Tablet › Ağ ve İnternet › Router,OnePlus,oneplus,false,false,plan,seed later — plan only
Elektronik › Bilgisayar ve Tablet › Ağ ve İnternet › Access Point,Apple,apple,true,false,plan,seed later — plan only
Elektronik › Bilgisayar ve Tablet › Ağ ve İnternet › Access Point,Samsung,samsung,true,false,plan,seed later — plan only
Elektronik › Bilgisayar ve Tablet › Ağ ve İnternet › Access Point,Xiaomi,xiaomi,true,false,plan,seed later — plan only
Elektronik › Bilgisayar ve Tablet › Ağ ve İnternet › Access Point,Huawei,huawei,true,false,plan,seed later — plan only
Elektronik › Bilgisayar ve Tablet › Ağ ve İnternet › Access Point,Oppo,oppo,true,false,plan,seed later — plan only
Elektronik › Bilgisayar ve Tablet › Ağ ve İnternet › Access Point,Google,google,false,false,plan,seed later — plan only
Elektronik › Bilgisayar ve Tablet › Ağ ve İnternet › Access Point,OnePlus,oneplus,false,false,plan,seed later — plan only
Elektronik › Bilgisayar ve Tablet › Ağ ve İnternet › Mesh Wi-Fi Sistemi,Apple,apple,true,false,plan,seed later — plan only
Elektronik › Bilgisayar ve Tablet › Ağ ve İnternet › Mesh Wi-Fi Sistemi,Samsung,samsung,true,false,plan,seed later — plan only
Elektronik › Bilgisayar ve Tablet › Ağ ve İnternet › Mesh Wi-Fi Sistemi,Xiaomi,xiaomi,true,false,plan,seed later — plan only
Elektronik › Bilgisayar ve Tablet › Ağ ve İnternet › Mesh Wi-Fi Sistemi,Huawei,huawei,true,false,plan,seed later — plan only
Elektronik › Bilgisayar ve Tablet › Ağ ve İnternet › Mesh Wi-Fi Sistemi,Oppo,oppo,true,false,plan,seed later — plan only
Elektronik › Bilgisayar ve Tablet › Ağ ve İnternet › Mesh Wi-Fi Sistemi,Google,google,false,false,plan,seed later — plan only
Elektronik › Bilgisayar ve Tablet › Ağ ve İnternet › Mesh Wi-Fi Sistemi,OnePlus,oneplus,false,false,plan,seed later — plan only
Elektronik › Bilgisayar ve Tablet › Ağ ve İnternet › Switch,Apple,apple,true,false,plan,seed later — plan only
Elektronik › Bilgisayar ve Tablet › Ağ ve İnternet › Switch,Samsung,samsung,true,false,plan,seed later — plan only
Elektronik › Bilgisayar ve Tablet › Ağ ve İnternet › Switch,Xiaomi,xiaomi,true,false,plan,seed later — plan only
Elektronik › Bilgisayar ve Tablet › Ağ ve İnternet › Switch,Huawei,huawei,true,false,plan,seed later — plan only
Elektronik › Bilgisayar ve Tablet › Ağ ve İnternet › Switch,Oppo,oppo,true,false,plan,seed later — plan only
Elektronik › Bilgisayar ve Tablet › Ağ ve İnternet › Switch,Google,google,false,false,plan,seed later — plan only
Elektronik › Bilgisayar ve Tablet › Ağ ve İnternet › Switch,OnePlus,oneplus,false,false,plan,seed later — plan only
Elektronik › Bilgisayar ve Tablet › Ağ ve İnternet › Range Extender,Apple,apple,true,false,plan,seed later — plan only
Elektronik › Bilgisayar ve Tablet › Ağ ve İnternet › Range Extender,Samsung,samsung,true,false,plan,seed later — plan only
Elektronik › Bilgisayar ve Tablet › Ağ ve İnternet › Range Extender,Xiaomi,xiaomi,true,false,plan,seed later — plan only
Elektronik › Bilgisayar ve Tablet › Ağ ve İnternet › Range Extender,Huawei,huawei,true,false,plan,seed later — plan only
Elektronik › Bilgisayar ve Tablet › Ağ ve İnternet › Range Extender,Oppo,oppo,true,false,plan,seed later — plan only
Elektronik › Bilgisayar ve Tablet › Ağ ve İnternet › Range Extender,Google,google,false,false,plan,seed later — plan only
Elektronik › Bilgisayar ve Tablet › Ağ ve İnternet › Range Extender,OnePlus,oneplus,false,false,plan,seed later — plan only
Elektronik › Bilgisayar ve Tablet › Ağ ve İnternet › Powerline Adaptör,Apple,apple,true,false,plan,seed later — plan only
Elektronik › Bilgisayar ve Tablet › Ağ ve İnternet › Powerline Adaptör,Samsung,samsung,true,false,plan,seed later — plan only
Elektronik › Bilgisayar ve Tablet › Ağ ve İnternet › Powerline Adaptör,Xiaomi,xiaomi,true,false,plan,seed later — plan only
Elektronik › Bilgisayar ve Tablet › Ağ ve İnternet › Powerline Adaptör,Huawei,huawei,true,false,plan,seed later — plan only
Elektronik › Bilgisayar ve Tablet › Ağ ve İnternet › Powerline Adaptör,Oppo,oppo,true,false,plan,seed later — plan only
Elektronik › Bilgisayar ve Tablet › Ağ ve İnternet › Powerline Adaptör,Google,google,false,false,plan,seed later — plan only
Elektronik › Bilgisayar ve Tablet › Ağ ve İnternet › Powerline Adaptör,OnePlus,oneplus,false,false,plan,seed later — plan only
Elektronik › Bilgisayar ve Tablet › Ağ ve İnternet › Ağ Kartı,Apple,apple,true,false,plan,seed later — plan only
Elektronik › Bilgisayar ve Tablet › Ağ ve İnternet › Ağ Kartı,Samsung,samsung,true,false,plan,seed later — plan only
Elektronik › Bilgisayar ve Tablet › Ağ ve İnternet › Ağ Kartı,Xiaomi,xiaomi,true,false,plan,seed later — plan only
Elektronik › Bilgisayar ve Tablet › Ağ ve İnternet › Ağ Kartı,Huawei,huawei,true,false,plan,seed later — plan only
Elektronik › Bilgisayar ve Tablet › Ağ ve İnternet › Ağ Kartı,Oppo,oppo,true,false,plan,seed later — plan only
Elektronik › Bilgisayar ve Tablet › Ağ ve İnternet › Ağ Kartı,Google,google,false,false,plan,seed later — plan only
Elektronik › Bilgisayar ve Tablet › Ağ ve İnternet › Ağ Kartı,OnePlus,oneplus,false,false,plan,seed later — plan only
Elektronik › Bilgisayar ve Tablet › Ağ ve İnternet › Anten,Apple,apple,true,false,plan,seed later — plan only
Elektronik › Bilgisayar ve Tablet › Ağ ve İnternet › Anten,Samsung,samsung,true,false,plan,seed later — plan only
Elektronik › Bilgisayar ve Tablet › Ağ ve İnternet › Anten,Xiaomi,xiaomi,true,false,plan,seed later — plan only
Elektronik › Bilgisayar ve Tablet › Ağ ve İnternet › Anten,Huawei,huawei,true,false,plan,seed later — plan only
Elektronik › Bilgisayar ve Tablet › Ağ ve İnternet › Anten,Oppo,oppo,true,false,plan,seed later — plan only
Elektronik › Bilgisayar ve Tablet › Ağ ve İnternet › Anten,Google,google,false,false,plan,seed later — plan only
Elektronik › Bilgisayar ve Tablet › Ağ ve İnternet › Anten,OnePlus,oneplus,false,false,plan,seed later — plan only
Elektronik › Bilgisayar ve Tablet › Ağ ve İnternet › Ethernet Kablosu,Apple,apple,true,false,plan,seed later — plan only
Elektronik › Bilgisayar ve Tablet › Ağ ve İnternet › Ethernet Kablosu,Samsung,samsung,true,false,plan,seed later — plan only
Elektronik › Bilgisayar ve Tablet › Ağ ve İnternet › Ethernet Kablosu,Xiaomi,xiaomi,true,false,plan,seed later — plan only
Elektronik › Bilgisayar ve Tablet › Ağ ve İnternet › Ethernet Kablosu,Huawei,huawei,true,false,plan,seed later — plan only
Elektronik › Bilgisayar ve Tablet › Ağ ve İnternet › Ethernet Kablosu,Oppo,oppo,true,false,plan,seed later — plan only
Elektronik › Bilgisayar ve Tablet › Ağ ve İnternet › Ethernet Kablosu,Google,google,false,false,plan,seed later — plan only
Elektronik › Bilgisayar ve Tablet › Ağ ve İnternet › Ethernet Kablosu,OnePlus,oneplus,false,false,plan,seed later — plan only
Elektronik › Bilgisayar ve Tablet › Depolama ve Bellek › USB Bellek,Apple,apple,true,false,plan,seed later — plan only
Elektronik › Bilgisayar ve Tablet › Depolama ve Bellek › USB Bellek,Samsung,samsung,true,false,plan,seed later — plan only
Elektronik › Bilgisayar ve Tablet › Depolama ve Bellek › USB Bellek,Xiaomi,xiaomi,true,false,plan,seed later — plan only
Elektronik › Bilgisayar ve Tablet › Depolama ve Bellek › USB Bellek,Huawei,huawei,true,false,plan,seed later — plan only
Elektronik › Bilgisayar ve Tablet › Depolama ve Bellek › USB Bellek,Oppo,oppo,true,false,plan,seed later — plan only
Elektronik › Bilgisayar ve Tablet › Depolama ve Bellek › USB Bellek,Google,google,false,false,plan,seed later — plan only
Elektronik › Bilgisayar ve Tablet › Depolama ve Bellek › USB Bellek,OnePlus,oneplus,false,false,plan,seed later — plan only
Elektronik › Bilgisayar ve Tablet › Depolama ve Bellek › Hafıza Kartı,Apple,apple,true,false,plan,seed later — plan only
Elektronik › Bilgisayar ve Tablet › Depolama ve Bellek › Hafıza Kartı,Samsung,samsung,true,false,plan,seed later — plan only
Elektronik › Bilgisayar ve Tablet › Depolama ve Bellek › Hafıza Kartı,Xiaomi,xiaomi,true,false,plan,seed later — plan only
Elektronik › Bilgisayar ve Tablet › Depolama ve Bellek › Hafıza Kartı,Huawei,huawei,true,false,plan,seed later — plan only
Elektronik › Bilgisayar ve Tablet › Depolama ve Bellek › Hafıza Kartı,Oppo,oppo,true,false,plan,seed later — plan only
Elektronik › Bilgisayar ve Tablet › Depolama ve Bellek › Hafıza Kartı,Google,google,false,false,plan,seed later — plan only
Elektronik › Bilgisayar ve Tablet › Depolama ve Bellek › Hafıza Kartı,OnePlus,oneplus,false,false,plan,seed later — plan only
Elektronik › Bilgisayar ve Tablet › Depolama ve Bellek › Harici SSD,Apple,apple,true,false,plan,seed later — plan only
Elektronik › Bilgisayar ve Tablet › Depolama ve Bellek › Harici SSD,Samsung,samsung,true,false,plan,seed later — plan only
Elektronik › Bilgisayar ve Tablet › Depolama ve Bellek › Harici SSD,Xiaomi,xiaomi,true,false,plan,seed later — plan only
Elektronik › Bilgisayar ve Tablet › Depolama ve Bellek › Harici SSD,Huawei,huawei,true,false,plan,seed later — plan only
Elektronik › Bilgisayar ve Tablet › Depolama ve Bellek › Harici SSD,Oppo,oppo,true,false,plan,seed later — plan only
Elektronik › Bilgisayar ve Tablet › Depolama ve Bellek › Harici SSD,Google,google,false,false,plan,seed later — plan only
Elektronik › Bilgisayar ve Tablet › Depolama ve Bellek › Harici SSD,OnePlus,oneplus,false,false,plan,seed later — plan only
Elektronik › Bilgisayar ve Tablet › Depolama ve Bellek › Harici Hard Disk,Apple,apple,true,false,plan,seed later — plan only
Elektronik › Bilgisayar ve Tablet › Depolama ve Bellek › Harici Hard Disk,Samsung,samsung,true,false,plan,seed later — plan only
Elektronik › Bilgisayar ve Tablet › Depolama ve Bellek › Harici Hard Disk,Xiaomi,xiaomi,true,false,plan,seed later — plan only
Elektronik › Bilgisayar ve Tablet › Depolama ve Bellek › Harici Hard Disk,Huawei,huawei,true,false,plan,seed later — plan only
Elektronik › Bilgisayar ve Tablet › Depolama ve Bellek › Harici Hard Disk,Oppo,oppo,true,false,plan,seed later — plan only
Elektronik › Bilgisayar ve Tablet › Depolama ve Bellek › Harici Hard Disk,Google,google,false,false,plan,seed later — plan only
Elektronik › Bilgisayar ve Tablet › Depolama ve Bellek › Harici Hard Disk,OnePlus,oneplus,false,false,plan,seed later — plan only
Elektronik › Bilgisayar ve Tablet › Depolama ve Bellek › NAS,Apple,apple,true,false,plan,seed later — plan only
Elektronik › Bilgisayar ve Tablet › Depolama ve Bellek › NAS,Samsung,samsung,true,false,plan,seed later — plan only
Elektronik › Bilgisayar ve Tablet › Depolama ve Bellek › NAS,Xiaomi,xiaomi,true,false,plan,seed later — plan only
Elektronik › Bilgisayar ve Tablet › Depolama ve Bellek › NAS,Huawei,huawei,true,false,plan,seed later — plan only
Elektronik › Bilgisayar ve Tablet › Depolama ve Bellek › NAS,Oppo,oppo,true,false,plan,seed later — plan only
Elektronik › Bilgisayar ve Tablet › Depolama ve Bellek › NAS,Google,google,false,false,plan,seed later — plan only
Elektronik › Bilgisayar ve Tablet › Depolama ve Bellek › NAS,OnePlus,oneplus,false,false,plan,seed later — plan only
Elektronik › Bilgisayar ve Tablet › Depolama ve Bellek › Kart Okuyucu,Apple,apple,true,false,plan,seed later — plan only
Elektronik › Bilgisayar ve Tablet › Depolama ve Bellek › Kart Okuyucu,Samsung,samsung,true,false,plan,seed later — plan only
Elektronik › Bilgisayar ve Tablet › Depolama ve Bellek › Kart Okuyucu,Xiaomi,xiaomi,true,false,plan,seed later — plan only
Elektronik › Bilgisayar ve Tablet › Depolama ve Bellek › Kart Okuyucu,Huawei,huawei,true,false,plan,seed later — plan only
Elektronik › Bilgisayar ve Tablet › Depolama ve Bellek › Kart Okuyucu,Oppo,oppo,true,false,plan,seed later — plan only
Elektronik › Bilgisayar ve Tablet › Depolama ve Bellek › Kart Okuyucu,Google,google,false,false,plan,seed later — plan only
Elektronik › Bilgisayar ve Tablet › Depolama ve Bellek › Kart Okuyucu,OnePlus,oneplus,false,false,plan,seed later — plan only
Elektronik › Bilgisayar ve Tablet › Bilgisayar Aksesuarları › Laptop Çantası,Apple,apple,true,true,plan,seed later — plan only
Elektronik › Bilgisayar ve Tablet › Bilgisayar Aksesuarları › Laptop Çantası,Samsung,samsung,true,true,plan,seed later — plan only
Elektronik › Bilgisayar ve Tablet › Bilgisayar Aksesuarları › Laptop Çantası,Xiaomi,xiaomi,true,true,plan,seed later — plan only
Elektronik › Bilgisayar ve Tablet › Bilgisayar Aksesuarları › Laptop Çantası,Huawei,huawei,true,true,plan,seed later — plan only
Elektronik › Bilgisayar ve Tablet › Bilgisayar Aksesuarları › Laptop Çantası,Oppo,oppo,true,true,plan,seed later — plan only
Elektronik › Bilgisayar ve Tablet › Bilgisayar Aksesuarları › Laptop Çantası,Google,google,false,true,plan,seed later — plan only
Elektronik › Bilgisayar ve Tablet › Bilgisayar Aksesuarları › Laptop Çantası,OnePlus,oneplus,false,true,plan,seed later — plan only
Elektronik › Bilgisayar ve Tablet › Bilgisayar Aksesuarları › Laptop Standı,Apple,apple,true,true,plan,seed later — plan only
Elektronik › Bilgisayar ve Tablet › Bilgisayar Aksesuarları › Laptop Standı,Samsung,samsung,true,true,plan,seed later — plan only
Elektronik › Bilgisayar ve Tablet › Bilgisayar Aksesuarları › Laptop Standı,Xiaomi,xiaomi,true,true,plan,seed later — plan only
Elektronik › Bilgisayar ve Tablet › Bilgisayar Aksesuarları › Laptop Standı,Huawei,huawei,true,true,plan,seed later — plan only
Elektronik › Bilgisayar ve Tablet › Bilgisayar Aksesuarları › Laptop Standı,Oppo,oppo,true,true,plan,seed later — plan only
Elektronik › Bilgisayar ve Tablet › Bilgisayar Aksesuarları › Laptop Standı,Google,google,false,true,plan,seed later — plan only
Elektronik › Bilgisayar ve Tablet › Bilgisayar Aksesuarları › Laptop Standı,OnePlus,oneplus,false,true,plan,seed later — plan only
Elektronik › Bilgisayar ve Tablet › Bilgisayar Aksesuarları › Soğutucu,Apple,apple,true,true,plan,seed later — plan only
Elektronik › Bilgisayar ve Tablet › Bilgisayar Aksesuarları › Soğutucu,Samsung,samsung,true,true,plan,seed later — plan only
Elektronik › Bilgisayar ve Tablet › Bilgisayar Aksesuarları › Soğutucu,Xiaomi,xiaomi,true,true,plan,seed later — plan only
Elektronik › Bilgisayar ve Tablet › Bilgisayar Aksesuarları › Soğutucu,Huawei,huawei,true,true,plan,seed later — plan only
Elektronik › Bilgisayar ve Tablet › Bilgisayar Aksesuarları › Soğutucu,Oppo,oppo,true,true,plan,seed later — plan only
Elektronik › Bilgisayar ve Tablet › Bilgisayar Aksesuarları › Soğutucu,Google,google,false,true,plan,seed later — plan only
Elektronik › Bilgisayar ve Tablet › Bilgisayar Aksesuarları › Soğutucu,OnePlus,oneplus,false,true,plan,seed later — plan only
Elektronik › Bilgisayar ve Tablet › Bilgisayar Aksesuarları › Docking Station,Apple,apple,true,true,plan,seed later — plan only
Elektronik › Bilgisayar ve Tablet › Bilgisayar Aksesuarları › Docking Station,Samsung,samsung,true,true,plan,seed later — plan only
Elektronik › Bilgisayar ve Tablet › Bilgisayar Aksesuarları › Docking Station,Xiaomi,xiaomi,true,true,plan,seed later — plan only
Elektronik › Bilgisayar ve Tablet › Bilgisayar Aksesuarları › Docking Station,Huawei,huawei,true,true,plan,seed later — plan only
Elektronik › Bilgisayar ve Tablet › Bilgisayar Aksesuarları › Docking Station,Oppo,oppo,true,true,plan,seed later — plan only
Elektronik › Bilgisayar ve Tablet › Bilgisayar Aksesuarları › Docking Station,Google,google,false,true,plan,seed later — plan only
Elektronik › Bilgisayar ve Tablet › Bilgisayar Aksesuarları › Docking Station,OnePlus,oneplus,false,true,plan,seed later — plan only
Elektronik › Bilgisayar ve Tablet › Bilgisayar Aksesuarları › USB Hub,Apple,apple,true,true,plan,seed later — plan only
Elektronik › Bilgisayar ve Tablet › Bilgisayar Aksesuarları › USB Hub,Samsung,samsung,true,true,plan,seed later — plan only
Elektronik › Bilgisayar ve Tablet › Bilgisayar Aksesuarları › USB Hub,Xiaomi,xiaomi,true,true,plan,seed later — plan only
Elektronik › Bilgisayar ve Tablet › Bilgisayar Aksesuarları › USB Hub,Huawei,huawei,true,true,plan,seed later — plan only
Elektronik › Bilgisayar ve Tablet › Bilgisayar Aksesuarları › USB Hub,Oppo,oppo,true,true,plan,seed later — plan only
Elektronik › Bilgisayar ve Tablet › Bilgisayar Aksesuarları › USB Hub,Google,google,false,true,plan,seed later — plan only
Elektronik › Bilgisayar ve Tablet › Bilgisayar Aksesuarları › USB Hub,OnePlus,oneplus,false,true,plan,seed later — plan only
Elektronik › Bilgisayar ve Tablet › Bilgisayar Aksesuarları › Adaptör,Apple,apple,true,true,plan,seed later — plan only
Elektronik › Bilgisayar ve Tablet › Bilgisayar Aksesuarları › Adaptör,Samsung,samsung,true,true,plan,seed later — plan only
Elektronik › Bilgisayar ve Tablet › Bilgisayar Aksesuarları › Adaptör,Xiaomi,xiaomi,true,true,plan,seed later — plan only
Elektronik › Bilgisayar ve Tablet › Bilgisayar Aksesuarları › Adaptör,Huawei,huawei,true,true,plan,seed later — plan only
Elektronik › Bilgisayar ve Tablet › Bilgisayar Aksesuarları › Adaptör,Oppo,oppo,true,true,plan,seed later — plan only
Elektronik › Bilgisayar ve Tablet › Bilgisayar Aksesuarları › Adaptör,Google,google,false,true,plan,seed later — plan only
Elektronik › Bilgisayar ve Tablet › Bilgisayar Aksesuarları › Adaptör,OnePlus,oneplus,false,true,plan,seed later — plan only
Elektronik › Bilgisayar ve Tablet › Bilgisayar Aksesuarları › Kablo ve Dönüştürücü,Apple,apple,true,true,plan,seed later — plan only
Elektronik › Bilgisayar ve Tablet › Bilgisayar Aksesuarları › Kablo ve Dönüştürücü,Samsung,samsung,true,true,plan,seed later — plan only
Elektronik › Bilgisayar ve Tablet › Bilgisayar Aksesuarları › Kablo ve Dönüştürücü,Xiaomi,xiaomi,true,true,plan,seed later — plan only
Elektronik › Bilgisayar ve Tablet › Bilgisayar Aksesuarları › Kablo ve Dönüştürücü,Huawei,huawei,true,true,plan,seed later — plan only
Elektronik › Bilgisayar ve Tablet › Bilgisayar Aksesuarları › Kablo ve Dönüştürücü,Oppo,oppo,true,true,plan,seed later — plan only
Elektronik › Bilgisayar ve Tablet › Bilgisayar Aksesuarları › Kablo ve Dönüştürücü,Google,google,false,true,plan,seed later — plan only
Elektronik › Bilgisayar ve Tablet › Bilgisayar Aksesuarları › Kablo ve Dönüştürücü,OnePlus,oneplus,false,true,plan,seed later — plan only
Elektronik › Bilgisayar ve Tablet › Bilgisayar Aksesuarları › Mouse Pad,Apple,apple,true,true,plan,seed later — plan only
Elektronik › Bilgisayar ve Tablet › Bilgisayar Aksesuarları › Mouse Pad,Samsung,samsung,true,true,plan,seed later — plan only
Elektronik › Bilgisayar ve Tablet › Bilgisayar Aksesuarları › Mouse Pad,Xiaomi,xiaomi,true,true,plan,seed later — plan only
Elektronik › Bilgisayar ve Tablet › Bilgisayar Aksesuarları › Mouse Pad,Huawei,huawei,true,true,plan,seed later — plan only
Elektronik › Bilgisayar ve Tablet › Bilgisayar Aksesuarları › Mouse Pad,Oppo,oppo,true,true,plan,seed later — plan only
Elektronik › Bilgisayar ve Tablet › Bilgisayar Aksesuarları › Mouse Pad,Google,google,false,true,plan,seed later — plan only
Elektronik › Bilgisayar ve Tablet › Bilgisayar Aksesuarları › Mouse Pad,OnePlus,oneplus,false,true,plan,seed later — plan only
Elektronik › Bilgisayar ve Tablet › Bilgisayar Aksesuarları › Monitör Kolu,Apple,apple,true,true,plan,seed later — plan only
Elektronik › Bilgisayar ve Tablet › Bilgisayar Aksesuarları › Monitör Kolu,Samsung,samsung,true,true,plan,seed later — plan only
Elektronik › Bilgisayar ve Tablet › Bilgisayar Aksesuarları › Monitör Kolu,Xiaomi,xiaomi,true,true,plan,seed later — plan only
Elektronik › Bilgisayar ve Tablet › Bilgisayar Aksesuarları › Monitör Kolu,Huawei,huawei,true,true,plan,seed later — plan only
Elektronik › Bilgisayar ve Tablet › Bilgisayar Aksesuarları › Monitör Kolu,Oppo,oppo,true,true,plan,seed later — plan only
Elektronik › Bilgisayar ve Tablet › Bilgisayar Aksesuarları › Monitör Kolu,Google,google,false,true,plan,seed later — plan only
Elektronik › Bilgisayar ve Tablet › Bilgisayar Aksesuarları › Monitör Kolu,OnePlus,oneplus,false,true,plan,seed later — plan only
Elektronik › Bilgisayar ve Tablet › Bilgisayar Aksesuarları › KVM Switch,Apple,apple,true,true,plan,seed later — plan only
Elektronik › Bilgisayar ve Tablet › Bilgisayar Aksesuarları › KVM Switch,Samsung,samsung,true,true,plan,seed later — plan only
Elektronik › Bilgisayar ve Tablet › Bilgisayar Aksesuarları › KVM Switch,Xiaomi,xiaomi,true,true,plan,seed later — plan only
Elektronik › Bilgisayar ve Tablet › Bilgisayar Aksesuarları › KVM Switch,Huawei,huawei,true,true,plan,seed later — plan only
Elektronik › Bilgisayar ve Tablet › Bilgisayar Aksesuarları › KVM Switch,Oppo,oppo,true,true,plan,seed later — plan only
Elektronik › Bilgisayar ve Tablet › Bilgisayar Aksesuarları › KVM Switch,Google,google,false,true,plan,seed later — plan only
Elektronik › Bilgisayar ve Tablet › Bilgisayar Aksesuarları › KVM Switch,OnePlus,oneplus,false,true,plan,seed later — plan only
"Elektronik › Televizyon, Görüntü ve Ses › Televizyon › LED Televizyon",Diğer,diger,false,false,plan,seed later — plan only
"Elektronik › Televizyon, Görüntü ve Ses › Televizyon › QLED Televizyon",Diğer,diger,false,false,plan,seed later — plan only
"Elektronik › Televizyon, Görüntü ve Ses › Televizyon › OLED Televizyon",Diğer,diger,false,false,plan,seed later — plan only
"Elektronik › Televizyon, Görüntü ve Ses › Televizyon › Mini LED Televizyon",Diğer,diger,false,false,plan,seed later — plan only
"Elektronik › Televizyon, Görüntü ve Ses › Televizyon › Taşınabilir Televizyon",Diğer,diger,false,false,plan,seed later — plan only
"Elektronik › Televizyon, Görüntü ve Ses › TV Aksesuarları › TV Askı Aparatı",Diğer,diger,false,true,plan,seed later — plan only
"Elektronik › Televizyon, Görüntü ve Ses › TV Aksesuarları › TV Kumandası",Diğer,diger,false,true,plan,seed later — plan only
"Elektronik › Televizyon, Görüntü ve Ses › TV Aksesuarları › Uydu Alıcısı",Diğer,diger,false,true,plan,seed later — plan only
"Elektronik › Televizyon, Görüntü ve Ses › TV Aksesuarları › Android TV Box",Diğer,diger,false,true,plan,seed later — plan only
"Elektronik › Televizyon, Görüntü ve Ses › TV Aksesuarları › Apple TV ve Medya Oynatıcı",Diğer,diger,false,true,plan,seed later — plan only
"Elektronik › Televizyon, Görüntü ve Ses › TV Aksesuarları › HDMI Kablo",Diğer,diger,false,true,plan,seed later — plan only
"Elektronik › Televizyon, Görüntü ve Ses › TV Aksesuarları › TV Anteni",Diğer,diger,false,true,plan,seed later — plan only
"Elektronik › Televizyon, Görüntü ve Ses › Ses Sistemleri › Soundbar",Diğer,diger,false,false,plan,seed later — plan only
"Elektronik › Televizyon, Görüntü ve Ses › Ses Sistemleri › Ev Sinema Sistemi",Diğer,diger,false,false,plan,seed later — plan only
"Elektronik › Televizyon, Görüntü ve Ses › Ses Sistemleri › Hi-Fi Sistem",Diğer,diger,false,false,plan,seed later — plan only
"Elektronik › Televizyon, Görüntü ve Ses › Ses Sistemleri › Bluetooth Hoparlör",Diğer,diger,false,false,plan,seed later — plan only
"Elektronik › Televizyon, Görüntü ve Ses › Ses Sistemleri › Taşınabilir Hoparlör",Diğer,diger,false,false,plan,seed later — plan only
"Elektronik › Televizyon, Görüntü ve Ses › Ses Sistemleri › Amfi",Diğer,diger,false,false,plan,seed later — plan only
"Elektronik › Televizyon, Görüntü ve Ses › Ses Sistemleri › Subwoofer",Diğer,diger,false,false,plan,seed later — plan only
"Elektronik › Televizyon, Görüntü ve Ses › Ses Sistemleri › Hoparlör Seti",Diğer,diger,false,false,plan,seed later — plan only
"Elektronik › Televizyon, Görüntü ve Ses › Kulaklık › TWS Kulaklık",Diğer,diger,false,false,plan,seed later — plan only
"Elektronik › Televizyon, Görüntü ve Ses › Kulaklık › Kulak Üstü Kulaklık",Diğer,diger,false,false,plan,seed later — plan only
"Elektronik › Televizyon, Görüntü ve Ses › Kulaklık › Oyuncu Kulaklığı",Diğer,diger,false,false,plan,seed later — plan only
"Elektronik › Televizyon, Görüntü ve Ses › Kulaklık › Stüdyo Kulaklığı",Diğer,diger,false,false,plan,seed later — plan only
"Elektronik › Televizyon, Görüntü ve Ses › Kulaklık › Spor Kulaklığı",Diğer,diger,false,false,plan,seed later — plan only
"Elektronik › Televizyon, Görüntü ve Ses › Projeksiyon ve Sunum › Projeksiyon Cihazı",Diğer,diger,false,false,plan,seed later — plan only
"Elektronik › Televizyon, Görüntü ve Ses › Projeksiyon ve Sunum › Projeksiyon Perdesi",Diğer,diger,false,false,plan,seed later — plan only
"Elektronik › Televizyon, Görüntü ve Ses › Projeksiyon ve Sunum › Sunum Kumandası",Diğer,diger,false,false,plan,seed later — plan only
"Elektronik › Televizyon, Görüntü ve Ses › Projeksiyon ve Sunum › Projeksiyon Askı Aparatı",Diğer,diger,false,false,plan,seed later — plan only
"Elektronik › Televizyon, Görüntü ve Ses › Fotoğraf ve Video › Dijital Fotoğraf Makinesi",Diğer,diger,false,false,plan,seed later — plan only
"Elektronik › Televizyon, Görüntü ve Ses › Fotoğraf ve Video › Aksiyon Kamerası",Diğer,diger,false,false,plan,seed later — plan only
"Elektronik › Televizyon, Görüntü ve Ses › Fotoğraf ve Video › Video Kamera",Diğer,diger,false,false,plan,seed later — plan only
"Elektronik › Televizyon, Görüntü ve Ses › Fotoğraf ve Video › Drone",Diğer,diger,false,false,plan,seed later — plan only
"Elektronik › Televizyon, Görüntü ve Ses › Fotoğraf ve Video › Lens",Diğer,diger,false,false,plan,seed later — plan only
"Elektronik › Televizyon, Görüntü ve Ses › Fotoğraf ve Video › Tripod",Diğer,diger,false,false,plan,seed later — plan only
"Elektronik › Televizyon, Görüntü ve Ses › Fotoğraf ve Video › Gimbal",Diğer,diger,false,false,plan,seed later — plan only
"Elektronik › Televizyon, Görüntü ve Ses › Fotoğraf ve Video › Fotoğraf Çantası",Diğer,diger,false,false,plan,seed later — plan only
"Elektronik › Televizyon, Görüntü ve Ses › Fotoğraf ve Video › Flaş",Diğer,diger,false,false,plan,seed later — plan only
"Elektronik › Televizyon, Görüntü ve Ses › Fotoğraf ve Video › Işık ve Softbox",Diğer,diger,false,false,plan,seed later — plan only
"Elektronik › Televizyon, Görüntü ve Ses › Fotoğraf ve Video › Kamera Aksesuarı",Diğer,diger,false,true,plan,seed later — plan only
Elektronik › Oyun ve Konsol › Oyun Konsolu › PlayStation,Diğer,diger,false,false,plan,seed later — plan only
Elektronik › Oyun ve Konsol › Oyun Konsolu › Xbox,Diğer,diger,false,false,plan,seed later — plan only
Elektronik › Oyun ve Konsol › Oyun Konsolu › Nintendo Switch,Diğer,diger,false,false,plan,seed later — plan only
Elektronik › Oyun ve Konsol › Oyun Konsolu › El Konsolu,Diğer,diger,false,false,plan,seed later — plan only
Elektronik › Oyun ve Konsol › Oyun Konsolu › Retro Oyun Konsolu,Diğer,diger,false,false,plan,seed later — plan only
Elektronik › Oyun ve Konsol › Konsol Aksesuarları › Gamepad,Diğer,diger,false,true,plan,seed later — plan only
Elektronik › Oyun ve Konsol › Konsol Aksesuarları › Direksiyon Seti,Diğer,diger,false,true,plan,seed later — plan only
Elektronik › Oyun ve Konsol › Konsol Aksesuarları › VR Gözlük,Diğer,diger,false,true,plan,seed later — plan only
Elektronik › Oyun ve Konsol › Konsol Aksesuarları › Şarj İstasyonu,Diğer,diger,false,true,plan,seed later — plan only
Elektronik › Oyun ve Konsol › Konsol Aksesuarları › Konsol Kulaklığı,Diğer,diger,false,true,plan,seed later — plan only
Elektronik › Oyun ve Konsol › Konsol Aksesuarları › Taşıma Çantası,Diğer,diger,false,true,plan,seed later — plan only
Elektronik › Oyun ve Konsol › Oyunlar › PlayStation Oyunları,Diğer,diger,false,false,plan,seed later — plan only
Elektronik › Oyun ve Konsol › Oyunlar › Xbox Oyunları,Diğer,diger,false,false,plan,seed later — plan only
Elektronik › Oyun ve Konsol › Oyunlar › Nintendo Oyunları,Diğer,diger,false,false,plan,seed later — plan only
Elektronik › Oyun ve Konsol › Oyunlar › PC Oyunları,Diğer,diger,false,false,plan,seed later — plan only
Elektronik › Oyun ve Konsol › Oyuncu Ekipmanları › Oyuncu Klavyesi,Diğer,diger,false,false,plan,seed later — plan only
Elektronik › Oyun ve Konsol › Oyuncu Ekipmanları › Oyuncu Mouse,Diğer,diger,false,false,plan,seed later — plan only
Elektronik › Oyun ve Konsol › Oyuncu Ekipmanları › Oyuncu Monitörü,Diğer,diger,false,false,plan,seed later — plan only
Elektronik › Oyun ve Konsol › Oyuncu Ekipmanları › Oyuncu Koltuğu,Diğer,diger,false,false,plan,seed later — plan only
Elektronik › Oyun ve Konsol › Oyuncu Ekipmanları › Oyuncu Masası,Diğer,diger,false,false,plan,seed later — plan only
Elektronik › Oyun ve Konsol › Oyuncu Ekipmanları › Yayıncı Ekipmanı,Diğer,diger,false,false,plan,seed later — plan only
Elektronik › Akıllı Ev ve Güvenlik › Akıllı Ev › Akıllı Priz,Diğer,diger,false,false,plan,seed later — plan only
Elektronik › Akıllı Ev ve Güvenlik › Akıllı Ev › Akıllı Ampul,Diğer,diger,false,false,plan,seed later — plan only
Elektronik › Akıllı Ev ve Güvenlik › Akıllı Ev › Akıllı Anahtar,Diğer,diger,false,false,plan,seed later — plan only
Elektronik › Akıllı Ev ve Güvenlik › Akıllı Ev › Akıllı Termostat,Diğer,diger,false,false,plan,seed later — plan only
Elektronik › Akıllı Ev ve Güvenlik › Akıllı Ev › Akıllı Perde Motoru,Diğer,diger,false,false,plan,seed later — plan only
Elektronik › Akıllı Ev ve Güvenlik › Akıllı Ev › Akıllı Ev Hub,Diğer,diger,false,false,plan,seed later — plan only
Elektronik › Akıllı Ev ve Güvenlik › Güvenlik Sistemleri › IP Kamera,Diğer,diger,false,false,plan,seed later — plan only
Elektronik › Akıllı Ev ve Güvenlik › Güvenlik Sistemleri › Analog Kamera,Diğer,diger,false,false,plan,seed later — plan only
Elektronik › Akıllı Ev ve Güvenlik › Güvenlik Sistemleri › Kamera Kayıt Cihazı,Diğer,diger,false,false,plan,seed later — plan only
Elektronik › Akıllı Ev ve Güvenlik › Güvenlik Sistemleri › Alarm Sistemi,Diğer,diger,false,false,plan,seed later — plan only
Elektronik › Akıllı Ev ve Güvenlik › Güvenlik Sistemleri › Hareket Sensörü,Diğer,diger,false,false,plan,seed later — plan only
Elektronik › Akıllı Ev ve Güvenlik › Güvenlik Sistemleri › Kapı-Pencere Sensörü,Diğer,diger,false,false,plan,seed later — plan only
Elektronik › Akıllı Ev ve Güvenlik › Güvenlik Sistemleri › Görüntülü Diafon,Diğer,diger,false,false,plan,seed later — plan only
Elektronik › Akıllı Ev ve Güvenlik › Güvenlik Sistemleri › Akıllı Kilit,Diğer,diger,false,false,plan,seed later — plan only
Elektronik › Akıllı Ev ve Güvenlik › Güvenlik Sistemleri › Duman Dedektörü,Diğer,diger,false,false,plan,seed later — plan only
Elektronik › Akıllı Ev ve Güvenlik › Enerji ve Güç › UPS,Diğer,diger,false,false,plan,seed later — plan only
Elektronik › Akıllı Ev ve Güvenlik › Enerji ve Güç › Voltaj Regülatörü,Diğer,diger,false,false,plan,seed later — plan only
Elektronik › Akıllı Ev ve Güvenlik › Enerji ve Güç › Akım Korumalı Priz,Diğer,diger,false,false,plan,seed later — plan only
Elektronik › Akıllı Ev ve Güvenlik › Enerji ve Güç › Solar Şarj Cihazı,Diğer,diger,false,false,plan,seed later — plan only
Elektronik › Akıllı Ev ve Güvenlik › Enerji ve Güç › Taşınabilir Güç İstasyonu,Diğer,diger,false,false,plan,seed later — plan only
Ev Aletleri › Beyaz Eşya › Soğutma › Buzdolabı,Diğer,diger,false,false,plan,seed later — plan only
Ev Aletleri › Beyaz Eşya › Soğutma › Mini Buzdolabı,Diğer,diger,false,false,plan,seed later — plan only
Ev Aletleri › Beyaz Eşya › Soğutma › Derin Dondurucu,Diğer,diger,false,false,plan,seed later — plan only
Ev Aletleri › Beyaz Eşya › Soğutma › Şarap Dolabı,Diğer,diger,false,false,plan,seed later — plan only
Ev Aletleri › Beyaz Eşya › Çamaşır Bakımı › Çamaşır Makinesi,Diğer,diger,false,false,plan,seed later — plan only
Ev Aletleri › Beyaz Eşya › Çamaşır Bakımı › Kurutma Makinesi,Arçelik,arcelik,true,false,plan,seed later — plan only
Ev Aletleri › Beyaz Eşya › Çamaşır Bakımı › Kurutma Makinesi,Beko,beko,true,false,plan,seed later — plan only
Ev Aletleri › Beyaz Eşya › Çamaşır Bakımı › Kurutma Makinesi,Bosch,bosch,true,false,plan,seed later — plan only
Ev Aletleri › Beyaz Eşya › Çamaşır Bakımı › Kurutma Makinesi,Siemens,siemens,true,false,plan,seed later — plan only
Ev Aletleri › Beyaz Eşya › Çamaşır Bakımı › Kurutma Makinesi,Profilo,profilo,true,false,plan,seed later — plan only
Ev Aletleri › Beyaz Eşya › Çamaşır Bakımı › Kurutma Makinesi,Vestel,vestel,true,false,plan,seed later — plan only
Ev Aletleri › Beyaz Eşya › Çamaşır Bakımı › Kurutma Makinesi,Samsung,samsung,false,false,plan,seed later — plan only
Ev Aletleri › Beyaz Eşya › Çamaşır Bakımı › Kurutma Makinesi,LG,lg,false,false,plan,seed later — plan only
Ev Aletleri › Beyaz Eşya › Çamaşır Bakımı › Kurutmalı Çamaşır Makinesi,Arçelik,arcelik,true,false,plan,seed later — plan only
Ev Aletleri › Beyaz Eşya › Çamaşır Bakımı › Kurutmalı Çamaşır Makinesi,Beko,beko,true,false,plan,seed later — plan only
Ev Aletleri › Beyaz Eşya › Çamaşır Bakımı › Kurutmalı Çamaşır Makinesi,Bosch,bosch,true,false,plan,seed later — plan only
Ev Aletleri › Beyaz Eşya › Çamaşır Bakımı › Kurutmalı Çamaşır Makinesi,Siemens,siemens,true,false,plan,seed later — plan only
Ev Aletleri › Beyaz Eşya › Çamaşır Bakımı › Kurutmalı Çamaşır Makinesi,Profilo,profilo,true,false,plan,seed later — plan only
Ev Aletleri › Beyaz Eşya › Çamaşır Bakımı › Kurutmalı Çamaşır Makinesi,Vestel,vestel,true,false,plan,seed later — plan only
Ev Aletleri › Beyaz Eşya › Çamaşır Bakımı › Kurutmalı Çamaşır Makinesi,Samsung,samsung,false,false,plan,seed later — plan only
Ev Aletleri › Beyaz Eşya › Çamaşır Bakımı › Kurutmalı Çamaşır Makinesi,LG,lg,false,false,plan,seed later — plan only
Ev Aletleri › Beyaz Eşya › Bulaşık ve Mutfak › Bulaşık Makinesi,Brita,brita,true,false,plan,seed later — plan only
Ev Aletleri › Beyaz Eşya › Bulaşık ve Mutfak › Bulaşık Makinesi,Karaca,karaca,true,false,plan,seed later — plan only
Ev Aletleri › Beyaz Eşya › Bulaşık ve Mutfak › Bulaşık Makinesi,Tefal,tefal,false,false,plan,seed later — plan only
Ev Aletleri › Beyaz Eşya › Bulaşık ve Mutfak › Bulaşık Makinesi,Emsan,emsan,false,false,plan,seed later — plan only
Ev Aletleri › Beyaz Eşya › Bulaşık ve Mutfak › Bulaşık Makinesi,Korkmaz,korkmaz,false,false,plan,seed later — plan only
Ev Aletleri › Beyaz Eşya › Bulaşık ve Mutfak › Ankastre Bulaşık Makinesi,Brita,brita,true,false,plan,seed later — plan only
Ev Aletleri › Beyaz Eşya › Bulaşık ve Mutfak › Ankastre Bulaşık Makinesi,Karaca,karaca,true,false,plan,seed later — plan only
Ev Aletleri › Beyaz Eşya › Bulaşık ve Mutfak › Ankastre Bulaşık Makinesi,Tefal,tefal,false,false,plan,seed later — plan only
Ev Aletleri › Beyaz Eşya › Bulaşık ve Mutfak › Ankastre Bulaşık Makinesi,Emsan,emsan,false,false,plan,seed later — plan only
Ev Aletleri › Beyaz Eşya › Bulaşık ve Mutfak › Ankastre Bulaşık Makinesi,Korkmaz,korkmaz,false,false,plan,seed later — plan only
Ev Aletleri › Beyaz Eşya › Pişirme › Fırın,Diğer,diger,false,false,plan,seed later — plan only
Ev Aletleri › Beyaz Eşya › Pişirme › Ocak,Diğer,diger,false,false,plan,seed later — plan only
Ev Aletleri › Beyaz Eşya › Pişirme › Davlumbaz,Diğer,diger,false,false,plan,seed later — plan only
Ev Aletleri › Beyaz Eşya › Pişirme › Aspiratör,Diğer,diger,false,false,plan,seed later — plan only
Ev Aletleri › Beyaz Eşya › Pişirme › Ankastre Set,Diğer,diger,false,false,plan,seed later — plan only
Ev Aletleri › Beyaz Eşya › Pişirme › Mikrodalga Fırın,Diğer,diger,false,false,plan,seed later — plan only
Ev Aletleri › Beyaz Eşya › İklimlendirme › Klima,Diğer,diger,false,false,plan,seed later — plan only
Ev Aletleri › Beyaz Eşya › İklimlendirme › Portatif Klima,Diğer,diger,false,false,plan,seed later — plan only
Ev Aletleri › Beyaz Eşya › İklimlendirme › Vantilatör,Diğer,diger,false,false,plan,seed later — plan only
Ev Aletleri › Beyaz Eşya › İklimlendirme › Hava Soğutucu,Diğer,diger,false,false,plan,seed later — plan only
Ev Aletleri › Beyaz Eşya › İklimlendirme › Isıtıcı,Diğer,diger,false,false,plan,seed later — plan only
Ev Aletleri › Beyaz Eşya › İklimlendirme › Kombi,Diğer,diger,false,false,plan,seed later — plan only
Ev Aletleri › Beyaz Eşya › İklimlendirme › Şofben,Diğer,diger,false,false,plan,seed later — plan only
Ev Aletleri › Beyaz Eşya › İklimlendirme › Termosifon,Diğer,diger,false,false,plan,seed later — plan only
Ev Aletleri › Küçük Ev Aletleri › Temizlik › Robot Süpürge,Diğer,diger,false,false,plan,seed later — plan only
Ev Aletleri › Küçük Ev Aletleri › Temizlik › Dikey Süpürge,Diğer,diger,false,false,plan,seed later — plan only
Ev Aletleri › Küçük Ev Aletleri › Temizlik › Toz Torbalı Süpürge,Diğer,diger,false,false,plan,seed later — plan only
Ev Aletleri › Küçük Ev Aletleri › Temizlik › Toz Torbasız Süpürge,Diğer,diger,false,false,plan,seed later — plan only
Ev Aletleri › Küçük Ev Aletleri › Temizlik › Islak-Kuru Süpürge,Diğer,diger,false,false,plan,seed later — plan only
Ev Aletleri › Küçük Ev Aletleri › Temizlik › Buharlı Temizleyici,Diğer,diger,false,false,plan,seed later — plan only
Ev Aletleri › Küçük Ev Aletleri › Temizlik › Halı Yıkama Makinesi,Diğer,diger,false,false,plan,seed later — plan only
Ev Aletleri › Küçük Ev Aletleri › Temizlik › Cam Temizleme Robotu,Diğer,diger,false,false,plan,seed later — plan only
Ev Aletleri › Küçük Ev Aletleri › Ütü ve Dikiş › Buharlı Ütü,Diğer,diger,false,false,plan,seed later — plan only
Ev Aletleri › Küçük Ev Aletleri › Ütü ve Dikiş › Kazanlı Ütü,Diğer,diger,false,false,plan,seed later — plan only
Ev Aletleri › Küçük Ev Aletleri › Ütü ve Dikiş › Dikey Ütü,Diğer,diger,false,false,plan,seed later — plan only
Ev Aletleri › Küçük Ev Aletleri › Ütü ve Dikiş › Ütü Masası,Diğer,diger,false,false,plan,seed later — plan only
Ev Aletleri › Küçük Ev Aletleri › Ütü ve Dikiş › Dikiş Makinesi,Diğer,diger,false,false,plan,seed later — plan only
Ev Aletleri › Küçük Ev Aletleri › Ütü ve Dikiş › Overlok Makinesi,Diğer,diger,false,false,plan,seed later — plan only
Ev Aletleri › Küçük Ev Aletleri › Hava Kalitesi › Hava Temizleyici,Diğer,diger,false,false,plan,seed later — plan only
Ev Aletleri › Küçük Ev Aletleri › Hava Kalitesi › Nem Alma Cihazı,Diğer,diger,false,false,plan,seed later — plan only
Ev Aletleri › Küçük Ev Aletleri › Hava Kalitesi › Nemlendirici,Diğer,diger,false,false,plan,seed later — plan only
Ev Aletleri › Küçük Ev Aletleri › Hava Kalitesi › Ozon Cihazı,Diğer,diger,false,false,plan,seed later — plan only
Ev Aletleri › Küçük Ev Aletleri › Kişisel Konfor › Elektrikli Battaniye,Diğer,diger,false,false,plan,seed later — plan only
Ev Aletleri › Küçük Ev Aletleri › Kişisel Konfor › Ayak Isıtıcı,Diğer,diger,false,false,plan,seed later — plan only
Ev Aletleri › Küçük Ev Aletleri › Kişisel Konfor › Elektrikli Soba,Diğer,diger,false,false,plan,seed later — plan only
Ev Aletleri › Küçük Ev Aletleri › Kişisel Konfor › Sinekkapan Cihazı,Diğer,diger,false,false,plan,seed later — plan only
Mutfak ve Sofra › Pişirme › Elektrikli Pişirme › Airfryer,Brita,brita,true,false,plan,seed later — plan only
Mutfak ve Sofra › Pişirme › Elektrikli Pişirme › Airfryer,Karaca,karaca,true,false,plan,seed later — plan only
Mutfak ve Sofra › Pişirme › Elektrikli Pişirme › Airfryer,Tefal,tefal,false,false,plan,seed later — plan only
Mutfak ve Sofra › Pişirme › Elektrikli Pişirme › Airfryer,Emsan,emsan,false,false,plan,seed later — plan only
Mutfak ve Sofra › Pişirme › Elektrikli Pişirme › Airfryer,Korkmaz,korkmaz,false,false,plan,seed later — plan only
Mutfak ve Sofra › Pişirme › Elektrikli Pişirme › Mini Fırın,Brita,brita,true,false,plan,seed later — plan only
Mutfak ve Sofra › Pişirme › Elektrikli Pişirme › Mini Fırın,Karaca,karaca,true,false,plan,seed later — plan only
Mutfak ve Sofra › Pişirme › Elektrikli Pişirme › Mini Fırın,Tefal,tefal,false,false,plan,seed later — plan only
Mutfak ve Sofra › Pişirme › Elektrikli Pişirme › Mini Fırın,Emsan,emsan,false,false,plan,seed later — plan only
Mutfak ve Sofra › Pişirme › Elektrikli Pişirme › Mini Fırın,Korkmaz,korkmaz,false,false,plan,seed later — plan only
Mutfak ve Sofra › Pişirme › Elektrikli Pişirme › Elektrikli Izgara,Brita,brita,true,false,plan,seed later — plan only
Mutfak ve Sofra › Pişirme › Elektrikli Pişirme › Elektrikli Izgara,Karaca,karaca,true,false,plan,seed later — plan only
Mutfak ve Sofra › Pişirme › Elektrikli Pişirme › Elektrikli Izgara,Tefal,tefal,false,false,plan,seed later — plan only
Mutfak ve Sofra › Pişirme › Elektrikli Pişirme › Elektrikli Izgara,Emsan,emsan,false,false,plan,seed later — plan only
Mutfak ve Sofra › Pişirme › Elektrikli Pişirme › Elektrikli Izgara,Korkmaz,korkmaz,false,false,plan,seed later — plan only
Mutfak ve Sofra › Pişirme › Elektrikli Pişirme › Tost Makinesi,Brita,brita,true,false,plan,seed later — plan only
Mutfak ve Sofra › Pişirme › Elektrikli Pişirme › Tost Makinesi,Karaca,karaca,true,false,plan,seed later — plan only
Mutfak ve Sofra › Pişirme › Elektrikli Pişirme › Tost Makinesi,Tefal,tefal,false,false,plan,seed later — plan only
Mutfak ve Sofra › Pişirme › Elektrikli Pişirme › Tost Makinesi,Emsan,emsan,false,false,plan,seed later — plan only
Mutfak ve Sofra › Pişirme › Elektrikli Pişirme › Tost Makinesi,Korkmaz,korkmaz,false,false,plan,seed later — plan only
Mutfak ve Sofra › Pişirme › Elektrikli Pişirme › Waffle Makinesi,Brita,brita,true,false,plan,seed later — plan only
Mutfak ve Sofra › Pişirme › Elektrikli Pişirme › Waffle Makinesi,Karaca,karaca,true,false,plan,seed later — plan only
Mutfak ve Sofra › Pişirme › Elektrikli Pişirme › Waffle Makinesi,Tefal,tefal,false,false,plan,seed later — plan only
Mutfak ve Sofra › Pişirme › Elektrikli Pişirme › Waffle Makinesi,Emsan,emsan,false,false,plan,seed later — plan only
Mutfak ve Sofra › Pişirme › Elektrikli Pişirme › Waffle Makinesi,Korkmaz,korkmaz,false,false,plan,seed later — plan only
Mutfak ve Sofra › Pişirme › Elektrikli Pişirme › Krep Makinesi,Brita,brita,true,false,plan,seed later — plan only
Mutfak ve Sofra › Pişirme › Elektrikli Pişirme › Krep Makinesi,Karaca,karaca,true,false,plan,seed later — plan only
Mutfak ve Sofra › Pişirme › Elektrikli Pişirme › Krep Makinesi,Tefal,tefal,false,false,plan,seed later — plan only
Mutfak ve Sofra › Pişirme › Elektrikli Pişirme › Krep Makinesi,Emsan,emsan,false,false,plan,seed later — plan only
Mutfak ve Sofra › Pişirme › Elektrikli Pişirme › Krep Makinesi,Korkmaz,korkmaz,false,false,plan,seed later — plan only
Mutfak ve Sofra › Pişirme › Elektrikli Pişirme › Ekmek Yapma Makinesi,Brita,brita,true,false,plan,seed later — plan only
Mutfak ve Sofra › Pişirme › Elektrikli Pişirme › Ekmek Yapma Makinesi,Karaca,karaca,true,false,plan,seed later — plan only
Mutfak ve Sofra › Pişirme › Elektrikli Pişirme › Ekmek Yapma Makinesi,Tefal,tefal,false,false,plan,seed later — plan only
Mutfak ve Sofra › Pişirme › Elektrikli Pişirme › Ekmek Yapma Makinesi,Emsan,emsan,false,false,plan,seed later — plan only
Mutfak ve Sofra › Pişirme › Elektrikli Pişirme › Ekmek Yapma Makinesi,Korkmaz,korkmaz,false,false,plan,seed later — plan only
Mutfak ve Sofra › Pişirme › Elektrikli Pişirme › Yoğurt Makinesi,Brita,brita,true,false,plan,seed later — plan only
Mutfak ve Sofra › Pişirme › Elektrikli Pişirme › Yoğurt Makinesi,Karaca,karaca,true,false,plan,seed later — plan only
Mutfak ve Sofra › Pişirme › Elektrikli Pişirme › Yoğurt Makinesi,Tefal,tefal,false,false,plan,seed later — plan only
Mutfak ve Sofra › Pişirme › Elektrikli Pişirme › Yoğurt Makinesi,Emsan,emsan,false,false,plan,seed later — plan only
Mutfak ve Sofra › Pişirme › Elektrikli Pişirme › Yoğurt Makinesi,Korkmaz,korkmaz,false,false,plan,seed later — plan only
Mutfak ve Sofra › Pişirme › Tencere ve Tavalar › Tencere,Brita,brita,true,false,plan,seed later — plan only
Mutfak ve Sofra › Pişirme › Tencere ve Tavalar › Tencere,Karaca,karaca,true,false,plan,seed later — plan only
Mutfak ve Sofra › Pişirme › Tencere ve Tavalar › Tencere,Tefal,tefal,false,false,plan,seed later — plan only
Mutfak ve Sofra › Pişirme › Tencere ve Tavalar › Tencere,Emsan,emsan,false,false,plan,seed later — plan only
Mutfak ve Sofra › Pişirme › Tencere ve Tavalar › Tencere,Korkmaz,korkmaz,false,false,plan,seed later — plan only
Mutfak ve Sofra › Pişirme › Tencere ve Tavalar › Tencere Seti,Brita,brita,true,false,plan,seed later — plan only
Mutfak ve Sofra › Pişirme › Tencere ve Tavalar › Tencere Seti,Karaca,karaca,true,false,plan,seed later — plan only
Mutfak ve Sofra › Pişirme › Tencere ve Tavalar › Tencere Seti,Tefal,tefal,false,false,plan,seed later — plan only
Mutfak ve Sofra › Pişirme › Tencere ve Tavalar › Tencere Seti,Emsan,emsan,false,false,plan,seed later — plan only
Mutfak ve Sofra › Pişirme › Tencere ve Tavalar › Tencere Seti,Korkmaz,korkmaz,false,false,plan,seed later — plan only
Mutfak ve Sofra › Pişirme › Tencere ve Tavalar › Tava,Brita,brita,true,false,plan,seed later — plan only
Mutfak ve Sofra › Pişirme › Tencere ve Tavalar › Tava,Karaca,karaca,true,false,plan,seed later — plan only
Mutfak ve Sofra › Pişirme › Tencere ve Tavalar › Tava,Tefal,tefal,false,false,plan,seed later — plan only
Mutfak ve Sofra › Pişirme › Tencere ve Tavalar › Tava,Emsan,emsan,false,false,plan,seed later — plan only
Mutfak ve Sofra › Pişirme › Tencere ve Tavalar › Tava,Korkmaz,korkmaz,false,false,plan,seed later — plan only
Mutfak ve Sofra › Pişirme › Tencere ve Tavalar › Döküm Tencere,Brita,brita,true,false,plan,seed later — plan only
Mutfak ve Sofra › Pişirme › Tencere ve Tavalar › Döküm Tencere,Karaca,karaca,true,false,plan,seed later — plan only
Mutfak ve Sofra › Pişirme › Tencere ve Tavalar › Döküm Tencere,Tefal,tefal,false,false,plan,seed later — plan only
Mutfak ve Sofra › Pişirme › Tencere ve Tavalar › Döküm Tencere,Emsan,emsan,false,false,plan,seed later — plan only
Mutfak ve Sofra › Pişirme › Tencere ve Tavalar › Döküm Tencere,Korkmaz,korkmaz,false,false,plan,seed later — plan only
Mutfak ve Sofra › Pişirme › Tencere ve Tavalar › Döküm Tava,Brita,brita,true,false,plan,seed later — plan only
Mutfak ve Sofra › Pişirme › Tencere ve Tavalar › Döküm Tava,Karaca,karaca,true,false,plan,seed later — plan only
Mutfak ve Sofra › Pişirme › Tencere ve Tavalar › Döküm Tava,Tefal,tefal,false,false,plan,seed later — plan only
Mutfak ve Sofra › Pişirme › Tencere ve Tavalar › Döküm Tava,Emsan,emsan,false,false,plan,seed later — plan only
Mutfak ve Sofra › Pişirme › Tencere ve Tavalar › Döküm Tava,Korkmaz,korkmaz,false,false,plan,seed later — plan only
Mutfak ve Sofra › Pişirme › Tencere ve Tavalar › Düdüklü Tencere,Brita,brita,true,false,plan,seed later — plan only
Mutfak ve Sofra › Pişirme › Tencere ve Tavalar › Düdüklü Tencere,Karaca,karaca,true,false,plan,seed later — plan only
Mutfak ve Sofra › Pişirme › Tencere ve Tavalar › Düdüklü Tencere,Tefal,tefal,false,false,plan,seed later — plan only
Mutfak ve Sofra › Pişirme › Tencere ve Tavalar › Düdüklü Tencere,Emsan,emsan,false,false,plan,seed later — plan only
Mutfak ve Sofra › Pişirme › Tencere ve Tavalar › Düdüklü Tencere,Korkmaz,korkmaz,false,false,plan,seed later — plan only
Mutfak ve Sofra › Pişirme › Tencere ve Tavalar › Sahan,Brita,brita,true,false,plan,seed later — plan only
Mutfak ve Sofra › Pişirme › Tencere ve Tavalar › Sahan,Karaca,karaca,true,false,plan,seed later — plan only
Mutfak ve Sofra › Pişirme › Tencere ve Tavalar › Sahan,Tefal,tefal,false,false,plan,seed later — plan only
Mutfak ve Sofra › Pişirme › Tencere ve Tavalar › Sahan,Emsan,emsan,false,false,plan,seed later — plan only
Mutfak ve Sofra › Pişirme › Tencere ve Tavalar › Sahan,Korkmaz,korkmaz,false,false,plan,seed later — plan only
Mutfak ve Sofra › Pişirme › Tencere ve Tavalar › Wok Tava,Brita,brita,true,false,plan,seed later — plan only
Mutfak ve Sofra › Pişirme › Tencere ve Tavalar › Wok Tava,Karaca,karaca,true,false,plan,seed later — plan only
Mutfak ve Sofra › Pişirme › Tencere ve Tavalar › Wok Tava,Tefal,tefal,false,false,plan,seed later — plan only
Mutfak ve Sofra › Pişirme › Tencere ve Tavalar › Wok Tava,Emsan,emsan,false,false,plan,seed later — plan only
Mutfak ve Sofra › Pişirme › Tencere ve Tavalar › Wok Tava,Korkmaz,korkmaz,false,false,plan,seed later — plan only
Mutfak ve Sofra › Pişirme › Fırın Gereçleri › Fırın Tepsisi,Brita,brita,true,false,plan,seed later — plan only
Mutfak ve Sofra › Pişirme › Fırın Gereçleri › Fırın Tepsisi,Karaca,karaca,true,false,plan,seed later — plan only
Mutfak ve Sofra › Pişirme › Fırın Gereçleri › Fırın Tepsisi,Tefal,tefal,false,false,plan,seed later — plan only
Mutfak ve Sofra › Pişirme › Fırın Gereçleri › Fırın Tepsisi,Emsan,emsan,false,false,plan,seed later — plan only
Mutfak ve Sofra › Pişirme › Fırın Gereçleri › Fırın Tepsisi,Korkmaz,korkmaz,false,false,plan,seed later — plan only
Mutfak ve Sofra › Pişirme › Fırın Gereçleri › Kek Kalıbı,Brita,brita,true,false,plan,seed later — plan only
Mutfak ve Sofra › Pişirme › Fırın Gereçleri › Kek Kalıbı,Karaca,karaca,true,false,plan,seed later — plan only
Mutfak ve Sofra › Pişirme › Fırın Gereçleri › Kek Kalıbı,Tefal,tefal,false,false,plan,seed later — plan only
Mutfak ve Sofra › Pişirme › Fırın Gereçleri › Kek Kalıbı,Emsan,emsan,false,false,plan,seed later — plan only
Mutfak ve Sofra › Pişirme › Fırın Gereçleri › Kek Kalıbı,Korkmaz,korkmaz,false,false,plan,seed later — plan only
Mutfak ve Sofra › Pişirme › Fırın Gereçleri › Borcam ve Fırın Kabı,Brita,brita,true,false,plan,seed later — plan only
Mutfak ve Sofra › Pişirme › Fırın Gereçleri › Borcam ve Fırın Kabı,Karaca,karaca,true,false,plan,seed later — plan only
Mutfak ve Sofra › Pişirme › Fırın Gereçleri › Borcam ve Fırın Kabı,Tefal,tefal,false,false,plan,seed later — plan only
Mutfak ve Sofra › Pişirme › Fırın Gereçleri › Borcam ve Fırın Kabı,Emsan,emsan,false,false,plan,seed later — plan only
Mutfak ve Sofra › Pişirme › Fırın Gereçleri › Borcam ve Fırın Kabı,Korkmaz,korkmaz,false,false,plan,seed later — plan only
Mutfak ve Sofra › Pişirme › Fırın Gereçleri › Silikon Kalıp,Brita,brita,true,false,plan,seed later — plan only
Mutfak ve Sofra › Pişirme › Fırın Gereçleri › Silikon Kalıp,Karaca,karaca,true,false,plan,seed later — plan only
Mutfak ve Sofra › Pişirme › Fırın Gereçleri › Silikon Kalıp,Tefal,tefal,false,false,plan,seed later — plan only
Mutfak ve Sofra › Pişirme › Fırın Gereçleri › Silikon Kalıp,Emsan,emsan,false,false,plan,seed later — plan only
Mutfak ve Sofra › Pişirme › Fırın Gereçleri › Silikon Kalıp,Korkmaz,korkmaz,false,false,plan,seed later — plan only
Mutfak ve Sofra › Pişirme › Fırın Gereçleri › Pişirme Kağıdı ve Mat,Brita,brita,true,false,plan,seed later — plan only
Mutfak ve Sofra › Pişirme › Fırın Gereçleri › Pişirme Kağıdı ve Mat,Karaca,karaca,true,false,plan,seed later — plan only
Mutfak ve Sofra › Pişirme › Fırın Gereçleri › Pişirme Kağıdı ve Mat,Tefal,tefal,false,false,plan,seed later — plan only
Mutfak ve Sofra › Pişirme › Fırın Gereçleri › Pişirme Kağıdı ve Mat,Emsan,emsan,false,false,plan,seed later — plan only
Mutfak ve Sofra › Pişirme › Fırın Gereçleri › Pişirme Kağıdı ve Mat,Korkmaz,korkmaz,false,false,plan,seed later — plan only
Mutfak ve Sofra › Hazırlık › Mutfak Robotları › Mutfak Robotu,Brita,brita,true,false,plan,seed later — plan only
Mutfak ve Sofra › Hazırlık › Mutfak Robotları › Mutfak Robotu,Karaca,karaca,true,false,plan,seed later — plan only
Mutfak ve Sofra › Hazırlık › Mutfak Robotları › Mutfak Robotu,Tefal,tefal,false,false,plan,seed later — plan only
Mutfak ve Sofra › Hazırlık › Mutfak Robotları › Mutfak Robotu,Emsan,emsan,false,false,plan,seed later — plan only
Mutfak ve Sofra › Hazırlık › Mutfak Robotları › Mutfak Robotu,Korkmaz,korkmaz,false,false,plan,seed later — plan only
Mutfak ve Sofra › Hazırlık › Mutfak Robotları › Blender,Brita,brita,true,false,plan,seed later — plan only
Mutfak ve Sofra › Hazırlık › Mutfak Robotları › Blender,Karaca,karaca,true,false,plan,seed later — plan only
Mutfak ve Sofra › Hazırlık › Mutfak Robotları › Blender,Tefal,tefal,false,false,plan,seed later — plan only
Mutfak ve Sofra › Hazırlık › Mutfak Robotları › Blender,Emsan,emsan,false,false,plan,seed later — plan only
Mutfak ve Sofra › Hazırlık › Mutfak Robotları › Blender,Korkmaz,korkmaz,false,false,plan,seed later — plan only
Mutfak ve Sofra › Hazırlık › Mutfak Robotları › El Blenderı,Brita,brita,true,false,plan,seed later — plan only
Mutfak ve Sofra › Hazırlık › Mutfak Robotları › El Blenderı,Karaca,karaca,true,false,plan,seed later — plan only
Mutfak ve Sofra › Hazırlık › Mutfak Robotları › El Blenderı,Tefal,tefal,false,false,plan,seed later — plan only
Mutfak ve Sofra › Hazırlık › Mutfak Robotları › El Blenderı,Emsan,emsan,false,false,plan,seed later — plan only
Mutfak ve Sofra › Hazırlık › Mutfak Robotları › El Blenderı,Korkmaz,korkmaz,false,false,plan,seed later — plan only
Mutfak ve Sofra › Hazırlık › Mutfak Robotları › Mikser,Brita,brita,true,false,plan,seed later — plan only
Mutfak ve Sofra › Hazırlık › Mutfak Robotları › Mikser,Karaca,karaca,true,false,plan,seed later — plan only
Mutfak ve Sofra › Hazırlık › Mutfak Robotları › Mikser,Tefal,tefal,false,false,plan,seed later — plan only
Mutfak ve Sofra › Hazırlık › Mutfak Robotları › Mikser,Emsan,emsan,false,false,plan,seed later — plan only
Mutfak ve Sofra › Hazırlık › Mutfak Robotları › Mikser,Korkmaz,korkmaz,false,false,plan,seed later — plan only
Mutfak ve Sofra › Hazırlık › Mutfak Robotları › Doğrayıcı,Brita,brita,true,false,plan,seed later — plan only
Mutfak ve Sofra › Hazırlık › Mutfak Robotları › Doğrayıcı,Karaca,karaca,true,false,plan,seed later — plan only
Mutfak ve Sofra › Hazırlık › Mutfak Robotları › Doğrayıcı,Tefal,tefal,false,false,plan,seed later — plan only
Mutfak ve Sofra › Hazırlık › Mutfak Robotları › Doğrayıcı,Emsan,emsan,false,false,plan,seed later — plan only
Mutfak ve Sofra › Hazırlık › Mutfak Robotları › Doğrayıcı,Korkmaz,korkmaz,false,false,plan,seed later — plan only
Mutfak ve Sofra › Hazırlık › Mutfak Robotları › Rondo,Brita,brita,true,false,plan,seed later — plan only
Mutfak ve Sofra › Hazırlık › Mutfak Robotları › Rondo,Karaca,karaca,true,false,plan,seed later — plan only
Mutfak ve Sofra › Hazırlık › Mutfak Robotları › Rondo,Tefal,tefal,false,false,plan,seed later — plan only
Mutfak ve Sofra › Hazırlık › Mutfak Robotları › Rondo,Emsan,emsan,false,false,plan,seed later — plan only
Mutfak ve Sofra › Hazırlık › Mutfak Robotları › Rondo,Korkmaz,korkmaz,false,false,plan,seed later — plan only
Mutfak ve Sofra › Hazırlık › Mutfak Robotları › Hamur Yoğurma Makinesi,Brita,brita,true,false,plan,seed later — plan only
Mutfak ve Sofra › Hazırlık › Mutfak Robotları › Hamur Yoğurma Makinesi,Karaca,karaca,true,false,plan,seed later — plan only
Mutfak ve Sofra › Hazırlık › Mutfak Robotları › Hamur Yoğurma Makinesi,Tefal,tefal,false,false,plan,seed later — plan only
Mutfak ve Sofra › Hazırlık › Mutfak Robotları › Hamur Yoğurma Makinesi,Emsan,emsan,false,false,plan,seed later — plan only
Mutfak ve Sofra › Hazırlık › Mutfak Robotları › Hamur Yoğurma Makinesi,Korkmaz,korkmaz,false,false,plan,seed later — plan only
Mutfak ve Sofra › Hazırlık › Kesme ve Doğrama › Bıçak,Brita,brita,true,false,plan,seed later — plan only
Mutfak ve Sofra › Hazırlık › Kesme ve Doğrama › Bıçak,Karaca,karaca,true,false,plan,seed later — plan only
Mutfak ve Sofra › Hazırlık › Kesme ve Doğrama › Bıçak,Tefal,tefal,false,false,plan,seed later — plan only
Mutfak ve Sofra › Hazırlık › Kesme ve Doğrama › Bıçak,Emsan,emsan,false,false,plan,seed later — plan only
Mutfak ve Sofra › Hazırlık › Kesme ve Doğrama › Bıçak,Korkmaz,korkmaz,false,false,plan,seed later — plan only
Mutfak ve Sofra › Hazırlık › Kesme ve Doğrama › Bıçak Seti,Brita,brita,true,false,plan,seed later — plan only
Mutfak ve Sofra › Hazırlık › Kesme ve Doğrama › Bıçak Seti,Karaca,karaca,true,false,plan,seed later — plan only
Mutfak ve Sofra › Hazırlık › Kesme ve Doğrama › Bıçak Seti,Tefal,tefal,false,false,plan,seed later — plan only
Mutfak ve Sofra › Hazırlık › Kesme ve Doğrama › Bıçak Seti,Emsan,emsan,false,false,plan,seed later — plan only
Mutfak ve Sofra › Hazırlık › Kesme ve Doğrama › Bıçak Seti,Korkmaz,korkmaz,false,false,plan,seed later — plan only
Mutfak ve Sofra › Hazırlık › Kesme ve Doğrama › Kesme Tahtası,Brita,brita,true,false,plan,seed later — plan only
Mutfak ve Sofra › Hazırlık › Kesme ve Doğrama › Kesme Tahtası,Karaca,karaca,true,false,plan,seed later — plan only
Mutfak ve Sofra › Hazırlık › Kesme ve Doğrama › Kesme Tahtası,Tefal,tefal,false,false,plan,seed later — plan only
Mutfak ve Sofra › Hazırlık › Kesme ve Doğrama › Kesme Tahtası,Emsan,emsan,false,false,plan,seed later — plan only
Mutfak ve Sofra › Hazırlık › Kesme ve Doğrama › Kesme Tahtası,Korkmaz,korkmaz,false,false,plan,seed later — plan only
Mutfak ve Sofra › Hazırlık › Kesme ve Doğrama › Rende,Brita,brita,true,false,plan,seed later — plan only
Mutfak ve Sofra › Hazırlık › Kesme ve Doğrama › Rende,Karaca,karaca,true,false,plan,seed later — plan only
Mutfak ve Sofra › Hazırlık › Kesme ve Doğrama › Rende,Tefal,tefal,false,false,plan,seed later — plan only
Mutfak ve Sofra › Hazırlık › Kesme ve Doğrama › Rende,Emsan,emsan,false,false,plan,seed later — plan only
Mutfak ve Sofra › Hazırlık › Kesme ve Doğrama › Rende,Korkmaz,korkmaz,false,false,plan,seed later — plan only
Mutfak ve Sofra › Hazırlık › Kesme ve Doğrama › Soyacak,Brita,brita,true,false,plan,seed later — plan only
Mutfak ve Sofra › Hazırlık › Kesme ve Doğrama › Soyacak,Karaca,karaca,true,false,plan,seed later — plan only
Mutfak ve Sofra › Hazırlık › Kesme ve Doğrama › Soyacak,Tefal,tefal,false,false,plan,seed later — plan only
Mutfak ve Sofra › Hazırlık › Kesme ve Doğrama › Soyacak,Emsan,emsan,false,false,plan,seed later — plan only
Mutfak ve Sofra › Hazırlık › Kesme ve Doğrama › Soyacak,Korkmaz,korkmaz,false,false,plan,seed later — plan only
Mutfak ve Sofra › Hazırlık › Kesme ve Doğrama › Mutfak Makası,Brita,brita,true,false,plan,seed later — plan only
Mutfak ve Sofra › Hazırlık › Kesme ve Doğrama › Mutfak Makası,Karaca,karaca,true,false,plan,seed later — plan only
Mutfak ve Sofra › Hazırlık › Kesme ve Doğrama › Mutfak Makası,Tefal,tefal,false,false,plan,seed later — plan only
Mutfak ve Sofra › Hazırlık › Kesme ve Doğrama › Mutfak Makası,Emsan,emsan,false,false,plan,seed later — plan only
Mutfak ve Sofra › Hazırlık › Kesme ve Doğrama › Mutfak Makası,Korkmaz,korkmaz,false,false,plan,seed later — plan only
Mutfak ve Sofra › Hazırlık › Kesme ve Doğrama › Bileme Aleti,Brita,brita,true,false,plan,seed later — plan only
Mutfak ve Sofra › Hazırlık › Kesme ve Doğrama › Bileme Aleti,Karaca,karaca,true,false,plan,seed later — plan only
Mutfak ve Sofra › Hazırlık › Kesme ve Doğrama › Bileme Aleti,Tefal,tefal,false,false,plan,seed later — plan only
Mutfak ve Sofra › Hazırlık › Kesme ve Doğrama › Bileme Aleti,Emsan,emsan,false,false,plan,seed later — plan only
Mutfak ve Sofra › Hazırlık › Kesme ve Doğrama › Bileme Aleti,Korkmaz,korkmaz,false,false,plan,seed later — plan only
Mutfak ve Sofra › Hazırlık › Ölçme ve Yardımcılar › Mutfak Tartısı,Brita,brita,true,false,plan,seed later — plan only
Mutfak ve Sofra › Hazırlık › Ölçme ve Yardımcılar › Mutfak Tartısı,Karaca,karaca,true,false,plan,seed later — plan only
Mutfak ve Sofra › Hazırlık › Ölçme ve Yardımcılar › Mutfak Tartısı,Tefal,tefal,false,false,plan,seed later — plan only
Mutfak ve Sofra › Hazırlık › Ölçme ve Yardımcılar › Mutfak Tartısı,Emsan,emsan,false,false,plan,seed later — plan only
Mutfak ve Sofra › Hazırlık › Ölçme ve Yardımcılar › Mutfak Tartısı,Korkmaz,korkmaz,false,false,plan,seed later — plan only
Mutfak ve Sofra › Hazırlık › Ölçme ve Yardımcılar › Ölçü Kabı,Brita,brita,true,false,plan,seed later — plan only
Mutfak ve Sofra › Hazırlık › Ölçme ve Yardımcılar › Ölçü Kabı,Karaca,karaca,true,false,plan,seed later — plan only
Mutfak ve Sofra › Hazırlık › Ölçme ve Yardımcılar › Ölçü Kabı,Tefal,tefal,false,false,plan,seed later — plan only
Mutfak ve Sofra › Hazırlık › Ölçme ve Yardımcılar › Ölçü Kabı,Emsan,emsan,false,false,plan,seed later — plan only
Mutfak ve Sofra › Hazırlık › Ölçme ve Yardımcılar › Ölçü Kabı,Korkmaz,korkmaz,false,false,plan,seed later — plan only
Mutfak ve Sofra › Hazırlık › Ölçme ve Yardımcılar › Termometre,Brita,brita,true,false,plan,seed later — plan only
Mutfak ve Sofra › Hazırlık › Ölçme ve Yardımcılar › Termometre,Karaca,karaca,true,false,plan,seed later — plan only
Mutfak ve Sofra › Hazırlık › Ölçme ve Yardımcılar › Termometre,Tefal,tefal,false,false,plan,seed later — plan only
Mutfak ve Sofra › Hazırlık › Ölçme ve Yardımcılar › Termometre,Emsan,emsan,false,false,plan,seed later — plan only
Mutfak ve Sofra › Hazırlık › Ölçme ve Yardımcılar › Termometre,Korkmaz,korkmaz,false,false,plan,seed later — plan only
Mutfak ve Sofra › Hazırlık › Ölçme ve Yardımcılar › Süzgeç,Brita,brita,true,false,plan,seed later — plan only
Mutfak ve Sofra › Hazırlık › Ölçme ve Yardımcılar › Süzgeç,Karaca,karaca,true,false,plan,seed later — plan only
Mutfak ve Sofra › Hazırlık › Ölçme ve Yardımcılar › Süzgeç,Tefal,tefal,false,false,plan,seed later — plan only
Mutfak ve Sofra › Hazırlık › Ölçme ve Yardımcılar › Süzgeç,Emsan,emsan,false,false,plan,seed later — plan only
Mutfak ve Sofra › Hazırlık › Ölçme ve Yardımcılar › Süzgeç,Korkmaz,korkmaz,false,false,plan,seed later — plan only
Mutfak ve Sofra › Hazırlık › Ölçme ve Yardımcılar › Kevgir,Brita,brita,true,false,plan,seed later — plan only
Mutfak ve Sofra › Hazırlık › Ölçme ve Yardımcılar › Kevgir,Karaca,karaca,true,false,plan,seed later — plan only
Mutfak ve Sofra › Hazırlık › Ölçme ve Yardımcılar › Kevgir,Tefal,tefal,false,false,plan,seed later — plan only
Mutfak ve Sofra › Hazırlık › Ölçme ve Yardımcılar › Kevgir,Emsan,emsan,false,false,plan,seed later — plan only
Mutfak ve Sofra › Hazırlık › Ölçme ve Yardımcılar › Kevgir,Korkmaz,korkmaz,false,false,plan,seed later — plan only
Mutfak ve Sofra › Hazırlık › Ölçme ve Yardımcılar › Huni,Brita,brita,true,false,plan,seed later — plan only
Mutfak ve Sofra › Hazırlık › Ölçme ve Yardımcılar › Huni,Karaca,karaca,true,false,plan,seed later — plan only
Mutfak ve Sofra › Hazırlık › Ölçme ve Yardımcılar › Huni,Tefal,tefal,false,false,plan,seed later — plan only
Mutfak ve Sofra › Hazırlık › Ölçme ve Yardımcılar › Huni,Emsan,emsan,false,false,plan,seed later — plan only
Mutfak ve Sofra › Hazırlık › Ölçme ve Yardımcılar › Huni,Korkmaz,korkmaz,false,false,plan,seed later — plan only
Mutfak ve Sofra › Hazırlık › Ölçme ve Yardımcılar › Spatula,Brita,brita,true,false,plan,seed later — plan only
Mutfak ve Sofra › Hazırlık › Ölçme ve Yardımcılar › Spatula,Karaca,karaca,true,false,plan,seed later — plan only
Mutfak ve Sofra › Hazırlık › Ölçme ve Yardımcılar › Spatula,Tefal,tefal,false,false,plan,seed later — plan only
Mutfak ve Sofra › Hazırlık › Ölçme ve Yardımcılar › Spatula,Emsan,emsan,false,false,plan,seed later — plan only
Mutfak ve Sofra › Hazırlık › Ölçme ve Yardımcılar › Spatula,Korkmaz,korkmaz,false,false,plan,seed later — plan only
Mutfak ve Sofra › Hazırlık › Ölçme ve Yardımcılar › Maşa,Brita,brita,true,false,plan,seed later — plan only
Mutfak ve Sofra › Hazırlık › Ölçme ve Yardımcılar › Maşa,Karaca,karaca,true,false,plan,seed later — plan only
Mutfak ve Sofra › Hazırlık › Ölçme ve Yardımcılar › Maşa,Tefal,tefal,false,false,plan,seed later — plan only
Mutfak ve Sofra › Hazırlık › Ölçme ve Yardımcılar › Maşa,Emsan,emsan,false,false,plan,seed later — plan only
Mutfak ve Sofra › Hazırlık › Ölçme ve Yardımcılar › Maşa,Korkmaz,korkmaz,false,false,plan,seed later — plan only
Mutfak ve Sofra › Hazırlık › Ölçme ve Yardımcılar › Çırpıcı,Brita,brita,true,false,plan,seed later — plan only
Mutfak ve Sofra › Hazırlık › Ölçme ve Yardımcılar › Çırpıcı,Karaca,karaca,true,false,plan,seed later — plan only
Mutfak ve Sofra › Hazırlık › Ölçme ve Yardımcılar › Çırpıcı,Tefal,tefal,false,false,plan,seed later — plan only
Mutfak ve Sofra › Hazırlık › Ölçme ve Yardımcılar › Çırpıcı,Emsan,emsan,false,false,plan,seed later — plan only
Mutfak ve Sofra › Hazırlık › Ölçme ve Yardımcılar › Çırpıcı,Korkmaz,korkmaz,false,false,plan,seed later — plan only
Mutfak ve Sofra › İçecek Hazırlama › Kahve › Türk Kahvesi Makinesi,Brita,brita,true,false,plan,seed later — plan only
Mutfak ve Sofra › İçecek Hazırlama › Kahve › Türk Kahvesi Makinesi,Karaca,karaca,true,false,plan,seed later — plan only
Mutfak ve Sofra › İçecek Hazırlama › Kahve › Türk Kahvesi Makinesi,Tefal,tefal,false,false,plan,seed later — plan only
Mutfak ve Sofra › İçecek Hazırlama › Kahve › Türk Kahvesi Makinesi,Emsan,emsan,false,false,plan,seed later — plan only
Mutfak ve Sofra › İçecek Hazırlama › Kahve › Türk Kahvesi Makinesi,Korkmaz,korkmaz,false,false,plan,seed later — plan only
Mutfak ve Sofra › İçecek Hazırlama › Kahve › Filtre Kahve Makinesi,Brita,brita,true,false,plan,seed later — plan only
Mutfak ve Sofra › İçecek Hazırlama › Kahve › Filtre Kahve Makinesi,Karaca,karaca,true,false,plan,seed later — plan only
Mutfak ve Sofra › İçecek Hazırlama › Kahve › Filtre Kahve Makinesi,Tefal,tefal,false,false,plan,seed later — plan only
Mutfak ve Sofra › İçecek Hazırlama › Kahve › Filtre Kahve Makinesi,Emsan,emsan,false,false,plan,seed later — plan only
Mutfak ve Sofra › İçecek Hazırlama › Kahve › Filtre Kahve Makinesi,Korkmaz,korkmaz,false,false,plan,seed later — plan only
Mutfak ve Sofra › İçecek Hazırlama › Kahve › Espresso Makinesi,Brita,brita,true,false,plan,seed later — plan only
Mutfak ve Sofra › İçecek Hazırlama › Kahve › Espresso Makinesi,Karaca,karaca,true,false,plan,seed later — plan only
Mutfak ve Sofra › İçecek Hazırlama › Kahve › Espresso Makinesi,Tefal,tefal,false,false,plan,seed later — plan only
Mutfak ve Sofra › İçecek Hazırlama › Kahve › Espresso Makinesi,Emsan,emsan,false,false,plan,seed later — plan only
Mutfak ve Sofra › İçecek Hazırlama › Kahve › Espresso Makinesi,Korkmaz,korkmaz,false,false,plan,seed later — plan only
Mutfak ve Sofra › İçecek Hazırlama › Kahve › Kapsül Kahve Makinesi,Brita,brita,true,false,plan,seed later — plan only
Mutfak ve Sofra › İçecek Hazırlama › Kahve › Kapsül Kahve Makinesi,Karaca,karaca,true,false,plan,seed later — plan only
Mutfak ve Sofra › İçecek Hazırlama › Kahve › Kapsül Kahve Makinesi,Tefal,tefal,false,false,plan,seed later — plan only
Mutfak ve Sofra › İçecek Hazırlama › Kahve › Kapsül Kahve Makinesi,Emsan,emsan,false,false,plan,seed later — plan only
Mutfak ve Sofra › İçecek Hazırlama › Kahve › Kapsül Kahve Makinesi,Korkmaz,korkmaz,false,false,plan,seed later — plan only
Mutfak ve Sofra › İçecek Hazırlama › Kahve › Kahve Öğütücü,Brita,brita,true,false,plan,seed later — plan only
Mutfak ve Sofra › İçecek Hazırlama › Kahve › Kahve Öğütücü,Karaca,karaca,true,false,plan,seed later — plan only
Mutfak ve Sofra › İçecek Hazırlama › Kahve › Kahve Öğütücü,Tefal,tefal,false,false,plan,seed later — plan only
Mutfak ve Sofra › İçecek Hazırlama › Kahve › Kahve Öğütücü,Emsan,emsan,false,false,plan,seed later — plan only
Mutfak ve Sofra › İçecek Hazırlama › Kahve › Kahve Öğütücü,Korkmaz,korkmaz,false,false,plan,seed later — plan only
Mutfak ve Sofra › İçecek Hazırlama › Kahve › French Press,Brita,brita,true,false,plan,seed later — plan only
Mutfak ve Sofra › İçecek Hazırlama › Kahve › French Press,Karaca,karaca,true,false,plan,seed later — plan only
Mutfak ve Sofra › İçecek Hazırlama › Kahve › French Press,Tefal,tefal,false,false,plan,seed later — plan only
Mutfak ve Sofra › İçecek Hazırlama › Kahve › French Press,Emsan,emsan,false,false,plan,seed later — plan only
Mutfak ve Sofra › İçecek Hazırlama › Kahve › French Press,Korkmaz,korkmaz,false,false,plan,seed later — plan only
Mutfak ve Sofra › İçecek Hazırlama › Kahve › Moka Pot,Brita,brita,true,false,plan,seed later — plan only
Mutfak ve Sofra › İçecek Hazırlama › Kahve › Moka Pot,Karaca,karaca,true,false,plan,seed later — plan only
Mutfak ve Sofra › İçecek Hazırlama › Kahve › Moka Pot,Tefal,tefal,false,false,plan,seed later — plan only
Mutfak ve Sofra › İçecek Hazırlama › Kahve › Moka Pot,Emsan,emsan,false,false,plan,seed later — plan only
Mutfak ve Sofra › İçecek Hazırlama › Kahve › Moka Pot,Korkmaz,korkmaz,false,false,plan,seed later — plan only
Mutfak ve Sofra › İçecek Hazırlama › Kahve › Kahve Demleme Ekipmanı,Brita,brita,true,false,plan,seed later — plan only
Mutfak ve Sofra › İçecek Hazırlama › Kahve › Kahve Demleme Ekipmanı,Karaca,karaca,true,false,plan,seed later — plan only
Mutfak ve Sofra › İçecek Hazırlama › Kahve › Kahve Demleme Ekipmanı,Tefal,tefal,false,false,plan,seed later — plan only
Mutfak ve Sofra › İçecek Hazırlama › Kahve › Kahve Demleme Ekipmanı,Emsan,emsan,false,false,plan,seed later — plan only
Mutfak ve Sofra › İçecek Hazırlama › Kahve › Kahve Demleme Ekipmanı,Korkmaz,korkmaz,false,false,plan,seed later — plan only
Mutfak ve Sofra › İçecek Hazırlama › Çay ve Sıcak İçecek › Çay Makinesi,Brita,brita,true,false,plan,seed later — plan only
Mutfak ve Sofra › İçecek Hazırlama › Çay ve Sıcak İçecek › Çay Makinesi,Karaca,karaca,true,false,plan,seed later — plan only
Mutfak ve Sofra › İçecek Hazırlama › Çay ve Sıcak İçecek › Çay Makinesi,Tefal,tefal,false,false,plan,seed later — plan only
Mutfak ve Sofra › İçecek Hazırlama › Çay ve Sıcak İçecek › Çay Makinesi,Emsan,emsan,false,false,plan,seed later — plan only
Mutfak ve Sofra › İçecek Hazırlama › Çay ve Sıcak İçecek › Çay Makinesi,Korkmaz,korkmaz,false,false,plan,seed later — plan only
Mutfak ve Sofra › İçecek Hazırlama › Çay ve Sıcak İçecek › Su Isıtıcısı,Brita,brita,true,false,plan,seed later — plan only
Mutfak ve Sofra › İçecek Hazırlama › Çay ve Sıcak İçecek › Su Isıtıcısı,Karaca,karaca,true,false,plan,seed later — plan only
Mutfak ve Sofra › İçecek Hazırlama › Çay ve Sıcak İçecek › Su Isıtıcısı,Tefal,tefal,false,false,plan,seed later — plan only
Mutfak ve Sofra › İçecek Hazırlama › Çay ve Sıcak İçecek › Su Isıtıcısı,Emsan,emsan,false,false,plan,seed later — plan only
Mutfak ve Sofra › İçecek Hazırlama › Çay ve Sıcak İçecek › Su Isıtıcısı,Korkmaz,korkmaz,false,false,plan,seed later — plan only
Mutfak ve Sofra › İçecek Hazırlama › Çay ve Sıcak İçecek › Semaver,Brita,brita,true,false,plan,seed later — plan only
Mutfak ve Sofra › İçecek Hazırlama › Çay ve Sıcak İçecek › Semaver,Karaca,karaca,true,false,plan,seed later — plan only
Mutfak ve Sofra › İçecek Hazırlama › Çay ve Sıcak İçecek › Semaver,Tefal,tefal,false,false,plan,seed later — plan only
Mutfak ve Sofra › İçecek Hazırlama › Çay ve Sıcak İçecek › Semaver,Emsan,emsan,false,false,plan,seed later — plan only
Mutfak ve Sofra › İçecek Hazırlama › Çay ve Sıcak İçecek › Semaver,Korkmaz,korkmaz,false,false,plan,seed later — plan only
Mutfak ve Sofra › İçecek Hazırlama › Çay ve Sıcak İçecek › Termos,Brita,brita,true,false,plan,seed later — plan only
Mutfak ve Sofra › İçecek Hazırlama › Çay ve Sıcak İçecek › Termos,Karaca,karaca,true,false,plan,seed later — plan only
Mutfak ve Sofra › İçecek Hazırlama › Çay ve Sıcak İçecek › Termos,Tefal,tefal,false,false,plan,seed later — plan only
Mutfak ve Sofra › İçecek Hazırlama › Çay ve Sıcak İçecek › Termos,Emsan,emsan,false,false,plan,seed later — plan only
Mutfak ve Sofra › İçecek Hazırlama › Çay ve Sıcak İçecek › Termos,Korkmaz,korkmaz,false,false,plan,seed later — plan only
Mutfak ve Sofra › İçecek Hazırlama › Çay ve Sıcak İçecek › Mug ve Termos Bardak,Brita,brita,true,false,plan,seed later — plan only
Mutfak ve Sofra › İçecek Hazırlama › Çay ve Sıcak İçecek › Mug ve Termos Bardak,Karaca,karaca,true,false,plan,seed later — plan only
Mutfak ve Sofra › İçecek Hazırlama › Çay ve Sıcak İçecek › Mug ve Termos Bardak,Tefal,tefal,false,false,plan,seed later — plan only
Mutfak ve Sofra › İçecek Hazırlama › Çay ve Sıcak İçecek › Mug ve Termos Bardak,Emsan,emsan,false,false,plan,seed later — plan only
Mutfak ve Sofra › İçecek Hazırlama › Çay ve Sıcak İçecek › Mug ve Termos Bardak,Korkmaz,korkmaz,false,false,plan,seed later — plan only
Mutfak ve Sofra › İçecek Hazırlama › Soğuk İçecek › Katı Meyve Sıkacağı,Brita,brita,true,false,plan,seed later — plan only
Mutfak ve Sofra › İçecek Hazırlama › Soğuk İçecek › Katı Meyve Sıkacağı,Karaca,karaca,true,false,plan,seed later — plan only
Mutfak ve Sofra › İçecek Hazırlama › Soğuk İçecek › Katı Meyve Sıkacağı,Tefal,tefal,false,false,plan,seed later — plan only
Mutfak ve Sofra › İçecek Hazırlama › Soğuk İçecek › Katı Meyve Sıkacağı,Emsan,emsan,false,false,plan,seed later — plan only
Mutfak ve Sofra › İçecek Hazırlama › Soğuk İçecek › Katı Meyve Sıkacağı,Korkmaz,korkmaz,false,false,plan,seed later — plan only
Mutfak ve Sofra › İçecek Hazırlama › Soğuk İçecek › Narenciye Sıkacağı,Brita,brita,true,false,plan,seed later — plan only
Mutfak ve Sofra › İçecek Hazırlama › Soğuk İçecek › Narenciye Sıkacağı,Karaca,karaca,true,false,plan,seed later — plan only
Mutfak ve Sofra › İçecek Hazırlama › Soğuk İçecek › Narenciye Sıkacağı,Tefal,tefal,false,false,plan,seed later — plan only
Mutfak ve Sofra › İçecek Hazırlama › Soğuk İçecek › Narenciye Sıkacağı,Emsan,emsan,false,false,plan,seed later — plan only
Mutfak ve Sofra › İçecek Hazırlama › Soğuk İçecek › Narenciye Sıkacağı,Korkmaz,korkmaz,false,false,plan,seed later — plan only
Mutfak ve Sofra › İçecek Hazırlama › Soğuk İçecek › Smoothie Blender,Brita,brita,true,false,plan,seed later — plan only
Mutfak ve Sofra › İçecek Hazırlama › Soğuk İçecek › Smoothie Blender,Karaca,karaca,true,false,plan,seed later — plan only
Mutfak ve Sofra › İçecek Hazırlama › Soğuk İçecek › Smoothie Blender,Tefal,tefal,false,false,plan,seed later — plan only
Mutfak ve Sofra › İçecek Hazırlama › Soğuk İçecek › Smoothie Blender,Emsan,emsan,false,false,plan,seed later — plan only
Mutfak ve Sofra › İçecek Hazırlama › Soğuk İçecek › Smoothie Blender,Korkmaz,korkmaz,false,false,plan,seed later — plan only
Mutfak ve Sofra › İçecek Hazırlama › Soğuk İçecek › Soda Makinesi,Brita,brita,true,false,plan,seed later — plan only
Mutfak ve Sofra › İçecek Hazırlama › Soğuk İçecek › Soda Makinesi,Karaca,karaca,true,false,plan,seed later — plan only
Mutfak ve Sofra › İçecek Hazırlama › Soğuk İçecek › Soda Makinesi,Tefal,tefal,false,false,plan,seed later — plan only
Mutfak ve Sofra › İçecek Hazırlama › Soğuk İçecek › Soda Makinesi,Emsan,emsan,false,false,plan,seed later — plan only
Mutfak ve Sofra › İçecek Hazırlama › Soğuk İçecek › Soda Makinesi,Korkmaz,korkmaz,false,false,plan,seed later — plan only
Mutfak ve Sofra › İçecek Hazırlama › Soğuk İçecek › Buz Makinesi,Brita,brita,true,false,plan,seed later — plan only
Mutfak ve Sofra › İçecek Hazırlama › Soğuk İçecek › Buz Makinesi,Karaca,karaca,true,false,plan,seed later — plan only
Mutfak ve Sofra › İçecek Hazırlama › Soğuk İçecek › Buz Makinesi,Tefal,tefal,false,false,plan,seed later — plan only
Mutfak ve Sofra › İçecek Hazırlama › Soğuk İçecek › Buz Makinesi,Emsan,emsan,false,false,plan,seed later — plan only
Mutfak ve Sofra › İçecek Hazırlama › Soğuk İçecek › Buz Makinesi,Korkmaz,korkmaz,false,false,plan,seed later — plan only
Mutfak ve Sofra › Sofra ve Servis › Yemek Takımları › Yemek Takımı,Brita,brita,true,false,plan,seed later — plan only
Mutfak ve Sofra › Sofra ve Servis › Yemek Takımları › Yemek Takımı,Karaca,karaca,true,false,plan,seed later — plan only
Mutfak ve Sofra › Sofra ve Servis › Yemek Takımları › Yemek Takımı,Tefal,tefal,false,false,plan,seed later — plan only
Mutfak ve Sofra › Sofra ve Servis › Yemek Takımları › Yemek Takımı,Emsan,emsan,false,false,plan,seed later — plan only
Mutfak ve Sofra › Sofra ve Servis › Yemek Takımları › Yemek Takımı,Korkmaz,korkmaz,false,false,plan,seed later — plan only
Mutfak ve Sofra › Sofra ve Servis › Yemek Takımları › Kahvaltı Takımı,Brita,brita,true,false,plan,seed later — plan only
Mutfak ve Sofra › Sofra ve Servis › Yemek Takımları › Kahvaltı Takımı,Karaca,karaca,true,false,plan,seed later — plan only
Mutfak ve Sofra › Sofra ve Servis › Yemek Takımları › Kahvaltı Takımı,Tefal,tefal,false,false,plan,seed later — plan only
Mutfak ve Sofra › Sofra ve Servis › Yemek Takımları › Kahvaltı Takımı,Emsan,emsan,false,false,plan,seed later — plan only
Mutfak ve Sofra › Sofra ve Servis › Yemek Takımları › Kahvaltı Takımı,Korkmaz,korkmaz,false,false,plan,seed later — plan only
Mutfak ve Sofra › Sofra ve Servis › Yemek Takımları › Çatal-Kaşık-Bıçak Seti,Brita,brita,true,false,plan,seed later — plan only
Mutfak ve Sofra › Sofra ve Servis › Yemek Takımları › Çatal-Kaşık-Bıçak Seti,Karaca,karaca,true,false,plan,seed later — plan only
Mutfak ve Sofra › Sofra ve Servis › Yemek Takımları › Çatal-Kaşık-Bıçak Seti,Tefal,tefal,false,false,plan,seed later — plan only
Mutfak ve Sofra › Sofra ve Servis › Yemek Takımları › Çatal-Kaşık-Bıçak Seti,Emsan,emsan,false,false,plan,seed later — plan only
Mutfak ve Sofra › Sofra ve Servis › Yemek Takımları › Çatal-Kaşık-Bıçak Seti,Korkmaz,korkmaz,false,false,plan,seed later — plan only
Mutfak ve Sofra › Sofra ve Servis › Yemek Takımları › Servis Tabağı,Brita,brita,true,false,plan,seed later — plan only
Mutfak ve Sofra › Sofra ve Servis › Yemek Takımları › Servis Tabağı,Karaca,karaca,true,false,plan,seed later — plan only
Mutfak ve Sofra › Sofra ve Servis › Yemek Takımları › Servis Tabağı,Tefal,tefal,false,false,plan,seed later — plan only
Mutfak ve Sofra › Sofra ve Servis › Yemek Takımları › Servis Tabağı,Emsan,emsan,false,false,plan,seed later — plan only
Mutfak ve Sofra › Sofra ve Servis › Yemek Takımları › Servis Tabağı,Korkmaz,korkmaz,false,false,plan,seed later — plan only
Mutfak ve Sofra › Sofra ve Servis › Yemek Takımları › Salata Kasesi,Brita,brita,true,false,plan,seed later — plan only
Mutfak ve Sofra › Sofra ve Servis › Yemek Takımları › Salata Kasesi,Karaca,karaca,true,false,plan,seed later — plan only
Mutfak ve Sofra › Sofra ve Servis › Yemek Takımları › Salata Kasesi,Tefal,tefal,false,false,plan,seed later — plan only
Mutfak ve Sofra › Sofra ve Servis › Yemek Takımları › Salata Kasesi,Emsan,emsan,false,false,plan,seed later — plan only
Mutfak ve Sofra › Sofra ve Servis › Yemek Takımları › Salata Kasesi,Korkmaz,korkmaz,false,false,plan,seed later — plan only
Mutfak ve Sofra › Sofra ve Servis › Bardak ve Fincan › Su Bardağı,Brita,brita,true,false,plan,seed later — plan only
Mutfak ve Sofra › Sofra ve Servis › Bardak ve Fincan › Su Bardağı,Karaca,karaca,true,false,plan,seed later — plan only
Mutfak ve Sofra › Sofra ve Servis › Bardak ve Fincan › Su Bardağı,Tefal,tefal,false,false,plan,seed later — plan only
Mutfak ve Sofra › Sofra ve Servis › Bardak ve Fincan › Su Bardağı,Emsan,emsan,false,false,plan,seed later — plan only
Mutfak ve Sofra › Sofra ve Servis › Bardak ve Fincan › Su Bardağı,Korkmaz,korkmaz,false,false,plan,seed later — plan only
Mutfak ve Sofra › Sofra ve Servis › Bardak ve Fincan › Çay Bardağı,Brita,brita,true,false,plan,seed later — plan only
Mutfak ve Sofra › Sofra ve Servis › Bardak ve Fincan › Çay Bardağı,Karaca,karaca,true,false,plan,seed later — plan only
Mutfak ve Sofra › Sofra ve Servis › Bardak ve Fincan › Çay Bardağı,Tefal,tefal,false,false,plan,seed later — plan only
Mutfak ve Sofra › Sofra ve Servis › Bardak ve Fincan › Çay Bardağı,Emsan,emsan,false,false,plan,seed later — plan only
Mutfak ve Sofra › Sofra ve Servis › Bardak ve Fincan › Çay Bardağı,Korkmaz,korkmaz,false,false,plan,seed later — plan only
Mutfak ve Sofra › Sofra ve Servis › Bardak ve Fincan › Kahve Fincanı,Brita,brita,true,false,plan,seed later — plan only
Mutfak ve Sofra › Sofra ve Servis › Bardak ve Fincan › Kahve Fincanı,Karaca,karaca,true,false,plan,seed later — plan only
Mutfak ve Sofra › Sofra ve Servis › Bardak ve Fincan › Kahve Fincanı,Tefal,tefal,false,false,plan,seed later — plan only
Mutfak ve Sofra › Sofra ve Servis › Bardak ve Fincan › Kahve Fincanı,Emsan,emsan,false,false,plan,seed later — plan only
Mutfak ve Sofra › Sofra ve Servis › Bardak ve Fincan › Kahve Fincanı,Korkmaz,korkmaz,false,false,plan,seed later — plan only
Mutfak ve Sofra › Sofra ve Servis › Bardak ve Fincan › Kupa,Brita,brita,true,false,plan,seed later — plan only
Mutfak ve Sofra › Sofra ve Servis › Bardak ve Fincan › Kupa,Karaca,karaca,true,false,plan,seed later — plan only
Mutfak ve Sofra › Sofra ve Servis › Bardak ve Fincan › Kupa,Tefal,tefal,false,false,plan,seed later — plan only
Mutfak ve Sofra › Sofra ve Servis › Bardak ve Fincan › Kupa,Emsan,emsan,false,false,plan,seed later — plan only
Mutfak ve Sofra › Sofra ve Servis › Bardak ve Fincan › Kupa,Korkmaz,korkmaz,false,false,plan,seed later — plan only
Mutfak ve Sofra › Sofra ve Servis › Bardak ve Fincan › Kadeh,Brita,brita,true,false,plan,seed later — plan only
Mutfak ve Sofra › Sofra ve Servis › Bardak ve Fincan › Kadeh,Karaca,karaca,true,false,plan,seed later — plan only
Mutfak ve Sofra › Sofra ve Servis › Bardak ve Fincan › Kadeh,Tefal,tefal,false,false,plan,seed later — plan only
Mutfak ve Sofra › Sofra ve Servis › Bardak ve Fincan › Kadeh,Emsan,emsan,false,false,plan,seed later — plan only
Mutfak ve Sofra › Sofra ve Servis › Bardak ve Fincan › Kadeh,Korkmaz,korkmaz,false,false,plan,seed later — plan only
Mutfak ve Sofra › Sofra ve Servis › Bardak ve Fincan › Sürahi ve Karaf,Brita,brita,true,false,plan,seed later — plan only
Mutfak ve Sofra › Sofra ve Servis › Bardak ve Fincan › Sürahi ve Karaf,Karaca,karaca,true,false,plan,seed later — plan only
Mutfak ve Sofra › Sofra ve Servis › Bardak ve Fincan › Sürahi ve Karaf,Tefal,tefal,false,false,plan,seed later — plan only
Mutfak ve Sofra › Sofra ve Servis › Bardak ve Fincan › Sürahi ve Karaf,Emsan,emsan,false,false,plan,seed later — plan only
Mutfak ve Sofra › Sofra ve Servis › Bardak ve Fincan › Sürahi ve Karaf,Korkmaz,korkmaz,false,false,plan,seed later — plan only
Mutfak ve Sofra › Sofra ve Servis › Servis Gereçleri › Tepsi,Brita,brita,true,false,plan,seed later — plan only
Mutfak ve Sofra › Sofra ve Servis › Servis Gereçleri › Tepsi,Karaca,karaca,true,false,plan,seed later — plan only
Mutfak ve Sofra › Sofra ve Servis › Servis Gereçleri › Tepsi,Tefal,tefal,false,false,plan,seed later — plan only
Mutfak ve Sofra › Sofra ve Servis › Servis Gereçleri › Tepsi,Emsan,emsan,false,false,plan,seed later — plan only
Mutfak ve Sofra › Sofra ve Servis › Servis Gereçleri › Tepsi,Korkmaz,korkmaz,false,false,plan,seed later — plan only
Mutfak ve Sofra › Sofra ve Servis › Servis Gereçleri › Sunum Tahtası,Brita,brita,true,false,plan,seed later — plan only
Mutfak ve Sofra › Sofra ve Servis › Servis Gereçleri › Sunum Tahtası,Karaca,karaca,true,false,plan,seed later — plan only
Mutfak ve Sofra › Sofra ve Servis › Servis Gereçleri › Sunum Tahtası,Tefal,tefal,false,false,plan,seed later — plan only
Mutfak ve Sofra › Sofra ve Servis › Servis Gereçleri › Sunum Tahtası,Emsan,emsan,false,false,plan,seed later — plan only
Mutfak ve Sofra › Sofra ve Servis › Servis Gereçleri › Sunum Tahtası,Korkmaz,korkmaz,false,false,plan,seed later — plan only
Mutfak ve Sofra › Sofra ve Servis › Servis Gereçleri › Servis Kaşığı,Brita,brita,true,false,plan,seed later — plan only
Mutfak ve Sofra › Sofra ve Servis › Servis Gereçleri › Servis Kaşığı,Karaca,karaca,true,false,plan,seed later — plan only
Mutfak ve Sofra › Sofra ve Servis › Servis Gereçleri › Servis Kaşığı,Tefal,tefal,false,false,plan,seed later — plan only
Mutfak ve Sofra › Sofra ve Servis › Servis Gereçleri › Servis Kaşığı,Emsan,emsan,false,false,plan,seed later — plan only
Mutfak ve Sofra › Sofra ve Servis › Servis Gereçleri › Servis Kaşığı,Korkmaz,korkmaz,false,false,plan,seed later — plan only
Mutfak ve Sofra › Sofra ve Servis › Servis Gereçleri › Şekerlik,Brita,brita,true,false,plan,seed later — plan only
Mutfak ve Sofra › Sofra ve Servis › Servis Gereçleri › Şekerlik,Karaca,karaca,true,false,plan,seed later — plan only
Mutfak ve Sofra › Sofra ve Servis › Servis Gereçleri › Şekerlik,Tefal,tefal,false,false,plan,seed later — plan only
Mutfak ve Sofra › Sofra ve Servis › Servis Gereçleri › Şekerlik,Emsan,emsan,false,false,plan,seed later — plan only
Mutfak ve Sofra › Sofra ve Servis › Servis Gereçleri › Şekerlik,Korkmaz,korkmaz,false,false,plan,seed later — plan only
Mutfak ve Sofra › Sofra ve Servis › Servis Gereçleri › Yağlık-Sirkelik,Brita,brita,true,false,plan,seed later — plan only
Mutfak ve Sofra › Sofra ve Servis › Servis Gereçleri › Yağlık-Sirkelik,Karaca,karaca,true,false,plan,seed later — plan only
Mutfak ve Sofra › Sofra ve Servis › Servis Gereçleri › Yağlık-Sirkelik,Tefal,tefal,false,false,plan,seed later — plan only
Mutfak ve Sofra › Sofra ve Servis › Servis Gereçleri › Yağlık-Sirkelik,Emsan,emsan,false,false,plan,seed later — plan only
Mutfak ve Sofra › Sofra ve Servis › Servis Gereçleri › Yağlık-Sirkelik,Korkmaz,korkmaz,false,false,plan,seed later — plan only
Mutfak ve Sofra › Sofra ve Servis › Servis Gereçleri › Tuzluk-Biberlik,Brita,brita,true,false,plan,seed later — plan only
Mutfak ve Sofra › Sofra ve Servis › Servis Gereçleri › Tuzluk-Biberlik,Karaca,karaca,true,false,plan,seed later — plan only
Mutfak ve Sofra › Sofra ve Servis › Servis Gereçleri › Tuzluk-Biberlik,Tefal,tefal,false,false,plan,seed later — plan only
Mutfak ve Sofra › Sofra ve Servis › Servis Gereçleri › Tuzluk-Biberlik,Emsan,emsan,false,false,plan,seed later — plan only
Mutfak ve Sofra › Sofra ve Servis › Servis Gereçleri › Tuzluk-Biberlik,Korkmaz,korkmaz,false,false,plan,seed later — plan only
Mutfak ve Sofra › Saklama ve Düzenleme › Gıda Saklama › Saklama Kabı,Brita,brita,true,false,plan,seed later — plan only
Mutfak ve Sofra › Saklama ve Düzenleme › Gıda Saklama › Saklama Kabı,Karaca,karaca,true,false,plan,seed later — plan only
Mutfak ve Sofra › Saklama ve Düzenleme › Gıda Saklama › Saklama Kabı,Tefal,tefal,false,false,plan,seed later — plan only
Mutfak ve Sofra › Saklama ve Düzenleme › Gıda Saklama › Saklama Kabı,Emsan,emsan,false,false,plan,seed later — plan only
Mutfak ve Sofra › Saklama ve Düzenleme › Gıda Saklama › Saklama Kabı,Korkmaz,korkmaz,false,false,plan,seed later — plan only
Mutfak ve Sofra › Saklama ve Düzenleme › Gıda Saklama › Vakumlu Saklama Kabı,Brita,brita,true,false,plan,seed later — plan only
Mutfak ve Sofra › Saklama ve Düzenleme › Gıda Saklama › Vakumlu Saklama Kabı,Karaca,karaca,true,false,plan,seed later — plan only
Mutfak ve Sofra › Saklama ve Düzenleme › Gıda Saklama › Vakumlu Saklama Kabı,Tefal,tefal,false,false,plan,seed later — plan only
Mutfak ve Sofra › Saklama ve Düzenleme › Gıda Saklama › Vakumlu Saklama Kabı,Emsan,emsan,false,false,plan,seed later — plan only
Mutfak ve Sofra › Saklama ve Düzenleme › Gıda Saklama › Vakumlu Saklama Kabı,Korkmaz,korkmaz,false,false,plan,seed later — plan only
Mutfak ve Sofra › Saklama ve Düzenleme › Gıda Saklama › Kavanoz,Brita,brita,true,false,plan,seed later — plan only
Mutfak ve Sofra › Saklama ve Düzenleme › Gıda Saklama › Kavanoz,Karaca,karaca,true,false,plan,seed later — plan only
Mutfak ve Sofra › Saklama ve Düzenleme › Gıda Saklama › Kavanoz,Tefal,tefal,false,false,plan,seed later — plan only
Mutfak ve Sofra › Saklama ve Düzenleme › Gıda Saklama › Kavanoz,Emsan,emsan,false,false,plan,seed later — plan only
Mutfak ve Sofra › Saklama ve Düzenleme › Gıda Saklama › Kavanoz,Korkmaz,korkmaz,false,false,plan,seed later — plan only
Mutfak ve Sofra › Saklama ve Düzenleme › Gıda Saklama › Baharatlık,Brita,brita,true,false,plan,seed later — plan only
Mutfak ve Sofra › Saklama ve Düzenleme › Gıda Saklama › Baharatlık,Karaca,karaca,true,false,plan,seed later — plan only
Mutfak ve Sofra › Saklama ve Düzenleme › Gıda Saklama › Baharatlık,Tefal,tefal,false,false,plan,seed later — plan only
Mutfak ve Sofra › Saklama ve Düzenleme › Gıda Saklama › Baharatlık,Emsan,emsan,false,false,plan,seed later — plan only
Mutfak ve Sofra › Saklama ve Düzenleme › Gıda Saklama › Baharatlık,Korkmaz,korkmaz,false,false,plan,seed later — plan only
Mutfak ve Sofra › Saklama ve Düzenleme › Gıda Saklama › Ekmek Kutusu,Brita,brita,true,false,plan,seed later — plan only
Mutfak ve Sofra › Saklama ve Düzenleme › Gıda Saklama › Ekmek Kutusu,Karaca,karaca,true,false,plan,seed later — plan only
Mutfak ve Sofra › Saklama ve Düzenleme › Gıda Saklama › Ekmek Kutusu,Tefal,tefal,false,false,plan,seed later — plan only
Mutfak ve Sofra › Saklama ve Düzenleme › Gıda Saklama › Ekmek Kutusu,Emsan,emsan,false,false,plan,seed later — plan only
Mutfak ve Sofra › Saklama ve Düzenleme › Gıda Saklama › Ekmek Kutusu,Korkmaz,korkmaz,false,false,plan,seed later — plan only
Mutfak ve Sofra › Saklama ve Düzenleme › Gıda Saklama › Buzdolabı Düzenleyici,Brita,brita,true,false,plan,seed later — plan only
Mutfak ve Sofra › Saklama ve Düzenleme › Gıda Saklama › Buzdolabı Düzenleyici,Karaca,karaca,true,false,plan,seed later — plan only
Mutfak ve Sofra › Saklama ve Düzenleme › Gıda Saklama › Buzdolabı Düzenleyici,Tefal,tefal,false,false,plan,seed later — plan only
Mutfak ve Sofra › Saklama ve Düzenleme › Gıda Saklama › Buzdolabı Düzenleyici,Emsan,emsan,false,false,plan,seed later — plan only
Mutfak ve Sofra › Saklama ve Düzenleme › Gıda Saklama › Buzdolabı Düzenleyici,Korkmaz,korkmaz,false,false,plan,seed later — plan only
Mutfak ve Sofra › Saklama ve Düzenleme › Mutfak Düzenleme › Kaşıklık,Brita,brita,true,false,plan,seed later — plan only
Mutfak ve Sofra › Saklama ve Düzenleme › Mutfak Düzenleme › Kaşıklık,Karaca,karaca,true,false,plan,seed later — plan only
Mutfak ve Sofra › Saklama ve Düzenleme › Mutfak Düzenleme › Kaşıklık,Tefal,tefal,false,false,plan,seed later — plan only
Mutfak ve Sofra › Saklama ve Düzenleme › Mutfak Düzenleme › Kaşıklık,Emsan,emsan,false,false,plan,seed later — plan only
Mutfak ve Sofra › Saklama ve Düzenleme › Mutfak Düzenleme › Kaşıklık,Korkmaz,korkmaz,false,false,plan,seed later — plan only
Mutfak ve Sofra › Saklama ve Düzenleme › Mutfak Düzenleme › Bulaşıklık,Brita,brita,true,false,plan,seed later — plan only
Mutfak ve Sofra › Saklama ve Düzenleme › Mutfak Düzenleme › Bulaşıklık,Karaca,karaca,true,false,plan,seed later — plan only
Mutfak ve Sofra › Saklama ve Düzenleme › Mutfak Düzenleme › Bulaşıklık,Tefal,tefal,false,false,plan,seed later — plan only
Mutfak ve Sofra › Saklama ve Düzenleme › Mutfak Düzenleme › Bulaşıklık,Emsan,emsan,false,false,plan,seed later — plan only
Mutfak ve Sofra › Saklama ve Düzenleme › Mutfak Düzenleme › Bulaşıklık,Korkmaz,korkmaz,false,false,plan,seed later — plan only
Mutfak ve Sofra › Saklama ve Düzenleme › Mutfak Düzenleme › Raf Düzenleyici,Brita,brita,true,false,plan,seed later — plan only
Mutfak ve Sofra › Saklama ve Düzenleme › Mutfak Düzenleme › Raf Düzenleyici,Karaca,karaca,true,false,plan,seed later — plan only
Mutfak ve Sofra › Saklama ve Düzenleme › Mutfak Düzenleme › Raf Düzenleyici,Tefal,tefal,false,false,plan,seed later — plan only
Mutfak ve Sofra › Saklama ve Düzenleme › Mutfak Düzenleme › Raf Düzenleyici,Emsan,emsan,false,false,plan,seed later — plan only
Mutfak ve Sofra › Saklama ve Düzenleme › Mutfak Düzenleme › Raf Düzenleyici,Korkmaz,korkmaz,false,false,plan,seed later — plan only
Mutfak ve Sofra › Saklama ve Düzenleme › Mutfak Düzenleme › Dolap İçi Düzenleyici,Brita,brita,true,false,plan,seed later — plan only
Mutfak ve Sofra › Saklama ve Düzenleme › Mutfak Düzenleme › Dolap İçi Düzenleyici,Karaca,karaca,true,false,plan,seed later — plan only
Mutfak ve Sofra › Saklama ve Düzenleme › Mutfak Düzenleme › Dolap İçi Düzenleyici,Tefal,tefal,false,false,plan,seed later — plan only
Mutfak ve Sofra › Saklama ve Düzenleme › Mutfak Düzenleme › Dolap İçi Düzenleyici,Emsan,emsan,false,false,plan,seed later — plan only
Mutfak ve Sofra › Saklama ve Düzenleme › Mutfak Düzenleme › Dolap İçi Düzenleyici,Korkmaz,korkmaz,false,false,plan,seed later — plan only
Mutfak ve Sofra › Saklama ve Düzenleme › Mutfak Düzenleme › Poşetlik,Brita,brita,true,false,plan,seed later — plan only
Mutfak ve Sofra › Saklama ve Düzenleme › Mutfak Düzenleme › Poşetlik,Karaca,karaca,true,false,plan,seed later — plan only
Mutfak ve Sofra › Saklama ve Düzenleme › Mutfak Düzenleme › Poşetlik,Tefal,tefal,false,false,plan,seed later — plan only
Mutfak ve Sofra › Saklama ve Düzenleme › Mutfak Düzenleme › Poşetlik,Emsan,emsan,false,false,plan,seed later — plan only
Mutfak ve Sofra › Saklama ve Düzenleme › Mutfak Düzenleme › Poşetlik,Korkmaz,korkmaz,false,false,plan,seed later — plan only
Mutfak ve Sofra › Saklama ve Düzenleme › Mutfak Düzenleme › Çöp Kovası,Brita,brita,true,false,plan,seed later — plan only
Mutfak ve Sofra › Saklama ve Düzenleme › Mutfak Düzenleme › Çöp Kovası,Karaca,karaca,true,false,plan,seed later — plan only
Mutfak ve Sofra › Saklama ve Düzenleme › Mutfak Düzenleme › Çöp Kovası,Tefal,tefal,false,false,plan,seed later — plan only
Mutfak ve Sofra › Saklama ve Düzenleme › Mutfak Düzenleme › Çöp Kovası,Emsan,emsan,false,false,plan,seed later — plan only
Mutfak ve Sofra › Saklama ve Düzenleme › Mutfak Düzenleme › Çöp Kovası,Korkmaz,korkmaz,false,false,plan,seed later — plan only
Mutfak ve Sofra › Su Arıtma › Su Arıtma Ürünleri › Filtreli Sürahi,Brita,brita,true,false,plan,seed later — plan only
Mutfak ve Sofra › Su Arıtma › Su Arıtma Ürünleri › Filtreli Sürahi,Karaca,karaca,true,false,plan,seed later — plan only
Mutfak ve Sofra › Su Arıtma › Su Arıtma Ürünleri › Filtreli Sürahi,Tefal,tefal,false,false,plan,seed later — plan only
Mutfak ve Sofra › Su Arıtma › Su Arıtma Ürünleri › Filtreli Sürahi,Emsan,emsan,false,false,plan,seed later — plan only
Mutfak ve Sofra › Su Arıtma › Su Arıtma Ürünleri › Filtreli Sürahi,Korkmaz,korkmaz,false,false,plan,seed later — plan only
Mutfak ve Sofra › Su Arıtma › Su Arıtma Ürünleri › Su Arıtma Cihazı,Brita,brita,true,false,plan,seed later — plan only
Mutfak ve Sofra › Su Arıtma › Su Arıtma Ürünleri › Su Arıtma Cihazı,Karaca,karaca,true,false,plan,seed later — plan only
Mutfak ve Sofra › Su Arıtma › Su Arıtma Ürünleri › Su Arıtma Cihazı,Tefal,tefal,false,false,plan,seed later — plan only
Mutfak ve Sofra › Su Arıtma › Su Arıtma Ürünleri › Su Arıtma Cihazı,Emsan,emsan,false,false,plan,seed later — plan only
Mutfak ve Sofra › Su Arıtma › Su Arıtma Ürünleri › Su Arıtma Cihazı,Korkmaz,korkmaz,false,false,plan,seed later — plan only
Mutfak ve Sofra › Su Arıtma › Su Arıtma Ürünleri › Musluk Filtresi,Brita,brita,true,false,plan,seed later — plan only
Mutfak ve Sofra › Su Arıtma › Su Arıtma Ürünleri › Musluk Filtresi,Karaca,karaca,true,false,plan,seed later — plan only
Mutfak ve Sofra › Su Arıtma › Su Arıtma Ürünleri › Musluk Filtresi,Tefal,tefal,false,false,plan,seed later — plan only
Mutfak ve Sofra › Su Arıtma › Su Arıtma Ürünleri › Musluk Filtresi,Emsan,emsan,false,false,plan,seed later — plan only
Mutfak ve Sofra › Su Arıtma › Su Arıtma Ürünleri › Musluk Filtresi,Korkmaz,korkmaz,false,false,plan,seed later — plan only
Mutfak ve Sofra › Su Arıtma › Su Arıtma Ürünleri › Yedek Filtre,Brita,brita,true,false,plan,seed later — plan only
Mutfak ve Sofra › Su Arıtma › Su Arıtma Ürünleri › Yedek Filtre,Karaca,karaca,true,false,plan,seed later — plan only
Mutfak ve Sofra › Su Arıtma › Su Arıtma Ürünleri › Yedek Filtre,Tefal,tefal,false,false,plan,seed later — plan only
Mutfak ve Sofra › Su Arıtma › Su Arıtma Ürünleri › Yedek Filtre,Emsan,emsan,false,false,plan,seed later — plan only
Mutfak ve Sofra › Su Arıtma › Su Arıtma Ürünleri › Yedek Filtre,Korkmaz,korkmaz,false,false,plan,seed later — plan only
Mutfak ve Sofra › Su Arıtma › Su Arıtma Ürünleri › Su Sebili,Brita,brita,true,false,plan,seed later — plan only
Mutfak ve Sofra › Su Arıtma › Su Arıtma Ürünleri › Su Sebili,Karaca,karaca,true,false,plan,seed later — plan only
Mutfak ve Sofra › Su Arıtma › Su Arıtma Ürünleri › Su Sebili,Tefal,tefal,false,false,plan,seed later — plan only
Mutfak ve Sofra › Su Arıtma › Su Arıtma Ürünleri › Su Sebili,Emsan,emsan,false,false,plan,seed later — plan only
Mutfak ve Sofra › Su Arıtma › Su Arıtma Ürünleri › Su Sebili,Korkmaz,korkmaz,false,false,plan,seed later — plan only
Mutfak ve Sofra › Su Arıtma › Su Arıtma Ürünleri › Tezgah Üstü Su Arıtıcı,Brita,brita,true,false,plan,seed later — plan only
Mutfak ve Sofra › Su Arıtma › Su Arıtma Ürünleri › Tezgah Üstü Su Arıtıcı,Karaca,karaca,true,false,plan,seed later — plan only
Mutfak ve Sofra › Su Arıtma › Su Arıtma Ürünleri › Tezgah Üstü Su Arıtıcı,Tefal,tefal,false,false,plan,seed later — plan only
Mutfak ve Sofra › Su Arıtma › Su Arıtma Ürünleri › Tezgah Üstü Su Arıtıcı,Emsan,emsan,false,false,plan,seed later — plan only
Mutfak ve Sofra › Su Arıtma › Su Arıtma Ürünleri › Tezgah Üstü Su Arıtıcı,Korkmaz,korkmaz,false,false,plan,seed later — plan only
Ev ve Yaşam › Mobilya › Salon › Koltuk Takımı,Diğer,diger,false,true,plan,seed later — plan only
Ev ve Yaşam › Mobilya › Salon › Kanepe,Diğer,diger,false,true,plan,seed later — plan only
Ev ve Yaşam › Mobilya › Salon › Berjer,Diğer,diger,false,true,plan,seed later — plan only
Ev ve Yaşam › Mobilya › Salon › TV Ünitesi,Diğer,diger,false,true,plan,seed later — plan only
Ev ve Yaşam › Mobilya › Salon › Orta Sehpa,Diğer,diger,false,true,plan,seed later — plan only
Ev ve Yaşam › Mobilya › Salon › Yan Sehpa,Diğer,diger,false,true,plan,seed later — plan only
Ev ve Yaşam › Mobilya › Salon › Kitaplık,Diğer,diger,false,true,plan,seed later — plan only
Ev ve Yaşam › Mobilya › Salon › Konsol,Diğer,diger,false,true,plan,seed later — plan only
Ev ve Yaşam › Mobilya › Salon › Vitrin,Diğer,diger,false,true,plan,seed later — plan only
Ev ve Yaşam › Mobilya › Yatak Odası › Yatak Odası Takımı,Diğer,diger,false,true,plan,seed later — plan only
Ev ve Yaşam › Mobilya › Yatak Odası › Yatak,Diğer,diger,false,true,plan,seed later — plan only
Ev ve Yaşam › Mobilya › Yatak Odası › Baza,Diğer,diger,false,true,plan,seed later — plan only
Ev ve Yaşam › Mobilya › Yatak Odası › Başlık,Diğer,diger,false,true,plan,seed later — plan only
Ev ve Yaşam › Mobilya › Yatak Odası › Gardırop,Diğer,diger,false,true,plan,seed later — plan only
Ev ve Yaşam › Mobilya › Yatak Odası › Şifonyer,Diğer,diger,false,true,plan,seed later — plan only
Ev ve Yaşam › Mobilya › Yatak Odası › Komodin,Diğer,diger,false,true,plan,seed later — plan only
Ev ve Yaşam › Mobilya › Yatak Odası › Makyaj Masası,Diğer,diger,false,true,plan,seed later — plan only
Ev ve Yaşam › Mobilya › Yemek Odası › Yemek Masası,Diğer,diger,false,true,plan,seed later — plan only
Ev ve Yaşam › Mobilya › Yemek Odası › Sandalye,Diğer,diger,false,true,plan,seed later — plan only
Ev ve Yaşam › Mobilya › Yemek Odası › Yemek Odası Takımı,Diğer,diger,false,true,plan,seed later — plan only
Ev ve Yaşam › Mobilya › Yemek Odası › Bank,Diğer,diger,false,true,plan,seed later — plan only
Ev ve Yaşam › Mobilya › Yemek Odası › Bar Masası,Diğer,diger,false,true,plan,seed later — plan only
Ev ve Yaşam › Mobilya › Yemek Odası › Bar Sandalyesi,Diğer,diger,false,true,plan,seed later — plan only
Ev ve Yaşam › Mobilya › Çalışma Odası › Çalışma Masası,Diğer,diger,false,true,plan,seed later — plan only
Ev ve Yaşam › Mobilya › Çalışma Odası › Ofis Koltuğu,Diğer,diger,false,true,plan,seed later — plan only
Ev ve Yaşam › Mobilya › Çalışma Odası › Çalışma Koltuğu,Diğer,diger,false,true,plan,seed later — plan only
Ev ve Yaşam › Mobilya › Çalışma Odası › Dosya Dolabı,Diğer,diger,false,true,plan,seed later — plan only
Ev ve Yaşam › Mobilya › Çalışma Odası › Raf,Diğer,diger,false,true,plan,seed later — plan only
Ev ve Yaşam › Mobilya › Çalışma Odası › Toplantı Masası,Diğer,diger,false,true,plan,seed later — plan only
Ev ve Yaşam › Mobilya › Çocuk ve Genç Odası › Çocuk Odası Takımı,Diğer,diger,false,true,plan,seed later — plan only
Ev ve Yaşam › Mobilya › Çocuk ve Genç Odası › Genç Odası Takımı,Diğer,diger,false,true,plan,seed later — plan only
Ev ve Yaşam › Mobilya › Çocuk ve Genç Odası › Çocuk Yatağı,Diğer,diger,false,true,plan,seed later — plan only
Ev ve Yaşam › Mobilya › Çocuk ve Genç Odası › Ranza,Diğer,diger,false,true,plan,seed later — plan only
Ev ve Yaşam › Mobilya › Çocuk ve Genç Odası › Çalışma Masası,Diğer,diger,false,true,plan,seed later — plan only
Ev ve Yaşam › Mobilya › Çocuk ve Genç Odası › Oyuncak Dolabı,Diğer,diger,false,true,plan,seed later — plan only
Ev ve Yaşam › Mobilya › Antre ve Balkon › Portmanto,Diğer,diger,false,true,plan,seed later — plan only
Ev ve Yaşam › Mobilya › Antre ve Balkon › Ayakkabılık,Diğer,diger,false,true,plan,seed later — plan only
Ev ve Yaşam › Mobilya › Antre ve Balkon › Dresuar,Diğer,diger,false,true,plan,seed later — plan only
Ev ve Yaşam › Mobilya › Antre ve Balkon › Balkon Mobilyası,Diğer,diger,false,true,plan,seed later — plan only
Ev ve Yaşam › Mobilya › Antre ve Balkon › Bahçe Mobilyası,Diğer,diger,false,true,plan,seed later — plan only
Ev ve Yaşam › Ev Tekstili › Yatak Tekstili › Nevresim Takımı,Diğer,diger,false,false,plan,seed later — plan only
Ev ve Yaşam › Ev Tekstili › Yatak Tekstili › Çarşaf,Diğer,diger,false,false,plan,seed later — plan only
Ev ve Yaşam › Ev Tekstili › Yatak Tekstili › Yastık,Diğer,diger,false,false,plan,seed later — plan only
Ev ve Yaşam › Ev Tekstili › Yatak Tekstili › Yorgan,Diğer,diger,false,false,plan,seed later — plan only
Ev ve Yaşam › Ev Tekstili › Yatak Tekstili › Battaniye,Diğer,diger,false,false,plan,seed later — plan only
Ev ve Yaşam › Ev Tekstili › Yatak Tekstili › Alez,Diğer,diger,false,false,plan,seed later — plan only
Ev ve Yaşam › Ev Tekstili › Yatak Tekstili › Yatak Örtüsü,Diğer,diger,false,false,plan,seed later — plan only
Ev ve Yaşam › Ev Tekstili › Banyo Tekstili › Havlu,Diğer,diger,false,false,plan,seed later — plan only
Ev ve Yaşam › Ev Tekstili › Banyo Tekstili › Bornoz,Diğer,diger,false,false,plan,seed later — plan only
Ev ve Yaşam › Ev Tekstili › Banyo Tekstili › Banyo Paspası,Diğer,diger,false,false,plan,seed later — plan only
Ev ve Yaşam › Ev Tekstili › Banyo Tekstili › Duş Perdesi,Diğer,diger,false,false,plan,seed later — plan only
Ev ve Yaşam › Ev Tekstili › Salon Tekstili › Perde,Diğer,diger,false,false,plan,seed later — plan only
Ev ve Yaşam › Ev Tekstili › Salon Tekstili › Tül Perde,Diğer,diger,false,false,plan,seed later — plan only
Ev ve Yaşam › Ev Tekstili › Salon Tekstili › Fon Perde,Diğer,diger,false,false,plan,seed later — plan only
Ev ve Yaşam › Ev Tekstili › Salon Tekstili › Stor Perde,Diğer,diger,false,false,plan,seed later — plan only
Ev ve Yaşam › Ev Tekstili › Salon Tekstili › Kırlent,Diğer,diger,false,false,plan,seed later — plan only
Ev ve Yaşam › Ev Tekstili › Salon Tekstili › Kırlent Kılıfı,Diğer,diger,false,false,plan,seed later — plan only
Ev ve Yaşam › Ev Tekstili › Salon Tekstili › Koltuk Örtüsü,Diğer,diger,false,false,plan,seed later — plan only
Ev ve Yaşam › Ev Tekstili › Mutfak Tekstili › Masa Örtüsü,Brita,brita,true,false,plan,seed later — plan only
Ev ve Yaşam › Ev Tekstili › Mutfak Tekstili › Masa Örtüsü,Karaca,karaca,true,false,plan,seed later — plan only
Ev ve Yaşam › Ev Tekstili › Mutfak Tekstili › Masa Örtüsü,Tefal,tefal,false,false,plan,seed later — plan only
Ev ve Yaşam › Ev Tekstili › Mutfak Tekstili › Masa Örtüsü,Emsan,emsan,false,false,plan,seed later — plan only
Ev ve Yaşam › Ev Tekstili › Mutfak Tekstili › Masa Örtüsü,Korkmaz,korkmaz,false,false,plan,seed later — plan only
Ev ve Yaşam › Ev Tekstili › Mutfak Tekstili › Runner,Brita,brita,true,false,plan,seed later — plan only
Ev ve Yaşam › Ev Tekstili › Mutfak Tekstili › Runner,Karaca,karaca,true,false,plan,seed later — plan only
Ev ve Yaşam › Ev Tekstili › Mutfak Tekstili › Runner,Tefal,tefal,false,false,plan,seed later — plan only
Ev ve Yaşam › Ev Tekstili › Mutfak Tekstili › Runner,Emsan,emsan,false,false,plan,seed later — plan only
Ev ve Yaşam › Ev Tekstili › Mutfak Tekstili › Runner,Korkmaz,korkmaz,false,false,plan,seed later — plan only
Ev ve Yaşam › Ev Tekstili › Mutfak Tekstili › Peçete,Brita,brita,true,false,plan,seed later — plan only
Ev ve Yaşam › Ev Tekstili › Mutfak Tekstili › Peçete,Karaca,karaca,true,false,plan,seed later — plan only
Ev ve Yaşam › Ev Tekstili › Mutfak Tekstili › Peçete,Tefal,tefal,false,false,plan,seed later — plan only
Ev ve Yaşam › Ev Tekstili › Mutfak Tekstili › Peçete,Emsan,emsan,false,false,plan,seed later — plan only
Ev ve Yaşam › Ev Tekstili › Mutfak Tekstili › Peçete,Korkmaz,korkmaz,false,false,plan,seed later — plan only
Ev ve Yaşam › Ev Tekstili › Mutfak Tekstili › Mutfak Havlusu,Brita,brita,true,false,plan,seed later — plan only
Ev ve Yaşam › Ev Tekstili › Mutfak Tekstili › Mutfak Havlusu,Karaca,karaca,true,false,plan,seed later — plan only
Ev ve Yaşam › Ev Tekstili › Mutfak Tekstili › Mutfak Havlusu,Tefal,tefal,false,false,plan,seed later — plan only
Ev ve Yaşam › Ev Tekstili › Mutfak Tekstili › Mutfak Havlusu,Emsan,emsan,false,false,plan,seed later — plan only
Ev ve Yaşam › Ev Tekstili › Mutfak Tekstili › Mutfak Havlusu,Korkmaz,korkmaz,false,false,plan,seed later — plan only
Ev ve Yaşam › Ev Tekstili › Mutfak Tekstili › Önlük,Brita,brita,true,false,plan,seed later — plan only
Ev ve Yaşam › Ev Tekstili › Mutfak Tekstili › Önlük,Karaca,karaca,true,false,plan,seed later — plan only
Ev ve Yaşam › Ev Tekstili › Mutfak Tekstili › Önlük,Tefal,tefal,false,false,plan,seed later — plan only
Ev ve Yaşam › Ev Tekstili › Mutfak Tekstili › Önlük,Emsan,emsan,false,false,plan,seed later — plan only
Ev ve Yaşam › Ev Tekstili › Mutfak Tekstili › Önlük,Korkmaz,korkmaz,false,false,plan,seed later — plan only
Ev ve Yaşam › Ev Tekstili › Mutfak Tekstili › Eldiven ve Tutacak,Brita,brita,true,false,plan,seed later — plan only
Ev ve Yaşam › Ev Tekstili › Mutfak Tekstili › Eldiven ve Tutacak,Karaca,karaca,true,false,plan,seed later — plan only
Ev ve Yaşam › Ev Tekstili › Mutfak Tekstili › Eldiven ve Tutacak,Tefal,tefal,false,false,plan,seed later — plan only
Ev ve Yaşam › Ev Tekstili › Mutfak Tekstili › Eldiven ve Tutacak,Emsan,emsan,false,false,plan,seed later — plan only
Ev ve Yaşam › Ev Tekstili › Mutfak Tekstili › Eldiven ve Tutacak,Korkmaz,korkmaz,false,false,plan,seed later — plan only
Ev ve Yaşam › Dekorasyon › Duvar Dekorasyonu › Tablo,Diğer,diger,false,false,plan,seed later — plan only
Ev ve Yaşam › Dekorasyon › Duvar Dekorasyonu › Poster,Diğer,diger,false,false,plan,seed later — plan only
Ev ve Yaşam › Dekorasyon › Duvar Dekorasyonu › Duvar Saati,Diğer,diger,false,false,plan,seed later — plan only
Ev ve Yaşam › Dekorasyon › Duvar Dekorasyonu › Ayna,Diğer,diger,false,false,plan,seed later — plan only
Ev ve Yaşam › Dekorasyon › Duvar Dekorasyonu › Duvar Rafı,Diğer,diger,false,false,plan,seed later — plan only
Ev ve Yaşam › Dekorasyon › Duvar Dekorasyonu › Duvar Sticker,Diğer,diger,false,false,plan,seed later — plan only
Ev ve Yaşam › Dekorasyon › Masaüstü Dekor › Vazo,Diğer,diger,false,false,plan,seed later — plan only
Ev ve Yaşam › Dekorasyon › Masaüstü Dekor › Biblo,Diğer,diger,false,false,plan,seed later — plan only
Ev ve Yaşam › Dekorasyon › Masaüstü Dekor › Mum,Diğer,diger,false,false,plan,seed later — plan only
Ev ve Yaşam › Dekorasyon › Masaüstü Dekor › Mumluk,Diğer,diger,false,false,plan,seed later — plan only
Ev ve Yaşam › Dekorasyon › Masaüstü Dekor › Dekoratif Kutu,Diğer,diger,false,false,plan,seed later — plan only
Ev ve Yaşam › Dekorasyon › Masaüstü Dekor › Fotoğraf Çerçevesi,Diğer,diger,false,false,plan,seed later — plan only
Ev ve Yaşam › Dekorasyon › Halı ve Zemin › Halı,Diğer,diger,false,false,plan,seed later — plan only
Ev ve Yaşam › Dekorasyon › Halı ve Zemin › Yolluk,Diğer,diger,false,false,plan,seed later — plan only
Ev ve Yaşam › Dekorasyon › Halı ve Zemin › Kilim,Diğer,diger,false,false,plan,seed later — plan only
Ev ve Yaşam › Dekorasyon › Halı ve Zemin › Paspas,Diğer,diger,false,false,plan,seed later — plan only
Ev ve Yaşam › Dekorasyon › Halı ve Zemin › PVC Zemin,Diğer,diger,false,false,plan,seed later — plan only
Ev ve Yaşam › Dekorasyon › Halı ve Zemin › Yer Minderi,Diğer,diger,false,false,plan,seed later — plan only
Ev ve Yaşam › Aydınlatma › İç Mekan › Avize,Diğer,diger,false,false,plan,seed later — plan only
Ev ve Yaşam › Aydınlatma › İç Mekan › Sarkıt,Diğer,diger,false,false,plan,seed later — plan only
Ev ve Yaşam › Aydınlatma › İç Mekan › Plafonyer,Diğer,diger,false,false,plan,seed later — plan only
Ev ve Yaşam › Aydınlatma › İç Mekan › Aplik,Diğer,diger,false,false,plan,seed later — plan only
Ev ve Yaşam › Aydınlatma › İç Mekan › Lambader,Diğer,diger,false,false,plan,seed later — plan only
Ev ve Yaşam › Aydınlatma › İç Mekan › Abajur,Diğer,diger,false,false,plan,seed later — plan only
Ev ve Yaşam › Aydınlatma › İç Mekan › Masa Lambası,Diğer,diger,false,false,plan,seed later — plan only
Ev ve Yaşam › Aydınlatma › İç Mekan › Gece Lambası,Diğer,diger,false,false,plan,seed later — plan only
Ev ve Yaşam › Aydınlatma › Dış Mekan › Bahçe Aydınlatması,Diğer,diger,false,false,plan,seed later — plan only
Ev ve Yaşam › Aydınlatma › Dış Mekan › Solar Aydınlatma,Diğer,diger,false,false,plan,seed later — plan only
Ev ve Yaşam › Aydınlatma › Dış Mekan › Projektör,Diğer,diger,false,false,plan,seed later — plan only
Ev ve Yaşam › Aydınlatma › Dış Mekan › Sensörlü Aydınlatma,Diğer,diger,false,false,plan,seed later — plan only
Ev ve Yaşam › Aydınlatma › Ampul ve Ekipman › LED Ampul,Diğer,diger,false,false,plan,seed later — plan only
Ev ve Yaşam › Aydınlatma › Ampul ve Ekipman › Akıllı Ampul,Diğer,diger,false,false,plan,seed later — plan only
Ev ve Yaşam › Aydınlatma › Ampul ve Ekipman › Floresan,Diğer,diger,false,false,plan,seed later — plan only
Ev ve Yaşam › Aydınlatma › Ampul ve Ekipman › Şerit LED,Diğer,diger,false,false,plan,seed later — plan only
Ev ve Yaşam › Aydınlatma › Ampul ve Ekipman › LED Profil,Diğer,diger,false,false,plan,seed later — plan only
Ev ve Yaşam › Aydınlatma › Ampul ve Ekipman › Duy ve Soket,Diğer,diger,false,false,plan,seed later — plan only
Ev ve Yaşam › Temizlik ve Düzen › Temizlik Ürünleri › Mop,Diğer,diger,false,false,plan,seed later — plan only
Ev ve Yaşam › Temizlik ve Düzen › Temizlik Ürünleri › Kova,Diğer,diger,false,false,plan,seed later — plan only
Ev ve Yaşam › Temizlik ve Düzen › Temizlik Ürünleri › Faraş ve Süpürge,Diğer,diger,false,false,plan,seed later — plan only
Ev ve Yaşam › Temizlik ve Düzen › Temizlik Ürünleri › Cam Sileceği,Diğer,diger,false,false,plan,seed later — plan only
Ev ve Yaşam › Temizlik ve Düzen › Temizlik Ürünleri › Temizlik Bezi,Diğer,diger,false,false,plan,seed later — plan only
Ev ve Yaşam › Temizlik ve Düzen › Temizlik Ürünleri › Fırça,Diğer,diger,false,false,plan,seed later — plan only
Ev ve Yaşam › Temizlik ve Düzen › Temizlik Ürünleri › Çamaşır Sepeti,Diğer,diger,false,false,plan,seed later — plan only
Ev ve Yaşam › Temizlik ve Düzen › Düzenleyiciler › Hurç,Diğer,diger,false,false,plan,seed later — plan only
Ev ve Yaşam › Temizlik ve Düzen › Düzenleyiciler › Vakumlu Poşet,Diğer,diger,false,false,plan,seed later — plan only
Ev ve Yaşam › Temizlik ve Düzen › Düzenleyiciler › Askı,Diğer,diger,false,false,plan,seed later — plan only
Ev ve Yaşam › Temizlik ve Düzen › Düzenleyiciler › Ayakkabı Organizeri,Diğer,diger,false,false,plan,seed later — plan only
Ev ve Yaşam › Temizlik ve Düzen › Düzenleyiciler › Çekmece Düzenleyici,Diğer,diger,false,false,plan,seed later — plan only
Ev ve Yaşam › Temizlik ve Düzen › Düzenleyiciler › Kutu ve Sepet,Diğer,diger,false,false,plan,seed later — plan only
Moda › Kadın › Üst Giyim › Tişört,Nike,nike,true,true,plan,seed later — plan only
Moda › Kadın › Üst Giyim › Tişört,Adidas,adidas,true,true,plan,seed later — plan only
Moda › Kadın › Üst Giyim › Tişört,Mavi,mavi,true,true,plan,seed later — plan only
Moda › Kadın › Üst Giyim › Tişört,Koton,koton,false,true,plan,seed later — plan only
Moda › Kadın › Üst Giyim › Tişört,LC Waikiki,lc-waikiki,false,true,plan,seed later — plan only
Moda › Kadın › Üst Giyim › Tişört,Defacto,defacto,false,true,plan,seed later — plan only
Moda › Kadın › Üst Giyim › Tişört,Zara,zara,false,true,plan,seed later — plan only
Moda › Kadın › Üst Giyim › Gömlek,Nike,nike,true,true,plan,seed later — plan only
Moda › Kadın › Üst Giyim › Gömlek,Adidas,adidas,true,true,plan,seed later — plan only
Moda › Kadın › Üst Giyim › Gömlek,Mavi,mavi,true,true,plan,seed later — plan only
Moda › Kadın › Üst Giyim › Gömlek,Koton,koton,false,true,plan,seed later — plan only
Moda › Kadın › Üst Giyim › Gömlek,LC Waikiki,lc-waikiki,false,true,plan,seed later — plan only
Moda › Kadın › Üst Giyim › Gömlek,Defacto,defacto,false,true,plan,seed later — plan only
Moda › Kadın › Üst Giyim › Gömlek,Zara,zara,false,true,plan,seed later — plan only
Moda › Kadın › Üst Giyim › Bluz,Nike,nike,true,true,plan,seed later — plan only
Moda › Kadın › Üst Giyim › Bluz,Adidas,adidas,true,true,plan,seed later — plan only
Moda › Kadın › Üst Giyim › Bluz,Mavi,mavi,true,true,plan,seed later — plan only
Moda › Kadın › Üst Giyim › Bluz,Koton,koton,false,true,plan,seed later — plan only
Moda › Kadın › Üst Giyim › Bluz,LC Waikiki,lc-waikiki,false,true,plan,seed later — plan only
Moda › Kadın › Üst Giyim › Bluz,Defacto,defacto,false,true,plan,seed later — plan only
Moda › Kadın › Üst Giyim › Bluz,Zara,zara,false,true,plan,seed later — plan only
Moda › Kadın › Üst Giyim › Sweatshirt,Nike,nike,true,true,plan,seed later — plan only
Moda › Kadın › Üst Giyim › Sweatshirt,Adidas,adidas,true,true,plan,seed later — plan only
Moda › Kadın › Üst Giyim › Sweatshirt,Mavi,mavi,true,true,plan,seed later — plan only
Moda › Kadın › Üst Giyim › Sweatshirt,Koton,koton,false,true,plan,seed later — plan only
Moda › Kadın › Üst Giyim › Sweatshirt,LC Waikiki,lc-waikiki,false,true,plan,seed later — plan only
Moda › Kadın › Üst Giyim › Sweatshirt,Defacto,defacto,false,true,plan,seed later — plan only
Moda › Kadın › Üst Giyim › Sweatshirt,Zara,zara,false,true,plan,seed later — plan only
Moda › Kadın › Üst Giyim › Kazak,Nike,nike,true,true,plan,seed later — plan only
Moda › Kadın › Üst Giyim › Kazak,Adidas,adidas,true,true,plan,seed later — plan only
Moda › Kadın › Üst Giyim › Kazak,Mavi,mavi,true,true,plan,seed later — plan only
Moda › Kadın › Üst Giyim › Kazak,Koton,koton,false,true,plan,seed later — plan only
Moda › Kadın › Üst Giyim › Kazak,LC Waikiki,lc-waikiki,false,true,plan,seed later — plan only
Moda › Kadın › Üst Giyim › Kazak,Defacto,defacto,false,true,plan,seed later — plan only
Moda › Kadın › Üst Giyim › Kazak,Zara,zara,false,true,plan,seed later — plan only
Moda › Kadın › Üst Giyim › Hırka,Nike,nike,true,true,plan,seed later — plan only
Moda › Kadın › Üst Giyim › Hırka,Adidas,adidas,true,true,plan,seed later — plan only
Moda › Kadın › Üst Giyim › Hırka,Mavi,mavi,true,true,plan,seed later — plan only
Moda › Kadın › Üst Giyim › Hırka,Koton,koton,false,true,plan,seed later — plan only
Moda › Kadın › Üst Giyim › Hırka,LC Waikiki,lc-waikiki,false,true,plan,seed later — plan only
Moda › Kadın › Üst Giyim › Hırka,Defacto,defacto,false,true,plan,seed later — plan only
Moda › Kadın › Üst Giyim › Hırka,Zara,zara,false,true,plan,seed later — plan only
Moda › Kadın › Üst Giyim › Tunik,Nike,nike,true,true,plan,seed later — plan only
Moda › Kadın › Üst Giyim › Tunik,Adidas,adidas,true,true,plan,seed later — plan only
Moda › Kadın › Üst Giyim › Tunik,Mavi,mavi,true,true,plan,seed later — plan only
Moda › Kadın › Üst Giyim › Tunik,Koton,koton,false,true,plan,seed later — plan only
Moda › Kadın › Üst Giyim › Tunik,LC Waikiki,lc-waikiki,false,true,plan,seed later — plan only
Moda › Kadın › Üst Giyim › Tunik,Defacto,defacto,false,true,plan,seed later — plan only
Moda › Kadın › Üst Giyim › Tunik,Zara,zara,false,true,plan,seed later — plan only
Moda › Kadın › Üst Giyim › Crop Top,Nike,nike,true,true,plan,seed later — plan only
Moda › Kadın › Üst Giyim › Crop Top,Adidas,adidas,true,true,plan,seed later — plan only
Moda › Kadın › Üst Giyim › Crop Top,Mavi,mavi,true,true,plan,seed later — plan only
Moda › Kadın › Üst Giyim › Crop Top,Koton,koton,false,true,plan,seed later — plan only
Moda › Kadın › Üst Giyim › Crop Top,LC Waikiki,lc-waikiki,false,true,plan,seed later — plan only
Moda › Kadın › Üst Giyim › Crop Top,Defacto,defacto,false,true,plan,seed later — plan only
Moda › Kadın › Üst Giyim › Crop Top,Zara,zara,false,true,plan,seed later — plan only
Moda › Kadın › Alt Giyim › Pantolon,Nike,nike,true,true,plan,seed later — plan only
Moda › Kadın › Alt Giyim › Pantolon,Adidas,adidas,true,true,plan,seed later — plan only
Moda › Kadın › Alt Giyim › Pantolon,Mavi,mavi,true,true,plan,seed later — plan only
Moda › Kadın › Alt Giyim › Pantolon,Koton,koton,false,true,plan,seed later — plan only
Moda › Kadın › Alt Giyim › Pantolon,LC Waikiki,lc-waikiki,false,true,plan,seed later — plan only
Moda › Kadın › Alt Giyim › Pantolon,Defacto,defacto,false,true,plan,seed later — plan only
Moda › Kadın › Alt Giyim › Pantolon,Zara,zara,false,true,plan,seed later — plan only
Moda › Kadın › Alt Giyim › Jean,Nike,nike,true,true,plan,seed later — plan only
Moda › Kadın › Alt Giyim › Jean,Adidas,adidas,true,true,plan,seed later — plan only
Moda › Kadın › Alt Giyim › Jean,Mavi,mavi,true,true,plan,seed later — plan only
Moda › Kadın › Alt Giyim › Jean,Koton,koton,false,true,plan,seed later — plan only
Moda › Kadın › Alt Giyim › Jean,LC Waikiki,lc-waikiki,false,true,plan,seed later — plan only
Moda › Kadın › Alt Giyim › Jean,Defacto,defacto,false,true,plan,seed later — plan only
Moda › Kadın › Alt Giyim › Jean,Zara,zara,false,true,plan,seed later — plan only
Moda › Kadın › Alt Giyim › Etek,Nike,nike,true,true,plan,seed later — plan only
Moda › Kadın › Alt Giyim › Etek,Adidas,adidas,true,true,plan,seed later — plan only
Moda › Kadın › Alt Giyim › Etek,Mavi,mavi,true,true,plan,seed later — plan only
Moda › Kadın › Alt Giyim › Etek,Koton,koton,false,true,plan,seed later — plan only
Moda › Kadın › Alt Giyim › Etek,LC Waikiki,lc-waikiki,false,true,plan,seed later — plan only
Moda › Kadın › Alt Giyim › Etek,Defacto,defacto,false,true,plan,seed later — plan only
Moda › Kadın › Alt Giyim › Etek,Zara,zara,false,true,plan,seed later — plan only
Moda › Kadın › Alt Giyim › Şort,Nike,nike,true,true,plan,seed later — plan only
Moda › Kadın › Alt Giyim › Şort,Adidas,adidas,true,true,plan,seed later — plan only
Moda › Kadın › Alt Giyim › Şort,Mavi,mavi,true,true,plan,seed later — plan only
Moda › Kadın › Alt Giyim › Şort,Koton,koton,false,true,plan,seed later — plan only
Moda › Kadın › Alt Giyim › Şort,LC Waikiki,lc-waikiki,false,true,plan,seed later — plan only
Moda › Kadın › Alt Giyim › Şort,Defacto,defacto,false,true,plan,seed later — plan only
Moda › Kadın › Alt Giyim › Şort,Zara,zara,false,true,plan,seed later — plan only
Moda › Kadın › Alt Giyim › Tayt,Nike,nike,true,true,plan,seed later — plan only
Moda › Kadın › Alt Giyim › Tayt,Adidas,adidas,true,true,plan,seed later — plan only
Moda › Kadın › Alt Giyim › Tayt,Mavi,mavi,true,true,plan,seed later — plan only
Moda › Kadın › Alt Giyim › Tayt,Koton,koton,false,true,plan,seed later — plan only
Moda › Kadın › Alt Giyim › Tayt,LC Waikiki,lc-waikiki,false,true,plan,seed later — plan only
Moda › Kadın › Alt Giyim › Tayt,Defacto,defacto,false,true,plan,seed later — plan only
Moda › Kadın › Alt Giyim › Tayt,Zara,zara,false,true,plan,seed later — plan only
Moda › Kadın › Elbise ve Tulum › Günlük Elbise,Nike,nike,true,true,plan,seed later — plan only
Moda › Kadın › Elbise ve Tulum › Günlük Elbise,Adidas,adidas,true,true,plan,seed later — plan only
Moda › Kadın › Elbise ve Tulum › Günlük Elbise,Mavi,mavi,true,true,plan,seed later — plan only
Moda › Kadın › Elbise ve Tulum › Günlük Elbise,Koton,koton,false,true,plan,seed later — plan only
Moda › Kadın › Elbise ve Tulum › Günlük Elbise,LC Waikiki,lc-waikiki,false,true,plan,seed later — plan only
Moda › Kadın › Elbise ve Tulum › Günlük Elbise,Defacto,defacto,false,true,plan,seed later — plan only
Moda › Kadın › Elbise ve Tulum › Günlük Elbise,Zara,zara,false,true,plan,seed later — plan only
Moda › Kadın › Elbise ve Tulum › Abiye Elbise,Nike,nike,true,true,plan,seed later — plan only
Moda › Kadın › Elbise ve Tulum › Abiye Elbise,Adidas,adidas,true,true,plan,seed later — plan only
Moda › Kadın › Elbise ve Tulum › Abiye Elbise,Mavi,mavi,true,true,plan,seed later — plan only
Moda › Kadın › Elbise ve Tulum › Abiye Elbise,Koton,koton,false,true,plan,seed later — plan only
Moda › Kadın › Elbise ve Tulum › Abiye Elbise,LC Waikiki,lc-waikiki,false,true,plan,seed later — plan only
Moda › Kadın › Elbise ve Tulum › Abiye Elbise,Defacto,defacto,false,true,plan,seed later — plan only
Moda › Kadın › Elbise ve Tulum › Abiye Elbise,Zara,zara,false,true,plan,seed later — plan only
Moda › Kadın › Elbise ve Tulum › Tulum,Nike,nike,true,true,plan,seed later — plan only
Moda › Kadın › Elbise ve Tulum › Tulum,Adidas,adidas,true,true,plan,seed later — plan only
Moda › Kadın › Elbise ve Tulum › Tulum,Mavi,mavi,true,true,plan,seed later — plan only
Moda › Kadın › Elbise ve Tulum › Tulum,Koton,koton,false,true,plan,seed later — plan only
Moda › Kadın › Elbise ve Tulum › Tulum,LC Waikiki,lc-waikiki,false,true,plan,seed later — plan only
Moda › Kadın › Elbise ve Tulum › Tulum,Defacto,defacto,false,true,plan,seed later — plan only
Moda › Kadın › Elbise ve Tulum › Tulum,Zara,zara,false,true,plan,seed later — plan only
Moda › Kadın › Elbise ve Tulum › Salopet,Nike,nike,true,true,plan,seed later — plan only
Moda › Kadın › Elbise ve Tulum › Salopet,Adidas,adidas,true,true,plan,seed later — plan only
Moda › Kadın › Elbise ve Tulum › Salopet,Mavi,mavi,true,true,plan,seed later — plan only
Moda › Kadın › Elbise ve Tulum › Salopet,Koton,koton,false,true,plan,seed later — plan only
Moda › Kadın › Elbise ve Tulum › Salopet,LC Waikiki,lc-waikiki,false,true,plan,seed later — plan only
Moda › Kadın › Elbise ve Tulum › Salopet,Defacto,defacto,false,true,plan,seed later — plan only
Moda › Kadın › Elbise ve Tulum › Salopet,Zara,zara,false,true,plan,seed later — plan only
Moda › Kadın › Dış Giyim › Mont,Nike,nike,true,true,plan,seed later — plan only
Moda › Kadın › Dış Giyim › Mont,Adidas,adidas,true,true,plan,seed later — plan only
Moda › Kadın › Dış Giyim › Mont,Mavi,mavi,true,true,plan,seed later — plan only
Moda › Kadın › Dış Giyim › Mont,Koton,koton,false,true,plan,seed later — plan only
Moda › Kadın › Dış Giyim › Mont,LC Waikiki,lc-waikiki,false,true,plan,seed later — plan only
Moda › Kadın › Dış Giyim › Mont,Defacto,defacto,false,true,plan,seed later — plan only
Moda › Kadın › Dış Giyim › Mont,Zara,zara,false,true,plan,seed later — plan only
Moda › Kadın › Dış Giyim › Kaban,Nike,nike,true,true,plan,seed later — plan only
Moda › Kadın › Dış Giyim › Kaban,Adidas,adidas,true,true,plan,seed later — plan only
Moda › Kadın › Dış Giyim › Kaban,Mavi,mavi,true,true,plan,seed later — plan only
Moda › Kadın › Dış Giyim › Kaban,Koton,koton,false,true,plan,seed later — plan only
Moda › Kadın › Dış Giyim › Kaban,LC Waikiki,lc-waikiki,false,true,plan,seed later — plan only
Moda › Kadın › Dış Giyim › Kaban,Defacto,defacto,false,true,plan,seed later — plan only
Moda › Kadın › Dış Giyim › Kaban,Zara,zara,false,true,plan,seed later — plan only
Moda › Kadın › Dış Giyim › Trençkot,Nike,nike,true,true,plan,seed later — plan only
Moda › Kadın › Dış Giyim › Trençkot,Adidas,adidas,true,true,plan,seed later — plan only
Moda › Kadın › Dış Giyim › Trençkot,Mavi,mavi,true,true,plan,seed later — plan only
Moda › Kadın › Dış Giyim › Trençkot,Koton,koton,false,true,plan,seed later — plan only
Moda › Kadın › Dış Giyim › Trençkot,LC Waikiki,lc-waikiki,false,true,plan,seed later — plan only
Moda › Kadın › Dış Giyim › Trençkot,Defacto,defacto,false,true,plan,seed later — plan only
Moda › Kadın › Dış Giyim › Trençkot,Zara,zara,false,true,plan,seed later — plan only
Moda › Kadın › Dış Giyim › Ceket,Nike,nike,true,true,plan,seed later — plan only
Moda › Kadın › Dış Giyim › Ceket,Adidas,adidas,true,true,plan,seed later — plan only
Moda › Kadın › Dış Giyim › Ceket,Mavi,mavi,true,true,plan,seed later — plan only
Moda › Kadın › Dış Giyim › Ceket,Koton,koton,false,true,plan,seed later — plan only
Moda › Kadın › Dış Giyim › Ceket,LC Waikiki,lc-waikiki,false,true,plan,seed later — plan only
Moda › Kadın › Dış Giyim › Ceket,Defacto,defacto,false,true,plan,seed later — plan only
Moda › Kadın › Dış Giyim › Ceket,Zara,zara,false,true,plan,seed later — plan only
Moda › Kadın › Dış Giyim › Yelek,Nike,nike,true,true,plan,seed later — plan only
Moda › Kadın › Dış Giyim › Yelek,Adidas,adidas,true,true,plan,seed later — plan only
Moda › Kadın › Dış Giyim › Yelek,Mavi,mavi,true,true,plan,seed later — plan only
Moda › Kadın › Dış Giyim › Yelek,Koton,koton,false,true,plan,seed later — plan only
Moda › Kadın › Dış Giyim › Yelek,LC Waikiki,lc-waikiki,false,true,plan,seed later — plan only
Moda › Kadın › Dış Giyim › Yelek,Defacto,defacto,false,true,plan,seed later — plan only
Moda › Kadın › Dış Giyim › Yelek,Zara,zara,false,true,plan,seed later — plan only
Moda › Kadın › Dış Giyim › Yağmurluk,Nike,nike,true,true,plan,seed later — plan only
Moda › Kadın › Dış Giyim › Yağmurluk,Adidas,adidas,true,true,plan,seed later — plan only
Moda › Kadın › Dış Giyim › Yağmurluk,Mavi,mavi,true,true,plan,seed later — plan only
Moda › Kadın › Dış Giyim › Yağmurluk,Koton,koton,false,true,plan,seed later — plan only
Moda › Kadın › Dış Giyim › Yağmurluk,LC Waikiki,lc-waikiki,false,true,plan,seed later — plan only
Moda › Kadın › Dış Giyim › Yağmurluk,Defacto,defacto,false,true,plan,seed later — plan only
Moda › Kadın › Dış Giyim › Yağmurluk,Zara,zara,false,true,plan,seed later — plan only
Moda › Kadın › İç Giyim › Sütyen,Nike,nike,true,true,plan,seed later — plan only
Moda › Kadın › İç Giyim › Sütyen,Adidas,adidas,true,true,plan,seed later — plan only
Moda › Kadın › İç Giyim › Sütyen,Mavi,mavi,true,true,plan,seed later — plan only
Moda › Kadın › İç Giyim › Sütyen,Koton,koton,false,true,plan,seed later — plan only
Moda › Kadın › İç Giyim › Sütyen,LC Waikiki,lc-waikiki,false,true,plan,seed later — plan only
Moda › Kadın › İç Giyim › Sütyen,Defacto,defacto,false,true,plan,seed later — plan only
Moda › Kadın › İç Giyim › Sütyen,Zara,zara,false,true,plan,seed later — plan only
Moda › Kadın › İç Giyim › Külot,Nike,nike,true,true,plan,seed later — plan only
Moda › Kadın › İç Giyim › Külot,Adidas,adidas,true,true,plan,seed later — plan only
Moda › Kadın › İç Giyim › Külot,Mavi,mavi,true,true,plan,seed later — plan only
Moda › Kadın › İç Giyim › Külot,Koton,koton,false,true,plan,seed later — plan only
Moda › Kadın › İç Giyim › Külot,LC Waikiki,lc-waikiki,false,true,plan,seed later — plan only
Moda › Kadın › İç Giyim › Külot,Defacto,defacto,false,true,plan,seed later — plan only
Moda › Kadın › İç Giyim › Külot,Zara,zara,false,true,plan,seed later — plan only
Moda › Kadın › İç Giyim › Atlet,Nike,nike,true,true,plan,seed later — plan only
Moda › Kadın › İç Giyim › Atlet,Adidas,adidas,true,true,plan,seed later — plan only
Moda › Kadın › İç Giyim › Atlet,Mavi,mavi,true,true,plan,seed later — plan only
Moda › Kadın › İç Giyim › Atlet,Koton,koton,false,true,plan,seed later — plan only
Moda › Kadın › İç Giyim › Atlet,LC Waikiki,lc-waikiki,false,true,plan,seed later — plan only
Moda › Kadın › İç Giyim › Atlet,Defacto,defacto,false,true,plan,seed later — plan only
Moda › Kadın › İç Giyim › Atlet,Zara,zara,false,true,plan,seed later — plan only
Moda › Kadın › İç Giyim › Body,Nike,nike,true,true,plan,seed later — plan only
Moda › Kadın › İç Giyim › Body,Adidas,adidas,true,true,plan,seed later — plan only
Moda › Kadın › İç Giyim › Body,Mavi,mavi,true,true,plan,seed later — plan only
Moda › Kadın › İç Giyim › Body,Koton,koton,false,true,plan,seed later — plan only
Moda › Kadın › İç Giyim › Body,LC Waikiki,lc-waikiki,false,true,plan,seed later — plan only
Moda › Kadın › İç Giyim › Body,Defacto,defacto,false,true,plan,seed later — plan only
Moda › Kadın › İç Giyim › Body,Zara,zara,false,true,plan,seed later — plan only
Moda › Kadın › İç Giyim › Gecelik,Nike,nike,true,true,plan,seed later — plan only
Moda › Kadın › İç Giyim › Gecelik,Adidas,adidas,true,true,plan,seed later — plan only
Moda › Kadın › İç Giyim › Gecelik,Mavi,mavi,true,true,plan,seed later — plan only
Moda › Kadın › İç Giyim › Gecelik,Koton,koton,false,true,plan,seed later — plan only
Moda › Kadın › İç Giyim › Gecelik,LC Waikiki,lc-waikiki,false,true,plan,seed later — plan only
Moda › Kadın › İç Giyim › Gecelik,Defacto,defacto,false,true,plan,seed later — plan only
Moda › Kadın › İç Giyim › Gecelik,Zara,zara,false,true,plan,seed later — plan only
Moda › Kadın › İç Giyim › Pijama,Nike,nike,true,true,plan,seed later — plan only
Moda › Kadın › İç Giyim › Pijama,Adidas,adidas,true,true,plan,seed later — plan only
Moda › Kadın › İç Giyim › Pijama,Mavi,mavi,true,true,plan,seed later — plan only
Moda › Kadın › İç Giyim › Pijama,Koton,koton,false,true,plan,seed later — plan only
Moda › Kadın › İç Giyim › Pijama,LC Waikiki,lc-waikiki,false,true,plan,seed later — plan only
Moda › Kadın › İç Giyim › Pijama,Defacto,defacto,false,true,plan,seed later — plan only
Moda › Kadın › İç Giyim › Pijama,Zara,zara,false,true,plan,seed later — plan only
Moda › Kadın › İç Giyim › Sabahlık,Nike,nike,true,true,plan,seed later — plan only
Moda › Kadın › İç Giyim › Sabahlık,Adidas,adidas,true,true,plan,seed later — plan only
Moda › Kadın › İç Giyim › Sabahlık,Mavi,mavi,true,true,plan,seed later — plan only
Moda › Kadın › İç Giyim › Sabahlık,Koton,koton,false,true,plan,seed later — plan only
Moda › Kadın › İç Giyim › Sabahlık,LC Waikiki,lc-waikiki,false,true,plan,seed later — plan only
Moda › Kadın › İç Giyim › Sabahlık,Defacto,defacto,false,true,plan,seed later — plan only
Moda › Kadın › İç Giyim › Sabahlık,Zara,zara,false,true,plan,seed later — plan only
Moda › Kadın › Tesettür › Ferace,Nike,nike,true,true,plan,seed later — plan only
Moda › Kadın › Tesettür › Ferace,Adidas,adidas,true,true,plan,seed later — plan only
Moda › Kadın › Tesettür › Ferace,Mavi,mavi,true,true,plan,seed later — plan only
Moda › Kadın › Tesettür › Ferace,Koton,koton,false,true,plan,seed later — plan only
Moda › Kadın › Tesettür › Ferace,LC Waikiki,lc-waikiki,false,true,plan,seed later — plan only
Moda › Kadın › Tesettür › Ferace,Defacto,defacto,false,true,plan,seed later — plan only
Moda › Kadın › Tesettür › Ferace,Zara,zara,false,true,plan,seed later — plan only
Moda › Kadın › Tesettür › Kap,Nike,nike,true,true,plan,seed later — plan only
Moda › Kadın › Tesettür › Kap,Adidas,adidas,true,true,plan,seed later — plan only
Moda › Kadın › Tesettür › Kap,Mavi,mavi,true,true,plan,seed later — plan only
Moda › Kadın › Tesettür › Kap,Koton,koton,false,true,plan,seed later — plan only
Moda › Kadın › Tesettür › Kap,LC Waikiki,lc-waikiki,false,true,plan,seed later — plan only
Moda › Kadın › Tesettür › Kap,Defacto,defacto,false,true,plan,seed later — plan only
Moda › Kadın › Tesettür › Kap,Zara,zara,false,true,plan,seed later — plan only
Moda › Kadın › Tesettür › Tesettür Elbise,Nike,nike,true,true,plan,seed later — plan only
Moda › Kadın › Tesettür › Tesettür Elbise,Adidas,adidas,true,true,plan,seed later — plan only
Moda › Kadın › Tesettür › Tesettür Elbise,Mavi,mavi,true,true,plan,seed later — plan only
Moda › Kadın › Tesettür › Tesettür Elbise,Koton,koton,false,true,plan,seed later — plan only
Moda › Kadın › Tesettür › Tesettür Elbise,LC Waikiki,lc-waikiki,false,true,plan,seed later — plan only
Moda › Kadın › Tesettür › Tesettür Elbise,Defacto,defacto,false,true,plan,seed later — plan only
Moda › Kadın › Tesettür › Tesettür Elbise,Zara,zara,false,true,plan,seed later — plan only
Moda › Kadın › Tesettür › Şal,Nike,nike,true,true,plan,seed later — plan only
Moda › Kadın › Tesettür › Şal,Adidas,adidas,true,true,plan,seed later — plan only
Moda › Kadın › Tesettür › Şal,Mavi,mavi,true,true,plan,seed later — plan only
Moda › Kadın › Tesettür › Şal,Koton,koton,false,true,plan,seed later — plan only
Moda › Kadın › Tesettür › Şal,LC Waikiki,lc-waikiki,false,true,plan,seed later — plan only
Moda › Kadın › Tesettür › Şal,Defacto,defacto,false,true,plan,seed later — plan only
Moda › Kadın › Tesettür › Şal,Zara,zara,false,true,plan,seed later — plan only
Moda › Kadın › Tesettür › Eşarp,Nike,nike,true,true,plan,seed later — plan only
Moda › Kadın › Tesettür › Eşarp,Adidas,adidas,true,true,plan,seed later — plan only
Moda › Kadın › Tesettür › Eşarp,Mavi,mavi,true,true,plan,seed later — plan only
Moda › Kadın › Tesettür › Eşarp,Koton,koton,false,true,plan,seed later — plan only
Moda › Kadın › Tesettür › Eşarp,LC Waikiki,lc-waikiki,false,true,plan,seed later — plan only
Moda › Kadın › Tesettür › Eşarp,Defacto,defacto,false,true,plan,seed later — plan only
Moda › Kadın › Tesettür › Eşarp,Zara,zara,false,true,plan,seed later — plan only
Moda › Erkek › Üst Giyim › Tişört,Nike,nike,true,true,plan,seed later — plan only
Moda › Erkek › Üst Giyim › Tişört,Adidas,adidas,true,true,plan,seed later — plan only
Moda › Erkek › Üst Giyim › Tişört,Mavi,mavi,true,true,plan,seed later — plan only
Moda › Erkek › Üst Giyim › Tişört,Koton,koton,false,true,plan,seed later — plan only
Moda › Erkek › Üst Giyim › Tişört,LC Waikiki,lc-waikiki,false,true,plan,seed later — plan only
Moda › Erkek › Üst Giyim › Tişört,Defacto,defacto,false,true,plan,seed later — plan only
Moda › Erkek › Üst Giyim › Tişört,Zara,zara,false,true,plan,seed later — plan only
Moda › Erkek › Üst Giyim › Polo Yaka Tişört,Nike,nike,true,true,plan,seed later — plan only
Moda › Erkek › Üst Giyim › Polo Yaka Tişört,Adidas,adidas,true,true,plan,seed later — plan only
Moda › Erkek › Üst Giyim › Polo Yaka Tişört,Mavi,mavi,true,true,plan,seed later — plan only
Moda › Erkek › Üst Giyim › Polo Yaka Tişört,Koton,koton,false,true,plan,seed later — plan only
Moda › Erkek › Üst Giyim › Polo Yaka Tişört,LC Waikiki,lc-waikiki,false,true,plan,seed later — plan only
Moda › Erkek › Üst Giyim › Polo Yaka Tişört,Defacto,defacto,false,true,plan,seed later — plan only
Moda › Erkek › Üst Giyim › Polo Yaka Tişört,Zara,zara,false,true,plan,seed later — plan only
Moda › Erkek › Üst Giyim › Gömlek,Nike,nike,true,true,plan,seed later — plan only
Moda › Erkek › Üst Giyim › Gömlek,Adidas,adidas,true,true,plan,seed later — plan only
Moda › Erkek › Üst Giyim › Gömlek,Mavi,mavi,true,true,plan,seed later — plan only
Moda › Erkek › Üst Giyim › Gömlek,Koton,koton,false,true,plan,seed later — plan only
Moda › Erkek › Üst Giyim › Gömlek,LC Waikiki,lc-waikiki,false,true,plan,seed later — plan only
Moda › Erkek › Üst Giyim › Gömlek,Defacto,defacto,false,true,plan,seed later — plan only
Moda › Erkek › Üst Giyim › Gömlek,Zara,zara,false,true,plan,seed later — plan only
Moda › Erkek › Üst Giyim › Sweatshirt,Nike,nike,true,true,plan,seed later — plan only
Moda › Erkek › Üst Giyim › Sweatshirt,Adidas,adidas,true,true,plan,seed later — plan only
Moda › Erkek › Üst Giyim › Sweatshirt,Mavi,mavi,true,true,plan,seed later — plan only
Moda › Erkek › Üst Giyim › Sweatshirt,Koton,koton,false,true,plan,seed later — plan only
Moda › Erkek › Üst Giyim › Sweatshirt,LC Waikiki,lc-waikiki,false,true,plan,seed later — plan only
Moda › Erkek › Üst Giyim › Sweatshirt,Defacto,defacto,false,true,plan,seed later — plan only
Moda › Erkek › Üst Giyim › Sweatshirt,Zara,zara,false,true,plan,seed later — plan only
Moda › Erkek › Üst Giyim › Kazak,Nike,nike,true,true,plan,seed later — plan only
Moda › Erkek › Üst Giyim › Kazak,Adidas,adidas,true,true,plan,seed later — plan only
Moda › Erkek › Üst Giyim › Kazak,Mavi,mavi,true,true,plan,seed later — plan only
Moda › Erkek › Üst Giyim › Kazak,Koton,koton,false,true,plan,seed later — plan only
Moda › Erkek › Üst Giyim › Kazak,LC Waikiki,lc-waikiki,false,true,plan,seed later — plan only
Moda › Erkek › Üst Giyim › Kazak,Defacto,defacto,false,true,plan,seed later — plan only
Moda › Erkek › Üst Giyim › Kazak,Zara,zara,false,true,plan,seed later — plan only
Moda › Erkek › Üst Giyim › Hırka,Nike,nike,true,true,plan,seed later — plan only
Moda › Erkek › Üst Giyim › Hırka,Adidas,adidas,true,true,plan,seed later — plan only
Moda › Erkek › Üst Giyim › Hırka,Mavi,mavi,true,true,plan,seed later — plan only
Moda › Erkek › Üst Giyim › Hırka,Koton,koton,false,true,plan,seed later — plan only
Moda › Erkek › Üst Giyim › Hırka,LC Waikiki,lc-waikiki,false,true,plan,seed later — plan only
Moda › Erkek › Üst Giyim › Hırka,Defacto,defacto,false,true,plan,seed later — plan only
Moda › Erkek › Üst Giyim › Hırka,Zara,zara,false,true,plan,seed later — plan only
Moda › Erkek › Alt Giyim › Pantolon,Nike,nike,true,true,plan,seed later — plan only
Moda › Erkek › Alt Giyim › Pantolon,Adidas,adidas,true,true,plan,seed later — plan only
Moda › Erkek › Alt Giyim › Pantolon,Mavi,mavi,true,true,plan,seed later — plan only
Moda › Erkek › Alt Giyim › Pantolon,Koton,koton,false,true,plan,seed later — plan only
Moda › Erkek › Alt Giyim › Pantolon,LC Waikiki,lc-waikiki,false,true,plan,seed later — plan only
Moda › Erkek › Alt Giyim › Pantolon,Defacto,defacto,false,true,plan,seed later — plan only
Moda › Erkek › Alt Giyim › Pantolon,Zara,zara,false,true,plan,seed later — plan only
Moda › Erkek › Alt Giyim › Jean,Nike,nike,true,true,plan,seed later — plan only
Moda › Erkek › Alt Giyim › Jean,Adidas,adidas,true,true,plan,seed later — plan only
Moda › Erkek › Alt Giyim › Jean,Mavi,mavi,true,true,plan,seed later — plan only
Moda › Erkek › Alt Giyim › Jean,Koton,koton,false,true,plan,seed later — plan only
Moda › Erkek › Alt Giyim › Jean,LC Waikiki,lc-waikiki,false,true,plan,seed later — plan only
Moda › Erkek › Alt Giyim › Jean,Defacto,defacto,false,true,plan,seed later — plan only
Moda › Erkek › Alt Giyim › Jean,Zara,zara,false,true,plan,seed later — plan only
Moda › Erkek › Alt Giyim › Şort,Nike,nike,true,true,plan,seed later — plan only
Moda › Erkek › Alt Giyim › Şort,Adidas,adidas,true,true,plan,seed later — plan only
Moda › Erkek › Alt Giyim › Şort,Mavi,mavi,true,true,plan,seed later — plan only
Moda › Erkek › Alt Giyim › Şort,Koton,koton,false,true,plan,seed later — plan only
Moda › Erkek › Alt Giyim › Şort,LC Waikiki,lc-waikiki,false,true,plan,seed later — plan only
Moda › Erkek › Alt Giyim › Şort,Defacto,defacto,false,true,plan,seed later — plan only
Moda › Erkek › Alt Giyim › Şort,Zara,zara,false,true,plan,seed later — plan only
Moda › Erkek › Alt Giyim › Eşofman Altı,Nike,nike,true,true,plan,seed later — plan only
Moda › Erkek › Alt Giyim › Eşofman Altı,Adidas,adidas,true,true,plan,seed later — plan only
Moda › Erkek › Alt Giyim › Eşofman Altı,Mavi,mavi,true,true,plan,seed later — plan only
Moda › Erkek › Alt Giyim › Eşofman Altı,Koton,koton,false,true,plan,seed later — plan only
Moda › Erkek › Alt Giyim › Eşofman Altı,LC Waikiki,lc-waikiki,false,true,plan,seed later — plan only
Moda › Erkek › Alt Giyim › Eşofman Altı,Defacto,defacto,false,true,plan,seed later — plan only
Moda › Erkek › Alt Giyim › Eşofman Altı,Zara,zara,false,true,plan,seed later — plan only
Moda › Erkek › Takım ve Dış Giyim › Takım Elbise,Nike,nike,true,true,plan,seed later — plan only
Moda › Erkek › Takım ve Dış Giyim › Takım Elbise,Adidas,adidas,true,true,plan,seed later — plan only
Moda › Erkek › Takım ve Dış Giyim › Takım Elbise,Mavi,mavi,true,true,plan,seed later — plan only
Moda › Erkek › Takım ve Dış Giyim › Takım Elbise,Koton,koton,false,true,plan,seed later — plan only
Moda › Erkek › Takım ve Dış Giyim › Takım Elbise,LC Waikiki,lc-waikiki,false,true,plan,seed later — plan only
Moda › Erkek › Takım ve Dış Giyim › Takım Elbise,Defacto,defacto,false,true,plan,seed later — plan only
Moda › Erkek › Takım ve Dış Giyim › Takım Elbise,Zara,zara,false,true,plan,seed later — plan only
Moda › Erkek › Takım ve Dış Giyim › Ceket,Nike,nike,true,true,plan,seed later — plan only
Moda › Erkek › Takım ve Dış Giyim › Ceket,Adidas,adidas,true,true,plan,seed later — plan only
Moda › Erkek › Takım ve Dış Giyim › Ceket,Mavi,mavi,true,true,plan,seed later — plan only
Moda › Erkek › Takım ve Dış Giyim › Ceket,Koton,koton,false,true,plan,seed later — plan only
Moda › Erkek › Takım ve Dış Giyim › Ceket,LC Waikiki,lc-waikiki,false,true,plan,seed later — plan only
Moda › Erkek › Takım ve Dış Giyim › Ceket,Defacto,defacto,false,true,plan,seed later — plan only
Moda › Erkek › Takım ve Dış Giyim › Ceket,Zara,zara,false,true,plan,seed later — plan only
Moda › Erkek › Takım ve Dış Giyim › Mont,Nike,nike,true,true,plan,seed later — plan only
Moda › Erkek › Takım ve Dış Giyim › Mont,Adidas,adidas,true,true,plan,seed later — plan only
Moda › Erkek › Takım ve Dış Giyim › Mont,Mavi,mavi,true,true,plan,seed later — plan only
Moda › Erkek › Takım ve Dış Giyim › Mont,Koton,koton,false,true,plan,seed later — plan only
Moda › Erkek › Takım ve Dış Giyim › Mont,LC Waikiki,lc-waikiki,false,true,plan,seed later — plan only
Moda › Erkek › Takım ve Dış Giyim › Mont,Defacto,defacto,false,true,plan,seed later — plan only
Moda › Erkek › Takım ve Dış Giyim › Mont,Zara,zara,false,true,plan,seed later — plan only
Moda › Erkek › Takım ve Dış Giyim › Kaban,Nike,nike,true,true,plan,seed later — plan only
Moda › Erkek › Takım ve Dış Giyim › Kaban,Adidas,adidas,true,true,plan,seed later — plan only
Moda › Erkek › Takım ve Dış Giyim › Kaban,Mavi,mavi,true,true,plan,seed later — plan only
Moda › Erkek › Takım ve Dış Giyim › Kaban,Koton,koton,false,true,plan,seed later — plan only
Moda › Erkek › Takım ve Dış Giyim › Kaban,LC Waikiki,lc-waikiki,false,true,plan,seed later — plan only
Moda › Erkek › Takım ve Dış Giyim › Kaban,Defacto,defacto,false,true,plan,seed later — plan only
Moda › Erkek › Takım ve Dış Giyim › Kaban,Zara,zara,false,true,plan,seed later — plan only
Moda › Erkek › Takım ve Dış Giyim › Yelek,Nike,nike,true,true,plan,seed later — plan only
Moda › Erkek › Takım ve Dış Giyim › Yelek,Adidas,adidas,true,true,plan,seed later — plan only
Moda › Erkek › Takım ve Dış Giyim › Yelek,Mavi,mavi,true,true,plan,seed later — plan only
Moda › Erkek › Takım ve Dış Giyim › Yelek,Koton,koton,false,true,plan,seed later — plan only
Moda › Erkek › Takım ve Dış Giyim › Yelek,LC Waikiki,lc-waikiki,false,true,plan,seed later — plan only
Moda › Erkek › Takım ve Dış Giyim › Yelek,Defacto,defacto,false,true,plan,seed later — plan only
Moda › Erkek › Takım ve Dış Giyim › Yelek,Zara,zara,false,true,plan,seed later — plan only
Moda › Erkek › Takım ve Dış Giyim › Yağmurluk,Nike,nike,true,true,plan,seed later — plan only
Moda › Erkek › Takım ve Dış Giyim › Yağmurluk,Adidas,adidas,true,true,plan,seed later — plan only
Moda › Erkek › Takım ve Dış Giyim › Yağmurluk,Mavi,mavi,true,true,plan,seed later — plan only
Moda › Erkek › Takım ve Dış Giyim › Yağmurluk,Koton,koton,false,true,plan,seed later — plan only
Moda › Erkek › Takım ve Dış Giyim › Yağmurluk,LC Waikiki,lc-waikiki,false,true,plan,seed later — plan only
Moda › Erkek › Takım ve Dış Giyim › Yağmurluk,Defacto,defacto,false,true,plan,seed later — plan only
Moda › Erkek › Takım ve Dış Giyim › Yağmurluk,Zara,zara,false,true,plan,seed later — plan only
Moda › Erkek › İç Giyim › Boxer,Nike,nike,true,true,plan,seed later — plan only
Moda › Erkek › İç Giyim › Boxer,Adidas,adidas,true,true,plan,seed later — plan only
Moda › Erkek › İç Giyim › Boxer,Mavi,mavi,true,true,plan,seed later — plan only
Moda › Erkek › İç Giyim › Boxer,Koton,koton,false,true,plan,seed later — plan only
Moda › Erkek › İç Giyim › Boxer,LC Waikiki,lc-waikiki,false,true,plan,seed later — plan only
Moda › Erkek › İç Giyim › Boxer,Defacto,defacto,false,true,plan,seed later — plan only
Moda › Erkek › İç Giyim › Boxer,Zara,zara,false,true,plan,seed later — plan only
Moda › Erkek › İç Giyim › Atlet,Nike,nike,true,true,plan,seed later — plan only
Moda › Erkek › İç Giyim › Atlet,Adidas,adidas,true,true,plan,seed later — plan only
Moda › Erkek › İç Giyim › Atlet,Mavi,mavi,true,true,plan,seed later — plan only
Moda › Erkek › İç Giyim › Atlet,Koton,koton,false,true,plan,seed later — plan only
Moda › Erkek › İç Giyim › Atlet,LC Waikiki,lc-waikiki,false,true,plan,seed later — plan only
Moda › Erkek › İç Giyim › Atlet,Defacto,defacto,false,true,plan,seed later — plan only
Moda › Erkek › İç Giyim › Atlet,Zara,zara,false,true,plan,seed later — plan only
Moda › Erkek › İç Giyim › Fanila,Nike,nike,true,true,plan,seed later — plan only
Moda › Erkek › İç Giyim › Fanila,Adidas,adidas,true,true,plan,seed later — plan only
Moda › Erkek › İç Giyim › Fanila,Mavi,mavi,true,true,plan,seed later — plan only
Moda › Erkek › İç Giyim › Fanila,Koton,koton,false,true,plan,seed later — plan only
Moda › Erkek › İç Giyim › Fanila,LC Waikiki,lc-waikiki,false,true,plan,seed later — plan only
Moda › Erkek › İç Giyim › Fanila,Defacto,defacto,false,true,plan,seed later — plan only
Moda › Erkek › İç Giyim › Fanila,Zara,zara,false,true,plan,seed later — plan only
Moda › Erkek › İç Giyim › Pijama,Nike,nike,true,true,plan,seed later — plan only
Moda › Erkek › İç Giyim › Pijama,Adidas,adidas,true,true,plan,seed later — plan only
Moda › Erkek › İç Giyim › Pijama,Mavi,mavi,true,true,plan,seed later — plan only
Moda › Erkek › İç Giyim › Pijama,Koton,koton,false,true,plan,seed later — plan only
Moda › Erkek › İç Giyim › Pijama,LC Waikiki,lc-waikiki,false,true,plan,seed later — plan only
Moda › Erkek › İç Giyim › Pijama,Defacto,defacto,false,true,plan,seed later — plan only
Moda › Erkek › İç Giyim › Pijama,Zara,zara,false,true,plan,seed later — plan only
Moda › Erkek › İç Giyim › Çorap,Nike,nike,true,true,plan,seed later — plan only
Moda › Erkek › İç Giyim › Çorap,Adidas,adidas,true,true,plan,seed later — plan only
Moda › Erkek › İç Giyim › Çorap,Mavi,mavi,true,true,plan,seed later — plan only
Moda › Erkek › İç Giyim › Çorap,Koton,koton,false,true,plan,seed later — plan only
Moda › Erkek › İç Giyim › Çorap,LC Waikiki,lc-waikiki,false,true,plan,seed later — plan only
Moda › Erkek › İç Giyim › Çorap,Defacto,defacto,false,true,plan,seed later — plan only
Moda › Erkek › İç Giyim › Çorap,Zara,zara,false,true,plan,seed later — plan only
Moda › Ayakkabı › Kadın Ayakkabı › Sneaker,Nike,nike,true,true,plan,seed later — plan only
Moda › Ayakkabı › Kadın Ayakkabı › Sneaker,Adidas,adidas,true,true,plan,seed later — plan only
Moda › Ayakkabı › Kadın Ayakkabı › Sneaker,Mavi,mavi,true,true,plan,seed later — plan only
Moda › Ayakkabı › Kadın Ayakkabı › Sneaker,Koton,koton,false,true,plan,seed later — plan only
Moda › Ayakkabı › Kadın Ayakkabı › Sneaker,LC Waikiki,lc-waikiki,false,true,plan,seed later — plan only
Moda › Ayakkabı › Kadın Ayakkabı › Sneaker,Defacto,defacto,false,true,plan,seed later — plan only
Moda › Ayakkabı › Kadın Ayakkabı › Sneaker,Zara,zara,false,true,plan,seed later — plan only
Moda › Ayakkabı › Kadın Ayakkabı › Topuklu Ayakkabı,Nike,nike,true,true,plan,seed later — plan only
Moda › Ayakkabı › Kadın Ayakkabı › Topuklu Ayakkabı,Adidas,adidas,true,true,plan,seed later — plan only
Moda › Ayakkabı › Kadın Ayakkabı › Topuklu Ayakkabı,Mavi,mavi,true,true,plan,seed later — plan only
Moda › Ayakkabı › Kadın Ayakkabı › Topuklu Ayakkabı,Koton,koton,false,true,plan,seed later — plan only
Moda › Ayakkabı › Kadın Ayakkabı › Topuklu Ayakkabı,LC Waikiki,lc-waikiki,false,true,plan,seed later — plan only
Moda › Ayakkabı › Kadın Ayakkabı › Topuklu Ayakkabı,Defacto,defacto,false,true,plan,seed later — plan only
Moda › Ayakkabı › Kadın Ayakkabı › Topuklu Ayakkabı,Zara,zara,false,true,plan,seed later — plan only
Moda › Ayakkabı › Kadın Ayakkabı › Babet,Nike,nike,true,true,plan,seed later — plan only
Moda › Ayakkabı › Kadın Ayakkabı › Babet,Adidas,adidas,true,true,plan,seed later — plan only
Moda › Ayakkabı › Kadın Ayakkabı › Babet,Mavi,mavi,true,true,plan,seed later — plan only
Moda › Ayakkabı › Kadın Ayakkabı › Babet,Koton,koton,false,true,plan,seed later — plan only
Moda › Ayakkabı › Kadın Ayakkabı › Babet,LC Waikiki,lc-waikiki,false,true,plan,seed later — plan only
Moda › Ayakkabı › Kadın Ayakkabı › Babet,Defacto,defacto,false,true,plan,seed later — plan only
Moda › Ayakkabı › Kadın Ayakkabı › Babet,Zara,zara,false,true,plan,seed later — plan only
Moda › Ayakkabı › Kadın Ayakkabı › Sandalet,Nike,nike,true,true,plan,seed later — plan only
Moda › Ayakkabı › Kadın Ayakkabı › Sandalet,Adidas,adidas,true,true,plan,seed later — plan only
Moda › Ayakkabı › Kadın Ayakkabı › Sandalet,Mavi,mavi,true,true,plan,seed later — plan only
Moda › Ayakkabı › Kadın Ayakkabı › Sandalet,Koton,koton,false,true,plan,seed later — plan only
Moda › Ayakkabı › Kadın Ayakkabı › Sandalet,LC Waikiki,lc-waikiki,false,true,plan,seed later — plan only
Moda › Ayakkabı › Kadın Ayakkabı › Sandalet,Defacto,defacto,false,true,plan,seed later — plan only
Moda › Ayakkabı › Kadın Ayakkabı › Sandalet,Zara,zara,false,true,plan,seed later — plan only
Moda › Ayakkabı › Kadın Ayakkabı › Bot,Nike,nike,true,true,plan,seed later — plan only
Moda › Ayakkabı › Kadın Ayakkabı › Bot,Adidas,adidas,true,true,plan,seed later — plan only
Moda › Ayakkabı › Kadın Ayakkabı › Bot,Mavi,mavi,true,true,plan,seed later — plan only
Moda › Ayakkabı › Kadın Ayakkabı › Bot,Koton,koton,false,true,plan,seed later — plan only
Moda › Ayakkabı › Kadın Ayakkabı › Bot,LC Waikiki,lc-waikiki,false,true,plan,seed later — plan only
Moda › Ayakkabı › Kadın Ayakkabı › Bot,Defacto,defacto,false,true,plan,seed later — plan only
Moda › Ayakkabı › Kadın Ayakkabı › Bot,Zara,zara,false,true,plan,seed later — plan only
Moda › Ayakkabı › Kadın Ayakkabı › Çizme,Nike,nike,true,true,plan,seed later — plan only
Moda › Ayakkabı › Kadın Ayakkabı › Çizme,Adidas,adidas,true,true,plan,seed later — plan only
Moda › Ayakkabı › Kadın Ayakkabı › Çizme,Mavi,mavi,true,true,plan,seed later — plan only
Moda › Ayakkabı › Kadın Ayakkabı › Çizme,Koton,koton,false,true,plan,seed later — plan only
Moda › Ayakkabı › Kadın Ayakkabı › Çizme,LC Waikiki,lc-waikiki,false,true,plan,seed later — plan only
Moda › Ayakkabı › Kadın Ayakkabı › Çizme,Defacto,defacto,false,true,plan,seed later — plan only
Moda › Ayakkabı › Kadın Ayakkabı › Çizme,Zara,zara,false,true,plan,seed later — plan only
Moda › Ayakkabı › Kadın Ayakkabı › Terlik,Nike,nike,true,true,plan,seed later — plan only
Moda › Ayakkabı › Kadın Ayakkabı › Terlik,Adidas,adidas,true,true,plan,seed later — plan only
Moda › Ayakkabı › Kadın Ayakkabı › Terlik,Mavi,mavi,true,true,plan,seed later — plan only
Moda › Ayakkabı › Kadın Ayakkabı › Terlik,Koton,koton,false,true,plan,seed later — plan only
Moda › Ayakkabı › Kadın Ayakkabı › Terlik,LC Waikiki,lc-waikiki,false,true,plan,seed later — plan only
Moda › Ayakkabı › Kadın Ayakkabı › Terlik,Defacto,defacto,false,true,plan,seed later — plan only
Moda › Ayakkabı › Kadın Ayakkabı › Terlik,Zara,zara,false,true,plan,seed later — plan only
Moda › Ayakkabı › Erkek Ayakkabı › Sneaker,Nike,nike,true,true,plan,seed later — plan only
Moda › Ayakkabı › Erkek Ayakkabı › Sneaker,Adidas,adidas,true,true,plan,seed later — plan only
Moda › Ayakkabı › Erkek Ayakkabı › Sneaker,Mavi,mavi,true,true,plan,seed later — plan only
Moda › Ayakkabı › Erkek Ayakkabı › Sneaker,Koton,koton,false,true,plan,seed later — plan only
Moda › Ayakkabı › Erkek Ayakkabı › Sneaker,LC Waikiki,lc-waikiki,false,true,plan,seed later — plan only
Moda › Ayakkabı › Erkek Ayakkabı › Sneaker,Defacto,defacto,false,true,plan,seed later — plan only
Moda › Ayakkabı › Erkek Ayakkabı › Sneaker,Zara,zara,false,true,plan,seed later — plan only
Moda › Ayakkabı › Erkek Ayakkabı › Klasik Ayakkabı,Nike,nike,true,true,plan,seed later — plan only
Moda › Ayakkabı › Erkek Ayakkabı › Klasik Ayakkabı,Adidas,adidas,true,true,plan,seed later — plan only
Moda › Ayakkabı › Erkek Ayakkabı › Klasik Ayakkabı,Mavi,mavi,true,true,plan,seed later — plan only
Moda › Ayakkabı › Erkek Ayakkabı › Klasik Ayakkabı,Koton,koton,false,true,plan,seed later — plan only
Moda › Ayakkabı › Erkek Ayakkabı › Klasik Ayakkabı,LC Waikiki,lc-waikiki,false,true,plan,seed later — plan only
Moda › Ayakkabı › Erkek Ayakkabı › Klasik Ayakkabı,Defacto,defacto,false,true,plan,seed later — plan only
Moda › Ayakkabı › Erkek Ayakkabı › Klasik Ayakkabı,Zara,zara,false,true,plan,seed later — plan only
Moda › Ayakkabı › Erkek Ayakkabı › Loafer,Nike,nike,true,true,plan,seed later — plan only
Moda › Ayakkabı › Erkek Ayakkabı › Loafer,Adidas,adidas,true,true,plan,seed later — plan only
Moda › Ayakkabı › Erkek Ayakkabı › Loafer,Mavi,mavi,true,true,plan,seed later — plan only
Moda › Ayakkabı › Erkek Ayakkabı › Loafer,Koton,koton,false,true,plan,seed later — plan only
Moda › Ayakkabı › Erkek Ayakkabı › Loafer,LC Waikiki,lc-waikiki,false,true,plan,seed later — plan only
Moda › Ayakkabı › Erkek Ayakkabı › Loafer,Defacto,defacto,false,true,plan,seed later — plan only
Moda › Ayakkabı › Erkek Ayakkabı › Loafer,Zara,zara,false,true,plan,seed later — plan only
Moda › Ayakkabı › Erkek Ayakkabı › Bot,Nike,nike,true,true,plan,seed later — plan only
Moda › Ayakkabı › Erkek Ayakkabı › Bot,Adidas,adidas,true,true,plan,seed later — plan only
Moda › Ayakkabı › Erkek Ayakkabı › Bot,Mavi,mavi,true,true,plan,seed later — plan only
Moda › Ayakkabı › Erkek Ayakkabı › Bot,Koton,koton,false,true,plan,seed later — plan only
Moda › Ayakkabı › Erkek Ayakkabı › Bot,LC Waikiki,lc-waikiki,false,true,plan,seed later — plan only
Moda › Ayakkabı › Erkek Ayakkabı › Bot,Defacto,defacto,false,true,plan,seed later — plan only
Moda › Ayakkabı › Erkek Ayakkabı › Bot,Zara,zara,false,true,plan,seed later — plan only
Moda › Ayakkabı › Erkek Ayakkabı › Sandalet,Nike,nike,true,true,plan,seed later — plan only
Moda › Ayakkabı › Erkek Ayakkabı › Sandalet,Adidas,adidas,true,true,plan,seed later — plan only
Moda › Ayakkabı › Erkek Ayakkabı › Sandalet,Mavi,mavi,true,true,plan,seed later — plan only
Moda › Ayakkabı › Erkek Ayakkabı › Sandalet,Koton,koton,false,true,plan,seed later — plan only
Moda › Ayakkabı › Erkek Ayakkabı › Sandalet,LC Waikiki,lc-waikiki,false,true,plan,seed later — plan only
Moda › Ayakkabı › Erkek Ayakkabı › Sandalet,Defacto,defacto,false,true,plan,seed later — plan only
Moda › Ayakkabı › Erkek Ayakkabı › Sandalet,Zara,zara,false,true,plan,seed later — plan only
Moda › Ayakkabı › Erkek Ayakkabı › Terlik,Nike,nike,true,true,plan,seed later — plan only
Moda › Ayakkabı › Erkek Ayakkabı › Terlik,Adidas,adidas,true,true,plan,seed later — plan only
Moda › Ayakkabı › Erkek Ayakkabı › Terlik,Mavi,mavi,true,true,plan,seed later — plan only
Moda › Ayakkabı › Erkek Ayakkabı › Terlik,Koton,koton,false,true,plan,seed later — plan only
Moda › Ayakkabı › Erkek Ayakkabı › Terlik,LC Waikiki,lc-waikiki,false,true,plan,seed later — plan only
Moda › Ayakkabı › Erkek Ayakkabı › Terlik,Defacto,defacto,false,true,plan,seed later — plan only
Moda › Ayakkabı › Erkek Ayakkabı › Terlik,Zara,zara,false,true,plan,seed later — plan only
Moda › Ayakkabı › Spor Ayakkabı › Koşu Ayakkabısı,Nike,nike,true,true,plan,seed later — plan only
Moda › Ayakkabı › Spor Ayakkabı › Koşu Ayakkabısı,Adidas,adidas,true,true,plan,seed later — plan only
Moda › Ayakkabı › Spor Ayakkabı › Koşu Ayakkabısı,Mavi,mavi,true,true,plan,seed later — plan only
Moda › Ayakkabı › Spor Ayakkabı › Koşu Ayakkabısı,Koton,koton,false,true,plan,seed later — plan only
Moda › Ayakkabı › Spor Ayakkabı › Koşu Ayakkabısı,LC Waikiki,lc-waikiki,false,true,plan,seed later — plan only
Moda › Ayakkabı › Spor Ayakkabı › Koşu Ayakkabısı,Defacto,defacto,false,true,plan,seed later — plan only
Moda › Ayakkabı › Spor Ayakkabı › Koşu Ayakkabısı,Zara,zara,false,true,plan,seed later — plan only
Moda › Ayakkabı › Spor Ayakkabı › Yürüyüş Ayakkabısı,Nike,nike,true,true,plan,seed later — plan only
Moda › Ayakkabı › Spor Ayakkabı › Yürüyüş Ayakkabısı,Adidas,adidas,true,true,plan,seed later — plan only
Moda › Ayakkabı › Spor Ayakkabı › Yürüyüş Ayakkabısı,Mavi,mavi,true,true,plan,seed later — plan only
Moda › Ayakkabı › Spor Ayakkabı › Yürüyüş Ayakkabısı,Koton,koton,false,true,plan,seed later — plan only
Moda › Ayakkabı › Spor Ayakkabı › Yürüyüş Ayakkabısı,LC Waikiki,lc-waikiki,false,true,plan,seed later — plan only
Moda › Ayakkabı › Spor Ayakkabı › Yürüyüş Ayakkabısı,Defacto,defacto,false,true,plan,seed later — plan only
Moda › Ayakkabı › Spor Ayakkabı › Yürüyüş Ayakkabısı,Zara,zara,false,true,plan,seed later — plan only
Moda › Ayakkabı › Spor Ayakkabı › Basketbol Ayakkabısı,Nike,nike,true,true,plan,seed later — plan only
Moda › Ayakkabı › Spor Ayakkabı › Basketbol Ayakkabısı,Adidas,adidas,true,true,plan,seed later — plan only
Moda › Ayakkabı › Spor Ayakkabı › Basketbol Ayakkabısı,Mavi,mavi,true,true,plan,seed later — plan only
Moda › Ayakkabı › Spor Ayakkabı › Basketbol Ayakkabısı,Koton,koton,false,true,plan,seed later — plan only
Moda › Ayakkabı › Spor Ayakkabı › Basketbol Ayakkabısı,LC Waikiki,lc-waikiki,false,true,plan,seed later — plan only
Moda › Ayakkabı › Spor Ayakkabı › Basketbol Ayakkabısı,Defacto,defacto,false,true,plan,seed later — plan only
Moda › Ayakkabı › Spor Ayakkabı › Basketbol Ayakkabısı,Zara,zara,false,true,plan,seed later — plan only
Moda › Ayakkabı › Spor Ayakkabı › Futbol Ayakkabısı,Nike,nike,true,true,plan,seed later — plan only
Moda › Ayakkabı › Spor Ayakkabı › Futbol Ayakkabısı,Adidas,adidas,true,true,plan,seed later — plan only
Moda › Ayakkabı › Spor Ayakkabı › Futbol Ayakkabısı,Mavi,mavi,true,true,plan,seed later — plan only
Moda › Ayakkabı › Spor Ayakkabı › Futbol Ayakkabısı,Koton,koton,false,true,plan,seed later — plan only
Moda › Ayakkabı › Spor Ayakkabı › Futbol Ayakkabısı,LC Waikiki,lc-waikiki,false,true,plan,seed later — plan only
Moda › Ayakkabı › Spor Ayakkabı › Futbol Ayakkabısı,Defacto,defacto,false,true,plan,seed later — plan only
Moda › Ayakkabı › Spor Ayakkabı › Futbol Ayakkabısı,Zara,zara,false,true,plan,seed later — plan only
Moda › Ayakkabı › Spor Ayakkabı › Outdoor Ayakkabı,Nike,nike,true,true,plan,seed later — plan only
Moda › Ayakkabı › Spor Ayakkabı › Outdoor Ayakkabı,Adidas,adidas,true,true,plan,seed later — plan only
Moda › Ayakkabı › Spor Ayakkabı › Outdoor Ayakkabı,Mavi,mavi,true,true,plan,seed later — plan only
Moda › Ayakkabı › Spor Ayakkabı › Outdoor Ayakkabı,Koton,koton,false,true,plan,seed later — plan only
Moda › Ayakkabı › Spor Ayakkabı › Outdoor Ayakkabı,LC Waikiki,lc-waikiki,false,true,plan,seed later — plan only
Moda › Ayakkabı › Spor Ayakkabı › Outdoor Ayakkabı,Defacto,defacto,false,true,plan,seed later — plan only
Moda › Ayakkabı › Spor Ayakkabı › Outdoor Ayakkabı,Zara,zara,false,true,plan,seed later — plan only
Moda › Çanta ve Aksesuar › Çanta › Omuz Çantası,Nike,nike,true,true,plan,seed later — plan only
Moda › Çanta ve Aksesuar › Çanta › Omuz Çantası,Adidas,adidas,true,true,plan,seed later — plan only
Moda › Çanta ve Aksesuar › Çanta › Omuz Çantası,Mavi,mavi,true,true,plan,seed later — plan only
Moda › Çanta ve Aksesuar › Çanta › Omuz Çantası,Koton,koton,false,true,plan,seed later — plan only
Moda › Çanta ve Aksesuar › Çanta › Omuz Çantası,LC Waikiki,lc-waikiki,false,true,plan,seed later — plan only
Moda › Çanta ve Aksesuar › Çanta › Omuz Çantası,Defacto,defacto,false,true,plan,seed later — plan only
Moda › Çanta ve Aksesuar › Çanta › Omuz Çantası,Zara,zara,false,true,plan,seed later — plan only
Moda › Çanta ve Aksesuar › Çanta › El Çantası,Nike,nike,true,true,plan,seed later — plan only
Moda › Çanta ve Aksesuar › Çanta › El Çantası,Adidas,adidas,true,true,plan,seed later — plan only
Moda › Çanta ve Aksesuar › Çanta › El Çantası,Mavi,mavi,true,true,plan,seed later — plan only
Moda › Çanta ve Aksesuar › Çanta › El Çantası,Koton,koton,false,true,plan,seed later — plan only
Moda › Çanta ve Aksesuar › Çanta › El Çantası,LC Waikiki,lc-waikiki,false,true,plan,seed later — plan only
Moda › Çanta ve Aksesuar › Çanta › El Çantası,Defacto,defacto,false,true,plan,seed later — plan only
Moda › Çanta ve Aksesuar › Çanta › El Çantası,Zara,zara,false,true,plan,seed later — plan only
Moda › Çanta ve Aksesuar › Çanta › Sırt Çantası,Nike,nike,true,true,plan,seed later — plan only
Moda › Çanta ve Aksesuar › Çanta › Sırt Çantası,Adidas,adidas,true,true,plan,seed later — plan only
Moda › Çanta ve Aksesuar › Çanta › Sırt Çantası,Mavi,mavi,true,true,plan,seed later — plan only
Moda › Çanta ve Aksesuar › Çanta › Sırt Çantası,Koton,koton,false,true,plan,seed later — plan only
Moda › Çanta ve Aksesuar › Çanta › Sırt Çantası,LC Waikiki,lc-waikiki,false,true,plan,seed later — plan only
Moda › Çanta ve Aksesuar › Çanta › Sırt Çantası,Defacto,defacto,false,true,plan,seed later — plan only
Moda › Çanta ve Aksesuar › Çanta › Sırt Çantası,Zara,zara,false,true,plan,seed later — plan only
Moda › Çanta ve Aksesuar › Çanta › Bel Çantası,Nike,nike,true,true,plan,seed later — plan only
Moda › Çanta ve Aksesuar › Çanta › Bel Çantası,Adidas,adidas,true,true,plan,seed later — plan only
Moda › Çanta ve Aksesuar › Çanta › Bel Çantası,Mavi,mavi,true,true,plan,seed later — plan only
Moda › Çanta ve Aksesuar › Çanta › Bel Çantası,Koton,koton,false,true,plan,seed later — plan only
Moda › Çanta ve Aksesuar › Çanta › Bel Çantası,LC Waikiki,lc-waikiki,false,true,plan,seed later — plan only
Moda › Çanta ve Aksesuar › Çanta › Bel Çantası,Defacto,defacto,false,true,plan,seed later — plan only
Moda › Çanta ve Aksesuar › Çanta › Bel Çantası,Zara,zara,false,true,plan,seed later — plan only
Moda › Çanta ve Aksesuar › Çanta › Laptop Çantası,Nike,nike,true,true,plan,seed later — plan only
Moda › Çanta ve Aksesuar › Çanta › Laptop Çantası,Adidas,adidas,true,true,plan,seed later — plan only
Moda › Çanta ve Aksesuar › Çanta › Laptop Çantası,Mavi,mavi,true,true,plan,seed later — plan only
Moda › Çanta ve Aksesuar › Çanta › Laptop Çantası,Koton,koton,false,true,plan,seed later — plan only
Moda › Çanta ve Aksesuar › Çanta › Laptop Çantası,LC Waikiki,lc-waikiki,false,true,plan,seed later — plan only
Moda › Çanta ve Aksesuar › Çanta › Laptop Çantası,Defacto,defacto,false,true,plan,seed later — plan only
Moda › Çanta ve Aksesuar › Çanta › Laptop Çantası,Zara,zara,false,true,plan,seed later — plan only
Moda › Çanta ve Aksesuar › Çanta › Valiz,Nike,nike,true,true,plan,seed later — plan only
Moda › Çanta ve Aksesuar › Çanta › Valiz,Adidas,adidas,true,true,plan,seed later — plan only
Moda › Çanta ve Aksesuar › Çanta › Valiz,Mavi,mavi,true,true,plan,seed later — plan only
Moda › Çanta ve Aksesuar › Çanta › Valiz,Koton,koton,false,true,plan,seed later — plan only
Moda › Çanta ve Aksesuar › Çanta › Valiz,LC Waikiki,lc-waikiki,false,true,plan,seed later — plan only
Moda › Çanta ve Aksesuar › Çanta › Valiz,Defacto,defacto,false,true,plan,seed later — plan only
Moda › Çanta ve Aksesuar › Çanta › Valiz,Zara,zara,false,true,plan,seed later — plan only
Moda › Çanta ve Aksesuar › Çanta › Cüzdan,Nike,nike,true,true,plan,seed later — plan only
Moda › Çanta ve Aksesuar › Çanta › Cüzdan,Adidas,adidas,true,true,plan,seed later — plan only
Moda › Çanta ve Aksesuar › Çanta › Cüzdan,Mavi,mavi,true,true,plan,seed later — plan only
Moda › Çanta ve Aksesuar › Çanta › Cüzdan,Koton,koton,false,true,plan,seed later — plan only
Moda › Çanta ve Aksesuar › Çanta › Cüzdan,LC Waikiki,lc-waikiki,false,true,plan,seed later — plan only
Moda › Çanta ve Aksesuar › Çanta › Cüzdan,Defacto,defacto,false,true,plan,seed later — plan only
Moda › Çanta ve Aksesuar › Çanta › Cüzdan,Zara,zara,false,true,plan,seed later — plan only
Moda › Çanta ve Aksesuar › Çanta › Kartlık,Nike,nike,true,true,plan,seed later — plan only
Moda › Çanta ve Aksesuar › Çanta › Kartlık,Adidas,adidas,true,true,plan,seed later — plan only
Moda › Çanta ve Aksesuar › Çanta › Kartlık,Mavi,mavi,true,true,plan,seed later — plan only
Moda › Çanta ve Aksesuar › Çanta › Kartlık,Koton,koton,false,true,plan,seed later — plan only
Moda › Çanta ve Aksesuar › Çanta › Kartlık,LC Waikiki,lc-waikiki,false,true,plan,seed later — plan only
Moda › Çanta ve Aksesuar › Çanta › Kartlık,Defacto,defacto,false,true,plan,seed later — plan only
Moda › Çanta ve Aksesuar › Çanta › Kartlık,Zara,zara,false,true,plan,seed later — plan only
Moda › Çanta ve Aksesuar › Aksesuar › Kemer,Nike,nike,true,true,plan,seed later — plan only
Moda › Çanta ve Aksesuar › Aksesuar › Kemer,Adidas,adidas,true,true,plan,seed later — plan only
Moda › Çanta ve Aksesuar › Aksesuar › Kemer,Mavi,mavi,true,true,plan,seed later — plan only
Moda › Çanta ve Aksesuar › Aksesuar › Kemer,Koton,koton,false,true,plan,seed later — plan only
Moda › Çanta ve Aksesuar › Aksesuar › Kemer,LC Waikiki,lc-waikiki,false,true,plan,seed later — plan only
Moda › Çanta ve Aksesuar › Aksesuar › Kemer,Defacto,defacto,false,true,plan,seed later — plan only
Moda › Çanta ve Aksesuar › Aksesuar › Kemer,Zara,zara,false,true,plan,seed later — plan only
Moda › Çanta ve Aksesuar › Aksesuar › Şapka,Nike,nike,true,true,plan,seed later — plan only
Moda › Çanta ve Aksesuar › Aksesuar › Şapka,Adidas,adidas,true,true,plan,seed later — plan only
Moda › Çanta ve Aksesuar › Aksesuar › Şapka,Mavi,mavi,true,true,plan,seed later — plan only
Moda › Çanta ve Aksesuar › Aksesuar › Şapka,Koton,koton,false,true,plan,seed later — plan only
Moda › Çanta ve Aksesuar › Aksesuar › Şapka,LC Waikiki,lc-waikiki,false,true,plan,seed later — plan only
Moda › Çanta ve Aksesuar › Aksesuar › Şapka,Defacto,defacto,false,true,plan,seed later — plan only
Moda › Çanta ve Aksesuar › Aksesuar › Şapka,Zara,zara,false,true,plan,seed later — plan only
Moda › Çanta ve Aksesuar › Aksesuar › Bere,Nike,nike,true,true,plan,seed later — plan only
Moda › Çanta ve Aksesuar › Aksesuar › Bere,Adidas,adidas,true,true,plan,seed later — plan only
Moda › Çanta ve Aksesuar › Aksesuar › Bere,Mavi,mavi,true,true,plan,seed later — plan only
Moda › Çanta ve Aksesuar › Aksesuar › Bere,Koton,koton,false,true,plan,seed later — plan only
Moda › Çanta ve Aksesuar › Aksesuar › Bere,LC Waikiki,lc-waikiki,false,true,plan,seed later — plan only
Moda › Çanta ve Aksesuar › Aksesuar › Bere,Defacto,defacto,false,true,plan,seed later — plan only
Moda › Çanta ve Aksesuar › Aksesuar › Bere,Zara,zara,false,true,plan,seed later — plan only
Moda › Çanta ve Aksesuar › Aksesuar › Atkı,Nike,nike,true,true,plan,seed later — plan only
Moda › Çanta ve Aksesuar › Aksesuar › Atkı,Adidas,adidas,true,true,plan,seed later — plan only
Moda › Çanta ve Aksesuar › Aksesuar › Atkı,Mavi,mavi,true,true,plan,seed later — plan only
Moda › Çanta ve Aksesuar › Aksesuar › Atkı,Koton,koton,false,true,plan,seed later — plan only
Moda › Çanta ve Aksesuar › Aksesuar › Atkı,LC Waikiki,lc-waikiki,false,true,plan,seed later — plan only
Moda › Çanta ve Aksesuar › Aksesuar › Atkı,Defacto,defacto,false,true,plan,seed later — plan only
Moda › Çanta ve Aksesuar › Aksesuar › Atkı,Zara,zara,false,true,plan,seed later — plan only
Moda › Çanta ve Aksesuar › Aksesuar › Eldiven,Nike,nike,true,true,plan,seed later — plan only
Moda › Çanta ve Aksesuar › Aksesuar › Eldiven,Adidas,adidas,true,true,plan,seed later — plan only
Moda › Çanta ve Aksesuar › Aksesuar › Eldiven,Mavi,mavi,true,true,plan,seed later — plan only
Moda › Çanta ve Aksesuar › Aksesuar › Eldiven,Koton,koton,false,true,plan,seed later — plan only
Moda › Çanta ve Aksesuar › Aksesuar › Eldiven,LC Waikiki,lc-waikiki,false,true,plan,seed later — plan only
Moda › Çanta ve Aksesuar › Aksesuar › Eldiven,Defacto,defacto,false,true,plan,seed later — plan only
Moda › Çanta ve Aksesuar › Aksesuar › Eldiven,Zara,zara,false,true,plan,seed later — plan only
Moda › Çanta ve Aksesuar › Aksesuar › Güneş Gözlüğü,Nike,nike,true,true,plan,seed later — plan only
Moda › Çanta ve Aksesuar › Aksesuar › Güneş Gözlüğü,Adidas,adidas,true,true,plan,seed later — plan only
Moda › Çanta ve Aksesuar › Aksesuar › Güneş Gözlüğü,Mavi,mavi,true,true,plan,seed later — plan only
Moda › Çanta ve Aksesuar › Aksesuar › Güneş Gözlüğü,Koton,koton,false,true,plan,seed later — plan only
Moda › Çanta ve Aksesuar › Aksesuar › Güneş Gözlüğü,LC Waikiki,lc-waikiki,false,true,plan,seed later — plan only
Moda › Çanta ve Aksesuar › Aksesuar › Güneş Gözlüğü,Defacto,defacto,false,true,plan,seed later — plan only
Moda › Çanta ve Aksesuar › Aksesuar › Güneş Gözlüğü,Zara,zara,false,true,plan,seed later — plan only
Moda › Çanta ve Aksesuar › Aksesuar › Şemsiye,Nike,nike,true,true,plan,seed later — plan only
Moda › Çanta ve Aksesuar › Aksesuar › Şemsiye,Adidas,adidas,true,true,plan,seed later — plan only
Moda › Çanta ve Aksesuar › Aksesuar › Şemsiye,Mavi,mavi,true,true,plan,seed later — plan only
Moda › Çanta ve Aksesuar › Aksesuar › Şemsiye,Koton,koton,false,true,plan,seed later — plan only
Moda › Çanta ve Aksesuar › Aksesuar › Şemsiye,LC Waikiki,lc-waikiki,false,true,plan,seed later — plan only
Moda › Çanta ve Aksesuar › Aksesuar › Şemsiye,Defacto,defacto,false,true,plan,seed later — plan only
Moda › Çanta ve Aksesuar › Aksesuar › Şemsiye,Zara,zara,false,true,plan,seed later — plan only
Moda › Çanta ve Aksesuar › Takı › Kolye,Nike,nike,true,true,plan,seed later — plan only
Moda › Çanta ve Aksesuar › Takı › Kolye,Adidas,adidas,true,true,plan,seed later — plan only
Moda › Çanta ve Aksesuar › Takı › Kolye,Mavi,mavi,true,true,plan,seed later — plan only
Moda › Çanta ve Aksesuar › Takı › Kolye,Koton,koton,false,true,plan,seed later — plan only
Moda › Çanta ve Aksesuar › Takı › Kolye,LC Waikiki,lc-waikiki,false,true,plan,seed later — plan only
Moda › Çanta ve Aksesuar › Takı › Kolye,Defacto,defacto,false,true,plan,seed later — plan only
Moda › Çanta ve Aksesuar › Takı › Kolye,Zara,zara,false,true,plan,seed later — plan only
Moda › Çanta ve Aksesuar › Takı › Bileklik,Nike,nike,true,true,plan,seed later — plan only
Moda › Çanta ve Aksesuar › Takı › Bileklik,Adidas,adidas,true,true,plan,seed later — plan only
Moda › Çanta ve Aksesuar › Takı › Bileklik,Mavi,mavi,true,true,plan,seed later — plan only
Moda › Çanta ve Aksesuar › Takı › Bileklik,Koton,koton,false,true,plan,seed later — plan only
Moda › Çanta ve Aksesuar › Takı › Bileklik,LC Waikiki,lc-waikiki,false,true,plan,seed later — plan only
Moda › Çanta ve Aksesuar › Takı › Bileklik,Defacto,defacto,false,true,plan,seed later — plan only
Moda › Çanta ve Aksesuar › Takı › Bileklik,Zara,zara,false,true,plan,seed later — plan only
Moda › Çanta ve Aksesuar › Takı › Küpe,Nike,nike,true,true,plan,seed later — plan only
Moda › Çanta ve Aksesuar › Takı › Küpe,Adidas,adidas,true,true,plan,seed later — plan only
Moda › Çanta ve Aksesuar › Takı › Küpe,Mavi,mavi,true,true,plan,seed later — plan only
Moda › Çanta ve Aksesuar › Takı › Küpe,Koton,koton,false,true,plan,seed later — plan only
Moda › Çanta ve Aksesuar › Takı › Küpe,LC Waikiki,lc-waikiki,false,true,plan,seed later — plan only
Moda › Çanta ve Aksesuar › Takı › Küpe,Defacto,defacto,false,true,plan,seed later — plan only
Moda › Çanta ve Aksesuar › Takı › Küpe,Zara,zara,false,true,plan,seed later — plan only
Moda › Çanta ve Aksesuar › Takı › Yüzük,Nike,nike,true,true,plan,seed later — plan only
Moda › Çanta ve Aksesuar › Takı › Yüzük,Adidas,adidas,true,true,plan,seed later — plan only
Moda › Çanta ve Aksesuar › Takı › Yüzük,Mavi,mavi,true,true,plan,seed later — plan only
Moda › Çanta ve Aksesuar › Takı › Yüzük,Koton,koton,false,true,plan,seed later — plan only
Moda › Çanta ve Aksesuar › Takı › Yüzük,LC Waikiki,lc-waikiki,false,true,plan,seed later — plan only
Moda › Çanta ve Aksesuar › Takı › Yüzük,Defacto,defacto,false,true,plan,seed later — plan only
Moda › Çanta ve Aksesuar › Takı › Yüzük,Zara,zara,false,true,plan,seed later — plan only
Moda › Çanta ve Aksesuar › Takı › Halhal,Nike,nike,true,true,plan,seed later — plan only
Moda › Çanta ve Aksesuar › Takı › Halhal,Adidas,adidas,true,true,plan,seed later — plan only
Moda › Çanta ve Aksesuar › Takı › Halhal,Mavi,mavi,true,true,plan,seed later — plan only
Moda › Çanta ve Aksesuar › Takı › Halhal,Koton,koton,false,true,plan,seed later — plan only
Moda › Çanta ve Aksesuar › Takı › Halhal,LC Waikiki,lc-waikiki,false,true,plan,seed later — plan only
Moda › Çanta ve Aksesuar › Takı › Halhal,Defacto,defacto,false,true,plan,seed later — plan only
Moda › Çanta ve Aksesuar › Takı › Halhal,Zara,zara,false,true,plan,seed later — plan only
Moda › Çanta ve Aksesuar › Takı › Broş,Nike,nike,true,true,plan,seed later — plan only
Moda › Çanta ve Aksesuar › Takı › Broş,Adidas,adidas,true,true,plan,seed later — plan only
Moda › Çanta ve Aksesuar › Takı › Broş,Mavi,mavi,true,true,plan,seed later — plan only
Moda › Çanta ve Aksesuar › Takı › Broş,Koton,koton,false,true,plan,seed later — plan only
Moda › Çanta ve Aksesuar › Takı › Broş,LC Waikiki,lc-waikiki,false,true,plan,seed later — plan only
Moda › Çanta ve Aksesuar › Takı › Broş,Defacto,defacto,false,true,plan,seed later — plan only
Moda › Çanta ve Aksesuar › Takı › Broş,Zara,zara,false,true,plan,seed later — plan only
"Anne, Bebek ve Çocuk › Bebek Arabası ve Taşıma › Bebek Arabası › Travel Sistem Bebek Arabası",Diğer,diger,false,false,plan,seed later — plan only
"Anne, Bebek ve Çocuk › Bebek Arabası ve Taşıma › Bebek Arabası › Baston Bebek Arabası",Diğer,diger,false,false,plan,seed later — plan only
"Anne, Bebek ve Çocuk › Bebek Arabası ve Taşıma › Bebek Arabası › İkiz Bebek Arabası",Diğer,diger,false,false,plan,seed later — plan only
"Anne, Bebek ve Çocuk › Bebek Arabası ve Taşıma › Bebek Arabası › Jogger Bebek Arabası",Diğer,diger,false,false,plan,seed later — plan only
"Anne, Bebek ve Çocuk › Bebek Arabası ve Taşıma › Taşıma › Ana Kucağı",Diğer,diger,false,false,plan,seed later — plan only
"Anne, Bebek ve Çocuk › Bebek Arabası ve Taşıma › Taşıma › Puset",Diğer,diger,false,false,plan,seed later — plan only
"Anne, Bebek ve Çocuk › Bebek Arabası ve Taşıma › Taşıma › Kanguru",Diğer,diger,false,false,plan,seed later — plan only
"Anne, Bebek ve Çocuk › Bebek Arabası ve Taşıma › Taşıma › Sling",Diğer,diger,false,false,plan,seed later — plan only
"Anne, Bebek ve Çocuk › Bebek Arabası ve Taşıma › Taşıma › Portbebe",Diğer,diger,false,false,plan,seed later — plan only
"Anne, Bebek ve Çocuk › Bebek Odası › Mobilya › Bebek Beşiği",Diğer,diger,false,true,plan,seed later — plan only
"Anne, Bebek ve Çocuk › Bebek Odası › Mobilya › Bebek Karyolası",Diğer,diger,false,true,plan,seed later — plan only
"Anne, Bebek ve Çocuk › Bebek Odası › Mobilya › Bebek Yatağı",Diğer,diger,false,true,plan,seed later — plan only
"Anne, Bebek ve Çocuk › Bebek Odası › Mobilya › Alt Açma Ünitesi",Diğer,diger,false,true,plan,seed later — plan only
"Anne, Bebek ve Çocuk › Bebek Odası › Mobilya › Bebek Dolabı",Diğer,diger,false,true,plan,seed later — plan only
"Anne, Bebek ve Çocuk › Bebek Odası › Tekstil › Bebek Nevresimi",Diğer,diger,false,false,plan,seed later — plan only
"Anne, Bebek ve Çocuk › Bebek Odası › Tekstil › Uyku Tulumu",Diğer,diger,false,false,plan,seed later — plan only
"Anne, Bebek ve Çocuk › Bebek Odası › Tekstil › Bebek Battaniyesi",Diğer,diger,false,false,plan,seed later — plan only
"Anne, Bebek ve Çocuk › Bebek Odası › Tekstil › Bebek Yastığı",Diğer,diger,false,false,plan,seed later — plan only
"Anne, Bebek ve Çocuk › Bebek Odası › Tekstil › Cibinlik",Diğer,diger,false,false,plan,seed later — plan only
"Anne, Bebek ve Çocuk › Beslenme › Emzirme › Göğüs Pompası",Diğer,diger,false,false,plan,seed later — plan only
"Anne, Bebek ve Çocuk › Beslenme › Emzirme › Emzirme Yastığı",Diğer,diger,false,false,plan,seed later — plan only
"Anne, Bebek ve Çocuk › Beslenme › Emzirme › Süt Saklama Poşeti",Diğer,diger,false,false,plan,seed later — plan only
"Anne, Bebek ve Çocuk › Beslenme › Emzirme › Göğüs Pedi",Diğer,diger,false,false,plan,seed later — plan only
"Anne, Bebek ve Çocuk › Beslenme › Biberon ve Mama › Biberon",Diğer,diger,false,false,plan,seed later — plan only
"Anne, Bebek ve Çocuk › Beslenme › Biberon ve Mama › Emzik",Diğer,diger,false,false,plan,seed later — plan only
"Anne, Bebek ve Çocuk › Beslenme › Biberon ve Mama › Biberon Isıtıcı",Diğer,diger,false,false,plan,seed later — plan only
"Anne, Bebek ve Çocuk › Beslenme › Biberon ve Mama › Sterilizatör",Diğer,diger,false,false,plan,seed later — plan only
"Anne, Bebek ve Çocuk › Beslenme › Biberon ve Mama › Mama Sandalyesi",Diğer,diger,false,false,plan,seed later — plan only
"Anne, Bebek ve Çocuk › Beslenme › Biberon ve Mama › Mama Seti",Diğer,diger,false,false,plan,seed later — plan only
"Anne, Bebek ve Çocuk › Bakım ve Güvenlik › Bakım › Bebek Bezi",Diğer,diger,false,false,plan,seed later — plan only
"Anne, Bebek ve Çocuk › Bakım ve Güvenlik › Bakım › Islak Mendil",Diğer,diger,false,false,plan,seed later — plan only
"Anne, Bebek ve Çocuk › Bakım ve Güvenlik › Bakım › Bebek Şampuanı",Diğer,diger,false,false,plan,seed later — plan only
"Anne, Bebek ve Çocuk › Bakım ve Güvenlik › Bakım › Bebek Yağı",Diğer,diger,false,false,plan,seed later — plan only
"Anne, Bebek ve Çocuk › Bakım ve Güvenlik › Bakım › Pişik Kremi",Diğer,diger,false,false,plan,seed later — plan only
"Anne, Bebek ve Çocuk › Bakım ve Güvenlik › Bakım › Bebek Küveti",Diğer,diger,false,false,plan,seed later — plan only
"Anne, Bebek ve Çocuk › Bakım ve Güvenlik › Güvenlik › Bebek Kamerası",Diğer,diger,false,false,plan,seed later — plan only
"Anne, Bebek ve Çocuk › Bakım ve Güvenlik › Güvenlik › Telsiz",Diğer,diger,false,false,plan,seed later — plan only
"Anne, Bebek ve Çocuk › Bakım ve Güvenlik › Güvenlik › Güvenlik Kapısı",Diğer,diger,false,false,plan,seed later — plan only
"Anne, Bebek ve Çocuk › Bakım ve Güvenlik › Güvenlik › Priz Koruyucu",Diğer,diger,false,false,plan,seed later — plan only
"Anne, Bebek ve Çocuk › Bakım ve Güvenlik › Güvenlik › Köşe Koruyucu",Diğer,diger,false,false,plan,seed later — plan only
"Anne, Bebek ve Çocuk › Çocuk Giyim › Kız Çocuk › Tişört",Diğer,diger,false,false,plan,seed later — plan only
"Anne, Bebek ve Çocuk › Çocuk Giyim › Kız Çocuk › Elbise",Diğer,diger,false,false,plan,seed later — plan only
"Anne, Bebek ve Çocuk › Çocuk Giyim › Kız Çocuk › Pantolon",Diğer,diger,false,false,plan,seed later — plan only
"Anne, Bebek ve Çocuk › Çocuk Giyim › Kız Çocuk › Etek",Diğer,diger,false,false,plan,seed later — plan only
"Anne, Bebek ve Çocuk › Çocuk Giyim › Kız Çocuk › Mont",Diğer,diger,false,false,plan,seed later — plan only
"Anne, Bebek ve Çocuk › Çocuk Giyim › Kız Çocuk › Pijama",Diğer,diger,false,false,plan,seed later — plan only
"Anne, Bebek ve Çocuk › Çocuk Giyim › Kız Çocuk › İç Giyim",Diğer,diger,false,false,plan,seed later — plan only
"Anne, Bebek ve Çocuk › Çocuk Giyim › Erkek Çocuk › Tişört",Diğer,diger,false,false,plan,seed later — plan only
"Anne, Bebek ve Çocuk › Çocuk Giyim › Erkek Çocuk › Gömlek",Diğer,diger,false,false,plan,seed later — plan only
"Anne, Bebek ve Çocuk › Çocuk Giyim › Erkek Çocuk › Pantolon",Diğer,diger,false,false,plan,seed later — plan only
"Anne, Bebek ve Çocuk › Çocuk Giyim › Erkek Çocuk › Şort",Diğer,diger,false,false,plan,seed later — plan only
"Anne, Bebek ve Çocuk › Çocuk Giyim › Erkek Çocuk › Mont",Diğer,diger,false,false,plan,seed later — plan only
"Anne, Bebek ve Çocuk › Çocuk Giyim › Erkek Çocuk › Pijama",Diğer,diger,false,false,plan,seed later — plan only
"Anne, Bebek ve Çocuk › Çocuk Giyim › Erkek Çocuk › İç Giyim",Diğer,diger,false,false,plan,seed later — plan only
"Anne, Bebek ve Çocuk › Çocuk Giyim › Bebek Giyim › Body",Diğer,diger,false,false,plan,seed later — plan only
"Anne, Bebek ve Çocuk › Çocuk Giyim › Bebek Giyim › Zıbın",Diğer,diger,false,false,plan,seed later — plan only
"Anne, Bebek ve Çocuk › Çocuk Giyim › Bebek Giyim › Tulum",Diğer,diger,false,false,plan,seed later — plan only
"Anne, Bebek ve Çocuk › Çocuk Giyim › Bebek Giyim › Hastane Çıkışı",Diğer,diger,false,false,plan,seed later — plan only
"Anne, Bebek ve Çocuk › Çocuk Giyim › Bebek Giyim › Bebek Takımı",Diğer,diger,false,false,plan,seed later — plan only
"Anne, Bebek ve Çocuk › Çocuk Giyim › Bebek Giyim › Bebek Çorabı",Diğer,diger,false,false,plan,seed later — plan only
"Anne, Bebek ve Çocuk › Oyuncak › Eğitici Oyuncak › Ahşap Oyuncak",Diğer,diger,false,false,plan,seed later — plan only
"Anne, Bebek ve Çocuk › Oyuncak › Eğitici Oyuncak › STEM Oyuncak",Diğer,diger,false,false,plan,seed later — plan only
"Anne, Bebek ve Çocuk › Oyuncak › Eğitici Oyuncak › Aktivite Oyuncağı",Diğer,diger,false,false,plan,seed later — plan only
"Anne, Bebek ve Çocuk › Oyuncak › Eğitici Oyuncak › Montessori Oyuncak",Diğer,diger,false,false,plan,seed later — plan only
"Anne, Bebek ve Çocuk › Oyuncak › Rol Oyunları › Oyuncak Mutfak",Brita,brita,true,false,plan,seed later — plan only
"Anne, Bebek ve Çocuk › Oyuncak › Rol Oyunları › Oyuncak Mutfak",Karaca,karaca,true,false,plan,seed later — plan only
"Anne, Bebek ve Çocuk › Oyuncak › Rol Oyunları › Oyuncak Mutfak",Tefal,tefal,false,false,plan,seed later — plan only
"Anne, Bebek ve Çocuk › Oyuncak › Rol Oyunları › Oyuncak Mutfak",Emsan,emsan,false,false,plan,seed later — plan only
"Anne, Bebek ve Çocuk › Oyuncak › Rol Oyunları › Oyuncak Mutfak",Korkmaz,korkmaz,false,false,plan,seed later — plan only
"Anne, Bebek ve Çocuk › Oyuncak › Rol Oyunları › Doktor Seti",Diğer,diger,false,false,plan,seed later — plan only
"Anne, Bebek ve Çocuk › Oyuncak › Rol Oyunları › Tamir Seti",Diğer,diger,false,false,plan,seed later — plan only
"Anne, Bebek ve Çocuk › Oyuncak › Rol Oyunları › Bebek ve Aksesuarı",Diğer,diger,false,true,plan,seed later — plan only
"Anne, Bebek ve Çocuk › Oyuncak › Araç ve Figür › Oyuncak Araba",Diğer,diger,false,false,plan,seed later — plan only
"Anne, Bebek ve Çocuk › Oyuncak › Araç ve Figür › Uzaktan Kumandalı Araç",Diğer,diger,false,false,plan,seed later — plan only
"Anne, Bebek ve Çocuk › Oyuncak › Araç ve Figür › Aksiyon Figürü",Diğer,diger,false,false,plan,seed later — plan only
"Anne, Bebek ve Çocuk › Oyuncak › Araç ve Figür › Oyun Seti",Diğer,diger,false,false,plan,seed later — plan only
"Anne, Bebek ve Çocuk › Oyuncak › Açık Hava › Scooter",Diğer,diger,false,false,plan,seed later — plan only
"Anne, Bebek ve Çocuk › Oyuncak › Açık Hava › Akülü Araba",Diğer,diger,false,false,plan,seed later — plan only
"Anne, Bebek ve Çocuk › Oyuncak › Açık Hava › Çocuk Bisikleti",Bianchi,bianchi,true,false,plan,seed later — plan only
"Anne, Bebek ve Çocuk › Oyuncak › Açık Hava › Çocuk Bisikleti",Salcano,salcano,true,false,plan,seed later — plan only
"Anne, Bebek ve Çocuk › Oyuncak › Açık Hava › Çocuk Bisikleti",Kron,kron,true,false,plan,seed later — plan only
"Anne, Bebek ve Çocuk › Oyuncak › Açık Hava › Çocuk Bisikleti",Carraro,carraro,true,false,plan,seed later — plan only
"Anne, Bebek ve Çocuk › Oyuncak › Açık Hava › Çocuk Bisikleti",Decathlon,decathlon,false,false,plan,seed later — plan only
"Anne, Bebek ve Çocuk › Oyuncak › Açık Hava › Çocuk Bisikleti",Trek,trek,false,false,plan,seed later — plan only
"Anne, Bebek ve Çocuk › Oyuncak › Açık Hava › Çocuk Bisikleti",Giant,giant,false,false,plan,seed later — plan only
"Anne, Bebek ve Çocuk › Oyuncak › Açık Hava › Trambolin",Diğer,diger,false,false,plan,seed later — plan only
"Anne, Bebek ve Çocuk › Oyuncak › Açık Hava › Şişme Havuz",Diğer,diger,false,false,plan,seed later — plan only
Kozmetik ve Kişisel Bakım › Cilt Bakımı › Yüz Bakımı › Yüz Temizleme Jeli,Diğer,diger,false,false,plan,seed later — plan only
Kozmetik ve Kişisel Bakım › Cilt Bakımı › Yüz Bakımı › Tonik,Diğer,diger,false,false,plan,seed later — plan only
Kozmetik ve Kişisel Bakım › Cilt Bakımı › Yüz Bakımı › Serum,Diğer,diger,false,false,plan,seed later — plan only
Kozmetik ve Kişisel Bakım › Cilt Bakımı › Yüz Bakımı › Nemlendirici,Diğer,diger,false,false,plan,seed later — plan only
Kozmetik ve Kişisel Bakım › Cilt Bakımı › Yüz Bakımı › Göz Kremi,Diğer,diger,false,false,plan,seed later — plan only
Kozmetik ve Kişisel Bakım › Cilt Bakımı › Yüz Bakımı › Peeling,Diğer,diger,false,false,plan,seed later — plan only
Kozmetik ve Kişisel Bakım › Cilt Bakımı › Yüz Bakımı › Yüz Maskesi,Diğer,diger,false,false,plan,seed later — plan only
Kozmetik ve Kişisel Bakım › Cilt Bakımı › Yüz Bakımı › Güneş Kremi,Diğer,diger,false,false,plan,seed later — plan only
Kozmetik ve Kişisel Bakım › Cilt Bakımı › Vücut Bakımı › Vücut Losyonu,Diğer,diger,false,false,plan,seed later — plan only
Kozmetik ve Kişisel Bakım › Cilt Bakımı › Vücut Bakımı › Vücut Peelingi,Diğer,diger,false,false,plan,seed later — plan only
Kozmetik ve Kişisel Bakım › Cilt Bakımı › Vücut Bakımı › El Kremi,Diğer,diger,false,false,plan,seed later — plan only
Kozmetik ve Kişisel Bakım › Cilt Bakımı › Vücut Bakımı › Ayak Bakımı,Diğer,diger,false,false,plan,seed later — plan only
Kozmetik ve Kişisel Bakım › Cilt Bakımı › Vücut Bakımı › Selülit Ürünü,Diğer,diger,false,false,plan,seed later — plan only
Kozmetik ve Kişisel Bakım › Saç Bakımı › Saç Ürünleri › Şampuan,Diğer,diger,false,false,plan,seed later — plan only
Kozmetik ve Kişisel Bakım › Saç Bakımı › Saç Ürünleri › Saç Kremi,Diğer,diger,false,false,plan,seed later — plan only
Kozmetik ve Kişisel Bakım › Saç Bakımı › Saç Ürünleri › Saç Maskesi,Diğer,diger,false,false,plan,seed later — plan only
Kozmetik ve Kişisel Bakım › Saç Bakımı › Saç Ürünleri › Saç Serumu,Diğer,diger,false,false,plan,seed later — plan only
Kozmetik ve Kişisel Bakım › Saç Bakımı › Saç Ürünleri › Saç Yağı,Diğer,diger,false,false,plan,seed later — plan only
Kozmetik ve Kişisel Bakım › Saç Bakımı › Saç Ürünleri › Saç Boyası,Diğer,diger,false,false,plan,seed later — plan only
Kozmetik ve Kişisel Bakım › Saç Bakımı › Saç Ürünleri › Şekillendirici,Diğer,diger,false,false,plan,seed later — plan only
Kozmetik ve Kişisel Bakım › Saç Bakımı › Saç Şekillendirme Cihazları › Saç Kurutma Makinesi,Arçelik,arcelik,true,false,plan,seed later — plan only
Kozmetik ve Kişisel Bakım › Saç Bakımı › Saç Şekillendirme Cihazları › Saç Kurutma Makinesi,Beko,beko,true,false,plan,seed later — plan only
Kozmetik ve Kişisel Bakım › Saç Bakımı › Saç Şekillendirme Cihazları › Saç Kurutma Makinesi,Bosch,bosch,true,false,plan,seed later — plan only
Kozmetik ve Kişisel Bakım › Saç Bakımı › Saç Şekillendirme Cihazları › Saç Kurutma Makinesi,Siemens,siemens,true,false,plan,seed later — plan only
Kozmetik ve Kişisel Bakım › Saç Bakımı › Saç Şekillendirme Cihazları › Saç Kurutma Makinesi,Profilo,profilo,true,false,plan,seed later — plan only
Kozmetik ve Kişisel Bakım › Saç Bakımı › Saç Şekillendirme Cihazları › Saç Kurutma Makinesi,Vestel,vestel,true,false,plan,seed later — plan only
Kozmetik ve Kişisel Bakım › Saç Bakımı › Saç Şekillendirme Cihazları › Saç Kurutma Makinesi,Samsung,samsung,false,false,plan,seed later — plan only
Kozmetik ve Kişisel Bakım › Saç Bakımı › Saç Şekillendirme Cihazları › Saç Kurutma Makinesi,LG,lg,false,false,plan,seed later — plan only
Kozmetik ve Kişisel Bakım › Saç Bakımı › Saç Şekillendirme Cihazları › Saç Düzleştirici,Diğer,diger,false,false,plan,seed later — plan only
Kozmetik ve Kişisel Bakım › Saç Bakımı › Saç Şekillendirme Cihazları › Saç Maşası,Diğer,diger,false,false,plan,seed later — plan only
Kozmetik ve Kişisel Bakım › Saç Bakımı › Saç Şekillendirme Cihazları › Saç Şekillendirme Seti,Diğer,diger,false,false,plan,seed later — plan only
Kozmetik ve Kişisel Bakım › Saç Bakımı › Saç Şekillendirme Cihazları › Elektrikli Saç Fırçası,Diğer,diger,false,false,plan,seed later — plan only
Kozmetik ve Kişisel Bakım › Makyaj › Ten Makyajı › Fondöten,Diğer,diger,false,false,plan,seed later — plan only
Kozmetik ve Kişisel Bakım › Makyaj › Ten Makyajı › BB-CC Krem,Diğer,diger,false,false,plan,seed later — plan only
Kozmetik ve Kişisel Bakım › Makyaj › Ten Makyajı › Kapatıcı,Diğer,diger,false,false,plan,seed later — plan only
Kozmetik ve Kişisel Bakım › Makyaj › Ten Makyajı › Pudra,Diğer,diger,false,false,plan,seed later — plan only
Kozmetik ve Kişisel Bakım › Makyaj › Ten Makyajı › Allık,Diğer,diger,false,false,plan,seed later — plan only
Kozmetik ve Kişisel Bakım › Makyaj › Ten Makyajı › Bronzer,Diğer,diger,false,false,plan,seed later — plan only
Kozmetik ve Kişisel Bakım › Makyaj › Ten Makyajı › Aydınlatıcı,Diğer,diger,false,false,plan,seed later — plan only
Kozmetik ve Kişisel Bakım › Makyaj › Göz Makyajı › Maskara,Diğer,diger,false,false,plan,seed later — plan only
Kozmetik ve Kişisel Bakım › Makyaj › Göz Makyajı › Eyeliner,Diğer,diger,false,false,plan,seed later — plan only
Kozmetik ve Kişisel Bakım › Makyaj › Göz Makyajı › Göz Kalemi,Diğer,diger,false,false,plan,seed later — plan only
Kozmetik ve Kişisel Bakım › Makyaj › Göz Makyajı › Far,Diğer,diger,false,false,plan,seed later — plan only
Kozmetik ve Kişisel Bakım › Makyaj › Göz Makyajı › Kaş Ürünü,Diğer,diger,false,false,plan,seed later — plan only
Kozmetik ve Kişisel Bakım › Makyaj › Göz Makyajı › Takma Kirpik,Diğer,diger,false,false,plan,seed later — plan only
Kozmetik ve Kişisel Bakım › Makyaj › Dudak › Ruj,Diğer,diger,false,false,plan,seed later — plan only
Kozmetik ve Kişisel Bakım › Makyaj › Dudak › Dudak Parlatıcısı,Diğer,diger,false,false,plan,seed later — plan only
Kozmetik ve Kişisel Bakım › Makyaj › Dudak › Dudak Kalemi,Diğer,diger,false,false,plan,seed later — plan only
Kozmetik ve Kişisel Bakım › Makyaj › Dudak › Dudak Balmı,Diğer,diger,false,false,plan,seed later — plan only
Kozmetik ve Kişisel Bakım › Makyaj › Makyaj Aksesuarı › Makyaj Fırçası,Diğer,diger,false,true,plan,seed later — plan only
Kozmetik ve Kişisel Bakım › Makyaj › Makyaj Aksesuarı › Makyaj Süngeri,Diğer,diger,false,true,plan,seed later — plan only
Kozmetik ve Kişisel Bakım › Makyaj › Makyaj Aksesuarı › Makyaj Aynası,Diğer,diger,false,true,plan,seed later — plan only
Kozmetik ve Kişisel Bakım › Makyaj › Makyaj Aksesuarı › Makyaj Çantası,Diğer,diger,false,true,plan,seed later — plan only
Kozmetik ve Kişisel Bakım › Parfüm ve Deodorant › Parfüm › Kadın Parfümü,Diğer,diger,false,false,plan,seed later — plan only
Kozmetik ve Kişisel Bakım › Parfüm ve Deodorant › Parfüm › Erkek Parfümü,Diğer,diger,false,false,plan,seed later — plan only
Kozmetik ve Kişisel Bakım › Parfüm ve Deodorant › Parfüm › Unisex Parfüm,Diğer,diger,false,false,plan,seed later — plan only
Kozmetik ve Kişisel Bakım › Parfüm ve Deodorant › Parfüm › Çocuk Parfümü,Diğer,diger,false,false,plan,seed later — plan only
Kozmetik ve Kişisel Bakım › Parfüm ve Deodorant › Parfüm › Vücut Spreyi,Diğer,diger,false,false,plan,seed later — plan only
Kozmetik ve Kişisel Bakım › Parfüm ve Deodorant › Deodorant › Roll-On,Diğer,diger,false,false,plan,seed later — plan only
Kozmetik ve Kişisel Bakım › Parfüm ve Deodorant › Deodorant › Sprey Deodorant,Diğer,diger,false,false,plan,seed later — plan only
Kozmetik ve Kişisel Bakım › Parfüm ve Deodorant › Deodorant › Stick Deodorant,Diğer,diger,false,false,plan,seed later — plan only
Kozmetik ve Kişisel Bakım › Kişisel Bakım Cihazları › Tıraş › Tıraş Makinesi,Diğer,diger,false,false,plan,seed later — plan only
Kozmetik ve Kişisel Bakım › Kişisel Bakım Cihazları › Tıraş › Sakal Şekillendirici,Diğer,diger,false,false,plan,seed later — plan only
Kozmetik ve Kişisel Bakım › Kişisel Bakım Cihazları › Tıraş › Burun-Kulak Kılı Kesici,Diğer,diger,false,false,plan,seed later — plan only
Kozmetik ve Kişisel Bakım › Kişisel Bakım Cihazları › Tıraş › Tıraş Bıçağı,Diğer,diger,false,false,plan,seed later — plan only
Kozmetik ve Kişisel Bakım › Kişisel Bakım Cihazları › Ağız Bakımı › Elektrikli Diş Fırçası,Diğer,diger,false,false,plan,seed later — plan only
Kozmetik ve Kişisel Bakım › Kişisel Bakım Cihazları › Ağız Bakımı › Ağız Duşu,Diğer,diger,false,false,plan,seed later — plan only
Kozmetik ve Kişisel Bakım › Kişisel Bakım Cihazları › Ağız Bakımı › Diş Beyazlatma Cihazı,Diğer,diger,false,false,plan,seed later — plan only
Kozmetik ve Kişisel Bakım › Kişisel Bakım Cihazları › Epilasyon › Epilatör,Diğer,diger,false,false,plan,seed later — plan only
Kozmetik ve Kişisel Bakım › Kişisel Bakım Cihazları › Epilasyon › IPL Lazer Epilasyon,Diğer,diger,false,false,plan,seed later — plan only
Kozmetik ve Kişisel Bakım › Kişisel Bakım Cihazları › Epilasyon › Kadın Tıraş Makinesi,Diğer,diger,false,false,plan,seed later — plan only
Kozmetik ve Kişisel Bakım › Kişisel Bakım Cihazları › Masaj ve Sağlık › Masaj Aleti,Diğer,diger,false,false,plan,seed later — plan only
Kozmetik ve Kişisel Bakım › Kişisel Bakım Cihazları › Masaj ve Sağlık › Tartı,Diğer,diger,false,false,plan,seed later — plan only
Kozmetik ve Kişisel Bakım › Kişisel Bakım Cihazları › Masaj ve Sağlık › Tansiyon Aleti,Diğer,diger,false,false,plan,seed later — plan only
Kozmetik ve Kişisel Bakım › Kişisel Bakım Cihazları › Masaj ve Sağlık › Ateş Ölçer,Diğer,diger,false,false,plan,seed later — plan only
Kozmetik ve Kişisel Bakım › Kişisel Bakım Cihazları › Masaj ve Sağlık › Nebulizatör,Diğer,diger,false,false,plan,seed later — plan only
Spor ve Outdoor › Fitness › Kardiyo › Koşu Bandı,Diğer,diger,false,false,plan,seed later — plan only
Spor ve Outdoor › Fitness › Kardiyo › Eliptik Bisiklet,Bianchi,bianchi,true,false,plan,seed later — plan only
Spor ve Outdoor › Fitness › Kardiyo › Eliptik Bisiklet,Salcano,salcano,true,false,plan,seed later — plan only
Spor ve Outdoor › Fitness › Kardiyo › Eliptik Bisiklet,Kron,kron,true,false,plan,seed later — plan only
Spor ve Outdoor › Fitness › Kardiyo › Eliptik Bisiklet,Carraro,carraro,true,false,plan,seed later — plan only
Spor ve Outdoor › Fitness › Kardiyo › Eliptik Bisiklet,Decathlon,decathlon,false,false,plan,seed later — plan only
Spor ve Outdoor › Fitness › Kardiyo › Eliptik Bisiklet,Trek,trek,false,false,plan,seed later — plan only
Spor ve Outdoor › Fitness › Kardiyo › Eliptik Bisiklet,Giant,giant,false,false,plan,seed later — plan only
Spor ve Outdoor › Fitness › Kardiyo › Kondisyon Bisikleti,Bianchi,bianchi,true,false,plan,seed later — plan only
Spor ve Outdoor › Fitness › Kardiyo › Kondisyon Bisikleti,Salcano,salcano,true,false,plan,seed later — plan only
Spor ve Outdoor › Fitness › Kardiyo › Kondisyon Bisikleti,Kron,kron,true,false,plan,seed later — plan only
Spor ve Outdoor › Fitness › Kardiyo › Kondisyon Bisikleti,Carraro,carraro,true,false,plan,seed later — plan only
Spor ve Outdoor › Fitness › Kardiyo › Kondisyon Bisikleti,Decathlon,decathlon,false,false,plan,seed later — plan only
Spor ve Outdoor › Fitness › Kardiyo › Kondisyon Bisikleti,Trek,trek,false,false,plan,seed later — plan only
Spor ve Outdoor › Fitness › Kardiyo › Kondisyon Bisikleti,Giant,giant,false,false,plan,seed later — plan only
Spor ve Outdoor › Fitness › Kardiyo › Kürek Aleti,Diğer,diger,false,false,plan,seed later — plan only
Spor ve Outdoor › Fitness › Kardiyo › Stepper,Diğer,diger,false,false,plan,seed later — plan only
Spor ve Outdoor › Fitness › Ağırlık › Dambıl,Diğer,diger,false,false,plan,seed later — plan only
Spor ve Outdoor › Fitness › Ağırlık › Halter,Diğer,diger,false,false,plan,seed later — plan only
Spor ve Outdoor › Fitness › Ağırlık › Ağırlık Seti,Diğer,diger,false,false,plan,seed later — plan only
Spor ve Outdoor › Fitness › Ağırlık › Bench Sehpası,Diğer,diger,false,false,plan,seed later — plan only
Spor ve Outdoor › Fitness › Ağırlık › Kettlebell,Diğer,diger,false,false,plan,seed later — plan only
Spor ve Outdoor › Fitness › Ağırlık › Direnç Lastiği,Diğer,diger,false,false,plan,seed later — plan only
Spor ve Outdoor › Fitness › Yoga ve Pilates › Yoga Matı,Diğer,diger,false,false,plan,seed later — plan only
Spor ve Outdoor › Fitness › Yoga ve Pilates › Pilates Topu,Diğer,diger,false,false,plan,seed later — plan only
Spor ve Outdoor › Fitness › Yoga ve Pilates › Pilates Çemberi,Diğer,diger,false,false,plan,seed later — plan only
Spor ve Outdoor › Fitness › Yoga ve Pilates › Yoga Bloğu,Diğer,diger,false,false,plan,seed later — plan only
Spor ve Outdoor › Fitness › Yoga ve Pilates › Foam Roller,Diğer,diger,false,false,plan,seed later — plan only
Spor ve Outdoor › Takım Sporları › Futbol › Futbol Topu,Diğer,diger,false,false,plan,seed later — plan only
Spor ve Outdoor › Takım Sporları › Futbol › Krampon,Diğer,diger,false,false,plan,seed later — plan only
Spor ve Outdoor › Takım Sporları › Futbol › Kaleci Eldiveni,Diğer,diger,false,false,plan,seed later — plan only
Spor ve Outdoor › Takım Sporları › Futbol › Futbol Kalesi,Diğer,diger,false,false,plan,seed later — plan only
Spor ve Outdoor › Takım Sporları › Futbol › Antrenman Ekipmanı,Diğer,diger,false,false,plan,seed later — plan only
Spor ve Outdoor › Takım Sporları › Basketbol › Basketbol Topu,Diğer,diger,false,false,plan,seed later — plan only
Spor ve Outdoor › Takım Sporları › Basketbol › Basketbol Potası,Diğer,diger,false,false,plan,seed later — plan only
Spor ve Outdoor › Takım Sporları › Basketbol › Basketbol Ayakkabısı,Diğer,diger,false,false,plan,seed later — plan only
Spor ve Outdoor › Takım Sporları › Voleybol › Voleybol Topu,Diğer,diger,false,false,plan,seed later — plan only
Spor ve Outdoor › Takım Sporları › Voleybol › Voleybol Filesi,Diğer,diger,false,false,plan,seed later — plan only
Spor ve Outdoor › Takım Sporları › Voleybol › Dizlik,Diğer,diger,false,false,plan,seed later — plan only
Spor ve Outdoor › Takım Sporları › Raket Sporları › Tenis Raketi,Diğer,diger,false,false,plan,seed later — plan only
Spor ve Outdoor › Takım Sporları › Raket Sporları › Tenis Topu,Diğer,diger,false,false,plan,seed later — plan only
Spor ve Outdoor › Takım Sporları › Raket Sporları › Masa Tenisi Raketi,Diğer,diger,false,false,plan,seed later — plan only
Spor ve Outdoor › Takım Sporları › Raket Sporları › Badminton Raketi,Diğer,diger,false,false,plan,seed later — plan only
Spor ve Outdoor › Takım Sporları › Raket Sporları › Padel Raketi,Diğer,diger,false,false,plan,seed later — plan only
Spor ve Outdoor › Outdoor ve Kamp › Kamp › Çadır,Diğer,diger,false,false,plan,seed later — plan only
Spor ve Outdoor › Outdoor ve Kamp › Kamp › Uyku Tulumu,Diğer,diger,false,false,plan,seed later — plan only
Spor ve Outdoor › Outdoor ve Kamp › Kamp › Kamp Matı,Diğer,diger,false,false,plan,seed later — plan only
Spor ve Outdoor › Outdoor ve Kamp › Kamp › Kamp Sandalyesi,Diğer,diger,false,false,plan,seed later — plan only
Spor ve Outdoor › Outdoor ve Kamp › Kamp › Kamp Masası,Diğer,diger,false,false,plan,seed later — plan only
Spor ve Outdoor › Outdoor ve Kamp › Kamp › Kamp Ocağı,Diğer,diger,false,false,plan,seed later — plan only
Spor ve Outdoor › Outdoor ve Kamp › Kamp › Kamp Lambası,Diğer,diger,false,false,plan,seed later — plan only
Spor ve Outdoor › Outdoor ve Kamp › Dağcılık › Dağcılık Çantası,Diğer,diger,false,false,plan,seed later — plan only
Spor ve Outdoor › Outdoor ve Kamp › Dağcılık › Trekking Baton,Diğer,diger,false,false,plan,seed later — plan only
Spor ve Outdoor › Outdoor ve Kamp › Dağcılık › Kask,Diğer,diger,false,false,plan,seed later — plan only
Spor ve Outdoor › Outdoor ve Kamp › Dağcılık › Karabina,Diğer,diger,false,false,plan,seed later — plan only
Spor ve Outdoor › Outdoor ve Kamp › Dağcılık › Tırmanış İpi,Diğer,diger,false,false,plan,seed later — plan only
Spor ve Outdoor › Outdoor ve Kamp › Dağcılık › Emniyet Kemeri,Diğer,diger,false,false,plan,seed later — plan only
Spor ve Outdoor › Outdoor ve Kamp › Outdoor Giyim › Outdoor Mont,Diğer,diger,false,false,plan,seed later — plan only
Spor ve Outdoor › Outdoor ve Kamp › Outdoor Giyim › Termal İçlik,Diğer,diger,false,false,plan,seed later — plan only
Spor ve Outdoor › Outdoor ve Kamp › Outdoor Giyim › Yağmurluk,Diğer,diger,false,false,plan,seed later — plan only
Spor ve Outdoor › Outdoor ve Kamp › Outdoor Giyim › Outdoor Pantolon,Diğer,diger,false,false,plan,seed later — plan only
Spor ve Outdoor › Outdoor ve Kamp › Outdoor Giyim › Trekking Ayakkabısı,Diğer,diger,false,false,plan,seed later — plan only
Spor ve Outdoor › Outdoor ve Kamp › Su Sporları › Şişme Bot,Diğer,diger,false,false,plan,seed later — plan only
Spor ve Outdoor › Outdoor ve Kamp › Su Sporları › Kano,Diğer,diger,false,false,plan,seed later — plan only
Spor ve Outdoor › Outdoor ve Kamp › Su Sporları › SUP Board,Diğer,diger,false,false,plan,seed later — plan only
Spor ve Outdoor › Outdoor ve Kamp › Su Sporları › Dalış Maskesi,Diğer,diger,false,false,plan,seed later — plan only
Spor ve Outdoor › Outdoor ve Kamp › Su Sporları › Palet,Diğer,diger,false,false,plan,seed later — plan only
Spor ve Outdoor › Outdoor ve Kamp › Su Sporları › Can Yeleği,Diğer,diger,false,false,plan,seed later — plan only
Spor ve Outdoor › Bisiklet › Bisiklet Türleri › Dağ Bisikleti,Bianchi,bianchi,true,false,plan,seed later — plan only
Spor ve Outdoor › Bisiklet › Bisiklet Türleri › Dağ Bisikleti,Salcano,salcano,true,false,plan,seed later — plan only
Spor ve Outdoor › Bisiklet › Bisiklet Türleri › Dağ Bisikleti,Kron,kron,true,false,plan,seed later — plan only
Spor ve Outdoor › Bisiklet › Bisiklet Türleri › Dağ Bisikleti,Carraro,carraro,true,false,plan,seed later — plan only
Spor ve Outdoor › Bisiklet › Bisiklet Türleri › Dağ Bisikleti,Decathlon,decathlon,false,false,plan,seed later — plan only
Spor ve Outdoor › Bisiklet › Bisiklet Türleri › Dağ Bisikleti,Trek,trek,false,false,plan,seed later — plan only
Spor ve Outdoor › Bisiklet › Bisiklet Türleri › Dağ Bisikleti,Giant,giant,false,false,plan,seed later — plan only
Spor ve Outdoor › Bisiklet › Bisiklet Türleri › Şehir Bisikleti,Bianchi,bianchi,true,false,plan,seed later — plan only
Spor ve Outdoor › Bisiklet › Bisiklet Türleri › Şehir Bisikleti,Salcano,salcano,true,false,plan,seed later — plan only
Spor ve Outdoor › Bisiklet › Bisiklet Türleri › Şehir Bisikleti,Kron,kron,true,false,plan,seed later — plan only
Spor ve Outdoor › Bisiklet › Bisiklet Türleri › Şehir Bisikleti,Carraro,carraro,true,false,plan,seed later — plan only
Spor ve Outdoor › Bisiklet › Bisiklet Türleri › Şehir Bisikleti,Decathlon,decathlon,false,false,plan,seed later — plan only
Spor ve Outdoor › Bisiklet › Bisiklet Türleri › Şehir Bisikleti,Trek,trek,false,false,plan,seed later — plan only
Spor ve Outdoor › Bisiklet › Bisiklet Türleri › Şehir Bisikleti,Giant,giant,false,false,plan,seed later — plan only
Spor ve Outdoor › Bisiklet › Bisiklet Türleri › Yol Bisikleti,Bianchi,bianchi,true,false,plan,seed later — plan only
Spor ve Outdoor › Bisiklet › Bisiklet Türleri › Yol Bisikleti,Salcano,salcano,true,false,plan,seed later — plan only
Spor ve Outdoor › Bisiklet › Bisiklet Türleri › Yol Bisikleti,Kron,kron,true,false,plan,seed later — plan only
Spor ve Outdoor › Bisiklet › Bisiklet Türleri › Yol Bisikleti,Carraro,carraro,true,false,plan,seed later — plan only
Spor ve Outdoor › Bisiklet › Bisiklet Türleri › Yol Bisikleti,Decathlon,decathlon,false,false,plan,seed later — plan only
Spor ve Outdoor › Bisiklet › Bisiklet Türleri › Yol Bisikleti,Trek,trek,false,false,plan,seed later — plan only
Spor ve Outdoor › Bisiklet › Bisiklet Türleri › Yol Bisikleti,Giant,giant,false,false,plan,seed later — plan only
Spor ve Outdoor › Bisiklet › Bisiklet Türleri › Elektrikli Bisiklet,Bianchi,bianchi,true,false,plan,seed later — plan only
Spor ve Outdoor › Bisiklet › Bisiklet Türleri › Elektrikli Bisiklet,Salcano,salcano,true,false,plan,seed later — plan only
Spor ve Outdoor › Bisiklet › Bisiklet Türleri › Elektrikli Bisiklet,Kron,kron,true,false,plan,seed later — plan only
Spor ve Outdoor › Bisiklet › Bisiklet Türleri › Elektrikli Bisiklet,Carraro,carraro,true,false,plan,seed later — plan only
Spor ve Outdoor › Bisiklet › Bisiklet Türleri › Elektrikli Bisiklet,Decathlon,decathlon,false,false,plan,seed later — plan only
Spor ve Outdoor › Bisiklet › Bisiklet Türleri › Elektrikli Bisiklet,Trek,trek,false,false,plan,seed later — plan only
Spor ve Outdoor › Bisiklet › Bisiklet Türleri › Elektrikli Bisiklet,Giant,giant,false,false,plan,seed later — plan only
Spor ve Outdoor › Bisiklet › Bisiklet Türleri › Katlanır Bisiklet,Bianchi,bianchi,true,false,plan,seed later — plan only
Spor ve Outdoor › Bisiklet › Bisiklet Türleri › Katlanır Bisiklet,Salcano,salcano,true,false,plan,seed later — plan only
Spor ve Outdoor › Bisiklet › Bisiklet Türleri › Katlanır Bisiklet,Kron,kron,true,false,plan,seed later — plan only
Spor ve Outdoor › Bisiklet › Bisiklet Türleri › Katlanır Bisiklet,Carraro,carraro,true,false,plan,seed later — plan only
Spor ve Outdoor › Bisiklet › Bisiklet Türleri › Katlanır Bisiklet,Decathlon,decathlon,false,false,plan,seed later — plan only
Spor ve Outdoor › Bisiklet › Bisiklet Türleri › Katlanır Bisiklet,Trek,trek,false,false,plan,seed later — plan only
Spor ve Outdoor › Bisiklet › Bisiklet Türleri › Katlanır Bisiklet,Giant,giant,false,false,plan,seed later — plan only
Spor ve Outdoor › Bisiklet › Bisiklet Türleri › BMX,Diğer,diger,false,false,plan,seed later — plan only
Spor ve Outdoor › Bisiklet › Bisiklet Türleri › Çocuk Bisikleti,Bianchi,bianchi,true,false,plan,seed later — plan only
Spor ve Outdoor › Bisiklet › Bisiklet Türleri › Çocuk Bisikleti,Salcano,salcano,true,false,plan,seed later — plan only
Spor ve Outdoor › Bisiklet › Bisiklet Türleri › Çocuk Bisikleti,Kron,kron,true,false,plan,seed later — plan only
Spor ve Outdoor › Bisiklet › Bisiklet Türleri › Çocuk Bisikleti,Carraro,carraro,true,false,plan,seed later — plan only
Spor ve Outdoor › Bisiklet › Bisiklet Türleri › Çocuk Bisikleti,Decathlon,decathlon,false,false,plan,seed later — plan only
Spor ve Outdoor › Bisiklet › Bisiklet Türleri › Çocuk Bisikleti,Trek,trek,false,false,plan,seed later — plan only
Spor ve Outdoor › Bisiklet › Bisiklet Türleri › Çocuk Bisikleti,Giant,giant,false,false,plan,seed later — plan only
Spor ve Outdoor › Bisiklet › Bisiklet Parça ve Aksesuar › Bisiklet Kaskı,Bianchi,bianchi,true,true,plan,seed later — plan only
Spor ve Outdoor › Bisiklet › Bisiklet Parça ve Aksesuar › Bisiklet Kaskı,Salcano,salcano,true,true,plan,seed later — plan only
Spor ve Outdoor › Bisiklet › Bisiklet Parça ve Aksesuar › Bisiklet Kaskı,Kron,kron,true,true,plan,seed later — plan only
Spor ve Outdoor › Bisiklet › Bisiklet Parça ve Aksesuar › Bisiklet Kaskı,Carraro,carraro,true,true,plan,seed later — plan only
Spor ve Outdoor › Bisiklet › Bisiklet Parça ve Aksesuar › Bisiklet Kaskı,Decathlon,decathlon,false,true,plan,seed later — plan only
Spor ve Outdoor › Bisiklet › Bisiklet Parça ve Aksesuar › Bisiklet Kaskı,Trek,trek,false,true,plan,seed later — plan only
Spor ve Outdoor › Bisiklet › Bisiklet Parça ve Aksesuar › Bisiklet Kaskı,Giant,giant,false,true,plan,seed later — plan only
Spor ve Outdoor › Bisiklet › Bisiklet Parça ve Aksesuar › Bisiklet Kilidi,Bianchi,bianchi,true,true,plan,seed later — plan only
Spor ve Outdoor › Bisiklet › Bisiklet Parça ve Aksesuar › Bisiklet Kilidi,Salcano,salcano,true,true,plan,seed later — plan only
Spor ve Outdoor › Bisiklet › Bisiklet Parça ve Aksesuar › Bisiklet Kilidi,Kron,kron,true,true,plan,seed later — plan only
Spor ve Outdoor › Bisiklet › Bisiklet Parça ve Aksesuar › Bisiklet Kilidi,Carraro,carraro,true,true,plan,seed later — plan only
Spor ve Outdoor › Bisiklet › Bisiklet Parça ve Aksesuar › Bisiklet Kilidi,Decathlon,decathlon,false,true,plan,seed later — plan only
Spor ve Outdoor › Bisiklet › Bisiklet Parça ve Aksesuar › Bisiklet Kilidi,Trek,trek,false,true,plan,seed later — plan only
Spor ve Outdoor › Bisiklet › Bisiklet Parça ve Aksesuar › Bisiklet Kilidi,Giant,giant,false,true,plan,seed later — plan only
Spor ve Outdoor › Bisiklet › Bisiklet Parça ve Aksesuar › Aydınlatma,Diğer,diger,false,true,plan,seed later — plan only
Spor ve Outdoor › Bisiklet › Bisiklet Parça ve Aksesuar › Pompa,Diğer,diger,false,true,plan,seed later — plan only
Spor ve Outdoor › Bisiklet › Bisiklet Parça ve Aksesuar › Sele,Diğer,diger,false,true,plan,seed later — plan only
Spor ve Outdoor › Bisiklet › Bisiklet Parça ve Aksesuar › Pedal,Diğer,diger,false,true,plan,seed later — plan only
Spor ve Outdoor › Bisiklet › Bisiklet Parça ve Aksesuar › Lastik,Diğer,diger,false,true,plan,seed later — plan only
Spor ve Outdoor › Bisiklet › Bisiklet Parça ve Aksesuar › İç Lastik,Diğer,diger,false,true,plan,seed later — plan only
Spor ve Outdoor › Bisiklet › Bisiklet Parça ve Aksesuar › Çanta ve Heybe,Diğer,diger,false,true,plan,seed later — plan only
Spor ve Outdoor › Bisiklet › Bisiklet Parça ve Aksesuar › Bisiklet Bilgisayarı,Bianchi,bianchi,true,true,plan,seed later — plan only
Spor ve Outdoor › Bisiklet › Bisiklet Parça ve Aksesuar › Bisiklet Bilgisayarı,Salcano,salcano,true,true,plan,seed later — plan only
Spor ve Outdoor › Bisiklet › Bisiklet Parça ve Aksesuar › Bisiklet Bilgisayarı,Kron,kron,true,true,plan,seed later — plan only
Spor ve Outdoor › Bisiklet › Bisiklet Parça ve Aksesuar › Bisiklet Bilgisayarı,Carraro,carraro,true,true,plan,seed later — plan only
Spor ve Outdoor › Bisiklet › Bisiklet Parça ve Aksesuar › Bisiklet Bilgisayarı,Decathlon,decathlon,false,true,plan,seed later — plan only
Spor ve Outdoor › Bisiklet › Bisiklet Parça ve Aksesuar › Bisiklet Bilgisayarı,Trek,trek,false,true,plan,seed later — plan only
Spor ve Outdoor › Bisiklet › Bisiklet Parça ve Aksesuar › Bisiklet Bilgisayarı,Giant,giant,false,true,plan,seed later — plan only
Hobi ve Oyun › Müzik Aletleri › Telli Çalgılar › Gitar,Diğer,diger,false,false,plan,seed later — plan only
Hobi ve Oyun › Müzik Aletleri › Telli Çalgılar › Elektro Gitar,Diğer,diger,false,false,plan,seed later — plan only
Hobi ve Oyun › Müzik Aletleri › Telli Çalgılar › Bas Gitar,Diğer,diger,false,false,plan,seed later — plan only
Hobi ve Oyun › Müzik Aletleri › Telli Çalgılar › Ukulele,Diğer,diger,false,false,plan,seed later — plan only
Hobi ve Oyun › Müzik Aletleri › Telli Çalgılar › Bağlama,Diğer,diger,false,false,plan,seed later — plan only
Hobi ve Oyun › Müzik Aletleri › Telli Çalgılar › Keman,Diğer,diger,false,false,plan,seed later — plan only
Hobi ve Oyun › Müzik Aletleri › Tuşlu Çalgılar › Dijital Piyano,Diğer,diger,false,false,plan,seed later — plan only
Hobi ve Oyun › Müzik Aletleri › Tuşlu Çalgılar › Org,Diğer,diger,false,false,plan,seed later — plan only
Hobi ve Oyun › Müzik Aletleri › Tuşlu Çalgılar › MIDI Klavye,Diğer,diger,false,false,plan,seed later — plan only
Hobi ve Oyun › Müzik Aletleri › Vurmalı Çalgılar › Davul,Diğer,diger,false,false,plan,seed later — plan only
Hobi ve Oyun › Müzik Aletleri › Vurmalı Çalgılar › Elektronik Davul,Diğer,diger,false,false,plan,seed later — plan only
Hobi ve Oyun › Müzik Aletleri › Vurmalı Çalgılar › Darbuka,Diğer,diger,false,false,plan,seed later — plan only
Hobi ve Oyun › Müzik Aletleri › Vurmalı Çalgılar › Cajon,Diğer,diger,false,false,plan,seed later — plan only
Hobi ve Oyun › Müzik Aletleri › Nefesli Çalgılar › Flüt,Diğer,diger,false,false,plan,seed later — plan only
Hobi ve Oyun › Müzik Aletleri › Nefesli Çalgılar › Klarnet,Diğer,diger,false,false,plan,seed later — plan only
Hobi ve Oyun › Müzik Aletleri › Nefesli Çalgılar › Saksafon,Diğer,diger,false,false,plan,seed later — plan only
Hobi ve Oyun › Müzik Aletleri › Nefesli Çalgılar › Trompet,Diğer,diger,false,false,plan,seed later — plan only
Hobi ve Oyun › Müzik Aletleri › Müzik Aksesuarları › Amfi,Diğer,diger,false,true,plan,seed later — plan only
Hobi ve Oyun › Müzik Aletleri › Müzik Aksesuarları › Mikrofon,Diğer,diger,false,true,plan,seed later — plan only
Hobi ve Oyun › Müzik Aletleri › Müzik Aksesuarları › Nota Sehpası,Diğer,diger,false,true,plan,seed later — plan only
Hobi ve Oyun › Müzik Aletleri › Müzik Aksesuarları › Kılıf,Diğer,diger,false,true,plan,seed later — plan only
Hobi ve Oyun › Müzik Aletleri › Müzik Aksesuarları › Tel ve Pena,Diğer,diger,false,true,plan,seed later — plan only
Hobi ve Oyun › Hobi Malzemeleri › Resim › Tuval,Diğer,diger,false,false,plan,seed later — plan only
Hobi ve Oyun › Hobi Malzemeleri › Resim › Akrilik Boya,Diğer,diger,false,false,plan,seed later — plan only
Hobi ve Oyun › Hobi Malzemeleri › Resim › Yağlı Boya,Diğer,diger,false,false,plan,seed later — plan only
Hobi ve Oyun › Hobi Malzemeleri › Resim › Suluboya,Diğer,diger,false,false,plan,seed later — plan only
Hobi ve Oyun › Hobi Malzemeleri › Resim › Fırça,Diğer,diger,false,false,plan,seed later — plan only
Hobi ve Oyun › Hobi Malzemeleri › Resim › Şövale,Diğer,diger,false,false,plan,seed later — plan only
Hobi ve Oyun › Hobi Malzemeleri › El İşi › Örgü İpi,Diğer,diger,false,false,plan,seed later — plan only
Hobi ve Oyun › Hobi Malzemeleri › El İşi › Şiş ve Tığ,Diğer,diger,false,false,plan,seed later — plan only
Hobi ve Oyun › Hobi Malzemeleri › El İşi › Dikiş Malzemesi,Diğer,diger,false,false,plan,seed later — plan only
Hobi ve Oyun › Hobi Malzemeleri › El İşi › Keçe,Diğer,diger,false,false,plan,seed later — plan only
Hobi ve Oyun › Hobi Malzemeleri › El İşi › Boncuk,Diğer,diger,false,false,plan,seed later — plan only
Hobi ve Oyun › Hobi Malzemeleri › El İşi › Takı Yapım Malzemesi,Diğer,diger,false,false,plan,seed later — plan only
Hobi ve Oyun › Hobi Malzemeleri › Maket ve Model › Maket Seti,Diğer,diger,false,false,plan,seed later — plan only
Hobi ve Oyun › Hobi Malzemeleri › Maket ve Model › Model Araba,Diğer,diger,false,false,plan,seed later — plan only
Hobi ve Oyun › Hobi Malzemeleri › Maket ve Model › Model Uçak,Diğer,diger,false,false,plan,seed later — plan only
Hobi ve Oyun › Hobi Malzemeleri › Maket ve Model › Diorama Malzemesi,Diğer,diger,false,false,plan,seed later — plan only
Hobi ve Oyun › Hobi Malzemeleri › Maket ve Model › 3D Puzzle,Diğer,diger,false,false,plan,seed later — plan only
Hobi ve Oyun › Oyun ve Eğlence › Kutu Oyunları › Strateji Oyunu,Diğer,diger,false,false,plan,seed later — plan only
Hobi ve Oyun › Oyun ve Eğlence › Kutu Oyunları › Aile Oyunu,Diğer,diger,false,false,plan,seed later — plan only
Hobi ve Oyun › Oyun ve Eğlence › Kutu Oyunları › Parti Oyunu,Diğer,diger,false,false,plan,seed later — plan only
Hobi ve Oyun › Oyun ve Eğlence › Kutu Oyunları › Kart Oyunu,Diğer,diger,false,false,plan,seed later — plan only
Hobi ve Oyun › Oyun ve Eğlence › Kutu Oyunları › Satranç,Diğer,diger,false,false,plan,seed later — plan only
Hobi ve Oyun › Oyun ve Eğlence › Kutu Oyunları › Puzzle,Diğer,diger,false,false,plan,seed later — plan only
Hobi ve Oyun › Oyun ve Eğlence › Koleksiyon › Figür,Diğer,diger,false,false,plan,seed later — plan only
Hobi ve Oyun › Oyun ve Eğlence › Koleksiyon › Trading Card,Diğer,diger,false,false,plan,seed later — plan only
Hobi ve Oyun › Oyun ve Eğlence › Koleksiyon › Madeni Para,Diğer,diger,false,false,plan,seed later — plan only
Hobi ve Oyun › Oyun ve Eğlence › Koleksiyon › Pul,Diğer,diger,false,false,plan,seed later — plan only
Hobi ve Oyun › Oyun ve Eğlence › Koleksiyon › Koleksiyon Kutusu,Diğer,diger,false,false,plan,seed later — plan only
"Kitap, Kırtasiye ve Ofis › Kitap › Edebiyat › Roman",Diğer,diger,false,false,plan,seed later — plan only
"Kitap, Kırtasiye ve Ofis › Kitap › Edebiyat › Öykü",Diğer,diger,false,false,plan,seed later — plan only
"Kitap, Kırtasiye ve Ofis › Kitap › Edebiyat › Şiir",Diğer,diger,false,false,plan,seed later — plan only
"Kitap, Kırtasiye ve Ofis › Kitap › Edebiyat › Deneme",Diğer,diger,false,false,plan,seed later — plan only
"Kitap, Kırtasiye ve Ofis › Kitap › Edebiyat › Biyografi",Diğer,diger,false,false,plan,seed later — plan only
"Kitap, Kırtasiye ve Ofis › Kitap › Çocuk Kitapları › Resimli Kitap",Diğer,diger,false,false,plan,seed later — plan only
"Kitap, Kırtasiye ve Ofis › Kitap › Çocuk Kitapları › Masal",Diğer,diger,false,false,plan,seed later — plan only
"Kitap, Kırtasiye ve Ofis › Kitap › Çocuk Kitapları › Etkinlik Kitabı",Diğer,diger,false,false,plan,seed later — plan only
"Kitap, Kırtasiye ve Ofis › Kitap › Çocuk Kitapları › Gençlik Romanı",Diğer,diger,false,false,plan,seed later — plan only
"Kitap, Kırtasiye ve Ofis › Kitap › Eğitim › Sınav Hazırlık",Diğer,diger,false,false,plan,seed later — plan only
"Kitap, Kırtasiye ve Ofis › Kitap › Eğitim › Ders Kitabı",Diğer,diger,false,false,plan,seed later — plan only
"Kitap, Kırtasiye ve Ofis › Kitap › Eğitim › Yabancı Dil",Diğer,diger,false,false,plan,seed later — plan only
"Kitap, Kırtasiye ve Ofis › Kitap › Eğitim › Akademik Kitap",Diğer,diger,false,false,plan,seed later — plan only
"Kitap, Kırtasiye ve Ofis › Kitap › Hobi ve Yaşam › Yemek Kitabı",Diğer,diger,false,false,plan,seed later — plan only
"Kitap, Kırtasiye ve Ofis › Kitap › Hobi ve Yaşam › Kişisel Gelişim",Diğer,diger,false,false,plan,seed later — plan only
"Kitap, Kırtasiye ve Ofis › Kitap › Hobi ve Yaşam › Sanat",Diğer,diger,false,false,plan,seed later — plan only
"Kitap, Kırtasiye ve Ofis › Kitap › Hobi ve Yaşam › Seyahat",Diğer,diger,false,false,plan,seed later — plan only
"Kitap, Kırtasiye ve Ofis › Kitap › Hobi ve Yaşam › Sağlık",Diğer,diger,false,false,plan,seed later — plan only
"Kitap, Kırtasiye ve Ofis › Kırtasiye › Yazı Gereçleri › Tükenmez Kalem",Diğer,diger,false,false,plan,seed later — plan only
"Kitap, Kırtasiye ve Ofis › Kırtasiye › Yazı Gereçleri › Dolma Kalem",Diğer,diger,false,false,plan,seed later — plan only
"Kitap, Kırtasiye ve Ofis › Kırtasiye › Yazı Gereçleri › Kurşun Kalem",Diğer,diger,false,false,plan,seed later — plan only
"Kitap, Kırtasiye ve Ofis › Kırtasiye › Yazı Gereçleri › Keçeli Kalem",Diğer,diger,false,false,plan,seed later — plan only
"Kitap, Kırtasiye ve Ofis › Kırtasiye › Yazı Gereçleri › Marker",Diğer,diger,false,false,plan,seed later — plan only
"Kitap, Kırtasiye ve Ofis › Kırtasiye › Yazı Gereçleri › Silgi",Diğer,diger,false,false,plan,seed later — plan only
"Kitap, Kırtasiye ve Ofis › Kırtasiye › Defter ve Kağıt › Defter",Diğer,diger,false,false,plan,seed later — plan only
"Kitap, Kırtasiye ve Ofis › Kırtasiye › Defter ve Kağıt › Ajanda",Diğer,diger,false,false,plan,seed later — plan only
"Kitap, Kırtasiye ve Ofis › Kırtasiye › Defter ve Kağıt › Fotokopi Kağıdı",Diğer,diger,false,false,plan,seed later — plan only
"Kitap, Kırtasiye ve Ofis › Kırtasiye › Defter ve Kağıt › Not Kağıdı",Diğer,diger,false,false,plan,seed later — plan only
"Kitap, Kırtasiye ve Ofis › Kırtasiye › Defter ve Kağıt › Etiket",Diğer,diger,false,false,plan,seed later — plan only
"Kitap, Kırtasiye ve Ofis › Kırtasiye › Defter ve Kağıt › Zarf",Diğer,diger,false,false,plan,seed later — plan only
"Kitap, Kırtasiye ve Ofis › Kırtasiye › Okul Gereçleri › Kalem Kutusu",Diğer,diger,false,false,plan,seed later — plan only
"Kitap, Kırtasiye ve Ofis › Kırtasiye › Okul Gereçleri › Okul Çantası",Diğer,diger,false,false,plan,seed later — plan only
"Kitap, Kırtasiye ve Ofis › Kırtasiye › Okul Gereçleri › Boya Seti",Diğer,diger,false,false,plan,seed later — plan only
"Kitap, Kırtasiye ve Ofis › Kırtasiye › Okul Gereçleri › Cetvel Seti",Diğer,diger,false,false,plan,seed later — plan only
"Kitap, Kırtasiye ve Ofis › Kırtasiye › Okul Gereçleri › Makas",Diğer,diger,false,false,plan,seed later — plan only
"Kitap, Kırtasiye ve Ofis › Kırtasiye › Okul Gereçleri › Yapıştırıcı",Diğer,diger,false,false,plan,seed later — plan only
"Kitap, Kırtasiye ve Ofis › Ofis › Ofis Makineleri › Yazıcı",Diğer,diger,false,false,plan,seed later — plan only
"Kitap, Kırtasiye ve Ofis › Ofis › Ofis Makineleri › Fotokopi Makinesi",Diğer,diger,false,false,plan,seed later — plan only
"Kitap, Kırtasiye ve Ofis › Ofis › Ofis Makineleri › Para Sayma Makinesi",Diğer,diger,false,false,plan,seed later — plan only
"Kitap, Kırtasiye ve Ofis › Ofis › Ofis Makineleri › Laminasyon Makinesi",Diğer,diger,false,false,plan,seed later — plan only
"Kitap, Kırtasiye ve Ofis › Ofis › Ofis Makineleri › Evrak İmha Makinesi",Diğer,diger,false,false,plan,seed later — plan only
"Kitap, Kırtasiye ve Ofis › Ofis › Ofis Sarf › Toner",Diğer,diger,false,false,plan,seed later — plan only
"Kitap, Kırtasiye ve Ofis › Ofis › Ofis Sarf › Kartuş",Diğer,diger,false,false,plan,seed later — plan only
"Kitap, Kırtasiye ve Ofis › Ofis › Ofis Sarf › Zımba",Diğer,diger,false,false,plan,seed later — plan only
"Kitap, Kırtasiye ve Ofis › Ofis › Ofis Sarf › Delgeç",Diğer,diger,false,false,plan,seed later — plan only
"Kitap, Kırtasiye ve Ofis › Ofis › Ofis Sarf › Dosya",Diğer,diger,false,false,plan,seed later — plan only
"Kitap, Kırtasiye ve Ofis › Ofis › Ofis Sarf › Klasör",Diğer,diger,false,false,plan,seed later — plan only
"Kitap, Kırtasiye ve Ofis › Ofis › Ofis Mobilyası › Ofis Masası",Diğer,diger,false,true,plan,seed later — plan only
"Kitap, Kırtasiye ve Ofis › Ofis › Ofis Mobilyası › Ofis Koltuğu",Diğer,diger,false,true,plan,seed later — plan only
"Kitap, Kırtasiye ve Ofis › Ofis › Ofis Mobilyası › Dosya Dolabı",Diğer,diger,false,true,plan,seed later — plan only
"Kitap, Kırtasiye ve Ofis › Ofis › Ofis Mobilyası › Toplantı Masası",Diğer,diger,false,true,plan,seed later — plan only
"Kitap, Kırtasiye ve Ofis › Ofis › Ofis Mobilyası › Resepsiyon Bankosu",Diğer,diger,false,true,plan,seed later — plan only
Pet Shop › Kedi › Beslenme › Kedi Maması,Diğer,diger,false,false,plan,seed later — plan only
Pet Shop › Kedi › Beslenme › Yaş Mama,Diğer,diger,false,false,plan,seed later — plan only
Pet Shop › Kedi › Beslenme › Ödül Maması,Diğer,diger,false,false,plan,seed later — plan only
Pet Shop › Kedi › Beslenme › Mama Kabı,Diğer,diger,false,false,plan,seed later — plan only
Pet Shop › Kedi › Beslenme › Su Pınarı,Diğer,diger,false,false,plan,seed later — plan only
Pet Shop › Kedi › Bakım › Kedi Kumu,Diğer,diger,false,false,plan,seed later — plan only
Pet Shop › Kedi › Bakım › Kum Kabı,Diğer,diger,false,false,plan,seed later — plan only
Pet Shop › Kedi › Bakım › Tırmalama Tahtası,Diğer,diger,false,false,plan,seed later — plan only
Pet Shop › Kedi › Bakım › Tarak,Diğer,diger,false,false,plan,seed later — plan only
Pet Shop › Kedi › Bakım › Şampuan,Diğer,diger,false,false,plan,seed later — plan only
Pet Shop › Kedi › Aksesuar › Kedi Yatağı,Diğer,diger,false,true,plan,seed later — plan only
Pet Shop › Kedi › Aksesuar › Taşıma Çantası,Diğer,diger,false,true,plan,seed later — plan only
Pet Shop › Kedi › Aksesuar › Tasma,Diğer,diger,false,true,plan,seed later — plan only
Pet Shop › Kedi › Aksesuar › Oyuncak,Diğer,diger,false,true,plan,seed later — plan only
Pet Shop › Kedi › Aksesuar › Kedi Evi,Diğer,diger,false,true,plan,seed later — plan only
Pet Shop › Köpek › Beslenme › Köpek Maması,Diğer,diger,false,false,plan,seed later — plan only
Pet Shop › Köpek › Beslenme › Yaş Mama,Diğer,diger,false,false,plan,seed later — plan only
Pet Shop › Köpek › Beslenme › Ödül Maması,Diğer,diger,false,false,plan,seed later — plan only
Pet Shop › Köpek › Beslenme › Mama Kabı,Diğer,diger,false,false,plan,seed later — plan only
Pet Shop › Köpek › Beslenme › Su Kabı,Diğer,diger,false,false,plan,seed later — plan only
Pet Shop › Köpek › Bakım › Şampuan,Diğer,diger,false,false,plan,seed later — plan only
Pet Shop › Köpek › Bakım › Tarak,Diğer,diger,false,false,plan,seed later — plan only
Pet Shop › Köpek › Bakım › Tırnak Makası,Diğer,diger,false,false,plan,seed later — plan only
Pet Shop › Köpek › Bakım › Ped,Diğer,diger,false,false,plan,seed later — plan only
Pet Shop › Köpek › Bakım › Ağız Bakımı,Diğer,diger,false,false,plan,seed later — plan only
Pet Shop › Köpek › Aksesuar › Tasma,Diğer,diger,false,true,plan,seed later — plan only
Pet Shop › Köpek › Aksesuar › Gezdirme Kayışı,Diğer,diger,false,true,plan,seed later — plan only
Pet Shop › Köpek › Aksesuar › Göğüs Tasması,Diğer,diger,false,true,plan,seed later — plan only
Pet Shop › Köpek › Aksesuar › Köpek Yatağı,Diğer,diger,false,true,plan,seed later — plan only
Pet Shop › Köpek › Aksesuar › Taşıma Çantası,Diğer,diger,false,true,plan,seed later — plan only
Pet Shop › Köpek › Aksesuar › Oyuncak,Diğer,diger,false,true,plan,seed later — plan only
Pet Shop › Köpek › Aksesuar › Köpek Kulübesi,Diğer,diger,false,true,plan,seed later — plan only
Pet Shop › Kuş ve Kemirgen › Kuş › Kuş Yemi,Diğer,diger,false,false,plan,seed later — plan only
Pet Shop › Kuş ve Kemirgen › Kuş › Kafes,Diğer,diger,false,false,plan,seed later — plan only
Pet Shop › Kuş ve Kemirgen › Kuş › Tünek,Diğer,diger,false,false,plan,seed later — plan only
Pet Shop › Kuş ve Kemirgen › Kuş › Suluk,Diğer,diger,false,false,plan,seed later — plan only
Pet Shop › Kuş ve Kemirgen › Kuş › Oyuncak,Diğer,diger,false,false,plan,seed later — plan only
Pet Shop › Kuş ve Kemirgen › Kemirgen › Kemirgen Yemi,Diğer,diger,false,false,plan,seed later — plan only
Pet Shop › Kuş ve Kemirgen › Kemirgen › Kafes,Diğer,diger,false,false,plan,seed later — plan only
Pet Shop › Kuş ve Kemirgen › Kemirgen › Talaş,Diğer,diger,false,false,plan,seed later — plan only
Pet Shop › Kuş ve Kemirgen › Kemirgen › Suluk,Diğer,diger,false,false,plan,seed later — plan only
Pet Shop › Kuş ve Kemirgen › Kemirgen › Oyuncak,Diğer,diger,false,false,plan,seed later — plan only
Pet Shop › Akvaryum › Akvaryum Ürünleri › Akvaryum,Diğer,diger,false,false,plan,seed later — plan only
Pet Shop › Akvaryum › Akvaryum Ürünleri › Filtre,Diğer,diger,false,false,plan,seed later — plan only
Pet Shop › Akvaryum › Akvaryum Ürünleri › Isıtıcı,Diğer,diger,false,false,plan,seed later — plan only
Pet Shop › Akvaryum › Akvaryum Ürünleri › Hava Motoru,Diğer,diger,false,false,plan,seed later — plan only
Pet Shop › Akvaryum › Akvaryum Ürünleri › Aydınlatma,Diğer,diger,false,false,plan,seed later — plan only
Pet Shop › Akvaryum › Akvaryum Ürünleri › Balık Yemi,Diğer,diger,false,false,plan,seed later — plan only
Pet Shop › Akvaryum › Akvaryum Ürünleri › Dekor,Diğer,diger,false,false,plan,seed later — plan only
Otomotiv Aksesuar › Araç İçi › Konfor › Koltuk Kılıfı,Diğer,diger,false,true,plan,seed later — plan only
Otomotiv Aksesuar › Araç İçi › Konfor › Paspas,Diğer,diger,false,true,plan,seed later — plan only
Otomotiv Aksesuar › Araç İçi › Konfor › Direksiyon Kılıfı,Diğer,diger,false,true,plan,seed later — plan only
Otomotiv Aksesuar › Araç İçi › Konfor › Güneşlik,Diğer,diger,false,true,plan,seed later — plan only
Otomotiv Aksesuar › Araç İçi › Konfor › Organizer,Diğer,diger,false,true,plan,seed later — plan only
Otomotiv Aksesuar › Araç İçi › Konfor › Araç İçi Buzdolabı,Diğer,diger,false,true,plan,seed later — plan only
Otomotiv Aksesuar › Araç İçi › Elektronik › Araç Kamerası,Diğer,diger,false,true,plan,seed later — plan only
Otomotiv Aksesuar › Araç İçi › Elektronik › Multimedya Sistemi,Diğer,diger,false,true,plan,seed later — plan only
Otomotiv Aksesuar › Araç İçi › Elektronik › Navigasyon,Diğer,diger,false,true,plan,seed later — plan only
Otomotiv Aksesuar › Araç İçi › Elektronik › FM Transmitter,Diğer,diger,false,true,plan,seed later — plan only
Otomotiv Aksesuar › Araç İçi › Elektronik › Araç Şarj Cihazı,Diğer,diger,false,true,plan,seed later — plan only
Otomotiv Aksesuar › Araç İçi › Elektronik › Park Sensörü,Diğer,diger,false,true,plan,seed later — plan only
Otomotiv Aksesuar › Araç İçi › Elektronik › Geri Görüş Kamerası,Diğer,diger,false,true,plan,seed later — plan only
Otomotiv Aksesuar › Araç Dışı › Koruma ve Görünüm › Araç Brandası,Diğer,diger,false,true,plan,seed later — plan only
Otomotiv Aksesuar › Araç Dışı › Koruma ve Görünüm › Kapı Koruyucu,Diğer,diger,false,true,plan,seed later — plan only
Otomotiv Aksesuar › Araç Dışı › Koruma ve Görünüm › Çamurluk,Diğer,diger,false,true,plan,seed later — plan only
Otomotiv Aksesuar › Araç Dışı › Koruma ve Görünüm › Spoiler,Diğer,diger,false,true,plan,seed later — plan only
Otomotiv Aksesuar › Araç Dışı › Koruma ve Görünüm › Rüzgarlık,Diğer,diger,false,true,plan,seed later — plan only
Otomotiv Aksesuar › Araç Dışı › Koruma ve Görünüm › Sticker ve Folyo,Diğer,diger,false,true,plan,seed later — plan only
Otomotiv Aksesuar › Araç Dışı › Taşıma › Tavan Barı,Diğer,diger,false,true,plan,seed later — plan only
Otomotiv Aksesuar › Araç Dışı › Taşıma › Port Bagaj,Diğer,diger,false,true,plan,seed later — plan only
Otomotiv Aksesuar › Araç Dışı › Taşıma › Bisiklet Taşıyıcı,Bianchi,bianchi,true,true,plan,seed later — plan only
Otomotiv Aksesuar › Araç Dışı › Taşıma › Bisiklet Taşıyıcı,Salcano,salcano,true,true,plan,seed later — plan only
Otomotiv Aksesuar › Araç Dışı › Taşıma › Bisiklet Taşıyıcı,Kron,kron,true,true,plan,seed later — plan only
Otomotiv Aksesuar › Araç Dışı › Taşıma › Bisiklet Taşıyıcı,Carraro,carraro,true,true,plan,seed later — plan only
Otomotiv Aksesuar › Araç Dışı › Taşıma › Bisiklet Taşıyıcı,Decathlon,decathlon,false,true,plan,seed later — plan only
Otomotiv Aksesuar › Araç Dışı › Taşıma › Bisiklet Taşıyıcı,Trek,trek,false,true,plan,seed later — plan only
Otomotiv Aksesuar › Araç Dışı › Taşıma › Bisiklet Taşıyıcı,Giant,giant,false,true,plan,seed later — plan only
Otomotiv Aksesuar › Araç Dışı › Taşıma › Çeki Demiri,Diğer,diger,false,true,plan,seed later — plan only
Otomotiv Aksesuar › Bakım ve Temizlik › Temizlik › Oto Şampuanı,Diğer,diger,false,true,plan,seed later — plan only
Otomotiv Aksesuar › Bakım ve Temizlik › Temizlik › Cila,Diğer,diger,false,true,plan,seed later — plan only
Otomotiv Aksesuar › Bakım ve Temizlik › Temizlik › Seramik Kaplama,Diğer,diger,false,true,plan,seed later — plan only
Otomotiv Aksesuar › Bakım ve Temizlik › Temizlik › Jant Temizleyici,Diğer,diger,false,true,plan,seed later — plan only
Otomotiv Aksesuar › Bakım ve Temizlik › Temizlik › Mikrofiber Bez,Diğer,diger,false,true,plan,seed later — plan only
Otomotiv Aksesuar › Bakım ve Temizlik › Temizlik › Araç Süpürgesi,Diğer,diger,false,true,plan,seed later — plan only
Otomotiv Aksesuar › Bakım ve Temizlik › Bakım › Motor Yağı,Diğer,diger,false,true,plan,seed later — plan only
Otomotiv Aksesuar › Bakım ve Temizlik › Bakım › Antifriz,Diğer,diger,false,true,plan,seed later — plan only
Otomotiv Aksesuar › Bakım ve Temizlik › Bakım › Cam Suyu,Diğer,diger,false,true,plan,seed later — plan only
Otomotiv Aksesuar › Bakım ve Temizlik › Bakım › Katkı Ürünleri,Diğer,diger,false,true,plan,seed later — plan only
Otomotiv Aksesuar › Bakım ve Temizlik › Bakım › Akü Şarj Cihazı,Diğer,diger,false,true,plan,seed later — plan only
Otomotiv Aksesuar › Yedek Parça ve Ekipman › Temel Parça › Akü,Diğer,diger,false,true,plan,seed later — plan only
Otomotiv Aksesuar › Yedek Parça ve Ekipman › Temel Parça › Silecek,Diğer,diger,false,true,plan,seed later — plan only
Otomotiv Aksesuar › Yedek Parça ve Ekipman › Temel Parça › Ampul,Diğer,diger,false,true,plan,seed later — plan only
Otomotiv Aksesuar › Yedek Parça ve Ekipman › Temel Parça › Filtre,Diğer,diger,false,true,plan,seed later — plan only
Otomotiv Aksesuar › Yedek Parça ve Ekipman › Temel Parça › Buji,Diğer,diger,false,true,plan,seed later — plan only
Otomotiv Aksesuar › Yedek Parça ve Ekipman › Temel Parça › Fren Balatası,Diğer,diger,false,true,plan,seed later — plan only
Otomotiv Aksesuar › Yedek Parça ve Ekipman › Temel Parça › Debriyaj Seti,Diğer,diger,false,true,plan,seed later — plan only
Otomotiv Aksesuar › Yedek Parça ve Ekipman › Lastik ve Jant › Otomobil Lastiği,Diğer,diger,false,true,plan,seed later — plan only
Otomotiv Aksesuar › Yedek Parça ve Ekipman › Lastik ve Jant › SUV Lastiği,Diğer,diger,false,true,plan,seed later — plan only
Otomotiv Aksesuar › Yedek Parça ve Ekipman › Lastik ve Jant › Motosiklet Lastiği,Diğer,diger,false,true,plan,seed later — plan only
Otomotiv Aksesuar › Yedek Parça ve Ekipman › Lastik ve Jant › Jant,Diğer,diger,false,true,plan,seed later — plan only
Otomotiv Aksesuar › Yedek Parça ve Ekipman › Lastik ve Jant › Jant Kapağı,Diğer,diger,false,true,plan,seed later — plan only
Otomotiv Aksesuar › Yedek Parça ve Ekipman › Lastik ve Jant › Kar Zinciri,Diğer,diger,false,true,plan,seed later — plan only
Otomotiv Aksesuar › Yedek Parça ve Ekipman › Acil Durum › İlk Yardım Seti,Diğer,diger,false,true,plan,seed later — plan only
Otomotiv Aksesuar › Yedek Parça ve Ekipman › Acil Durum › Yangın Söndürücü,Diğer,diger,false,true,plan,seed later — plan only
Otomotiv Aksesuar › Yedek Parça ve Ekipman › Acil Durum › Reflektör,Diğer,diger,false,true,plan,seed later — plan only
Otomotiv Aksesuar › Yedek Parça ve Ekipman › Acil Durum › Takviye Kablosu,Diğer,diger,false,true,plan,seed later — plan only
Otomotiv Aksesuar › Yedek Parça ve Ekipman › Acil Durum › Kriko,Diğer,diger,false,true,plan,seed later — plan only
Otomotiv Aksesuar › Yedek Parça ve Ekipman › Acil Durum › Çekme Halatı,Diğer,diger,false,true,plan,seed later — plan only
Otomotiv Aksesuar › Motosiklet Aksesuar › Sürüş Ekipmanı › Motosiklet Kaskı,Diğer,diger,false,true,plan,seed later — plan only
Otomotiv Aksesuar › Motosiklet Aksesuar › Sürüş Ekipmanı › Motosiklet Montu,Diğer,diger,false,true,plan,seed later — plan only
Otomotiv Aksesuar › Motosiklet Aksesuar › Sürüş Ekipmanı › Eldiven,Diğer,diger,false,true,plan,seed later — plan only
Otomotiv Aksesuar › Motosiklet Aksesuar › Sürüş Ekipmanı › Dizlik,Diğer,diger,false,true,plan,seed later — plan only
Otomotiv Aksesuar › Motosiklet Aksesuar › Sürüş Ekipmanı › Bot,Diğer,diger,false,true,plan,seed later — plan only
Otomotiv Aksesuar › Motosiklet Aksesuar › Sürüş Ekipmanı › Yağmurluk,Diğer,diger,false,true,plan,seed later — plan only
Otomotiv Aksesuar › Motosiklet Aksesuar › Motosiklet Parça › Motosiklet Çantası,Diğer,diger,false,true,plan,seed later — plan only
Otomotiv Aksesuar › Motosiklet Aksesuar › Motosiklet Parça › Telefon Tutucu,Apple,apple,true,true,plan,seed later — plan only
Otomotiv Aksesuar › Motosiklet Aksesuar › Motosiklet Parça › Telefon Tutucu,Samsung,samsung,true,true,plan,seed later — plan only
Otomotiv Aksesuar › Motosiklet Aksesuar › Motosiklet Parça › Telefon Tutucu,Xiaomi,xiaomi,true,true,plan,seed later — plan only
Otomotiv Aksesuar › Motosiklet Aksesuar › Motosiklet Parça › Telefon Tutucu,Huawei,huawei,true,true,plan,seed later — plan only
Otomotiv Aksesuar › Motosiklet Aksesuar › Motosiklet Parça › Telefon Tutucu,Oppo,oppo,true,true,plan,seed later — plan only
Otomotiv Aksesuar › Motosiklet Aksesuar › Motosiklet Parça › Telefon Tutucu,Google,google,false,true,plan,seed later — plan only
Otomotiv Aksesuar › Motosiklet Aksesuar › Motosiklet Parça › Telefon Tutucu,OnePlus,oneplus,false,true,plan,seed later — plan only
Otomotiv Aksesuar › Motosiklet Aksesuar › Motosiklet Parça › Branda,Diğer,diger,false,true,plan,seed later — plan only
Otomotiv Aksesuar › Motosiklet Aksesuar › Motosiklet Parça › Egzoz,Diğer,diger,false,true,plan,seed later — plan only
Otomotiv Aksesuar › Motosiklet Aksesuar › Motosiklet Parça › Ayna,Diğer,diger,false,true,plan,seed later — plan only
Otomotiv Aksesuar › Motosiklet Aksesuar › Motosiklet Parça › Zincir ve Dişli,Diğer,diger,false,true,plan,seed later — plan only
Bahçe ve Yapı › Bahçe › Bahçe Mobilyası › Bahçe Masa Takımı,Diğer,diger,false,true,plan,seed later — plan only
Bahçe ve Yapı › Bahçe › Bahçe Mobilyası › Şezlong,Diğer,diger,false,true,plan,seed later — plan only
Bahçe ve Yapı › Bahçe › Bahçe Mobilyası › Salıncak,Diğer,diger,false,true,plan,seed later — plan only
Bahçe ve Yapı › Bahçe › Bahçe Mobilyası › Hamak,Diğer,diger,false,true,plan,seed later — plan only
Bahçe ve Yapı › Bahçe › Bahçe Mobilyası › Gölgelik,Diğer,diger,false,true,plan,seed later — plan only
Bahçe ve Yapı › Bahçe › Bahçe Mobilyası › Şemsiye,Diğer,diger,false,true,plan,seed later — plan only
Bahçe ve Yapı › Bahçe › Bahçe Bakımı › Çim Biçme Makinesi,Diğer,diger,false,false,plan,seed later — plan only
Bahçe ve Yapı › Bahçe › Bahçe Bakımı › Tırpan,Diğer,diger,false,false,plan,seed later — plan only
Bahçe ve Yapı › Bahçe › Bahçe Bakımı › Çit Budama,Diğer,diger,false,false,plan,seed later — plan only
Bahçe ve Yapı › Bahçe › Bahçe Bakımı › Yaprak Üfleme,Diğer,diger,false,false,plan,seed later — plan only
Bahçe ve Yapı › Bahçe › Bahçe Bakımı › Testere,Diğer,diger,false,false,plan,seed later — plan only
Bahçe ve Yapı › Bahçe › Bahçe Bakımı › Bahçe El Aleti,Diğer,diger,false,false,plan,seed later — plan only
Bahçe ve Yapı › Bahçe › Sulama › Bahçe Hortumu,Diğer,diger,false,false,plan,seed later — plan only
Bahçe ve Yapı › Bahçe › Sulama › Hortum Makarası,Diğer,diger,false,false,plan,seed later — plan only
Bahçe ve Yapı › Bahçe › Sulama › Sulama Tabancası,Diğer,diger,false,false,plan,seed later — plan only
Bahçe ve Yapı › Bahçe › Sulama › Damla Sulama,Diğer,diger,false,false,plan,seed later — plan only
Bahçe ve Yapı › Bahçe › Sulama › Su Pompası,Diğer,diger,false,false,plan,seed later — plan only
Bahçe ve Yapı › Bahçe › Sulama › Hidrofor,Diğer,diger,false,false,plan,seed later — plan only
Bahçe ve Yapı › Bahçe › Bitki ve Saksı › Saksı,Diğer,diger,false,false,plan,seed later — plan only
Bahçe ve Yapı › Bahçe › Bitki ve Saksı › Toprak,Diğer,diger,false,false,plan,seed later — plan only
Bahçe ve Yapı › Bahçe › Bitki ve Saksı › Gübre,Diğer,diger,false,false,plan,seed later — plan only
Bahçe ve Yapı › Bahçe › Bitki ve Saksı › Tohum,Diğer,diger,false,false,plan,seed later — plan only
Bahçe ve Yapı › Bahçe › Bitki ve Saksı › Fide,Diğer,diger,false,false,plan,seed later — plan only
Bahçe ve Yapı › Bahçe › Bitki ve Saksı › Bitki Destek Ürünleri,Diğer,diger,false,false,plan,seed later — plan only
Bahçe ve Yapı › Yapı Market › El Aletleri › Tornavida,Diğer,diger,false,false,plan,seed later — plan only
Bahçe ve Yapı › Yapı Market › El Aletleri › Pense,Diğer,diger,false,false,plan,seed later — plan only
Bahçe ve Yapı › Yapı Market › El Aletleri › Anahtar Takımı,Diğer,diger,false,false,plan,seed later — plan only
Bahçe ve Yapı › Yapı Market › El Aletleri › Çekiç,Diğer,diger,false,false,plan,seed later — plan only
Bahçe ve Yapı › Yapı Market › El Aletleri › Testere,Diğer,diger,false,false,plan,seed later — plan only
Bahçe ve Yapı › Yapı Market › El Aletleri › Maket Bıçağı,Diğer,diger,false,false,plan,seed later — plan only
Bahçe ve Yapı › Yapı Market › El Aletleri › Ölçüm Aleti,Diğer,diger,false,false,plan,seed later — plan only
Bahçe ve Yapı › Yapı Market › Elektrikli El Aletleri › Matkap,Diğer,diger,false,false,plan,seed later — plan only
Bahçe ve Yapı › Yapı Market › Elektrikli El Aletleri › Vidalama,Diğer,diger,false,false,plan,seed later — plan only
Bahçe ve Yapı › Yapı Market › Elektrikli El Aletleri › Taşlama,Diğer,diger,false,false,plan,seed later — plan only
Bahçe ve Yapı › Yapı Market › Elektrikli El Aletleri › Dekupaj,Diğer,diger,false,false,plan,seed later — plan only
Bahçe ve Yapı › Yapı Market › Elektrikli El Aletleri › Daire Testere,Diğer,diger,false,false,plan,seed later — plan only
Bahçe ve Yapı › Yapı Market › Elektrikli El Aletleri › Kırıcı-Delici,Diğer,diger,false,false,plan,seed later — plan only
Bahçe ve Yapı › Yapı Market › Elektrikli El Aletleri › Zımpara,Diğer,diger,false,false,plan,seed later — plan only
Bahçe ve Yapı › Yapı Market › Elektrikli El Aletleri › Kaynak Makinesi,Diğer,diger,false,false,plan,seed later — plan only
Bahçe ve Yapı › Yapı Market › Boya ve Kimyasal › İç Cephe Boyası,Diğer,diger,false,false,plan,seed later — plan only
Bahçe ve Yapı › Yapı Market › Boya ve Kimyasal › Dış Cephe Boyası,Diğer,diger,false,false,plan,seed later — plan only
Bahçe ve Yapı › Yapı Market › Boya ve Kimyasal › Ahşap Boyası,Diğer,diger,false,false,plan,seed later — plan only
Bahçe ve Yapı › Yapı Market › Boya ve Kimyasal › Sprey Boya,Diğer,diger,false,false,plan,seed later — plan only
Bahçe ve Yapı › Yapı Market › Boya ve Kimyasal › Vernik,Diğer,diger,false,false,plan,seed later — plan only
Bahçe ve Yapı › Yapı Market › Boya ve Kimyasal › Silikon,Diğer,diger,false,false,plan,seed later — plan only
Bahçe ve Yapı › Yapı Market › Boya ve Kimyasal › Yapıştırıcı,Diğer,diger,false,false,plan,seed later — plan only
Bahçe ve Yapı › Yapı Market › Boya ve Kimyasal › Derz Dolgu,Diğer,diger,false,false,plan,seed later — plan only
Bahçe ve Yapı › Yapı Market › Hırdavat › Vida,Diğer,diger,false,false,plan,seed later — plan only
Bahçe ve Yapı › Yapı Market › Hırdavat › Dübel,Diğer,diger,false,false,plan,seed later — plan only
Bahçe ve Yapı › Yapı Market › Hırdavat › Çivi,Diğer,diger,false,false,plan,seed later — plan only
Bahçe ve Yapı › Yapı Market › Hırdavat › Somun,Diğer,diger,false,false,plan,seed later — plan only
Bahçe ve Yapı › Yapı Market › Hırdavat › Cıvata,Diğer,diger,false,false,plan,seed later — plan only
Bahçe ve Yapı › Yapı Market › Hırdavat › Menteşe,Diğer,diger,false,false,plan,seed later — plan only
Bahçe ve Yapı › Yapı Market › Hırdavat › Kilit,Diğer,diger,false,false,plan,seed later — plan only
Bahçe ve Yapı › Yapı Market › Hırdavat › Tekerlek,Diğer,diger,false,false,plan,seed later — plan only
Bahçe ve Yapı › Yapı Market › Elektrik › Priz,Diğer,diger,false,false,plan,seed later — plan only
Bahçe ve Yapı › Yapı Market › Elektrik › Anahtar,Diğer,diger,false,false,plan,seed later — plan only
Bahçe ve Yapı › Yapı Market › Elektrik › Sigorta,Diğer,diger,false,false,plan,seed later — plan only
Bahçe ve Yapı › Yapı Market › Elektrik › Kablo,Diğer,diger,false,false,plan,seed later — plan only
Bahçe ve Yapı › Yapı Market › Elektrik › Uzatma Kablosu,Diğer,diger,false,false,plan,seed later — plan only
Bahçe ve Yapı › Yapı Market › Elektrik › Pano,Diğer,diger,false,false,plan,seed later — plan only
Bahçe ve Yapı › Yapı Market › Elektrik › Sensör,Diğer,diger,false,false,plan,seed later — plan only
Bahçe ve Yapı › Yapı Market › Tesisat › Musluk,Diğer,diger,false,false,plan,seed later — plan only
Bahçe ve Yapı › Yapı Market › Tesisat › Batarya,Diğer,diger,false,false,plan,seed later — plan only
Bahçe ve Yapı › Yapı Market › Tesisat › Duş Seti,Diğer,diger,false,false,plan,seed later — plan only
Bahçe ve Yapı › Yapı Market › Tesisat › Vana,Diğer,diger,false,false,plan,seed later — plan only
Bahçe ve Yapı › Yapı Market › Tesisat › Boru,Diğer,diger,false,false,plan,seed later — plan only
Bahçe ve Yapı › Yapı Market › Tesisat › Sifon,Diğer,diger,false,false,plan,seed later — plan only
Bahçe ve Yapı › Yapı Market › Tesisat › Armatür,Diğer,diger,false,false,plan,seed later — plan only
Bahçe ve Yapı › Yapı Market › İzolasyon › Isı Yalıtımı,Diğer,diger,false,false,plan,seed later — plan only
Bahçe ve Yapı › Yapı Market › İzolasyon › Su Yalıtımı,Diğer,diger,false,false,plan,seed later — plan only
Bahçe ve Yapı › Yapı Market › İzolasyon › Ses Yalıtımı,Diğer,diger,false,false,plan,seed later — plan only
Bahçe ve Yapı › Yapı Market › İzolasyon › Çatı Kaplama,Diğer,diger,false,false,plan,seed later — plan only
Bahçe ve Yapı › Yapı Market › İzolasyon › Yalıtım Bandı,Diğer,diger,false,false,plan,seed later — plan only
Endüstriyel ve Ticari Ürünler › Endüstriyel Makineler › Üretim Makineleri › CNC Makinesi,Diğer,diger,false,false,plan,seed later — plan only
Endüstriyel ve Ticari Ürünler › Endüstriyel Makineler › Üretim Makineleri › Torna,Diğer,diger,false,false,plan,seed later — plan only
Endüstriyel ve Ticari Ürünler › Endüstriyel Makineler › Üretim Makineleri › Freze,Diğer,diger,false,false,plan,seed later — plan only
Endüstriyel ve Ticari Ürünler › Endüstriyel Makineler › Üretim Makineleri › Pres,Diğer,diger,false,false,plan,seed later — plan only
Endüstriyel ve Ticari Ürünler › Endüstriyel Makineler › Üretim Makineleri › Lazer Kesim,Diğer,diger,false,false,plan,seed later — plan only
Endüstriyel ve Ticari Ürünler › Endüstriyel Makineler › Üretim Makineleri › Plazma Kesim,Diğer,diger,false,false,plan,seed later — plan only
Endüstriyel ve Ticari Ürünler › Endüstriyel Makineler › Üretim Makineleri › Şerit Testere,Diğer,diger,false,false,plan,seed later — plan only
Endüstriyel ve Ticari Ürünler › Endüstriyel Makineler › Üretim Makineleri › Paketleme Makinesi,Diğer,diger,false,false,plan,seed later — plan only
Endüstriyel ve Ticari Ürünler › Endüstriyel Makineler › Atölye Ekipmanları › Kompresör,Diğer,diger,false,false,plan,seed later — plan only
Endüstriyel ve Ticari Ürünler › Endüstriyel Makineler › Atölye Ekipmanları › Jeneratör,Diğer,diger,false,false,plan,seed later — plan only
Endüstriyel ve Ticari Ürünler › Endüstriyel Makineler › Atölye Ekipmanları › Kaynak Makinesi,Diğer,diger,false,false,plan,seed later — plan only
Endüstriyel ve Ticari Ürünler › Endüstriyel Makineler › Atölye Ekipmanları › Hava Tabancası,Diğer,diger,false,false,plan,seed later — plan only
Endüstriyel ve Ticari Ürünler › Endüstriyel Makineler › Atölye Ekipmanları › Takım Arabası,Diğer,diger,false,false,plan,seed later — plan only
Endüstriyel ve Ticari Ürünler › Endüstriyel Makineler › Atölye Ekipmanları › Mengene,Diğer,diger,false,false,plan,seed later — plan only
Endüstriyel ve Ticari Ürünler › Endüstriyel Makineler › Gıda Makineleri › Hamur Yoğurma,Diğer,diger,false,false,plan,seed later — plan only
Endüstriyel ve Ticari Ürünler › Endüstriyel Makineler › Gıda Makineleri › Dilimleme Makinesi,Diğer,diger,false,false,plan,seed later — plan only
Endüstriyel ve Ticari Ürünler › Endüstriyel Makineler › Gıda Makineleri › Et Kıyma Makinesi,Diğer,diger,false,false,plan,seed later — plan only
Endüstriyel ve Ticari Ürünler › Endüstriyel Makineler › Gıda Makineleri › Vakum Makinesi,Diğer,diger,false,false,plan,seed later — plan only
Endüstriyel ve Ticari Ürünler › Endüstriyel Makineler › Gıda Makineleri › Endüstriyel Mikser,Diğer,diger,false,false,plan,seed later — plan only
Endüstriyel ve Ticari Ürünler › Endüstriyel Makineler › Gıda Makineleri › Fritöz,Diğer,diger,false,false,plan,seed later — plan only
Endüstriyel ve Ticari Ürünler › Depo ve Lojistik › Depolama › Depo Rafı,Diğer,diger,false,false,plan,seed later — plan only
Endüstriyel ve Ticari Ürünler › Depo ve Lojistik › Depolama › Çelik Raf,Diğer,diger,false,false,plan,seed later — plan only
Endüstriyel ve Ticari Ürünler › Depo ve Lojistik › Depolama › Plastik Kasa,Diğer,diger,false,false,plan,seed later — plan only
Endüstriyel ve Ticari Ürünler › Depo ve Lojistik › Depolama › Palet,Diğer,diger,false,false,plan,seed later — plan only
Endüstriyel ve Ticari Ürünler › Depo ve Lojistik › Depolama › İstif Kutusu,Diğer,diger,false,false,plan,seed later — plan only
Endüstriyel ve Ticari Ürünler › Depo ve Lojistik › Depolama › Dolap,Diğer,diger,false,false,plan,seed later — plan only
Endüstriyel ve Ticari Ürünler › Depo ve Lojistik › Taşıma › Transpalet,Diğer,diger,false,false,plan,seed later — plan only
Endüstriyel ve Ticari Ürünler › Depo ve Lojistik › Taşıma › İstif Makinesi,Diğer,diger,false,false,plan,seed later — plan only
Endüstriyel ve Ticari Ürünler › Depo ve Lojistik › Taşıma › Platform Arabası,Diğer,diger,false,false,plan,seed later — plan only
Endüstriyel ve Ticari Ürünler › Depo ve Lojistik › Taşıma › El Arabası,Diğer,diger,false,false,plan,seed later — plan only
Endüstriyel ve Ticari Ürünler › Depo ve Lojistik › Taşıma › Konveyör,Diğer,diger,false,false,plan,seed later — plan only
Endüstriyel ve Ticari Ürünler › Depo ve Lojistik › Taşıma › Forklift Ataşmanı,Diğer,diger,false,false,plan,seed later — plan only
Endüstriyel ve Ticari Ürünler › Mağaza ve Market › Mağaza Ekipmanları › Raf Sistemi,Diğer,diger,false,false,plan,seed later — plan only
Endüstriyel ve Ticari Ürünler › Mağaza ve Market › Mağaza Ekipmanları › Vitrin,Diğer,diger,false,false,plan,seed later — plan only
Endüstriyel ve Ticari Ürünler › Mağaza ve Market › Mağaza Ekipmanları › Askılık,Diğer,diger,false,false,plan,seed later — plan only
Endüstriyel ve Ticari Ürünler › Mağaza ve Market › Mağaza Ekipmanları › Manken,Diğer,diger,false,false,plan,seed later — plan only
Endüstriyel ve Ticari Ürünler › Mağaza ve Market › Mağaza Ekipmanları › Kasa Bankosu,Diğer,diger,false,false,plan,seed later — plan only
Endüstriyel ve Ticari Ürünler › Mağaza ve Market › Mağaza Ekipmanları › Fiyat Etiketi,Diğer,diger,false,false,plan,seed later — plan only
Endüstriyel ve Ticari Ürünler › Mağaza ve Market › Ödeme ve Otomasyon › Yazar Kasa,Diğer,diger,false,false,plan,seed later — plan only
Endüstriyel ve Ticari Ürünler › Mağaza ve Market › Ödeme ve Otomasyon › POS Terminali,Diğer,diger,false,false,plan,seed later — plan only
Endüstriyel ve Ticari Ürünler › Mağaza ve Market › Ödeme ve Otomasyon › Barkod Okuyucu,Diğer,diger,false,false,plan,seed later — plan only
Endüstriyel ve Ticari Ürünler › Mağaza ve Market › Ödeme ve Otomasyon › Etiket Yazıcı,Diğer,diger,false,false,plan,seed later — plan only
Endüstriyel ve Ticari Ürünler › Mağaza ve Market › Ödeme ve Otomasyon › Para Çekmecesi,Diğer,diger,false,false,plan,seed later — plan only
Endüstriyel ve Ticari Ürünler › Mağaza ve Market › Ödeme ve Otomasyon › Terazi,Diğer,diger,false,false,plan,seed later — plan only
Endüstriyel ve Ticari Ürünler › Mağaza ve Market › Soğutma › Market Dolabı,Diğer,diger,false,false,plan,seed later — plan only
Endüstriyel ve Ticari Ürünler › Mağaza ve Market › Soğutma › Şarküteri Dolabı,Diğer,diger,false,false,plan,seed later — plan only
Endüstriyel ve Ticari Ürünler › Mağaza ve Market › Soğutma › Dondurma Reyonu,Diğer,diger,false,false,plan,seed later — plan only
Endüstriyel ve Ticari Ürünler › Mağaza ve Market › Soğutma › Soğuk Oda Ekipmanı,Diğer,diger,false,false,plan,seed later — plan only
Endüstriyel ve Ticari Ürünler › Restoran ve Otel › Mutfak Ekipmanları › Endüstriyel Fırın,Brita,brita,true,false,plan,seed later — plan only
Endüstriyel ve Ticari Ürünler › Restoran ve Otel › Mutfak Ekipmanları › Endüstriyel Fırın,Karaca,karaca,true,false,plan,seed later — plan only
Endüstriyel ve Ticari Ürünler › Restoran ve Otel › Mutfak Ekipmanları › Endüstriyel Fırın,Tefal,tefal,false,false,plan,seed later — plan only
Endüstriyel ve Ticari Ürünler › Restoran ve Otel › Mutfak Ekipmanları › Endüstriyel Fırın,Emsan,emsan,false,false,plan,seed later — plan only
Endüstriyel ve Ticari Ürünler › Restoran ve Otel › Mutfak Ekipmanları › Endüstriyel Fırın,Korkmaz,korkmaz,false,false,plan,seed later — plan only
Endüstriyel ve Ticari Ürünler › Restoran ve Otel › Mutfak Ekipmanları › Endüstriyel Ocak,Brita,brita,true,false,plan,seed later — plan only
Endüstriyel ve Ticari Ürünler › Restoran ve Otel › Mutfak Ekipmanları › Endüstriyel Ocak,Karaca,karaca,true,false,plan,seed later — plan only
Endüstriyel ve Ticari Ürünler › Restoran ve Otel › Mutfak Ekipmanları › Endüstriyel Ocak,Tefal,tefal,false,false,plan,seed later — plan only
Endüstriyel ve Ticari Ürünler › Restoran ve Otel › Mutfak Ekipmanları › Endüstriyel Ocak,Emsan,emsan,false,false,plan,seed later — plan only
Endüstriyel ve Ticari Ürünler › Restoran ve Otel › Mutfak Ekipmanları › Endüstriyel Ocak,Korkmaz,korkmaz,false,false,plan,seed later — plan only
Endüstriyel ve Ticari Ürünler › Restoran ve Otel › Mutfak Ekipmanları › Endüstriyel Bulaşık,Brita,brita,true,false,plan,seed later — plan only
Endüstriyel ve Ticari Ürünler › Restoran ve Otel › Mutfak Ekipmanları › Endüstriyel Bulaşık,Karaca,karaca,true,false,plan,seed later — plan only
Endüstriyel ve Ticari Ürünler › Restoran ve Otel › Mutfak Ekipmanları › Endüstriyel Bulaşık,Tefal,tefal,false,false,plan,seed later — plan only
Endüstriyel ve Ticari Ürünler › Restoran ve Otel › Mutfak Ekipmanları › Endüstriyel Bulaşık,Emsan,emsan,false,false,plan,seed later — plan only
Endüstriyel ve Ticari Ürünler › Restoran ve Otel › Mutfak Ekipmanları › Endüstriyel Bulaşık,Korkmaz,korkmaz,false,false,plan,seed later — plan only
Endüstriyel ve Ticari Ürünler › Restoran ve Otel › Mutfak Ekipmanları › Davlumbaz,Brita,brita,true,false,plan,seed later — plan only
Endüstriyel ve Ticari Ürünler › Restoran ve Otel › Mutfak Ekipmanları › Davlumbaz,Karaca,karaca,true,false,plan,seed later — plan only
Endüstriyel ve Ticari Ürünler › Restoran ve Otel › Mutfak Ekipmanları › Davlumbaz,Tefal,tefal,false,false,plan,seed later — plan only
Endüstriyel ve Ticari Ürünler › Restoran ve Otel › Mutfak Ekipmanları › Davlumbaz,Emsan,emsan,false,false,plan,seed later — plan only
Endüstriyel ve Ticari Ürünler › Restoran ve Otel › Mutfak Ekipmanları › Davlumbaz,Korkmaz,korkmaz,false,false,plan,seed later — plan only
Endüstriyel ve Ticari Ürünler › Restoran ve Otel › Mutfak Ekipmanları › Hazırlık Tezgahı,Brita,brita,true,false,plan,seed later — plan only
Endüstriyel ve Ticari Ürünler › Restoran ve Otel › Mutfak Ekipmanları › Hazırlık Tezgahı,Karaca,karaca,true,false,plan,seed later — plan only
Endüstriyel ve Ticari Ürünler › Restoran ve Otel › Mutfak Ekipmanları › Hazırlık Tezgahı,Tefal,tefal,false,false,plan,seed later — plan only
Endüstriyel ve Ticari Ürünler › Restoran ve Otel › Mutfak Ekipmanları › Hazırlık Tezgahı,Emsan,emsan,false,false,plan,seed later — plan only
Endüstriyel ve Ticari Ürünler › Restoran ve Otel › Mutfak Ekipmanları › Hazırlık Tezgahı,Korkmaz,korkmaz,false,false,plan,seed later — plan only
Endüstriyel ve Ticari Ürünler › Restoran ve Otel › Servis Ekipmanları › Servis Arabası,Diğer,diger,false,false,plan,seed later — plan only
Endüstriyel ve Ticari Ürünler › Restoran ve Otel › Servis Ekipmanları › Benmari,Diğer,diger,false,false,plan,seed later — plan only
Endüstriyel ve Ticari Ürünler › Restoran ve Otel › Servis Ekipmanları › Çay Kazanı,Diğer,diger,false,false,plan,seed later — plan only
Endüstriyel ve Ticari Ürünler › Restoran ve Otel › Servis Ekipmanları › Kahve Makinesi,Diğer,diger,false,false,plan,seed later — plan only
Endüstriyel ve Ticari Ürünler › Restoran ve Otel › Servis Ekipmanları › Buz Makinesi,Diğer,diger,false,false,plan,seed later — plan only
Endüstriyel ve Ticari Ürünler › Restoran ve Otel › Otel Ekipmanları › Mini Bar,Diğer,diger,false,false,plan,seed later — plan only
Endüstriyel ve Ticari Ürünler › Restoran ve Otel › Otel Ekipmanları › Otel Tipi Kasa,Diğer,diger,false,false,plan,seed later — plan only
Endüstriyel ve Ticari Ürünler › Restoran ve Otel › Otel Ekipmanları › Bagaj Arabası,Diğer,diger,false,false,plan,seed later — plan only
Endüstriyel ve Ticari Ürünler › Restoran ve Otel › Otel Ekipmanları › Kat Arabası,Diğer,diger,false,false,plan,seed later — plan only
Endüstriyel ve Ticari Ürünler › Restoran ve Otel › Otel Ekipmanları › Otel Tekstili,Diğer,diger,false,false,plan,seed later — plan only
Endüstriyel ve Ticari Ürünler › İş Güvenliği › Kişisel Koruyucu › Baret,Diğer,diger,false,false,plan,seed later — plan only
Endüstriyel ve Ticari Ürünler › İş Güvenliği › Kişisel Koruyucu › İş Ayakkabısı,Diğer,diger,false,false,plan,seed later — plan only
Endüstriyel ve Ticari Ürünler › İş Güvenliği › Kişisel Koruyucu › İş Eldiveni,Diğer,diger,false,false,plan,seed later — plan only
Endüstriyel ve Ticari Ürünler › İş Güvenliği › Kişisel Koruyucu › Koruyucu Gözlük,Diğer,diger,false,false,plan,seed later — plan only
Endüstriyel ve Ticari Ürünler › İş Güvenliği › Kişisel Koruyucu › Maske,Diğer,diger,false,false,plan,seed later — plan only
Endüstriyel ve Ticari Ürünler › İş Güvenliği › Kişisel Koruyucu › Reflektörlü Yelek,Diğer,diger,false,false,plan,seed later — plan only
Endüstriyel ve Ticari Ürünler › İş Güvenliği › Kişisel Koruyucu › Emniyet Kemeri,Diğer,diger,false,false,plan,seed later — plan only
Endüstriyel ve Ticari Ürünler › İş Güvenliği › İşyeri Güvenliği › Yangın Söndürücü,Diğer,diger,false,false,plan,seed later — plan only
Endüstriyel ve Ticari Ürünler › İş Güvenliği › İşyeri Güvenliği › Uyarı Levhası,Diğer,diger,false,false,plan,seed later — plan only
Endüstriyel ve Ticari Ürünler › İş Güvenliği › İşyeri Güvenliği › Bariyer,Diğer,diger,false,false,plan,seed later — plan only
Endüstriyel ve Ticari Ürünler › İş Güvenliği › İşyeri Güvenliği › İlk Yardım Dolabı,Diğer,diger,false,false,plan,seed later — plan only
Endüstriyel ve Ticari Ürünler › İş Güvenliği › İşyeri Güvenliği › Acil Aydınlatma,Diğer,diger,false,false,plan,seed later — plan only
Endüstriyel ve Ticari Ürünler › Ofis ve Ticari Teknoloji › Kurumsal Donanım › Sunucu,Diğer,diger,false,false,plan,seed later — plan only
Endüstriyel ve Ticari Ürünler › Ofis ve Ticari Teknoloji › Kurumsal Donanım › Rack Kabin,Diğer,diger,false,false,plan,seed later — plan only
Endüstriyel ve Ticari Ürünler › Ofis ve Ticari Teknoloji › Kurumsal Donanım › UPS,Diğer,diger,false,false,plan,seed later — plan only
Endüstriyel ve Ticari Ürünler › Ofis ve Ticari Teknoloji › Kurumsal Donanım › Switch,Diğer,diger,false,false,plan,seed later — plan only
Endüstriyel ve Ticari Ürünler › Ofis ve Ticari Teknoloji › Kurumsal Donanım › Kurumsal Yazıcı,Diğer,diger,false,false,plan,seed later — plan only
Endüstriyel ve Ticari Ürünler › Ofis ve Ticari Teknoloji › Kurumsal Donanım › Video Konferans Sistemi,Diğer,diger,false,false,plan,seed later — plan only
Endüstriyel ve Ticari Ürünler › Ofis ve Ticari Teknoloji › Güvenlik ve Geçiş › Turnike,Diğer,diger,false,false,plan,seed later — plan only
Endüstriyel ve Ticari Ürünler › Ofis ve Ticari Teknoloji › Güvenlik ve Geçiş › Kartlı Geçiş,Diğer,diger,false,false,plan,seed later — plan only
Endüstriyel ve Ticari Ürünler › Ofis ve Ticari Teknoloji › Güvenlik ve Geçiş › Parmak İzi Cihazı,Diğer,diger,false,false,plan,seed later — plan only
Endüstriyel ve Ticari Ürünler › Ofis ve Ticari Teknoloji › Güvenlik ve Geçiş › X-Ray Cihazı,Diğer,diger,false,false,plan,seed later — plan only
Endüstriyel ve Ticari Ürünler › Ofis ve Ticari Teknoloji › Güvenlik ve Geçiş › Metal Dedektörü,Diğer,diger,false,false,plan,seed later — plan only
