categoryPath,zeroRootMode,secondHandRootMode,classicListingAllowed,catalogOfferAllowed,reason,notes
Elektronik › Telefon ve Aksesuar › Cep Telefonu › Akıllı Telefon,BOTH,LISTING_ONLY,true,true,heuristic leaf policy; zero=BOTH secondHand=LISTING_ONLY,
Elektronik › Telefon ve Aksesuar › Cep Telefonu › Tuşlu Telefon,BOTH,LISTING_ONLY,true,true,heuristic leaf policy; zero=BOTH secondHand=LISTING_ONLY,
Elektronik › Telefon ve Aksesuar › Cep Telefonu › Katlanabilir Telefon,CATALOG_ONLY,LISTING_ONLY,true,true,heuristic leaf policy; zero=CATALOG_ONLY secondHand=LISTING_ONLY,
Elektronik › Telefon ve Aksesuar › Cep Telefonu › Outdoor Telefon,BOTH,LISTING_ONLY,true,true,heuristic leaf policy; zero=BOTH secondHand=LISTING_ONLY,
Elektronik › Telefon ve Aksesuar › Telefon Aksesuarları › Telefon Kılıfı,BOTH,LISTING_ONLY,true,true,heuristic leaf policy; zero=BOTH secondHand=LISTING_ONLY,
Elektronik › Telefon ve Aksesuar › Telefon Aksesuarları › Ekran Koruyucu,BOTH,LISTING_ONLY,true,true,heuristic leaf policy; zero=BOTH secondHand=LISTING_ONLY,
Elektronik › Telefon ve Aksesuar › Telefon Aksesuarları › Şarj Adaptörü,BOTH,LISTING_ONLY,true,true,heuristic leaf policy; zero=BOTH secondHand=LISTING_ONLY,
Elektronik › Telefon ve Aksesuar › Telefon Aksesuarları › Şarj Kablosu,BOTH,LISTING_ONLY,true,true,heuristic leaf policy; zero=BOTH secondHand=LISTING_ONLY,
Elektronik › Telefon ve Aksesuar › Telefon Aksesuarları › Kablosuz Şarj Cihazı,BOTH,LISTING_ONLY,true,true,heuristic leaf policy; zero=BOTH secondHand=LISTING_ONLY,
Elektronik › Telefon ve Aksesuar › Telefon Aksesuarları › Powerbank,BOTH,LISTING_ONLY,true,true,heuristic leaf policy; zero=BOTH secondHand=LISTING_ONLY,
Elektronik › Telefon ve Aksesuar › Telefon Aksesuarları › Araç İçi Telefon Tutucu,BOTH,LISTING_ONLY,true,true,heuristic leaf policy; zero=BOTH secondHand=LISTING_ONLY,
Elektronik › Telefon ve Aksesuar › Telefon Aksesuarları › Masaüstü Telefon Standı,BOTH,LISTING_ONLY,true,true,heuristic leaf policy; zero=BOTH secondHand=LISTING_ONLY,
Elektronik › Telefon ve Aksesuar › Telefon Aksesuarları › Selfie Çubuğu,BOTH,LISTING_ONLY,true,true,heuristic leaf policy; zero=BOTH secondHand=LISTING_ONLY,
Elektronik › Telefon ve Aksesuar › Telefon Aksesuarları › Bluetooth Kulaklık,BOTH,LISTING_ONLY,true,true,heuristic leaf policy; zero=BOTH secondHand=LISTING_ONLY,
Elektronik › Telefon ve Aksesuar › Telefon Aksesuarları › Kablolu Kulaklık,BOTH,LISTING_ONLY,true,true,heuristic leaf policy; zero=BOTH secondHand=LISTING_ONLY,
Elektronik › Telefon ve Aksesuar › Telefon Aksesuarları › Telefon Yedek Parça,BOTH,LISTING_ONLY,true,true,heuristic leaf policy; zero=BOTH secondHand=LISTING_ONLY,
Elektronik › Telefon ve Aksesuar › Giyilebilir Teknoloji › Akıllı Saat,BOTH,LISTING_ONLY,true,true,heuristic leaf policy; zero=BOTH secondHand=LISTING_ONLY,
Elektronik › Telefon ve Aksesuar › Giyilebilir Teknoloji › Akıllı Bileklik,BOTH,LISTING_ONLY,true,true,heuristic leaf policy; zero=BOTH secondHand=LISTING_ONLY,
Elektronik › Telefon ve Aksesuar › Giyilebilir Teknoloji › Çocuk Akıllı Saati,BOTH,LISTING_ONLY,true,true,heuristic leaf policy; zero=BOTH secondHand=LISTING_ONLY,
Elektronik › Telefon ve Aksesuar › Giyilebilir Teknoloji › Akıllı Yüzük,BOTH,LISTING_ONLY,true,true,heuristic leaf policy; zero=BOTH secondHand=LISTING_ONLY,
Elektronik › Telefon ve Aksesuar › Giyilebilir Teknoloji › GPS Takip Cihazı,BOTH,LISTING_ONLY,true,true,heuristic leaf policy; zero=BOTH secondHand=LISTING_ONLY,
Elektronik › Telefon ve Aksesuar › İletişim Cihazları › Telsiz,BOTH,LISTING_ONLY,true,true,heuristic leaf policy; zero=BOTH secondHand=LISTING_ONLY,
Elektronik › Telefon ve Aksesuar › İletişim Cihazları › Sabit Telefon,BOTH,LISTING_ONLY,true,true,heuristic leaf policy; zero=BOTH secondHand=LISTING_ONLY,
Elektronik › Telefon ve Aksesuar › İletişim Cihazları › IP Telefon,BOTH,LISTING_ONLY,true,true,heuristic leaf policy; zero=BOTH secondHand=LISTING_ONLY,
Elektronik › Telefon ve Aksesuar › İletişim Cihazları › Uydu Telefonu,BOTH,LISTING_ONLY,true,true,heuristic leaf policy; zero=BOTH secondHand=LISTING_ONLY,
Elektronik › Telefon ve Aksesuar › İletişim Cihazları › Çağrı Cihazı,BOTH,LISTING_ONLY,true,true,heuristic leaf policy; zero=BOTH secondHand=LISTING_ONLY,
Elektronik › Bilgisayar ve Tablet › Bilgisayar › Dizüstü Bilgisayar,BOTH,LISTING_ONLY,true,true,heuristic leaf policy; zero=BOTH secondHand=LISTING_ONLY,
Elektronik › Bilgisayar ve Tablet › Bilgisayar › Masaüstü Bilgisayar,BOTH,LISTING_ONLY,true,true,heuristic leaf policy; zero=BOTH secondHand=LISTING_ONLY,
Elektronik › Bilgisayar ve Tablet › Bilgisayar › Mini PC,BOTH,LISTING_ONLY,true,true,heuristic leaf policy; zero=BOTH secondHand=LISTING_ONLY,
Elektronik › Bilgisayar ve Tablet › Bilgisayar › All-in-One Bilgisayar,BOTH,LISTING_ONLY,true,true,heuristic leaf policy; zero=BOTH secondHand=LISTING_ONLY,
Elektronik › Bilgisayar ve Tablet › Bilgisayar › İş İstasyonu,BOTH,LISTING_ONLY,true,true,heuristic leaf policy; zero=BOTH secondHand=LISTING_ONLY,
Elektronik › Bilgisayar ve Tablet › Bilgisayar › Oyuncu Bilgisayarı,BOTH,LISTING_ONLY,true,true,heuristic leaf policy; zero=BOTH secondHand=LISTING_ONLY,
Elektronik › Bilgisayar ve Tablet › Tablet ve E-Kitap › Tablet,CATALOG_ONLY,LISTING_ONLY,true,true,heuristic leaf policy; zero=CATALOG_ONLY secondHand=LISTING_ONLY,
Elektronik › Bilgisayar ve Tablet › Tablet ve E-Kitap › Grafik Tablet,CATALOG_ONLY,LISTING_ONLY,true,true,heuristic leaf policy; zero=CATALOG_ONLY secondHand=LISTING_ONLY,
Elektronik › Bilgisayar ve Tablet › Tablet ve E-Kitap › E-Kitap Okuyucu,BOTH,LISTING_ONLY,true,true,heuristic leaf policy; zero=BOTH secondHand=LISTING_ONLY,
Elektronik › Bilgisayar ve Tablet › Tablet ve E-Kitap › Çocuk Tableti,CATALOG_ONLY,LISTING_ONLY,true,true,heuristic leaf policy; zero=CATALOG_ONLY secondHand=LISTING_ONLY,
Elektronik › Bilgisayar ve Tablet › Bilgisayar Bileşenleri › İşlemci,BOTH,LISTING_ONLY,true,true,heuristic leaf policy; zero=BOTH secondHand=LISTING_ONLY,
Elektronik › Bilgisayar ve Tablet › Bilgisayar Bileşenleri › Anakart,BOTH,LISTING_ONLY,true,true,heuristic leaf policy; zero=BOTH secondHand=LISTING_ONLY,
Elektronik › Bilgisayar ve Tablet › Bilgisayar Bileşenleri › Ekran Kartı,BOTH,LISTING_ONLY,true,true,heuristic leaf policy; zero=BOTH secondHand=LISTING_ONLY,
Elektronik › Bilgisayar ve Tablet › Bilgisayar Bileşenleri › RAM,BOTH,LISTING_ONLY,true,true,heuristic leaf policy; zero=BOTH secondHand=LISTING_ONLY,
Elektronik › Bilgisayar ve Tablet › Bilgisayar Bileşenleri › SSD,BOTH,LISTING_ONLY,true,true,heuristic leaf policy; zero=BOTH secondHand=LISTING_ONLY,
Elektronik › Bilgisayar ve Tablet › Bilgisayar Bileşenleri › Hard Disk,BOTH,LISTING_ONLY,true,true,heuristic leaf policy; zero=BOTH secondHand=LISTING_ONLY,
Elektronik › Bilgisayar ve Tablet › Bilgisayar Bileşenleri › Bilgisayar Kasası,BOTH,LISTING_ONLY,true,true,heuristic leaf policy; zero=BOTH secondHand=LISTING_ONLY,
Elektronik › Bilgisayar ve Tablet › Bilgisayar Bileşenleri › Güç Kaynağı,BOTH,LISTING_ONLY,true,true,heuristic leaf policy; zero=BOTH secondHand=LISTING_ONLY,
Elektronik › Bilgisayar ve Tablet › Bilgisayar Bileşenleri › İşlemci Soğutucu,BOTH,LISTING_ONLY,true,true,heuristic leaf policy; zero=BOTH secondHand=LISTING_ONLY,
Elektronik › Bilgisayar ve Tablet › Bilgisayar Bileşenleri › Kasa Fanı,BOTH,LISTING_ONLY,true,true,heuristic leaf policy; zero=BOTH secondHand=LISTING_ONLY,
Elektronik › Bilgisayar ve Tablet › Bilgisayar Bileşenleri › Optik Sürücü,BOTH,LISTING_ONLY,true,true,heuristic leaf policy; zero=BOTH secondHand=LISTING_ONLY,
Elektronik › Bilgisayar ve Tablet › Bilgisayar Bileşenleri › Capture Card,BOTH,LISTING_ONLY,true,true,heuristic leaf policy; zero=BOTH secondHand=LISTING_ONLY,
Elektronik › Bilgisayar ve Tablet › Bilgisayar Çevre Birimleri › Monitör,BOTH,LISTING_ONLY,true,true,heuristic leaf policy; zero=BOTH secondHand=LISTING_ONLY,
Elektronik › Bilgisayar ve Tablet › Bilgisayar Çevre Birimleri › Klavye,BOTH,LISTING_ONLY,true,true,heuristic leaf policy; zero=BOTH secondHand=LISTING_ONLY,
Elektronik › Bilgisayar ve Tablet › Bilgisayar Çevre Birimleri › Mouse,BOTH,LISTING_ONLY,true,true,heuristic leaf policy; zero=BOTH secondHand=LISTING_ONLY,
Elektronik › Bilgisayar ve Tablet › Bilgisayar Çevre Birimleri › Klavye-Mouse Seti,BOTH,LISTING_ONLY,true,true,heuristic leaf policy; zero=BOTH secondHand=LISTING_ONLY,
Elektronik › Bilgisayar ve Tablet › Bilgisayar Çevre Birimleri › Webcam,BOTH,LISTING_ONLY,true,true,heuristic leaf policy; zero=BOTH secondHand=LISTING_ONLY,
Elektronik › Bilgisayar ve Tablet › Bilgisayar Çevre Birimleri › Mikrofon,BOTH,LISTING_ONLY,true,true,heuristic leaf policy; zero=BOTH secondHand=LISTING_ONLY,
Elektronik › Bilgisayar ve Tablet › Bilgisayar Çevre Birimleri › Hoparlör,BOTH,LISTING_ONLY,true,true,heuristic leaf policy; zero=BOTH secondHand=LISTING_ONLY,
Elektronik › Bilgisayar ve Tablet › Bilgisayar Çevre Birimleri › Kulaklık,BOTH,LISTING_ONLY,true,true,heuristic leaf policy; zero=BOTH secondHand=LISTING_ONLY,
Elektronik › Bilgisayar ve Tablet › Bilgisayar Çevre Birimleri › Yazıcı,BOTH,LISTING_ONLY,true,true,heuristic leaf policy; zero=BOTH secondHand=LISTING_ONLY,
Elektronik › Bilgisayar ve Tablet › Bilgisayar Çevre Birimleri › Tarayıcı,BOTH,LISTING_ONLY,true,true,heuristic leaf policy; zero=BOTH secondHand=LISTING_ONLY,
Elektronik › Bilgisayar ve Tablet › Bilgisayar Çevre Birimleri › Projeksiyon Cihazı,BOTH,LISTING_ONLY,true,true,heuristic leaf policy; zero=BOTH secondHand=LISTING_ONLY,
Elektronik › Bilgisayar ve Tablet › Ağ ve İnternet › Modem,BOTH,LISTING_ONLY,true,true,heuristic leaf policy; zero=BOTH secondHand=LISTING_ONLY,
Elektronik › Bilgisayar ve Tablet › Ağ ve İnternet › Router,BOTH,LISTING_ONLY,true,true,heuristic leaf policy; zero=BOTH secondHand=LISTING_ONLY,
Elektronik › Bilgisayar ve Tablet › Ağ ve İnternet › Access Point,BOTH,LISTING_ONLY,true,true,heuristic leaf policy; zero=BOTH secondHand=LISTING_ONLY,
Elektronik › Bilgisayar ve Tablet › Ağ ve İnternet › Mesh Wi-Fi Sistemi,BOTH,LISTING_ONLY,true,true,heuristic leaf policy; zero=BOTH secondHand=LISTING_ONLY,
Elektronik › Bilgisayar ve Tablet › Ağ ve İnternet › Switch,BOTH,LISTING_ONLY,true,true,heuristic leaf policy; zero=BOTH secondHand=LISTING_ONLY,
Elektronik › Bilgisayar ve Tablet › Ağ ve İnternet › Range Extender,BOTH,LISTING_ONLY,true,true,heuristic leaf policy; zero=BOTH secondHand=LISTING_ONLY,
Elektronik › Bilgisayar ve Tablet › Ağ ve İnternet › Powerline Adaptör,BOTH,LISTING_ONLY,true,true,heuristic leaf policy; zero=BOTH secondHand=LISTING_ONLY,
Elektronik › Bilgisayar ve Tablet › Ağ ve İnternet › Ağ Kartı,BOTH,LISTING_ONLY,true,true,heuristic leaf policy; zero=BOTH secondHand=LISTING_ONLY,
Elektronik › Bilgisayar ve Tablet › Ağ ve İnternet › Anten,BOTH,LISTING_ONLY,true,true,heuristic leaf policy; zero=BOTH secondHand=LISTING_ONLY,
Elektronik › Bilgisayar ve Tablet › Ağ ve İnternet › Ethernet Kablosu,BOTH,LISTING_ONLY,true,true,heuristic leaf policy; zero=BOTH secondHand=LISTING_ONLY,
Elektronik › Bilgisayar ve Tablet › Depolama ve Bellek › USB Bellek,BOTH,LISTING_ONLY,true,true,heuristic leaf policy; zero=BOTH secondHand=LISTING_ONLY,
Elektronik › Bilgisayar ve Tablet › Depolama ve Bellek › Hafıza Kartı,BOTH,LISTING_ONLY,true,true,heuristic leaf policy; zero=BOTH secondHand=LISTING_ONLY,
Elektronik › Bilgisayar ve Tablet › Depolama ve Bellek › Harici SSD,BOTH,LISTING_ONLY,true,true,heuristic leaf policy; zero=BOTH secondHand=LISTING_ONLY,
Elektronik › Bilgisayar ve Tablet › Depolama ve Bellek › Harici Hard Disk,BOTH,LISTING_ONLY,true,true,heuristic leaf policy; zero=BOTH secondHand=LISTING_ONLY,
Elektronik › Bilgisayar ve Tablet › Depolama ve Bellek › NAS,BOTH,LISTING_ONLY,true,true,heuristic leaf policy; zero=BOTH secondHand=LISTING_ONLY,
Elektronik › Bilgisayar ve Tablet › Depolama ve Bellek › Kart Okuyucu,BOTH,LISTING_ONLY,true,true,heuristic leaf policy; zero=BOTH secondHand=LISTING_ONLY,
Elektronik › Bilgisayar ve Tablet › Bilgisayar Aksesuarları › Laptop Çantası,CATALOG_ONLY,LISTING_ONLY,true,true,heuristic leaf policy; zero=CATALOG_ONLY secondHand=LISTING_ONLY,
Elektronik › Bilgisayar ve Tablet › Bilgisayar Aksesuarları › Laptop Standı,CATALOG_ONLY,LISTING_ONLY,true,true,heuristic leaf policy; zero=CATALOG_ONLY secondHand=LISTING_ONLY,
Elektronik › Bilgisayar ve Tablet › Bilgisayar Aksesuarları › Soğutucu,BOTH,LISTING_ONLY,true,true,heuristic leaf policy; zero=BOTH secondHand=LISTING_ONLY,
Elektronik › Bilgisayar ve Tablet › Bilgisayar Aksesuarları › Docking Station,BOTH,LISTING_ONLY,true,true,heuristic leaf policy; zero=BOTH secondHand=LISTING_ONLY,
Elektronik › Bilgisayar ve Tablet › Bilgisayar Aksesuarları › USB Hub,BOTH,LISTING_ONLY,true,true,heuristic leaf policy; zero=BOTH secondHand=LISTING_ONLY,
Elektronik › Bilgisayar ve Tablet › Bilgisayar Aksesuarları › Adaptör,BOTH,LISTING_ONLY,true,true,heuristic leaf policy; zero=BOTH secondHand=LISTING_ONLY,
Elektronik › Bilgisayar ve Tablet › Bilgisayar Aksesuarları › Kablo ve Dönüştürücü,BOTH,LISTING_ONLY,true,true,heuristic leaf policy; zero=BOTH secondHand=LISTING_ONLY,
Elektronik › Bilgisayar ve Tablet › Bilgisayar Aksesuarları › Mouse Pad,BOTH,LISTING_ONLY,true,true,heuristic leaf policy; zero=BOTH secondHand=LISTING_ONLY,
Elektronik › Bilgisayar ve Tablet › Bilgisayar Aksesuarları › Monitör Kolu,BOTH,LISTING_ONLY,true,true,heuristic leaf policy; zero=BOTH secondHand=LISTING_ONLY,
Elektronik › Bilgisayar ve Tablet › Bilgisayar Aksesuarları › KVM Switch,BOTH,LISTING_ONLY,true,true,heuristic leaf policy; zero=BOTH secondHand=LISTING_ONLY,
"Elektronik › Televizyon, Görüntü ve Ses › Televizyon › LED Televizyon",CATALOG_ONLY,LISTING_ONLY,true,true,heuristic leaf policy; zero=CATALOG_ONLY secondHand=LISTING_ONLY,
"Elektronik › Televizyon, Görüntü ve Ses › Televizyon › QLED Televizyon",CATALOG_ONLY,LISTING_ONLY,true,true,heuristic leaf policy; zero=CATALOG_ONLY secondHand=LISTING_ONLY,
"Elektronik › Televizyon, Görüntü ve Ses › Televizyon › OLED Televizyon",CATALOG_ONLY,LISTING_ONLY,true,true,heuristic leaf policy; zero=CATALOG_ONLY secondHand=LISTING_ONLY,
"Elektronik › Televizyon, Görüntü ve Ses › Televizyon › Mini LED Televizyon",CATALOG_ONLY,LISTING_ONLY,true,true,heuristic leaf policy; zero=CATALOG_ONLY secondHand=LISTING_ONLY,
"Elektronik › Televizyon, Görüntü ve Ses › Televizyon › Taşınabilir Televizyon",CATALOG_ONLY,LISTING_ONLY,true,true,heuristic leaf policy; zero=CATALOG_ONLY secondHand=LISTING_ONLY,
"Elektronik › Televizyon, Görüntü ve Ses › TV Aksesuarları › TV Askı Aparatı",BOTH,LISTING_ONLY,true,true,heuristic leaf policy; zero=BOTH secondHand=LISTING_ONLY,
"Elektronik › Televizyon, Görüntü ve Ses › TV Aksesuarları › TV Kumandası",BOTH,LISTING_ONLY,true,true,heuristic leaf policy; zero=BOTH secondHand=LISTING_ONLY,
"Elektronik › Televizyon, Görüntü ve Ses › TV Aksesuarları › Uydu Alıcısı",BOTH,LISTING_ONLY,true,true,heuristic leaf policy; zero=BOTH secondHand=LISTING_ONLY,
"Elektronik › Televizyon, Görüntü ve Ses › TV Aksesuarları › Android TV Box",BOTH,LISTING_ONLY,true,true,heuristic leaf policy; zero=BOTH secondHand=LISTING_ONLY,
"Elektronik › Televizyon, Görüntü ve Ses › TV Aksesuarları › Apple TV ve Medya Oynatıcı",BOTH,LISTING_ONLY,true,true,heuristic leaf policy; zero=BOTH secondHand=LISTING_ONLY,
"Elektronik › Televizyon, Görüntü ve Ses › TV Aksesuarları › HDMI Kablo",BOTH,LISTING_ONLY,true,true,heuristic leaf policy; zero=BOTH secondHand=LISTING_ONLY,
"Elektronik › Televizyon, Görüntü ve Ses › TV Aksesuarları › TV Anteni",BOTH,LISTING_ONLY,true,true,heuristic leaf policy; zero=BOTH secondHand=LISTING_ONLY,
"Elektronik › Televizyon, Görüntü ve Ses › Ses Sistemleri › Soundbar",BOTH,LISTING_ONLY,true,true,heuristic leaf policy; zero=BOTH secondHand=LISTING_ONLY,
"Elektronik › Televizyon, Görüntü ve Ses › Ses Sistemleri › Ev Sinema Sistemi",BOTH,LISTING_ONLY,true,true,heuristic leaf policy; zero=BOTH secondHand=LISTING_ONLY,
"Elektronik › Televizyon, Görüntü ve Ses › Ses Sistemleri › Hi-Fi Sistem",BOTH,LISTING_ONLY,true,true,heuristic leaf policy; zero=BOTH secondHand=LISTING_ONLY,
"Elektronik › Televizyon, Görüntü ve Ses › Ses Sistemleri › Bluetooth Hoparlör",BOTH,LISTING_ONLY,true,true,heuristic leaf policy; zero=BOTH secondHand=LISTING_ONLY,
"Elektronik › Televizyon, Görüntü ve Ses › Ses Sistemleri › Taşınabilir Hoparlör",BOTH,LISTING_ONLY,true,true,heuristic leaf policy; zero=BOTH secondHand=LISTING_ONLY,
"Elektronik › Televizyon, Görüntü ve Ses › Ses Sistemleri › Amfi",BOTH,LISTING_ONLY,true,true,heuristic leaf policy; zero=BOTH secondHand=LISTING_ONLY,
"Elektronik › Televizyon, Görüntü ve Ses › Ses Sistemleri › Subwoofer",BOTH,LISTING_ONLY,true,true,heuristic leaf policy; zero=BOTH secondHand=LISTING_ONLY,
"Elektronik › Televizyon, Görüntü ve Ses › Ses Sistemleri › Hoparlör Seti",BOTH,LISTING_ONLY,true,true,heuristic leaf policy; zero=BOTH secondHand=LISTING_ONLY,
"Elektronik › Televizyon, Görüntü ve Ses › Kulaklık › TWS Kulaklık",BOTH,LISTING_ONLY,true,true,heuristic leaf policy; zero=BOTH secondHand=LISTING_ONLY,
"Elektronik › Televizyon, Görüntü ve Ses › Kulaklık › Kulak Üstü Kulaklık",BOTH,LISTING_ONLY,true,true,heuristic leaf policy; zero=BOTH secondHand=LISTING_ONLY,
"Elektronik › Televizyon, Görüntü ve Ses › Kulaklık › Oyuncu Kulaklığı",BOTH,LISTING_ONLY,true,true,heuristic leaf policy; zero=BOTH secondHand=LISTING_ONLY,
"Elektronik › Televizyon, Görüntü ve Ses › Kulaklık › Stüdyo Kulaklığı",BOTH,LISTING_ONLY,true,true,heuristic leaf policy; zero=BOTH secondHand=LISTING_ONLY,
"Elektronik › Televizyon, Görüntü ve Ses › Kulaklık › Spor Kulaklığı",BOTH,LISTING_ONLY,true,true,heuristic leaf policy; zero=BOTH secondHand=LISTING_ONLY,
"Elektronik › Televizyon, Görüntü ve Ses › Projeksiyon ve Sunum › Projeksiyon Cihazı",BOTH,LISTING_ONLY,true,true,heuristic leaf policy; zero=BOTH secondHand=LISTING_ONLY,
"Elektronik › Televizyon, Görüntü ve Ses › Projeksiyon ve Sunum › Projeksiyon Perdesi",BOTH,LISTING_ONLY,true,true,heuristic leaf policy; zero=BOTH secondHand=LISTING_ONLY,
"Elektronik › Televizyon, Görüntü ve Ses › Projeksiyon ve Sunum › Sunum Kumandası",BOTH,LISTING_ONLY,true,true,heuristic leaf policy; zero=BOTH secondHand=LISTING_ONLY,
"Elektronik › Televizyon, Görüntü ve Ses › Projeksiyon ve Sunum › Projeksiyon Askı Aparatı",BOTH,LISTING_ONLY,true,true,heuristic leaf policy; zero=BOTH secondHand=LISTING_ONLY,
"Elektronik › Televizyon, Görüntü ve Ses › Fotoğraf ve Video › Dijital Fotoğraf Makinesi",BOTH,LISTING_ONLY,true,true,heuristic leaf policy; zero=BOTH secondHand=LISTING_ONLY,
"Elektronik › Televizyon, Görüntü ve Ses › Fotoğraf ve Video › Aksiyon Kamerası",BOTH,LISTING_ONLY,true,true,heuristic leaf policy; zero=BOTH secondHand=LISTING_ONLY,
"Elektronik › Televizyon, Görüntü ve Ses › Fotoğraf ve Video › Video Kamera",BOTH,LISTING_ONLY,true,true,heuristic leaf policy; zero=BOTH secondHand=LISTING_ONLY,
"Elektronik › Televizyon, Görüntü ve Ses › Fotoğraf ve Video › Drone",BOTH,LISTING_ONLY,true,true,heuristic leaf policy; zero=BOTH secondHand=LISTING_ONLY,
"Elektronik › Televizyon, Görüntü ve Ses › Fotoğraf ve Video › Lens",BOTH,LISTING_ONLY,true,true,heuristic leaf policy; zero=BOTH secondHand=LISTING_ONLY,
"Elektronik › Televizyon, Görüntü ve Ses › Fotoğraf ve Video › Tripod",BOTH,LISTING_ONLY,true,true,heuristic leaf policy; zero=BOTH secondHand=LISTING_ONLY,
"Elektronik › Televizyon, Görüntü ve Ses › Fotoğraf ve Video › Gimbal",BOTH,LISTING_ONLY,true,true,heuristic leaf policy; zero=BOTH secondHand=LISTING_ONLY,
"Elektronik › Televizyon, Görüntü ve Ses › Fotoğraf ve Video › Fotoğraf Çantası",BOTH,LISTING_ONLY,true,true,heuristic leaf policy; zero=BOTH secondHand=LISTING_ONLY,
"Elektronik › Televizyon, Görüntü ve Ses › Fotoğraf ve Video › Flaş",BOTH,LISTING_ONLY,true,true,heuristic leaf policy; zero=BOTH secondHand=LISTING_ONLY,
"Elektronik › Televizyon, Görüntü ve Ses › Fotoğraf ve Video › Işık ve Softbox",BOTH,LISTING_ONLY,true,true,heuristic leaf policy; zero=BOTH secondHand=LISTING_ONLY,
"Elektronik › Televizyon, Görüntü ve Ses › Fotoğraf ve Video › Kamera Aksesuarı",BOTH,BOTH,true,true,heuristic leaf policy; zero=BOTH secondHand=BOTH,
Elektronik › Oyun ve Konsol › Oyun Konsolu › PlayStation,CATALOG_ONLY,LISTING_ONLY,true,true,heuristic leaf policy; zero=CATALOG_ONLY secondHand=LISTING_ONLY,
Elektronik › Oyun ve Konsol › Oyun Konsolu › Xbox,CATALOG_ONLY,LISTING_ONLY,true,true,heuristic leaf policy; zero=CATALOG_ONLY secondHand=LISTING_ONLY,
Elektronik › Oyun ve Konsol › Oyun Konsolu › Nintendo Switch,CATALOG_ONLY,LISTING_ONLY,true,true,heuristic leaf policy; zero=CATALOG_ONLY secondHand=LISTING_ONLY,
Elektronik › Oyun ve Konsol › Oyun Konsolu › El Konsolu,BOTH,LISTING_ONLY,true,true,heuristic leaf policy; zero=BOTH secondHand=LISTING_ONLY,
Elektronik › Oyun ve Konsol › Oyun Konsolu › Retro Oyun Konsolu,CATALOG_ONLY,LISTING_ONLY,true,true,heuristic leaf policy; zero=CATALOG_ONLY secondHand=LISTING_ONLY,
Elektronik › Oyun ve Konsol › Konsol Aksesuarları › Gamepad,BOTH,LISTING_ONLY,true,true,heuristic leaf policy; zero=BOTH secondHand=LISTING_ONLY,
Elektronik › Oyun ve Konsol › Konsol Aksesuarları › Direksiyon Seti,BOTH,LISTING_ONLY,true,true,heuristic leaf policy; zero=BOTH secondHand=LISTING_ONLY,
Elektronik › Oyun ve Konsol › Konsol Aksesuarları › VR Gözlük,BOTH,LISTING_ONLY,true,true,heuristic leaf policy; zero=BOTH secondHand=LISTING_ONLY,
Elektronik › Oyun ve Konsol › Konsol Aksesuarları › Şarj İstasyonu,BOTH,LISTING_ONLY,true,true,heuristic leaf policy; zero=BOTH secondHand=LISTING_ONLY,
Elektronik › Oyun ve Konsol › Konsol Aksesuarları › Konsol Kulaklığı,BOTH,LISTING_ONLY,true,true,heuristic leaf policy; zero=BOTH secondHand=LISTING_ONLY,
Elektronik › Oyun ve Konsol › Konsol Aksesuarları › Taşıma Çantası,BOTH,LISTING_ONLY,true,true,heuristic leaf policy; zero=BOTH secondHand=LISTING_ONLY,
Elektronik › Oyun ve Konsol › Oyunlar › PlayStation Oyunları,CATALOG_ONLY,LISTING_ONLY,true,true,heuristic leaf policy; zero=CATALOG_ONLY secondHand=LISTING_ONLY,
Elektronik › Oyun ve Konsol › Oyunlar › Xbox Oyunları,CATALOG_ONLY,LISTING_ONLY,true,true,heuristic leaf policy; zero=CATALOG_ONLY secondHand=LISTING_ONLY,
Elektronik › Oyun ve Konsol › Oyunlar › Nintendo Oyunları,CATALOG_ONLY,LISTING_ONLY,true,true,heuristic leaf policy; zero=CATALOG_ONLY secondHand=LISTING_ONLY,
Elektronik › Oyun ve Konsol › Oyunlar › PC Oyunları,BOTH,LISTING_ONLY,true,true,heuristic leaf policy; zero=BOTH secondHand=LISTING_ONLY,
Elektronik › Oyun ve Konsol › Oyuncu Ekipmanları › Oyuncu Klavyesi,BOTH,LISTING_ONLY,true,true,heuristic leaf policy; zero=BOTH secondHand=LISTING_ONLY,
Elektronik › Oyun ve Konsol › Oyuncu Ekipmanları › Oyuncu Mouse,BOTH,LISTING_ONLY,true,true,heuristic leaf policy; zero=BOTH secondHand=LISTING_ONLY,
Elektronik › Oyun ve Konsol › Oyuncu Ekipmanları › Oyuncu Monitörü,BOTH,LISTING_ONLY,true,true,heuristic leaf policy; zero=BOTH secondHand=LISTING_ONLY,
Elektronik › Oyun ve Konsol › Oyuncu Ekipmanları › Oyuncu Koltuğu,BOTH,LISTING_ONLY,true,true,heuristic leaf policy; zero=BOTH secondHand=LISTING_ONLY,
Elektronik › Oyun ve Konsol › Oyuncu Ekipmanları › Oyuncu Masası,BOTH,LISTING_ONLY,true,true,heuristic leaf policy; zero=BOTH secondHand=LISTING_ONLY,
Elektronik › Oyun ve Konsol › Oyuncu Ekipmanları › Yayıncı Ekipmanı,BOTH,LISTING_ONLY,true,true,heuristic leaf policy; zero=BOTH secondHand=LISTING_ONLY,
Elektronik › Akıllı Ev ve Güvenlik › Akıllı Ev › Akıllı Priz,BOTH,LISTING_ONLY,true,true,heuristic leaf policy; zero=BOTH secondHand=LISTING_ONLY,
Elektronik › Akıllı Ev ve Güvenlik › Akıllı Ev › Akıllı Ampul,BOTH,LISTING_ONLY,true,true,heuristic leaf policy; zero=BOTH secondHand=LISTING_ONLY,
Elektronik › Akıllı Ev ve Güvenlik › Akıllı Ev › Akıllı Anahtar,BOTH,LISTING_ONLY,true,true,heuristic leaf policy; zero=BOTH secondHand=LISTING_ONLY,
Elektronik › Akıllı Ev ve Güvenlik › Akıllı Ev › Akıllı Termostat,BOTH,LISTING_ONLY,true,true,heuristic leaf policy; zero=BOTH secondHand=LISTING_ONLY,
Elektronik › Akıllı Ev ve Güvenlik › Akıllı Ev › Akıllı Perde Motoru,BOTH,LISTING_ONLY,true,true,heuristic leaf policy; zero=BOTH secondHand=LISTING_ONLY,
Elektronik › Akıllı Ev ve Güvenlik › Akıllı Ev › Akıllı Ev Hub,BOTH,LISTING_ONLY,true,true,heuristic leaf policy; zero=BOTH secondHand=LISTING_ONLY,
Elektronik › Akıllı Ev ve Güvenlik › Güvenlik Sistemleri › IP Kamera,BOTH,LISTING_ONLY,true,true,heuristic leaf policy; zero=BOTH secondHand=LISTING_ONLY,
Elektronik › Akıllı Ev ve Güvenlik › Güvenlik Sistemleri › Analog Kamera,BOTH,LISTING_ONLY,true,true,heuristic leaf policy; zero=BOTH secondHand=LISTING_ONLY,
Elektronik › Akıllı Ev ve Güvenlik › Güvenlik Sistemleri › Kamera Kayıt Cihazı,BOTH,LISTING_ONLY,true,true,heuristic leaf policy; zero=BOTH secondHand=LISTING_ONLY,
Elektronik › Akıllı Ev ve Güvenlik › Güvenlik Sistemleri › Alarm Sistemi,BOTH,LISTING_ONLY,true,true,heuristic leaf policy; zero=BOTH secondHand=LISTING_ONLY,
Elektronik › Akıllı Ev ve Güvenlik › Güvenlik Sistemleri › Hareket Sensörü,BOTH,LISTING_ONLY,true,true,heuristic leaf policy; zero=BOTH secondHand=LISTING_ONLY,
Elektronik › Akıllı Ev ve Güvenlik › Güvenlik Sistemleri › Kapı-Pencere Sensörü,BOTH,LISTING_ONLY,true,true,heuristic leaf policy; zero=BOTH secondHand=LISTING_ONLY,
Elektronik › Akıllı Ev ve Güvenlik › Güvenlik Sistemleri › Görüntülü Diafon,BOTH,LISTING_ONLY,true,true,heuristic leaf policy; zero=BOTH secondHand=LISTING_ONLY,
Elektronik › Akıllı Ev ve Güvenlik › Güvenlik Sistemleri › Akıllı Kilit,BOTH,LISTING_ONLY,true,true,heuristic leaf policy; zero=BOTH secondHand=LISTING_ONLY,
Elektronik › Akıllı Ev ve Güvenlik › Güvenlik Sistemleri › Duman Dedektörü,BOTH,LISTING_ONLY,true,true,heuristic leaf policy; zero=BOTH secondHand=LISTING_ONLY,
Elektronik › Akıllı Ev ve Güvenlik › Enerji ve Güç › UPS,BOTH,LISTING_ONLY,true,true,heuristic leaf policy; zero=BOTH secondHand=LISTING_ONLY,
Elektronik › Akıllı Ev ve Güvenlik › Enerji ve Güç › Voltaj Regülatörü,BOTH,LISTING_ONLY,true,true,heuristic leaf policy; zero=BOTH secondHand=LISTING_ONLY,
Elektronik › Akıllı Ev ve Güvenlik › Enerji ve Güç › Akım Korumalı Priz,BOTH,LISTING_ONLY,true,true,heuristic leaf policy; zero=BOTH secondHand=LISTING_ONLY,
Elektronik › Akıllı Ev ve Güvenlik › Enerji ve Güç › Solar Şarj Cihazı,BOTH,LISTING_ONLY,true,true,heuristic leaf policy; zero=BOTH secondHand=LISTING_ONLY,
Elektronik › Akıllı Ev ve Güvenlik › Enerji ve Güç › Taşınabilir Güç İstasyonu,BOTH,LISTING_ONLY,true,true,heuristic leaf policy; zero=BOTH secondHand=LISTING_ONLY,
Ev Aletleri › Beyaz Eşya › Soğutma › Buzdolabı,BOTH,LISTING_ONLY,true,true,heuristic leaf policy; zero=BOTH secondHand=LISTING_ONLY,
Ev Aletleri › Beyaz Eşya › Soğutma › Mini Buzdolabı,BOTH,LISTING_ONLY,true,true,heuristic leaf policy; zero=BOTH secondHand=LISTING_ONLY,
Ev Aletleri › Beyaz Eşya › Soğutma › Derin Dondurucu,BOTH,LISTING_ONLY,true,true,heuristic leaf policy; zero=BOTH secondHand=LISTING_ONLY,
Ev Aletleri › Beyaz Eşya › Soğutma › Şarap Dolabı,BOTH,LISTING_ONLY,true,true,heuristic leaf policy; zero=BOTH secondHand=LISTING_ONLY,
Ev Aletleri › Beyaz Eşya › Çamaşır Bakımı › Çamaşır Makinesi,BOTH,LISTING_ONLY,true,true,heuristic leaf policy; zero=BOTH secondHand=LISTING_ONLY,
Ev Aletleri › Beyaz Eşya › Çamaşır Bakımı › Kurutma Makinesi,CATALOG_ONLY,LISTING_ONLY,true,true,heuristic leaf policy; zero=CATALOG_ONLY secondHand=LISTING_ONLY,
Ev Aletleri › Beyaz Eşya › Çamaşır Bakımı › Kurutmalı Çamaşır Makinesi,CATALOG_ONLY,LISTING_ONLY,true,true,heuristic leaf policy; zero=CATALOG_ONLY secondHand=LISTING_ONLY,
Ev Aletleri › Beyaz Eşya › Bulaşık ve Mutfak › Bulaşık Makinesi,BOTH,LISTING_ONLY,true,true,heuristic leaf policy; zero=BOTH secondHand=LISTING_ONLY,
Ev Aletleri › Beyaz Eşya › Bulaşık ve Mutfak › Ankastre Bulaşık Makinesi,BOTH,LISTING_ONLY,true,true,heuristic leaf policy; zero=BOTH secondHand=LISTING_ONLY,
Ev Aletleri › Beyaz Eşya › Pişirme › Fırın,BOTH,LISTING_ONLY,true,true,heuristic leaf policy; zero=BOTH secondHand=LISTING_ONLY,
Ev Aletleri › Beyaz Eşya › Pişirme › Ocak,BOTH,LISTING_ONLY,true,true,heuristic leaf policy; zero=BOTH secondHand=LISTING_ONLY,
Ev Aletleri › Beyaz Eşya › Pişirme › Davlumbaz,BOTH,LISTING_ONLY,true,true,heuristic leaf policy; zero=BOTH secondHand=LISTING_ONLY,
Ev Aletleri › Beyaz Eşya › Pişirme › Aspiratör,BOTH,LISTING_ONLY,true,true,heuristic leaf policy; zero=BOTH secondHand=LISTING_ONLY,
Ev Aletleri › Beyaz Eşya › Pişirme › Ankastre Set,BOTH,LISTING_ONLY,true,true,heuristic leaf policy; zero=BOTH secondHand=LISTING_ONLY,
Ev Aletleri › Beyaz Eşya › Pişirme › Mikrodalga Fırın,BOTH,LISTING_ONLY,true,true,heuristic leaf policy; zero=BOTH secondHand=LISTING_ONLY,
Ev Aletleri › Beyaz Eşya › İklimlendirme › Klima,CATALOG_ONLY,LISTING_ONLY,true,true,heuristic leaf policy; zero=CATALOG_ONLY secondHand=LISTING_ONLY,
Ev Aletleri › Beyaz Eşya › İklimlendirme › Portatif Klima,CATALOG_ONLY,LISTING_ONLY,true,true,heuristic leaf policy; zero=CATALOG_ONLY secondHand=LISTING_ONLY,
Ev Aletleri › Beyaz Eşya › İklimlendirme › Vantilatör,BOTH,LISTING_ONLY,true,true,heuristic leaf policy; zero=BOTH secondHand=LISTING_ONLY,
Ev Aletleri › Beyaz Eşya › İklimlendirme › Hava Soğutucu,BOTH,LISTING_ONLY,true,true,heuristic leaf policy; zero=BOTH secondHand=LISTING_ONLY,
Ev Aletleri › Beyaz Eşya › İklimlendirme › Isıtıcı,BOTH,LISTING_ONLY,true,true,heuristic leaf policy; zero=BOTH secondHand=LISTING_ONLY,
Ev Aletleri › Beyaz Eşya › İklimlendirme › Kombi,BOTH,LISTING_ONLY,true,true,heuristic leaf policy; zero=BOTH secondHand=LISTING_ONLY,
Ev Aletleri › Beyaz Eşya › İklimlendirme › Şofben,BOTH,LISTING_ONLY,true,true,heuristic leaf policy; zero=BOTH secondHand=LISTING_ONLY,
Ev Aletleri › Beyaz Eşya › İklimlendirme › Termosifon,BOTH,LISTING_ONLY,true,true,heuristic leaf policy; zero=BOTH secondHand=LISTING_ONLY,
Ev Aletleri › Küçük Ev Aletleri › Temizlik › Robot Süpürge,BOTH,LISTING_ONLY,true,true,heuristic leaf policy; zero=BOTH secondHand=LISTING_ONLY,
Ev Aletleri › Küçük Ev Aletleri › Temizlik › Dikey Süpürge,BOTH,LISTING_ONLY,true,true,heuristic leaf policy; zero=BOTH secondHand=LISTING_ONLY,
Ev Aletleri › Küçük Ev Aletleri › Temizlik › Toz Torbalı Süpürge,BOTH,LISTING_ONLY,true,true,heuristic leaf policy; zero=BOTH secondHand=LISTING_ONLY,
Ev Aletleri › Küçük Ev Aletleri › Temizlik › Toz Torbasız Süpürge,BOTH,LISTING_ONLY,true,true,heuristic leaf policy; zero=BOTH secondHand=LISTING_ONLY,
Ev Aletleri › Küçük Ev Aletleri › Temizlik › Islak-Kuru Süpürge,BOTH,LISTING_ONLY,true,true,heuristic leaf policy; zero=BOTH secondHand=LISTING_ONLY,
Ev Aletleri › Küçük Ev Aletleri › Temizlik › Buharlı Temizleyici,BOTH,LISTING_ONLY,true,true,heuristic leaf policy; zero=BOTH secondHand=LISTING_ONLY,
Ev Aletleri › Küçük Ev Aletleri › Temizlik › Halı Yıkama Makinesi,BOTH,LISTING_ONLY,true,true,heuristic leaf policy; zero=BOTH secondHand=LISTING_ONLY,
Ev Aletleri › Küçük Ev Aletleri › Temizlik › Cam Temizleme Robotu,BOTH,LISTING_ONLY,true,true,heuristic leaf policy; zero=BOTH secondHand=LISTING_ONLY,
Ev Aletleri › Küçük Ev Aletleri › Ütü ve Dikiş › Buharlı Ütü,BOTH,LISTING_ONLY,true,true,heuristic leaf policy; zero=BOTH secondHand=LISTING_ONLY,
Ev Aletleri › Küçük Ev Aletleri › Ütü ve Dikiş › Kazanlı Ütü,BOTH,LISTING_ONLY,true,true,heuristic leaf policy; zero=BOTH secondHand=LISTING_ONLY,
Ev Aletleri › Küçük Ev Aletleri › Ütü ve Dikiş › Dikey Ütü,BOTH,LISTING_ONLY,true,true,heuristic leaf policy; zero=BOTH secondHand=LISTING_ONLY,
Ev Aletleri › Küçük Ev Aletleri › Ütü ve Dikiş › Ütü Masası,BOTH,LISTING_ONLY,true,true,heuristic leaf policy; zero=BOTH secondHand=LISTING_ONLY,
Ev Aletleri › Küçük Ev Aletleri › Ütü ve Dikiş › Dikiş Makinesi,BOTH,LISTING_ONLY,true,true,heuristic leaf policy; zero=BOTH secondHand=LISTING_ONLY,
Ev Aletleri › Küçük Ev Aletleri › Ütü ve Dikiş › Overlok Makinesi,BOTH,LISTING_ONLY,true,true,heuristic leaf policy; zero=BOTH secondHand=LISTING_ONLY,
Ev Aletleri › Küçük Ev Aletleri › Hava Kalitesi › Hava Temizleyici,BOTH,LISTING_ONLY,true,true,heuristic leaf policy; zero=BOTH secondHand=LISTING_ONLY,
Ev Aletleri › Küçük Ev Aletleri › Hava Kalitesi › Nem Alma Cihazı,BOTH,LISTING_ONLY,true,true,heuristic leaf policy; zero=BOTH secondHand=LISTING_ONLY,
Ev Aletleri › Küçük Ev Aletleri › Hava Kalitesi › Nemlendirici,BOTH,LISTING_ONLY,true,true,heuristic leaf policy; zero=BOTH secondHand=LISTING_ONLY,
Ev Aletleri › Küçük Ev Aletleri › Hava Kalitesi › Ozon Cihazı,BOTH,LISTING_ONLY,true,true,heuristic leaf policy; zero=BOTH secondHand=LISTING_ONLY,
Ev Aletleri › Küçük Ev Aletleri › Kişisel Konfor › Elektrikli Battaniye,BOTH,LISTING_ONLY,true,true,heuristic leaf policy; zero=BOTH secondHand=LISTING_ONLY,
Ev Aletleri › Küçük Ev Aletleri › Kişisel Konfor › Ayak Isıtıcı,BOTH,LISTING_ONLY,true,true,heuristic leaf policy; zero=BOTH secondHand=LISTING_ONLY,
Ev Aletleri › Küçük Ev Aletleri › Kişisel Konfor › Elektrikli Soba,BOTH,LISTING_ONLY,true,true,heuristic leaf policy; zero=BOTH secondHand=LISTING_ONLY,
Ev Aletleri › Küçük Ev Aletleri › Kişisel Konfor › Sinekkapan Cihazı,BOTH,LISTING_ONLY,true,true,heuristic leaf policy; zero=BOTH secondHand=LISTING_ONLY,
Mutfak ve Sofra › Pişirme › Elektrikli Pişirme › Airfryer,CATALOG_ONLY,LISTING_ONLY,true,true,heuristic leaf policy; zero=CATALOG_ONLY secondHand=LISTING_ONLY,
Mutfak ve Sofra › Pişirme › Elektrikli Pişirme › Mini Fırın,BOTH,LISTING_ONLY,true,true,heuristic leaf policy; zero=BOTH secondHand=LISTING_ONLY,
Mutfak ve Sofra › Pişirme › Elektrikli Pişirme › Elektrikli Izgara,BOTH,LISTING_ONLY,true,true,heuristic leaf policy; zero=BOTH secondHand=LISTING_ONLY,
Mutfak ve Sofra › Pişirme › Elektrikli Pişirme › Tost Makinesi,BOTH,LISTING_ONLY,true,true,heuristic leaf policy; zero=BOTH secondHand=LISTING_ONLY,
Mutfak ve Sofra › Pişirme › Elektrikli Pişirme › Waffle Makinesi,BOTH,LISTING_ONLY,true,true,heuristic leaf policy; zero=BOTH secondHand=LISTING_ONLY,
Mutfak ve Sofra › Pişirme › Elektrikli Pişirme › Krep Makinesi,BOTH,LISTING_ONLY,true,true,heuristic leaf policy; zero=BOTH secondHand=LISTING_ONLY,
Mutfak ve Sofra › Pişirme › Elektrikli Pişirme › Ekmek Yapma Makinesi,BOTH,LISTING_ONLY,true,true,heuristic leaf policy; zero=BOTH secondHand=LISTING_ONLY,
Mutfak ve Sofra › Pişirme › Elektrikli Pişirme › Yoğurt Makinesi,BOTH,LISTING_ONLY,true,true,heuristic leaf policy; zero=BOTH secondHand=LISTING_ONLY,
Mutfak ve Sofra › Pişirme › Tencere ve Tavalar › Tencere,BOTH,LISTING_ONLY,true,true,heuristic leaf policy; zero=BOTH secondHand=LISTING_ONLY,
Mutfak ve Sofra › Pişirme › Tencere ve Tavalar › Tencere Seti,BOTH,LISTING_ONLY,true,true,heuristic leaf policy; zero=BOTH secondHand=LISTING_ONLY,
Mutfak ve Sofra › Pişirme › Tencere ve Tavalar › Tava,BOTH,LISTING_ONLY,true,true,heuristic leaf policy; zero=BOTH secondHand=LISTING_ONLY,
Mutfak ve Sofra › Pişirme › Tencere ve Tavalar › Döküm Tencere,BOTH,LISTING_ONLY,true,true,heuristic leaf policy; zero=BOTH secondHand=LISTING_ONLY,
Mutfak ve Sofra › Pişirme › Tencere ve Tavalar › Döküm Tava,BOTH,LISTING_ONLY,true,true,heuristic leaf policy; zero=BOTH secondHand=LISTING_ONLY,
Mutfak ve Sofra › Pişirme › Tencere ve Tavalar › Düdüklü Tencere,BOTH,LISTING_ONLY,true,true,heuristic leaf policy; zero=BOTH secondHand=LISTING_ONLY,
Mutfak ve Sofra › Pişirme › Tencere ve Tavalar › Sahan,BOTH,LISTING_ONLY,true,true,heuristic leaf policy; zero=BOTH secondHand=LISTING_ONLY,
Mutfak ve Sofra › Pişirme › Tencere ve Tavalar › Wok Tava,BOTH,LISTING_ONLY,true,true,heuristic leaf policy; zero=BOTH secondHand=LISTING_ONLY,
Mutfak ve Sofra › Pişirme › Fırın Gereçleri › Fırın Tepsisi,BOTH,LISTING_ONLY,true,true,heuristic leaf policy; zero=BOTH secondHand=LISTING_ONLY,
Mutfak ve Sofra › Pişirme › Fırın Gereçleri › Kek Kalıbı,BOTH,LISTING_ONLY,true,true,heuristic leaf policy; zero=BOTH secondHand=LISTING_ONLY,
Mutfak ve Sofra › Pişirme › Fırın Gereçleri › Borcam ve Fırın Kabı,BOTH,LISTING_ONLY,true,true,heuristic leaf policy; zero=BOTH secondHand=LISTING_ONLY,
Mutfak ve Sofra › Pişirme › Fırın Gereçleri › Silikon Kalıp,BOTH,LISTING_ONLY,true,true,heuristic leaf policy; zero=BOTH secondHand=LISTING_ONLY,
Mutfak ve Sofra › Pişirme › Fırın Gereçleri › Pişirme Kağıdı ve Mat,BOTH,LISTING_ONLY,true,true,heuristic leaf policy; zero=BOTH secondHand=LISTING_ONLY,
Mutfak ve Sofra › Hazırlık › Mutfak Robotları › Mutfak Robotu,BOTH,LISTING_ONLY,true,true,heuristic leaf policy; zero=BOTH secondHand=LISTING_ONLY,
Mutfak ve Sofra › Hazırlık › Mutfak Robotları › Blender,BOTH,LISTING_ONLY,true,true,heuristic leaf policy; zero=BOTH secondHand=LISTING_ONLY,
Mutfak ve Sofra › Hazırlık › Mutfak Robotları › El Blenderı,BOTH,LISTING_ONLY,true,true,heuristic leaf policy; zero=BOTH secondHand=LISTING_ONLY,
Mutfak ve Sofra › Hazırlık › Mutfak Robotları › Mikser,BOTH,LISTING_ONLY,true,true,heuristic leaf policy; zero=BOTH secondHand=LISTING_ONLY,
Mutfak ve Sofra › Hazırlık › Mutfak Robotları › Doğrayıcı,BOTH,LISTING_ONLY,true,true,heuristic leaf policy; zero=BOTH secondHand=LISTING_ONLY,
Mutfak ve Sofra › Hazırlık › Mutfak Robotları › Rondo,BOTH,LISTING_ONLY,true,true,heuristic leaf policy; zero=BOTH secondHand=LISTING_ONLY,
Mutfak ve Sofra › Hazırlık › Mutfak Robotları › Hamur Yoğurma Makinesi,BOTH,LISTING_ONLY,true,true,heuristic leaf policy; zero=BOTH secondHand=LISTING_ONLY,
Mutfak ve Sofra › Hazırlık › Kesme ve Doğrama › Bıçak,BOTH,LISTING_ONLY,true,true,heuristic leaf policy; zero=BOTH secondHand=LISTING_ONLY,
Mutfak ve Sofra › Hazırlık › Kesme ve Doğrama › Bıçak Seti,BOTH,LISTING_ONLY,true,true,heuristic leaf policy; zero=BOTH secondHand=LISTING_ONLY,
Mutfak ve Sofra › Hazırlık › Kesme ve Doğrama › Kesme Tahtası,BOTH,LISTING_ONLY,true,true,heuristic leaf policy; zero=BOTH secondHand=LISTING_ONLY,
Mutfak ve Sofra › Hazırlık › Kesme ve Doğrama › Rende,BOTH,LISTING_ONLY,true,true,heuristic leaf policy; zero=BOTH secondHand=LISTING_ONLY,
Mutfak ve Sofra › Hazırlık › Kesme ve Doğrama › Soyacak,BOTH,LISTING_ONLY,true,true,heuristic leaf policy; zero=BOTH secondHand=LISTING_ONLY,
Mutfak ve Sofra › Hazırlık › Kesme ve Doğrama › Mutfak Makası,BOTH,LISTING_ONLY,true,true,heuristic leaf policy; zero=BOTH secondHand=LISTING_ONLY,
Mutfak ve Sofra › Hazırlık › Kesme ve Doğrama › Bileme Aleti,BOTH,LISTING_ONLY,true,true,heuristic leaf policy; zero=BOTH secondHand=LISTING_ONLY,
Mutfak ve Sofra › Hazırlık › Ölçme ve Yardımcılar › Mutfak Tartısı,BOTH,LISTING_ONLY,true,true,heuristic leaf policy; zero=BOTH secondHand=LISTING_ONLY,
Mutfak ve Sofra › Hazırlık › Ölçme ve Yardımcılar › Ölçü Kabı,BOTH,LISTING_ONLY,true,true,heuristic leaf policy; zero=BOTH secondHand=LISTING_ONLY,
Mutfak ve Sofra › Hazırlık › Ölçme ve Yardımcılar › Termometre,BOTH,LISTING_ONLY,true,true,heuristic leaf policy; zero=BOTH secondHand=LISTING_ONLY,
Mutfak ve Sofra › Hazırlık › Ölçme ve Yardımcılar › Süzgeç,BOTH,LISTING_ONLY,true,true,heuristic leaf policy; zero=BOTH secondHand=LISTING_ONLY,
Mutfak ve Sofra › Hazırlık › Ölçme ve Yardımcılar › Kevgir,BOTH,LISTING_ONLY,true,true,heuristic leaf policy; zero=BOTH secondHand=LISTING_ONLY,
Mutfak ve Sofra › Hazırlık › Ölçme ve Yardımcılar › Huni,BOTH,LISTING_ONLY,true,true,heuristic leaf policy; zero=BOTH secondHand=LISTING_ONLY,
Mutfak ve Sofra › Hazırlık › Ölçme ve Yardımcılar › Spatula,BOTH,LISTING_ONLY,true,true,heuristic leaf policy; zero=BOTH secondHand=LISTING_ONLY,
Mutfak ve Sofra › Hazırlık › Ölçme ve Yardımcılar › Maşa,BOTH,LISTING_ONLY,true,true,heuristic leaf policy; zero=BOTH secondHand=LISTING_ONLY,
Mutfak ve Sofra › Hazırlık › Ölçme ve Yardımcılar › Çırpıcı,BOTH,LISTING_ONLY,true,true,heuristic leaf policy; zero=BOTH secondHand=LISTING_ONLY,
Mutfak ve Sofra › İçecek Hazırlama › Kahve › Türk Kahvesi Makinesi,BOTH,LISTING_ONLY,true,true,heuristic leaf policy; zero=BOTH secondHand=LISTING_ONLY,
Mutfak ve Sofra › İçecek Hazırlama › Kahve › Filtre Kahve Makinesi,BOTH,LISTING_ONLY,true,true,heuristic leaf policy; zero=BOTH secondHand=LISTING_ONLY,
Mutfak ve Sofra › İçecek Hazırlama › Kahve › Espresso Makinesi,BOTH,LISTING_ONLY,true,true,heuristic leaf policy; zero=BOTH secondHand=LISTING_ONLY,
Mutfak ve Sofra › İçecek Hazırlama › Kahve › Kapsül Kahve Makinesi,BOTH,LISTING_ONLY,true,true,heuristic leaf policy; zero=BOTH secondHand=LISTING_ONLY,
Mutfak ve Sofra › İçecek Hazırlama › Kahve › Kahve Öğütücü,BOTH,LISTING_ONLY,true,true,heuristic leaf policy; zero=BOTH secondHand=LISTING_ONLY,
Mutfak ve Sofra › İçecek Hazırlama › Kahve › French Press,BOTH,LISTING_ONLY,true,true,heuristic leaf policy; zero=BOTH secondHand=LISTING_ONLY,
Mutfak ve Sofra › İçecek Hazırlama › Kahve › Moka Pot,BOTH,LISTING_ONLY,true,true,heuristic leaf policy; zero=BOTH secondHand=LISTING_ONLY,
Mutfak ve Sofra › İçecek Hazırlama › Kahve › Kahve Demleme Ekipmanı,BOTH,LISTING_ONLY,true,true,heuristic leaf policy; zero=BOTH secondHand=LISTING_ONLY,
Mutfak ve Sofra › İçecek Hazırlama › Çay ve Sıcak İçecek › Çay Makinesi,BOTH,LISTING_ONLY,true,true,heuristic leaf policy; zero=BOTH secondHand=LISTING_ONLY,
Mutfak ve Sofra › İçecek Hazırlama › Çay ve Sıcak İçecek › Su Isıtıcısı,BOTH,LISTING_ONLY,true,true,heuristic leaf policy; zero=BOTH secondHand=LISTING_ONLY,
Mutfak ve Sofra › İçecek Hazırlama › Çay ve Sıcak İçecek › Semaver,BOTH,LISTING_ONLY,true,true,heuristic leaf policy; zero=BOTH secondHand=LISTING_ONLY,
Mutfak ve Sofra › İçecek Hazırlama › Çay ve Sıcak İçecek › Termos,BOTH,LISTING_ONLY,true,true,heuristic leaf policy; zero=BOTH secondHand=LISTING_ONLY,
Mutfak ve Sofra › İçecek Hazırlama › Çay ve Sıcak İçecek › Mug ve Termos Bardak,BOTH,LISTING_ONLY,true,true,heuristic leaf policy; zero=BOTH secondHand=LISTING_ONLY,
Mutfak ve Sofra › İçecek Hazırlama › Soğuk İçecek › Katı Meyve Sıkacağı,BOTH,LISTING_ONLY,true,true,heuristic leaf policy; zero=BOTH secondHand=LISTING_ONLY,
Mutfak ve Sofra › İçecek Hazırlama › Soğuk İçecek › Narenciye Sıkacağı,BOTH,LISTING_ONLY,true,true,heuristic leaf policy; zero=BOTH secondHand=LISTING_ONLY,
Mutfak ve Sofra › İçecek Hazırlama › Soğuk İçecek › Smoothie Blender,BOTH,LISTING_ONLY,true,true,heuristic leaf policy; zero=BOTH secondHand=LISTING_ONLY,
Mutfak ve Sofra › İçecek Hazırlama › Soğuk İçecek › Soda Makinesi,BOTH,LISTING_ONLY,true,true,heuristic leaf policy; zero=BOTH secondHand=LISTING_ONLY,
Mutfak ve Sofra › İçecek Hazırlama › Soğuk İçecek › Buz Makinesi,BOTH,LISTING_ONLY,true,true,heuristic leaf policy; zero=BOTH secondHand=LISTING_ONLY,
Mutfak ve Sofra › Sofra ve Servis › Yemek Takımları › Yemek Takımı,BOTH,LISTING_ONLY,true,true,heuristic leaf policy; zero=BOTH secondHand=LISTING_ONLY,
Mutfak ve Sofra › Sofra ve Servis › Yemek Takımları › Kahvaltı Takımı,BOTH,LISTING_ONLY,true,true,heuristic leaf policy; zero=BOTH secondHand=LISTING_ONLY,
Mutfak ve Sofra › Sofra ve Servis › Yemek Takımları › Çatal-Kaşık-Bıçak Seti,BOTH,LISTING_ONLY,true,true,heuristic leaf policy; zero=BOTH secondHand=LISTING_ONLY,
Mutfak ve Sofra › Sofra ve Servis › Yemek Takımları › Servis Tabağı,BOTH,LISTING_ONLY,true,true,heuristic leaf policy; zero=BOTH secondHand=LISTING_ONLY,
Mutfak ve Sofra › Sofra ve Servis › Yemek Takımları › Salata Kasesi,BOTH,LISTING_ONLY,true,true,heuristic leaf policy; zero=BOTH secondHand=LISTING_ONLY,
Mutfak ve Sofra › Sofra ve Servis › Bardak ve Fincan › Su Bardağı,BOTH,LISTING_ONLY,true,true,heuristic leaf policy; zero=BOTH secondHand=LISTING_ONLY,
Mutfak ve Sofra › Sofra ve Servis › Bardak ve Fincan › Çay Bardağı,BOTH,LISTING_ONLY,true,true,heuristic leaf policy; zero=BOTH secondHand=LISTING_ONLY,
Mutfak ve Sofra › Sofra ve Servis › Bardak ve Fincan › Kahve Fincanı,BOTH,LISTING_ONLY,true,true,heuristic leaf policy; zero=BOTH secondHand=LISTING_ONLY,
Mutfak ve Sofra › Sofra ve Servis › Bardak ve Fincan › Kupa,BOTH,LISTING_ONLY,true,true,heuristic leaf policy; zero=BOTH secondHand=LISTING_ONLY,
Mutfak ve Sofra › Sofra ve Servis › Bardak ve Fincan › Kadeh,BOTH,LISTING_ONLY,true,true,heuristic leaf policy; zero=BOTH secondHand=LISTING_ONLY,
Mutfak ve Sofra › Sofra ve Servis › Bardak ve Fincan › Sürahi ve Karaf,BOTH,LISTING_ONLY,true,true,heuristic leaf policy; zero=BOTH secondHand=LISTING_ONLY,
Mutfak ve Sofra › Sofra ve Servis › Servis Gereçleri › Tepsi,BOTH,LISTING_ONLY,true,true,heuristic leaf policy; zero=BOTH secondHand=LISTING_ONLY,
Mutfak ve Sofra › Sofra ve Servis › Servis Gereçleri › Sunum Tahtası,BOTH,LISTING_ONLY,true,true,heuristic leaf policy; zero=BOTH secondHand=LISTING_ONLY,
Mutfak ve Sofra › Sofra ve Servis › Servis Gereçleri › Servis Kaşığı,BOTH,LISTING_ONLY,true,true,heuristic leaf policy; zero=BOTH secondHand=LISTING_ONLY,
Mutfak ve Sofra › Sofra ve Servis › Servis Gereçleri › Şekerlik,BOTH,LISTING_ONLY,true,true,heuristic leaf policy; zero=BOTH secondHand=LISTING_ONLY,
Mutfak ve Sofra › Sofra ve Servis › Servis Gereçleri › Yağlık-Sirkelik,BOTH,LISTING_ONLY,true,true,heuristic leaf policy; zero=BOTH secondHand=LISTING_ONLY,
Mutfak ve Sofra › Sofra ve Servis › Servis Gereçleri › Tuzluk-Biberlik,BOTH,LISTING_ONLY,true,true,heuristic leaf policy; zero=BOTH secondHand=LISTING_ONLY,
Mutfak ve Sofra › Saklama ve Düzenleme › Gıda Saklama › Saklama Kabı,BOTH,LISTING_ONLY,true,true,heuristic leaf policy; zero=BOTH secondHand=LISTING_ONLY,
Mutfak ve Sofra › Saklama ve Düzenleme › Gıda Saklama › Vakumlu Saklama Kabı,BOTH,LISTING_ONLY,true,true,heuristic leaf policy; zero=BOTH secondHand=LISTING_ONLY,
Mutfak ve Sofra › Saklama ve Düzenleme › Gıda Saklama › Kavanoz,BOTH,LISTING_ONLY,true,true,heuristic leaf policy; zero=BOTH secondHand=LISTING_ONLY,
Mutfak ve Sofra › Saklama ve Düzenleme › Gıda Saklama › Baharatlık,BOTH,LISTING_ONLY,true,true,heuristic leaf policy; zero=BOTH secondHand=LISTING_ONLY,
Mutfak ve Sofra › Saklama ve Düzenleme › Gıda Saklama › Ekmek Kutusu,BOTH,LISTING_ONLY,true,true,heuristic leaf policy; zero=BOTH secondHand=LISTING_ONLY,
Mutfak ve Sofra › Saklama ve Düzenleme › Gıda Saklama › Buzdolabı Düzenleyici,BOTH,LISTING_ONLY,true,true,heuristic leaf policy; zero=BOTH secondHand=LISTING_ONLY,
Mutfak ve Sofra › Saklama ve Düzenleme › Mutfak Düzenleme › Kaşıklık,BOTH,LISTING_ONLY,true,true,heuristic leaf policy; zero=BOTH secondHand=LISTING_ONLY,
Mutfak ve Sofra › Saklama ve Düzenleme › Mutfak Düzenleme › Bulaşıklık,BOTH,LISTING_ONLY,true,true,heuristic leaf policy; zero=BOTH secondHand=LISTING_ONLY,
Mutfak ve Sofra › Saklama ve Düzenleme › Mutfak Düzenleme › Raf Düzenleyici,BOTH,LISTING_ONLY,true,true,heuristic leaf policy; zero=BOTH secondHand=LISTING_ONLY,
Mutfak ve Sofra › Saklama ve Düzenleme › Mutfak Düzenleme › Dolap İçi Düzenleyici,BOTH,LISTING_ONLY,true,true,heuristic leaf policy; zero=BOTH secondHand=LISTING_ONLY,
Mutfak ve Sofra › Saklama ve Düzenleme › Mutfak Düzenleme › Poşetlik,BOTH,LISTING_ONLY,true,true,heuristic leaf policy; zero=BOTH secondHand=LISTING_ONLY,
Mutfak ve Sofra › Saklama ve Düzenleme › Mutfak Düzenleme › Çöp Kovası,BOTH,LISTING_ONLY,true,true,heuristic leaf policy; zero=BOTH secondHand=LISTING_ONLY,
Mutfak ve Sofra › Su Arıtma › Su Arıtma Ürünleri › Filtreli Sürahi,BOTH,LISTING_ONLY,true,true,heuristic leaf policy; zero=BOTH secondHand=LISTING_ONLY,
Mutfak ve Sofra › Su Arıtma › Su Arıtma Ürünleri › Su Arıtma Cihazı,BOTH,LISTING_ONLY,true,true,heuristic leaf policy; zero=BOTH secondHand=LISTING_ONLY,
Mutfak ve Sofra › Su Arıtma › Su Arıtma Ürünleri › Musluk Filtresi,BOTH,LISTING_ONLY,true,true,heuristic leaf policy; zero=BOTH secondHand=LISTING_ONLY,
Mutfak ve Sofra › Su Arıtma › Su Arıtma Ürünleri › Yedek Filtre,BOTH,LISTING_ONLY,true,true,heuristic leaf policy; zero=BOTH secondHand=LISTING_ONLY,
Mutfak ve Sofra › Su Arıtma › Su Arıtma Ürünleri › Su Sebili,BOTH,LISTING_ONLY,true,true,heuristic leaf policy; zero=BOTH secondHand=LISTING_ONLY,
Mutfak ve Sofra › Su Arıtma › Su Arıtma Ürünleri › Tezgah Üstü Su Arıtıcı,BOTH,LISTING_ONLY,true,true,heuristic leaf policy; zero=BOTH secondHand=LISTING_ONLY,
Ev ve Yaşam › Mobilya › Salon › Koltuk Takımı,BOTH,LISTING_ONLY,true,true,heuristic leaf policy; zero=BOTH secondHand=LISTING_ONLY,
Ev ve Yaşam › Mobilya › Salon › Kanepe,BOTH,LISTING_ONLY,true,true,heuristic leaf policy; zero=BOTH secondHand=LISTING_ONLY,
Ev ve Yaşam › Mobilya › Salon › Berjer,BOTH,LISTING_ONLY,true,true,heuristic leaf policy; zero=BOTH secondHand=LISTING_ONLY,
Ev ve Yaşam › Mobilya › Salon › TV Ünitesi,BOTH,LISTING_ONLY,true,true,heuristic leaf policy; zero=BOTH secondHand=LISTING_ONLY,
Ev ve Yaşam › Mobilya › Salon › Orta Sehpa,BOTH,LISTING_ONLY,true,true,heuristic leaf policy; zero=BOTH secondHand=LISTING_ONLY,
Ev ve Yaşam › Mobilya › Salon › Yan Sehpa,BOTH,LISTING_ONLY,true,true,heuristic leaf policy; zero=BOTH secondHand=LISTING_ONLY,
Ev ve Yaşam › Mobilya › Salon › Kitaplık,BOTH,LISTING_ONLY,true,true,heuristic leaf policy; zero=BOTH secondHand=LISTING_ONLY,
Ev ve Yaşam › Mobilya › Salon › Konsol,BOTH,LISTING_ONLY,true,true,heuristic leaf policy; zero=BOTH secondHand=LISTING_ONLY,
Ev ve Yaşam › Mobilya › Salon › Vitrin,BOTH,LISTING_ONLY,true,true,heuristic leaf policy; zero=BOTH secondHand=LISTING_ONLY,
Ev ve Yaşam › Mobilya › Yatak Odası › Yatak Odası Takımı,BOTH,LISTING_ONLY,true,true,heuristic leaf policy; zero=BOTH secondHand=LISTING_ONLY,
Ev ve Yaşam › Mobilya › Yatak Odası › Yatak,BOTH,LISTING_ONLY,true,true,heuristic leaf policy; zero=BOTH secondHand=LISTING_ONLY,
Ev ve Yaşam › Mobilya › Yatak Odası › Baza,BOTH,LISTING_ONLY,true,true,heuristic leaf policy; zero=BOTH secondHand=LISTING_ONLY,
Ev ve Yaşam › Mobilya › Yatak Odası › Başlık,BOTH,LISTING_ONLY,true,true,heuristic leaf policy; zero=BOTH secondHand=LISTING_ONLY,
Ev ve Yaşam › Mobilya › Yatak Odası › Gardırop,BOTH,LISTING_ONLY,true,true,heuristic leaf policy; zero=BOTH secondHand=LISTING_ONLY,
Ev ve Yaşam › Mobilya › Yatak Odası › Şifonyer,BOTH,LISTING_ONLY,true,true,heuristic leaf policy; zero=BOTH secondHand=LISTING_ONLY,
Ev ve Yaşam › Mobilya › Yatak Odası › Komodin,BOTH,LISTING_ONLY,true,true,heuristic leaf policy; zero=BOTH secondHand=LISTING_ONLY,
Ev ve Yaşam › Mobilya › Yatak Odası › Makyaj Masası,BOTH,LISTING_ONLY,true,true,heuristic leaf policy; zero=BOTH secondHand=LISTING_ONLY,
Ev ve Yaşam › Mobilya › Yemek Odası › Yemek Masası,BOTH,LISTING_ONLY,true,true,heuristic leaf policy; zero=BOTH secondHand=LISTING_ONLY,
Ev ve Yaşam › Mobilya › Yemek Odası › Sandalye,BOTH,LISTING_ONLY,true,true,heuristic leaf policy; zero=BOTH secondHand=LISTING_ONLY,
Ev ve Yaşam › Mobilya › Yemek Odası › Yemek Odası Takımı,BOTH,LISTING_ONLY,true,true,heuristic leaf policy; zero=BOTH secondHand=LISTING_ONLY,
Ev ve Yaşam › Mobilya › Yemek Odası › Bank,BOTH,LISTING_ONLY,true,true,heuristic leaf policy; zero=BOTH secondHand=LISTING_ONLY,
Ev ve Yaşam › Mobilya › Yemek Odası › Bar Masası,BOTH,LISTING_ONLY,true,true,heuristic leaf policy; zero=BOTH secondHand=LISTING_ONLY,
Ev ve Yaşam › Mobilya › Yemek Odası › Bar Sandalyesi,BOTH,LISTING_ONLY,true,true,heuristic leaf policy; zero=BOTH secondHand=LISTING_ONLY,
Ev ve Yaşam › Mobilya › Çalışma Odası › Çalışma Masası,BOTH,LISTING_ONLY,true,true,heuristic leaf policy; zero=BOTH secondHand=LISTING_ONLY,
Ev ve Yaşam › Mobilya › Çalışma Odası › Ofis Koltuğu,BOTH,LISTING_ONLY,true,true,heuristic leaf policy; zero=BOTH secondHand=LISTING_ONLY,
Ev ve Yaşam › Mobilya › Çalışma Odası › Çalışma Koltuğu,BOTH,LISTING_ONLY,true,true,heuristic leaf policy; zero=BOTH secondHand=LISTING_ONLY,
Ev ve Yaşam › Mobilya › Çalışma Odası › Dosya Dolabı,BOTH,LISTING_ONLY,true,true,heuristic leaf policy; zero=BOTH secondHand=LISTING_ONLY,
Ev ve Yaşam › Mobilya › Çalışma Odası › Raf,BOTH,LISTING_ONLY,true,true,heuristic leaf policy; zero=BOTH secondHand=LISTING_ONLY,
Ev ve Yaşam › Mobilya › Çalışma Odası › Toplantı Masası,BOTH,LISTING_ONLY,true,true,heuristic leaf policy; zero=BOTH secondHand=LISTING_ONLY,
Ev ve Yaşam › Mobilya › Çocuk ve Genç Odası › Çocuk Odası Takımı,BOTH,LISTING_ONLY,true,true,heuristic leaf policy; zero=BOTH secondHand=LISTING_ONLY,
Ev ve Yaşam › Mobilya › Çocuk ve Genç Odası › Genç Odası Takımı,BOTH,LISTING_ONLY,true,true,heuristic leaf policy; zero=BOTH secondHand=LISTING_ONLY,
Ev ve Yaşam › Mobilya › Çocuk ve Genç Odası › Çocuk Yatağı,BOTH,LISTING_ONLY,true,true,heuristic leaf policy; zero=BOTH secondHand=LISTING_ONLY,
Ev ve Yaşam › Mobilya › Çocuk ve Genç Odası › Ranza,BOTH,LISTING_ONLY,true,true,heuristic leaf policy; zero=BOTH secondHand=LISTING_ONLY,
Ev ve Yaşam › Mobilya › Çocuk ve Genç Odası › Çalışma Masası,BOTH,LISTING_ONLY,true,true,heuristic leaf policy; zero=BOTH secondHand=LISTING_ONLY,
Ev ve Yaşam › Mobilya › Çocuk ve Genç Odası › Oyuncak Dolabı,BOTH,LISTING_ONLY,true,true,heuristic leaf policy; zero=BOTH secondHand=LISTING_ONLY,
Ev ve Yaşam › Mobilya › Antre ve Balkon › Portmanto,BOTH,LISTING_ONLY,true,true,heuristic leaf policy; zero=BOTH secondHand=LISTING_ONLY,
Ev ve Yaşam › Mobilya › Antre ve Balkon › Ayakkabılık,BOTH,LISTING_ONLY,true,true,heuristic leaf policy; zero=BOTH secondHand=LISTING_ONLY,
Ev ve Yaşam › Mobilya › Antre ve Balkon › Dresuar,BOTH,LISTING_ONLY,true,true,heuristic leaf policy; zero=BOTH secondHand=LISTING_ONLY,
Ev ve Yaşam › Mobilya › Antre ve Balkon › Balkon Mobilyası,BOTH,BOTH,true,true,heuristic leaf policy; zero=BOTH secondHand=BOTH,
Ev ve Yaşam › Mobilya › Antre ve Balkon › Bahçe Mobilyası,BOTH,BOTH,true,true,heuristic leaf policy; zero=BOTH secondHand=BOTH,
Ev ve Yaşam › Ev Tekstili › Yatak Tekstili › Nevresim Takımı,BOTH,LISTING_ONLY,true,true,heuristic leaf policy; zero=BOTH secondHand=LISTING_ONLY,
Ev ve Yaşam › Ev Tekstili › Yatak Tekstili › Çarşaf,BOTH,LISTING_ONLY,true,true,heuristic leaf policy; zero=BOTH secondHand=LISTING_ONLY,
Ev ve Yaşam › Ev Tekstili › Yatak Tekstili › Yastık,BOTH,LISTING_ONLY,true,true,heuristic leaf policy; zero=BOTH secondHand=LISTING_ONLY,
Ev ve Yaşam › Ev Tekstili › Yatak Tekstili › Yorgan,BOTH,LISTING_ONLY,true,true,heuristic leaf policy; zero=BOTH secondHand=LISTING_ONLY,
Ev ve Yaşam › Ev Tekstili › Yatak Tekstili › Battaniye,BOTH,LISTING_ONLY,true,true,heuristic leaf policy; zero=BOTH secondHand=LISTING_ONLY,
Ev ve Yaşam › Ev Tekstili › Yatak Tekstili › Alez,BOTH,LISTING_ONLY,true,true,heuristic leaf policy; zero=BOTH secondHand=LISTING_ONLY,
Ev ve Yaşam › Ev Tekstili › Yatak Tekstili › Yatak Örtüsü,BOTH,LISTING_ONLY,true,true,heuristic leaf policy; zero=BOTH secondHand=LISTING_ONLY,
Ev ve Yaşam › Ev Tekstili › Banyo Tekstili › Havlu,BOTH,LISTING_ONLY,true,true,heuristic leaf policy; zero=BOTH secondHand=LISTING_ONLY,
Ev ve Yaşam › Ev Tekstili › Banyo Tekstili › Bornoz,BOTH,LISTING_ONLY,true,true,heuristic leaf policy; zero=BOTH secondHand=LISTING_ONLY,
Ev ve Yaşam › Ev Tekstili › Banyo Tekstili › Banyo Paspası,BOTH,LISTING_ONLY,true,true,heuristic leaf policy; zero=BOTH secondHand=LISTING_ONLY,
Ev ve Yaşam › Ev Tekstili › Banyo Tekstili › Duş Perdesi,BOTH,LISTING_ONLY,true,true,heuristic leaf policy; zero=BOTH secondHand=LISTING_ONLY,
Ev ve Yaşam › Ev Tekstili › Salon Tekstili › Perde,BOTH,LISTING_ONLY,true,true,heuristic leaf policy; zero=BOTH secondHand=LISTING_ONLY,
Ev ve Yaşam › Ev Tekstili › Salon Tekstili › Tül Perde,BOTH,LISTING_ONLY,true,true,heuristic leaf policy; zero=BOTH secondHand=LISTING_ONLY,
Ev ve Yaşam › Ev Tekstili › Salon Tekstili › Fon Perde,BOTH,LISTING_ONLY,true,true,heuristic leaf policy; zero=BOTH secondHand=LISTING_ONLY,
Ev ve Yaşam › Ev Tekstili › Salon Tekstili › Stor Perde,BOTH,LISTING_ONLY,true,true,heuristic leaf policy; zero=BOTH secondHand=LISTING_ONLY,
Ev ve Yaşam › Ev Tekstili › Salon Tekstili › Kırlent,BOTH,LISTING_ONLY,true,true,heuristic leaf policy; zero=BOTH secondHand=LISTING_ONLY,
Ev ve Yaşam › Ev Tekstili › Salon Tekstili › Kırlent Kılıfı,BOTH,LISTING_ONLY,true,true,heuristic leaf policy; zero=BOTH secondHand=LISTING_ONLY,
Ev ve Yaşam › Ev Tekstili › Salon Tekstili › Koltuk Örtüsü,BOTH,LISTING_ONLY,true,true,heuristic leaf policy; zero=BOTH secondHand=LISTING_ONLY,
Ev ve Yaşam › Ev Tekstili › Mutfak Tekstili › Masa Örtüsü,BOTH,LISTING_ONLY,true,true,heuristic leaf policy; zero=BOTH secondHand=LISTING_ONLY,
Ev ve Yaşam › Ev Tekstili › Mutfak Tekstili › Runner,BOTH,LISTING_ONLY,true,true,heuristic leaf policy; zero=BOTH secondHand=LISTING_ONLY,
Ev ve Yaşam › Ev Tekstili › Mutfak Tekstili › Peçete,BOTH,LISTING_ONLY,true,true,heuristic leaf policy; zero=BOTH secondHand=LISTING_ONLY,
Ev ve Yaşam › Ev Tekstili › Mutfak Tekstili › Mutfak Havlusu,BOTH,LISTING_ONLY,true,true,heuristic leaf policy; zero=BOTH secondHand=LISTING_ONLY,
Ev ve Yaşam › Ev Tekstili › Mutfak Tekstili › Önlük,BOTH,LISTING_ONLY,true,true,heuristic leaf policy; zero=BOTH secondHand=LISTING_ONLY,
Ev ve Yaşam › Ev Tekstili › Mutfak Tekstili › Eldiven ve Tutacak,BOTH,LISTING_ONLY,true,true,heuristic leaf policy; zero=BOTH secondHand=LISTING_ONLY,
Ev ve Yaşam › Dekorasyon › Duvar Dekorasyonu › Tablo,BOTH,LISTING_ONLY,true,true,heuristic leaf policy; zero=BOTH secondHand=LISTING_ONLY,
Ev ve Yaşam › Dekorasyon › Duvar Dekorasyonu › Poster,BOTH,LISTING_ONLY,true,true,heuristic leaf policy; zero=BOTH secondHand=LISTING_ONLY,
Ev ve Yaşam › Dekorasyon › Duvar Dekorasyonu › Duvar Saati,BOTH,LISTING_ONLY,true,true,heuristic leaf policy; zero=BOTH secondHand=LISTING_ONLY,
Ev ve Yaşam › Dekorasyon › Duvar Dekorasyonu › Ayna,BOTH,LISTING_ONLY,true,true,heuristic leaf policy; zero=BOTH secondHand=LISTING_ONLY,
Ev ve Yaşam › Dekorasyon › Duvar Dekorasyonu › Duvar Rafı,BOTH,LISTING_ONLY,true,true,heuristic leaf policy; zero=BOTH secondHand=LISTING_ONLY,
Ev ve Yaşam › Dekorasyon › Duvar Dekorasyonu › Duvar Sticker,BOTH,LISTING_ONLY,true,true,heuristic leaf policy; zero=BOTH secondHand=LISTING_ONLY,
Ev ve Yaşam › Dekorasyon › Masaüstü Dekor › Vazo,BOTH,LISTING_ONLY,true,true,heuristic leaf policy; zero=BOTH secondHand=LISTING_ONLY,
Ev ve Yaşam › Dekorasyon › Masaüstü Dekor › Biblo,BOTH,LISTING_ONLY,true,true,heuristic leaf policy; zero=BOTH secondHand=LISTING_ONLY,
Ev ve Yaşam › Dekorasyon › Masaüstü Dekor › Mum,BOTH,LISTING_ONLY,true,true,heuristic leaf policy; zero=BOTH secondHand=LISTING_ONLY,
Ev ve Yaşam › Dekorasyon › Masaüstü Dekor › Mumluk,BOTH,LISTING_ONLY,true,true,heuristic leaf policy; zero=BOTH secondHand=LISTING_ONLY,
Ev ve Yaşam › Dekorasyon › Masaüstü Dekor › Dekoratif Kutu,BOTH,LISTING_ONLY,true,true,heuristic leaf policy; zero=BOTH secondHand=LISTING_ONLY,
Ev ve Yaşam › Dekorasyon › Masaüstü Dekor › Fotoğraf Çerçevesi,BOTH,LISTING_ONLY,true,true,heuristic leaf policy; zero=BOTH secondHand=LISTING_ONLY,
Ev ve Yaşam › Dekorasyon › Halı ve Zemin › Halı,BOTH,LISTING_ONLY,true,true,heuristic leaf policy; zero=BOTH secondHand=LISTING_ONLY,
Ev ve Yaşam › Dekorasyon › Halı ve Zemin › Yolluk,BOTH,LISTING_ONLY,true,true,heuristic leaf policy; zero=BOTH secondHand=LISTING_ONLY,
Ev ve Yaşam › Dekorasyon › Halı ve Zemin › Kilim,BOTH,LISTING_ONLY,true,true,heuristic leaf policy; zero=BOTH secondHand=LISTING_ONLY,
Ev ve Yaşam › Dekorasyon › Halı ve Zemin › Paspas,BOTH,LISTING_ONLY,true,true,heuristic leaf policy; zero=BOTH secondHand=LISTING_ONLY,
Ev ve Yaşam › Dekorasyon › Halı ve Zemin › PVC Zemin,BOTH,LISTING_ONLY,true,true,heuristic leaf policy; zero=BOTH secondHand=LISTING_ONLY,
Ev ve Yaşam › Dekorasyon › Halı ve Zemin › Yer Minderi,BOTH,LISTING_ONLY,true,true,heuristic leaf policy; zero=BOTH secondHand=LISTING_ONLY,
Ev ve Yaşam › Aydınlatma › İç Mekan › Avize,BOTH,LISTING_ONLY,true,true,heuristic leaf policy; zero=BOTH secondHand=LISTING_ONLY,
Ev ve Yaşam › Aydınlatma › İç Mekan › Sarkıt,BOTH,LISTING_ONLY,true,true,heuristic leaf policy; zero=BOTH secondHand=LISTING_ONLY,
Ev ve Yaşam › Aydınlatma › İç Mekan › Plafonyer,BOTH,LISTING_ONLY,true,true,heuristic leaf policy; zero=BOTH secondHand=LISTING_ONLY,
Ev ve Yaşam › Aydınlatma › İç Mekan › Aplik,BOTH,LISTING_ONLY,true,true,heuristic leaf policy; zero=BOTH secondHand=LISTING_ONLY,
Ev ve Yaşam › Aydınlatma › İç Mekan › Lambader,BOTH,LISTING_ONLY,true,true,heuristic leaf policy; zero=BOTH secondHand=LISTING_ONLY,
Ev ve Yaşam › Aydınlatma › İç Mekan › Abajur,BOTH,LISTING_ONLY,true,true,heuristic leaf policy; zero=BOTH secondHand=LISTING_ONLY,
Ev ve Yaşam › Aydınlatma › İç Mekan › Masa Lambası,BOTH,LISTING_ONLY,true,true,heuristic leaf policy; zero=BOTH secondHand=LISTING_ONLY,
Ev ve Yaşam › Aydınlatma › İç Mekan › Gece Lambası,BOTH,LISTING_ONLY,true,true,heuristic leaf policy; zero=BOTH secondHand=LISTING_ONLY,
Ev ve Yaşam › Aydınlatma › Dış Mekan › Bahçe Aydınlatması,BOTH,LISTING_ONLY,true,true,heuristic leaf policy; zero=BOTH secondHand=LISTING_ONLY,
Ev ve Yaşam › Aydınlatma › Dış Mekan › Solar Aydınlatma,BOTH,LISTING_ONLY,true,true,heuristic leaf policy; zero=BOTH secondHand=LISTING_ONLY,
Ev ve Yaşam › Aydınlatma › Dış Mekan › Projektör,BOTH,LISTING_ONLY,true,true,heuristic leaf policy; zero=BOTH secondHand=LISTING_ONLY,
Ev ve Yaşam › Aydınlatma › Dış Mekan › Sensörlü Aydınlatma,BOTH,LISTING_ONLY,true,true,heuristic leaf policy; zero=BOTH secondHand=LISTING_ONLY,
Ev ve Yaşam › Aydınlatma › Ampul ve Ekipman › LED Ampul,BOTH,LISTING_ONLY,true,true,heuristic leaf policy; zero=BOTH secondHand=LISTING_ONLY,
Ev ve Yaşam › Aydınlatma › Ampul ve Ekipman › Akıllı Ampul,BOTH,LISTING_ONLY,true,true,heuristic leaf policy; zero=BOTH secondHand=LISTING_ONLY,
Ev ve Yaşam › Aydınlatma › Ampul ve Ekipman › Floresan,BOTH,LISTING_ONLY,true,true,heuristic leaf policy; zero=BOTH secondHand=LISTING_ONLY,
Ev ve Yaşam › Aydınlatma › Ampul ve Ekipman › Şerit LED,BOTH,LISTING_ONLY,true,true,heuristic leaf policy; zero=BOTH secondHand=LISTING_ONLY,
Ev ve Yaşam › Aydınlatma › Ampul ve Ekipman › LED Profil,BOTH,LISTING_ONLY,true,true,heuristic leaf policy; zero=BOTH secondHand=LISTING_ONLY,
Ev ve Yaşam › Aydınlatma › Ampul ve Ekipman › Duy ve Soket,BOTH,LISTING_ONLY,true,true,heuristic leaf policy; zero=BOTH secondHand=LISTING_ONLY,
Ev ve Yaşam › Temizlik ve Düzen › Temizlik Ürünleri › Mop,BOTH,LISTING_ONLY,true,true,heuristic leaf policy; zero=BOTH secondHand=LISTING_ONLY,
Ev ve Yaşam › Temizlik ve Düzen › Temizlik Ürünleri › Kova,BOTH,LISTING_ONLY,true,true,heuristic leaf policy; zero=BOTH secondHand=LISTING_ONLY,
Ev ve Yaşam › Temizlik ve Düzen › Temizlik Ürünleri › Faraş ve Süpürge,BOTH,LISTING_ONLY,true,true,heuristic leaf policy; zero=BOTH secondHand=LISTING_ONLY,
Ev ve Yaşam › Temizlik ve Düzen › Temizlik Ürünleri › Cam Sileceği,BOTH,LISTING_ONLY,true,true,heuristic leaf policy; zero=BOTH secondHand=LISTING_ONLY,
Ev ve Yaşam › Temizlik ve Düzen › Temizlik Ürünleri › Temizlik Bezi,BOTH,LISTING_ONLY,true,true,heuristic leaf policy; zero=BOTH secondHand=LISTING_ONLY,
Ev ve Yaşam › Temizlik ve Düzen › Temizlik Ürünleri › Fırça,BOTH,LISTING_ONLY,true,true,heuristic leaf policy; zero=BOTH secondHand=LISTING_ONLY,
Ev ve Yaşam › Temizlik ve Düzen › Temizlik Ürünleri › Çamaşır Sepeti,BOTH,LISTING_ONLY,true,true,heuristic leaf policy; zero=BOTH secondHand=LISTING_ONLY,
Ev ve Yaşam › Temizlik ve Düzen › Düzenleyiciler › Hurç,BOTH,LISTING_ONLY,true,true,heuristic leaf policy; zero=BOTH secondHand=LISTING_ONLY,
Ev ve Yaşam › Temizlik ve Düzen › Düzenleyiciler › Vakumlu Poşet,BOTH,LISTING_ONLY,true,true,heuristic leaf policy; zero=BOTH secondHand=LISTING_ONLY,
Ev ve Yaşam › Temizlik ve Düzen › Düzenleyiciler › Askı,BOTH,LISTING_ONLY,true,true,heuristic leaf policy; zero=BOTH secondHand=LISTING_ONLY,
Ev ve Yaşam › Temizlik ve Düzen › Düzenleyiciler › Ayakkabı Organizeri,BOTH,LISTING_ONLY,true,true,heuristic leaf policy; zero=BOTH secondHand=LISTING_ONLY,
Ev ve Yaşam › Temizlik ve Düzen › Düzenleyiciler › Çekmece Düzenleyici,BOTH,LISTING_ONLY,true,true,heuristic leaf policy; zero=BOTH secondHand=LISTING_ONLY,
Ev ve Yaşam › Temizlik ve Düzen › Düzenleyiciler › Kutu ve Sepet,BOTH,LISTING_ONLY,true,true,heuristic leaf policy; zero=BOTH secondHand=LISTING_ONLY,
Moda › Kadın › Üst Giyim › Tişört,BOTH,LISTING_ONLY,true,true,heuristic leaf policy; zero=BOTH secondHand=LISTING_ONLY,
Moda › Kadın › Üst Giyim › Gömlek,BOTH,LISTING_ONLY,true,true,heuristic leaf policy; zero=BOTH secondHand=LISTING_ONLY,
Moda › Kadın › Üst Giyim › Bluz,BOTH,LISTING_ONLY,true,true,heuristic leaf policy; zero=BOTH secondHand=LISTING_ONLY,
Moda › Kadın › Üst Giyim › Sweatshirt,BOTH,LISTING_ONLY,true,true,heuristic leaf policy; zero=BOTH secondHand=LISTING_ONLY,
Moda › Kadın › Üst Giyim › Kazak,BOTH,LISTING_ONLY,true,true,heuristic leaf policy; zero=BOTH secondHand=LISTING_ONLY,
Moda › Kadın › Üst Giyim › Hırka,BOTH,LISTING_ONLY,true,true,heuristic leaf policy; zero=BOTH secondHand=LISTING_ONLY,
Moda › Kadın › Üst Giyim › Tunik,BOTH,LISTING_ONLY,true,true,heuristic leaf policy; zero=BOTH secondHand=LISTING_ONLY,
Moda › Kadın › Üst Giyim › Crop Top,BOTH,LISTING_ONLY,true,true,heuristic leaf policy; zero=BOTH secondHand=LISTING_ONLY,
Moda › Kadın › Alt Giyim › Pantolon,BOTH,LISTING_ONLY,true,true,heuristic leaf policy; zero=BOTH secondHand=LISTING_ONLY,
Moda › Kadın › Alt Giyim › Jean,BOTH,LISTING_ONLY,true,true,heuristic leaf policy; zero=BOTH secondHand=LISTING_ONLY,
Moda › Kadın › Alt Giyim › Etek,BOTH,LISTING_ONLY,true,true,heuristic leaf policy; zero=BOTH secondHand=LISTING_ONLY,
Moda › Kadın › Alt Giyim › Şort,BOTH,LISTING_ONLY,true,true,heuristic leaf policy; zero=BOTH secondHand=LISTING_ONLY,
Moda › Kadın › Alt Giyim › Tayt,BOTH,LISTING_ONLY,true,true,heuristic leaf policy; zero=BOTH secondHand=LISTING_ONLY,
Moda › Kadın › Elbise ve Tulum › Günlük Elbise,BOTH,LISTING_ONLY,true,true,heuristic leaf policy; zero=BOTH secondHand=LISTING_ONLY,
Moda › Kadın › Elbise ve Tulum › Abiye Elbise,BOTH,LISTING_ONLY,true,true,heuristic leaf policy; zero=BOTH secondHand=LISTING_ONLY,
Moda › Kadın › Elbise ve Tulum › Tulum,BOTH,LISTING_ONLY,true,true,heuristic leaf policy; zero=BOTH secondHand=LISTING_ONLY,
Moda › Kadın › Elbise ve Tulum › Salopet,BOTH,LISTING_ONLY,true,true,heuristic leaf policy; zero=BOTH secondHand=LISTING_ONLY,
Moda › Kadın › Dış Giyim › Mont,BOTH,LISTING_ONLY,true,true,heuristic leaf policy; zero=BOTH secondHand=LISTING_ONLY,
Moda › Kadın › Dış Giyim › Kaban,BOTH,LISTING_ONLY,true,true,heuristic leaf policy; zero=BOTH secondHand=LISTING_ONLY,
Moda › Kadın › Dış Giyim › Trençkot,BOTH,LISTING_ONLY,true,true,heuristic leaf policy; zero=BOTH secondHand=LISTING_ONLY,
Moda › Kadın › Dış Giyim › Ceket,BOTH,LISTING_ONLY,true,true,heuristic leaf policy; zero=BOTH secondHand=LISTING_ONLY,
Moda › Kadın › Dış Giyim › Yelek,BOTH,LISTING_ONLY,true,true,heuristic leaf policy; zero=BOTH secondHand=LISTING_ONLY,
Moda › Kadın › Dış Giyim › Yağmurluk,BOTH,LISTING_ONLY,true,true,heuristic leaf policy; zero=BOTH secondHand=LISTING_ONLY,
Moda › Kadın › İç Giyim › Sütyen,BOTH,LISTING_ONLY,true,true,heuristic leaf policy; zero=BOTH secondHand=LISTING_ONLY,
Moda › Kadın › İç Giyim › Külot,BOTH,LISTING_ONLY,true,true,heuristic leaf policy; zero=BOTH secondHand=LISTING_ONLY,
Moda › Kadın › İç Giyim › Atlet,BOTH,LISTING_ONLY,true,true,heuristic leaf policy; zero=BOTH secondHand=LISTING_ONLY,
Moda › Kadın › İç Giyim › Body,BOTH,LISTING_ONLY,true,true,heuristic leaf policy; zero=BOTH secondHand=LISTING_ONLY,
Moda › Kadın › İç Giyim › Gecelik,BOTH,LISTING_ONLY,true,true,heuristic leaf policy; zero=BOTH secondHand=LISTING_ONLY,
Moda › Kadın › İç Giyim › Pijama,BOTH,LISTING_ONLY,true,true,heuristic leaf policy; zero=BOTH secondHand=LISTING_ONLY,
Moda › Kadın › İç Giyim › Sabahlık,BOTH,LISTING_ONLY,true,true,heuristic leaf policy; zero=BOTH secondHand=LISTING_ONLY,
Moda › Kadın › Tesettür › Ferace,BOTH,LISTING_ONLY,true,true,heuristic leaf policy; zero=BOTH secondHand=LISTING_ONLY,
Moda › Kadın › Tesettür › Kap,BOTH,LISTING_ONLY,true,true,heuristic leaf policy; zero=BOTH secondHand=LISTING_ONLY,
Moda › Kadın › Tesettür › Tesettür Elbise,BOTH,LISTING_ONLY,true,true,heuristic leaf policy; zero=BOTH secondHand=LISTING_ONLY,
Moda › Kadın › Tesettür › Şal,BOTH,LISTING_ONLY,true,true,heuristic leaf policy; zero=BOTH secondHand=LISTING_ONLY,
Moda › Kadın › Tesettür › Eşarp,BOTH,LISTING_ONLY,true,true,heuristic leaf policy; zero=BOTH secondHand=LISTING_ONLY,
Moda › Erkek › Üst Giyim › Tişört,BOTH,LISTING_ONLY,true,true,heuristic leaf policy; zero=BOTH secondHand=LISTING_ONLY,
Moda › Erkek › Üst Giyim › Polo Yaka Tişört,BOTH,LISTING_ONLY,true,true,heuristic leaf policy; zero=BOTH secondHand=LISTING_ONLY,
Moda › Erkek › Üst Giyim › Gömlek,BOTH,LISTING_ONLY,true,true,heuristic leaf policy; zero=BOTH secondHand=LISTING_ONLY,
Moda › Erkek › Üst Giyim › Sweatshirt,BOTH,LISTING_ONLY,true,true,heuristic leaf policy; zero=BOTH secondHand=LISTING_ONLY,
Moda › Erkek › Üst Giyim › Kazak,BOTH,LISTING_ONLY,true,true,heuristic leaf policy; zero=BOTH secondHand=LISTING_ONLY,
Moda › Erkek › Üst Giyim › Hırka,BOTH,LISTING_ONLY,true,true,heuristic leaf policy; zero=BOTH secondHand=LISTING_ONLY,
Moda › Erkek › Alt Giyim › Pantolon,BOTH,LISTING_ONLY,true,true,heuristic leaf policy; zero=BOTH secondHand=LISTING_ONLY,
Moda › Erkek › Alt Giyim › Jean,BOTH,LISTING_ONLY,true,true,heuristic leaf policy; zero=BOTH secondHand=LISTING_ONLY,
Moda › Erkek › Alt Giyim › Şort,BOTH,LISTING_ONLY,true,true,heuristic leaf policy; zero=BOTH secondHand=LISTING_ONLY,
Moda › Erkek › Alt Giyim › Eşofman Altı,BOTH,LISTING_ONLY,true,true,heuristic leaf policy; zero=BOTH secondHand=LISTING_ONLY,
Moda › Erkek › Takım ve Dış Giyim › Takım Elbise,BOTH,LISTING_ONLY,true,true,heuristic leaf policy; zero=BOTH secondHand=LISTING_ONLY,
Moda › Erkek › Takım ve Dış Giyim › Ceket,BOTH,LISTING_ONLY,true,true,heuristic leaf policy; zero=BOTH secondHand=LISTING_ONLY,
Moda › Erkek › Takım ve Dış Giyim › Mont,BOTH,LISTING_ONLY,true,true,heuristic leaf policy; zero=BOTH secondHand=LISTING_ONLY,
Moda › Erkek › Takım ve Dış Giyim › Kaban,BOTH,LISTING_ONLY,true,true,heuristic leaf policy; zero=BOTH secondHand=LISTING_ONLY,
Moda › Erkek › Takım ve Dış Giyim › Yelek,BOTH,LISTING_ONLY,true,true,heuristic leaf policy; zero=BOTH secondHand=LISTING_ONLY,
Moda › Erkek › Takım ve Dış Giyim › Yağmurluk,BOTH,LISTING_ONLY,true,true,heuristic leaf policy; zero=BOTH secondHand=LISTING_ONLY,
Moda › Erkek › İç Giyim › Boxer,BOTH,LISTING_ONLY,true,true,heuristic leaf policy; zero=BOTH secondHand=LISTING_ONLY,
Moda › Erkek › İç Giyim › Atlet,BOTH,LISTING_ONLY,true,true,heuristic leaf policy; zero=BOTH secondHand=LISTING_ONLY,
Moda › Erkek › İç Giyim › Fanila,BOTH,LISTING_ONLY,true,true,heuristic leaf policy; zero=BOTH secondHand=LISTING_ONLY,
Moda › Erkek › İç Giyim › Pijama,BOTH,LISTING_ONLY,true,true,heuristic leaf policy; zero=BOTH secondHand=LISTING_ONLY,
Moda › Erkek › İç Giyim › Çorap,BOTH,LISTING_ONLY,true,true,heuristic leaf policy; zero=BOTH secondHand=LISTING_ONLY,
Moda › Ayakkabı › Kadın Ayakkabı › Sneaker,BOTH,LISTING_ONLY,true,true,heuristic leaf policy; zero=BOTH secondHand=LISTING_ONLY,
Moda › Ayakkabı › Kadın Ayakkabı › Topuklu Ayakkabı,BOTH,LISTING_ONLY,true,true,heuristic leaf policy; zero=BOTH secondHand=LISTING_ONLY,
Moda › Ayakkabı › Kadın Ayakkabı › Babet,BOTH,LISTING_ONLY,true,true,heuristic leaf policy; zero=BOTH secondHand=LISTING_ONLY,
Moda › Ayakkabı › Kadın Ayakkabı › Sandalet,BOTH,LISTING_ONLY,true,true,heuristic leaf policy; zero=BOTH secondHand=LISTING_ONLY,
Moda › Ayakkabı › Kadın Ayakkabı › Bot,BOTH,LISTING_ONLY,true,true,heuristic leaf policy; zero=BOTH secondHand=LISTING_ONLY,
Moda › Ayakkabı › Kadın Ayakkabı › Çizme,BOTH,LISTING_ONLY,true,true,heuristic leaf policy; zero=BOTH secondHand=LISTING_ONLY,
Moda › Ayakkabı › Kadın Ayakkabı › Terlik,BOTH,LISTING_ONLY,true,true,heuristic leaf policy; zero=BOTH secondHand=LISTING_ONLY,
Moda › Ayakkabı › Erkek Ayakkabı › Sneaker,BOTH,LISTING_ONLY,true,true,heuristic leaf policy; zero=BOTH secondHand=LISTING_ONLY,
Moda › Ayakkabı › Erkek Ayakkabı › Klasik Ayakkabı,BOTH,LISTING_ONLY,true,true,heuristic leaf policy; zero=BOTH secondHand=LISTING_ONLY,
Moda › Ayakkabı › Erkek Ayakkabı › Loafer,BOTH,LISTING_ONLY,true,true,heuristic leaf policy; zero=BOTH secondHand=LISTING_ONLY,
Moda › Ayakkabı › Erkek Ayakkabı › Bot,BOTH,LISTING_ONLY,true,true,heuristic leaf policy; zero=BOTH secondHand=LISTING_ONLY,
Moda › Ayakkabı › Erkek Ayakkabı › Sandalet,BOTH,LISTING_ONLY,true,true,heuristic leaf policy; zero=BOTH secondHand=LISTING_ONLY,
Moda › Ayakkabı › Erkek Ayakkabı › Terlik,BOTH,LISTING_ONLY,true,true,heuristic leaf policy; zero=BOTH secondHand=LISTING_ONLY,
Moda › Ayakkabı › Spor Ayakkabı › Koşu Ayakkabısı,BOTH,LISTING_ONLY,true,true,heuristic leaf policy; zero=BOTH secondHand=LISTING_ONLY,
Moda › Ayakkabı › Spor Ayakkabı › Yürüyüş Ayakkabısı,BOTH,LISTING_ONLY,true,true,heuristic leaf policy; zero=BOTH secondHand=LISTING_ONLY,
Moda › Ayakkabı › Spor Ayakkabı › Basketbol Ayakkabısı,BOTH,LISTING_ONLY,true,true,heuristic leaf policy; zero=BOTH secondHand=LISTING_ONLY,
Moda › Ayakkabı › Spor Ayakkabı › Futbol Ayakkabısı,BOTH,LISTING_ONLY,true,true,heuristic leaf policy; zero=BOTH secondHand=LISTING_ONLY,
Moda › Ayakkabı › Spor Ayakkabı › Outdoor Ayakkabı,BOTH,LISTING_ONLY,true,true,heuristic leaf policy; zero=BOTH secondHand=LISTING_ONLY,
Moda › Çanta ve Aksesuar › Çanta › Omuz Çantası,BOTH,LISTING_ONLY,true,true,heuristic leaf policy; zero=BOTH secondHand=LISTING_ONLY,
Moda › Çanta ve Aksesuar › Çanta › El Çantası,BOTH,LISTING_ONLY,true,true,heuristic leaf policy; zero=BOTH secondHand=LISTING_ONLY,
Moda › Çanta ve Aksesuar › Çanta › Sırt Çantası,BOTH,LISTING_ONLY,true,true,heuristic leaf policy; zero=BOTH secondHand=LISTING_ONLY,
Moda › Çanta ve Aksesuar › Çanta › Bel Çantası,BOTH,LISTING_ONLY,true,true,heuristic leaf policy; zero=BOTH secondHand=LISTING_ONLY,
Moda › Çanta ve Aksesuar › Çanta › Laptop Çantası,CATALOG_ONLY,LISTING_ONLY,true,true,heuristic leaf policy; zero=CATALOG_ONLY secondHand=LISTING_ONLY,
Moda › Çanta ve Aksesuar › Çanta › Valiz,BOTH,LISTING_ONLY,true,true,heuristic leaf policy; zero=BOTH secondHand=LISTING_ONLY,
Moda › Çanta ve Aksesuar › Çanta › Cüzdan,BOTH,LISTING_ONLY,true,true,heuristic leaf policy; zero=BOTH secondHand=LISTING_ONLY,
Moda › Çanta ve Aksesuar › Çanta › Kartlık,BOTH,LISTING_ONLY,true,true,heuristic leaf policy; zero=BOTH secondHand=LISTING_ONLY,
Moda › Çanta ve Aksesuar › Aksesuar › Kemer,BOTH,LISTING_ONLY,true,true,heuristic leaf policy; zero=BOTH secondHand=LISTING_ONLY,
Moda › Çanta ve Aksesuar › Aksesuar › Şapka,BOTH,LISTING_ONLY,true,true,heuristic leaf policy; zero=BOTH secondHand=LISTING_ONLY,
Moda › Çanta ve Aksesuar › Aksesuar › Bere,BOTH,LISTING_ONLY,true,true,heuristic leaf policy; zero=BOTH secondHand=LISTING_ONLY,
Moda › Çanta ve Aksesuar › Aksesuar › Atkı,BOTH,LISTING_ONLY,true,true,heuristic leaf policy; zero=BOTH secondHand=LISTING_ONLY,
Moda › Çanta ve Aksesuar › Aksesuar › Eldiven,BOTH,LISTING_ONLY,true,true,heuristic leaf policy; zero=BOTH secondHand=LISTING_ONLY,
Moda › Çanta ve Aksesuar › Aksesuar › Güneş Gözlüğü,BOTH,LISTING_ONLY,true,true,heuristic leaf policy; zero=BOTH secondHand=LISTING_ONLY,
Moda › Çanta ve Aksesuar › Aksesuar › Şemsiye,BOTH,LISTING_ONLY,true,true,heuristic leaf policy; zero=BOTH secondHand=LISTING_ONLY,
Moda › Çanta ve Aksesuar › Takı › Kolye,BOTH,LISTING_ONLY,true,true,heuristic leaf policy; zero=BOTH secondHand=LISTING_ONLY,
Moda › Çanta ve Aksesuar › Takı › Bileklik,BOTH,LISTING_ONLY,true,true,heuristic leaf policy; zero=BOTH secondHand=LISTING_ONLY,
Moda › Çanta ve Aksesuar › Takı › Küpe,BOTH,LISTING_ONLY,true,true,heuristic leaf policy; zero=BOTH secondHand=LISTING_ONLY,
Moda › Çanta ve Aksesuar › Takı › Yüzük,BOTH,LISTING_ONLY,true,true,heuristic leaf policy; zero=BOTH secondHand=LISTING_ONLY,
Moda › Çanta ve Aksesuar › Takı › Halhal,BOTH,LISTING_ONLY,true,true,heuristic leaf policy; zero=BOTH secondHand=LISTING_ONLY,
Moda › Çanta ve Aksesuar › Takı › Broş,BOTH,LISTING_ONLY,true,true,heuristic leaf policy; zero=BOTH secondHand=LISTING_ONLY,
"Anne, Bebek ve Çocuk › Bebek Arabası ve Taşıma › Bebek Arabası › Travel Sistem Bebek Arabası",BOTH,LISTING_ONLY,true,true,heuristic leaf policy; zero=BOTH secondHand=LISTING_ONLY,
"Anne, Bebek ve Çocuk › Bebek Arabası ve Taşıma › Bebek Arabası › Baston Bebek Arabası",BOTH,LISTING_ONLY,true,true,heuristic leaf policy; zero=BOTH secondHand=LISTING_ONLY,
"Anne, Bebek ve Çocuk › Bebek Arabası ve Taşıma › Bebek Arabası › İkiz Bebek Arabası",BOTH,LISTING_ONLY,true,true,heuristic leaf policy; zero=BOTH secondHand=LISTING_ONLY,
"Anne, Bebek ve Çocuk › Bebek Arabası ve Taşıma › Bebek Arabası › Jogger Bebek Arabası",BOTH,LISTING_ONLY,true,true,heuristic leaf policy; zero=BOTH secondHand=LISTING_ONLY,
"Anne, Bebek ve Çocuk › Bebek Arabası ve Taşıma › Taşıma › Ana Kucağı",BOTH,LISTING_ONLY,true,true,heuristic leaf policy; zero=BOTH secondHand=LISTING_ONLY,
"Anne, Bebek ve Çocuk › Bebek Arabası ve Taşıma › Taşıma › Puset",BOTH,LISTING_ONLY,true,true,heuristic leaf policy; zero=BOTH secondHand=LISTING_ONLY,
"Anne, Bebek ve Çocuk › Bebek Arabası ve Taşıma › Taşıma › Kanguru",BOTH,LISTING_ONLY,true,true,heuristic leaf policy; zero=BOTH secondHand=LISTING_ONLY,
"Anne, Bebek ve Çocuk › Bebek Arabası ve Taşıma › Taşıma › Sling",BOTH,LISTING_ONLY,true,true,heuristic leaf policy; zero=BOTH secondHand=LISTING_ONLY,
"Anne, Bebek ve Çocuk › Bebek Arabası ve Taşıma › Taşıma › Portbebe",BOTH,LISTING_ONLY,true,true,heuristic leaf policy; zero=BOTH secondHand=LISTING_ONLY,
"Anne, Bebek ve Çocuk › Bebek Odası › Mobilya › Bebek Beşiği",BOTH,LISTING_ONLY,true,true,heuristic leaf policy; zero=BOTH secondHand=LISTING_ONLY,
"Anne, Bebek ve Çocuk › Bebek Odası › Mobilya › Bebek Karyolası",BOTH,LISTING_ONLY,true,true,heuristic leaf policy; zero=BOTH secondHand=LISTING_ONLY,
"Anne, Bebek ve Çocuk › Bebek Odası › Mobilya › Bebek Yatağı",BOTH,LISTING_ONLY,true,true,heuristic leaf policy; zero=BOTH secondHand=LISTING_ONLY,
"Anne, Bebek ve Çocuk › Bebek Odası › Mobilya › Alt Açma Ünitesi",BOTH,LISTING_ONLY,true,true,heuristic leaf policy; zero=BOTH secondHand=LISTING_ONLY,
"Anne, Bebek ve Çocuk › Bebek Odası › Mobilya › Bebek Dolabı",BOTH,LISTING_ONLY,true,true,heuristic leaf policy; zero=BOTH secondHand=LISTING_ONLY,
"Anne, Bebek ve Çocuk › Bebek Odası › Tekstil › Bebek Nevresimi",BOTH,LISTING_ONLY,true,true,heuristic leaf policy; zero=BOTH secondHand=LISTING_ONLY,
"Anne, Bebek ve Çocuk › Bebek Odası › Tekstil › Uyku Tulumu",BOTH,LISTING_ONLY,true,true,heuristic leaf policy; zero=BOTH secondHand=LISTING_ONLY,
"Anne, Bebek ve Çocuk › Bebek Odası › Tekstil › Bebek Battaniyesi",BOTH,LISTING_ONLY,true,true,heuristic leaf policy; zero=BOTH secondHand=LISTING_ONLY,
"Anne, Bebek ve Çocuk › Bebek Odası › Tekstil › Bebek Yastığı",BOTH,LISTING_ONLY,true,true,heuristic leaf policy; zero=BOTH secondHand=LISTING_ONLY,
"Anne, Bebek ve Çocuk › Bebek Odası › Tekstil › Cibinlik",BOTH,LISTING_ONLY,true,true,heuristic leaf policy; zero=BOTH secondHand=LISTING_ONLY,
"Anne, Bebek ve Çocuk › Beslenme › Emzirme › Göğüs Pompası",BOTH,LISTING_ONLY,true,true,heuristic leaf policy; zero=BOTH secondHand=LISTING_ONLY,
"Anne, Bebek ve Çocuk › Beslenme › Emzirme › Emzirme Yastığı",BOTH,LISTING_ONLY,true,true,heuristic leaf policy; zero=BOTH secondHand=LISTING_ONLY,
"Anne, Bebek ve Çocuk › Beslenme › Emzirme › Süt Saklama Poşeti",BOTH,LISTING_ONLY,true,true,heuristic leaf policy; zero=BOTH secondHand=LISTING_ONLY,
"Anne, Bebek ve Çocuk › Beslenme › Emzirme › Göğüs Pedi",BOTH,LISTING_ONLY,true,true,heuristic leaf policy; zero=BOTH secondHand=LISTING_ONLY,
"Anne, Bebek ve Çocuk › Beslenme › Biberon ve Mama › Biberon",BOTH,LISTING_ONLY,true,true,heuristic leaf policy; zero=BOTH secondHand=LISTING_ONLY,
"Anne, Bebek ve Çocuk › Beslenme › Biberon ve Mama › Emzik",BOTH,LISTING_ONLY,true,true,heuristic leaf policy; zero=BOTH secondHand=LISTING_ONLY,
"Anne, Bebek ve Çocuk › Beslenme › Biberon ve Mama › Biberon Isıtıcı",BOTH,LISTING_ONLY,true,true,heuristic leaf policy; zero=BOTH secondHand=LISTING_ONLY,
"Anne, Bebek ve Çocuk › Beslenme › Biberon ve Mama › Sterilizatör",BOTH,LISTING_ONLY,true,true,heuristic leaf policy; zero=BOTH secondHand=LISTING_ONLY,
"Anne, Bebek ve Çocuk › Beslenme › Biberon ve Mama › Mama Sandalyesi",BOTH,LISTING_ONLY,true,true,heuristic leaf policy; zero=BOTH secondHand=LISTING_ONLY,
"Anne, Bebek ve Çocuk › Beslenme › Biberon ve Mama › Mama Seti",BOTH,LISTING_ONLY,true,true,heuristic leaf policy; zero=BOTH secondHand=LISTING_ONLY,
"Anne, Bebek ve Çocuk › Bakım ve Güvenlik › Bakım › Bebek Bezi",BOTH,LISTING_ONLY,true,true,heuristic leaf policy; zero=BOTH secondHand=LISTING_ONLY,
"Anne, Bebek ve Çocuk › Bakım ve Güvenlik › Bakım › Islak Mendil",BOTH,LISTING_ONLY,true,true,heuristic leaf policy; zero=BOTH secondHand=LISTING_ONLY,
"Anne, Bebek ve Çocuk › Bakım ve Güvenlik › Bakım › Bebek Şampuanı",BOTH,LISTING_ONLY,true,true,heuristic leaf policy; zero=BOTH secondHand=LISTING_ONLY,
"Anne, Bebek ve Çocuk › Bakım ve Güvenlik › Bakım › Bebek Yağı",BOTH,LISTING_ONLY,true,true,heuristic leaf policy; zero=BOTH secondHand=LISTING_ONLY,
"Anne, Bebek ve Çocuk › Bakım ve Güvenlik › Bakım › Pişik Kremi",BOTH,LISTING_ONLY,true,true,heuristic leaf policy; zero=BOTH secondHand=LISTING_ONLY,
"Anne, Bebek ve Çocuk › Bakım ve Güvenlik › Bakım › Bebek Küveti",BOTH,LISTING_ONLY,true,true,heuristic leaf policy; zero=BOTH secondHand=LISTING_ONLY,
"Anne, Bebek ve Çocuk › Bakım ve Güvenlik › Güvenlik › Bebek Kamerası",BOTH,LISTING_ONLY,true,true,heuristic leaf policy; zero=BOTH secondHand=LISTING_ONLY,
"Anne, Bebek ve Çocuk › Bakım ve Güvenlik › Güvenlik › Telsiz",BOTH,LISTING_ONLY,true,true,heuristic leaf policy; zero=BOTH secondHand=LISTING_ONLY,
"Anne, Bebek ve Çocuk › Bakım ve Güvenlik › Güvenlik › Güvenlik Kapısı",BOTH,LISTING_ONLY,true,true,heuristic leaf policy; zero=BOTH secondHand=LISTING_ONLY,
"Anne, Bebek ve Çocuk › Bakım ve Güvenlik › Güvenlik › Priz Koruyucu",BOTH,LISTING_ONLY,true,true,heuristic leaf policy; zero=BOTH secondHand=LISTING_ONLY,
"Anne, Bebek ve Çocuk › Bakım ve Güvenlik › Güvenlik › Köşe Koruyucu",BOTH,LISTING_ONLY,true,true,heuristic leaf policy; zero=BOTH secondHand=LISTING_ONLY,
"Anne, Bebek ve Çocuk › Çocuk Giyim › Kız Çocuk › Tişört",BOTH,LISTING_ONLY,true,true,heuristic leaf policy; zero=BOTH secondHand=LISTING_ONLY,
"Anne, Bebek ve Çocuk › Çocuk Giyim › Kız Çocuk › Elbise",BOTH,LISTING_ONLY,true,true,heuristic leaf policy; zero=BOTH secondHand=LISTING_ONLY,
"Anne, Bebek ve Çocuk › Çocuk Giyim › Kız Çocuk › Pantolon",BOTH,LISTING_ONLY,true,true,heuristic leaf policy; zero=BOTH secondHand=LISTING_ONLY,
"Anne, Bebek ve Çocuk › Çocuk Giyim › Kız Çocuk › Etek",BOTH,LISTING_ONLY,true,true,heuristic leaf policy; zero=BOTH secondHand=LISTING_ONLY,
"Anne, Bebek ve Çocuk › Çocuk Giyim › Kız Çocuk › Mont",BOTH,LISTING_ONLY,true,true,heuristic leaf policy; zero=BOTH secondHand=LISTING_ONLY,
"Anne, Bebek ve Çocuk › Çocuk Giyim › Kız Çocuk › Pijama",BOTH,LISTING_ONLY,true,true,heuristic leaf policy; zero=BOTH secondHand=LISTING_ONLY,
"Anne, Bebek ve Çocuk › Çocuk Giyim › Kız Çocuk › İç Giyim",BOTH,LISTING_ONLY,true,true,heuristic leaf policy; zero=BOTH secondHand=LISTING_ONLY,
"Anne, Bebek ve Çocuk › Çocuk Giyim › Erkek Çocuk › Tişört",BOTH,LISTING_ONLY,true,true,heuristic leaf policy; zero=BOTH secondHand=LISTING_ONLY,
"Anne, Bebek ve Çocuk › Çocuk Giyim › Erkek Çocuk › Gömlek",BOTH,LISTING_ONLY,true,true,heuristic leaf policy; zero=BOTH secondHand=LISTING_ONLY,
"Anne, Bebek ve Çocuk › Çocuk Giyim › Erkek Çocuk › Pantolon",BOTH,LISTING_ONLY,true,true,heuristic leaf policy; zero=BOTH secondHand=LISTING_ONLY,
"Anne, Bebek ve Çocuk › Çocuk Giyim › Erkek Çocuk › Şort",BOTH,LISTING_ONLY,true,true,heuristic leaf policy; zero=BOTH secondHand=LISTING_ONLY,
"Anne, Bebek ve Çocuk › Çocuk Giyim › Erkek Çocuk › Mont",BOTH,LISTING_ONLY,true,true,heuristic leaf policy; zero=BOTH secondHand=LISTING_ONLY,
"Anne, Bebek ve Çocuk › Çocuk Giyim › Erkek Çocuk › Pijama",BOTH,LISTING_ONLY,true,true,heuristic leaf policy; zero=BOTH secondHand=LISTING_ONLY,
"Anne, Bebek ve Çocuk › Çocuk Giyim › Erkek Çocuk › İç Giyim",BOTH,LISTING_ONLY,true,true,heuristic leaf policy; zero=BOTH secondHand=LISTING_ONLY,
"Anne, Bebek ve Çocuk › Çocuk Giyim › Bebek Giyim › Body",BOTH,LISTING_ONLY,true,true,heuristic leaf policy; zero=BOTH secondHand=LISTING_ONLY,
"Anne, Bebek ve Çocuk › Çocuk Giyim › Bebek Giyim › Zıbın",BOTH,LISTING_ONLY,true,true,heuristic leaf policy; zero=BOTH secondHand=LISTING_ONLY,
"Anne, Bebek ve Çocuk › Çocuk Giyim › Bebek Giyim › Tulum",BOTH,LISTING_ONLY,true,true,heuristic leaf policy; zero=BOTH secondHand=LISTING_ONLY,
"Anne, Bebek ve Çocuk › Çocuk Giyim › Bebek Giyim › Hastane Çıkışı",BOTH,LISTING_ONLY,true,true,heuristic leaf policy; zero=BOTH secondHand=LISTING_ONLY,
"Anne, Bebek ve Çocuk › Çocuk Giyim › Bebek Giyim › Bebek Takımı",BOTH,LISTING_ONLY,true,true,heuristic leaf policy; zero=BOTH secondHand=LISTING_ONLY,
"Anne, Bebek ve Çocuk › Çocuk Giyim › Bebek Giyim › Bebek Çorabı",BOTH,LISTING_ONLY,true,true,heuristic leaf policy; zero=BOTH secondHand=LISTING_ONLY,
"Anne, Bebek ve Çocuk › Oyuncak › Eğitici Oyuncak › Ahşap Oyuncak",BOTH,LISTING_ONLY,true,true,heuristic leaf policy; zero=BOTH secondHand=LISTING_ONLY,
"Anne, Bebek ve Çocuk › Oyuncak › Eğitici Oyuncak › STEM Oyuncak",BOTH,LISTING_ONLY,true,true,heuristic leaf policy; zero=BOTH secondHand=LISTING_ONLY,
"Anne, Bebek ve Çocuk › Oyuncak › Eğitici Oyuncak › Aktivite Oyuncağı",BOTH,LISTING_ONLY,true,true,heuristic leaf policy; zero=BOTH secondHand=LISTING_ONLY,
"Anne, Bebek ve Çocuk › Oyuncak › Eğitici Oyuncak › Montessori Oyuncak",BOTH,LISTING_ONLY,true,true,heuristic leaf policy; zero=BOTH secondHand=LISTING_ONLY,
"Anne, Bebek ve Çocuk › Oyuncak › Rol Oyunları › Oyuncak Mutfak",BOTH,LISTING_ONLY,true,true,heuristic leaf policy; zero=BOTH secondHand=LISTING_ONLY,
"Anne, Bebek ve Çocuk › Oyuncak › Rol Oyunları › Doktor Seti",BOTH,LISTING_ONLY,true,true,heuristic leaf policy; zero=BOTH secondHand=LISTING_ONLY,
"Anne, Bebek ve Çocuk › Oyuncak › Rol Oyunları › Tamir Seti",BOTH,LISTING_ONLY,true,true,heuristic leaf policy; zero=BOTH secondHand=LISTING_ONLY,
"Anne, Bebek ve Çocuk › Oyuncak › Rol Oyunları › Bebek ve Aksesuarı",BOTH,BOTH,true,true,heuristic leaf policy; zero=BOTH secondHand=BOTH,
"Anne, Bebek ve Çocuk › Oyuncak › Araç ve Figür › Oyuncak Araba",BOTH,LISTING_ONLY,true,true,heuristic leaf policy; zero=BOTH secondHand=LISTING_ONLY,
"Anne, Bebek ve Çocuk › Oyuncak › Araç ve Figür › Uzaktan Kumandalı Araç",BOTH,LISTING_ONLY,true,true,heuristic leaf policy; zero=BOTH secondHand=LISTING_ONLY,
"Anne, Bebek ve Çocuk › Oyuncak › Araç ve Figür › Aksiyon Figürü",BOTH,LISTING_ONLY,true,true,heuristic leaf policy; zero=BOTH secondHand=LISTING_ONLY,
"Anne, Bebek ve Çocuk › Oyuncak › Araç ve Figür › Oyun Seti",BOTH,LISTING_ONLY,true,true,heuristic leaf policy; zero=BOTH secondHand=LISTING_ONLY,
"Anne, Bebek ve Çocuk › Oyuncak › Açık Hava › Scooter",BOTH,LISTING_ONLY,true,true,heuristic leaf policy; zero=BOTH secondHand=LISTING_ONLY,
"Anne, Bebek ve Çocuk › Oyuncak › Açık Hava › Akülü Araba",BOTH,LISTING_ONLY,true,true,heuristic leaf policy; zero=BOTH secondHand=LISTING_ONLY,
"Anne, Bebek ve Çocuk › Oyuncak › Açık Hava › Çocuk Bisikleti",BOTH,BOTH,true,true,heuristic leaf policy; zero=BOTH secondHand=BOTH,
"Anne, Bebek ve Çocuk › Oyuncak › Açık Hava › Trambolin",BOTH,LISTING_ONLY,true,true,heuristic leaf policy; zero=BOTH secondHand=LISTING_ONLY,
"Anne, Bebek ve Çocuk › Oyuncak › Açık Hava › Şişme Havuz",BOTH,LISTING_ONLY,true,true,heuristic leaf policy; zero=BOTH secondHand=LISTING_ONLY,
Kozmetik ve Kişisel Bakım › Cilt Bakımı › Yüz Bakımı › Yüz Temizleme Jeli,BOTH,LISTING_ONLY,true,true,heuristic leaf policy; zero=BOTH secondHand=LISTING_ONLY,
Kozmetik ve Kişisel Bakım › Cilt Bakımı › Yüz Bakımı › Tonik,BOTH,LISTING_ONLY,true,true,heuristic leaf policy; zero=BOTH secondHand=LISTING_ONLY,
Kozmetik ve Kişisel Bakım › Cilt Bakımı › Yüz Bakımı › Serum,BOTH,LISTING_ONLY,true,true,heuristic leaf policy; zero=BOTH secondHand=LISTING_ONLY,
Kozmetik ve Kişisel Bakım › Cilt Bakımı › Yüz Bakımı › Nemlendirici,BOTH,LISTING_ONLY,true,true,heuristic leaf policy; zero=BOTH secondHand=LISTING_ONLY,
Kozmetik ve Kişisel Bakım › Cilt Bakımı › Yüz Bakımı › Göz Kremi,BOTH,LISTING_ONLY,true,true,heuristic leaf policy; zero=BOTH secondHand=LISTING_ONLY,
Kozmetik ve Kişisel Bakım › Cilt Bakımı › Yüz Bakımı › Peeling,BOTH,LISTING_ONLY,true,true,heuristic leaf policy; zero=BOTH secondHand=LISTING_ONLY,
Kozmetik ve Kişisel Bakım › Cilt Bakımı › Yüz Bakımı › Yüz Maskesi,BOTH,LISTING_ONLY,true,true,heuristic leaf policy; zero=BOTH secondHand=LISTING_ONLY,
Kozmetik ve Kişisel Bakım › Cilt Bakımı › Yüz Bakımı › Güneş Kremi,BOTH,LISTING_ONLY,true,true,heuristic leaf policy; zero=BOTH secondHand=LISTING_ONLY,
Kozmetik ve Kişisel Bakım › Cilt Bakımı › Vücut Bakımı › Vücut Losyonu,BOTH,LISTING_ONLY,true,true,heuristic leaf policy; zero=BOTH secondHand=LISTING_ONLY,
Kozmetik ve Kişisel Bakım › Cilt Bakımı › Vücut Bakımı › Vücut Peelingi,BOTH,LISTING_ONLY,true,true,heuristic leaf policy; zero=BOTH secondHand=LISTING_ONLY,
Kozmetik ve Kişisel Bakım › Cilt Bakımı › Vücut Bakımı › El Kremi,BOTH,LISTING_ONLY,true,true,heuristic leaf policy; zero=BOTH secondHand=LISTING_ONLY,
Kozmetik ve Kişisel Bakım › Cilt Bakımı › Vücut Bakımı › Ayak Bakımı,BOTH,LISTING_ONLY,true,true,heuristic leaf policy; zero=BOTH secondHand=LISTING_ONLY,
Kozmetik ve Kişisel Bakım › Cilt Bakımı › Vücut Bakımı › Selülit Ürünü,BOTH,LISTING_ONLY,true,true,heuristic leaf policy; zero=BOTH secondHand=LISTING_ONLY,
Kozmetik ve Kişisel Bakım › Saç Bakımı › Saç Ürünleri › Şampuan,BOTH,LISTING_ONLY,true,true,heuristic leaf policy; zero=BOTH secondHand=LISTING_ONLY,
Kozmetik ve Kişisel Bakım › Saç Bakımı › Saç Ürünleri › Saç Kremi,BOTH,LISTING_ONLY,true,true,heuristic leaf policy; zero=BOTH secondHand=LISTING_ONLY,
Kozmetik ve Kişisel Bakım › Saç Bakımı › Saç Ürünleri › Saç Maskesi,BOTH,LISTING_ONLY,true,true,heuristic leaf policy; zero=BOTH secondHand=LISTING_ONLY,
Kozmetik ve Kişisel Bakım › Saç Bakımı › Saç Ürünleri › Saç Serumu,BOTH,LISTING_ONLY,true,true,heuristic leaf policy; zero=BOTH secondHand=LISTING_ONLY,
Kozmetik ve Kişisel Bakım › Saç Bakımı › Saç Ürünleri › Saç Yağı,BOTH,LISTING_ONLY,true,true,heuristic leaf policy; zero=BOTH secondHand=LISTING_ONLY,
Kozmetik ve Kişisel Bakım › Saç Bakımı › Saç Ürünleri › Saç Boyası,BOTH,LISTING_ONLY,true,true,heuristic leaf policy; zero=BOTH secondHand=LISTING_ONLY,
Kozmetik ve Kişisel Bakım › Saç Bakımı › Saç Ürünleri › Şekillendirici,BOTH,LISTING_ONLY,true,true,heuristic leaf policy; zero=BOTH secondHand=LISTING_ONLY,
Kozmetik ve Kişisel Bakım › Saç Bakımı › Saç Şekillendirme Cihazları › Saç Kurutma Makinesi,CATALOG_ONLY,LISTING_ONLY,true,true,heuristic leaf policy; zero=CATALOG_ONLY secondHand=LISTING_ONLY,
Kozmetik ve Kişisel Bakım › Saç Bakımı › Saç Şekillendirme Cihazları › Saç Düzleştirici,BOTH,LISTING_ONLY,true,true,heuristic leaf policy; zero=BOTH secondHand=LISTING_ONLY,
Kozmetik ve Kişisel Bakım › Saç Bakımı › Saç Şekillendirme Cihazları › Saç Maşası,BOTH,LISTING_ONLY,true,true,heuristic leaf policy; zero=BOTH secondHand=LISTING_ONLY,
Kozmetik ve Kişisel Bakım › Saç Bakımı › Saç Şekillendirme Cihazları › Saç Şekillendirme Seti,BOTH,LISTING_ONLY,true,true,heuristic leaf policy; zero=BOTH secondHand=LISTING_ONLY,
Kozmetik ve Kişisel Bakım › Saç Bakımı › Saç Şekillendirme Cihazları › Elektrikli Saç Fırçası,BOTH,LISTING_ONLY,true,true,heuristic leaf policy; zero=BOTH secondHand=LISTING_ONLY,
Kozmetik ve Kişisel Bakım › Makyaj › Ten Makyajı › Fondöten,BOTH,LISTING_ONLY,true,true,heuristic leaf policy; zero=BOTH secondHand=LISTING_ONLY,
Kozmetik ve Kişisel Bakım › Makyaj › Ten Makyajı › BB-CC Krem,BOTH,LISTING_ONLY,true,true,heuristic leaf policy; zero=BOTH secondHand=LISTING_ONLY,
Kozmetik ve Kişisel Bakım › Makyaj › Ten Makyajı › Kapatıcı,BOTH,LISTING_ONLY,true,true,heuristic leaf policy; zero=BOTH secondHand=LISTING_ONLY,
Kozmetik ve Kişisel Bakım › Makyaj › Ten Makyajı › Pudra,BOTH,LISTING_ONLY,true,true,heuristic leaf policy; zero=BOTH secondHand=LISTING_ONLY,
Kozmetik ve Kişisel Bakım › Makyaj › Ten Makyajı › Allık,BOTH,LISTING_ONLY,true,true,heuristic leaf policy; zero=BOTH secondHand=LISTING_ONLY,
Kozmetik ve Kişisel Bakım › Makyaj › Ten Makyajı › Bronzer,BOTH,LISTING_ONLY,true,true,heuristic leaf policy; zero=BOTH secondHand=LISTING_ONLY,
Kozmetik ve Kişisel Bakım › Makyaj › Ten Makyajı › Aydınlatıcı,BOTH,LISTING_ONLY,true,true,heuristic leaf policy; zero=BOTH secondHand=LISTING_ONLY,
Kozmetik ve Kişisel Bakım › Makyaj › Göz Makyajı › Maskara,BOTH,LISTING_ONLY,true,true,heuristic leaf policy; zero=BOTH secondHand=LISTING_ONLY,
Kozmetik ve Kişisel Bakım › Makyaj › Göz Makyajı › Eyeliner,BOTH,LISTING_ONLY,true,true,heuristic leaf policy; zero=BOTH secondHand=LISTING_ONLY,
Kozmetik ve Kişisel Bakım › Makyaj › Göz Makyajı › Göz Kalemi,BOTH,LISTING_ONLY,true,true,heuristic leaf policy; zero=BOTH secondHand=LISTING_ONLY,
Kozmetik ve Kişisel Bakım › Makyaj › Göz Makyajı › Far,BOTH,LISTING_ONLY,true,true,heuristic leaf policy; zero=BOTH secondHand=LISTING_ONLY,
Kozmetik ve Kişisel Bakım › Makyaj › Göz Makyajı › Kaş Ürünü,BOTH,LISTING_ONLY,true,true,heuristic leaf policy; zero=BOTH secondHand=LISTING_ONLY,
Kozmetik ve Kişisel Bakım › Makyaj › Göz Makyajı › Takma Kirpik,BOTH,LISTING_ONLY,true,true,heuristic leaf policy; zero=BOTH secondHand=LISTING_ONLY,
Kozmetik ve Kişisel Bakım › Makyaj › Dudak › Ruj,BOTH,LISTING_ONLY,true,true,heuristic leaf policy; zero=BOTH secondHand=LISTING_ONLY,
Kozmetik ve Kişisel Bakım › Makyaj › Dudak › Dudak Parlatıcısı,BOTH,LISTING_ONLY,true,true,heuristic leaf policy; zero=BOTH secondHand=LISTING_ONLY,
Kozmetik ve Kişisel Bakım › Makyaj › Dudak › Dudak Kalemi,BOTH,LISTING_ONLY,true,true,heuristic leaf policy; zero=BOTH secondHand=LISTING_ONLY,
Kozmetik ve Kişisel Bakım › Makyaj › Dudak › Dudak Balmı,BOTH,LISTING_ONLY,true,true,heuristic leaf policy; zero=BOTH secondHand=LISTING_ONLY,
Kozmetik ve Kişisel Bakım › Makyaj › Makyaj Aksesuarı › Makyaj Fırçası,BOTH,LISTING_ONLY,true,true,heuristic leaf policy; zero=BOTH secondHand=LISTING_ONLY,
Kozmetik ve Kişisel Bakım › Makyaj › Makyaj Aksesuarı › Makyaj Süngeri,BOTH,LISTING_ONLY,true,true,heuristic leaf policy; zero=BOTH secondHand=LISTING_ONLY,
Kozmetik ve Kişisel Bakım › Makyaj › Makyaj Aksesuarı › Makyaj Aynası,BOTH,LISTING_ONLY,true,true,heuristic leaf policy; zero=BOTH secondHand=LISTING_ONLY,
Kozmetik ve Kişisel Bakım › Makyaj › Makyaj Aksesuarı › Makyaj Çantası,BOTH,LISTING_ONLY,true,true,heuristic leaf policy; zero=BOTH secondHand=LISTING_ONLY,
Kozmetik ve Kişisel Bakım › Parfüm ve Deodorant › Parfüm › Kadın Parfümü,BOTH,LISTING_ONLY,true,true,heuristic leaf policy; zero=BOTH secondHand=LISTING_ONLY,
Kozmetik ve Kişisel Bakım › Parfüm ve Deodorant › Parfüm › Erkek Parfümü,BOTH,LISTING_ONLY,true,true,heuristic leaf policy; zero=BOTH secondHand=LISTING_ONLY,
Kozmetik ve Kişisel Bakım › Parfüm ve Deodorant › Parfüm › Unisex Parfüm,BOTH,LISTING_ONLY,true,true,heuristic leaf policy; zero=BOTH secondHand=LISTING_ONLY,
Kozmetik ve Kişisel Bakım › Parfüm ve Deodorant › Parfüm › Çocuk Parfümü,BOTH,LISTING_ONLY,true,true,heuristic leaf policy; zero=BOTH secondHand=LISTING_ONLY,
Kozmetik ve Kişisel Bakım › Parfüm ve Deodorant › Parfüm › Vücut Spreyi,BOTH,LISTING_ONLY,true,true,heuristic leaf policy; zero=BOTH secondHand=LISTING_ONLY,
Kozmetik ve Kişisel Bakım › Parfüm ve Deodorant › Deodorant › Roll-On,BOTH,LISTING_ONLY,true,true,heuristic leaf policy; zero=BOTH secondHand=LISTING_ONLY,
Kozmetik ve Kişisel Bakım › Parfüm ve Deodorant › Deodorant › Sprey Deodorant,BOTH,LISTING_ONLY,true,true,heuristic leaf policy; zero=BOTH secondHand=LISTING_ONLY,
Kozmetik ve Kişisel Bakım › Parfüm ve Deodorant › Deodorant › Stick Deodorant,BOTH,LISTING_ONLY,true,true,heuristic leaf policy; zero=BOTH secondHand=LISTING_ONLY,
Kozmetik ve Kişisel Bakım › Kişisel Bakım Cihazları › Tıraş › Tıraş Makinesi,BOTH,LISTING_ONLY,true,true,heuristic leaf policy; zero=BOTH secondHand=LISTING_ONLY,
Kozmetik ve Kişisel Bakım › Kişisel Bakım Cihazları › Tıraş › Sakal Şekillendirici,BOTH,LISTING_ONLY,true,true,heuristic leaf policy; zero=BOTH secondHand=LISTING_ONLY,
Kozmetik ve Kişisel Bakım › Kişisel Bakım Cihazları › Tıraş › Burun-Kulak Kılı Kesici,BOTH,LISTING_ONLY,true,true,heuristic leaf policy; zero=BOTH secondHand=LISTING_ONLY,
Kozmetik ve Kişisel Bakım › Kişisel Bakım Cihazları › Tıraş › Tıraş Bıçağı,BOTH,LISTING_ONLY,true,true,heuristic leaf policy; zero=BOTH secondHand=LISTING_ONLY,
Kozmetik ve Kişisel Bakım › Kişisel Bakım Cihazları › Ağız Bakımı › Elektrikli Diş Fırçası,BOTH,LISTING_ONLY,true,true,heuristic leaf policy; zero=BOTH secondHand=LISTING_ONLY,
Kozmetik ve Kişisel Bakım › Kişisel Bakım Cihazları › Ağız Bakımı › Ağız Duşu,BOTH,LISTING_ONLY,true,true,heuristic leaf policy; zero=BOTH secondHand=LISTING_ONLY,
Kozmetik ve Kişisel Bakım › Kişisel Bakım Cihazları › Ağız Bakımı › Diş Beyazlatma Cihazı,BOTH,LISTING_ONLY,true,true,heuristic leaf policy; zero=BOTH secondHand=LISTING_ONLY,
Kozmetik ve Kişisel Bakım › Kişisel Bakım Cihazları › Epilasyon › Epilatör,BOTH,LISTING_ONLY,true,true,heuristic leaf policy; zero=BOTH secondHand=LISTING_ONLY,
Kozmetik ve Kişisel Bakım › Kişisel Bakım Cihazları › Epilasyon › IPL Lazer Epilasyon,BOTH,LISTING_ONLY,true,true,heuristic leaf policy; zero=BOTH secondHand=LISTING_ONLY,
Kozmetik ve Kişisel Bakım › Kişisel Bakım Cihazları › Epilasyon › Kadın Tıraş Makinesi,BOTH,LISTING_ONLY,true,true,heuristic leaf policy; zero=BOTH secondHand=LISTING_ONLY,
Kozmetik ve Kişisel Bakım › Kişisel Bakım Cihazları › Masaj ve Sağlık › Masaj Aleti,BOTH,LISTING_ONLY,true,true,heuristic leaf policy; zero=BOTH secondHand=LISTING_ONLY,
Kozmetik ve Kişisel Bakım › Kişisel Bakım Cihazları › Masaj ve Sağlık › Tartı,BOTH,LISTING_ONLY,true,true,heuristic leaf policy; zero=BOTH secondHand=LISTING_ONLY,
Kozmetik ve Kişisel Bakım › Kişisel Bakım Cihazları › Masaj ve Sağlık › Tansiyon Aleti,BOTH,LISTING_ONLY,true,true,heuristic leaf policy; zero=BOTH secondHand=LISTING_ONLY,
Kozmetik ve Kişisel Bakım › Kişisel Bakım Cihazları › Masaj ve Sağlık › Ateş Ölçer,BOTH,LISTING_ONLY,true,true,heuristic leaf policy; zero=BOTH secondHand=LISTING_ONLY,
Kozmetik ve Kişisel Bakım › Kişisel Bakım Cihazları › Masaj ve Sağlık › Nebulizatör,BOTH,LISTING_ONLY,true,true,heuristic leaf policy; zero=BOTH secondHand=LISTING_ONLY,
Spor ve Outdoor › Fitness › Kardiyo › Koşu Bandı,BOTH,LISTING_ONLY,true,true,heuristic leaf policy; zero=BOTH secondHand=LISTING_ONLY,
Spor ve Outdoor › Fitness › Kardiyo › Eliptik Bisiklet,BOTH,BOTH,true,true,heuristic leaf policy; zero=BOTH secondHand=BOTH,
Spor ve Outdoor › Fitness › Kardiyo › Kondisyon Bisikleti,BOTH,BOTH,true,true,heuristic leaf policy; zero=BOTH secondHand=BOTH,
Spor ve Outdoor › Fitness › Kardiyo › Kürek Aleti,BOTH,LISTING_ONLY,true,true,heuristic leaf policy; zero=BOTH secondHand=LISTING_ONLY,
Spor ve Outdoor › Fitness › Kardiyo › Stepper,BOTH,LISTING_ONLY,true,true,heuristic leaf policy; zero=BOTH secondHand=LISTING_ONLY,
Spor ve Outdoor › Fitness › Ağırlık › Dambıl,BOTH,LISTING_ONLY,true,true,heuristic leaf policy; zero=BOTH secondHand=LISTING_ONLY,
Spor ve Outdoor › Fitness › Ağırlık › Halter,BOTH,LISTING_ONLY,true,true,heuristic leaf policy; zero=BOTH secondHand=LISTING_ONLY,
Spor ve Outdoor › Fitness › Ağırlık › Ağırlık Seti,BOTH,LISTING_ONLY,true,true,heuristic leaf policy; zero=BOTH secondHand=LISTING_ONLY,
Spor ve Outdoor › Fitness › Ağırlık › Bench Sehpası,BOTH,LISTING_ONLY,true,true,heuristic leaf policy; zero=BOTH secondHand=LISTING_ONLY,
Spor ve Outdoor › Fitness › Ağırlık › Kettlebell,BOTH,LISTING_ONLY,true,true,heuristic leaf policy; zero=BOTH secondHand=LISTING_ONLY,
Spor ve Outdoor › Fitness › Ağırlık › Direnç Lastiği,BOTH,LISTING_ONLY,true,true,heuristic leaf policy; zero=BOTH secondHand=LISTING_ONLY,
Spor ve Outdoor › Fitness › Yoga ve Pilates › Yoga Matı,BOTH,LISTING_ONLY,true,true,heuristic leaf policy; zero=BOTH secondHand=LISTING_ONLY,
Spor ve Outdoor › Fitness › Yoga ve Pilates › Pilates Topu,BOTH,LISTING_ONLY,true,true,heuristic leaf policy; zero=BOTH secondHand=LISTING_ONLY,
Spor ve Outdoor › Fitness › Yoga ve Pilates › Pilates Çemberi,BOTH,LISTING_ONLY,true,true,heuristic leaf policy; zero=BOTH secondHand=LISTING_ONLY,
Spor ve Outdoor › Fitness › Yoga ve Pilates › Yoga Bloğu,BOTH,LISTING_ONLY,true,true,heuristic leaf policy; zero=BOTH secondHand=LISTING_ONLY,
Spor ve Outdoor › Fitness › Yoga ve Pilates › Foam Roller,BOTH,LISTING_ONLY,true,true,heuristic leaf policy; zero=BOTH secondHand=LISTING_ONLY,
Spor ve Outdoor › Takım Sporları › Futbol › Futbol Topu,BOTH,LISTING_ONLY,true,true,heuristic leaf policy; zero=BOTH secondHand=LISTING_ONLY,
Spor ve Outdoor › Takım Sporları › Futbol › Krampon,BOTH,LISTING_ONLY,true,true,heuristic leaf policy; zero=BOTH secondHand=LISTING_ONLY,
Spor ve Outdoor › Takım Sporları › Futbol › Kaleci Eldiveni,BOTH,LISTING_ONLY,true,true,heuristic leaf policy; zero=BOTH secondHand=LISTING_ONLY,
Spor ve Outdoor › Takım Sporları › Futbol › Futbol Kalesi,BOTH,LISTING_ONLY,true,true,heuristic leaf policy; zero=BOTH secondHand=LISTING_ONLY,
Spor ve Outdoor › Takım Sporları › Futbol › Antrenman Ekipmanı,BOTH,LISTING_ONLY,true,true,heuristic leaf policy; zero=BOTH secondHand=LISTING_ONLY,
Spor ve Outdoor › Takım Sporları › Basketbol › Basketbol Topu,BOTH,LISTING_ONLY,true,true,heuristic leaf policy; zero=BOTH secondHand=LISTING_ONLY,
Spor ve Outdoor › Takım Sporları › Basketbol › Basketbol Potası,BOTH,LISTING_ONLY,true,true,heuristic leaf policy; zero=BOTH secondHand=LISTING_ONLY,
Spor ve Outdoor › Takım Sporları › Basketbol › Basketbol Ayakkabısı,BOTH,LISTING_ONLY,true,true,heuristic leaf policy; zero=BOTH secondHand=LISTING_ONLY,
Spor ve Outdoor › Takım Sporları › Voleybol › Voleybol Topu,BOTH,LISTING_ONLY,true,true,heuristic leaf policy; zero=BOTH secondHand=LISTING_ONLY,
Spor ve Outdoor › Takım Sporları › Voleybol › Voleybol Filesi,BOTH,LISTING_ONLY,true,true,heuristic leaf policy; zero=BOTH secondHand=LISTING_ONLY,
Spor ve Outdoor › Takım Sporları › Voleybol › Dizlik,BOTH,LISTING_ONLY,true,true,heuristic leaf policy; zero=BOTH secondHand=LISTING_ONLY,
Spor ve Outdoor › Takım Sporları › Raket Sporları › Tenis Raketi,BOTH,LISTING_ONLY,true,true,heuristic leaf policy; zero=BOTH secondHand=LISTING_ONLY,
Spor ve Outdoor › Takım Sporları › Raket Sporları › Tenis Topu,BOTH,LISTING_ONLY,true,true,heuristic leaf policy; zero=BOTH secondHand=LISTING_ONLY,
Spor ve Outdoor › Takım Sporları › Raket Sporları › Masa Tenisi Raketi,BOTH,LISTING_ONLY,true,true,heuristic leaf policy; zero=BOTH secondHand=LISTING_ONLY,
Spor ve Outdoor › Takım Sporları › Raket Sporları › Badminton Raketi,BOTH,LISTING_ONLY,true,true,heuristic leaf policy; zero=BOTH secondHand=LISTING_ONLY,
Spor ve Outdoor › Takım Sporları › Raket Sporları › Padel Raketi,BOTH,LISTING_ONLY,true,true,heuristic leaf policy; zero=BOTH secondHand=LISTING_ONLY,
Spor ve Outdoor › Outdoor ve Kamp › Kamp › Çadır,BOTH,LISTING_ONLY,true,true,heuristic leaf policy; zero=BOTH secondHand=LISTING_ONLY,
Spor ve Outdoor › Outdoor ve Kamp › Kamp › Uyku Tulumu,BOTH,LISTING_ONLY,true,true,heuristic leaf policy; zero=BOTH secondHand=LISTING_ONLY,
Spor ve Outdoor › Outdoor ve Kamp › Kamp › Kamp Matı,BOTH,LISTING_ONLY,true,true,heuristic leaf policy; zero=BOTH secondHand=LISTING_ONLY,
Spor ve Outdoor › Outdoor ve Kamp › Kamp › Kamp Sandalyesi,BOTH,LISTING_ONLY,true,true,heuristic leaf policy; zero=BOTH secondHand=LISTING_ONLY,
Spor ve Outdoor › Outdoor ve Kamp › Kamp › Kamp Masası,BOTH,LISTING_ONLY,true,true,heuristic leaf policy; zero=BOTH secondHand=LISTING_ONLY,
Spor ve Outdoor › Outdoor ve Kamp › Kamp › Kamp Ocağı,BOTH,LISTING_ONLY,true,true,heuristic leaf policy; zero=BOTH secondHand=LISTING_ONLY,
Spor ve Outdoor › Outdoor ve Kamp › Kamp › Kamp Lambası,BOTH,LISTING_ONLY,true,true,heuristic leaf policy; zero=BOTH secondHand=LISTING_ONLY,
Spor ve Outdoor › Outdoor ve Kamp › Dağcılık › Dağcılık Çantası,BOTH,LISTING_ONLY,true,true,heuristic leaf policy; zero=BOTH secondHand=LISTING_ONLY,
Spor ve Outdoor › Outdoor ve Kamp › Dağcılık › Trekking Baton,BOTH,LISTING_ONLY,true,true,heuristic leaf policy; zero=BOTH secondHand=LISTING_ONLY,
Spor ve Outdoor › Outdoor ve Kamp › Dağcılık › Kask,BOTH,LISTING_ONLY,true,true,heuristic leaf policy; zero=BOTH secondHand=LISTING_ONLY,
Spor ve Outdoor › Outdoor ve Kamp › Dağcılık › Karabina,BOTH,LISTING_ONLY,true,true,heuristic leaf policy; zero=BOTH secondHand=LISTING_ONLY,
Spor ve Outdoor › Outdoor ve Kamp › Dağcılık › Tırmanış İpi,BOTH,LISTING_ONLY,true,true,heuristic leaf policy; zero=BOTH secondHand=LISTING_ONLY,
Spor ve Outdoor › Outdoor ve Kamp › Dağcılık › Emniyet Kemeri,BOTH,LISTING_ONLY,true,true,heuristic leaf policy; zero=BOTH secondHand=LISTING_ONLY,
Spor ve Outdoor › Outdoor ve Kamp › Outdoor Giyim › Outdoor Mont,BOTH,LISTING_ONLY,true,true,heuristic leaf policy; zero=BOTH secondHand=LISTING_ONLY,
Spor ve Outdoor › Outdoor ve Kamp › Outdoor Giyim › Termal İçlik,BOTH,LISTING_ONLY,true,true,heuristic leaf policy; zero=BOTH secondHand=LISTING_ONLY,
Spor ve Outdoor › Outdoor ve Kamp › Outdoor Giyim › Yağmurluk,BOTH,LISTING_ONLY,true,true,heuristic leaf policy; zero=BOTH secondHand=LISTING_ONLY,
Spor ve Outdoor › Outdoor ve Kamp › Outdoor Giyim › Outdoor Pantolon,BOTH,LISTING_ONLY,true,true,heuristic leaf policy; zero=BOTH secondHand=LISTING_ONLY,
Spor ve Outdoor › Outdoor ve Kamp › Outdoor Giyim › Trekking Ayakkabısı,BOTH,LISTING_ONLY,true,true,heuristic leaf policy; zero=BOTH secondHand=LISTING_ONLY,
Spor ve Outdoor › Outdoor ve Kamp › Su Sporları › Şişme Bot,BOTH,LISTING_ONLY,true,true,heuristic leaf policy; zero=BOTH secondHand=LISTING_ONLY,
Spor ve Outdoor › Outdoor ve Kamp › Su Sporları › Kano,BOTH,LISTING_ONLY,true,true,heuristic leaf policy; zero=BOTH secondHand=LISTING_ONLY,
Spor ve Outdoor › Outdoor ve Kamp › Su Sporları › SUP Board,BOTH,LISTING_ONLY,true,true,heuristic leaf policy; zero=BOTH secondHand=LISTING_ONLY,
Spor ve Outdoor › Outdoor ve Kamp › Su Sporları › Dalış Maskesi,BOTH,LISTING_ONLY,true,true,heuristic leaf policy; zero=BOTH secondHand=LISTING_ONLY,
Spor ve Outdoor › Outdoor ve Kamp › Su Sporları › Palet,BOTH,LISTING_ONLY,true,true,heuristic leaf policy; zero=BOTH secondHand=LISTING_ONLY,
Spor ve Outdoor › Outdoor ve Kamp › Su Sporları › Can Yeleği,BOTH,LISTING_ONLY,true,true,heuristic leaf policy; zero=BOTH secondHand=LISTING_ONLY,
Spor ve Outdoor › Bisiklet › Bisiklet Türleri › Dağ Bisikleti,BOTH,BOTH,true,true,heuristic leaf policy; zero=BOTH secondHand=BOTH,
Spor ve Outdoor › Bisiklet › Bisiklet Türleri › Şehir Bisikleti,BOTH,BOTH,true,true,heuristic leaf policy; zero=BOTH secondHand=BOTH,
Spor ve Outdoor › Bisiklet › Bisiklet Türleri › Yol Bisikleti,BOTH,BOTH,true,true,heuristic leaf policy; zero=BOTH secondHand=BOTH,
Spor ve Outdoor › Bisiklet › Bisiklet Türleri › Elektrikli Bisiklet,BOTH,BOTH,true,true,heuristic leaf policy; zero=BOTH secondHand=BOTH,
Spor ve Outdoor › Bisiklet › Bisiklet Türleri › Katlanır Bisiklet,BOTH,BOTH,true,true,heuristic leaf policy; zero=BOTH secondHand=BOTH,
Spor ve Outdoor › Bisiklet › Bisiklet Türleri › BMX,BOTH,LISTING_ONLY,true,true,heuristic leaf policy; zero=BOTH secondHand=LISTING_ONLY,
Spor ve Outdoor › Bisiklet › Bisiklet Türleri › Çocuk Bisikleti,BOTH,BOTH,true,true,heuristic leaf policy; zero=BOTH secondHand=BOTH,
Spor ve Outdoor › Bisiklet › Bisiklet Parça ve Aksesuar › Bisiklet Kaskı,BOTH,BOTH,true,true,heuristic leaf policy; zero=BOTH secondHand=BOTH,
Spor ve Outdoor › Bisiklet › Bisiklet Parça ve Aksesuar › Bisiklet Kilidi,BOTH,BOTH,true,true,heuristic leaf policy; zero=BOTH secondHand=BOTH,
Spor ve Outdoor › Bisiklet › Bisiklet Parça ve Aksesuar › Aydınlatma,BOTH,LISTING_ONLY,true,true,heuristic leaf policy; zero=BOTH secondHand=LISTING_ONLY,
Spor ve Outdoor › Bisiklet › Bisiklet Parça ve Aksesuar › Pompa,BOTH,LISTING_ONLY,true,true,heuristic leaf policy; zero=BOTH secondHand=LISTING_ONLY,
Spor ve Outdoor › Bisiklet › Bisiklet Parça ve Aksesuar › Sele,BOTH,LISTING_ONLY,true,true,heuristic leaf policy; zero=BOTH secondHand=LISTING_ONLY,
Spor ve Outdoor › Bisiklet › Bisiklet Parça ve Aksesuar › Pedal,BOTH,LISTING_ONLY,true,true,heuristic leaf policy; zero=BOTH secondHand=LISTING_ONLY,
Spor ve Outdoor › Bisiklet › Bisiklet Parça ve Aksesuar › Lastik,BOTH,LISTING_ONLY,true,true,heuristic leaf policy; zero=BOTH secondHand=LISTING_ONLY,
Spor ve Outdoor › Bisiklet › Bisiklet Parça ve Aksesuar › İç Lastik,BOTH,LISTING_ONLY,true,true,heuristic leaf policy; zero=BOTH secondHand=LISTING_ONLY,
Spor ve Outdoor › Bisiklet › Bisiklet Parça ve Aksesuar › Çanta ve Heybe,BOTH,LISTING_ONLY,true,true,heuristic leaf policy; zero=BOTH secondHand=LISTING_ONLY,
Spor ve Outdoor › Bisiklet › Bisiklet Parça ve Aksesuar › Bisiklet Bilgisayarı,BOTH,BOTH,true,true,heuristic leaf policy; zero=BOTH secondHand=BOTH,
Hobi ve Oyun › Müzik Aletleri › Telli Çalgılar › Gitar,BOTH,LISTING_ONLY,true,true,heuristic leaf policy; zero=BOTH secondHand=LISTING_ONLY,
Hobi ve Oyun › Müzik Aletleri › Telli Çalgılar › Elektro Gitar,BOTH,LISTING_ONLY,true,true,heuristic leaf policy; zero=BOTH secondHand=LISTING_ONLY,
Hobi ve Oyun › Müzik Aletleri › Telli Çalgılar › Bas Gitar,BOTH,LISTING_ONLY,true,true,heuristic leaf policy; zero=BOTH secondHand=LISTING_ONLY,
Hobi ve Oyun › Müzik Aletleri › Telli Çalgılar › Ukulele,BOTH,LISTING_ONLY,true,true,heuristic leaf policy; zero=BOTH secondHand=LISTING_ONLY,
Hobi ve Oyun › Müzik Aletleri › Telli Çalgılar › Bağlama,BOTH,LISTING_ONLY,true,true,heuristic leaf policy; zero=BOTH secondHand=LISTING_ONLY,
Hobi ve Oyun › Müzik Aletleri › Telli Çalgılar › Keman,BOTH,LISTING_ONLY,true,true,heuristic leaf policy; zero=BOTH secondHand=LISTING_ONLY,
Hobi ve Oyun › Müzik Aletleri › Tuşlu Çalgılar › Dijital Piyano,BOTH,LISTING_ONLY,true,true,heuristic leaf policy; zero=BOTH secondHand=LISTING_ONLY,
Hobi ve Oyun › Müzik Aletleri › Tuşlu Çalgılar › Org,BOTH,LISTING_ONLY,true,true,heuristic leaf policy; zero=BOTH secondHand=LISTING_ONLY,
Hobi ve Oyun › Müzik Aletleri › Tuşlu Çalgılar › MIDI Klavye,BOTH,LISTING_ONLY,true,true,heuristic leaf policy; zero=BOTH secondHand=LISTING_ONLY,
Hobi ve Oyun › Müzik Aletleri › Vurmalı Çalgılar › Davul,BOTH,LISTING_ONLY,true,true,heuristic leaf policy; zero=BOTH secondHand=LISTING_ONLY,
Hobi ve Oyun › Müzik Aletleri › Vurmalı Çalgılar › Elektronik Davul,BOTH,LISTING_ONLY,true,true,heuristic leaf policy; zero=BOTH secondHand=LISTING_ONLY,
Hobi ve Oyun › Müzik Aletleri › Vurmalı Çalgılar › Darbuka,BOTH,LISTING_ONLY,true,true,heuristic leaf policy; zero=BOTH secondHand=LISTING_ONLY,
Hobi ve Oyun › Müzik Aletleri › Vurmalı Çalgılar › Cajon,BOTH,LISTING_ONLY,true,true,heuristic leaf policy; zero=BOTH secondHand=LISTING_ONLY,
Hobi ve Oyun › Müzik Aletleri › Nefesli Çalgılar › Flüt,BOTH,LISTING_ONLY,true,true,heuristic leaf policy; zero=BOTH secondHand=LISTING_ONLY,
Hobi ve Oyun › Müzik Aletleri › Nefesli Çalgılar › Klarnet,BOTH,LISTING_ONLY,true,true,heuristic leaf policy; zero=BOTH secondHand=LISTING_ONLY,
Hobi ve Oyun › Müzik Aletleri › Nefesli Çalgılar › Saksafon,BOTH,LISTING_ONLY,true,true,heuristic leaf policy; zero=BOTH secondHand=LISTING_ONLY,
Hobi ve Oyun › Müzik Aletleri › Nefesli Çalgılar › Trompet,BOTH,LISTING_ONLY,true,true,heuristic leaf policy; zero=BOTH secondHand=LISTING_ONLY,
Hobi ve Oyun › Müzik Aletleri › Müzik Aksesuarları › Amfi,BOTH,LISTING_ONLY,true,true,heuristic leaf policy; zero=BOTH secondHand=LISTING_ONLY,
Hobi ve Oyun › Müzik Aletleri › Müzik Aksesuarları › Mikrofon,BOTH,LISTING_ONLY,true,true,heuristic leaf policy; zero=BOTH secondHand=LISTING_ONLY,
Hobi ve Oyun › Müzik Aletleri › Müzik Aksesuarları › Nota Sehpası,BOTH,LISTING_ONLY,true,true,heuristic leaf policy; zero=BOTH secondHand=LISTING_ONLY,
Hobi ve Oyun › Müzik Aletleri › Müzik Aksesuarları › Kılıf,BOTH,LISTING_ONLY,true,true,heuristic leaf policy; zero=BOTH secondHand=LISTING_ONLY,
Hobi ve Oyun › Müzik Aletleri › Müzik Aksesuarları › Tel ve Pena,BOTH,LISTING_ONLY,true,true,heuristic leaf policy; zero=BOTH secondHand=LISTING_ONLY,
Hobi ve Oyun › Hobi Malzemeleri › Resim › Tuval,BOTH,LISTING_ONLY,true,true,heuristic leaf policy; zero=BOTH secondHand=LISTING_ONLY,
Hobi ve Oyun › Hobi Malzemeleri › Resim › Akrilik Boya,BOTH,LISTING_ONLY,true,true,heuristic leaf policy; zero=BOTH secondHand=LISTING_ONLY,
Hobi ve Oyun › Hobi Malzemeleri › Resim › Yağlı Boya,BOTH,LISTING_ONLY,true,true,heuristic leaf policy; zero=BOTH secondHand=LISTING_ONLY,
Hobi ve Oyun › Hobi Malzemeleri › Resim › Suluboya,BOTH,LISTING_ONLY,true,true,heuristic leaf policy; zero=BOTH secondHand=LISTING_ONLY,
Hobi ve Oyun › Hobi Malzemeleri › Resim › Fırça,BOTH,LISTING_ONLY,true,true,heuristic leaf policy; zero=BOTH secondHand=LISTING_ONLY,
Hobi ve Oyun › Hobi Malzemeleri › Resim › Şövale,BOTH,LISTING_ONLY,true,true,heuristic leaf policy; zero=BOTH secondHand=LISTING_ONLY,
Hobi ve Oyun › Hobi Malzemeleri › El İşi › Örgü İpi,BOTH,LISTING_ONLY,true,true,heuristic leaf policy; zero=BOTH secondHand=LISTING_ONLY,
Hobi ve Oyun › Hobi Malzemeleri › El İşi › Şiş ve Tığ,BOTH,LISTING_ONLY,true,true,heuristic leaf policy; zero=BOTH secondHand=LISTING_ONLY,
Hobi ve Oyun › Hobi Malzemeleri › El İşi › Dikiş Malzemesi,BOTH,LISTING_ONLY,true,true,heuristic leaf policy; zero=BOTH secondHand=LISTING_ONLY,
Hobi ve Oyun › Hobi Malzemeleri › El İşi › Keçe,BOTH,LISTING_ONLY,true,true,heuristic leaf policy; zero=BOTH secondHand=LISTING_ONLY,
Hobi ve Oyun › Hobi Malzemeleri › El İşi › Boncuk,BOTH,LISTING_ONLY,true,true,heuristic leaf policy; zero=BOTH secondHand=LISTING_ONLY,
Hobi ve Oyun › Hobi Malzemeleri › El İşi › Takı Yapım Malzemesi,BOTH,LISTING_ONLY,true,true,heuristic leaf policy; zero=BOTH secondHand=LISTING_ONLY,
Hobi ve Oyun › Hobi Malzemeleri › Maket ve Model › Maket Seti,BOTH,LISTING_ONLY,true,true,heuristic leaf policy; zero=BOTH secondHand=LISTING_ONLY,
Hobi ve Oyun › Hobi Malzemeleri › Maket ve Model › Model Araba,BOTH,LISTING_ONLY,true,true,heuristic leaf policy; zero=BOTH secondHand=LISTING_ONLY,
Hobi ve Oyun › Hobi Malzemeleri › Maket ve Model › Model Uçak,BOTH,LISTING_ONLY,true,true,heuristic leaf policy; zero=BOTH secondHand=LISTING_ONLY,
Hobi ve Oyun › Hobi Malzemeleri › Maket ve Model › Diorama Malzemesi,BOTH,LISTING_ONLY,true,true,heuristic leaf policy; zero=BOTH secondHand=LISTING_ONLY,
Hobi ve Oyun › Hobi Malzemeleri › Maket ve Model › 3D Puzzle,BOTH,LISTING_ONLY,true,true,heuristic leaf policy; zero=BOTH secondHand=LISTING_ONLY,
Hobi ve Oyun › Oyun ve Eğlence › Kutu Oyunları › Strateji Oyunu,BOTH,LISTING_ONLY,true,true,heuristic leaf policy; zero=BOTH secondHand=LISTING_ONLY,
Hobi ve Oyun › Oyun ve Eğlence › Kutu Oyunları › Aile Oyunu,BOTH,LISTING_ONLY,true,true,heuristic leaf policy; zero=BOTH secondHand=LISTING_ONLY,
Hobi ve Oyun › Oyun ve Eğlence › Kutu Oyunları › Parti Oyunu,BOTH,LISTING_ONLY,true,true,heuristic leaf policy; zero=BOTH secondHand=LISTING_ONLY,
Hobi ve Oyun › Oyun ve Eğlence › Kutu Oyunları › Kart Oyunu,BOTH,LISTING_ONLY,true,true,heuristic leaf policy; zero=BOTH secondHand=LISTING_ONLY,
Hobi ve Oyun › Oyun ve Eğlence › Kutu Oyunları › Satranç,BOTH,LISTING_ONLY,true,true,heuristic leaf policy; zero=BOTH secondHand=LISTING_ONLY,
Hobi ve Oyun › Oyun ve Eğlence › Kutu Oyunları › Puzzle,BOTH,LISTING_ONLY,true,true,heuristic leaf policy; zero=BOTH secondHand=LISTING_ONLY,
Hobi ve Oyun › Oyun ve Eğlence › Koleksiyon › Figür,LISTING_ONLY,LISTING_ONLY,true,false,heuristic leaf policy; zero=LISTING_ONLY secondHand=LISTING_ONLY,
Hobi ve Oyun › Oyun ve Eğlence › Koleksiyon › Trading Card,LISTING_ONLY,LISTING_ONLY,true,false,heuristic leaf policy; zero=LISTING_ONLY secondHand=LISTING_ONLY,
Hobi ve Oyun › Oyun ve Eğlence › Koleksiyon › Madeni Para,LISTING_ONLY,LISTING_ONLY,true,false,heuristic leaf policy; zero=LISTING_ONLY secondHand=LISTING_ONLY,
Hobi ve Oyun › Oyun ve Eğlence › Koleksiyon › Pul,LISTING_ONLY,LISTING_ONLY,true,false,heuristic leaf policy; zero=LISTING_ONLY secondHand=LISTING_ONLY,
Hobi ve Oyun › Oyun ve Eğlence › Koleksiyon › Koleksiyon Kutusu,LISTING_ONLY,LISTING_ONLY,true,false,heuristic leaf policy; zero=LISTING_ONLY secondHand=LISTING_ONLY,
"Kitap, Kırtasiye ve Ofis › Kitap › Edebiyat › Roman",BOTH,LISTING_ONLY,true,true,heuristic leaf policy; zero=BOTH secondHand=LISTING_ONLY,
"Kitap, Kırtasiye ve Ofis › Kitap › Edebiyat › Öykü",BOTH,LISTING_ONLY,true,true,heuristic leaf policy; zero=BOTH secondHand=LISTING_ONLY,
"Kitap, Kırtasiye ve Ofis › Kitap › Edebiyat › Şiir",BOTH,LISTING_ONLY,true,true,heuristic leaf policy; zero=BOTH secondHand=LISTING_ONLY,
"Kitap, Kırtasiye ve Ofis › Kitap › Edebiyat › Deneme",BOTH,LISTING_ONLY,true,true,heuristic leaf policy; zero=BOTH secondHand=LISTING_ONLY,
"Kitap, Kırtasiye ve Ofis › Kitap › Edebiyat › Biyografi",BOTH,LISTING_ONLY,true,true,heuristic leaf policy; zero=BOTH secondHand=LISTING_ONLY,
"Kitap, Kırtasiye ve Ofis › Kitap › Çocuk Kitapları › Resimli Kitap",BOTH,LISTING_ONLY,true,true,heuristic leaf policy; zero=BOTH secondHand=LISTING_ONLY,
"Kitap, Kırtasiye ve Ofis › Kitap › Çocuk Kitapları › Masal",BOTH,LISTING_ONLY,true,true,heuristic leaf policy; zero=BOTH secondHand=LISTING_ONLY,
"Kitap, Kırtasiye ve Ofis › Kitap › Çocuk Kitapları › Etkinlik Kitabı",BOTH,LISTING_ONLY,true,true,heuristic leaf policy; zero=BOTH secondHand=LISTING_ONLY,
"Kitap, Kırtasiye ve Ofis › Kitap › Çocuk Kitapları › Gençlik Romanı",BOTH,LISTING_ONLY,true,true,heuristic leaf policy; zero=BOTH secondHand=LISTING_ONLY,
"Kitap, Kırtasiye ve Ofis › Kitap › Eğitim › Sınav Hazırlık",BOTH,LISTING_ONLY,true,true,heuristic leaf policy; zero=BOTH secondHand=LISTING_ONLY,
"Kitap, Kırtasiye ve Ofis › Kitap › Eğitim › Ders Kitabı",BOTH,LISTING_ONLY,true,true,heuristic leaf policy; zero=BOTH secondHand=LISTING_ONLY,
"Kitap, Kırtasiye ve Ofis › Kitap › Eğitim › Yabancı Dil",BOTH,LISTING_ONLY,true,true,heuristic leaf policy; zero=BOTH secondHand=LISTING_ONLY,
"Kitap, Kırtasiye ve Ofis › Kitap › Eğitim › Akademik Kitap",BOTH,LISTING_ONLY,true,true,heuristic leaf policy; zero=BOTH secondHand=LISTING_ONLY,
"Kitap, Kırtasiye ve Ofis › Kitap › Hobi ve Yaşam › Yemek Kitabı",BOTH,LISTING_ONLY,true,true,heuristic leaf policy; zero=BOTH secondHand=LISTING_ONLY,
"Kitap, Kırtasiye ve Ofis › Kitap › Hobi ve Yaşam › Kişisel Gelişim",BOTH,LISTING_ONLY,true,true,heuristic leaf policy; zero=BOTH secondHand=LISTING_ONLY,
"Kitap, Kırtasiye ve Ofis › Kitap › Hobi ve Yaşam › Sanat",BOTH,LISTING_ONLY,true,true,heuristic leaf policy; zero=BOTH secondHand=LISTING_ONLY,
"Kitap, Kırtasiye ve Ofis › Kitap › Hobi ve Yaşam › Seyahat",BOTH,LISTING_ONLY,true,true,heuristic leaf policy; zero=BOTH secondHand=LISTING_ONLY,
"Kitap, Kırtasiye ve Ofis › Kitap › Hobi ve Yaşam › Sağlık",BOTH,LISTING_ONLY,true,true,heuristic leaf policy; zero=BOTH secondHand=LISTING_ONLY,
"Kitap, Kırtasiye ve Ofis › Kırtasiye › Yazı Gereçleri › Tükenmez Kalem",BOTH,LISTING_ONLY,true,true,heuristic leaf policy; zero=BOTH secondHand=LISTING_ONLY,
"Kitap, Kırtasiye ve Ofis › Kırtasiye › Yazı Gereçleri › Dolma Kalem",BOTH,LISTING_ONLY,true,true,heuristic leaf policy; zero=BOTH secondHand=LISTING_ONLY,
"Kitap, Kırtasiye ve Ofis › Kırtasiye › Yazı Gereçleri › Kurşun Kalem",BOTH,LISTING_ONLY,true,true,heuristic leaf policy; zero=BOTH secondHand=LISTING_ONLY,
"Kitap, Kırtasiye ve Ofis › Kırtasiye › Yazı Gereçleri › Keçeli Kalem",BOTH,LISTING_ONLY,true,true,heuristic leaf policy; zero=BOTH secondHand=LISTING_ONLY,
"Kitap, Kırtasiye ve Ofis › Kırtasiye › Yazı Gereçleri › Marker",BOTH,LISTING_ONLY,true,true,heuristic leaf policy; zero=BOTH secondHand=LISTING_ONLY,
"Kitap, Kırtasiye ve Ofis › Kırtasiye › Yazı Gereçleri › Silgi",BOTH,LISTING_ONLY,true,true,heuristic leaf policy; zero=BOTH secondHand=LISTING_ONLY,
"Kitap, Kırtasiye ve Ofis › Kırtasiye › Defter ve Kağıt › Defter",BOTH,LISTING_ONLY,true,true,heuristic leaf policy; zero=BOTH secondHand=LISTING_ONLY,
"Kitap, Kırtasiye ve Ofis › Kırtasiye › Defter ve Kağıt › Ajanda",BOTH,LISTING_ONLY,true,true,heuristic leaf policy; zero=BOTH secondHand=LISTING_ONLY,
"Kitap, Kırtasiye ve Ofis › Kırtasiye › Defter ve Kağıt › Fotokopi Kağıdı",BOTH,LISTING_ONLY,true,true,heuristic leaf policy; zero=BOTH secondHand=LISTING_ONLY,
"Kitap, Kırtasiye ve Ofis › Kırtasiye › Defter ve Kağıt › Not Kağıdı",BOTH,LISTING_ONLY,true,true,heuristic leaf policy; zero=BOTH secondHand=LISTING_ONLY,
"Kitap, Kırtasiye ve Ofis › Kırtasiye › Defter ve Kağıt › Etiket",BOTH,LISTING_ONLY,true,true,heuristic leaf policy; zero=BOTH secondHand=LISTING_ONLY,
"Kitap, Kırtasiye ve Ofis › Kırtasiye › Defter ve Kağıt › Zarf",BOTH,LISTING_ONLY,true,true,heuristic leaf policy; zero=BOTH secondHand=LISTING_ONLY,
"Kitap, Kırtasiye ve Ofis › Kırtasiye › Okul Gereçleri › Kalem Kutusu",BOTH,LISTING_ONLY,true,true,heuristic leaf policy; zero=BOTH secondHand=LISTING_ONLY,
"Kitap, Kırtasiye ve Ofis › Kırtasiye › Okul Gereçleri › Okul Çantası",BOTH,LISTING_ONLY,true,true,heuristic leaf policy; zero=BOTH secondHand=LISTING_ONLY,
"Kitap, Kırtasiye ve Ofis › Kırtasiye › Okul Gereçleri › Boya Seti",BOTH,LISTING_ONLY,true,true,heuristic leaf policy; zero=BOTH secondHand=LISTING_ONLY,
"Kitap, Kırtasiye ve Ofis › Kırtasiye › Okul Gereçleri › Cetvel Seti",BOTH,LISTING_ONLY,true,true,heuristic leaf policy; zero=BOTH secondHand=LISTING_ONLY,
"Kitap, Kırtasiye ve Ofis › Kırtasiye › Okul Gereçleri › Makas",BOTH,LISTING_ONLY,true,true,heuristic leaf policy; zero=BOTH secondHand=LISTING_ONLY,
"Kitap, Kırtasiye ve Ofis › Kırtasiye › Okul Gereçleri › Yapıştırıcı",BOTH,LISTING_ONLY,true,true,heuristic leaf policy; zero=BOTH secondHand=LISTING_ONLY,
"Kitap, Kırtasiye ve Ofis › Ofis › Ofis Makineleri › Yazıcı",BOTH,LISTING_ONLY,true,true,heuristic leaf policy; zero=BOTH secondHand=LISTING_ONLY,
"Kitap, Kırtasiye ve Ofis › Ofis › Ofis Makineleri › Fotokopi Makinesi",BOTH,LISTING_ONLY,true,true,heuristic leaf policy; zero=BOTH secondHand=LISTING_ONLY,
"Kitap, Kırtasiye ve Ofis › Ofis › Ofis Makineleri › Para Sayma Makinesi",BOTH,LISTING_ONLY,true,true,heuristic leaf policy; zero=BOTH secondHand=LISTING_ONLY,
"Kitap, Kırtasiye ve Ofis › Ofis › Ofis Makineleri › Laminasyon Makinesi",BOTH,LISTING_ONLY,true,true,heuristic leaf policy; zero=BOTH secondHand=LISTING_ONLY,
"Kitap, Kırtasiye ve Ofis › Ofis › Ofis Makineleri › Evrak İmha Makinesi",BOTH,LISTING_ONLY,true,true,heuristic leaf policy; zero=BOTH secondHand=LISTING_ONLY,
"Kitap, Kırtasiye ve Ofis › Ofis › Ofis Sarf › Toner",BOTH,LISTING_ONLY,true,true,heuristic leaf policy; zero=BOTH secondHand=LISTING_ONLY,
"Kitap, Kırtasiye ve Ofis › Ofis › Ofis Sarf › Kartuş",BOTH,LISTING_ONLY,true,true,heuristic leaf policy; zero=BOTH secondHand=LISTING_ONLY,
"Kitap, Kırtasiye ve Ofis › Ofis › Ofis Sarf › Zımba",BOTH,LISTING_ONLY,true,true,heuristic leaf policy; zero=BOTH secondHand=LISTING_ONLY,
"Kitap, Kırtasiye ve Ofis › Ofis › Ofis Sarf › Delgeç",BOTH,LISTING_ONLY,true,true,heuristic leaf policy; zero=BOTH secondHand=LISTING_ONLY,
"Kitap, Kırtasiye ve Ofis › Ofis › Ofis Sarf › Dosya",BOTH,LISTING_ONLY,true,true,heuristic leaf policy; zero=BOTH secondHand=LISTING_ONLY,
"Kitap, Kırtasiye ve Ofis › Ofis › Ofis Sarf › Klasör",BOTH,LISTING_ONLY,true,true,heuristic leaf policy; zero=BOTH secondHand=LISTING_ONLY,
"Kitap, Kırtasiye ve Ofis › Ofis › Ofis Mobilyası › Ofis Masası",BOTH,LISTING_ONLY,true,true,heuristic leaf policy; zero=BOTH secondHand=LISTING_ONLY,
"Kitap, Kırtasiye ve Ofis › Ofis › Ofis Mobilyası › Ofis Koltuğu",BOTH,LISTING_ONLY,true,true,heuristic leaf policy; zero=BOTH secondHand=LISTING_ONLY,
"Kitap, Kırtasiye ve Ofis › Ofis › Ofis Mobilyası › Dosya Dolabı",BOTH,LISTING_ONLY,true,true,heuristic leaf policy; zero=BOTH secondHand=LISTING_ONLY,
"Kitap, Kırtasiye ve Ofis › Ofis › Ofis Mobilyası › Toplantı Masası",BOTH,LISTING_ONLY,true,true,heuristic leaf policy; zero=BOTH secondHand=LISTING_ONLY,
"Kitap, Kırtasiye ve Ofis › Ofis › Ofis Mobilyası › Resepsiyon Bankosu",BOTH,LISTING_ONLY,true,true,heuristic leaf policy; zero=BOTH secondHand=LISTING_ONLY,
Pet Shop › Kedi › Beslenme › Kedi Maması,BOTH,LISTING_ONLY,true,true,heuristic leaf policy; zero=BOTH secondHand=LISTING_ONLY,
Pet Shop › Kedi › Beslenme › Yaş Mama,BOTH,LISTING_ONLY,true,true,heuristic leaf policy; zero=BOTH secondHand=LISTING_ONLY,
Pet Shop › Kedi › Beslenme › Ödül Maması,BOTH,LISTING_ONLY,true,true,heuristic leaf policy; zero=BOTH secondHand=LISTING_ONLY,
Pet Shop › Kedi › Beslenme › Mama Kabı,BOTH,LISTING_ONLY,true,true,heuristic leaf policy; zero=BOTH secondHand=LISTING_ONLY,
Pet Shop › Kedi › Beslenme › Su Pınarı,BOTH,LISTING_ONLY,true,true,heuristic leaf policy; zero=BOTH secondHand=LISTING_ONLY,
Pet Shop › Kedi › Bakım › Kedi Kumu,BOTH,LISTING_ONLY,true,true,heuristic leaf policy; zero=BOTH secondHand=LISTING_ONLY,
Pet Shop › Kedi › Bakım › Kum Kabı,BOTH,LISTING_ONLY,true,true,heuristic leaf policy; zero=BOTH secondHand=LISTING_ONLY,
Pet Shop › Kedi › Bakım › Tırmalama Tahtası,BOTH,LISTING_ONLY,true,true,heuristic leaf policy; zero=BOTH secondHand=LISTING_ONLY,
Pet Shop › Kedi › Bakım › Tarak,BOTH,LISTING_ONLY,true,true,heuristic leaf policy; zero=BOTH secondHand=LISTING_ONLY,
Pet Shop › Kedi › Bakım › Şampuan,BOTH,LISTING_ONLY,true,true,heuristic leaf policy; zero=BOTH secondHand=LISTING_ONLY,
Pet Shop › Kedi › Aksesuar › Kedi Yatağı,BOTH,LISTING_ONLY,true,true,heuristic leaf policy; zero=BOTH secondHand=LISTING_ONLY,
Pet Shop › Kedi › Aksesuar › Taşıma Çantası,BOTH,LISTING_ONLY,true,true,heuristic leaf policy; zero=BOTH secondHand=LISTING_ONLY,
Pet Shop › Kedi › Aksesuar › Tasma,BOTH,LISTING_ONLY,true,true,heuristic leaf policy; zero=BOTH secondHand=LISTING_ONLY,
Pet Shop › Kedi › Aksesuar › Oyuncak,BOTH,LISTING_ONLY,true,true,heuristic leaf policy; zero=BOTH secondHand=LISTING_ONLY,
Pet Shop › Kedi › Aksesuar › Kedi Evi,BOTH,LISTING_ONLY,true,true,heuristic leaf policy; zero=BOTH secondHand=LISTING_ONLY,
Pet Shop › Köpek › Beslenme › Köpek Maması,BOTH,LISTING_ONLY,true,true,heuristic leaf policy; zero=BOTH secondHand=LISTING_ONLY,
Pet Shop › Köpek › Beslenme › Yaş Mama,BOTH,LISTING_ONLY,true,true,heuristic leaf policy; zero=BOTH secondHand=LISTING_ONLY,
Pet Shop › Köpek › Beslenme › Ödül Maması,BOTH,LISTING_ONLY,true,true,heuristic leaf policy; zero=BOTH secondHand=LISTING_ONLY,
Pet Shop › Köpek › Beslenme › Mama Kabı,BOTH,LISTING_ONLY,true,true,heuristic leaf policy; zero=BOTH secondHand=LISTING_ONLY,
Pet Shop › Köpek › Beslenme › Su Kabı,BOTH,LISTING_ONLY,true,true,heuristic leaf policy; zero=BOTH secondHand=LISTING_ONLY,
Pet Shop › Köpek › Bakım › Şampuan,BOTH,LISTING_ONLY,true,true,heuristic leaf policy; zero=BOTH secondHand=LISTING_ONLY,
Pet Shop › Köpek › Bakım › Tarak,BOTH,LISTING_ONLY,true,true,heuristic leaf policy; zero=BOTH secondHand=LISTING_ONLY,
Pet Shop › Köpek › Bakım › Tırnak Makası,BOTH,LISTING_ONLY,true,true,heuristic leaf policy; zero=BOTH secondHand=LISTING_ONLY,
Pet Shop › Köpek › Bakım › Ped,BOTH,LISTING_ONLY,true,true,heuristic leaf policy; zero=BOTH secondHand=LISTING_ONLY,
Pet Shop › Köpek › Bakım › Ağız Bakımı,BOTH,LISTING_ONLY,true,true,heuristic leaf policy; zero=BOTH secondHand=LISTING_ONLY,
Pet Shop › Köpek › Aksesuar › Tasma,BOTH,LISTING_ONLY,true,true,heuristic leaf policy; zero=BOTH secondHand=LISTING_ONLY,
Pet Shop › Köpek › Aksesuar › Gezdirme Kayışı,BOTH,LISTING_ONLY,true,true,heuristic leaf policy; zero=BOTH secondHand=LISTING_ONLY,
Pet Shop › Köpek › Aksesuar › Göğüs Tasması,BOTH,LISTING_ONLY,true,true,heuristic leaf policy; zero=BOTH secondHand=LISTING_ONLY,
Pet Shop › Köpek › Aksesuar › Köpek Yatağı,BOTH,LISTING_ONLY,true,true,heuristic leaf policy; zero=BOTH secondHand=LISTING_ONLY,
Pet Shop › Köpek › Aksesuar › Taşıma Çantası,BOTH,LISTING_ONLY,true,true,heuristic leaf policy; zero=BOTH secondHand=LISTING_ONLY,
Pet Shop › Köpek › Aksesuar › Oyuncak,BOTH,LISTING_ONLY,true,true,heuristic leaf policy; zero=BOTH secondHand=LISTING_ONLY,
Pet Shop › Köpek › Aksesuar › Köpek Kulübesi,BOTH,LISTING_ONLY,true,true,heuristic leaf policy; zero=BOTH secondHand=LISTING_ONLY,
Pet Shop › Kuş ve Kemirgen › Kuş › Kuş Yemi,BOTH,LISTING_ONLY,true,true,heuristic leaf policy; zero=BOTH secondHand=LISTING_ONLY,
Pet Shop › Kuş ve Kemirgen › Kuş › Kafes,BOTH,LISTING_ONLY,true,true,heuristic leaf policy; zero=BOTH secondHand=LISTING_ONLY,
Pet Shop › Kuş ve Kemirgen › Kuş › Tünek,BOTH,LISTING_ONLY,true,true,heuristic leaf policy; zero=BOTH secondHand=LISTING_ONLY,
Pet Shop › Kuş ve Kemirgen › Kuş › Suluk,BOTH,LISTING_ONLY,true,true,heuristic leaf policy; zero=BOTH secondHand=LISTING_ONLY,
Pet Shop › Kuş ve Kemirgen › Kuş › Oyuncak,BOTH,LISTING_ONLY,true,true,heuristic leaf policy; zero=BOTH secondHand=LISTING_ONLY,
Pet Shop › Kuş ve Kemirgen › Kemirgen › Kemirgen Yemi,BOTH,LISTING_ONLY,true,true,heuristic leaf policy; zero=BOTH secondHand=LISTING_ONLY,
Pet Shop › Kuş ve Kemirgen › Kemirgen › Kafes,BOTH,LISTING_ONLY,true,true,heuristic leaf policy; zero=BOTH secondHand=LISTING_ONLY,
Pet Shop › Kuş ve Kemirgen › Kemirgen › Talaş,BOTH,LISTING_ONLY,true,true,heuristic leaf policy; zero=BOTH secondHand=LISTING_ONLY,
Pet Shop › Kuş ve Kemirgen › Kemirgen › Suluk,BOTH,LISTING_ONLY,true,true,heuristic leaf policy; zero=BOTH secondHand=LISTING_ONLY,
Pet Shop › Kuş ve Kemirgen › Kemirgen › Oyuncak,BOTH,LISTING_ONLY,true,true,heuristic leaf policy; zero=BOTH secondHand=LISTING_ONLY,
Pet Shop › Akvaryum › Akvaryum Ürünleri › Akvaryum,BOTH,LISTING_ONLY,true,true,heuristic leaf policy; zero=BOTH secondHand=LISTING_ONLY,
Pet Shop › Akvaryum › Akvaryum Ürünleri › Filtre,BOTH,LISTING_ONLY,true,true,heuristic leaf policy; zero=BOTH secondHand=LISTING_ONLY,
Pet Shop › Akvaryum › Akvaryum Ürünleri › Isıtıcı,BOTH,LISTING_ONLY,true,true,heuristic leaf policy; zero=BOTH secondHand=LISTING_ONLY,
Pet Shop › Akvaryum › Akvaryum Ürünleri › Hava Motoru,BOTH,LISTING_ONLY,true,true,heuristic leaf policy; zero=BOTH secondHand=LISTING_ONLY,
Pet Shop › Akvaryum › Akvaryum Ürünleri › Aydınlatma,BOTH,LISTING_ONLY,true,true,heuristic leaf policy; zero=BOTH secondHand=LISTING_ONLY,
Pet Shop › Akvaryum › Akvaryum Ürünleri › Balık Yemi,BOTH,LISTING_ONLY,true,true,heuristic leaf policy; zero=BOTH secondHand=LISTING_ONLY,
Pet Shop › Akvaryum › Akvaryum Ürünleri › Dekor,BOTH,LISTING_ONLY,true,true,heuristic leaf policy; zero=BOTH secondHand=LISTING_ONLY,
Otomotiv Aksesuar › Araç İçi › Konfor › Koltuk Kılıfı,BOTH,LISTING_ONLY,true,true,heuristic leaf policy; zero=BOTH secondHand=LISTING_ONLY,
Otomotiv Aksesuar › Araç İçi › Konfor › Paspas,BOTH,LISTING_ONLY,true,true,heuristic leaf policy; zero=BOTH secondHand=LISTING_ONLY,
Otomotiv Aksesuar › Araç İçi › Konfor › Direksiyon Kılıfı,BOTH,LISTING_ONLY,true,true,heuristic leaf policy; zero=BOTH secondHand=LISTING_ONLY,
Otomotiv Aksesuar › Araç İçi › Konfor › Güneşlik,BOTH,LISTING_ONLY,true,true,heuristic leaf policy; zero=BOTH secondHand=LISTING_ONLY,
Otomotiv Aksesuar › Araç İçi › Konfor › Organizer,BOTH,LISTING_ONLY,true,true,heuristic leaf policy; zero=BOTH secondHand=LISTING_ONLY,
Otomotiv Aksesuar › Araç İçi › Konfor › Araç İçi Buzdolabı,BOTH,LISTING_ONLY,true,true,heuristic leaf policy; zero=BOTH secondHand=LISTING_ONLY,
Otomotiv Aksesuar › Araç İçi › Elektronik › Araç Kamerası,BOTH,LISTING_ONLY,true,true,heuristic leaf policy; zero=BOTH secondHand=LISTING_ONLY,
Otomotiv Aksesuar › Araç İçi › Elektronik › Multimedya Sistemi,BOTH,LISTING_ONLY,true,true,heuristic leaf policy; zero=BOTH secondHand=LISTING_ONLY,
Otomotiv Aksesuar › Araç İçi › Elektronik › Navigasyon,BOTH,LISTING_ONLY,true,true,heuristic leaf policy; zero=BOTH secondHand=LISTING_ONLY,
Otomotiv Aksesuar › Araç İçi › Elektronik › FM Transmitter,BOTH,LISTING_ONLY,true,true,heuristic leaf policy; zero=BOTH secondHand=LISTING_ONLY,
Otomotiv Aksesuar › Araç İçi › Elektronik › Araç Şarj Cihazı,BOTH,LISTING_ONLY,true,true,heuristic leaf policy; zero=BOTH secondHand=LISTING_ONLY,
Otomotiv Aksesuar › Araç İçi › Elektronik › Park Sensörü,BOTH,LISTING_ONLY,true,true,heuristic leaf policy; zero=BOTH secondHand=LISTING_ONLY,
Otomotiv Aksesuar › Araç İçi › Elektronik › Geri Görüş Kamerası,BOTH,LISTING_ONLY,true,true,heuristic leaf policy; zero=BOTH secondHand=LISTING_ONLY,
Otomotiv Aksesuar › Araç Dışı › Koruma ve Görünüm › Araç Brandası,BOTH,LISTING_ONLY,true,true,heuristic leaf policy; zero=BOTH secondHand=LISTING_ONLY,
Otomotiv Aksesuar › Araç Dışı › Koruma ve Görünüm › Kapı Koruyucu,BOTH,LISTING_ONLY,true,true,heuristic leaf policy; zero=BOTH secondHand=LISTING_ONLY,
Otomotiv Aksesuar › Araç Dışı › Koruma ve Görünüm › Çamurluk,BOTH,LISTING_ONLY,true,true,heuristic leaf policy; zero=BOTH secondHand=LISTING_ONLY,
Otomotiv Aksesuar › Araç Dışı › Koruma ve Görünüm › Spoiler,BOTH,LISTING_ONLY,true,true,heuristic leaf policy; zero=BOTH secondHand=LISTING_ONLY,
Otomotiv Aksesuar › Araç Dışı › Koruma ve Görünüm › Rüzgarlık,BOTH,LISTING_ONLY,true,true,heuristic leaf policy; zero=BOTH secondHand=LISTING_ONLY,
Otomotiv Aksesuar › Araç Dışı › Koruma ve Görünüm › Sticker ve Folyo,BOTH,LISTING_ONLY,true,true,heuristic leaf policy; zero=BOTH secondHand=LISTING_ONLY,
Otomotiv Aksesuar › Araç Dışı › Taşıma › Tavan Barı,BOTH,LISTING_ONLY,true,true,heuristic leaf policy; zero=BOTH secondHand=LISTING_ONLY,
Otomotiv Aksesuar › Araç Dışı › Taşıma › Port Bagaj,BOTH,LISTING_ONLY,true,true,heuristic leaf policy; zero=BOTH secondHand=LISTING_ONLY,
Otomotiv Aksesuar › Araç Dışı › Taşıma › Bisiklet Taşıyıcı,BOTH,BOTH,true,true,heuristic leaf policy; zero=BOTH secondHand=BOTH,
Otomotiv Aksesuar › Araç Dışı › Taşıma › Çeki Demiri,BOTH,LISTING_ONLY,true,true,heuristic leaf policy; zero=BOTH secondHand=LISTING_ONLY,
Otomotiv Aksesuar › Bakım ve Temizlik › Temizlik › Oto Şampuanı,BOTH,LISTING_ONLY,true,true,heuristic leaf policy; zero=BOTH secondHand=LISTING_ONLY,
Otomotiv Aksesuar › Bakım ve Temizlik › Temizlik › Cila,BOTH,LISTING_ONLY,true,true,heuristic leaf policy; zero=BOTH secondHand=LISTING_ONLY,
Otomotiv Aksesuar › Bakım ve Temizlik › Temizlik › Seramik Kaplama,BOTH,LISTING_ONLY,true,true,heuristic leaf policy; zero=BOTH secondHand=LISTING_ONLY,
Otomotiv Aksesuar › Bakım ve Temizlik › Temizlik › Jant Temizleyici,BOTH,LISTING_ONLY,true,true,heuristic leaf policy; zero=BOTH secondHand=LISTING_ONLY,
Otomotiv Aksesuar › Bakım ve Temizlik › Temizlik › Mikrofiber Bez,BOTH,LISTING_ONLY,true,true,heuristic leaf policy; zero=BOTH secondHand=LISTING_ONLY,
Otomotiv Aksesuar › Bakım ve Temizlik › Temizlik › Araç Süpürgesi,BOTH,LISTING_ONLY,true,true,heuristic leaf policy; zero=BOTH secondHand=LISTING_ONLY,
Otomotiv Aksesuar › Bakım ve Temizlik › Bakım › Motor Yağı,BOTH,LISTING_ONLY,true,true,heuristic leaf policy; zero=BOTH secondHand=LISTING_ONLY,
Otomotiv Aksesuar › Bakım ve Temizlik › Bakım › Antifriz,BOTH,LISTING_ONLY,true,true,heuristic leaf policy; zero=BOTH secondHand=LISTING_ONLY,
Otomotiv Aksesuar › Bakım ve Temizlik › Bakım › Cam Suyu,BOTH,LISTING_ONLY,true,true,heuristic leaf policy; zero=BOTH secondHand=LISTING_ONLY,
Otomotiv Aksesuar › Bakım ve Temizlik › Bakım › Katkı Ürünleri,BOTH,LISTING_ONLY,true,true,heuristic leaf policy; zero=BOTH secondHand=LISTING_ONLY,
Otomotiv Aksesuar › Bakım ve Temizlik › Bakım › Akü Şarj Cihazı,BOTH,LISTING_ONLY,true,true,heuristic leaf policy; zero=BOTH secondHand=LISTING_ONLY,
Otomotiv Aksesuar › Yedek Parça ve Ekipman › Temel Parça › Akü,BOTH,LISTING_ONLY,true,true,heuristic leaf policy; zero=BOTH secondHand=LISTING_ONLY,
Otomotiv Aksesuar › Yedek Parça ve Ekipman › Temel Parça › Silecek,BOTH,LISTING_ONLY,true,true,heuristic leaf policy; zero=BOTH secondHand=LISTING_ONLY,
Otomotiv Aksesuar › Yedek Parça ve Ekipman › Temel Parça › Ampul,BOTH,LISTING_ONLY,true,true,heuristic leaf policy; zero=BOTH secondHand=LISTING_ONLY,
Otomotiv Aksesuar › Yedek Parça ve Ekipman › Temel Parça › Filtre,BOTH,LISTING_ONLY,true,true,heuristic leaf policy; zero=BOTH secondHand=LISTING_ONLY,
Otomotiv Aksesuar › Yedek Parça ve Ekipman › Temel Parça › Buji,BOTH,LISTING_ONLY,true,true,heuristic leaf policy; zero=BOTH secondHand=LISTING_ONLY,
Otomotiv Aksesuar › Yedek Parça ve Ekipman › Temel Parça › Fren Balatası,BOTH,LISTING_ONLY,true,true,heuristic leaf policy; zero=BOTH secondHand=LISTING_ONLY,
Otomotiv Aksesuar › Yedek Parça ve Ekipman › Temel Parça › Debriyaj Seti,BOTH,LISTING_ONLY,true,true,heuristic leaf policy; zero=BOTH secondHand=LISTING_ONLY,
Otomotiv Aksesuar › Yedek Parça ve Ekipman › Lastik ve Jant › Otomobil Lastiği,BOTH,LISTING_ONLY,true,true,heuristic leaf policy; zero=BOTH secondHand=LISTING_ONLY,
Otomotiv Aksesuar › Yedek Parça ve Ekipman › Lastik ve Jant › SUV Lastiği,BOTH,LISTING_ONLY,true,true,heuristic leaf policy; zero=BOTH secondHand=LISTING_ONLY,
Otomotiv Aksesuar › Yedek Parça ve Ekipman › Lastik ve Jant › Motosiklet Lastiği,BOTH,LISTING_ONLY,true,true,heuristic leaf policy; zero=BOTH secondHand=LISTING_ONLY,
Otomotiv Aksesuar › Yedek Parça ve Ekipman › Lastik ve Jant › Jant,BOTH,LISTING_ONLY,true,true,heuristic leaf policy; zero=BOTH secondHand=LISTING_ONLY,
Otomotiv Aksesuar › Yedek Parça ve Ekipman › Lastik ve Jant › Jant Kapağı,BOTH,LISTING_ONLY,true,true,heuristic leaf policy; zero=BOTH secondHand=LISTING_ONLY,
Otomotiv Aksesuar › Yedek Parça ve Ekipman › Lastik ve Jant › Kar Zinciri,BOTH,LISTING_ONLY,true,true,heuristic leaf policy; zero=BOTH secondHand=LISTING_ONLY,
Otomotiv Aksesuar › Yedek Parça ve Ekipman › Acil Durum › İlk Yardım Seti,BOTH,LISTING_ONLY,true,true,heuristic leaf policy; zero=BOTH secondHand=LISTING_ONLY,
Otomotiv Aksesuar › Yedek Parça ve Ekipman › Acil Durum › Yangın Söndürücü,BOTH,LISTING_ONLY,true,true,heuristic leaf policy; zero=BOTH secondHand=LISTING_ONLY,
Otomotiv Aksesuar › Yedek Parça ve Ekipman › Acil Durum › Reflektör,BOTH,LISTING_ONLY,true,true,heuristic leaf policy; zero=BOTH secondHand=LISTING_ONLY,
Otomotiv Aksesuar › Yedek Parça ve Ekipman › Acil Durum › Takviye Kablosu,BOTH,LISTING_ONLY,true,true,heuristic leaf policy; zero=BOTH secondHand=LISTING_ONLY,
Otomotiv Aksesuar › Yedek Parça ve Ekipman › Acil Durum › Kriko,BOTH,LISTING_ONLY,true,true,heuristic leaf policy; zero=BOTH secondHand=LISTING_ONLY,
Otomotiv Aksesuar › Yedek Parça ve Ekipman › Acil Durum › Çekme Halatı,BOTH,LISTING_ONLY,true,true,heuristic leaf policy; zero=BOTH secondHand=LISTING_ONLY,
Otomotiv Aksesuar › Motosiklet Aksesuar › Sürüş Ekipmanı › Motosiklet Kaskı,BOTH,LISTING_ONLY,true,true,heuristic leaf policy; zero=BOTH secondHand=LISTING_ONLY,
Otomotiv Aksesuar › Motosiklet Aksesuar › Sürüş Ekipmanı › Motosiklet Montu,BOTH,LISTING_ONLY,true,true,heuristic leaf policy; zero=BOTH secondHand=LISTING_ONLY,
Otomotiv Aksesuar › Motosiklet Aksesuar › Sürüş Ekipmanı › Eldiven,BOTH,LISTING_ONLY,true,true,heuristic leaf policy; zero=BOTH secondHand=LISTING_ONLY,
Otomotiv Aksesuar › Motosiklet Aksesuar › Sürüş Ekipmanı › Dizlik,BOTH,LISTING_ONLY,true,true,heuristic leaf policy; zero=BOTH secondHand=LISTING_ONLY,
Otomotiv Aksesuar › Motosiklet Aksesuar › Sürüş Ekipmanı › Bot,BOTH,LISTING_ONLY,true,true,heuristic leaf policy; zero=BOTH secondHand=LISTING_ONLY,
Otomotiv Aksesuar › Motosiklet Aksesuar › Sürüş Ekipmanı › Yağmurluk,BOTH,LISTING_ONLY,true,true,heuristic leaf policy; zero=BOTH secondHand=LISTING_ONLY,
Otomotiv Aksesuar › Motosiklet Aksesuar › Motosiklet Parça › Motosiklet Çantası,BOTH,LISTING_ONLY,true,true,heuristic leaf policy; zero=BOTH secondHand=LISTING_ONLY,
Otomotiv Aksesuar › Motosiklet Aksesuar › Motosiklet Parça › Telefon Tutucu,BOTH,LISTING_ONLY,true,true,heuristic leaf policy; zero=BOTH secondHand=LISTING_ONLY,
Otomotiv Aksesuar › Motosiklet Aksesuar › Motosiklet Parça › Branda,BOTH,LISTING_ONLY,true,true,heuristic leaf policy; zero=BOTH secondHand=LISTING_ONLY,
Otomotiv Aksesuar › Motosiklet Aksesuar › Motosiklet Parça › Egzoz,BOTH,LISTING_ONLY,true,true,heuristic leaf policy; zero=BOTH secondHand=LISTING_ONLY,
Otomotiv Aksesuar › Motosiklet Aksesuar › Motosiklet Parça › Ayna,BOTH,LISTING_ONLY,true,true,heuristic leaf policy; zero=BOTH secondHand=LISTING_ONLY,
Otomotiv Aksesuar › Motosiklet Aksesuar › Motosiklet Parça › Zincir ve Dişli,BOTH,LISTING_ONLY,true,true,heuristic leaf policy; zero=BOTH secondHand=LISTING_ONLY,
Bahçe ve Yapı › Bahçe › Bahçe Mobilyası › Bahçe Masa Takımı,BOTH,LISTING_ONLY,true,true,heuristic leaf policy; zero=BOTH secondHand=LISTING_ONLY,
Bahçe ve Yapı › Bahçe › Bahçe Mobilyası › Şezlong,BOTH,LISTING_ONLY,true,true,heuristic leaf policy; zero=BOTH secondHand=LISTING_ONLY,
Bahçe ve Yapı › Bahçe › Bahçe Mobilyası › Salıncak,BOTH,LISTING_ONLY,true,true,heuristic leaf policy; zero=BOTH secondHand=LISTING_ONLY,
Bahçe ve Yapı › Bahçe › Bahçe Mobilyası › Hamak,BOTH,LISTING_ONLY,true,true,heuristic leaf policy; zero=BOTH secondHand=LISTING_ONLY,
Bahçe ve Yapı › Bahçe › Bahçe Mobilyası › Gölgelik,BOTH,LISTING_ONLY,true,true,heuristic leaf policy; zero=BOTH secondHand=LISTING_ONLY,
Bahçe ve Yapı › Bahçe › Bahçe Mobilyası › Şemsiye,BOTH,LISTING_ONLY,true,true,heuristic leaf policy; zero=BOTH secondHand=LISTING_ONLY,
Bahçe ve Yapı › Bahçe › Bahçe Bakımı › Çim Biçme Makinesi,BOTH,LISTING_ONLY,true,true,heuristic leaf policy; zero=BOTH secondHand=LISTING_ONLY,
Bahçe ve Yapı › Bahçe › Bahçe Bakımı › Tırpan,BOTH,LISTING_ONLY,true,true,heuristic leaf policy; zero=BOTH secondHand=LISTING_ONLY,
Bahçe ve Yapı › Bahçe › Bahçe Bakımı › Çit Budama,BOTH,LISTING_ONLY,true,true,heuristic leaf policy; zero=BOTH secondHand=LISTING_ONLY,
Bahçe ve Yapı › Bahçe › Bahçe Bakımı › Yaprak Üfleme,BOTH,LISTING_ONLY,true,true,heuristic leaf policy; zero=BOTH secondHand=LISTING_ONLY,
Bahçe ve Yapı › Bahçe › Bahçe Bakımı › Testere,BOTH,LISTING_ONLY,true,true,heuristic leaf policy; zero=BOTH secondHand=LISTING_ONLY,
Bahçe ve Yapı › Bahçe › Bahçe Bakımı › Bahçe El Aleti,BOTH,LISTING_ONLY,true,true,heuristic leaf policy; zero=BOTH secondHand=LISTING_ONLY,
Bahçe ve Yapı › Bahçe › Sulama › Bahçe Hortumu,BOTH,LISTING_ONLY,true,true,heuristic leaf policy; zero=BOTH secondHand=LISTING_ONLY,
Bahçe ve Yapı › Bahçe › Sulama › Hortum Makarası,BOTH,LISTING_ONLY,true,true,heuristic leaf policy; zero=BOTH secondHand=LISTING_ONLY,
Bahçe ve Yapı › Bahçe › Sulama › Sulama Tabancası,BOTH,LISTING_ONLY,true,true,heuristic leaf policy; zero=BOTH secondHand=LISTING_ONLY,
Bahçe ve Yapı › Bahçe › Sulama › Damla Sulama,BOTH,LISTING_ONLY,true,true,heuristic leaf policy; zero=BOTH secondHand=LISTING_ONLY,
Bahçe ve Yapı › Bahçe › Sulama › Su Pompası,BOTH,LISTING_ONLY,true,true,heuristic leaf policy; zero=BOTH secondHand=LISTING_ONLY,
Bahçe ve Yapı › Bahçe › Sulama › Hidrofor,BOTH,LISTING_ONLY,true,true,heuristic leaf policy; zero=BOTH secondHand=LISTING_ONLY,
Bahçe ve Yapı › Bahçe › Bitki ve Saksı › Saksı,BOTH,LISTING_ONLY,true,true,heuristic leaf policy; zero=BOTH secondHand=LISTING_ONLY,
Bahçe ve Yapı › Bahçe › Bitki ve Saksı › Toprak,BOTH,LISTING_ONLY,true,true,heuristic leaf policy; zero=BOTH secondHand=LISTING_ONLY,
Bahçe ve Yapı › Bahçe › Bitki ve Saksı › Gübre,BOTH,LISTING_ONLY,true,true,heuristic leaf policy; zero=BOTH secondHand=LISTING_ONLY,
Bahçe ve Yapı › Bahçe › Bitki ve Saksı › Tohum,BOTH,LISTING_ONLY,true,true,heuristic leaf policy; zero=BOTH secondHand=LISTING_ONLY,
Bahçe ve Yapı › Bahçe › Bitki ve Saksı › Fide,BOTH,LISTING_ONLY,true,true,heuristic leaf policy; zero=BOTH secondHand=LISTING_ONLY,
Bahçe ve Yapı › Bahçe › Bitki ve Saksı › Bitki Destek Ürünleri,BOTH,LISTING_ONLY,true,true,heuristic leaf policy; zero=BOTH secondHand=LISTING_ONLY,
Bahçe ve Yapı › Yapı Market › El Aletleri › Tornavida,BOTH,LISTING_ONLY,true,true,heuristic leaf policy; zero=BOTH secondHand=LISTING_ONLY,
Bahçe ve Yapı › Yapı Market › El Aletleri › Pense,BOTH,LISTING_ONLY,true,true,heuristic leaf policy; zero=BOTH secondHand=LISTING_ONLY,
Bahçe ve Yapı › Yapı Market › El Aletleri › Anahtar Takımı,BOTH,LISTING_ONLY,true,true,heuristic leaf policy; zero=BOTH secondHand=LISTING_ONLY,
Bahçe ve Yapı › Yapı Market › El Aletleri › Çekiç,BOTH,LISTING_ONLY,true,true,heuristic leaf policy; zero=BOTH secondHand=LISTING_ONLY,
Bahçe ve Yapı › Yapı Market › El Aletleri › Testere,BOTH,LISTING_ONLY,true,true,heuristic leaf policy; zero=BOTH secondHand=LISTING_ONLY,
Bahçe ve Yapı › Yapı Market › El Aletleri › Maket Bıçağı,BOTH,LISTING_ONLY,true,true,heuristic leaf policy; zero=BOTH secondHand=LISTING_ONLY,
Bahçe ve Yapı › Yapı Market › El Aletleri › Ölçüm Aleti,BOTH,LISTING_ONLY,true,true,heuristic leaf policy; zero=BOTH secondHand=LISTING_ONLY,
Bahçe ve Yapı › Yapı Market › Elektrikli El Aletleri › Matkap,BOTH,LISTING_ONLY,true,true,heuristic leaf policy; zero=BOTH secondHand=LISTING_ONLY,
Bahçe ve Yapı › Yapı Market › Elektrikli El Aletleri › Vidalama,BOTH,LISTING_ONLY,true,true,heuristic leaf policy; zero=BOTH secondHand=LISTING_ONLY,
Bahçe ve Yapı › Yapı Market › Elektrikli El Aletleri › Taşlama,BOTH,LISTING_ONLY,true,true,heuristic leaf policy; zero=BOTH secondHand=LISTING_ONLY,
Bahçe ve Yapı › Yapı Market › Elektrikli El Aletleri › Dekupaj,BOTH,LISTING_ONLY,true,true,heuristic leaf policy; zero=BOTH secondHand=LISTING_ONLY,
Bahçe ve Yapı › Yapı Market › Elektrikli El Aletleri › Daire Testere,BOTH,LISTING_ONLY,true,true,heuristic leaf policy; zero=BOTH secondHand=LISTING_ONLY,
Bahçe ve Yapı › Yapı Market › Elektrikli El Aletleri › Kırıcı-Delici,BOTH,LISTING_ONLY,true,true,heuristic leaf policy; zero=BOTH secondHand=LISTING_ONLY,
Bahçe ve Yapı › Yapı Market › Elektrikli El Aletleri › Zımpara,BOTH,LISTING_ONLY,true,true,heuristic leaf policy; zero=BOTH secondHand=LISTING_ONLY,
Bahçe ve Yapı › Yapı Market › Elektrikli El Aletleri › Kaynak Makinesi,BOTH,LISTING_ONLY,true,true,heuristic leaf policy; zero=BOTH secondHand=LISTING_ONLY,
Bahçe ve Yapı › Yapı Market › Boya ve Kimyasal › İç Cephe Boyası,BOTH,LISTING_ONLY,true,true,heuristic leaf policy; zero=BOTH secondHand=LISTING_ONLY,
Bahçe ve Yapı › Yapı Market › Boya ve Kimyasal › Dış Cephe Boyası,BOTH,LISTING_ONLY,true,true,heuristic leaf policy; zero=BOTH secondHand=LISTING_ONLY,
Bahçe ve Yapı › Yapı Market › Boya ve Kimyasal › Ahşap Boyası,BOTH,LISTING_ONLY,true,true,heuristic leaf policy; zero=BOTH secondHand=LISTING_ONLY,
Bahçe ve Yapı › Yapı Market › Boya ve Kimyasal › Sprey Boya,BOTH,LISTING_ONLY,true,true,heuristic leaf policy; zero=BOTH secondHand=LISTING_ONLY,
Bahçe ve Yapı › Yapı Market › Boya ve Kimyasal › Vernik,BOTH,LISTING_ONLY,true,true,heuristic leaf policy; zero=BOTH secondHand=LISTING_ONLY,
Bahçe ve Yapı › Yapı Market › Boya ve Kimyasal › Silikon,BOTH,LISTING_ONLY,true,true,heuristic leaf policy; zero=BOTH secondHand=LISTING_ONLY,
Bahçe ve Yapı › Yapı Market › Boya ve Kimyasal › Yapıştırıcı,BOTH,LISTING_ONLY,true,true,heuristic leaf policy; zero=BOTH secondHand=LISTING_ONLY,
Bahçe ve Yapı › Yapı Market › Boya ve Kimyasal › Derz Dolgu,BOTH,LISTING_ONLY,true,true,heuristic leaf policy; zero=BOTH secondHand=LISTING_ONLY,
Bahçe ve Yapı › Yapı Market › Hırdavat › Vida,BOTH,LISTING_ONLY,true,true,heuristic leaf policy; zero=BOTH secondHand=LISTING_ONLY,
Bahçe ve Yapı › Yapı Market › Hırdavat › Dübel,BOTH,LISTING_ONLY,true,true,heuristic leaf policy; zero=BOTH secondHand=LISTING_ONLY,
Bahçe ve Yapı › Yapı Market › Hırdavat › Çivi,BOTH,LISTING_ONLY,true,true,heuristic leaf policy; zero=BOTH secondHand=LISTING_ONLY,
Bahçe ve Yapı › Yapı Market › Hırdavat › Somun,BOTH,LISTING_ONLY,true,true,heuristic leaf policy; zero=BOTH secondHand=LISTING_ONLY,
Bahçe ve Yapı › Yapı Market › Hırdavat › Cıvata,BOTH,LISTING_ONLY,true,true,heuristic leaf policy; zero=BOTH secondHand=LISTING_ONLY,
Bahçe ve Yapı › Yapı Market › Hırdavat › Menteşe,BOTH,LISTING_ONLY,true,true,heuristic leaf policy; zero=BOTH secondHand=LISTING_ONLY,
Bahçe ve Yapı › Yapı Market › Hırdavat › Kilit,BOTH,LISTING_ONLY,true,true,heuristic leaf policy; zero=BOTH secondHand=LISTING_ONLY,
Bahçe ve Yapı › Yapı Market › Hırdavat › Tekerlek,BOTH,LISTING_ONLY,true,true,heuristic leaf policy; zero=BOTH secondHand=LISTING_ONLY,
Bahçe ve Yapı › Yapı Market › Elektrik › Priz,BOTH,LISTING_ONLY,true,true,heuristic leaf policy; zero=BOTH secondHand=LISTING_ONLY,
Bahçe ve Yapı › Yapı Market › Elektrik › Anahtar,BOTH,LISTING_ONLY,true,true,heuristic leaf policy; zero=BOTH secondHand=LISTING_ONLY,
Bahçe ve Yapı › Yapı Market › Elektrik › Sigorta,BOTH,LISTING_ONLY,true,true,heuristic leaf policy; zero=BOTH secondHand=LISTING_ONLY,
Bahçe ve Yapı › Yapı Market › Elektrik › Kablo,BOTH,LISTING_ONLY,true,true,heuristic leaf policy; zero=BOTH secondHand=LISTING_ONLY,
Bahçe ve Yapı › Yapı Market › Elektrik › Uzatma Kablosu,BOTH,LISTING_ONLY,true,true,heuristic leaf policy; zero=BOTH secondHand=LISTING_ONLY,
Bahçe ve Yapı › Yapı Market › Elektrik › Pano,BOTH,LISTING_ONLY,true,true,heuristic leaf policy; zero=BOTH secondHand=LISTING_ONLY,
Bahçe ve Yapı › Yapı Market › Elektrik › Sensör,BOTH,LISTING_ONLY,true,true,heuristic leaf policy; zero=BOTH secondHand=LISTING_ONLY,
Bahçe ve Yapı › Yapı Market › Tesisat › Musluk,BOTH,LISTING_ONLY,true,true,heuristic leaf policy; zero=BOTH secondHand=LISTING_ONLY,
Bahçe ve Yapı › Yapı Market › Tesisat › Batarya,BOTH,LISTING_ONLY,true,true,heuristic leaf policy; zero=BOTH secondHand=LISTING_ONLY,
Bahçe ve Yapı › Yapı Market › Tesisat › Duş Seti,BOTH,LISTING_ONLY,true,true,heuristic leaf policy; zero=BOTH secondHand=LISTING_ONLY,
Bahçe ve Yapı › Yapı Market › Tesisat › Vana,BOTH,LISTING_ONLY,true,true,heuristic leaf policy; zero=BOTH secondHand=LISTING_ONLY,
Bahçe ve Yapı › Yapı Market › Tesisat › Boru,BOTH,LISTING_ONLY,true,true,heuristic leaf policy; zero=BOTH secondHand=LISTING_ONLY,
Bahçe ve Yapı › Yapı Market › Tesisat › Sifon,BOTH,LISTING_ONLY,true,true,heuristic leaf policy; zero=BOTH secondHand=LISTING_ONLY,
Bahçe ve Yapı › Yapı Market › Tesisat › Armatür,BOTH,LISTING_ONLY,true,true,heuristic leaf policy; zero=BOTH secondHand=LISTING_ONLY,
Bahçe ve Yapı › Yapı Market › İzolasyon › Isı Yalıtımı,BOTH,LISTING_ONLY,true,true,heuristic leaf policy; zero=BOTH secondHand=LISTING_ONLY,
Bahçe ve Yapı › Yapı Market › İzolasyon › Su Yalıtımı,BOTH,LISTING_ONLY,true,true,heuristic leaf policy; zero=BOTH secondHand=LISTING_ONLY,
Bahçe ve Yapı › Yapı Market › İzolasyon › Ses Yalıtımı,BOTH,LISTING_ONLY,true,true,heuristic leaf policy; zero=BOTH secondHand=LISTING_ONLY,
Bahçe ve Yapı › Yapı Market › İzolasyon › Çatı Kaplama,BOTH,LISTING_ONLY,true,true,heuristic leaf policy; zero=BOTH secondHand=LISTING_ONLY,
Bahçe ve Yapı › Yapı Market › İzolasyon › Yalıtım Bandı,BOTH,LISTING_ONLY,true,true,heuristic leaf policy; zero=BOTH secondHand=LISTING_ONLY,
Endüstriyel ve Ticari Ürünler › Endüstriyel Makineler › Üretim Makineleri › CNC Makinesi,BOTH,LISTING_ONLY,true,true,heuristic leaf policy; zero=BOTH secondHand=LISTING_ONLY,
Endüstriyel ve Ticari Ürünler › Endüstriyel Makineler › Üretim Makineleri › Torna,BOTH,LISTING_ONLY,true,true,heuristic leaf policy; zero=BOTH secondHand=LISTING_ONLY,
Endüstriyel ve Ticari Ürünler › Endüstriyel Makineler › Üretim Makineleri › Freze,BOTH,LISTING_ONLY,true,true,heuristic leaf policy; zero=BOTH secondHand=LISTING_ONLY,
Endüstriyel ve Ticari Ürünler › Endüstriyel Makineler › Üretim Makineleri › Pres,BOTH,LISTING_ONLY,true,true,heuristic leaf policy; zero=BOTH secondHand=LISTING_ONLY,
Endüstriyel ve Ticari Ürünler › Endüstriyel Makineler › Üretim Makineleri › Lazer Kesim,BOTH,LISTING_ONLY,true,true,heuristic leaf policy; zero=BOTH secondHand=LISTING_ONLY,
Endüstriyel ve Ticari Ürünler › Endüstriyel Makineler › Üretim Makineleri › Plazma Kesim,BOTH,LISTING_ONLY,true,true,heuristic leaf policy; zero=BOTH secondHand=LISTING_ONLY,
Endüstriyel ve Ticari Ürünler › Endüstriyel Makineler › Üretim Makineleri › Şerit Testere,BOTH,LISTING_ONLY,true,true,heuristic leaf policy; zero=BOTH secondHand=LISTING_ONLY,
Endüstriyel ve Ticari Ürünler › Endüstriyel Makineler › Üretim Makineleri › Paketleme Makinesi,BOTH,LISTING_ONLY,true,true,heuristic leaf policy; zero=BOTH secondHand=LISTING_ONLY,
Endüstriyel ve Ticari Ürünler › Endüstriyel Makineler › Atölye Ekipmanları › Kompresör,BOTH,LISTING_ONLY,true,true,heuristic leaf policy; zero=BOTH secondHand=LISTING_ONLY,
Endüstriyel ve Ticari Ürünler › Endüstriyel Makineler › Atölye Ekipmanları › Jeneratör,BOTH,LISTING_ONLY,true,true,heuristic leaf policy; zero=BOTH secondHand=LISTING_ONLY,
Endüstriyel ve Ticari Ürünler › Endüstriyel Makineler › Atölye Ekipmanları › Kaynak Makinesi,BOTH,LISTING_ONLY,true,true,heuristic leaf policy; zero=BOTH secondHand=LISTING_ONLY,
Endüstriyel ve Ticari Ürünler › Endüstriyel Makineler › Atölye Ekipmanları › Hava Tabancası,BOTH,LISTING_ONLY,true,true,heuristic leaf policy; zero=BOTH secondHand=LISTING_ONLY,
Endüstriyel ve Ticari Ürünler › Endüstriyel Makineler › Atölye Ekipmanları › Takım Arabası,BOTH,LISTING_ONLY,true,true,heuristic leaf policy; zero=BOTH secondHand=LISTING_ONLY,
Endüstriyel ve Ticari Ürünler › Endüstriyel Makineler › Atölye Ekipmanları › Mengene,BOTH,LISTING_ONLY,true,true,heuristic leaf policy; zero=BOTH secondHand=LISTING_ONLY,
Endüstriyel ve Ticari Ürünler › Endüstriyel Makineler › Gıda Makineleri › Hamur Yoğurma,BOTH,LISTING_ONLY,true,true,heuristic leaf policy; zero=BOTH secondHand=LISTING_ONLY,
Endüstriyel ve Ticari Ürünler › Endüstriyel Makineler › Gıda Makineleri › Dilimleme Makinesi,BOTH,LISTING_ONLY,true,true,heuristic leaf policy; zero=BOTH secondHand=LISTING_ONLY,
Endüstriyel ve Ticari Ürünler › Endüstriyel Makineler › Gıda Makineleri › Et Kıyma Makinesi,BOTH,LISTING_ONLY,true,true,heuristic leaf policy; zero=BOTH secondHand=LISTING_ONLY,
Endüstriyel ve Ticari Ürünler › Endüstriyel Makineler › Gıda Makineleri › Vakum Makinesi,BOTH,LISTING_ONLY,true,true,heuristic leaf policy; zero=BOTH secondHand=LISTING_ONLY,
Endüstriyel ve Ticari Ürünler › Endüstriyel Makineler › Gıda Makineleri › Endüstriyel Mikser,BOTH,LISTING_ONLY,true,true,heuristic leaf policy; zero=BOTH secondHand=LISTING_ONLY,
Endüstriyel ve Ticari Ürünler › Endüstriyel Makineler › Gıda Makineleri › Fritöz,BOTH,LISTING_ONLY,true,true,heuristic leaf policy; zero=BOTH secondHand=LISTING_ONLY,
Endüstriyel ve Ticari Ürünler › Depo ve Lojistik › Depolama › Depo Rafı,BOTH,LISTING_ONLY,true,true,heuristic leaf policy; zero=BOTH secondHand=LISTING_ONLY,
Endüstriyel ve Ticari Ürünler › Depo ve Lojistik › Depolama › Çelik Raf,BOTH,LISTING_ONLY,true,true,heuristic leaf policy; zero=BOTH secondHand=LISTING_ONLY,
Endüstriyel ve Ticari Ürünler › Depo ve Lojistik › Depolama › Plastik Kasa,BOTH,LISTING_ONLY,true,true,heuristic leaf policy; zero=BOTH secondHand=LISTING_ONLY,
Endüstriyel ve Ticari Ürünler › Depo ve Lojistik › Depolama › Palet,BOTH,LISTING_ONLY,true,true,heuristic leaf policy; zero=BOTH secondHand=LISTING_ONLY,
Endüstriyel ve Ticari Ürünler › Depo ve Lojistik › Depolama › İstif Kutusu,BOTH,LISTING_ONLY,true,true,heuristic leaf policy; zero=BOTH secondHand=LISTING_ONLY,
Endüstriyel ve Ticari Ürünler › Depo ve Lojistik › Depolama › Dolap,BOTH,LISTING_ONLY,true,true,heuristic leaf policy; zero=BOTH secondHand=LISTING_ONLY,
Endüstriyel ve Ticari Ürünler › Depo ve Lojistik › Taşıma › Transpalet,BOTH,LISTING_ONLY,true,true,heuristic leaf policy; zero=BOTH secondHand=LISTING_ONLY,
Endüstriyel ve Ticari Ürünler › Depo ve Lojistik › Taşıma › İstif Makinesi,BOTH,LISTING_ONLY,true,true,heuristic leaf policy; zero=BOTH secondHand=LISTING_ONLY,
Endüstriyel ve Ticari Ürünler › Depo ve Lojistik › Taşıma › Platform Arabası,BOTH,LISTING_ONLY,true,true,heuristic leaf policy; zero=BOTH secondHand=LISTING_ONLY,
Endüstriyel ve Ticari Ürünler › Depo ve Lojistik › Taşıma › El Arabası,BOTH,LISTING_ONLY,true,true,heuristic leaf policy; zero=BOTH secondHand=LISTING_ONLY,
Endüstriyel ve Ticari Ürünler › Depo ve Lojistik › Taşıma › Konveyör,BOTH,LISTING_ONLY,true,true,heuristic leaf policy; zero=BOTH secondHand=LISTING_ONLY,
Endüstriyel ve Ticari Ürünler › Depo ve Lojistik › Taşıma › Forklift Ataşmanı,BOTH,LISTING_ONLY,true,true,heuristic leaf policy; zero=BOTH secondHand=LISTING_ONLY,
Endüstriyel ve Ticari Ürünler › Mağaza ve Market › Mağaza Ekipmanları › Raf Sistemi,BOTH,LISTING_ONLY,true,true,heuristic leaf policy; zero=BOTH secondHand=LISTING_ONLY,
Endüstriyel ve Ticari Ürünler › Mağaza ve Market › Mağaza Ekipmanları › Vitrin,BOTH,LISTING_ONLY,true,true,heuristic leaf policy; zero=BOTH secondHand=LISTING_ONLY,
Endüstriyel ve Ticari Ürünler › Mağaza ve Market › Mağaza Ekipmanları › Askılık,BOTH,LISTING_ONLY,true,true,heuristic leaf policy; zero=BOTH secondHand=LISTING_ONLY,
Endüstriyel ve Ticari Ürünler › Mağaza ve Market › Mağaza Ekipmanları › Manken,BOTH,LISTING_ONLY,true,true,heuristic leaf policy; zero=BOTH secondHand=LISTING_ONLY,
Endüstriyel ve Ticari Ürünler › Mağaza ve Market › Mağaza Ekipmanları › Kasa Bankosu,BOTH,LISTING_ONLY,true,true,heuristic leaf policy; zero=BOTH secondHand=LISTING_ONLY,
Endüstriyel ve Ticari Ürünler › Mağaza ve Market › Mağaza Ekipmanları › Fiyat Etiketi,BOTH,LISTING_ONLY,true,true,heuristic leaf policy; zero=BOTH secondHand=LISTING_ONLY,
Endüstriyel ve Ticari Ürünler › Mağaza ve Market › Ödeme ve Otomasyon › Yazar Kasa,BOTH,LISTING_ONLY,true,true,heuristic leaf policy; zero=BOTH secondHand=LISTING_ONLY,
Endüstriyel ve Ticari Ürünler › Mağaza ve Market › Ödeme ve Otomasyon › POS Terminali,BOTH,LISTING_ONLY,true,true,heuristic leaf policy; zero=BOTH secondHand=LISTING_ONLY,
Endüstriyel ve Ticari Ürünler › Mağaza ve Market › Ödeme ve Otomasyon › Barkod Okuyucu,BOTH,LISTING_ONLY,true,true,heuristic leaf policy; zero=BOTH secondHand=LISTING_ONLY,
Endüstriyel ve Ticari Ürünler › Mağaza ve Market › Ödeme ve Otomasyon › Etiket Yazıcı,BOTH,LISTING_ONLY,true,true,heuristic leaf policy; zero=BOTH secondHand=LISTING_ONLY,
Endüstriyel ve Ticari Ürünler › Mağaza ve Market › Ödeme ve Otomasyon › Para Çekmecesi,BOTH,LISTING_ONLY,true,true,heuristic leaf policy; zero=BOTH secondHand=LISTING_ONLY,
Endüstriyel ve Ticari Ürünler › Mağaza ve Market › Ödeme ve Otomasyon › Terazi,BOTH,LISTING_ONLY,true,true,heuristic leaf policy; zero=BOTH secondHand=LISTING_ONLY,
Endüstriyel ve Ticari Ürünler › Mağaza ve Market › Soğutma › Market Dolabı,BOTH,LISTING_ONLY,true,true,heuristic leaf policy; zero=BOTH secondHand=LISTING_ONLY,
Endüstriyel ve Ticari Ürünler › Mağaza ve Market › Soğutma › Şarküteri Dolabı,BOTH,LISTING_ONLY,true,true,heuristic leaf policy; zero=BOTH secondHand=LISTING_ONLY,
Endüstriyel ve Ticari Ürünler › Mağaza ve Market › Soğutma › Dondurma Reyonu,BOTH,LISTING_ONLY,true,true,heuristic leaf policy; zero=BOTH secondHand=LISTING_ONLY,
Endüstriyel ve Ticari Ürünler › Mağaza ve Market › Soğutma › Soğuk Oda Ekipmanı,BOTH,LISTING_ONLY,true,true,heuristic leaf policy; zero=BOTH secondHand=LISTING_ONLY,
Endüstriyel ve Ticari Ürünler › Restoran ve Otel › Mutfak Ekipmanları › Endüstriyel Fırın,BOTH,LISTING_ONLY,true,true,heuristic leaf policy; zero=BOTH secondHand=LISTING_ONLY,
Endüstriyel ve Ticari Ürünler › Restoran ve Otel › Mutfak Ekipmanları › Endüstriyel Ocak,BOTH,LISTING_ONLY,true,true,heuristic leaf policy; zero=BOTH secondHand=LISTING_ONLY,
Endüstriyel ve Ticari Ürünler › Restoran ve Otel › Mutfak Ekipmanları › Endüstriyel Bulaşık,BOTH,LISTING_ONLY,true,true,heuristic leaf policy; zero=BOTH secondHand=LISTING_ONLY,
Endüstriyel ve Ticari Ürünler › Restoran ve Otel › Mutfak Ekipmanları › Davlumbaz,BOTH,LISTING_ONLY,true,true,heuristic leaf policy; zero=BOTH secondHand=LISTING_ONLY,
Endüstriyel ve Ticari Ürünler › Restoran ve Otel › Mutfak Ekipmanları › Hazırlık Tezgahı,BOTH,LISTING_ONLY,true,true,heuristic leaf policy; zero=BOTH secondHand=LISTING_ONLY,
Endüstriyel ve Ticari Ürünler › Restoran ve Otel › Servis Ekipmanları › Servis Arabası,BOTH,LISTING_ONLY,true,true,heuristic leaf policy; zero=BOTH secondHand=LISTING_ONLY,
Endüstriyel ve Ticari Ürünler › Restoran ve Otel › Servis Ekipmanları › Benmari,BOTH,LISTING_ONLY,true,true,heuristic leaf policy; zero=BOTH secondHand=LISTING_ONLY,
Endüstriyel ve Ticari Ürünler › Restoran ve Otel › Servis Ekipmanları › Çay Kazanı,BOTH,LISTING_ONLY,true,true,heuristic leaf policy; zero=BOTH secondHand=LISTING_ONLY,
Endüstriyel ve Ticari Ürünler › Restoran ve Otel › Servis Ekipmanları › Kahve Makinesi,BOTH,LISTING_ONLY,true,true,heuristic leaf policy; zero=BOTH secondHand=LISTING_ONLY,
Endüstriyel ve Ticari Ürünler › Restoran ve Otel › Servis Ekipmanları › Buz Makinesi,BOTH,LISTING_ONLY,true,true,heuristic leaf policy; zero=BOTH secondHand=LISTING_ONLY,
Endüstriyel ve Ticari Ürünler › Restoran ve Otel › Otel Ekipmanları › Mini Bar,BOTH,LISTING_ONLY,true,true,heuristic leaf policy; zero=BOTH secondHand=LISTING_ONLY,
Endüstriyel ve Ticari Ürünler › Restoran ve Otel › Otel Ekipmanları › Otel Tipi Kasa,BOTH,LISTING_ONLY,true,true,heuristic leaf policy; zero=BOTH secondHand=LISTING_ONLY,
Endüstriyel ve Ticari Ürünler › Restoran ve Otel › Otel Ekipmanları › Bagaj Arabası,BOTH,LISTING_ONLY,true,true,heuristic leaf policy; zero=BOTH secondHand=LISTING_ONLY,
Endüstriyel ve Ticari Ürünler › Restoran ve Otel › Otel Ekipmanları › Kat Arabası,BOTH,LISTING_ONLY,true,true,heuristic leaf policy; zero=BOTH secondHand=LISTING_ONLY,
Endüstriyel ve Ticari Ürünler › Restoran ve Otel › Otel Ekipmanları › Otel Tekstili,BOTH,LISTING_ONLY,true,true,heuristic leaf policy; zero=BOTH secondHand=LISTING_ONLY,
Endüstriyel ve Ticari Ürünler › İş Güvenliği › Kişisel Koruyucu › Baret,BOTH,LISTING_ONLY,true,true,heuristic leaf policy; zero=BOTH secondHand=LISTING_ONLY,
Endüstriyel ve Ticari Ürünler › İş Güvenliği › Kişisel Koruyucu › İş Ayakkabısı,BOTH,LISTING_ONLY,true,true,heuristic leaf policy; zero=BOTH secondHand=LISTING_ONLY,
Endüstriyel ve Ticari Ürünler › İş Güvenliği › Kişisel Koruyucu › İş Eldiveni,BOTH,LISTING_ONLY,true,true,heuristic leaf policy; zero=BOTH secondHand=LISTING_ONLY,
Endüstriyel ve Ticari Ürünler › İş Güvenliği › Kişisel Koruyucu › Koruyucu Gözlük,BOTH,LISTING_ONLY,true,true,heuristic leaf policy; zero=BOTH secondHand=LISTING_ONLY,
Endüstriyel ve Ticari Ürünler › İş Güvenliği › Kişisel Koruyucu › Maske,BOTH,LISTING_ONLY,true,true,heuristic leaf policy; zero=BOTH secondHand=LISTING_ONLY,
Endüstriyel ve Ticari Ürünler › İş Güvenliği › Kişisel Koruyucu › Reflektörlü Yelek,BOTH,LISTING_ONLY,true,true,heuristic leaf policy; zero=BOTH secondHand=LISTING_ONLY,
Endüstriyel ve Ticari Ürünler › İş Güvenliği › Kişisel Koruyucu › Emniyet Kemeri,BOTH,LISTING_ONLY,true,true,heuristic leaf policy; zero=BOTH secondHand=LISTING_ONLY,
Endüstriyel ve Ticari Ürünler › İş Güvenliği › İşyeri Güvenliği › Yangın Söndürücü,BOTH,LISTING_ONLY,true,true,heuristic leaf policy; zero=BOTH secondHand=LISTING_ONLY,
Endüstriyel ve Ticari Ürünler › İş Güvenliği › İşyeri Güvenliği › Uyarı Levhası,BOTH,LISTING_ONLY,true,true,heuristic leaf policy; zero=BOTH secondHand=LISTING_ONLY,
Endüstriyel ve Ticari Ürünler › İş Güvenliği › İşyeri Güvenliği › Bariyer,BOTH,LISTING_ONLY,true,true,heuristic leaf policy; zero=BOTH secondHand=LISTING_ONLY,
Endüstriyel ve Ticari Ürünler › İş Güvenliği › İşyeri Güvenliği › İlk Yardım Dolabı,BOTH,LISTING_ONLY,true,true,heuristic leaf policy; zero=BOTH secondHand=LISTING_ONLY,
Endüstriyel ve Ticari Ürünler › İş Güvenliği › İşyeri Güvenliği › Acil Aydınlatma,BOTH,LISTING_ONLY,true,true,heuristic leaf policy; zero=BOTH secondHand=LISTING_ONLY,
Endüstriyel ve Ticari Ürünler › Ofis ve Ticari Teknoloji › Kurumsal Donanım › Sunucu,BOTH,LISTING_ONLY,true,true,heuristic leaf policy; zero=BOTH secondHand=LISTING_ONLY,
Endüstriyel ve Ticari Ürünler › Ofis ve Ticari Teknoloji › Kurumsal Donanım › Rack Kabin,BOTH,LISTING_ONLY,true,true,heuristic leaf policy; zero=BOTH secondHand=LISTING_ONLY,
Endüstriyel ve Ticari Ürünler › Ofis ve Ticari Teknoloji › Kurumsal Donanım › UPS,BOTH,LISTING_ONLY,true,true,heuristic leaf policy; zero=BOTH secondHand=LISTING_ONLY,
Endüstriyel ve Ticari Ürünler › Ofis ve Ticari Teknoloji › Kurumsal Donanım › Switch,BOTH,LISTING_ONLY,true,true,heuristic leaf policy; zero=BOTH secondHand=LISTING_ONLY,
Endüstriyel ve Ticari Ürünler › Ofis ve Ticari Teknoloji › Kurumsal Donanım › Kurumsal Yazıcı,BOTH,LISTING_ONLY,true,true,heuristic leaf policy; zero=BOTH secondHand=LISTING_ONLY,
Endüstriyel ve Ticari Ürünler › Ofis ve Ticari Teknoloji › Kurumsal Donanım › Video Konferans Sistemi,BOTH,LISTING_ONLY,true,true,heuristic leaf policy; zero=BOTH secondHand=LISTING_ONLY,
Endüstriyel ve Ticari Ürünler › Ofis ve Ticari Teknoloji › Güvenlik ve Geçiş › Turnike,BOTH,LISTING_ONLY,true,true,heuristic leaf policy; zero=BOTH secondHand=LISTING_ONLY,
Endüstriyel ve Ticari Ürünler › Ofis ve Ticari Teknoloji › Güvenlik ve Geçiş › Kartlı Geçiş,BOTH,LISTING_ONLY,true,true,heuristic leaf policy; zero=BOTH secondHand=LISTING_ONLY,
Endüstriyel ve Ticari Ürünler › Ofis ve Ticari Teknoloji › Güvenlik ve Geçiş › Parmak İzi Cihazı,BOTH,LISTING_ONLY,true,true,heuristic leaf policy; zero=BOTH secondHand=LISTING_ONLY,
Endüstriyel ve Ticari Ürünler › Ofis ve Ticari Teknoloji › Güvenlik ve Geçiş › X-Ray Cihazı,BOTH,LISTING_ONLY,true,true,heuristic leaf policy; zero=BOTH secondHand=LISTING_ONLY,
Endüstriyel ve Ticari Ürünler › Ofis ve Ticari Teknoloji › Güvenlik ve Geçiş › Metal Dedektörü,BOTH,LISTING_ONLY,true,true,heuristic leaf policy; zero=BOTH secondHand=LISTING_ONLY,
