categoryPath,variantAttributeSlug,requiredForVariant,sortOrder,duplicateKeyRule,notes
Elektronik › Telefon ve Aksesuar › Cep Telefonu › Akıllı Telefon,renk,false,1,attributesHash sorted option ids,generic plan — refine per leaf in FAZ A
Elektronik › Telefon ve Aksesuar › Cep Telefonu › Tuşlu Telefon,renk,false,1,attributesHash sorted option ids,generic plan — refine per leaf in FAZ A
Elektronik › Telefon ve Aksesuar › Cep Telefonu › Katlanabilir Telefon,depolama,true,1,attributesHash sorted option ids,variant key with renk
Elektronik › Telefon ve Aksesuar › Cep Telefonu › Katlanabilir Telefon,ram,false,2,attributesHash sorted option ids,
Elektronik › Telefon ve Aksesuar › Cep Telefonu › Katlanabilir Telefon,renk,false,3,attributesHash sorted option ids,
Elektronik › Telefon ve Aksesuar › Cep Telefonu › Katlanabilir Telefon,ekran-boyutu,false,4,attributesHash sorted option ids,
Elektronik › Telefon ve Aksesuar › Cep Telefonu › Katlanabilir Telefon,isletim-sistemi,false,5,attributesHash sorted option ids,
Elektronik › Telefon ve Aksesuar › Cep Telefonu › Katlanabilir Telefon,sim-tipi,false,6,attributesHash sorted option ids,
Elektronik › Telefon ve Aksesuar › Cep Telefonu › Katlanabilir Telefon,5g,false,7,attributesHash sorted option ids,
Elektronik › Telefon ve Aksesuar › Cep Telefonu › Outdoor Telefon,depolama,true,1,attributesHash sorted option ids,variant key with renk
Elektronik › Telefon ve Aksesuar › Cep Telefonu › Outdoor Telefon,ram,false,2,attributesHash sorted option ids,
Elektronik › Telefon ve Aksesuar › Cep Telefonu › Outdoor Telefon,renk,false,3,attributesHash sorted option ids,
Elektronik › Telefon ve Aksesuar › Cep Telefonu › Outdoor Telefon,ekran-boyutu,false,4,attributesHash sorted option ids,
Elektronik › Telefon ve Aksesuar › Cep Telefonu › Outdoor Telefon,isletim-sistemi,false,5,attributesHash sorted option ids,
Elektronik › Telefon ve Aksesuar › Cep Telefonu › Outdoor Telefon,sim-tipi,false,6,attributesHash sorted option ids,
Elektronik › Telefon ve Aksesuar › Cep Telefonu › Outdoor Telefon,5g,false,7,attributesHash sorted option ids,
Elektronik › Telefon ve Aksesuar › Telefon Aksesuarları › Telefon Kılıfı,renk,false,1,attributesHash sorted option ids,generic plan — refine per leaf in FAZ A
Elektronik › Telefon ve Aksesuar › Telefon Aksesuarları › Ekran Koruyucu,renk,false,1,attributesHash sorted option ids,generic plan — refine per leaf in FAZ A
Elektronik › Telefon ve Aksesuar › Telefon Aksesuarları › Şarj Adaptörü,renk,false,1,attributesHash sorted option ids,generic plan — refine per leaf in FAZ A
Elektronik › Telefon ve Aksesuar › Telefon Aksesuarları › Şarj Kablosu,renk,false,1,attributesHash sorted option ids,generic plan — refine per leaf in FAZ A
Elektronik › Telefon ve Aksesuar › Telefon Aksesuarları › Kablosuz Şarj Cihazı,renk,false,1,attributesHash sorted option ids,generic plan — refine per leaf in FAZ A
Elektronik › Telefon ve Aksesuar › Telefon Aksesuarları › Powerbank,renk,false,1,attributesHash sorted option ids,generic plan — refine per leaf in FAZ A
Elektronik › Telefon ve Aksesuar › Telefon Aksesuarları › Araç İçi Telefon Tutucu,renk,false,1,attributesHash sorted option ids,generic plan — refine per leaf in FAZ A
Elektronik › Telefon ve Aksesuar › Telefon Aksesuarları › Masaüstü Telefon Standı,renk,false,1,attributesHash sorted option ids,generic plan — refine per leaf in FAZ A
Elektronik › Telefon ve Aksesuar › Telefon Aksesuarları › Selfie Çubuğu,renk,false,1,attributesHash sorted option ids,generic plan — refine per leaf in FAZ A
Elektronik › Telefon ve Aksesuar › Telefon Aksesuarları › Bluetooth Kulaklık,renk,false,1,attributesHash sorted option ids,generic plan — refine per leaf in FAZ A
Elektronik › Telefon ve Aksesuar › Telefon Aksesuarları › Kablolu Kulaklık,renk,false,1,attributesHash sorted option ids,generic plan — refine per leaf in FAZ A
Elektronik › Telefon ve Aksesuar › Telefon Aksesuarları › Telefon Yedek Parça,renk,false,1,attributesHash sorted option ids,generic plan — refine per leaf in FAZ A
Elektronik › Telefon ve Aksesuar › Giyilebilir Teknoloji › Akıllı Saat,renk,false,1,attributesHash sorted option ids,generic plan — refine per leaf in FAZ A
Elektronik › Telefon ve Aksesuar › Giyilebilir Teknoloji › Akıllı Bileklik,renk,false,1,attributesHash sorted option ids,generic plan — refine per leaf in FAZ A
Elektronik › Telefon ve Aksesuar › Giyilebilir Teknoloji › Çocuk Akıllı Saati,renk,false,1,attributesHash sorted option ids,generic plan — refine per leaf in FAZ A
Elektronik › Telefon ve Aksesuar › Giyilebilir Teknoloji › Akıllı Yüzük,renk,false,1,attributesHash sorted option ids,generic plan — refine per leaf in FAZ A
Elektronik › Telefon ve Aksesuar › Giyilebilir Teknoloji › GPS Takip Cihazı,renk,false,1,attributesHash sorted option ids,generic plan — refine per leaf in FAZ A
Elektronik › Telefon ve Aksesuar › İletişim Cihazları › Telsiz,renk,false,1,attributesHash sorted option ids,generic plan — refine per leaf in FAZ A
Elektronik › Telefon ve Aksesuar › İletişim Cihazları › Sabit Telefon,renk,false,1,attributesHash sorted option ids,generic plan — refine per leaf in FAZ A
Elektronik › Telefon ve Aksesuar › İletişim Cihazları › IP Telefon,renk,false,1,attributesHash sorted option ids,generic plan — refine per leaf in FAZ A
Elektronik › Telefon ve Aksesuar › İletişim Cihazları › Uydu Telefonu,renk,false,1,attributesHash sorted option ids,generic plan — refine per leaf in FAZ A
Elektronik › Telefon ve Aksesuar › İletişim Cihazları › Çağrı Cihazı,renk,false,1,attributesHash sorted option ids,generic plan — refine per leaf in FAZ A
Elektronik › Bilgisayar ve Tablet › Bilgisayar › Dizüstü Bilgisayar,renk,false,1,attributesHash sorted option ids,generic plan — refine per leaf in FAZ A
Elektronik › Bilgisayar ve Tablet › Bilgisayar › Masaüstü Bilgisayar,renk,false,1,attributesHash sorted option ids,generic plan — refine per leaf in FAZ A
Elektronik › Bilgisayar ve Tablet › Bilgisayar › Mini PC,renk,false,1,attributesHash sorted option ids,generic plan — refine per leaf in FAZ A
Elektronik › Bilgisayar ve Tablet › Bilgisayar › All-in-One Bilgisayar,renk,false,1,attributesHash sorted option ids,generic plan — refine per leaf in FAZ A
Elektronik › Bilgisayar ve Tablet › Bilgisayar › İş İstasyonu,renk,false,1,attributesHash sorted option ids,generic plan — refine per leaf in FAZ A
Elektronik › Bilgisayar ve Tablet › Bilgisayar › Oyuncu Bilgisayarı,renk,false,1,attributesHash sorted option ids,generic plan — refine per leaf in FAZ A
Elektronik › Bilgisayar ve Tablet › Tablet ve E-Kitap › Tablet,renk,false,1,attributesHash sorted option ids,generic plan — refine per leaf in FAZ A
Elektronik › Bilgisayar ve Tablet › Tablet ve E-Kitap › Grafik Tablet,renk,false,1,attributesHash sorted option ids,generic plan — refine per leaf in FAZ A
Elektronik › Bilgisayar ve Tablet › Tablet ve E-Kitap › E-Kitap Okuyucu,renk,false,1,attributesHash sorted option ids,generic plan — refine per leaf in FAZ A
Elektronik › Bilgisayar ve Tablet › Tablet ve E-Kitap › Çocuk Tableti,renk,false,1,attributesHash sorted option ids,generic plan — refine per leaf in FAZ A
Elektronik › Bilgisayar ve Tablet › Bilgisayar Bileşenleri › İşlemci,renk,false,1,attributesHash sorted option ids,generic plan — refine per leaf in FAZ A
Elektronik › Bilgisayar ve Tablet › Bilgisayar Bileşenleri › Anakart,renk,false,1,attributesHash sorted option ids,generic plan — refine per leaf in FAZ A
Elektronik › Bilgisayar ve Tablet › Bilgisayar Bileşenleri › Ekran Kartı,renk,false,1,attributesHash sorted option ids,generic plan — refine per leaf in FAZ A
Elektronik › Bilgisayar ve Tablet › Bilgisayar Bileşenleri › RAM,renk,false,1,attributesHash sorted option ids,generic plan — refine per leaf in FAZ A
Elektronik › Bilgisayar ve Tablet › Bilgisayar Bileşenleri › SSD,renk,false,1,attributesHash sorted option ids,generic plan — refine per leaf in FAZ A
Elektronik › Bilgisayar ve Tablet › Bilgisayar Bileşenleri › Hard Disk,renk,false,1,attributesHash sorted option ids,generic plan — refine per leaf in FAZ A
Elektronik › Bilgisayar ve Tablet › Bilgisayar Bileşenleri › Bilgisayar Kasası,renk,false,1,attributesHash sorted option ids,generic plan — refine per leaf in FAZ A
Elektronik › Bilgisayar ve Tablet › Bilgisayar Bileşenleri › Güç Kaynağı,renk,false,1,attributesHash sorted option ids,generic plan — refine per leaf in FAZ A
Elektronik › Bilgisayar ve Tablet › Bilgisayar Bileşenleri › İşlemci Soğutucu,renk,false,1,attributesHash sorted option ids,generic plan — refine per leaf in FAZ A
Elektronik › Bilgisayar ve Tablet › Bilgisayar Bileşenleri › Kasa Fanı,renk,false,1,attributesHash sorted option ids,generic plan — refine per leaf in FAZ A
Elektronik › Bilgisayar ve Tablet › Bilgisayar Bileşenleri › Optik Sürücü,renk,false,1,attributesHash sorted option ids,generic plan — refine per leaf in FAZ A
Elektronik › Bilgisayar ve Tablet › Bilgisayar Bileşenleri › Capture Card,renk,false,1,attributesHash sorted option ids,generic plan — refine per leaf in FAZ A
Elektronik › Bilgisayar ve Tablet › Bilgisayar Çevre Birimleri › Monitör,renk,false,1,attributesHash sorted option ids,generic plan — refine per leaf in FAZ A
Elektronik › Bilgisayar ve Tablet › Bilgisayar Çevre Birimleri › Klavye,renk,false,1,attributesHash sorted option ids,generic plan — refine per leaf in FAZ A
Elektronik › Bilgisayar ve Tablet › Bilgisayar Çevre Birimleri › Mouse,renk,false,1,attributesHash sorted option ids,generic plan — refine per leaf in FAZ A
Elektronik › Bilgisayar ve Tablet › Bilgisayar Çevre Birimleri › Klavye-Mouse Seti,renk,false,1,attributesHash sorted option ids,generic plan — refine per leaf in FAZ A
Elektronik › Bilgisayar ve Tablet › Bilgisayar Çevre Birimleri › Webcam,renk,false,1,attributesHash sorted option ids,generic plan — refine per leaf in FAZ A
Elektronik › Bilgisayar ve Tablet › Bilgisayar Çevre Birimleri › Mikrofon,renk,false,1,attributesHash sorted option ids,generic plan — refine per leaf in FAZ A
Elektronik › Bilgisayar ve Tablet › Bilgisayar Çevre Birimleri › Hoparlör,renk,false,1,attributesHash sorted option ids,generic plan — refine per leaf in FAZ A
Elektronik › Bilgisayar ve Tablet › Bilgisayar Çevre Birimleri › Kulaklık,renk,false,1,attributesHash sorted option ids,generic plan — refine per leaf in FAZ A
Elektronik › Bilgisayar ve Tablet › Bilgisayar Çevre Birimleri › Yazıcı,renk,false,1,attributesHash sorted option ids,generic plan — refine per leaf in FAZ A
Elektronik › Bilgisayar ve Tablet › Bilgisayar Çevre Birimleri › Tarayıcı,renk,false,1,attributesHash sorted option ids,generic plan — refine per leaf in FAZ A
Elektronik › Bilgisayar ve Tablet › Bilgisayar Çevre Birimleri › Projeksiyon Cihazı,renk,false,1,attributesHash sorted option ids,generic plan — refine per leaf in FAZ A
Elektronik › Bilgisayar ve Tablet › Ağ ve İnternet › Modem,renk,false,1,attributesHash sorted option ids,generic plan — refine per leaf in FAZ A
Elektronik › Bilgisayar ve Tablet › Ağ ve İnternet › Router,renk,false,1,attributesHash sorted option ids,generic plan — refine per leaf in FAZ A
Elektronik › Bilgisayar ve Tablet › Ağ ve İnternet › Access Point,renk,false,1,attributesHash sorted option ids,generic plan — refine per leaf in FAZ A
Elektronik › Bilgisayar ve Tablet › Ağ ve İnternet › Mesh Wi-Fi Sistemi,renk,false,1,attributesHash sorted option ids,generic plan — refine per leaf in FAZ A
Elektronik › Bilgisayar ve Tablet › Ağ ve İnternet › Switch,renk,false,1,attributesHash sorted option ids,generic plan — refine per leaf in FAZ A
Elektronik › Bilgisayar ve Tablet › Ağ ve İnternet › Range Extender,renk,false,1,attributesHash sorted option ids,generic plan — refine per leaf in FAZ A
Elektronik › Bilgisayar ve Tablet › Ağ ve İnternet › Powerline Adaptör,renk,false,1,attributesHash sorted option ids,generic plan — refine per leaf in FAZ A
Elektronik › Bilgisayar ve Tablet › Ağ ve İnternet › Ağ Kartı,renk,false,1,attributesHash sorted option ids,generic plan — refine per leaf in FAZ A
Elektronik › Bilgisayar ve Tablet › Ağ ve İnternet › Anten,renk,false,1,attributesHash sorted option ids,generic plan — refine per leaf in FAZ A
Elektronik › Bilgisayar ve Tablet › Ağ ve İnternet › Ethernet Kablosu,renk,false,1,attributesHash sorted option ids,generic plan — refine per leaf in FAZ A
Elektronik › Bilgisayar ve Tablet › Depolama ve Bellek › USB Bellek,renk,false,1,attributesHash sorted option ids,generic plan — refine per leaf in FAZ A
Elektronik › Bilgisayar ve Tablet › Depolama ve Bellek › Hafıza Kartı,renk,false,1,attributesHash sorted option ids,generic plan — refine per leaf in FAZ A
Elektronik › Bilgisayar ve Tablet › Depolama ve Bellek › Harici SSD,renk,false,1,attributesHash sorted option ids,generic plan — refine per leaf in FAZ A
Elektronik › Bilgisayar ve Tablet › Depolama ve Bellek › Harici Hard Disk,renk,false,1,attributesHash sorted option ids,generic plan — refine per leaf in FAZ A
Elektronik › Bilgisayar ve Tablet › Depolama ve Bellek › NAS,renk,false,1,attributesHash sorted option ids,generic plan — refine per leaf in FAZ A
Elektronik › Bilgisayar ve Tablet › Depolama ve Bellek › Kart Okuyucu,renk,false,1,attributesHash sorted option ids,generic plan — refine per leaf in FAZ A
Elektronik › Bilgisayar ve Tablet › Bilgisayar Aksesuarları › Laptop Çantası,renk,false,1,attributesHash sorted option ids,generic plan — refine per leaf in FAZ A
Elektronik › Bilgisayar ve Tablet › Bilgisayar Aksesuarları › Laptop Standı,renk,false,1,attributesHash sorted option ids,generic plan — refine per leaf in FAZ A
Elektronik › Bilgisayar ve Tablet › Bilgisayar Aksesuarları › Soğutucu,renk,false,1,attributesHash sorted option ids,generic plan — refine per leaf in FAZ A
Elektronik › Bilgisayar ve Tablet › Bilgisayar Aksesuarları › Docking Station,renk,false,1,attributesHash sorted option ids,generic plan — refine per leaf in FAZ A
Elektronik › Bilgisayar ve Tablet › Bilgisayar Aksesuarları › USB Hub,renk,false,1,attributesHash sorted option ids,generic plan — refine per leaf in FAZ A
Elektronik › Bilgisayar ve Tablet › Bilgisayar Aksesuarları › Adaptör,renk,false,1,attributesHash sorted option ids,generic plan — refine per leaf in FAZ A
Elektronik › Bilgisayar ve Tablet › Bilgisayar Aksesuarları › Kablo ve Dönüştürücü,renk,false,1,attributesHash sorted option ids,generic plan — refine per leaf in FAZ A
Elektronik › Bilgisayar ve Tablet › Bilgisayar Aksesuarları › Mouse Pad,renk,false,1,attributesHash sorted option ids,generic plan — refine per leaf in FAZ A
Elektronik › Bilgisayar ve Tablet › Bilgisayar Aksesuarları › Monitör Kolu,renk,false,1,attributesHash sorted option ids,generic plan — refine per leaf in FAZ A
Elektronik › Bilgisayar ve Tablet › Bilgisayar Aksesuarları › KVM Switch,renk,false,1,attributesHash sorted option ids,generic plan — refine per leaf in FAZ A
"Elektronik › Televizyon, Görüntü ve Ses › Televizyon › LED Televizyon",renk,false,1,attributesHash sorted option ids,generic plan — refine per leaf in FAZ A
"Elektronik › Televizyon, Görüntü ve Ses › Televizyon › QLED Televizyon",renk,false,1,attributesHash sorted option ids,generic plan — refine per leaf in FAZ A
"Elektronik › Televizyon, Görüntü ve Ses › Televizyon › OLED Televizyon",renk,false,1,attributesHash sorted option ids,generic plan — refine per leaf in FAZ A
"Elektronik › Televizyon, Görüntü ve Ses › Televizyon › Mini LED Televizyon",renk,false,1,attributesHash sorted option ids,generic plan — refine per leaf in FAZ A
"Elektronik › Televizyon, Görüntü ve Ses › Televizyon › Taşınabilir Televizyon",renk,false,1,attributesHash sorted option ids,generic plan — refine per leaf in FAZ A
"Elektronik › Televizyon, Görüntü ve Ses › TV Aksesuarları › TV Askı Aparatı",renk,false,1,attributesHash sorted option ids,generic plan — refine per leaf in FAZ A
"Elektronik › Televizyon, Görüntü ve Ses › TV Aksesuarları › TV Kumandası",renk,false,1,attributesHash sorted option ids,generic plan — refine per leaf in FAZ A
"Elektronik › Televizyon, Görüntü ve Ses › TV Aksesuarları › Uydu Alıcısı",renk,false,1,attributesHash sorted option ids,generic plan — refine per leaf in FAZ A
"Elektronik › Televizyon, Görüntü ve Ses › TV Aksesuarları › Android TV Box",renk,false,1,attributesHash sorted option ids,generic plan — refine per leaf in FAZ A
"Elektronik › Televizyon, Görüntü ve Ses › TV Aksesuarları › Apple TV ve Medya Oynatıcı",renk,false,1,attributesHash sorted option ids,generic plan — refine per leaf in FAZ A
"Elektronik › Televizyon, Görüntü ve Ses › TV Aksesuarları › HDMI Kablo",renk,false,1,attributesHash sorted option ids,generic plan — refine per leaf in FAZ A
"Elektronik › Televizyon, Görüntü ve Ses › TV Aksesuarları › TV Anteni",renk,false,1,attributesHash sorted option ids,generic plan — refine per leaf in FAZ A
"Elektronik › Televizyon, Görüntü ve Ses › Ses Sistemleri › Soundbar",renk,false,1,attributesHash sorted option ids,generic plan — refine per leaf in FAZ A
"Elektronik › Televizyon, Görüntü ve Ses › Ses Sistemleri › Ev Sinema Sistemi",renk,false,1,attributesHash sorted option ids,generic plan — refine per leaf in FAZ A
"Elektronik › Televizyon, Görüntü ve Ses › Ses Sistemleri › Hi-Fi Sistem",renk,false,1,attributesHash sorted option ids,generic plan — refine per leaf in FAZ A
"Elektronik › Televizyon, Görüntü ve Ses › Ses Sistemleri › Bluetooth Hoparlör",renk,false,1,attributesHash sorted option ids,generic plan — refine per leaf in FAZ A
"Elektronik › Televizyon, Görüntü ve Ses › Ses Sistemleri › Taşınabilir Hoparlör",renk,false,1,attributesHash sorted option ids,generic plan — refine per leaf in FAZ A
"Elektronik › Televizyon, Görüntü ve Ses › Ses Sistemleri › Amfi",renk,false,1,attributesHash sorted option ids,generic plan — refine per leaf in FAZ A
"Elektronik › Televizyon, Görüntü ve Ses › Ses Sistemleri › Subwoofer",renk,false,1,attributesHash sorted option ids,generic plan — refine per leaf in FAZ A
"Elektronik › Televizyon, Görüntü ve Ses › Ses Sistemleri › Hoparlör Seti",renk,false,1,attributesHash sorted option ids,generic plan — refine per leaf in FAZ A
"Elektronik › Televizyon, Görüntü ve Ses › Kulaklık › TWS Kulaklık",renk,false,1,attributesHash sorted option ids,generic plan — refine per leaf in FAZ A
"Elektronik › Televizyon, Görüntü ve Ses › Kulaklık › Kulak Üstü Kulaklık",renk,false,1,attributesHash sorted option ids,generic plan — refine per leaf in FAZ A
"Elektronik › Televizyon, Görüntü ve Ses › Kulaklık › Oyuncu Kulaklığı",renk,false,1,attributesHash sorted option ids,generic plan — refine per leaf in FAZ A
"Elektronik › Televizyon, Görüntü ve Ses › Kulaklık › Stüdyo Kulaklığı",renk,false,1,attributesHash sorted option ids,generic plan — refine per leaf in FAZ A
"Elektronik › Televizyon, Görüntü ve Ses › Kulaklık › Spor Kulaklığı",renk,false,1,attributesHash sorted option ids,generic plan — refine per leaf in FAZ A
"Elektronik › Televizyon, Görüntü ve Ses › Projeksiyon ve Sunum › Projeksiyon Cihazı",renk,false,1,attributesHash sorted option ids,generic plan — refine per leaf in FAZ A
"Elektronik › Televizyon, Görüntü ve Ses › Projeksiyon ve Sunum › Projeksiyon Perdesi",renk,false,1,attributesHash sorted option ids,generic plan — refine per leaf in FAZ A
"Elektronik › Televizyon, Görüntü ve Ses › Projeksiyon ve Sunum › Sunum Kumandası",renk,false,1,attributesHash sorted option ids,generic plan — refine per leaf in FAZ A
"Elektronik › Televizyon, Görüntü ve Ses › Projeksiyon ve Sunum › Projeksiyon Askı Aparatı",renk,false,1,attributesHash sorted option ids,generic plan — refine per leaf in FAZ A
"Elektronik › Televizyon, Görüntü ve Ses › Fotoğraf ve Video › Dijital Fotoğraf Makinesi",renk,false,1,attributesHash sorted option ids,generic plan — refine per leaf in FAZ A
"Elektronik › Televizyon, Görüntü ve Ses › Fotoğraf ve Video › Aksiyon Kamerası",renk,false,1,attributesHash sorted option ids,generic plan — refine per leaf in FAZ A
"Elektronik › Televizyon, Görüntü ve Ses › Fotoğraf ve Video › Video Kamera",renk,false,1,attributesHash sorted option ids,generic plan — refine per leaf in FAZ A
"Elektronik › Televizyon, Görüntü ve Ses › Fotoğraf ve Video › Drone",renk,false,1,attributesHash sorted option ids,generic plan — refine per leaf in FAZ A
"Elektronik › Televizyon, Görüntü ve Ses › Fotoğraf ve Video › Lens",renk,false,1,attributesHash sorted option ids,generic plan — refine per leaf in FAZ A
"Elektronik › Televizyon, Görüntü ve Ses › Fotoğraf ve Video › Tripod",renk,false,1,attributesHash sorted option ids,generic plan — refine per leaf in FAZ A
"Elektronik › Televizyon, Görüntü ve Ses › Fotoğraf ve Video › Gimbal",renk,false,1,attributesHash sorted option ids,generic plan — refine per leaf in FAZ A
"Elektronik › Televizyon, Görüntü ve Ses › Fotoğraf ve Video › Fotoğraf Çantası",renk,false,1,attributesHash sorted option ids,generic plan — refine per leaf in FAZ A
"Elektronik › Televizyon, Görüntü ve Ses › Fotoğraf ve Video › Flaş",renk,false,1,attributesHash sorted option ids,generic plan — refine per leaf in FAZ A
"Elektronik › Televizyon, Görüntü ve Ses › Fotoğraf ve Video › Işık ve Softbox",renk,false,1,attributesHash sorted option ids,generic plan — refine per leaf in FAZ A
"Elektronik › Televizyon, Görüntü ve Ses › Fotoğraf ve Video › Kamera Aksesuarı",renk,false,1,attributesHash sorted option ids,generic plan — refine per leaf in FAZ A
Elektronik › Oyun ve Konsol › Oyun Konsolu › PlayStation,renk,false,1,attributesHash sorted option ids,generic plan — refine per leaf in FAZ A
Elektronik › Oyun ve Konsol › Oyun Konsolu › Xbox,renk,false,1,attributesHash sorted option ids,generic plan — refine per leaf in FAZ A
Elektronik › Oyun ve Konsol › Oyun Konsolu › Nintendo Switch,renk,false,1,attributesHash sorted option ids,generic plan — refine per leaf in FAZ A
Elektronik › Oyun ve Konsol › Oyun Konsolu › El Konsolu,renk,false,1,attributesHash sorted option ids,generic plan — refine per leaf in FAZ A
Elektronik › Oyun ve Konsol › Oyun Konsolu › Retro Oyun Konsolu,renk,false,1,attributesHash sorted option ids,generic plan — refine per leaf in FAZ A
Elektronik › Oyun ve Konsol › Konsol Aksesuarları › Gamepad,renk,false,1,attributesHash sorted option ids,generic plan — refine per leaf in FAZ A
Elektronik › Oyun ve Konsol › Konsol Aksesuarları › Direksiyon Seti,renk,false,1,attributesHash sorted option ids,generic plan — refine per leaf in FAZ A
Elektronik › Oyun ve Konsol › Konsol Aksesuarları › VR Gözlük,renk,false,1,attributesHash sorted option ids,generic plan — refine per leaf in FAZ A
Elektronik › Oyun ve Konsol › Konsol Aksesuarları › Şarj İstasyonu,renk,false,1,attributesHash sorted option ids,generic plan — refine per leaf in FAZ A
Elektronik › Oyun ve Konsol › Konsol Aksesuarları › Konsol Kulaklığı,renk,false,1,attributesHash sorted option ids,generic plan — refine per leaf in FAZ A
Elektronik › Oyun ve Konsol › Konsol Aksesuarları › Taşıma Çantası,renk,false,1,attributesHash sorted option ids,generic plan — refine per leaf in FAZ A
Elektronik › Oyun ve Konsol › Oyunlar › PlayStation Oyunları,renk,false,1,attributesHash sorted option ids,generic plan — refine per leaf in FAZ A
Elektronik › Oyun ve Konsol › Oyunlar › Xbox Oyunları,renk,false,1,attributesHash sorted option ids,generic plan — refine per leaf in FAZ A
Elektronik › Oyun ve Konsol › Oyunlar › Nintendo Oyunları,renk,false,1,attributesHash sorted option ids,generic plan — refine per leaf in FAZ A
Elektronik › Oyun ve Konsol › Oyunlar › PC Oyunları,renk,false,1,attributesHash sorted option ids,generic plan — refine per leaf in FAZ A
Elektronik › Oyun ve Konsol › Oyuncu Ekipmanları › Oyuncu Klavyesi,renk,false,1,attributesHash sorted option ids,generic plan — refine per leaf in FAZ A
Elektronik › Oyun ve Konsol › Oyuncu Ekipmanları › Oyuncu Mouse,renk,false,1,attributesHash sorted option ids,generic plan — refine per leaf in FAZ A
Elektronik › Oyun ve Konsol › Oyuncu Ekipmanları › Oyuncu Monitörü,renk,false,1,attributesHash sorted option ids,generic plan — refine per leaf in FAZ A
Elektronik › Oyun ve Konsol › Oyuncu Ekipmanları › Oyuncu Koltuğu,renk,false,1,attributesHash sorted option ids,generic plan — refine per leaf in FAZ A
Elektronik › Oyun ve Konsol › Oyuncu Ekipmanları › Oyuncu Masası,renk,false,1,attributesHash sorted option ids,generic plan — refine per leaf in FAZ A
Elektronik › Oyun ve Konsol › Oyuncu Ekipmanları › Yayıncı Ekipmanı,renk,false,1,attributesHash sorted option ids,generic plan — refine per leaf in FAZ A
Elektronik › Akıllı Ev ve Güvenlik › Akıllı Ev › Akıllı Priz,renk,false,1,attributesHash sorted option ids,generic plan — refine per leaf in FAZ A
Elektronik › Akıllı Ev ve Güvenlik › Akıllı Ev › Akıllı Ampul,renk,false,1,attributesHash sorted option ids,generic plan — refine per leaf in FAZ A
Elektronik › Akıllı Ev ve Güvenlik › Akıllı Ev › Akıllı Anahtar,renk,false,1,attributesHash sorted option ids,generic plan — refine per leaf in FAZ A
Elektronik › Akıllı Ev ve Güvenlik › Akıllı Ev › Akıllı Termostat,renk,false,1,attributesHash sorted option ids,generic plan — refine per leaf in FAZ A
Elektronik › Akıllı Ev ve Güvenlik › Akıllı Ev › Akıllı Perde Motoru,renk,false,1,attributesHash sorted option ids,generic plan — refine per leaf in FAZ A
Elektronik › Akıllı Ev ve Güvenlik › Akıllı Ev › Akıllı Ev Hub,renk,false,1,attributesHash sorted option ids,generic plan — refine per leaf in FAZ A
Elektronik › Akıllı Ev ve Güvenlik › Güvenlik Sistemleri › IP Kamera,renk,false,1,attributesHash sorted option ids,generic plan — refine per leaf in FAZ A
Elektronik › Akıllı Ev ve Güvenlik › Güvenlik Sistemleri › Analog Kamera,renk,false,1,attributesHash sorted option ids,generic plan — refine per leaf in FAZ A
Elektronik › Akıllı Ev ve Güvenlik › Güvenlik Sistemleri › Kamera Kayıt Cihazı,renk,false,1,attributesHash sorted option ids,generic plan — refine per leaf in FAZ A
Elektronik › Akıllı Ev ve Güvenlik › Güvenlik Sistemleri › Alarm Sistemi,renk,false,1,attributesHash sorted option ids,generic plan — refine per leaf in FAZ A
Elektronik › Akıllı Ev ve Güvenlik › Güvenlik Sistemleri › Hareket Sensörü,renk,false,1,attributesHash sorted option ids,generic plan — refine per leaf in FAZ A
Elektronik › Akıllı Ev ve Güvenlik › Güvenlik Sistemleri › Kapı-Pencere Sensörü,renk,false,1,attributesHash sorted option ids,generic plan — refine per leaf in FAZ A
Elektronik › Akıllı Ev ve Güvenlik › Güvenlik Sistemleri › Görüntülü Diafon,renk,false,1,attributesHash sorted option ids,generic plan — refine per leaf in FAZ A
Elektronik › Akıllı Ev ve Güvenlik › Güvenlik Sistemleri › Akıllı Kilit,renk,false,1,attributesHash sorted option ids,generic plan — refine per leaf in FAZ A
Elektronik › Akıllı Ev ve Güvenlik › Güvenlik Sistemleri › Duman Dedektörü,renk,false,1,attributesHash sorted option ids,generic plan — refine per leaf in FAZ A
Elektronik › Akıllı Ev ve Güvenlik › Enerji ve Güç › UPS,renk,false,1,attributesHash sorted option ids,generic plan — refine per leaf in FAZ A
Elektronik › Akıllı Ev ve Güvenlik › Enerji ve Güç › Voltaj Regülatörü,renk,false,1,attributesHash sorted option ids,generic plan — refine per leaf in FAZ A
Elektronik › Akıllı Ev ve Güvenlik › Enerji ve Güç › Akım Korumalı Priz,renk,false,1,attributesHash sorted option ids,generic plan — refine per leaf in FAZ A
Elektronik › Akıllı Ev ve Güvenlik › Enerji ve Güç › Solar Şarj Cihazı,renk,false,1,attributesHash sorted option ids,generic plan — refine per leaf in FAZ A
Elektronik › Akıllı Ev ve Güvenlik › Enerji ve Güç › Taşınabilir Güç İstasyonu,renk,false,1,attributesHash sorted option ids,generic plan — refine per leaf in FAZ A
Ev Aletleri › Beyaz Eşya › Soğutma › Buzdolabı,renk,false,1,attributesHash sorted option ids,generic plan — refine per leaf in FAZ A
Ev Aletleri › Beyaz Eşya › Soğutma › Mini Buzdolabı,renk,false,1,attributesHash sorted option ids,generic plan — refine per leaf in FAZ A
Ev Aletleri › Beyaz Eşya › Soğutma › Derin Dondurucu,renk,false,1,attributesHash sorted option ids,generic plan — refine per leaf in FAZ A
Ev Aletleri › Beyaz Eşya › Soğutma › Şarap Dolabı,renk,false,1,attributesHash sorted option ids,generic plan — refine per leaf in FAZ A
Ev Aletleri › Beyaz Eşya › Çamaşır Bakımı › Çamaşır Makinesi,renk,false,1,attributesHash sorted option ids,generic plan — refine per leaf in FAZ A
Ev Aletleri › Beyaz Eşya › Çamaşır Bakımı › Kurutma Makinesi,renk,false,1,attributesHash sorted option ids,generic plan — refine per leaf in FAZ A
Ev Aletleri › Beyaz Eşya › Çamaşır Bakımı › Kurutmalı Çamaşır Makinesi,renk,false,1,attributesHash sorted option ids,generic plan — refine per leaf in FAZ A
Ev Aletleri › Beyaz Eşya › Bulaşık ve Mutfak › Bulaşık Makinesi,renk,false,1,attributesHash sorted option ids,generic plan — refine per leaf in FAZ A
Ev Aletleri › Beyaz Eşya › Bulaşık ve Mutfak › Ankastre Bulaşık Makinesi,renk,false,1,attributesHash sorted option ids,generic plan — refine per leaf in FAZ A
Ev Aletleri › Beyaz Eşya › Pişirme › Fırın,renk,false,1,attributesHash sorted option ids,generic plan — refine per leaf in FAZ A
Ev Aletleri › Beyaz Eşya › Pişirme › Ocak,renk,false,1,attributesHash sorted option ids,generic plan — refine per leaf in FAZ A
Ev Aletleri › Beyaz Eşya › Pişirme › Davlumbaz,renk,false,1,attributesHash sorted option ids,generic plan — refine per leaf in FAZ A
Ev Aletleri › Beyaz Eşya › Pişirme › Aspiratör,renk,false,1,attributesHash sorted option ids,generic plan — refine per leaf in FAZ A
Ev Aletleri › Beyaz Eşya › Pişirme › Ankastre Set,renk,false,1,attributesHash sorted option ids,generic plan — refine per leaf in FAZ A
Ev Aletleri › Beyaz Eşya › Pişirme › Mikrodalga Fırın,renk,false,1,attributesHash sorted option ids,generic plan — refine per leaf in FAZ A
Ev Aletleri › Beyaz Eşya › İklimlendirme › Klima,renk,false,1,attributesHash sorted option ids,generic plan — refine per leaf in FAZ A
Ev Aletleri › Beyaz Eşya › İklimlendirme › Portatif Klima,renk,false,1,attributesHash sorted option ids,generic plan — refine per leaf in FAZ A
Ev Aletleri › Beyaz Eşya › İklimlendirme › Vantilatör,renk,false,1,attributesHash sorted option ids,generic plan — refine per leaf in FAZ A
Ev Aletleri › Beyaz Eşya › İklimlendirme › Hava Soğutucu,renk,false,1,attributesHash sorted option ids,generic plan — refine per leaf in FAZ A
Ev Aletleri › Beyaz Eşya › İklimlendirme › Isıtıcı,renk,false,1,attributesHash sorted option ids,generic plan — refine per leaf in FAZ A
Ev Aletleri › Beyaz Eşya › İklimlendirme › Kombi,renk,false,1,attributesHash sorted option ids,generic plan — refine per leaf in FAZ A
Ev Aletleri › Beyaz Eşya › İklimlendirme › Şofben,renk,false,1,attributesHash sorted option ids,generic plan — refine per leaf in FAZ A
Ev Aletleri › Beyaz Eşya › İklimlendirme › Termosifon,renk,false,1,attributesHash sorted option ids,generic plan — refine per leaf in FAZ A
Ev Aletleri › Küçük Ev Aletleri › Temizlik › Robot Süpürge,renk,false,1,attributesHash sorted option ids,generic plan — refine per leaf in FAZ A
Ev Aletleri › Küçük Ev Aletleri › Temizlik › Dikey Süpürge,renk,false,1,attributesHash sorted option ids,generic plan — refine per leaf in FAZ A
Ev Aletleri › Küçük Ev Aletleri › Temizlik › Toz Torbalı Süpürge,renk,false,1,attributesHash sorted option ids,generic plan — refine per leaf in FAZ A
Ev Aletleri › Küçük Ev Aletleri › Temizlik › Toz Torbasız Süpürge,renk,false,1,attributesHash sorted option ids,generic plan — refine per leaf in FAZ A
Ev Aletleri › Küçük Ev Aletleri › Temizlik › Islak-Kuru Süpürge,renk,false,1,attributesHash sorted option ids,generic plan — refine per leaf in FAZ A
Ev Aletleri › Küçük Ev Aletleri › Temizlik › Buharlı Temizleyici,renk,false,1,attributesHash sorted option ids,generic plan — refine per leaf in FAZ A
Ev Aletleri › Küçük Ev Aletleri › Temizlik › Halı Yıkama Makinesi,renk,false,1,attributesHash sorted option ids,generic plan — refine per leaf in FAZ A
Ev Aletleri › Küçük Ev Aletleri › Temizlik › Cam Temizleme Robotu,renk,false,1,attributesHash sorted option ids,generic plan — refine per leaf in FAZ A
Ev Aletleri › Küçük Ev Aletleri › Ütü ve Dikiş › Buharlı Ütü,renk,false,1,attributesHash sorted option ids,generic plan — refine per leaf in FAZ A
Ev Aletleri › Küçük Ev Aletleri › Ütü ve Dikiş › Kazanlı Ütü,renk,false,1,attributesHash sorted option ids,generic plan — refine per leaf in FAZ A
Ev Aletleri › Küçük Ev Aletleri › Ütü ve Dikiş › Dikey Ütü,renk,false,1,attributesHash sorted option ids,generic plan — refine per leaf in FAZ A
Ev Aletleri › Küçük Ev Aletleri › Ütü ve Dikiş › Ütü Masası,renk,false,1,attributesHash sorted option ids,generic plan — refine per leaf in FAZ A
Ev Aletleri › Küçük Ev Aletleri › Ütü ve Dikiş › Dikiş Makinesi,renk,false,1,attributesHash sorted option ids,generic plan — refine per leaf in FAZ A
Ev Aletleri › Küçük Ev Aletleri › Ütü ve Dikiş › Overlok Makinesi,renk,false,1,attributesHash sorted option ids,generic plan — refine per leaf in FAZ A
Ev Aletleri › Küçük Ev Aletleri › Hava Kalitesi › Hava Temizleyici,renk,false,1,attributesHash sorted option ids,generic plan — refine per leaf in FAZ A
Ev Aletleri › Küçük Ev Aletleri › Hava Kalitesi › Nem Alma Cihazı,renk,false,1,attributesHash sorted option ids,generic plan — refine per leaf in FAZ A
Ev Aletleri › Küçük Ev Aletleri › Hava Kalitesi › Nemlendirici,renk,false,1,attributesHash sorted option ids,generic plan — refine per leaf in FAZ A
Ev Aletleri › Küçük Ev Aletleri › Hava Kalitesi › Ozon Cihazı,renk,false,1,attributesHash sorted option ids,generic plan — refine per leaf in FAZ A
Ev Aletleri › Küçük Ev Aletleri › Kişisel Konfor › Elektrikli Battaniye,renk,false,1,attributesHash sorted option ids,generic plan — refine per leaf in FAZ A
Ev Aletleri › Küçük Ev Aletleri › Kişisel Konfor › Ayak Isıtıcı,renk,false,1,attributesHash sorted option ids,generic plan — refine per leaf in FAZ A
Ev Aletleri › Küçük Ev Aletleri › Kişisel Konfor › Elektrikli Soba,renk,false,1,attributesHash sorted option ids,generic plan — refine per leaf in FAZ A
Ev Aletleri › Küçük Ev Aletleri › Kişisel Konfor › Sinekkapan Cihazı,renk,false,1,attributesHash sorted option ids,generic plan — refine per leaf in FAZ A
Mutfak ve Sofra › Pişirme › Elektrikli Pişirme › Airfryer,renk,false,1,attributesHash sorted option ids,generic plan — refine per leaf in FAZ A
Mutfak ve Sofra › Pişirme › Elektrikli Pişirme › Mini Fırın,renk,false,1,attributesHash sorted option ids,generic plan — refine per leaf in FAZ A
Mutfak ve Sofra › Pişirme › Elektrikli Pişirme › Elektrikli Izgara,renk,false,1,attributesHash sorted option ids,generic plan — refine per leaf in FAZ A
Mutfak ve Sofra › Pişirme › Elektrikli Pişirme › Tost Makinesi,renk,false,1,attributesHash sorted option ids,generic plan — refine per leaf in FAZ A
Mutfak ve Sofra › Pişirme › Elektrikli Pişirme › Waffle Makinesi,renk,false,1,attributesHash sorted option ids,generic plan — refine per leaf in FAZ A
Mutfak ve Sofra › Pişirme › Elektrikli Pişirme › Krep Makinesi,renk,false,1,attributesHash sorted option ids,generic plan — refine per leaf in FAZ A
Mutfak ve Sofra › Pişirme › Elektrikli Pişirme › Ekmek Yapma Makinesi,renk,false,1,attributesHash sorted option ids,generic plan — refine per leaf in FAZ A
Mutfak ve Sofra › Pişirme › Elektrikli Pişirme › Yoğurt Makinesi,renk,false,1,attributesHash sorted option ids,generic plan — refine per leaf in FAZ A
Mutfak ve Sofra › Pişirme › Tencere ve Tavalar › Tencere,renk,false,1,attributesHash sorted option ids,generic plan — refine per leaf in FAZ A
Mutfak ve Sofra › Pişirme › Tencere ve Tavalar › Tencere Seti,renk,false,1,attributesHash sorted option ids,generic plan — refine per leaf in FAZ A
Mutfak ve Sofra › Pişirme › Tencere ve Tavalar › Tava,renk,false,1,attributesHash sorted option ids,generic plan — refine per leaf in FAZ A
Mutfak ve Sofra › Pişirme › Tencere ve Tavalar › Döküm Tencere,renk,false,1,attributesHash sorted option ids,generic plan — refine per leaf in FAZ A
Mutfak ve Sofra › Pişirme › Tencere ve Tavalar › Döküm Tava,renk,false,1,attributesHash sorted option ids,generic plan — refine per leaf in FAZ A
Mutfak ve Sofra › Pişirme › Tencere ve Tavalar › Düdüklü Tencere,renk,false,1,attributesHash sorted option ids,generic plan — refine per leaf in FAZ A
Mutfak ve Sofra › Pişirme › Tencere ve Tavalar › Sahan,renk,false,1,attributesHash sorted option ids,generic plan — refine per leaf in FAZ A
Mutfak ve Sofra › Pişirme › Tencere ve Tavalar › Wok Tava,renk,false,1,attributesHash sorted option ids,generic plan — refine per leaf in FAZ A
Mutfak ve Sofra › Pişirme › Fırın Gereçleri › Fırın Tepsisi,renk,false,1,attributesHash sorted option ids,generic plan — refine per leaf in FAZ A
Mutfak ve Sofra › Pişirme › Fırın Gereçleri › Kek Kalıbı,renk,false,1,attributesHash sorted option ids,generic plan — refine per leaf in FAZ A
Mutfak ve Sofra › Pişirme › Fırın Gereçleri › Borcam ve Fırın Kabı,renk,false,1,attributesHash sorted option ids,generic plan — refine per leaf in FAZ A
Mutfak ve Sofra › Pişirme › Fırın Gereçleri › Silikon Kalıp,renk,false,1,attributesHash sorted option ids,generic plan — refine per leaf in FAZ A
Mutfak ve Sofra › Pişirme › Fırın Gereçleri › Pişirme Kağıdı ve Mat,renk,false,1,attributesHash sorted option ids,generic plan — refine per leaf in FAZ A
Mutfak ve Sofra › Hazırlık › Mutfak Robotları › Mutfak Robotu,renk,false,1,attributesHash sorted option ids,generic plan — refine per leaf in FAZ A
Mutfak ve Sofra › Hazırlık › Mutfak Robotları › Blender,renk,false,1,attributesHash sorted option ids,generic plan — refine per leaf in FAZ A
Mutfak ve Sofra › Hazırlık › Mutfak Robotları › El Blenderı,renk,false,1,attributesHash sorted option ids,generic plan — refine per leaf in FAZ A
Mutfak ve Sofra › Hazırlık › Mutfak Robotları › Mikser,renk,false,1,attributesHash sorted option ids,generic plan — refine per leaf in FAZ A
Mutfak ve Sofra › Hazırlık › Mutfak Robotları › Doğrayıcı,renk,false,1,attributesHash sorted option ids,generic plan — refine per leaf in FAZ A
Mutfak ve Sofra › Hazırlık › Mutfak Robotları › Rondo,renk,false,1,attributesHash sorted option ids,generic plan — refine per leaf in FAZ A
Mutfak ve Sofra › Hazırlık › Mutfak Robotları › Hamur Yoğurma Makinesi,renk,false,1,attributesHash sorted option ids,generic plan — refine per leaf in FAZ A
Mutfak ve Sofra › Hazırlık › Kesme ve Doğrama › Bıçak,renk,false,1,attributesHash sorted option ids,generic plan — refine per leaf in FAZ A
Mutfak ve Sofra › Hazırlık › Kesme ve Doğrama › Bıçak Seti,renk,false,1,attributesHash sorted option ids,generic plan — refine per leaf in FAZ A
Mutfak ve Sofra › Hazırlık › Kesme ve Doğrama › Kesme Tahtası,renk,false,1,attributesHash sorted option ids,generic plan — refine per leaf in FAZ A
Mutfak ve Sofra › Hazırlık › Kesme ve Doğrama › Rende,renk,false,1,attributesHash sorted option ids,generic plan — refine per leaf in FAZ A
Mutfak ve Sofra › Hazırlık › Kesme ve Doğrama › Soyacak,renk,false,1,attributesHash sorted option ids,generic plan — refine per leaf in FAZ A
Mutfak ve Sofra › Hazırlık › Kesme ve Doğrama › Mutfak Makası,renk,false,1,attributesHash sorted option ids,generic plan — refine per leaf in FAZ A
Mutfak ve Sofra › Hazırlık › Kesme ve Doğrama › Bileme Aleti,renk,false,1,attributesHash sorted option ids,generic plan — refine per leaf in FAZ A
Mutfak ve Sofra › Hazırlık › Ölçme ve Yardımcılar › Mutfak Tartısı,renk,false,1,attributesHash sorted option ids,generic plan — refine per leaf in FAZ A
Mutfak ve Sofra › Hazırlık › Ölçme ve Yardımcılar › Ölçü Kabı,renk,false,1,attributesHash sorted option ids,generic plan — refine per leaf in FAZ A
Mutfak ve Sofra › Hazırlık › Ölçme ve Yardımcılar › Termometre,renk,false,1,attributesHash sorted option ids,generic plan — refine per leaf in FAZ A
Mutfak ve Sofra › Hazırlık › Ölçme ve Yardımcılar › Süzgeç,renk,false,1,attributesHash sorted option ids,generic plan — refine per leaf in FAZ A
Mutfak ve Sofra › Hazırlık › Ölçme ve Yardımcılar › Kevgir,renk,false,1,attributesHash sorted option ids,generic plan — refine per leaf in FAZ A
Mutfak ve Sofra › Hazırlık › Ölçme ve Yardımcılar › Huni,renk,false,1,attributesHash sorted option ids,generic plan — refine per leaf in FAZ A
Mutfak ve Sofra › Hazırlık › Ölçme ve Yardımcılar › Spatula,renk,false,1,attributesHash sorted option ids,generic plan — refine per leaf in FAZ A
Mutfak ve Sofra › Hazırlık › Ölçme ve Yardımcılar › Maşa,renk,false,1,attributesHash sorted option ids,generic plan — refine per leaf in FAZ A
Mutfak ve Sofra › Hazırlık › Ölçme ve Yardımcılar › Çırpıcı,renk,false,1,attributesHash sorted option ids,generic plan — refine per leaf in FAZ A
Mutfak ve Sofra › İçecek Hazırlama › Kahve › Türk Kahvesi Makinesi,renk,false,1,attributesHash sorted option ids,generic plan — refine per leaf in FAZ A
Mutfak ve Sofra › İçecek Hazırlama › Kahve › Filtre Kahve Makinesi,renk,false,1,attributesHash sorted option ids,generic plan — refine per leaf in FAZ A
Mutfak ve Sofra › İçecek Hazırlama › Kahve › Espresso Makinesi,renk,false,1,attributesHash sorted option ids,generic plan — refine per leaf in FAZ A
Mutfak ve Sofra › İçecek Hazırlama › Kahve › Kapsül Kahve Makinesi,renk,false,1,attributesHash sorted option ids,generic plan — refine per leaf in FAZ A
Mutfak ve Sofra › İçecek Hazırlama › Kahve › Kahve Öğütücü,renk,false,1,attributesHash sorted option ids,generic plan — refine per leaf in FAZ A
Mutfak ve Sofra › İçecek Hazırlama › Kahve › French Press,renk,false,1,attributesHash sorted option ids,generic plan — refine per leaf in FAZ A
Mutfak ve Sofra › İçecek Hazırlama › Kahve › Moka Pot,renk,false,1,attributesHash sorted option ids,generic plan — refine per leaf in FAZ A
Mutfak ve Sofra › İçecek Hazırlama › Kahve › Kahve Demleme Ekipmanı,renk,false,1,attributesHash sorted option ids,generic plan — refine per leaf in FAZ A
Mutfak ve Sofra › İçecek Hazırlama › Çay ve Sıcak İçecek › Çay Makinesi,renk,false,1,attributesHash sorted option ids,generic plan — refine per leaf in FAZ A
Mutfak ve Sofra › İçecek Hazırlama › Çay ve Sıcak İçecek › Su Isıtıcısı,renk,false,1,attributesHash sorted option ids,generic plan — refine per leaf in FAZ A
Mutfak ve Sofra › İçecek Hazırlama › Çay ve Sıcak İçecek › Semaver,renk,false,1,attributesHash sorted option ids,generic plan — refine per leaf in FAZ A
Mutfak ve Sofra › İçecek Hazırlama › Çay ve Sıcak İçecek › Termos,renk,false,1,attributesHash sorted option ids,generic plan — refine per leaf in FAZ A
Mutfak ve Sofra › İçecek Hazırlama › Çay ve Sıcak İçecek › Mug ve Termos Bardak,renk,false,1,attributesHash sorted option ids,generic plan — refine per leaf in FAZ A
Mutfak ve Sofra › İçecek Hazırlama › Soğuk İçecek › Katı Meyve Sıkacağı,renk,false,1,attributesHash sorted option ids,generic plan — refine per leaf in FAZ A
Mutfak ve Sofra › İçecek Hazırlama › Soğuk İçecek › Narenciye Sıkacağı,renk,false,1,attributesHash sorted option ids,generic plan — refine per leaf in FAZ A
Mutfak ve Sofra › İçecek Hazırlama › Soğuk İçecek › Smoothie Blender,renk,false,1,attributesHash sorted option ids,generic plan — refine per leaf in FAZ A
Mutfak ve Sofra › İçecek Hazırlama › Soğuk İçecek › Soda Makinesi,renk,false,1,attributesHash sorted option ids,generic plan — refine per leaf in FAZ A
Mutfak ve Sofra › İçecek Hazırlama › Soğuk İçecek › Buz Makinesi,renk,false,1,attributesHash sorted option ids,generic plan — refine per leaf in FAZ A
Mutfak ve Sofra › Sofra ve Servis › Yemek Takımları › Yemek Takımı,renk,false,1,attributesHash sorted option ids,generic plan — refine per leaf in FAZ A
Mutfak ve Sofra › Sofra ve Servis › Yemek Takımları › Kahvaltı Takımı,renk,false,1,attributesHash sorted option ids,generic plan — refine per leaf in FAZ A
Mutfak ve Sofra › Sofra ve Servis › Yemek Takımları › Çatal-Kaşık-Bıçak Seti,renk,false,1,attributesHash sorted option ids,generic plan — refine per leaf in FAZ A
Mutfak ve Sofra › Sofra ve Servis › Yemek Takımları › Servis Tabağı,renk,false,1,attributesHash sorted option ids,generic plan — refine per leaf in FAZ A
Mutfak ve Sofra › Sofra ve Servis › Yemek Takımları › Salata Kasesi,renk,false,1,attributesHash sorted option ids,generic plan — refine per leaf in FAZ A
Mutfak ve Sofra › Sofra ve Servis › Bardak ve Fincan › Su Bardağı,renk,false,1,attributesHash sorted option ids,generic plan — refine per leaf in FAZ A
Mutfak ve Sofra › Sofra ve Servis › Bardak ve Fincan › Çay Bardağı,renk,false,1,attributesHash sorted option ids,generic plan — refine per leaf in FAZ A
Mutfak ve Sofra › Sofra ve Servis › Bardak ve Fincan › Kahve Fincanı,renk,false,1,attributesHash sorted option ids,generic plan — refine per leaf in FAZ A
Mutfak ve Sofra › Sofra ve Servis › Bardak ve Fincan › Kupa,renk,false,1,attributesHash sorted option ids,generic plan — refine per leaf in FAZ A
Mutfak ve Sofra › Sofra ve Servis › Bardak ve Fincan › Kadeh,renk,false,1,attributesHash sorted option ids,generic plan — refine per leaf in FAZ A
Mutfak ve Sofra › Sofra ve Servis › Bardak ve Fincan › Sürahi ve Karaf,renk,false,1,attributesHash sorted option ids,generic plan — refine per leaf in FAZ A
Mutfak ve Sofra › Sofra ve Servis › Servis Gereçleri › Tepsi,renk,false,1,attributesHash sorted option ids,generic plan — refine per leaf in FAZ A
Mutfak ve Sofra › Sofra ve Servis › Servis Gereçleri › Sunum Tahtası,renk,false,1,attributesHash sorted option ids,generic plan — refine per leaf in FAZ A
Mutfak ve Sofra › Sofra ve Servis › Servis Gereçleri › Servis Kaşığı,renk,false,1,attributesHash sorted option ids,generic plan — refine per leaf in FAZ A
Mutfak ve Sofra › Sofra ve Servis › Servis Gereçleri › Şekerlik,renk,false,1,attributesHash sorted option ids,generic plan — refine per leaf in FAZ A
Mutfak ve Sofra › Sofra ve Servis › Servis Gereçleri › Yağlık-Sirkelik,renk,false,1,attributesHash sorted option ids,generic plan — refine per leaf in FAZ A
Mutfak ve Sofra › Sofra ve Servis › Servis Gereçleri › Tuzluk-Biberlik,renk,false,1,attributesHash sorted option ids,generic plan — refine per leaf in FAZ A
Mutfak ve Sofra › Saklama ve Düzenleme › Gıda Saklama › Saklama Kabı,renk,false,1,attributesHash sorted option ids,generic plan — refine per leaf in FAZ A
Mutfak ve Sofra › Saklama ve Düzenleme › Gıda Saklama › Vakumlu Saklama Kabı,renk,false,1,attributesHash sorted option ids,generic plan — refine per leaf in FAZ A
Mutfak ve Sofra › Saklama ve Düzenleme › Gıda Saklama › Kavanoz,renk,false,1,attributesHash sorted option ids,generic plan — refine per leaf in FAZ A
Mutfak ve Sofra › Saklama ve Düzenleme › Gıda Saklama › Baharatlık,renk,false,1,attributesHash sorted option ids,generic plan — refine per leaf in FAZ A
Mutfak ve Sofra › Saklama ve Düzenleme › Gıda Saklama › Ekmek Kutusu,renk,false,1,attributesHash sorted option ids,generic plan — refine per leaf in FAZ A
Mutfak ve Sofra › Saklama ve Düzenleme › Gıda Saklama › Buzdolabı Düzenleyici,renk,false,1,attributesHash sorted option ids,generic plan — refine per leaf in FAZ A
Mutfak ve Sofra › Saklama ve Düzenleme › Mutfak Düzenleme › Kaşıklık,renk,false,1,attributesHash sorted option ids,generic plan — refine per leaf in FAZ A
Mutfak ve Sofra › Saklama ve Düzenleme › Mutfak Düzenleme › Bulaşıklık,renk,false,1,attributesHash sorted option ids,generic plan — refine per leaf in FAZ A
Mutfak ve Sofra › Saklama ve Düzenleme › Mutfak Düzenleme › Raf Düzenleyici,renk,false,1,attributesHash sorted option ids,generic plan — refine per leaf in FAZ A
Mutfak ve Sofra › Saklama ve Düzenleme › Mutfak Düzenleme › Dolap İçi Düzenleyici,renk,false,1,attributesHash sorted option ids,generic plan — refine per leaf in FAZ A
Mutfak ve Sofra › Saklama ve Düzenleme › Mutfak Düzenleme › Poşetlik,renk,false,1,attributesHash sorted option ids,generic plan — refine per leaf in FAZ A
Mutfak ve Sofra › Saklama ve Düzenleme › Mutfak Düzenleme › Çöp Kovası,renk,false,1,attributesHash sorted option ids,generic plan — refine per leaf in FAZ A
Mutfak ve Sofra › Su Arıtma › Su Arıtma Ürünleri › Filtreli Sürahi,renk,false,1,attributesHash sorted option ids,generic plan — refine per leaf in FAZ A
Mutfak ve Sofra › Su Arıtma › Su Arıtma Ürünleri › Su Arıtma Cihazı,renk,false,1,attributesHash sorted option ids,generic plan — refine per leaf in FAZ A
Mutfak ve Sofra › Su Arıtma › Su Arıtma Ürünleri › Musluk Filtresi,renk,false,1,attributesHash sorted option ids,generic plan — refine per leaf in FAZ A
Mutfak ve Sofra › Su Arıtma › Su Arıtma Ürünleri › Yedek Filtre,renk,false,1,attributesHash sorted option ids,generic plan — refine per leaf in FAZ A
Mutfak ve Sofra › Su Arıtma › Su Arıtma Ürünleri › Su Sebili,renk,false,1,attributesHash sorted option ids,generic plan — refine per leaf in FAZ A
Mutfak ve Sofra › Su Arıtma › Su Arıtma Ürünleri › Tezgah Üstü Su Arıtıcı,renk,false,1,attributesHash sorted option ids,generic plan — refine per leaf in FAZ A
Ev ve Yaşam › Mobilya › Salon › Koltuk Takımı,renk,false,1,attributesHash sorted option ids,generic plan — refine per leaf in FAZ A
Ev ve Yaşam › Mobilya › Salon › Kanepe,renk,false,1,attributesHash sorted option ids,generic plan — refine per leaf in FAZ A
Ev ve Yaşam › Mobilya › Salon › Berjer,renk,false,1,attributesHash sorted option ids,generic plan — refine per leaf in FAZ A
Ev ve Yaşam › Mobilya › Salon › TV Ünitesi,renk,false,1,attributesHash sorted option ids,generic plan — refine per leaf in FAZ A
Ev ve Yaşam › Mobilya › Salon › Orta Sehpa,renk,false,1,attributesHash sorted option ids,generic plan — refine per leaf in FAZ A
Ev ve Yaşam › Mobilya › Salon › Yan Sehpa,renk,false,1,attributesHash sorted option ids,generic plan — refine per leaf in FAZ A
Ev ve Yaşam › Mobilya › Salon › Kitaplık,renk,false,1,attributesHash sorted option ids,generic plan — refine per leaf in FAZ A
Ev ve Yaşam › Mobilya › Salon › Konsol,renk,false,1,attributesHash sorted option ids,generic plan — refine per leaf in FAZ A
Ev ve Yaşam › Mobilya › Salon › Vitrin,renk,false,1,attributesHash sorted option ids,generic plan — refine per leaf in FAZ A
Ev ve Yaşam › Mobilya › Yatak Odası › Yatak Odası Takımı,renk,false,1,attributesHash sorted option ids,generic plan — refine per leaf in FAZ A
Ev ve Yaşam › Mobilya › Yatak Odası › Yatak,renk,false,1,attributesHash sorted option ids,generic plan — refine per leaf in FAZ A
Ev ve Yaşam › Mobilya › Yatak Odası › Baza,renk,false,1,attributesHash sorted option ids,generic plan — refine per leaf in FAZ A
Ev ve Yaşam › Mobilya › Yatak Odası › Başlık,renk,false,1,attributesHash sorted option ids,generic plan — refine per leaf in FAZ A
Ev ve Yaşam › Mobilya › Yatak Odası › Gardırop,renk,false,1,attributesHash sorted option ids,generic plan — refine per leaf in FAZ A
Ev ve Yaşam › Mobilya › Yatak Odası › Şifonyer,renk,false,1,attributesHash sorted option ids,generic plan — refine per leaf in FAZ A
Ev ve Yaşam › Mobilya › Yatak Odası › Komodin,renk,false,1,attributesHash sorted option ids,generic plan — refine per leaf in FAZ A
Ev ve Yaşam › Mobilya › Yatak Odası › Makyaj Masası,renk,false,1,attributesHash sorted option ids,generic plan — refine per leaf in FAZ A
Ev ve Yaşam › Mobilya › Yemek Odası › Yemek Masası,renk,false,1,attributesHash sorted option ids,generic plan — refine per leaf in FAZ A
Ev ve Yaşam › Mobilya › Yemek Odası › Sandalye,renk,false,1,attributesHash sorted option ids,generic plan — refine per leaf in FAZ A
Ev ve Yaşam › Mobilya › Yemek Odası › Yemek Odası Takımı,renk,false,1,attributesHash sorted option ids,generic plan — refine per leaf in FAZ A
Ev ve Yaşam › Mobilya › Yemek Odası › Bank,renk,false,1,attributesHash sorted option ids,generic plan — refine per leaf in FAZ A
Ev ve Yaşam › Mobilya › Yemek Odası › Bar Masası,renk,false,1,attributesHash sorted option ids,generic plan — refine per leaf in FAZ A
Ev ve Yaşam › Mobilya › Yemek Odası › Bar Sandalyesi,renk,false,1,attributesHash sorted option ids,generic plan — refine per leaf in FAZ A
Ev ve Yaşam › Mobilya › Çalışma Odası › Çalışma Masası,renk,false,1,attributesHash sorted option ids,generic plan — refine per leaf in FAZ A
Ev ve Yaşam › Mobilya › Çalışma Odası › Ofis Koltuğu,renk,false,1,attributesHash sorted option ids,generic plan — refine per leaf in FAZ A
Ev ve Yaşam › Mobilya › Çalışma Odası › Çalışma Koltuğu,renk,false,1,attributesHash sorted option ids,generic plan — refine per leaf in FAZ A
Ev ve Yaşam › Mobilya › Çalışma Odası › Dosya Dolabı,renk,false,1,attributesHash sorted option ids,generic plan — refine per leaf in FAZ A
Ev ve Yaşam › Mobilya › Çalışma Odası › Raf,renk,false,1,attributesHash sorted option ids,generic plan — refine per leaf in FAZ A
Ev ve Yaşam › Mobilya › Çalışma Odası › Toplantı Masası,renk,false,1,attributesHash sorted option ids,generic plan — refine per leaf in FAZ A
Ev ve Yaşam › Mobilya › Çocuk ve Genç Odası › Çocuk Odası Takımı,renk,false,1,attributesHash sorted option ids,generic plan — refine per leaf in FAZ A
Ev ve Yaşam › Mobilya › Çocuk ve Genç Odası › Genç Odası Takımı,renk,false,1,attributesHash sorted option ids,generic plan — refine per leaf in FAZ A
Ev ve Yaşam › Mobilya › Çocuk ve Genç Odası › Çocuk Yatağı,renk,false,1,attributesHash sorted option ids,generic plan — refine per leaf in FAZ A
Ev ve Yaşam › Mobilya › Çocuk ve Genç Odası › Ranza,renk,false,1,attributesHash sorted option ids,generic plan — refine per leaf in FAZ A
Ev ve Yaşam › Mobilya › Çocuk ve Genç Odası › Çalışma Masası,renk,false,1,attributesHash sorted option ids,generic plan — refine per leaf in FAZ A
Ev ve Yaşam › Mobilya › Çocuk ve Genç Odası › Oyuncak Dolabı,renk,false,1,attributesHash sorted option ids,generic plan — refine per leaf in FAZ A
Ev ve Yaşam › Mobilya › Antre ve Balkon › Portmanto,renk,false,1,attributesHash sorted option ids,generic plan — refine per leaf in FAZ A
Ev ve Yaşam › Mobilya › Antre ve Balkon › Ayakkabılık,renk,false,1,attributesHash sorted option ids,generic plan — refine per leaf in FAZ A
Ev ve Yaşam › Mobilya › Antre ve Balkon › Dresuar,renk,false,1,attributesHash sorted option ids,generic plan — refine per leaf in FAZ A
Ev ve Yaşam › Mobilya › Antre ve Balkon › Balkon Mobilyası,renk,false,1,attributesHash sorted option ids,generic plan — refine per leaf in FAZ A
Ev ve Yaşam › Mobilya › Antre ve Balkon › Bahçe Mobilyası,renk,false,1,attributesHash sorted option ids,generic plan — refine per leaf in FAZ A
Ev ve Yaşam › Ev Tekstili › Yatak Tekstili › Nevresim Takımı,renk,false,1,attributesHash sorted option ids,generic plan — refine per leaf in FAZ A
Ev ve Yaşam › Ev Tekstili › Yatak Tekstili › Çarşaf,renk,false,1,attributesHash sorted option ids,generic plan — refine per leaf in FAZ A
Ev ve Yaşam › Ev Tekstili › Yatak Tekstili › Yastık,renk,false,1,attributesHash sorted option ids,generic plan — refine per leaf in FAZ A
Ev ve Yaşam › Ev Tekstili › Yatak Tekstili › Yorgan,renk,false,1,attributesHash sorted option ids,generic plan — refine per leaf in FAZ A
Ev ve Yaşam › Ev Tekstili › Yatak Tekstili › Battaniye,renk,false,1,attributesHash sorted option ids,generic plan — refine per leaf in FAZ A
Ev ve Yaşam › Ev Tekstili › Yatak Tekstili › Alez,renk,false,1,attributesHash sorted option ids,generic plan — refine per leaf in FAZ A
Ev ve Yaşam › Ev Tekstili › Yatak Tekstili › Yatak Örtüsü,renk,false,1,attributesHash sorted option ids,generic plan — refine per leaf in FAZ A
Ev ve Yaşam › Ev Tekstili › Banyo Tekstili › Havlu,renk,false,1,attributesHash sorted option ids,generic plan — refine per leaf in FAZ A
Ev ve Yaşam › Ev Tekstili › Banyo Tekstili › Bornoz,renk,false,1,attributesHash sorted option ids,generic plan — refine per leaf in FAZ A
Ev ve Yaşam › Ev Tekstili › Banyo Tekstili › Banyo Paspası,renk,false,1,attributesHash sorted option ids,generic plan — refine per leaf in FAZ A
Ev ve Yaşam › Ev Tekstili › Banyo Tekstili › Duş Perdesi,renk,false,1,attributesHash sorted option ids,generic plan — refine per leaf in FAZ A
Ev ve Yaşam › Ev Tekstili › Salon Tekstili › Perde,renk,false,1,attributesHash sorted option ids,generic plan — refine per leaf in FAZ A
Ev ve Yaşam › Ev Tekstili › Salon Tekstili › Tül Perde,renk,false,1,attributesHash sorted option ids,generic plan — refine per leaf in FAZ A
Ev ve Yaşam › Ev Tekstili › Salon Tekstili › Fon Perde,renk,false,1,attributesHash sorted option ids,generic plan — refine per leaf in FAZ A
Ev ve Yaşam › Ev Tekstili › Salon Tekstili › Stor Perde,renk,false,1,attributesHash sorted option ids,generic plan — refine per leaf in FAZ A
Ev ve Yaşam › Ev Tekstili › Salon Tekstili › Kırlent,renk,false,1,attributesHash sorted option ids,generic plan — refine per leaf in FAZ A
Ev ve Yaşam › Ev Tekstili › Salon Tekstili › Kırlent Kılıfı,renk,false,1,attributesHash sorted option ids,generic plan — refine per leaf in FAZ A
Ev ve Yaşam › Ev Tekstili › Salon Tekstili › Koltuk Örtüsü,renk,false,1,attributesHash sorted option ids,generic plan — refine per leaf in FAZ A
Ev ve Yaşam › Ev Tekstili › Mutfak Tekstili › Masa Örtüsü,renk,false,1,attributesHash sorted option ids,generic plan — refine per leaf in FAZ A
Ev ve Yaşam › Ev Tekstili › Mutfak Tekstili › Runner,renk,false,1,attributesHash sorted option ids,generic plan — refine per leaf in FAZ A
Ev ve Yaşam › Ev Tekstili › Mutfak Tekstili › Peçete,renk,false,1,attributesHash sorted option ids,generic plan — refine per leaf in FAZ A
Ev ve Yaşam › Ev Tekstili › Mutfak Tekstili › Mutfak Havlusu,renk,false,1,attributesHash sorted option ids,generic plan — refine per leaf in FAZ A
Ev ve Yaşam › Ev Tekstili › Mutfak Tekstili › Önlük,renk,false,1,attributesHash sorted option ids,generic plan — refine per leaf in FAZ A
Ev ve Yaşam › Ev Tekstili › Mutfak Tekstili › Eldiven ve Tutacak,renk,false,1,attributesHash sorted option ids,generic plan — refine per leaf in FAZ A
Ev ve Yaşam › Dekorasyon › Duvar Dekorasyonu › Tablo,renk,false,1,attributesHash sorted option ids,generic plan — refine per leaf in FAZ A
Ev ve Yaşam › Dekorasyon › Duvar Dekorasyonu › Poster,renk,false,1,attributesHash sorted option ids,generic plan — refine per leaf in FAZ A
Ev ve Yaşam › Dekorasyon › Duvar Dekorasyonu › Duvar Saati,renk,false,1,attributesHash sorted option ids,generic plan — refine per leaf in FAZ A
Ev ve Yaşam › Dekorasyon › Duvar Dekorasyonu › Ayna,renk,false,1,attributesHash sorted option ids,generic plan — refine per leaf in FAZ A
Ev ve Yaşam › Dekorasyon › Duvar Dekorasyonu › Duvar Rafı,renk,false,1,attributesHash sorted option ids,generic plan — refine per leaf in FAZ A
Ev ve Yaşam › Dekorasyon › Duvar Dekorasyonu › Duvar Sticker,renk,false,1,attributesHash sorted option ids,generic plan — refine per leaf in FAZ A
Ev ve Yaşam › Dekorasyon › Masaüstü Dekor › Vazo,renk,false,1,attributesHash sorted option ids,generic plan — refine per leaf in FAZ A
Ev ve Yaşam › Dekorasyon › Masaüstü Dekor › Biblo,renk,false,1,attributesHash sorted option ids,generic plan — refine per leaf in FAZ A
Ev ve Yaşam › Dekorasyon › Masaüstü Dekor › Mum,renk,false,1,attributesHash sorted option ids,generic plan — refine per leaf in FAZ A
Ev ve Yaşam › Dekorasyon › Masaüstü Dekor › Mumluk,renk,false,1,attributesHash sorted option ids,generic plan — refine per leaf in FAZ A
Ev ve Yaşam › Dekorasyon › Masaüstü Dekor › Dekoratif Kutu,renk,false,1,attributesHash sorted option ids,generic plan — refine per leaf in FAZ A
Ev ve Yaşam › Dekorasyon › Masaüstü Dekor › Fotoğraf Çerçevesi,renk,false,1,attributesHash sorted option ids,generic plan — refine per leaf in FAZ A
Ev ve Yaşam › Dekorasyon › Halı ve Zemin › Halı,renk,false,1,attributesHash sorted option ids,generic plan — refine per leaf in FAZ A
Ev ve Yaşam › Dekorasyon › Halı ve Zemin › Yolluk,renk,false,1,attributesHash sorted option ids,generic plan — refine per leaf in FAZ A
Ev ve Yaşam › Dekorasyon › Halı ve Zemin › Kilim,renk,false,1,attributesHash sorted option ids,generic plan — refine per leaf in FAZ A
Ev ve Yaşam › Dekorasyon › Halı ve Zemin › Paspas,renk,false,1,attributesHash sorted option ids,generic plan — refine per leaf in FAZ A
Ev ve Yaşam › Dekorasyon › Halı ve Zemin › PVC Zemin,renk,false,1,attributesHash sorted option ids,generic plan — refine per leaf in FAZ A
Ev ve Yaşam › Dekorasyon › Halı ve Zemin › Yer Minderi,renk,false,1,attributesHash sorted option ids,generic plan — refine per leaf in FAZ A
Ev ve Yaşam › Aydınlatma › İç Mekan › Avize,renk,false,1,attributesHash sorted option ids,generic plan — refine per leaf in FAZ A
Ev ve Yaşam › Aydınlatma › İç Mekan › Sarkıt,renk,false,1,attributesHash sorted option ids,generic plan — refine per leaf in FAZ A
Ev ve Yaşam › Aydınlatma › İç Mekan › Plafonyer,renk,false,1,attributesHash sorted option ids,generic plan — refine per leaf in FAZ A
Ev ve Yaşam › Aydınlatma › İç Mekan › Aplik,renk,false,1,attributesHash sorted option ids,generic plan — refine per leaf in FAZ A
Ev ve Yaşam › Aydınlatma › İç Mekan › Lambader,renk,false,1,attributesHash sorted option ids,generic plan — refine per leaf in FAZ A
Ev ve Yaşam › Aydınlatma › İç Mekan › Abajur,renk,false,1,attributesHash sorted option ids,generic plan — refine per leaf in FAZ A
Ev ve Yaşam › Aydınlatma › İç Mekan › Masa Lambası,renk,false,1,attributesHash sorted option ids,generic plan — refine per leaf in FAZ A
Ev ve Yaşam › Aydınlatma › İç Mekan › Gece Lambası,renk,false,1,attributesHash sorted option ids,generic plan — refine per leaf in FAZ A
Ev ve Yaşam › Aydınlatma › Dış Mekan › Bahçe Aydınlatması,renk,false,1,attributesHash sorted option ids,generic plan — refine per leaf in FAZ A
Ev ve Yaşam › Aydınlatma › Dış Mekan › Solar Aydınlatma,renk,false,1,attributesHash sorted option ids,generic plan — refine per leaf in FAZ A
Ev ve Yaşam › Aydınlatma › Dış Mekan › Projektör,renk,false,1,attributesHash sorted option ids,generic plan — refine per leaf in FAZ A
Ev ve Yaşam › Aydınlatma › Dış Mekan › Sensörlü Aydınlatma,renk,false,1,attributesHash sorted option ids,generic plan — refine per leaf in FAZ A
Ev ve Yaşam › Aydınlatma › Ampul ve Ekipman › LED Ampul,renk,false,1,attributesHash sorted option ids,generic plan — refine per leaf in FAZ A
Ev ve Yaşam › Aydınlatma › Ampul ve Ekipman › Akıllı Ampul,renk,false,1,attributesHash sorted option ids,generic plan — refine per leaf in FAZ A
Ev ve Yaşam › Aydınlatma › Ampul ve Ekipman › Floresan,renk,false,1,attributesHash sorted option ids,generic plan — refine per leaf in FAZ A
Ev ve Yaşam › Aydınlatma › Ampul ve Ekipman › Şerit LED,renk,false,1,attributesHash sorted option ids,generic plan — refine per leaf in FAZ A
Ev ve Yaşam › Aydınlatma › Ampul ve Ekipman › LED Profil,renk,false,1,attributesHash sorted option ids,generic plan — refine per leaf in FAZ A
Ev ve Yaşam › Aydınlatma › Ampul ve Ekipman › Duy ve Soket,renk,false,1,attributesHash sorted option ids,generic plan — refine per leaf in FAZ A
Ev ve Yaşam › Temizlik ve Düzen › Temizlik Ürünleri › Mop,renk,false,1,attributesHash sorted option ids,generic plan — refine per leaf in FAZ A
Ev ve Yaşam › Temizlik ve Düzen › Temizlik Ürünleri › Kova,renk,false,1,attributesHash sorted option ids,generic plan — refine per leaf in FAZ A
Ev ve Yaşam › Temizlik ve Düzen › Temizlik Ürünleri › Faraş ve Süpürge,renk,false,1,attributesHash sorted option ids,generic plan — refine per leaf in FAZ A
Ev ve Yaşam › Temizlik ve Düzen › Temizlik Ürünleri › Cam Sileceği,renk,false,1,attributesHash sorted option ids,generic plan — refine per leaf in FAZ A
Ev ve Yaşam › Temizlik ve Düzen › Temizlik Ürünleri › Temizlik Bezi,renk,false,1,attributesHash sorted option ids,generic plan — refine per leaf in FAZ A
Ev ve Yaşam › Temizlik ve Düzen › Temizlik Ürünleri › Fırça,renk,false,1,attributesHash sorted option ids,generic plan — refine per leaf in FAZ A
Ev ve Yaşam › Temizlik ve Düzen › Temizlik Ürünleri › Çamaşır Sepeti,renk,false,1,attributesHash sorted option ids,generic plan — refine per leaf in FAZ A
Ev ve Yaşam › Temizlik ve Düzen › Düzenleyiciler › Hurç,renk,false,1,attributesHash sorted option ids,generic plan — refine per leaf in FAZ A
Ev ve Yaşam › Temizlik ve Düzen › Düzenleyiciler › Vakumlu Poşet,renk,false,1,attributesHash sorted option ids,generic plan — refine per leaf in FAZ A
Ev ve Yaşam › Temizlik ve Düzen › Düzenleyiciler › Askı,renk,false,1,attributesHash sorted option ids,generic plan — refine per leaf in FAZ A
Ev ve Yaşam › Temizlik ve Düzen › Düzenleyiciler › Ayakkabı Organizeri,renk,false,1,attributesHash sorted option ids,generic plan — refine per leaf in FAZ A
Ev ve Yaşam › Temizlik ve Düzen › Düzenleyiciler › Çekmece Düzenleyici,renk,false,1,attributesHash sorted option ids,generic plan — refine per leaf in FAZ A
Ev ve Yaşam › Temizlik ve Düzen › Düzenleyiciler › Kutu ve Sepet,renk,false,1,attributesHash sorted option ids,generic plan — refine per leaf in FAZ A
Moda › Kadın › Üst Giyim › Tişört,renk,false,1,attributesHash sorted option ids,generic plan — refine per leaf in FAZ A
Moda › Kadın › Üst Giyim › Gömlek,renk,false,1,attributesHash sorted option ids,generic plan — refine per leaf in FAZ A
Moda › Kadın › Üst Giyim › Bluz,renk,false,1,attributesHash sorted option ids,generic plan — refine per leaf in FAZ A
Moda › Kadın › Üst Giyim › Sweatshirt,renk,false,1,attributesHash sorted option ids,generic plan — refine per leaf in FAZ A
Moda › Kadın › Üst Giyim › Kazak,renk,false,1,attributesHash sorted option ids,generic plan — refine per leaf in FAZ A
Moda › Kadın › Üst Giyim › Hırka,renk,false,1,attributesHash sorted option ids,generic plan — refine per leaf in FAZ A
Moda › Kadın › Üst Giyim › Tunik,renk,false,1,attributesHash sorted option ids,generic plan — refine per leaf in FAZ A
Moda › Kadın › Üst Giyim › Crop Top,renk,false,1,attributesHash sorted option ids,generic plan — refine per leaf in FAZ A
Moda › Kadın › Alt Giyim › Pantolon,renk,false,1,attributesHash sorted option ids,generic plan — refine per leaf in FAZ A
Moda › Kadın › Alt Giyim › Jean,renk,false,1,attributesHash sorted option ids,generic plan — refine per leaf in FAZ A
Moda › Kadın › Alt Giyim › Etek,renk,false,1,attributesHash sorted option ids,generic plan — refine per leaf in FAZ A
Moda › Kadın › Alt Giyim › Şort,renk,false,1,attributesHash sorted option ids,generic plan — refine per leaf in FAZ A
Moda › Kadın › Alt Giyim › Tayt,renk,false,1,attributesHash sorted option ids,generic plan — refine per leaf in FAZ A
Moda › Kadın › Elbise ve Tulum › Günlük Elbise,renk,false,1,attributesHash sorted option ids,generic plan — refine per leaf in FAZ A
Moda › Kadın › Elbise ve Tulum › Abiye Elbise,renk,false,1,attributesHash sorted option ids,generic plan — refine per leaf in FAZ A
Moda › Kadın › Elbise ve Tulum › Tulum,renk,false,1,attributesHash sorted option ids,generic plan — refine per leaf in FAZ A
Moda › Kadın › Elbise ve Tulum › Salopet,renk,false,1,attributesHash sorted option ids,generic plan — refine per leaf in FAZ A
Moda › Kadın › Dış Giyim › Mont,renk,false,1,attributesHash sorted option ids,generic plan — refine per leaf in FAZ A
Moda › Kadın › Dış Giyim › Kaban,renk,false,1,attributesHash sorted option ids,generic plan — refine per leaf in FAZ A
Moda › Kadın › Dış Giyim › Trençkot,renk,false,1,attributesHash sorted option ids,generic plan — refine per leaf in FAZ A
Moda › Kadın › Dış Giyim › Ceket,renk,false,1,attributesHash sorted option ids,generic plan — refine per leaf in FAZ A
Moda › Kadın › Dış Giyim › Yelek,renk,false,1,attributesHash sorted option ids,generic plan — refine per leaf in FAZ A
Moda › Kadın › Dış Giyim › Yağmurluk,renk,false,1,attributesHash sorted option ids,generic plan — refine per leaf in FAZ A
Moda › Kadın › İç Giyim › Sütyen,renk,false,1,attributesHash sorted option ids,generic plan — refine per leaf in FAZ A
Moda › Kadın › İç Giyim › Külot,renk,false,1,attributesHash sorted option ids,generic plan — refine per leaf in FAZ A
Moda › Kadın › İç Giyim › Atlet,renk,false,1,attributesHash sorted option ids,generic plan — refine per leaf in FAZ A
Moda › Kadın › İç Giyim › Body,renk,false,1,attributesHash sorted option ids,generic plan — refine per leaf in FAZ A
Moda › Kadın › İç Giyim › Gecelik,renk,false,1,attributesHash sorted option ids,generic plan — refine per leaf in FAZ A
Moda › Kadın › İç Giyim › Pijama,renk,false,1,attributesHash sorted option ids,generic plan — refine per leaf in FAZ A
Moda › Kadın › İç Giyim › Sabahlık,renk,false,1,attributesHash sorted option ids,generic plan — refine per leaf in FAZ A
Moda › Kadın › Tesettür › Ferace,renk,false,1,attributesHash sorted option ids,generic plan — refine per leaf in FAZ A
Moda › Kadın › Tesettür › Kap,renk,false,1,attributesHash sorted option ids,generic plan — refine per leaf in FAZ A
Moda › Kadın › Tesettür › Tesettür Elbise,renk,false,1,attributesHash sorted option ids,generic plan — refine per leaf in FAZ A
Moda › Kadın › Tesettür › Şal,renk,false,1,attributesHash sorted option ids,generic plan — refine per leaf in FAZ A
Moda › Kadın › Tesettür › Eşarp,renk,false,1,attributesHash sorted option ids,generic plan — refine per leaf in FAZ A
Moda › Erkek › Üst Giyim › Tişört,renk,false,1,attributesHash sorted option ids,generic plan — refine per leaf in FAZ A
Moda › Erkek › Üst Giyim › Polo Yaka Tişört,renk,false,1,attributesHash sorted option ids,generic plan — refine per leaf in FAZ A
Moda › Erkek › Üst Giyim › Gömlek,renk,false,1,attributesHash sorted option ids,generic plan — refine per leaf in FAZ A
Moda › Erkek › Üst Giyim › Sweatshirt,renk,false,1,attributesHash sorted option ids,generic plan — refine per leaf in FAZ A
Moda › Erkek › Üst Giyim › Kazak,renk,false,1,attributesHash sorted option ids,generic plan — refine per leaf in FAZ A
Moda › Erkek › Üst Giyim › Hırka,renk,false,1,attributesHash sorted option ids,generic plan — refine per leaf in FAZ A
Moda › Erkek › Alt Giyim › Pantolon,renk,false,1,attributesHash sorted option ids,generic plan — refine per leaf in FAZ A
Moda › Erkek › Alt Giyim › Jean,renk,false,1,attributesHash sorted option ids,generic plan — refine per leaf in FAZ A
Moda › Erkek › Alt Giyim › Şort,renk,false,1,attributesHash sorted option ids,generic plan — refine per leaf in FAZ A
Moda › Erkek › Alt Giyim › Eşofman Altı,renk,false,1,attributesHash sorted option ids,generic plan — refine per leaf in FAZ A
Moda › Erkek › Takım ve Dış Giyim › Takım Elbise,renk,false,1,attributesHash sorted option ids,generic plan — refine per leaf in FAZ A
Moda › Erkek › Takım ve Dış Giyim › Ceket,renk,false,1,attributesHash sorted option ids,generic plan — refine per leaf in FAZ A
Moda › Erkek › Takım ve Dış Giyim › Mont,renk,false,1,attributesHash sorted option ids,generic plan — refine per leaf in FAZ A
Moda › Erkek › Takım ve Dış Giyim › Kaban,renk,false,1,attributesHash sorted option ids,generic plan — refine per leaf in FAZ A
Moda › Erkek › Takım ve Dış Giyim › Yelek,renk,false,1,attributesHash sorted option ids,generic plan — refine per leaf in FAZ A
Moda › Erkek › Takım ve Dış Giyim › Yağmurluk,renk,false,1,attributesHash sorted option ids,generic plan — refine per leaf in FAZ A
Moda › Erkek › İç Giyim › Boxer,renk,false,1,attributesHash sorted option ids,generic plan — refine per leaf in FAZ A
Moda › Erkek › İç Giyim › Atlet,renk,false,1,attributesHash sorted option ids,generic plan — refine per leaf in FAZ A
Moda › Erkek › İç Giyim › Fanila,renk,false,1,attributesHash sorted option ids,generic plan — refine per leaf in FAZ A
Moda › Erkek › İç Giyim › Pijama,renk,false,1,attributesHash sorted option ids,generic plan — refine per leaf in FAZ A
Moda › Erkek › İç Giyim › Çorap,renk,false,1,attributesHash sorted option ids,generic plan — refine per leaf in FAZ A
Moda › Ayakkabı › Kadın Ayakkabı › Sneaker,renk,false,1,attributesHash sorted option ids,generic plan — refine per leaf in FAZ A
Moda › Ayakkabı › Kadın Ayakkabı › Topuklu Ayakkabı,renk,false,1,attributesHash sorted option ids,generic plan — refine per leaf in FAZ A
Moda › Ayakkabı › Kadın Ayakkabı › Babet,renk,false,1,attributesHash sorted option ids,generic plan — refine per leaf in FAZ A
Moda › Ayakkabı › Kadın Ayakkabı › Sandalet,renk,false,1,attributesHash sorted option ids,generic plan — refine per leaf in FAZ A
Moda › Ayakkabı › Kadın Ayakkabı › Bot,renk,false,1,attributesHash sorted option ids,generic plan — refine per leaf in FAZ A
Moda › Ayakkabı › Kadın Ayakkabı › Çizme,renk,false,1,attributesHash sorted option ids,generic plan — refine per leaf in FAZ A
Moda › Ayakkabı › Kadın Ayakkabı › Terlik,renk,false,1,attributesHash sorted option ids,generic plan — refine per leaf in FAZ A
Moda › Ayakkabı › Erkek Ayakkabı › Sneaker,renk,false,1,attributesHash sorted option ids,generic plan — refine per leaf in FAZ A
Moda › Ayakkabı › Erkek Ayakkabı › Klasik Ayakkabı,renk,false,1,attributesHash sorted option ids,generic plan — refine per leaf in FAZ A
Moda › Ayakkabı › Erkek Ayakkabı › Loafer,renk,false,1,attributesHash sorted option ids,generic plan — refine per leaf in FAZ A
Moda › Ayakkabı › Erkek Ayakkabı › Bot,renk,false,1,attributesHash sorted option ids,generic plan — refine per leaf in FAZ A
Moda › Ayakkabı › Erkek Ayakkabı › Sandalet,renk,false,1,attributesHash sorted option ids,generic plan — refine per leaf in FAZ A
Moda › Ayakkabı › Erkek Ayakkabı › Terlik,renk,false,1,attributesHash sorted option ids,generic plan — refine per leaf in FAZ A
Moda › Ayakkabı › Spor Ayakkabı › Koşu Ayakkabısı,renk,false,1,attributesHash sorted option ids,generic plan — refine per leaf in FAZ A
Moda › Ayakkabı › Spor Ayakkabı › Yürüyüş Ayakkabısı,renk,false,1,attributesHash sorted option ids,generic plan — refine per leaf in FAZ A
Moda › Ayakkabı › Spor Ayakkabı › Basketbol Ayakkabısı,renk,false,1,attributesHash sorted option ids,generic plan — refine per leaf in FAZ A
Moda › Ayakkabı › Spor Ayakkabı › Futbol Ayakkabısı,renk,false,1,attributesHash sorted option ids,generic plan — refine per leaf in FAZ A
Moda › Ayakkabı › Spor Ayakkabı › Outdoor Ayakkabı,renk,false,1,attributesHash sorted option ids,generic plan — refine per leaf in FAZ A
Moda › Çanta ve Aksesuar › Çanta › Omuz Çantası,renk,false,1,attributesHash sorted option ids,generic plan — refine per leaf in FAZ A
Moda › Çanta ve Aksesuar › Çanta › El Çantası,renk,false,1,attributesHash sorted option ids,generic plan — refine per leaf in FAZ A
Moda › Çanta ve Aksesuar › Çanta › Sırt Çantası,renk,false,1,attributesHash sorted option ids,generic plan — refine per leaf in FAZ A
Moda › Çanta ve Aksesuar › Çanta › Bel Çantası,renk,false,1,attributesHash sorted option ids,generic plan — refine per leaf in FAZ A
Moda › Çanta ve Aksesuar › Çanta › Laptop Çantası,renk,false,1,attributesHash sorted option ids,generic plan — refine per leaf in FAZ A
Moda › Çanta ve Aksesuar › Çanta › Valiz,renk,false,1,attributesHash sorted option ids,generic plan — refine per leaf in FAZ A
Moda › Çanta ve Aksesuar › Çanta › Cüzdan,renk,false,1,attributesHash sorted option ids,generic plan — refine per leaf in FAZ A
Moda › Çanta ve Aksesuar › Çanta › Kartlık,renk,false,1,attributesHash sorted option ids,generic plan — refine per leaf in FAZ A
Moda › Çanta ve Aksesuar › Aksesuar › Kemer,renk,false,1,attributesHash sorted option ids,generic plan — refine per leaf in FAZ A
Moda › Çanta ve Aksesuar › Aksesuar › Şapka,renk,false,1,attributesHash sorted option ids,generic plan — refine per leaf in FAZ A
Moda › Çanta ve Aksesuar › Aksesuar › Bere,renk,false,1,attributesHash sorted option ids,generic plan — refine per leaf in FAZ A
Moda › Çanta ve Aksesuar › Aksesuar › Atkı,renk,false,1,attributesHash sorted option ids,generic plan — refine per leaf in FAZ A
Moda › Çanta ve Aksesuar › Aksesuar › Eldiven,renk,false,1,attributesHash sorted option ids,generic plan — refine per leaf in FAZ A
Moda › Çanta ve Aksesuar › Aksesuar › Güneş Gözlüğü,renk,false,1,attributesHash sorted option ids,generic plan — refine per leaf in FAZ A
Moda › Çanta ve Aksesuar › Aksesuar › Şemsiye,renk,false,1,attributesHash sorted option ids,generic plan — refine per leaf in FAZ A
Moda › Çanta ve Aksesuar › Takı › Kolye,renk,false,1,attributesHash sorted option ids,generic plan — refine per leaf in FAZ A
Moda › Çanta ve Aksesuar › Takı › Bileklik,renk,false,1,attributesHash sorted option ids,generic plan — refine per leaf in FAZ A
Moda › Çanta ve Aksesuar › Takı › Küpe,renk,false,1,attributesHash sorted option ids,generic plan — refine per leaf in FAZ A
Moda › Çanta ve Aksesuar › Takı › Yüzük,renk,false,1,attributesHash sorted option ids,generic plan — refine per leaf in FAZ A
Moda › Çanta ve Aksesuar › Takı › Halhal,renk,false,1,attributesHash sorted option ids,generic plan — refine per leaf in FAZ A
Moda › Çanta ve Aksesuar › Takı › Broş,renk,false,1,attributesHash sorted option ids,generic plan — refine per leaf in FAZ A
"Anne, Bebek ve Çocuk › Bebek Arabası ve Taşıma › Bebek Arabası › Travel Sistem Bebek Arabası",renk,false,1,attributesHash sorted option ids,generic plan — refine per leaf in FAZ A
"Anne, Bebek ve Çocuk › Bebek Arabası ve Taşıma › Bebek Arabası › Baston Bebek Arabası",renk,false,1,attributesHash sorted option ids,generic plan — refine per leaf in FAZ A
"Anne, Bebek ve Çocuk › Bebek Arabası ve Taşıma › Bebek Arabası › İkiz Bebek Arabası",renk,false,1,attributesHash sorted option ids,generic plan — refine per leaf in FAZ A
"Anne, Bebek ve Çocuk › Bebek Arabası ve Taşıma › Bebek Arabası › Jogger Bebek Arabası",renk,false,1,attributesHash sorted option ids,generic plan — refine per leaf in FAZ A
"Anne, Bebek ve Çocuk › Bebek Arabası ve Taşıma › Taşıma › Ana Kucağı",renk,false,1,attributesHash sorted option ids,generic plan — refine per leaf in FAZ A
"Anne, Bebek ve Çocuk › Bebek Arabası ve Taşıma › Taşıma › Puset",renk,false,1,attributesHash sorted option ids,generic plan — refine per leaf in FAZ A
"Anne, Bebek ve Çocuk › Bebek Arabası ve Taşıma › Taşıma › Kanguru",renk,false,1,attributesHash sorted option ids,generic plan — refine per leaf in FAZ A
"Anne, Bebek ve Çocuk › Bebek Arabası ve Taşıma › Taşıma › Sling",renk,false,1,attributesHash sorted option ids,generic plan — refine per leaf in FAZ A
"Anne, Bebek ve Çocuk › Bebek Arabası ve Taşıma › Taşıma › Portbebe",renk,false,1,attributesHash sorted option ids,generic plan — refine per leaf in FAZ A
"Anne, Bebek ve Çocuk › Bebek Odası › Mobilya › Bebek Beşiği",renk,false,1,attributesHash sorted option ids,generic plan — refine per leaf in FAZ A
"Anne, Bebek ve Çocuk › Bebek Odası › Mobilya › Bebek Karyolası",renk,false,1,attributesHash sorted option ids,generic plan — refine per leaf in FAZ A
"Anne, Bebek ve Çocuk › Bebek Odası › Mobilya › Bebek Yatağı",renk,false,1,attributesHash sorted option ids,generic plan — refine per leaf in FAZ A
"Anne, Bebek ve Çocuk › Bebek Odası › Mobilya › Alt Açma Ünitesi",renk,false,1,attributesHash sorted option ids,generic plan — refine per leaf in FAZ A
"Anne, Bebek ve Çocuk › Bebek Odası › Mobilya › Bebek Dolabı",renk,false,1,attributesHash sorted option ids,generic plan — refine per leaf in FAZ A
"Anne, Bebek ve Çocuk › Bebek Odası › Tekstil › Bebek Nevresimi",renk,false,1,attributesHash sorted option ids,generic plan — refine per leaf in FAZ A
"Anne, Bebek ve Çocuk › Bebek Odası › Tekstil › Uyku Tulumu",renk,false,1,attributesHash sorted option ids,generic plan — refine per leaf in FAZ A
"Anne, Bebek ve Çocuk › Bebek Odası › Tekstil › Bebek Battaniyesi",renk,false,1,attributesHash sorted option ids,generic plan — refine per leaf in FAZ A
"Anne, Bebek ve Çocuk › Bebek Odası › Tekstil › Bebek Yastığı",renk,false,1,attributesHash sorted option ids,generic plan — refine per leaf in FAZ A
"Anne, Bebek ve Çocuk › Bebek Odası › Tekstil › Cibinlik",renk,false,1,attributesHash sorted option ids,generic plan — refine per leaf in FAZ A
"Anne, Bebek ve Çocuk › Beslenme › Emzirme › Göğüs Pompası",renk,false,1,attributesHash sorted option ids,generic plan — refine per leaf in FAZ A
"Anne, Bebek ve Çocuk › Beslenme › Emzirme › Emzirme Yastığı",renk,false,1,attributesHash sorted option ids,generic plan — refine per leaf in FAZ A
"Anne, Bebek ve Çocuk › Beslenme › Emzirme › Süt Saklama Poşeti",renk,false,1,attributesHash sorted option ids,generic plan — refine per leaf in FAZ A
"Anne, Bebek ve Çocuk › Beslenme › Emzirme › Göğüs Pedi",renk,false,1,attributesHash sorted option ids,generic plan — refine per leaf in FAZ A
"Anne, Bebek ve Çocuk › Beslenme › Biberon ve Mama › Biberon",renk,false,1,attributesHash sorted option ids,generic plan — refine per leaf in FAZ A
"Anne, Bebek ve Çocuk › Beslenme › Biberon ve Mama › Emzik",renk,false,1,attributesHash sorted option ids,generic plan — refine per leaf in FAZ A
"Anne, Bebek ve Çocuk › Beslenme › Biberon ve Mama › Biberon Isıtıcı",renk,false,1,attributesHash sorted option ids,generic plan — refine per leaf in FAZ A
"Anne, Bebek ve Çocuk › Beslenme › Biberon ve Mama › Sterilizatör",renk,false,1,attributesHash sorted option ids,generic plan — refine per leaf in FAZ A
"Anne, Bebek ve Çocuk › Beslenme › Biberon ve Mama › Mama Sandalyesi",renk,false,1,attributesHash sorted option ids,generic plan — refine per leaf in FAZ A
"Anne, Bebek ve Çocuk › Beslenme › Biberon ve Mama › Mama Seti",renk,false,1,attributesHash sorted option ids,generic plan — refine per leaf in FAZ A
"Anne, Bebek ve Çocuk › Bakım ve Güvenlik › Bakım › Bebek Bezi",renk,false,1,attributesHash sorted option ids,generic plan — refine per leaf in FAZ A
"Anne, Bebek ve Çocuk › Bakım ve Güvenlik › Bakım › Islak Mendil",renk,false,1,attributesHash sorted option ids,generic plan — refine per leaf in FAZ A
"Anne, Bebek ve Çocuk › Bakım ve Güvenlik › Bakım › Bebek Şampuanı",renk,false,1,attributesHash sorted option ids,generic plan — refine per leaf in FAZ A
"Anne, Bebek ve Çocuk › Bakım ve Güvenlik › Bakım › Bebek Yağı",renk,false,1,attributesHash sorted option ids,generic plan — refine per leaf in FAZ A
"Anne, Bebek ve Çocuk › Bakım ve Güvenlik › Bakım › Pişik Kremi",renk,false,1,attributesHash sorted option ids,generic plan — refine per leaf in FAZ A
"Anne, Bebek ve Çocuk › Bakım ve Güvenlik › Bakım › Bebek Küveti",renk,false,1,attributesHash sorted option ids,generic plan — refine per leaf in FAZ A
"Anne, Bebek ve Çocuk › Bakım ve Güvenlik › Güvenlik › Bebek Kamerası",renk,false,1,attributesHash sorted option ids,generic plan — refine per leaf in FAZ A
"Anne, Bebek ve Çocuk › Bakım ve Güvenlik › Güvenlik › Telsiz",renk,false,1,attributesHash sorted option ids,generic plan — refine per leaf in FAZ A
"Anne, Bebek ve Çocuk › Bakım ve Güvenlik › Güvenlik › Güvenlik Kapısı",renk,false,1,attributesHash sorted option ids,generic plan — refine per leaf in FAZ A
"Anne, Bebek ve Çocuk › Bakım ve Güvenlik › Güvenlik › Priz Koruyucu",renk,false,1,attributesHash sorted option ids,generic plan — refine per leaf in FAZ A
"Anne, Bebek ve Çocuk › Bakım ve Güvenlik › Güvenlik › Köşe Koruyucu",renk,false,1,attributesHash sorted option ids,generic plan — refine per leaf in FAZ A
"Anne, Bebek ve Çocuk › Çocuk Giyim › Kız Çocuk › Tişört",renk,false,1,attributesHash sorted option ids,generic plan — refine per leaf in FAZ A
"Anne, Bebek ve Çocuk › Çocuk Giyim › Kız Çocuk › Elbise",renk,false,1,attributesHash sorted option ids,generic plan — refine per leaf in FAZ A
"Anne, Bebek ve Çocuk › Çocuk Giyim › Kız Çocuk › Pantolon",renk,false,1,attributesHash sorted option ids,generic plan — refine per leaf in FAZ A
"Anne, Bebek ve Çocuk › Çocuk Giyim › Kız Çocuk › Etek",renk,false,1,attributesHash sorted option ids,generic plan — refine per leaf in FAZ A
"Anne, Bebek ve Çocuk › Çocuk Giyim › Kız Çocuk › Mont",renk,false,1,attributesHash sorted option ids,generic plan — refine per leaf in FAZ A
"Anne, Bebek ve Çocuk › Çocuk Giyim › Kız Çocuk › Pijama",renk,false,1,attributesHash sorted option ids,generic plan — refine per leaf in FAZ A
"Anne, Bebek ve Çocuk › Çocuk Giyim › Kız Çocuk › İç Giyim",renk,false,1,attributesHash sorted option ids,generic plan — refine per leaf in FAZ A
"Anne, Bebek ve Çocuk › Çocuk Giyim › Erkek Çocuk › Tişört",renk,false,1,attributesHash sorted option ids,generic plan — refine per leaf in FAZ A
"Anne, Bebek ve Çocuk › Çocuk Giyim › Erkek Çocuk › Gömlek",renk,false,1,attributesHash sorted option ids,generic plan — refine per leaf in FAZ A
"Anne, Bebek ve Çocuk › Çocuk Giyim › Erkek Çocuk › Pantolon",renk,false,1,attributesHash sorted option ids,generic plan — refine per leaf in FAZ A
"Anne, Bebek ve Çocuk › Çocuk Giyim › Erkek Çocuk › Şort",renk,false,1,attributesHash sorted option ids,generic plan — refine per leaf in FAZ A
"Anne, Bebek ve Çocuk › Çocuk Giyim › Erkek Çocuk › Mont",renk,false,1,attributesHash sorted option ids,generic plan — refine per leaf in FAZ A
"Anne, Bebek ve Çocuk › Çocuk Giyim › Erkek Çocuk › Pijama",renk,false,1,attributesHash sorted option ids,generic plan — refine per leaf in FAZ A
"Anne, Bebek ve Çocuk › Çocuk Giyim › Erkek Çocuk › İç Giyim",renk,false,1,attributesHash sorted option ids,generic plan — refine per leaf in FAZ A
"Anne, Bebek ve Çocuk › Çocuk Giyim › Bebek Giyim › Body",renk,false,1,attributesHash sorted option ids,generic plan — refine per leaf in FAZ A
"Anne, Bebek ve Çocuk › Çocuk Giyim › Bebek Giyim › Zıbın",renk,false,1,attributesHash sorted option ids,generic plan — refine per leaf in FAZ A
"Anne, Bebek ve Çocuk › Çocuk Giyim › Bebek Giyim › Tulum",renk,false,1,attributesHash sorted option ids,generic plan — refine per leaf in FAZ A
"Anne, Bebek ve Çocuk › Çocuk Giyim › Bebek Giyim › Hastane Çıkışı",renk,false,1,attributesHash sorted option ids,generic plan — refine per leaf in FAZ A
"Anne, Bebek ve Çocuk › Çocuk Giyim › Bebek Giyim › Bebek Takımı",renk,false,1,attributesHash sorted option ids,generic plan — refine per leaf in FAZ A
"Anne, Bebek ve Çocuk › Çocuk Giyim › Bebek Giyim › Bebek Çorabı",renk,false,1,attributesHash sorted option ids,generic plan — refine per leaf in FAZ A
"Anne, Bebek ve Çocuk › Oyuncak › Eğitici Oyuncak › Ahşap Oyuncak",renk,false,1,attributesHash sorted option ids,generic plan — refine per leaf in FAZ A
"Anne, Bebek ve Çocuk › Oyuncak › Eğitici Oyuncak › STEM Oyuncak",renk,false,1,attributesHash sorted option ids,generic plan — refine per leaf in FAZ A
"Anne, Bebek ve Çocuk › Oyuncak › Eğitici Oyuncak › Aktivite Oyuncağı",renk,false,1,attributesHash sorted option ids,generic plan — refine per leaf in FAZ A
"Anne, Bebek ve Çocuk › Oyuncak › Eğitici Oyuncak › Montessori Oyuncak",renk,false,1,attributesHash sorted option ids,generic plan — refine per leaf in FAZ A
"Anne, Bebek ve Çocuk › Oyuncak › Rol Oyunları › Oyuncak Mutfak",renk,false,1,attributesHash sorted option ids,generic plan — refine per leaf in FAZ A
"Anne, Bebek ve Çocuk › Oyuncak › Rol Oyunları › Doktor Seti",renk,false,1,attributesHash sorted option ids,generic plan — refine per leaf in FAZ A
"Anne, Bebek ve Çocuk › Oyuncak › Rol Oyunları › Tamir Seti",renk,false,1,attributesHash sorted option ids,generic plan — refine per leaf in FAZ A
"Anne, Bebek ve Çocuk › Oyuncak › Rol Oyunları › Bebek ve Aksesuarı",renk,false,1,attributesHash sorted option ids,generic plan — refine per leaf in FAZ A
"Anne, Bebek ve Çocuk › Oyuncak › Araç ve Figür › Oyuncak Araba",renk,false,1,attributesHash sorted option ids,generic plan — refine per leaf in FAZ A
"Anne, Bebek ve Çocuk › Oyuncak › Araç ve Figür › Uzaktan Kumandalı Araç",renk,false,1,attributesHash sorted option ids,generic plan — refine per leaf in FAZ A
"Anne, Bebek ve Çocuk › Oyuncak › Araç ve Figür › Aksiyon Figürü",renk,false,1,attributesHash sorted option ids,generic plan — refine per leaf in FAZ A
"Anne, Bebek ve Çocuk › Oyuncak › Araç ve Figür › Oyun Seti",renk,false,1,attributesHash sorted option ids,generic plan — refine per leaf in FAZ A
"Anne, Bebek ve Çocuk › Oyuncak › Açık Hava › Scooter",renk,false,1,attributesHash sorted option ids,generic plan — refine per leaf in FAZ A
"Anne, Bebek ve Çocuk › Oyuncak › Açık Hava › Akülü Araba",renk,false,1,attributesHash sorted option ids,generic plan — refine per leaf in FAZ A
"Anne, Bebek ve Çocuk › Oyuncak › Açık Hava › Çocuk Bisikleti",renk,false,7,attributesHash sorted option ids,DB leaf currently missing attrs
"Anne, Bebek ve Çocuk › Oyuncak › Açık Hava › Trambolin",renk,false,1,attributesHash sorted option ids,generic plan — refine per leaf in FAZ A
"Anne, Bebek ve Çocuk › Oyuncak › Açık Hava › Şişme Havuz",renk,false,1,attributesHash sorted option ids,generic plan — refine per leaf in FAZ A
Kozmetik ve Kişisel Bakım › Cilt Bakımı › Yüz Bakımı › Yüz Temizleme Jeli,renk,false,1,attributesHash sorted option ids,generic plan — refine per leaf in FAZ A
Kozmetik ve Kişisel Bakım › Cilt Bakımı › Yüz Bakımı › Tonik,renk,false,1,attributesHash sorted option ids,generic plan — refine per leaf in FAZ A
Kozmetik ve Kişisel Bakım › Cilt Bakımı › Yüz Bakımı › Serum,renk,false,1,attributesHash sorted option ids,generic plan — refine per leaf in FAZ A
Kozmetik ve Kişisel Bakım › Cilt Bakımı › Yüz Bakımı › Nemlendirici,renk,false,1,attributesHash sorted option ids,generic plan — refine per leaf in FAZ A
Kozmetik ve Kişisel Bakım › Cilt Bakımı › Yüz Bakımı › Göz Kremi,renk,false,1,attributesHash sorted option ids,generic plan — refine per leaf in FAZ A
Kozmetik ve Kişisel Bakım › Cilt Bakımı › Yüz Bakımı › Peeling,renk,false,1,attributesHash sorted option ids,generic plan — refine per leaf in FAZ A
Kozmetik ve Kişisel Bakım › Cilt Bakımı › Yüz Bakımı › Yüz Maskesi,renk,false,1,attributesHash sorted option ids,generic plan — refine per leaf in FAZ A
Kozmetik ve Kişisel Bakım › Cilt Bakımı › Yüz Bakımı › Güneş Kremi,renk,false,1,attributesHash sorted option ids,generic plan — refine per leaf in FAZ A
Kozmetik ve Kişisel Bakım › Cilt Bakımı › Vücut Bakımı › Vücut Losyonu,renk,false,1,attributesHash sorted option ids,generic plan — refine per leaf in FAZ A
Kozmetik ve Kişisel Bakım › Cilt Bakımı › Vücut Bakımı › Vücut Peelingi,renk,false,1,attributesHash sorted option ids,generic plan — refine per leaf in FAZ A
Kozmetik ve Kişisel Bakım › Cilt Bakımı › Vücut Bakımı › El Kremi,renk,false,1,attributesHash sorted option ids,generic plan — refine per leaf in FAZ A
Kozmetik ve Kişisel Bakım › Cilt Bakımı › Vücut Bakımı › Ayak Bakımı,renk,false,1,attributesHash sorted option ids,generic plan — refine per leaf in FAZ A
Kozmetik ve Kişisel Bakım › Cilt Bakımı › Vücut Bakımı › Selülit Ürünü,renk,false,1,attributesHash sorted option ids,generic plan — refine per leaf in FAZ A
Kozmetik ve Kişisel Bakım › Saç Bakımı › Saç Ürünleri › Şampuan,renk,false,1,attributesHash sorted option ids,generic plan — refine per leaf in FAZ A
Kozmetik ve Kişisel Bakım › Saç Bakımı › Saç Ürünleri › Saç Kremi,renk,false,1,attributesHash sorted option ids,generic plan — refine per leaf in FAZ A
Kozmetik ve Kişisel Bakım › Saç Bakımı › Saç Ürünleri › Saç Maskesi,renk,false,1,attributesHash sorted option ids,generic plan — refine per leaf in FAZ A
Kozmetik ve Kişisel Bakım › Saç Bakımı › Saç Ürünleri › Saç Serumu,renk,false,1,attributesHash sorted option ids,generic plan — refine per leaf in FAZ A
Kozmetik ve Kişisel Bakım › Saç Bakımı › Saç Ürünleri › Saç Yağı,renk,false,1,attributesHash sorted option ids,generic plan — refine per leaf in FAZ A
Kozmetik ve Kişisel Bakım › Saç Bakımı › Saç Ürünleri › Saç Boyası,renk,false,1,attributesHash sorted option ids,generic plan — refine per leaf in FAZ A
Kozmetik ve Kişisel Bakım › Saç Bakımı › Saç Ürünleri › Şekillendirici,renk,false,1,attributesHash sorted option ids,generic plan — refine per leaf in FAZ A
Kozmetik ve Kişisel Bakım › Saç Bakımı › Saç Şekillendirme Cihazları › Saç Kurutma Makinesi,renk,false,1,attributesHash sorted option ids,generic plan — refine per leaf in FAZ A
Kozmetik ve Kişisel Bakım › Saç Bakımı › Saç Şekillendirme Cihazları › Saç Düzleştirici,renk,false,1,attributesHash sorted option ids,generic plan — refine per leaf in FAZ A
Kozmetik ve Kişisel Bakım › Saç Bakımı › Saç Şekillendirme Cihazları › Saç Maşası,renk,false,1,attributesHash sorted option ids,generic plan — refine per leaf in FAZ A
Kozmetik ve Kişisel Bakım › Saç Bakımı › Saç Şekillendirme Cihazları › Saç Şekillendirme Seti,renk,false,1,attributesHash sorted option ids,generic plan — refine per leaf in FAZ A
Kozmetik ve Kişisel Bakım › Saç Bakımı › Saç Şekillendirme Cihazları › Elektrikli Saç Fırçası,renk,false,1,attributesHash sorted option ids,generic plan — refine per leaf in FAZ A
Kozmetik ve Kişisel Bakım › Makyaj › Ten Makyajı › Fondöten,renk,false,1,attributesHash sorted option ids,generic plan — refine per leaf in FAZ A
Kozmetik ve Kişisel Bakım › Makyaj › Ten Makyajı › BB-CC Krem,renk,false,1,attributesHash sorted option ids,generic plan — refine per leaf in FAZ A
Kozmetik ve Kişisel Bakım › Makyaj › Ten Makyajı › Kapatıcı,renk,false,1,attributesHash sorted option ids,generic plan — refine per leaf in FAZ A
Kozmetik ve Kişisel Bakım › Makyaj › Ten Makyajı › Pudra,renk,false,1,attributesHash sorted option ids,generic plan — refine per leaf in FAZ A
Kozmetik ve Kişisel Bakım › Makyaj › Ten Makyajı › Allık,renk,false,1,attributesHash sorted option ids,generic plan — refine per leaf in FAZ A
Kozmetik ve Kişisel Bakım › Makyaj › Ten Makyajı › Bronzer,renk,false,1,attributesHash sorted option ids,generic plan — refine per leaf in FAZ A
Kozmetik ve Kişisel Bakım › Makyaj › Ten Makyajı › Aydınlatıcı,renk,false,1,attributesHash sorted option ids,generic plan — refine per leaf in FAZ A
Kozmetik ve Kişisel Bakım › Makyaj › Göz Makyajı › Maskara,renk,false,1,attributesHash sorted option ids,generic plan — refine per leaf in FAZ A
Kozmetik ve Kişisel Bakım › Makyaj › Göz Makyajı › Eyeliner,renk,false,1,attributesHash sorted option ids,generic plan — refine per leaf in FAZ A
Kozmetik ve Kişisel Bakım › Makyaj › Göz Makyajı › Göz Kalemi,renk,false,1,attributesHash sorted option ids,generic plan — refine per leaf in FAZ A
Kozmetik ve Kişisel Bakım › Makyaj › Göz Makyajı › Far,renk,false,1,attributesHash sorted option ids,generic plan — refine per leaf in FAZ A
Kozmetik ve Kişisel Bakım › Makyaj › Göz Makyajı › Kaş Ürünü,renk,false,1,attributesHash sorted option ids,generic plan — refine per leaf in FAZ A
Kozmetik ve Kişisel Bakım › Makyaj › Göz Makyajı › Takma Kirpik,renk,false,1,attributesHash sorted option ids,generic plan — refine per leaf in FAZ A
Kozmetik ve Kişisel Bakım › Makyaj › Dudak › Ruj,renk,false,1,attributesHash sorted option ids,generic plan — refine per leaf in FAZ A
Kozmetik ve Kişisel Bakım › Makyaj › Dudak › Dudak Parlatıcısı,renk,false,1,attributesHash sorted option ids,generic plan — refine per leaf in FAZ A
Kozmetik ve Kişisel Bakım › Makyaj › Dudak › Dudak Kalemi,renk,false,1,attributesHash sorted option ids,generic plan — refine per leaf in FAZ A
Kozmetik ve Kişisel Bakım › Makyaj › Dudak › Dudak Balmı,renk,false,1,attributesHash sorted option ids,generic plan — refine per leaf in FAZ A
Kozmetik ve Kişisel Bakım › Makyaj › Makyaj Aksesuarı › Makyaj Fırçası,renk,false,1,attributesHash sorted option ids,generic plan — refine per leaf in FAZ A
Kozmetik ve Kişisel Bakım › Makyaj › Makyaj Aksesuarı › Makyaj Süngeri,renk,false,1,attributesHash sorted option ids,generic plan — refine per leaf in FAZ A
Kozmetik ve Kişisel Bakım › Makyaj › Makyaj Aksesuarı › Makyaj Aynası,renk,false,1,attributesHash sorted option ids,generic plan — refine per leaf in FAZ A
Kozmetik ve Kişisel Bakım › Makyaj › Makyaj Aksesuarı › Makyaj Çantası,renk,false,1,attributesHash sorted option ids,generic plan — refine per leaf in FAZ A
Kozmetik ve Kişisel Bakım › Parfüm ve Deodorant › Parfüm › Kadın Parfümü,renk,false,1,attributesHash sorted option ids,generic plan — refine per leaf in FAZ A
Kozmetik ve Kişisel Bakım › Parfüm ve Deodorant › Parfüm › Erkek Parfümü,renk,false,1,attributesHash sorted option ids,generic plan — refine per leaf in FAZ A
Kozmetik ve Kişisel Bakım › Parfüm ve Deodorant › Parfüm › Unisex Parfüm,renk,false,1,attributesHash sorted option ids,generic plan — refine per leaf in FAZ A
Kozmetik ve Kişisel Bakım › Parfüm ve Deodorant › Parfüm › Çocuk Parfümü,renk,false,1,attributesHash sorted option ids,generic plan — refine per leaf in FAZ A
Kozmetik ve Kişisel Bakım › Parfüm ve Deodorant › Parfüm › Vücut Spreyi,renk,false,1,attributesHash sorted option ids,generic plan — refine per leaf in FAZ A
Kozmetik ve Kişisel Bakım › Parfüm ve Deodorant › Deodorant › Roll-On,renk,false,1,attributesHash sorted option ids,generic plan — refine per leaf in FAZ A
Kozmetik ve Kişisel Bakım › Parfüm ve Deodorant › Deodorant › Sprey Deodorant,renk,false,1,attributesHash sorted option ids,generic plan — refine per leaf in FAZ A
Kozmetik ve Kişisel Bakım › Parfüm ve Deodorant › Deodorant › Stick Deodorant,renk,false,1,attributesHash sorted option ids,generic plan — refine per leaf in FAZ A
Kozmetik ve Kişisel Bakım › Kişisel Bakım Cihazları › Tıraş › Tıraş Makinesi,renk,false,1,attributesHash sorted option ids,generic plan — refine per leaf in FAZ A
Kozmetik ve Kişisel Bakım › Kişisel Bakım Cihazları › Tıraş › Sakal Şekillendirici,renk,false,1,attributesHash sorted option ids,generic plan — refine per leaf in FAZ A
Kozmetik ve Kişisel Bakım › Kişisel Bakım Cihazları › Tıraş › Burun-Kulak Kılı Kesici,renk,false,1,attributesHash sorted option ids,generic plan — refine per leaf in FAZ A
Kozmetik ve Kişisel Bakım › Kişisel Bakım Cihazları › Tıraş › Tıraş Bıçağı,renk,false,1,attributesHash sorted option ids,generic plan — refine per leaf in FAZ A
Kozmetik ve Kişisel Bakım › Kişisel Bakım Cihazları › Ağız Bakımı › Elektrikli Diş Fırçası,renk,false,1,attributesHash sorted option ids,generic plan — refine per leaf in FAZ A
Kozmetik ve Kişisel Bakım › Kişisel Bakım Cihazları › Ağız Bakımı › Ağız Duşu,renk,false,1,attributesHash sorted option ids,generic plan — refine per leaf in FAZ A
Kozmetik ve Kişisel Bakım › Kişisel Bakım Cihazları › Ağız Bakımı › Diş Beyazlatma Cihazı,renk,false,1,attributesHash sorted option ids,generic plan — refine per leaf in FAZ A
Kozmetik ve Kişisel Bakım › Kişisel Bakım Cihazları › Epilasyon › Epilatör,renk,false,1,attributesHash sorted option ids,generic plan — refine per leaf in FAZ A
Kozmetik ve Kişisel Bakım › Kişisel Bakım Cihazları › Epilasyon › IPL Lazer Epilasyon,renk,false,1,attributesHash sorted option ids,generic plan — refine per leaf in FAZ A
Kozmetik ve Kişisel Bakım › Kişisel Bakım Cihazları › Epilasyon › Kadın Tıraş Makinesi,renk,false,1,attributesHash sorted option ids,generic plan — refine per leaf in FAZ A
Kozmetik ve Kişisel Bakım › Kişisel Bakım Cihazları › Masaj ve Sağlık › Masaj Aleti,renk,false,1,attributesHash sorted option ids,generic plan — refine per leaf in FAZ A
Kozmetik ve Kişisel Bakım › Kişisel Bakım Cihazları › Masaj ve Sağlık › Tartı,renk,false,1,attributesHash sorted option ids,generic plan — refine per leaf in FAZ A
Kozmetik ve Kişisel Bakım › Kişisel Bakım Cihazları › Masaj ve Sağlık › Tansiyon Aleti,renk,false,1,attributesHash sorted option ids,generic plan — refine per leaf in FAZ A
Kozmetik ve Kişisel Bakım › Kişisel Bakım Cihazları › Masaj ve Sağlık › Ateş Ölçer,renk,false,1,attributesHash sorted option ids,generic plan — refine per leaf in FAZ A
Kozmetik ve Kişisel Bakım › Kişisel Bakım Cihazları › Masaj ve Sağlık › Nebulizatör,renk,false,1,attributesHash sorted option ids,generic plan — refine per leaf in FAZ A
Spor ve Outdoor › Fitness › Kardiyo › Koşu Bandı,renk,false,1,attributesHash sorted option ids,generic plan — refine per leaf in FAZ A
Spor ve Outdoor › Fitness › Kardiyo › Eliptik Bisiklet,renk,false,7,attributesHash sorted option ids,DB leaf currently missing attrs
Spor ve Outdoor › Fitness › Kardiyo › Kondisyon Bisikleti,renk,false,7,attributesHash sorted option ids,DB leaf currently missing attrs
Spor ve Outdoor › Fitness › Kardiyo › Kürek Aleti,renk,false,1,attributesHash sorted option ids,generic plan — refine per leaf in FAZ A
Spor ve Outdoor › Fitness › Kardiyo › Stepper,renk,false,1,attributesHash sorted option ids,generic plan — refine per leaf in FAZ A
Spor ve Outdoor › Fitness › Ağırlık › Dambıl,renk,false,1,attributesHash sorted option ids,generic plan — refine per leaf in FAZ A
Spor ve Outdoor › Fitness › Ağırlık › Halter,renk,false,1,attributesHash sorted option ids,generic plan — refine per leaf in FAZ A
Spor ve Outdoor › Fitness › Ağırlık › Ağırlık Seti,renk,false,1,attributesHash sorted option ids,generic plan — refine per leaf in FAZ A
Spor ve Outdoor › Fitness › Ağırlık › Bench Sehpası,renk,false,1,attributesHash sorted option ids,generic plan — refine per leaf in FAZ A
Spor ve Outdoor › Fitness › Ağırlık › Kettlebell,renk,false,1,attributesHash sorted option ids,generic plan — refine per leaf in FAZ A
Spor ve Outdoor › Fitness › Ağırlık › Direnç Lastiği,renk,false,1,attributesHash sorted option ids,generic plan — refine per leaf in FAZ A
Spor ve Outdoor › Fitness › Yoga ve Pilates › Yoga Matı,renk,false,1,attributesHash sorted option ids,generic plan — refine per leaf in FAZ A
Spor ve Outdoor › Fitness › Yoga ve Pilates › Pilates Topu,renk,false,1,attributesHash sorted option ids,generic plan — refine per leaf in FAZ A
Spor ve Outdoor › Fitness › Yoga ve Pilates › Pilates Çemberi,renk,false,1,attributesHash sorted option ids,generic plan — refine per leaf in FAZ A
Spor ve Outdoor › Fitness › Yoga ve Pilates › Yoga Bloğu,renk,false,1,attributesHash sorted option ids,generic plan — refine per leaf in FAZ A
Spor ve Outdoor › Fitness › Yoga ve Pilates › Foam Roller,renk,false,1,attributesHash sorted option ids,generic plan — refine per leaf in FAZ A
Spor ve Outdoor › Takım Sporları › Futbol › Futbol Topu,renk,false,1,attributesHash sorted option ids,generic plan — refine per leaf in FAZ A
Spor ve Outdoor › Takım Sporları › Futbol › Krampon,renk,false,1,attributesHash sorted option ids,generic plan — refine per leaf in FAZ A
Spor ve Outdoor › Takım Sporları › Futbol › Kaleci Eldiveni,renk,false,1,attributesHash sorted option ids,generic plan — refine per leaf in FAZ A
Spor ve Outdoor › Takım Sporları › Futbol › Futbol Kalesi,renk,false,1,attributesHash sorted option ids,generic plan — refine per leaf in FAZ A
Spor ve Outdoor › Takım Sporları › Futbol › Antrenman Ekipmanı,renk,false,1,attributesHash sorted option ids,generic plan — refine per leaf in FAZ A
Spor ve Outdoor › Takım Sporları › Basketbol › Basketbol Topu,renk,false,1,attributesHash sorted option ids,generic plan — refine per leaf in FAZ A
Spor ve Outdoor › Takım Sporları › Basketbol › Basketbol Potası,renk,false,1,attributesHash sorted option ids,generic plan — refine per leaf in FAZ A
Spor ve Outdoor › Takım Sporları › Basketbol › Basketbol Ayakkabısı,renk,false,1,attributesHash sorted option ids,generic plan — refine per leaf in FAZ A
Spor ve Outdoor › Takım Sporları › Voleybol › Voleybol Topu,renk,false,1,attributesHash sorted option ids,generic plan — refine per leaf in FAZ A
Spor ve Outdoor › Takım Sporları › Voleybol › Voleybol Filesi,renk,false,1,attributesHash sorted option ids,generic plan — refine per leaf in FAZ A
Spor ve Outdoor › Takım Sporları › Voleybol › Dizlik,renk,false,1,attributesHash sorted option ids,generic plan — refine per leaf in FAZ A
Spor ve Outdoor › Takım Sporları › Raket Sporları › Tenis Raketi,renk,false,1,attributesHash sorted option ids,generic plan — refine per leaf in FAZ A
Spor ve Outdoor › Takım Sporları › Raket Sporları › Tenis Topu,renk,false,1,attributesHash sorted option ids,generic plan — refine per leaf in FAZ A
Spor ve Outdoor › Takım Sporları › Raket Sporları › Masa Tenisi Raketi,renk,false,1,attributesHash sorted option ids,generic plan — refine per leaf in FAZ A
Spor ve Outdoor › Takım Sporları › Raket Sporları › Badminton Raketi,renk,false,1,attributesHash sorted option ids,generic plan — refine per leaf in FAZ A
Spor ve Outdoor › Takım Sporları › Raket Sporları › Padel Raketi,renk,false,1,attributesHash sorted option ids,generic plan — refine per leaf in FAZ A
Spor ve Outdoor › Outdoor ve Kamp › Kamp › Çadır,renk,false,1,attributesHash sorted option ids,generic plan — refine per leaf in FAZ A
Spor ve Outdoor › Outdoor ve Kamp › Kamp › Uyku Tulumu,renk,false,1,attributesHash sorted option ids,generic plan — refine per leaf in FAZ A
Spor ve Outdoor › Outdoor ve Kamp › Kamp › Kamp Matı,renk,false,1,attributesHash sorted option ids,generic plan — refine per leaf in FAZ A
Spor ve Outdoor › Outdoor ve Kamp › Kamp › Kamp Sandalyesi,renk,false,1,attributesHash sorted option ids,generic plan — refine per leaf in FAZ A
Spor ve Outdoor › Outdoor ve Kamp › Kamp › Kamp Masası,renk,false,1,attributesHash sorted option ids,generic plan — refine per leaf in FAZ A
Spor ve Outdoor › Outdoor ve Kamp › Kamp › Kamp Ocağı,renk,false,1,attributesHash sorted option ids,generic plan — refine per leaf in FAZ A
Spor ve Outdoor › Outdoor ve Kamp › Kamp › Kamp Lambası,renk,false,1,attributesHash sorted option ids,generic plan — refine per leaf in FAZ A
Spor ve Outdoor › Outdoor ve Kamp › Dağcılık › Dağcılık Çantası,renk,false,1,attributesHash sorted option ids,generic plan — refine per leaf in FAZ A
Spor ve Outdoor › Outdoor ve Kamp › Dağcılık › Trekking Baton,renk,false,1,attributesHash sorted option ids,generic plan — refine per leaf in FAZ A
Spor ve Outdoor › Outdoor ve Kamp › Dağcılık › Kask,renk,false,1,attributesHash sorted option ids,generic plan — refine per leaf in FAZ A
Spor ve Outdoor › Outdoor ve Kamp › Dağcılık › Karabina,renk,false,1,attributesHash sorted option ids,generic plan — refine per leaf in FAZ A
Spor ve Outdoor › Outdoor ve Kamp › Dağcılık › Tırmanış İpi,renk,false,1,attributesHash sorted option ids,generic plan — refine per leaf in FAZ A
Spor ve Outdoor › Outdoor ve Kamp › Dağcılık › Emniyet Kemeri,renk,false,1,attributesHash sorted option ids,generic plan — refine per leaf in FAZ A
Spor ve Outdoor › Outdoor ve Kamp › Outdoor Giyim › Outdoor Mont,renk,false,1,attributesHash sorted option ids,generic plan — refine per leaf in FAZ A
Spor ve Outdoor › Outdoor ve Kamp › Outdoor Giyim › Termal İçlik,renk,false,1,attributesHash sorted option ids,generic plan — refine per leaf in FAZ A
Spor ve Outdoor › Outdoor ve Kamp › Outdoor Giyim › Yağmurluk,renk,false,1,attributesHash sorted option ids,generic plan — refine per leaf in FAZ A
Spor ve Outdoor › Outdoor ve Kamp › Outdoor Giyim › Outdoor Pantolon,renk,false,1,attributesHash sorted option ids,generic plan — refine per leaf in FAZ A
Spor ve Outdoor › Outdoor ve Kamp › Outdoor Giyim › Trekking Ayakkabısı,renk,false,1,attributesHash sorted option ids,generic plan — refine per leaf in FAZ A
Spor ve Outdoor › Outdoor ve Kamp › Su Sporları › Şişme Bot,renk,false,1,attributesHash sorted option ids,generic plan — refine per leaf in FAZ A
Spor ve Outdoor › Outdoor ve Kamp › Su Sporları › Kano,renk,false,1,attributesHash sorted option ids,generic plan — refine per leaf in FAZ A
Spor ve Outdoor › Outdoor ve Kamp › Su Sporları › SUP Board,renk,false,1,attributesHash sorted option ids,generic plan — refine per leaf in FAZ A
Spor ve Outdoor › Outdoor ve Kamp › Su Sporları › Dalış Maskesi,renk,false,1,attributesHash sorted option ids,generic plan — refine per leaf in FAZ A
Spor ve Outdoor › Outdoor ve Kamp › Su Sporları › Palet,renk,false,1,attributesHash sorted option ids,generic plan — refine per leaf in FAZ A
Spor ve Outdoor › Outdoor ve Kamp › Su Sporları › Can Yeleği,renk,false,1,attributesHash sorted option ids,generic plan — refine per leaf in FAZ A
Spor ve Outdoor › Bisiklet › Bisiklet Türleri › Dağ Bisikleti,renk,false,7,attributesHash sorted option ids,DB leaf currently missing attrs
Spor ve Outdoor › Bisiklet › Bisiklet Türleri › Şehir Bisikleti,renk,false,7,attributesHash sorted option ids,DB leaf currently missing attrs
Spor ve Outdoor › Bisiklet › Bisiklet Türleri › Yol Bisikleti,renk,false,7,attributesHash sorted option ids,DB leaf currently missing attrs
Spor ve Outdoor › Bisiklet › Bisiklet Türleri › Elektrikli Bisiklet,renk,false,7,attributesHash sorted option ids,DB leaf currently missing attrs
Spor ve Outdoor › Bisiklet › Bisiklet Türleri › Katlanır Bisiklet,renk,false,7,attributesHash sorted option ids,DB leaf currently missing attrs
Spor ve Outdoor › Bisiklet › Bisiklet Türleri › BMX,renk,false,1,attributesHash sorted option ids,generic plan — refine per leaf in FAZ A
Spor ve Outdoor › Bisiklet › Bisiklet Türleri › Çocuk Bisikleti,renk,false,7,attributesHash sorted option ids,DB leaf currently missing attrs
Spor ve Outdoor › Bisiklet › Bisiklet Parça ve Aksesuar › Bisiklet Kaskı,renk,false,1,attributesHash sorted option ids,generic plan — refine per leaf in FAZ A
Spor ve Outdoor › Bisiklet › Bisiklet Parça ve Aksesuar › Bisiklet Kilidi,renk,false,7,attributesHash sorted option ids,DB leaf currently missing attrs
Spor ve Outdoor › Bisiklet › Bisiklet Parça ve Aksesuar › Aydınlatma,renk,false,1,attributesHash sorted option ids,generic plan — refine per leaf in FAZ A
Spor ve Outdoor › Bisiklet › Bisiklet Parça ve Aksesuar › Pompa,renk,false,1,attributesHash sorted option ids,generic plan — refine per leaf in FAZ A
Spor ve Outdoor › Bisiklet › Bisiklet Parça ve Aksesuar › Sele,renk,false,1,attributesHash sorted option ids,generic plan — refine per leaf in FAZ A
Spor ve Outdoor › Bisiklet › Bisiklet Parça ve Aksesuar › Pedal,renk,false,1,attributesHash sorted option ids,generic plan — refine per leaf in FAZ A
Spor ve Outdoor › Bisiklet › Bisiklet Parça ve Aksesuar › Lastik,renk,false,1,attributesHash sorted option ids,generic plan — refine per leaf in FAZ A
Spor ve Outdoor › Bisiklet › Bisiklet Parça ve Aksesuar › İç Lastik,renk,false,1,attributesHash sorted option ids,generic plan — refine per leaf in FAZ A
Spor ve Outdoor › Bisiklet › Bisiklet Parça ve Aksesuar › Çanta ve Heybe,renk,false,1,attributesHash sorted option ids,generic plan — refine per leaf in FAZ A
Spor ve Outdoor › Bisiklet › Bisiklet Parça ve Aksesuar › Bisiklet Bilgisayarı,renk,false,7,attributesHash sorted option ids,DB leaf currently missing attrs
Hobi ve Oyun › Müzik Aletleri › Telli Çalgılar › Gitar,renk,false,1,attributesHash sorted option ids,generic plan — refine per leaf in FAZ A
Hobi ve Oyun › Müzik Aletleri › Telli Çalgılar › Elektro Gitar,renk,false,1,attributesHash sorted option ids,generic plan — refine per leaf in FAZ A
Hobi ve Oyun › Müzik Aletleri › Telli Çalgılar › Bas Gitar,renk,false,1,attributesHash sorted option ids,generic plan — refine per leaf in FAZ A
Hobi ve Oyun › Müzik Aletleri › Telli Çalgılar › Ukulele,renk,false,1,attributesHash sorted option ids,generic plan — refine per leaf in FAZ A
Hobi ve Oyun › Müzik Aletleri › Telli Çalgılar › Bağlama,renk,false,1,attributesHash sorted option ids,generic plan — refine per leaf in FAZ A
Hobi ve Oyun › Müzik Aletleri › Telli Çalgılar › Keman,renk,false,1,attributesHash sorted option ids,generic plan — refine per leaf in FAZ A
Hobi ve Oyun › Müzik Aletleri › Tuşlu Çalgılar › Dijital Piyano,renk,false,1,attributesHash sorted option ids,generic plan — refine per leaf in FAZ A
Hobi ve Oyun › Müzik Aletleri › Tuşlu Çalgılar › Org,renk,false,1,attributesHash sorted option ids,generic plan — refine per leaf in FAZ A
Hobi ve Oyun › Müzik Aletleri › Tuşlu Çalgılar › MIDI Klavye,renk,false,1,attributesHash sorted option ids,generic plan — refine per leaf in FAZ A
Hobi ve Oyun › Müzik Aletleri › Vurmalı Çalgılar › Davul,renk,false,1,attributesHash sorted option ids,generic plan — refine per leaf in FAZ A
Hobi ve Oyun › Müzik Aletleri › Vurmalı Çalgılar › Elektronik Davul,renk,false,1,attributesHash sorted option ids,generic plan — refine per leaf in FAZ A
Hobi ve Oyun › Müzik Aletleri › Vurmalı Çalgılar › Darbuka,renk,false,1,attributesHash sorted option ids,generic plan — refine per leaf in FAZ A
Hobi ve Oyun › Müzik Aletleri › Vurmalı Çalgılar › Cajon,renk,false,1,attributesHash sorted option ids,generic plan — refine per leaf in FAZ A
Hobi ve Oyun › Müzik Aletleri › Nefesli Çalgılar › Flüt,renk,false,1,attributesHash sorted option ids,generic plan — refine per leaf in FAZ A
Hobi ve Oyun › Müzik Aletleri › Nefesli Çalgılar › Klarnet,renk,false,1,attributesHash sorted option ids,generic plan — refine per leaf in FAZ A
Hobi ve Oyun › Müzik Aletleri › Nefesli Çalgılar › Saksafon,renk,false,1,attributesHash sorted option ids,generic plan — refine per leaf in FAZ A
Hobi ve Oyun › Müzik Aletleri › Nefesli Çalgılar › Trompet,renk,false,1,attributesHash sorted option ids,generic plan — refine per leaf in FAZ A
Hobi ve Oyun › Müzik Aletleri › Müzik Aksesuarları › Amfi,renk,false,1,attributesHash sorted option ids,generic plan — refine per leaf in FAZ A
Hobi ve Oyun › Müzik Aletleri › Müzik Aksesuarları › Mikrofon,renk,false,1,attributesHash sorted option ids,generic plan — refine per leaf in FAZ A
Hobi ve Oyun › Müzik Aletleri › Müzik Aksesuarları › Nota Sehpası,renk,false,1,attributesHash sorted option ids,generic plan — refine per leaf in FAZ A
Hobi ve Oyun › Müzik Aletleri › Müzik Aksesuarları › Kılıf,renk,false,1,attributesHash sorted option ids,generic plan — refine per leaf in FAZ A
Hobi ve Oyun › Müzik Aletleri › Müzik Aksesuarları › Tel ve Pena,renk,false,1,attributesHash sorted option ids,generic plan — refine per leaf in FAZ A
Hobi ve Oyun › Hobi Malzemeleri › Resim › Tuval,renk,false,1,attributesHash sorted option ids,generic plan — refine per leaf in FAZ A
Hobi ve Oyun › Hobi Malzemeleri › Resim › Akrilik Boya,renk,false,1,attributesHash sorted option ids,generic plan — refine per leaf in FAZ A
Hobi ve Oyun › Hobi Malzemeleri › Resim › Yağlı Boya,renk,false,1,attributesHash sorted option ids,generic plan — refine per leaf in FAZ A
Hobi ve Oyun › Hobi Malzemeleri › Resim › Suluboya,renk,false,1,attributesHash sorted option ids,generic plan — refine per leaf in FAZ A
Hobi ve Oyun › Hobi Malzemeleri › Resim › Fırça,renk,false,1,attributesHash sorted option ids,generic plan — refine per leaf in FAZ A
Hobi ve Oyun › Hobi Malzemeleri › Resim › Şövale,renk,false,1,attributesHash sorted option ids,generic plan — refine per leaf in FAZ A
Hobi ve Oyun › Hobi Malzemeleri › El İşi › Örgü İpi,renk,false,1,attributesHash sorted option ids,generic plan — refine per leaf in FAZ A
Hobi ve Oyun › Hobi Malzemeleri › El İşi › Şiş ve Tığ,renk,false,1,attributesHash sorted option ids,generic plan — refine per leaf in FAZ A
Hobi ve Oyun › Hobi Malzemeleri › El İşi › Dikiş Malzemesi,renk,false,1,attributesHash sorted option ids,generic plan — refine per leaf in FAZ A
Hobi ve Oyun › Hobi Malzemeleri › El İşi › Keçe,renk,false,1,attributesHash sorted option ids,generic plan — refine per leaf in FAZ A
Hobi ve Oyun › Hobi Malzemeleri › El İşi › Boncuk,renk,false,1,attributesHash sorted option ids,generic plan — refine per leaf in FAZ A
Hobi ve Oyun › Hobi Malzemeleri › El İşi › Takı Yapım Malzemesi,renk,false,1,attributesHash sorted option ids,generic plan — refine per leaf in FAZ A
Hobi ve Oyun › Hobi Malzemeleri › Maket ve Model › Maket Seti,renk,false,1,attributesHash sorted option ids,generic plan — refine per leaf in FAZ A
Hobi ve Oyun › Hobi Malzemeleri › Maket ve Model › Model Araba,renk,false,1,attributesHash sorted option ids,generic plan — refine per leaf in FAZ A
Hobi ve Oyun › Hobi Malzemeleri › Maket ve Model › Model Uçak,renk,false,1,attributesHash sorted option ids,generic plan — refine per leaf in FAZ A
Hobi ve Oyun › Hobi Malzemeleri › Maket ve Model › Diorama Malzemesi,renk,false,1,attributesHash sorted option ids,generic plan — refine per leaf in FAZ A
Hobi ve Oyun › Hobi Malzemeleri › Maket ve Model › 3D Puzzle,renk,false,1,attributesHash sorted option ids,generic plan — refine per leaf in FAZ A
Hobi ve Oyun › Oyun ve Eğlence › Kutu Oyunları › Strateji Oyunu,renk,false,1,attributesHash sorted option ids,generic plan — refine per leaf in FAZ A
Hobi ve Oyun › Oyun ve Eğlence › Kutu Oyunları › Aile Oyunu,renk,false,1,attributesHash sorted option ids,generic plan — refine per leaf in FAZ A
Hobi ve Oyun › Oyun ve Eğlence › Kutu Oyunları › Parti Oyunu,renk,false,1,attributesHash sorted option ids,generic plan — refine per leaf in FAZ A
Hobi ve Oyun › Oyun ve Eğlence › Kutu Oyunları › Kart Oyunu,renk,false,1,attributesHash sorted option ids,generic plan — refine per leaf in FAZ A
Hobi ve Oyun › Oyun ve Eğlence › Kutu Oyunları › Satranç,renk,false,1,attributesHash sorted option ids,generic plan — refine per leaf in FAZ A
Hobi ve Oyun › Oyun ve Eğlence › Kutu Oyunları › Puzzle,renk,false,1,attributesHash sorted option ids,generic plan — refine per leaf in FAZ A
Hobi ve Oyun › Oyun ve Eğlence › Koleksiyon › Figür,renk,false,1,attributesHash sorted option ids,generic plan — refine per leaf in FAZ A
Hobi ve Oyun › Oyun ve Eğlence › Koleksiyon › Trading Card,renk,false,1,attributesHash sorted option ids,generic plan — refine per leaf in FAZ A
Hobi ve Oyun › Oyun ve Eğlence › Koleksiyon › Madeni Para,renk,false,1,attributesHash sorted option ids,generic plan — refine per leaf in FAZ A
Hobi ve Oyun › Oyun ve Eğlence › Koleksiyon › Pul,renk,false,1,attributesHash sorted option ids,generic plan — refine per leaf in FAZ A
Hobi ve Oyun › Oyun ve Eğlence › Koleksiyon › Koleksiyon Kutusu,renk,false,1,attributesHash sorted option ids,generic plan — refine per leaf in FAZ A
"Kitap, Kırtasiye ve Ofis › Kitap › Edebiyat › Roman",renk,false,1,attributesHash sorted option ids,generic plan — refine per leaf in FAZ A
"Kitap, Kırtasiye ve Ofis › Kitap › Edebiyat › Öykü",renk,false,1,attributesHash sorted option ids,generic plan — refine per leaf in FAZ A
"Kitap, Kırtasiye ve Ofis › Kitap › Edebiyat › Şiir",renk,false,1,attributesHash sorted option ids,generic plan — refine per leaf in FAZ A
"Kitap, Kırtasiye ve Ofis › Kitap › Edebiyat › Deneme",renk,false,1,attributesHash sorted option ids,generic plan — refine per leaf in FAZ A
"Kitap, Kırtasiye ve Ofis › Kitap › Edebiyat › Biyografi",renk,false,1,attributesHash sorted option ids,generic plan — refine per leaf in FAZ A
"Kitap, Kırtasiye ve Ofis › Kitap › Çocuk Kitapları › Resimli Kitap",renk,false,1,attributesHash sorted option ids,generic plan — refine per leaf in FAZ A
"Kitap, Kırtasiye ve Ofis › Kitap › Çocuk Kitapları › Masal",renk,false,1,attributesHash sorted option ids,generic plan — refine per leaf in FAZ A
"Kitap, Kırtasiye ve Ofis › Kitap › Çocuk Kitapları › Etkinlik Kitabı",renk,false,1,attributesHash sorted option ids,generic plan — refine per leaf in FAZ A
"Kitap, Kırtasiye ve Ofis › Kitap › Çocuk Kitapları › Gençlik Romanı",renk,false,1,attributesHash sorted option ids,generic plan — refine per leaf in FAZ A
"Kitap, Kırtasiye ve Ofis › Kitap › Eğitim › Sınav Hazırlık",renk,false,1,attributesHash sorted option ids,generic plan — refine per leaf in FAZ A
"Kitap, Kırtasiye ve Ofis › Kitap › Eğitim › Ders Kitabı",renk,false,1,attributesHash sorted option ids,generic plan — refine per leaf in FAZ A
"Kitap, Kırtasiye ve Ofis › Kitap › Eğitim › Yabancı Dil",renk,false,1,attributesHash sorted option ids,generic plan — refine per leaf in FAZ A
"Kitap, Kırtasiye ve Ofis › Kitap › Eğitim › Akademik Kitap",renk,false,1,attributesHash sorted option ids,generic plan — refine per leaf in FAZ A
"Kitap, Kırtasiye ve Ofis › Kitap › Hobi ve Yaşam › Yemek Kitabı",renk,false,1,attributesHash sorted option ids,generic plan — refine per leaf in FAZ A
"Kitap, Kırtasiye ve Ofis › Kitap › Hobi ve Yaşam › Kişisel Gelişim",renk,false,1,attributesHash sorted option ids,generic plan — refine per leaf in FAZ A
"Kitap, Kırtasiye ve Ofis › Kitap › Hobi ve Yaşam › Sanat",renk,false,1,attributesHash sorted option ids,generic plan — refine per leaf in FAZ A
"Kitap, Kırtasiye ve Ofis › Kitap › Hobi ve Yaşam › Seyahat",renk,false,1,attributesHash sorted option ids,generic plan — refine per leaf in FAZ A
"Kitap, Kırtasiye ve Ofis › Kitap › Hobi ve Yaşam › Sağlık",renk,false,1,attributesHash sorted option ids,generic plan — refine per leaf in FAZ A
"Kitap, Kırtasiye ve Ofis › Kırtasiye › Yazı Gereçleri › Tükenmez Kalem",renk,false,1,attributesHash sorted option ids,generic plan — refine per leaf in FAZ A
"Kitap, Kırtasiye ve Ofis › Kırtasiye › Yazı Gereçleri › Dolma Kalem",renk,false,1,attributesHash sorted option ids,generic plan — refine per leaf in FAZ A
"Kitap, Kırtasiye ve Ofis › Kırtasiye › Yazı Gereçleri › Kurşun Kalem",renk,false,1,attributesHash sorted option ids,generic plan — refine per leaf in FAZ A
"Kitap, Kırtasiye ve Ofis › Kırtasiye › Yazı Gereçleri › Keçeli Kalem",renk,false,1,attributesHash sorted option ids,generic plan — refine per leaf in FAZ A
"Kitap, Kırtasiye ve Ofis › Kırtasiye › Yazı Gereçleri › Marker",renk,false,1,attributesHash sorted option ids,generic plan — refine per leaf in FAZ A
"Kitap, Kırtasiye ve Ofis › Kırtasiye › Yazı Gereçleri › Silgi",renk,false,1,attributesHash sorted option ids,generic plan — refine per leaf in FAZ A
"Kitap, Kırtasiye ve Ofis › Kırtasiye › Defter ve Kağıt › Defter",renk,false,1,attributesHash sorted option ids,generic plan — refine per leaf in FAZ A
"Kitap, Kırtasiye ve Ofis › Kırtasiye › Defter ve Kağıt › Ajanda",renk,false,1,attributesHash sorted option ids,generic plan — refine per leaf in FAZ A
"Kitap, Kırtasiye ve Ofis › Kırtasiye › Defter ve Kağıt › Fotokopi Kağıdı",renk,false,1,attributesHash sorted option ids,generic plan — refine per leaf in FAZ A
"Kitap, Kırtasiye ve Ofis › Kırtasiye › Defter ve Kağıt › Not Kağıdı",renk,false,1,attributesHash sorted option ids,generic plan — refine per leaf in FAZ A
"Kitap, Kırtasiye ve Ofis › Kırtasiye › Defter ve Kağıt › Etiket",renk,false,1,attributesHash sorted option ids,generic plan — refine per leaf in FAZ A
"Kitap, Kırtasiye ve Ofis › Kırtasiye › Defter ve Kağıt › Zarf",renk,false,1,attributesHash sorted option ids,generic plan — refine per leaf in FAZ A
"Kitap, Kırtasiye ve Ofis › Kırtasiye › Okul Gereçleri › Kalem Kutusu",renk,false,1,attributesHash sorted option ids,generic plan — refine per leaf in FAZ A
"Kitap, Kırtasiye ve Ofis › Kırtasiye › Okul Gereçleri › Okul Çantası",renk,false,1,attributesHash sorted option ids,generic plan — refine per leaf in FAZ A
"Kitap, Kırtasiye ve Ofis › Kırtasiye › Okul Gereçleri › Boya Seti",renk,false,1,attributesHash sorted option ids,generic plan — refine per leaf in FAZ A
"Kitap, Kırtasiye ve Ofis › Kırtasiye › Okul Gereçleri › Cetvel Seti",renk,false,1,attributesHash sorted option ids,generic plan — refine per leaf in FAZ A
"Kitap, Kırtasiye ve Ofis › Kırtasiye › Okul Gereçleri › Makas",renk,false,1,attributesHash sorted option ids,generic plan — refine per leaf in FAZ A
"Kitap, Kırtasiye ve Ofis › Kırtasiye › Okul Gereçleri › Yapıştırıcı",renk,false,1,attributesHash sorted option ids,generic plan — refine per leaf in FAZ A
"Kitap, Kırtasiye ve Ofis › Ofis › Ofis Makineleri › Yazıcı",renk,false,1,attributesHash sorted option ids,generic plan — refine per leaf in FAZ A
"Kitap, Kırtasiye ve Ofis › Ofis › Ofis Makineleri › Fotokopi Makinesi",renk,false,1,attributesHash sorted option ids,generic plan — refine per leaf in FAZ A
"Kitap, Kırtasiye ve Ofis › Ofis › Ofis Makineleri › Para Sayma Makinesi",renk,false,1,attributesHash sorted option ids,generic plan — refine per leaf in FAZ A
"Kitap, Kırtasiye ve Ofis › Ofis › Ofis Makineleri › Laminasyon Makinesi",renk,false,1,attributesHash sorted option ids,generic plan — refine per leaf in FAZ A
"Kitap, Kırtasiye ve Ofis › Ofis › Ofis Makineleri › Evrak İmha Makinesi",renk,false,1,attributesHash sorted option ids,generic plan — refine per leaf in FAZ A
"Kitap, Kırtasiye ve Ofis › Ofis › Ofis Sarf › Toner",renk,false,1,attributesHash sorted option ids,generic plan — refine per leaf in FAZ A
"Kitap, Kırtasiye ve Ofis › Ofis › Ofis Sarf › Kartuş",renk,false,1,attributesHash sorted option ids,generic plan — refine per leaf in FAZ A
"Kitap, Kırtasiye ve Ofis › Ofis › Ofis Sarf › Zımba",renk,false,1,attributesHash sorted option ids,generic plan — refine per leaf in FAZ A
"Kitap, Kırtasiye ve Ofis › Ofis › Ofis Sarf › Delgeç",renk,false,1,attributesHash sorted option ids,generic plan — refine per leaf in FAZ A
"Kitap, Kırtasiye ve Ofis › Ofis › Ofis Sarf › Dosya",renk,false,1,attributesHash sorted option ids,generic plan — refine per leaf in FAZ A
"Kitap, Kırtasiye ve Ofis › Ofis › Ofis Sarf › Klasör",renk,false,1,attributesHash sorted option ids,generic plan — refine per leaf in FAZ A
"Kitap, Kırtasiye ve Ofis › Ofis › Ofis Mobilyası › Ofis Masası",renk,false,1,attributesHash sorted option ids,generic plan — refine per leaf in FAZ A
"Kitap, Kırtasiye ve Ofis › Ofis › Ofis Mobilyası › Ofis Koltuğu",renk,false,1,attributesHash sorted option ids,generic plan — refine per leaf in FAZ A
"Kitap, Kırtasiye ve Ofis › Ofis › Ofis Mobilyası › Dosya Dolabı",renk,false,1,attributesHash sorted option ids,generic plan — refine per leaf in FAZ A
"Kitap, Kırtasiye ve Ofis › Ofis › Ofis Mobilyası › Toplantı Masası",renk,false,1,attributesHash sorted option ids,generic plan — refine per leaf in FAZ A
"Kitap, Kırtasiye ve Ofis › Ofis › Ofis Mobilyası › Resepsiyon Bankosu",renk,false,1,attributesHash sorted option ids,generic plan — refine per leaf in FAZ A
Pet Shop › Kedi › Beslenme › Kedi Maması,renk,false,1,attributesHash sorted option ids,generic plan — refine per leaf in FAZ A
Pet Shop › Kedi › Beslenme › Yaş Mama,renk,false,1,attributesHash sorted option ids,generic plan — refine per leaf in FAZ A
Pet Shop › Kedi › Beslenme › Ödül Maması,renk,false,1,attributesHash sorted option ids,generic plan — refine per leaf in FAZ A
Pet Shop › Kedi › Beslenme › Mama Kabı,renk,false,1,attributesHash sorted option ids,generic plan — refine per leaf in FAZ A
Pet Shop › Kedi › Beslenme › Su Pınarı,renk,false,1,attributesHash sorted option ids,generic plan — refine per leaf in FAZ A
Pet Shop › Kedi › Bakım › Kedi Kumu,renk,false,1,attributesHash sorted option ids,generic plan — refine per leaf in FAZ A
Pet Shop › Kedi › Bakım › Kum Kabı,renk,false,1,attributesHash sorted option ids,generic plan — refine per leaf in FAZ A
Pet Shop › Kedi › Bakım › Tırmalama Tahtası,renk,false,1,attributesHash sorted option ids,generic plan — refine per leaf in FAZ A
Pet Shop › Kedi › Bakım › Tarak,renk,false,1,attributesHash sorted option ids,generic plan — refine per leaf in FAZ A
Pet Shop › Kedi › Bakım › Şampuan,renk,false,1,attributesHash sorted option ids,generic plan — refine per leaf in FAZ A
Pet Shop › Kedi › Aksesuar › Kedi Yatağı,renk,false,1,attributesHash sorted option ids,generic plan — refine per leaf in FAZ A
Pet Shop › Kedi › Aksesuar › Taşıma Çantası,renk,false,1,attributesHash sorted option ids,generic plan — refine per leaf in FAZ A
Pet Shop › Kedi › Aksesuar › Tasma,renk,false,1,attributesHash sorted option ids,generic plan — refine per leaf in FAZ A
Pet Shop › Kedi › Aksesuar › Oyuncak,renk,false,1,attributesHash sorted option ids,generic plan — refine per leaf in FAZ A
Pet Shop › Kedi › Aksesuar › Kedi Evi,renk,false,1,attributesHash sorted option ids,generic plan — refine per leaf in FAZ A
Pet Shop › Köpek › Beslenme › Köpek Maması,renk,false,1,attributesHash sorted option ids,generic plan — refine per leaf in FAZ A
Pet Shop › Köpek › Beslenme › Yaş Mama,renk,false,1,attributesHash sorted option ids,generic plan — refine per leaf in FAZ A
Pet Shop › Köpek › Beslenme › Ödül Maması,renk,false,1,attributesHash sorted option ids,generic plan — refine per leaf in FAZ A
Pet Shop › Köpek › Beslenme › Mama Kabı,renk,false,1,attributesHash sorted option ids,generic plan — refine per leaf in FAZ A
Pet Shop › Köpek › Beslenme › Su Kabı,renk,false,1,attributesHash sorted option ids,generic plan — refine per leaf in FAZ A
Pet Shop › Köpek › Bakım › Şampuan,renk,false,1,attributesHash sorted option ids,generic plan — refine per leaf in FAZ A
Pet Shop › Köpek › Bakım › Tarak,renk,false,1,attributesHash sorted option ids,generic plan — refine per leaf in FAZ A
Pet Shop › Köpek › Bakım › Tırnak Makası,renk,false,1,attributesHash sorted option ids,generic plan — refine per leaf in FAZ A
Pet Shop › Köpek › Bakım › Ped,renk,false,1,attributesHash sorted option ids,generic plan — refine per leaf in FAZ A
Pet Shop › Köpek › Bakım › Ağız Bakımı,renk,false,1,attributesHash sorted option ids,generic plan — refine per leaf in FAZ A
Pet Shop › Köpek › Aksesuar › Tasma,renk,false,1,attributesHash sorted option ids,generic plan — refine per leaf in FAZ A
Pet Shop › Köpek › Aksesuar › Gezdirme Kayışı,renk,false,1,attributesHash sorted option ids,generic plan — refine per leaf in FAZ A
Pet Shop › Köpek › Aksesuar › Göğüs Tasması,renk,false,1,attributesHash sorted option ids,generic plan — refine per leaf in FAZ A
Pet Shop › Köpek › Aksesuar › Köpek Yatağı,renk,false,1,attributesHash sorted option ids,generic plan — refine per leaf in FAZ A
Pet Shop › Köpek › Aksesuar › Taşıma Çantası,renk,false,1,attributesHash sorted option ids,generic plan — refine per leaf in FAZ A
Pet Shop › Köpek › Aksesuar › Oyuncak,renk,false,1,attributesHash sorted option ids,generic plan — refine per leaf in FAZ A
Pet Shop › Köpek › Aksesuar › Köpek Kulübesi,renk,false,1,attributesHash sorted option ids,generic plan — refine per leaf in FAZ A
Pet Shop › Kuş ve Kemirgen › Kuş › Kuş Yemi,renk,false,1,attributesHash sorted option ids,generic plan — refine per leaf in FAZ A
Pet Shop › Kuş ve Kemirgen › Kuş › Kafes,renk,false,1,attributesHash sorted option ids,generic plan — refine per leaf in FAZ A
Pet Shop › Kuş ve Kemirgen › Kuş › Tünek,renk,false,1,attributesHash sorted option ids,generic plan — refine per leaf in FAZ A
Pet Shop › Kuş ve Kemirgen › Kuş › Suluk,renk,false,1,attributesHash sorted option ids,generic plan — refine per leaf in FAZ A
Pet Shop › Kuş ve Kemirgen › Kuş › Oyuncak,renk,false,1,attributesHash sorted option ids,generic plan — refine per leaf in FAZ A
Pet Shop › Kuş ve Kemirgen › Kemirgen › Kemirgen Yemi,renk,false,1,attributesHash sorted option ids,generic plan — refine per leaf in FAZ A
Pet Shop › Kuş ve Kemirgen › Kemirgen › Kafes,renk,false,1,attributesHash sorted option ids,generic plan — refine per leaf in FAZ A
Pet Shop › Kuş ve Kemirgen › Kemirgen › Talaş,renk,false,1,attributesHash sorted option ids,generic plan — refine per leaf in FAZ A
Pet Shop › Kuş ve Kemirgen › Kemirgen › Suluk,renk,false,1,attributesHash sorted option ids,generic plan — refine per leaf in FAZ A
Pet Shop › Kuş ve Kemirgen › Kemirgen › Oyuncak,renk,false,1,attributesHash sorted option ids,generic plan — refine per leaf in FAZ A
Pet Shop › Akvaryum › Akvaryum Ürünleri › Akvaryum,renk,false,1,attributesHash sorted option ids,generic plan — refine per leaf in FAZ A
Pet Shop › Akvaryum › Akvaryum Ürünleri › Filtre,renk,false,1,attributesHash sorted option ids,generic plan — refine per leaf in FAZ A
Pet Shop › Akvaryum › Akvaryum Ürünleri › Isıtıcı,renk,false,1,attributesHash sorted option ids,generic plan — refine per leaf in FAZ A
Pet Shop › Akvaryum › Akvaryum Ürünleri › Hava Motoru,renk,false,1,attributesHash sorted option ids,generic plan — refine per leaf in FAZ A
Pet Shop › Akvaryum › Akvaryum Ürünleri › Aydınlatma,renk,false,1,attributesHash sorted option ids,generic plan — refine per leaf in FAZ A
Pet Shop › Akvaryum › Akvaryum Ürünleri › Balık Yemi,renk,false,1,attributesHash sorted option ids,generic plan — refine per leaf in FAZ A
Pet Shop › Akvaryum › Akvaryum Ürünleri › Dekor,renk,false,1,attributesHash sorted option ids,generic plan — refine per leaf in FAZ A
Otomotiv Aksesuar › Araç İçi › Konfor › Koltuk Kılıfı,renk,false,1,attributesHash sorted option ids,generic plan — refine per leaf in FAZ A
Otomotiv Aksesuar › Araç İçi › Konfor › Paspas,renk,false,1,attributesHash sorted option ids,generic plan — refine per leaf in FAZ A
Otomotiv Aksesuar › Araç İçi › Konfor › Direksiyon Kılıfı,renk,false,1,attributesHash sorted option ids,generic plan — refine per leaf in FAZ A
Otomotiv Aksesuar › Araç İçi › Konfor › Güneşlik,renk,false,1,attributesHash sorted option ids,generic plan — refine per leaf in FAZ A
Otomotiv Aksesuar › Araç İçi › Konfor › Organizer,renk,false,1,attributesHash sorted option ids,generic plan — refine per leaf in FAZ A
Otomotiv Aksesuar › Araç İçi › Konfor › Araç İçi Buzdolabı,renk,false,1,attributesHash sorted option ids,generic plan — refine per leaf in FAZ A
Otomotiv Aksesuar › Araç İçi › Elektronik › Araç Kamerası,renk,false,1,attributesHash sorted option ids,generic plan — refine per leaf in FAZ A
Otomotiv Aksesuar › Araç İçi › Elektronik › Multimedya Sistemi,renk,false,1,attributesHash sorted option ids,generic plan — refine per leaf in FAZ A
Otomotiv Aksesuar › Araç İçi › Elektronik › Navigasyon,renk,false,1,attributesHash sorted option ids,generic plan — refine per leaf in FAZ A
Otomotiv Aksesuar › Araç İçi › Elektronik › FM Transmitter,renk,false,1,attributesHash sorted option ids,generic plan — refine per leaf in FAZ A
Otomotiv Aksesuar › Araç İçi › Elektronik › Araç Şarj Cihazı,renk,false,1,attributesHash sorted option ids,generic plan — refine per leaf in FAZ A
Otomotiv Aksesuar › Araç İçi › Elektronik › Park Sensörü,renk,false,1,attributesHash sorted option ids,generic plan — refine per leaf in FAZ A
Otomotiv Aksesuar › Araç İçi › Elektronik › Geri Görüş Kamerası,renk,false,1,attributesHash sorted option ids,generic plan — refine per leaf in FAZ A
Otomotiv Aksesuar › Araç Dışı › Koruma ve Görünüm › Araç Brandası,renk,false,1,attributesHash sorted option ids,generic plan — refine per leaf in FAZ A
Otomotiv Aksesuar › Araç Dışı › Koruma ve Görünüm › Kapı Koruyucu,renk,false,1,attributesHash sorted option ids,generic plan — refine per leaf in FAZ A
Otomotiv Aksesuar › Araç Dışı › Koruma ve Görünüm › Çamurluk,renk,false,1,attributesHash sorted option ids,generic plan — refine per leaf in FAZ A
Otomotiv Aksesuar › Araç Dışı › Koruma ve Görünüm › Spoiler,renk,false,1,attributesHash sorted option ids,generic plan — refine per leaf in FAZ A
Otomotiv Aksesuar › Araç Dışı › Koruma ve Görünüm › Rüzgarlık,renk,false,1,attributesHash sorted option ids,generic plan — refine per leaf in FAZ A
Otomotiv Aksesuar › Araç Dışı › Koruma ve Görünüm › Sticker ve Folyo,renk,false,1,attributesHash sorted option ids,generic plan — refine per leaf in FAZ A
Otomotiv Aksesuar › Araç Dışı › Taşıma › Tavan Barı,renk,false,1,attributesHash sorted option ids,generic plan — refine per leaf in FAZ A
Otomotiv Aksesuar › Araç Dışı › Taşıma › Port Bagaj,renk,false,1,attributesHash sorted option ids,generic plan — refine per leaf in FAZ A
Otomotiv Aksesuar › Araç Dışı › Taşıma › Bisiklet Taşıyıcı,renk,false,7,attributesHash sorted option ids,DB leaf currently missing attrs
Otomotiv Aksesuar › Araç Dışı › Taşıma › Çeki Demiri,renk,false,1,attributesHash sorted option ids,generic plan — refine per leaf in FAZ A
Otomotiv Aksesuar › Bakım ve Temizlik › Temizlik › Oto Şampuanı,renk,false,1,attributesHash sorted option ids,generic plan — refine per leaf in FAZ A
Otomotiv Aksesuar › Bakım ve Temizlik › Temizlik › Cila,renk,false,1,attributesHash sorted option ids,generic plan — refine per leaf in FAZ A
Otomotiv Aksesuar › Bakım ve Temizlik › Temizlik › Seramik Kaplama,renk,false,1,attributesHash sorted option ids,generic plan — refine per leaf in FAZ A
Otomotiv Aksesuar › Bakım ve Temizlik › Temizlik › Jant Temizleyici,renk,false,1,attributesHash sorted option ids,generic plan — refine per leaf in FAZ A
Otomotiv Aksesuar › Bakım ve Temizlik › Temizlik › Mikrofiber Bez,renk,false,1,attributesHash sorted option ids,generic plan — refine per leaf in FAZ A
Otomotiv Aksesuar › Bakım ve Temizlik › Temizlik › Araç Süpürgesi,renk,false,1,attributesHash sorted option ids,generic plan — refine per leaf in FAZ A
Otomotiv Aksesuar › Bakım ve Temizlik › Bakım › Motor Yağı,renk,false,1,attributesHash sorted option ids,generic plan — refine per leaf in FAZ A
Otomotiv Aksesuar › Bakım ve Temizlik › Bakım › Antifriz,renk,false,1,attributesHash sorted option ids,generic plan — refine per leaf in FAZ A
Otomotiv Aksesuar › Bakım ve Temizlik › Bakım › Cam Suyu,renk,false,1,attributesHash sorted option ids,generic plan — refine per leaf in FAZ A
Otomotiv Aksesuar › Bakım ve Temizlik › Bakım › Katkı Ürünleri,renk,false,1,attributesHash sorted option ids,generic plan — refine per leaf in FAZ A
Otomotiv Aksesuar › Bakım ve Temizlik › Bakım › Akü Şarj Cihazı,renk,false,1,attributesHash sorted option ids,generic plan — refine per leaf in FAZ A
Otomotiv Aksesuar › Yedek Parça ve Ekipman › Temel Parça › Akü,renk,false,1,attributesHash sorted option ids,generic plan — refine per leaf in FAZ A
Otomotiv Aksesuar › Yedek Parça ve Ekipman › Temel Parça › Silecek,renk,false,1,attributesHash sorted option ids,generic plan — refine per leaf in FAZ A
Otomotiv Aksesuar › Yedek Parça ve Ekipman › Temel Parça › Ampul,renk,false,1,attributesHash sorted option ids,generic plan — refine per leaf in FAZ A
Otomotiv Aksesuar › Yedek Parça ve Ekipman › Temel Parça › Filtre,renk,false,1,attributesHash sorted option ids,generic plan — refine per leaf in FAZ A
Otomotiv Aksesuar › Yedek Parça ve Ekipman › Temel Parça › Buji,renk,false,1,attributesHash sorted option ids,generic plan — refine per leaf in FAZ A
Otomotiv Aksesuar › Yedek Parça ve Ekipman › Temel Parça › Fren Balatası,renk,false,1,attributesHash sorted option ids,generic plan — refine per leaf in FAZ A
Otomotiv Aksesuar › Yedek Parça ve Ekipman › Temel Parça › Debriyaj Seti,renk,false,1,attributesHash sorted option ids,generic plan — refine per leaf in FAZ A
Otomotiv Aksesuar › Yedek Parça ve Ekipman › Lastik ve Jant › Otomobil Lastiği,renk,false,1,attributesHash sorted option ids,generic plan — refine per leaf in FAZ A
Otomotiv Aksesuar › Yedek Parça ve Ekipman › Lastik ve Jant › SUV Lastiği,renk,false,1,attributesHash sorted option ids,generic plan — refine per leaf in FAZ A
Otomotiv Aksesuar › Yedek Parça ve Ekipman › Lastik ve Jant › Motosiklet Lastiği,renk,false,1,attributesHash sorted option ids,generic plan — refine per leaf in FAZ A
Otomotiv Aksesuar › Yedek Parça ve Ekipman › Lastik ve Jant › Jant,renk,false,1,attributesHash sorted option ids,generic plan — refine per leaf in FAZ A
Otomotiv Aksesuar › Yedek Parça ve Ekipman › Lastik ve Jant › Jant Kapağı,renk,false,1,attributesHash sorted option ids,generic plan — refine per leaf in FAZ A
Otomotiv Aksesuar › Yedek Parça ve Ekipman › Lastik ve Jant › Kar Zinciri,renk,false,1,attributesHash sorted option ids,generic plan — refine per leaf in FAZ A
Otomotiv Aksesuar › Yedek Parça ve Ekipman › Acil Durum › İlk Yardım Seti,renk,false,1,attributesHash sorted option ids,generic plan — refine per leaf in FAZ A
Otomotiv Aksesuar › Yedek Parça ve Ekipman › Acil Durum › Yangın Söndürücü,renk,false,1,attributesHash sorted option ids,generic plan — refine per leaf in FAZ A
Otomotiv Aksesuar › Yedek Parça ve Ekipman › Acil Durum › Reflektör,renk,false,1,attributesHash sorted option ids,generic plan — refine per leaf in FAZ A
Otomotiv Aksesuar › Yedek Parça ve Ekipman › Acil Durum › Takviye Kablosu,renk,false,1,attributesHash sorted option ids,generic plan — refine per leaf in FAZ A
Otomotiv Aksesuar › Yedek Parça ve Ekipman › Acil Durum › Kriko,renk,false,1,attributesHash sorted option ids,generic plan — refine per leaf in FAZ A
Otomotiv Aksesuar › Yedek Parça ve Ekipman › Acil Durum › Çekme Halatı,renk,false,1,attributesHash sorted option ids,generic plan — refine per leaf in FAZ A
Otomotiv Aksesuar › Motosiklet Aksesuar › Sürüş Ekipmanı › Motosiklet Kaskı,renk,false,1,attributesHash sorted option ids,generic plan — refine per leaf in FAZ A
Otomotiv Aksesuar › Motosiklet Aksesuar › Sürüş Ekipmanı › Motosiklet Montu,renk,false,1,attributesHash sorted option ids,generic plan — refine per leaf in FAZ A
Otomotiv Aksesuar › Motosiklet Aksesuar › Sürüş Ekipmanı › Eldiven,renk,false,1,attributesHash sorted option ids,generic plan — refine per leaf in FAZ A
Otomotiv Aksesuar › Motosiklet Aksesuar › Sürüş Ekipmanı › Dizlik,renk,false,1,attributesHash sorted option ids,generic plan — refine per leaf in FAZ A
Otomotiv Aksesuar › Motosiklet Aksesuar › Sürüş Ekipmanı › Bot,renk,false,1,attributesHash sorted option ids,generic plan — refine per leaf in FAZ A
Otomotiv Aksesuar › Motosiklet Aksesuar › Sürüş Ekipmanı › Yağmurluk,renk,false,1,attributesHash sorted option ids,generic plan — refine per leaf in FAZ A
Otomotiv Aksesuar › Motosiklet Aksesuar › Motosiklet Parça › Motosiklet Çantası,renk,false,1,attributesHash sorted option ids,generic plan — refine per leaf in FAZ A
Otomotiv Aksesuar › Motosiklet Aksesuar › Motosiklet Parça › Telefon Tutucu,renk,false,1,attributesHash sorted option ids,generic plan — refine per leaf in FAZ A
Otomotiv Aksesuar › Motosiklet Aksesuar › Motosiklet Parça › Branda,renk,false,1,attributesHash sorted option ids,generic plan — refine per leaf in FAZ A
Otomotiv Aksesuar › Motosiklet Aksesuar › Motosiklet Parça › Egzoz,renk,false,1,attributesHash sorted option ids,generic plan — refine per leaf in FAZ A
Otomotiv Aksesuar › Motosiklet Aksesuar › Motosiklet Parça › Ayna,renk,false,1,attributesHash sorted option ids,generic plan — refine per leaf in FAZ A
Otomotiv Aksesuar › Motosiklet Aksesuar › Motosiklet Parça › Zincir ve Dişli,renk,false,1,attributesHash sorted option ids,generic plan — refine per leaf in FAZ A
Bahçe ve Yapı › Bahçe › Bahçe Mobilyası › Bahçe Masa Takımı,renk,false,1,attributesHash sorted option ids,generic plan — refine per leaf in FAZ A
Bahçe ve Yapı › Bahçe › Bahçe Mobilyası › Şezlong,renk,false,1,attributesHash sorted option ids,generic plan — refine per leaf in FAZ A
Bahçe ve Yapı › Bahçe › Bahçe Mobilyası › Salıncak,renk,false,1,attributesHash sorted option ids,generic plan — refine per leaf in FAZ A
Bahçe ve Yapı › Bahçe › Bahçe Mobilyası › Hamak,renk,false,1,attributesHash sorted option ids,generic plan — refine per leaf in FAZ A
Bahçe ve Yapı › Bahçe › Bahçe Mobilyası › Gölgelik,renk,false,1,attributesHash sorted option ids,generic plan — refine per leaf in FAZ A
Bahçe ve Yapı › Bahçe › Bahçe Mobilyası › Şemsiye,renk,false,1,attributesHash sorted option ids,generic plan — refine per leaf in FAZ A
Bahçe ve Yapı › Bahçe › Bahçe Bakımı › Çim Biçme Makinesi,renk,false,1,attributesHash sorted option ids,generic plan — refine per leaf in FAZ A
Bahçe ve Yapı › Bahçe › Bahçe Bakımı › Tırpan,renk,false,1,attributesHash sorted option ids,generic plan — refine per leaf in FAZ A
Bahçe ve Yapı › Bahçe › Bahçe Bakımı › Çit Budama,renk,false,1,attributesHash sorted option ids,generic plan — refine per leaf in FAZ A
Bahçe ve Yapı › Bahçe › Bahçe Bakımı › Yaprak Üfleme,renk,false,1,attributesHash sorted option ids,generic plan — refine per leaf in FAZ A
Bahçe ve Yapı › Bahçe › Bahçe Bakımı › Testere,renk,false,1,attributesHash sorted option ids,generic plan — refine per leaf in FAZ A
Bahçe ve Yapı › Bahçe › Bahçe Bakımı › Bahçe El Aleti,renk,false,1,attributesHash sorted option ids,generic plan — refine per leaf in FAZ A
Bahçe ve Yapı › Bahçe › Sulama › Bahçe Hortumu,renk,false,1,attributesHash sorted option ids,generic plan — refine per leaf in FAZ A
Bahçe ve Yapı › Bahçe › Sulama › Hortum Makarası,renk,false,1,attributesHash sorted option ids,generic plan — refine per leaf in FAZ A
Bahçe ve Yapı › Bahçe › Sulama › Sulama Tabancası,renk,false,1,attributesHash sorted option ids,generic plan — refine per leaf in FAZ A
Bahçe ve Yapı › Bahçe › Sulama › Damla Sulama,renk,false,1,attributesHash sorted option ids,generic plan — refine per leaf in FAZ A
Bahçe ve Yapı › Bahçe › Sulama › Su Pompası,renk,false,1,attributesHash sorted option ids,generic plan — refine per leaf in FAZ A
Bahçe ve Yapı › Bahçe › Sulama › Hidrofor,renk,false,1,attributesHash sorted option ids,generic plan — refine per leaf in FAZ A
Bahçe ve Yapı › Bahçe › Bitki ve Saksı › Saksı,renk,false,1,attributesHash sorted option ids,generic plan — refine per leaf in FAZ A
Bahçe ve Yapı › Bahçe › Bitki ve Saksı › Toprak,renk,false,1,attributesHash sorted option ids,generic plan — refine per leaf in FAZ A
Bahçe ve Yapı › Bahçe › Bitki ve Saksı › Gübre,renk,false,1,attributesHash sorted option ids,generic plan — refine per leaf in FAZ A
Bahçe ve Yapı › Bahçe › Bitki ve Saksı › Tohum,renk,false,1,attributesHash sorted option ids,generic plan — refine per leaf in FAZ A
Bahçe ve Yapı › Bahçe › Bitki ve Saksı › Fide,renk,false,1,attributesHash sorted option ids,generic plan — refine per leaf in FAZ A
Bahçe ve Yapı › Bahçe › Bitki ve Saksı › Bitki Destek Ürünleri,renk,false,1,attributesHash sorted option ids,generic plan — refine per leaf in FAZ A
Bahçe ve Yapı › Yapı Market › El Aletleri › Tornavida,renk,false,1,attributesHash sorted option ids,generic plan — refine per leaf in FAZ A
Bahçe ve Yapı › Yapı Market › El Aletleri › Pense,renk,false,1,attributesHash sorted option ids,generic plan — refine per leaf in FAZ A
Bahçe ve Yapı › Yapı Market › El Aletleri › Anahtar Takımı,renk,false,1,attributesHash sorted option ids,generic plan — refine per leaf in FAZ A
Bahçe ve Yapı › Yapı Market › El Aletleri › Çekiç,renk,false,1,attributesHash sorted option ids,generic plan — refine per leaf in FAZ A
Bahçe ve Yapı › Yapı Market › El Aletleri › Testere,renk,false,1,attributesHash sorted option ids,generic plan — refine per leaf in FAZ A
Bahçe ve Yapı › Yapı Market › El Aletleri › Maket Bıçağı,renk,false,1,attributesHash sorted option ids,generic plan — refine per leaf in FAZ A
Bahçe ve Yapı › Yapı Market › El Aletleri › Ölçüm Aleti,renk,false,1,attributesHash sorted option ids,generic plan — refine per leaf in FAZ A
Bahçe ve Yapı › Yapı Market › Elektrikli El Aletleri › Matkap,renk,false,1,attributesHash sorted option ids,generic plan — refine per leaf in FAZ A
Bahçe ve Yapı › Yapı Market › Elektrikli El Aletleri › Vidalama,renk,false,1,attributesHash sorted option ids,generic plan — refine per leaf in FAZ A
Bahçe ve Yapı › Yapı Market › Elektrikli El Aletleri › Taşlama,renk,false,1,attributesHash sorted option ids,generic plan — refine per leaf in FAZ A
Bahçe ve Yapı › Yapı Market › Elektrikli El Aletleri › Dekupaj,renk,false,1,attributesHash sorted option ids,generic plan — refine per leaf in FAZ A
Bahçe ve Yapı › Yapı Market › Elektrikli El Aletleri › Daire Testere,renk,false,1,attributesHash sorted option ids,generic plan — refine per leaf in FAZ A
Bahçe ve Yapı › Yapı Market › Elektrikli El Aletleri › Kırıcı-Delici,renk,false,1,attributesHash sorted option ids,generic plan — refine per leaf in FAZ A
Bahçe ve Yapı › Yapı Market › Elektrikli El Aletleri › Zımpara,renk,false,1,attributesHash sorted option ids,generic plan — refine per leaf in FAZ A
Bahçe ve Yapı › Yapı Market › Elektrikli El Aletleri › Kaynak Makinesi,renk,false,1,attributesHash sorted option ids,generic plan — refine per leaf in FAZ A
Bahçe ve Yapı › Yapı Market › Boya ve Kimyasal › İç Cephe Boyası,renk,false,1,attributesHash sorted option ids,generic plan — refine per leaf in FAZ A
Bahçe ve Yapı › Yapı Market › Boya ve Kimyasal › Dış Cephe Boyası,renk,false,1,attributesHash sorted option ids,generic plan — refine per leaf in FAZ A
Bahçe ve Yapı › Yapı Market › Boya ve Kimyasal › Ahşap Boyası,renk,false,1,attributesHash sorted option ids,generic plan — refine per leaf in FAZ A
Bahçe ve Yapı › Yapı Market › Boya ve Kimyasal › Sprey Boya,renk,false,1,attributesHash sorted option ids,generic plan — refine per leaf in FAZ A
Bahçe ve Yapı › Yapı Market › Boya ve Kimyasal › Vernik,renk,false,1,attributesHash sorted option ids,generic plan — refine per leaf in FAZ A
Bahçe ve Yapı › Yapı Market › Boya ve Kimyasal › Silikon,renk,false,1,attributesHash sorted option ids,generic plan — refine per leaf in FAZ A
Bahçe ve Yapı › Yapı Market › Boya ve Kimyasal › Yapıştırıcı,renk,false,1,attributesHash sorted option ids,generic plan — refine per leaf in FAZ A
Bahçe ve Yapı › Yapı Market › Boya ve Kimyasal › Derz Dolgu,renk,false,1,attributesHash sorted option ids,generic plan — refine per leaf in FAZ A
Bahçe ve Yapı › Yapı Market › Hırdavat › Vida,renk,false,1,attributesHash sorted option ids,generic plan — refine per leaf in FAZ A
Bahçe ve Yapı › Yapı Market › Hırdavat › Dübel,renk,false,1,attributesHash sorted option ids,generic plan — refine per leaf in FAZ A
Bahçe ve Yapı › Yapı Market › Hırdavat › Çivi,renk,false,1,attributesHash sorted option ids,generic plan — refine per leaf in FAZ A
Bahçe ve Yapı › Yapı Market › Hırdavat › Somun,renk,false,1,attributesHash sorted option ids,generic plan — refine per leaf in FAZ A
Bahçe ve Yapı › Yapı Market › Hırdavat › Cıvata,renk,false,1,attributesHash sorted option ids,generic plan — refine per leaf in FAZ A
Bahçe ve Yapı › Yapı Market › Hırdavat › Menteşe,renk,false,1,attributesHash sorted option ids,generic plan — refine per leaf in FAZ A
Bahçe ve Yapı › Yapı Market › Hırdavat › Kilit,renk,false,1,attributesHash sorted option ids,generic plan — refine per leaf in FAZ A
Bahçe ve Yapı › Yapı Market › Hırdavat › Tekerlek,renk,false,1,attributesHash sorted option ids,generic plan — refine per leaf in FAZ A
Bahçe ve Yapı › Yapı Market › Elektrik › Priz,renk,false,1,attributesHash sorted option ids,generic plan — refine per leaf in FAZ A
Bahçe ve Yapı › Yapı Market › Elektrik › Anahtar,renk,false,1,attributesHash sorted option ids,generic plan — refine per leaf in FAZ A
Bahçe ve Yapı › Yapı Market › Elektrik › Sigorta,renk,false,1,attributesHash sorted option ids,generic plan — refine per leaf in FAZ A
Bahçe ve Yapı › Yapı Market › Elektrik › Kablo,renk,false,1,attributesHash sorted option ids,generic plan — refine per leaf in FAZ A
Bahçe ve Yapı › Yapı Market › Elektrik › Uzatma Kablosu,renk,false,1,attributesHash sorted option ids,generic plan — refine per leaf in FAZ A
Bahçe ve Yapı › Yapı Market › Elektrik › Pano,renk,false,1,attributesHash sorted option ids,generic plan — refine per leaf in FAZ A
Bahçe ve Yapı › Yapı Market › Elektrik › Sensör,renk,false,1,attributesHash sorted option ids,generic plan — refine per leaf in FAZ A
Bahçe ve Yapı › Yapı Market › Tesisat › Musluk,renk,false,1,attributesHash sorted option ids,generic plan — refine per leaf in FAZ A
Bahçe ve Yapı › Yapı Market › Tesisat › Batarya,renk,false,1,attributesHash sorted option ids,generic plan — refine per leaf in FAZ A
Bahçe ve Yapı › Yapı Market › Tesisat › Duş Seti,renk,false,1,attributesHash sorted option ids,generic plan — refine per leaf in FAZ A
Bahçe ve Yapı › Yapı Market › Tesisat › Vana,renk,false,1,attributesHash sorted option ids,generic plan — refine per leaf in FAZ A
Bahçe ve Yapı › Yapı Market › Tesisat › Boru,renk,false,1,attributesHash sorted option ids,generic plan — refine per leaf in FAZ A
Bahçe ve Yapı › Yapı Market › Tesisat › Sifon,renk,false,1,attributesHash sorted option ids,generic plan — refine per leaf in FAZ A
Bahçe ve Yapı › Yapı Market › Tesisat › Armatür,renk,false,1,attributesHash sorted option ids,generic plan — refine per leaf in FAZ A
Bahçe ve Yapı › Yapı Market › İzolasyon › Isı Yalıtımı,renk,false,1,attributesHash sorted option ids,generic plan — refine per leaf in FAZ A
Bahçe ve Yapı › Yapı Market › İzolasyon › Su Yalıtımı,renk,false,1,attributesHash sorted option ids,generic plan — refine per leaf in FAZ A
Bahçe ve Yapı › Yapı Market › İzolasyon › Ses Yalıtımı,renk,false,1,attributesHash sorted option ids,generic plan — refine per leaf in FAZ A
Bahçe ve Yapı › Yapı Market › İzolasyon › Çatı Kaplama,renk,false,1,attributesHash sorted option ids,generic plan — refine per leaf in FAZ A
Bahçe ve Yapı › Yapı Market › İzolasyon › Yalıtım Bandı,renk,false,1,attributesHash sorted option ids,generic plan — refine per leaf in FAZ A
Endüstriyel ve Ticari Ürünler › Endüstriyel Makineler › Üretim Makineleri › CNC Makinesi,renk,false,1,attributesHash sorted option ids,generic plan — refine per leaf in FAZ A
Endüstriyel ve Ticari Ürünler › Endüstriyel Makineler › Üretim Makineleri › Torna,renk,false,1,attributesHash sorted option ids,generic plan — refine per leaf in FAZ A
Endüstriyel ve Ticari Ürünler › Endüstriyel Makineler › Üretim Makineleri › Freze,renk,false,1,attributesHash sorted option ids,generic plan — refine per leaf in FAZ A
Endüstriyel ve Ticari Ürünler › Endüstriyel Makineler › Üretim Makineleri › Pres,renk,false,1,attributesHash sorted option ids,generic plan — refine per leaf in FAZ A
Endüstriyel ve Ticari Ürünler › Endüstriyel Makineler › Üretim Makineleri › Lazer Kesim,renk,false,1,attributesHash sorted option ids,generic plan — refine per leaf in FAZ A
Endüstriyel ve Ticari Ürünler › Endüstriyel Makineler › Üretim Makineleri › Plazma Kesim,renk,false,1,attributesHash sorted option ids,generic plan — refine per leaf in FAZ A
Endüstriyel ve Ticari Ürünler › Endüstriyel Makineler › Üretim Makineleri › Şerit Testere,renk,false,1,attributesHash sorted option ids,generic plan — refine per leaf in FAZ A
Endüstriyel ve Ticari Ürünler › Endüstriyel Makineler › Üretim Makineleri › Paketleme Makinesi,renk,false,1,attributesHash sorted option ids,generic plan — refine per leaf in FAZ A
Endüstriyel ve Ticari Ürünler › Endüstriyel Makineler › Atölye Ekipmanları › Kompresör,renk,false,1,attributesHash sorted option ids,generic plan — refine per leaf in FAZ A
Endüstriyel ve Ticari Ürünler › Endüstriyel Makineler › Atölye Ekipmanları › Jeneratör,renk,false,1,attributesHash sorted option ids,generic plan — refine per leaf in FAZ A
Endüstriyel ve Ticari Ürünler › Endüstriyel Makineler › Atölye Ekipmanları › Kaynak Makinesi,renk,false,1,attributesHash sorted option ids,generic plan — refine per leaf in FAZ A
Endüstriyel ve Ticari Ürünler › Endüstriyel Makineler › Atölye Ekipmanları › Hava Tabancası,renk,false,1,attributesHash sorted option ids,generic plan — refine per leaf in FAZ A
Endüstriyel ve Ticari Ürünler › Endüstriyel Makineler › Atölye Ekipmanları › Takım Arabası,renk,false,1,attributesHash sorted option ids,generic plan — refine per leaf in FAZ A
Endüstriyel ve Ticari Ürünler › Endüstriyel Makineler › Atölye Ekipmanları › Mengene,renk,false,1,attributesHash sorted option ids,generic plan — refine per leaf in FAZ A
Endüstriyel ve Ticari Ürünler › Endüstriyel Makineler › Gıda Makineleri › Hamur Yoğurma,renk,false,1,attributesHash sorted option ids,generic plan — refine per leaf in FAZ A
Endüstriyel ve Ticari Ürünler › Endüstriyel Makineler › Gıda Makineleri › Dilimleme Makinesi,renk,false,1,attributesHash sorted option ids,generic plan — refine per leaf in FAZ A
Endüstriyel ve Ticari Ürünler › Endüstriyel Makineler › Gıda Makineleri › Et Kıyma Makinesi,renk,false,1,attributesHash sorted option ids,generic plan — refine per leaf in FAZ A
Endüstriyel ve Ticari Ürünler › Endüstriyel Makineler › Gıda Makineleri › Vakum Makinesi,renk,false,1,attributesHash sorted option ids,generic plan — refine per leaf in FAZ A
Endüstriyel ve Ticari Ürünler › Endüstriyel Makineler › Gıda Makineleri › Endüstriyel Mikser,renk,false,1,attributesHash sorted option ids,generic plan — refine per leaf in FAZ A
Endüstriyel ve Ticari Ürünler › Endüstriyel Makineler › Gıda Makineleri › Fritöz,renk,false,1,attributesHash sorted option ids,generic plan — refine per leaf in FAZ A
Endüstriyel ve Ticari Ürünler › Depo ve Lojistik › Depolama › Depo Rafı,renk,false,1,attributesHash sorted option ids,generic plan — refine per leaf in FAZ A
Endüstriyel ve Ticari Ürünler › Depo ve Lojistik › Depolama › Çelik Raf,renk,false,1,attributesHash sorted option ids,generic plan — refine per leaf in FAZ A
Endüstriyel ve Ticari Ürünler › Depo ve Lojistik › Depolama › Plastik Kasa,renk,false,1,attributesHash sorted option ids,generic plan — refine per leaf in FAZ A
Endüstriyel ve Ticari Ürünler › Depo ve Lojistik › Depolama › Palet,renk,false,1,attributesHash sorted option ids,generic plan — refine per leaf in FAZ A
Endüstriyel ve Ticari Ürünler › Depo ve Lojistik › Depolama › İstif Kutusu,renk,false,1,attributesHash sorted option ids,generic plan — refine per leaf in FAZ A
Endüstriyel ve Ticari Ürünler › Depo ve Lojistik › Depolama › Dolap,renk,false,1,attributesHash sorted option ids,generic plan — refine per leaf in FAZ A
Endüstriyel ve Ticari Ürünler › Depo ve Lojistik › Taşıma › Transpalet,renk,false,1,attributesHash sorted option ids,generic plan — refine per leaf in FAZ A
Endüstriyel ve Ticari Ürünler › Depo ve Lojistik › Taşıma › İstif Makinesi,renk,false,1,attributesHash sorted option ids,generic plan — refine per leaf in FAZ A
Endüstriyel ve Ticari Ürünler › Depo ve Lojistik › Taşıma › Platform Arabası,renk,false,1,attributesHash sorted option ids,generic plan — refine per leaf in FAZ A
Endüstriyel ve Ticari Ürünler › Depo ve Lojistik › Taşıma › El Arabası,renk,false,1,attributesHash sorted option ids,generic plan — refine per leaf in FAZ A
Endüstriyel ve Ticari Ürünler › Depo ve Lojistik › Taşıma › Konveyör,renk,false,1,attributesHash sorted option ids,generic plan — refine per leaf in FAZ A
Endüstriyel ve Ticari Ürünler › Depo ve Lojistik › Taşıma › Forklift Ataşmanı,renk,false,1,attributesHash sorted option ids,generic plan — refine per leaf in FAZ A
Endüstriyel ve Ticari Ürünler › Mağaza ve Market › Mağaza Ekipmanları › Raf Sistemi,renk,false,1,attributesHash sorted option ids,generic plan — refine per leaf in FAZ A
Endüstriyel ve Ticari Ürünler › Mağaza ve Market › Mağaza Ekipmanları › Vitrin,renk,false,1,attributesHash sorted option ids,generic plan — refine per leaf in FAZ A
Endüstriyel ve Ticari Ürünler › Mağaza ve Market › Mağaza Ekipmanları › Askılık,renk,false,1,attributesHash sorted option ids,generic plan — refine per leaf in FAZ A
Endüstriyel ve Ticari Ürünler › Mağaza ve Market › Mağaza Ekipmanları › Manken,renk,false,1,attributesHash sorted option ids,generic plan — refine per leaf in FAZ A
Endüstriyel ve Ticari Ürünler › Mağaza ve Market › Mağaza Ekipmanları › Kasa Bankosu,renk,false,1,attributesHash sorted option ids,generic plan — refine per leaf in FAZ A
Endüstriyel ve Ticari Ürünler › Mağaza ve Market › Mağaza Ekipmanları › Fiyat Etiketi,renk,false,1,attributesHash sorted option ids,generic plan — refine per leaf in FAZ A
Endüstriyel ve Ticari Ürünler › Mağaza ve Market › Ödeme ve Otomasyon › Yazar Kasa,renk,false,1,attributesHash sorted option ids,generic plan — refine per leaf in FAZ A
Endüstriyel ve Ticari Ürünler › Mağaza ve Market › Ödeme ve Otomasyon › POS Terminali,renk,false,1,attributesHash sorted option ids,generic plan — refine per leaf in FAZ A
Endüstriyel ve Ticari Ürünler › Mağaza ve Market › Ödeme ve Otomasyon › Barkod Okuyucu,renk,false,1,attributesHash sorted option ids,generic plan — refine per leaf in FAZ A
Endüstriyel ve Ticari Ürünler › Mağaza ve Market › Ödeme ve Otomasyon › Etiket Yazıcı,renk,false,1,attributesHash sorted option ids,generic plan — refine per leaf in FAZ A
Endüstriyel ve Ticari Ürünler › Mağaza ve Market › Ödeme ve Otomasyon › Para Çekmecesi,renk,false,1,attributesHash sorted option ids,generic plan — refine per leaf in FAZ A
Endüstriyel ve Ticari Ürünler › Mağaza ve Market › Ödeme ve Otomasyon › Terazi,renk,false,1,attributesHash sorted option ids,generic plan — refine per leaf in FAZ A
Endüstriyel ve Ticari Ürünler › Mağaza ve Market › Soğutma › Market Dolabı,renk,false,1,attributesHash sorted option ids,generic plan — refine per leaf in FAZ A
Endüstriyel ve Ticari Ürünler › Mağaza ve Market › Soğutma › Şarküteri Dolabı,renk,false,1,attributesHash sorted option ids,generic plan — refine per leaf in FAZ A
Endüstriyel ve Ticari Ürünler › Mağaza ve Market › Soğutma › Dondurma Reyonu,renk,false,1,attributesHash sorted option ids,generic plan — refine per leaf in FAZ A
Endüstriyel ve Ticari Ürünler › Mağaza ve Market › Soğutma › Soğuk Oda Ekipmanı,renk,false,1,attributesHash sorted option ids,generic plan — refine per leaf in FAZ A
Endüstriyel ve Ticari Ürünler › Restoran ve Otel › Mutfak Ekipmanları › Endüstriyel Fırın,renk,false,1,attributesHash sorted option ids,generic plan — refine per leaf in FAZ A
Endüstriyel ve Ticari Ürünler › Restoran ve Otel › Mutfak Ekipmanları › Endüstriyel Ocak,renk,false,1,attributesHash sorted option ids,generic plan — refine per leaf in FAZ A
Endüstriyel ve Ticari Ürünler › Restoran ve Otel › Mutfak Ekipmanları › Endüstriyel Bulaşık,renk,false,1,attributesHash sorted option ids,generic plan — refine per leaf in FAZ A
Endüstriyel ve Ticari Ürünler › Restoran ve Otel › Mutfak Ekipmanları › Davlumbaz,renk,false,1,attributesHash sorted option ids,generic plan — refine per leaf in FAZ A
Endüstriyel ve Ticari Ürünler › Restoran ve Otel › Mutfak Ekipmanları › Hazırlık Tezgahı,renk,false,1,attributesHash sorted option ids,generic plan — refine per leaf in FAZ A
Endüstriyel ve Ticari Ürünler › Restoran ve Otel › Servis Ekipmanları › Servis Arabası,renk,false,1,attributesHash sorted option ids,generic plan — refine per leaf in FAZ A
Endüstriyel ve Ticari Ürünler › Restoran ve Otel › Servis Ekipmanları › Benmari,renk,false,1,attributesHash sorted option ids,generic plan — refine per leaf in FAZ A
Endüstriyel ve Ticari Ürünler › Restoran ve Otel › Servis Ekipmanları › Çay Kazanı,renk,false,1,attributesHash sorted option ids,generic plan — refine per leaf in FAZ A
Endüstriyel ve Ticari Ürünler › Restoran ve Otel › Servis Ekipmanları › Kahve Makinesi,renk,false,1,attributesHash sorted option ids,generic plan — refine per leaf in FAZ A
Endüstriyel ve Ticari Ürünler › Restoran ve Otel › Servis Ekipmanları › Buz Makinesi,renk,false,1,attributesHash sorted option ids,generic plan — refine per leaf in FAZ A
Endüstriyel ve Ticari Ürünler › Restoran ve Otel › Otel Ekipmanları › Mini Bar,renk,false,1,attributesHash sorted option ids,generic plan — refine per leaf in FAZ A
Endüstriyel ve Ticari Ürünler › Restoran ve Otel › Otel Ekipmanları › Otel Tipi Kasa,renk,false,1,attributesHash sorted option ids,generic plan — refine per leaf in FAZ A
Endüstriyel ve Ticari Ürünler › Restoran ve Otel › Otel Ekipmanları › Bagaj Arabası,renk,false,1,attributesHash sorted option ids,generic plan — refine per leaf in FAZ A
Endüstriyel ve Ticari Ürünler › Restoran ve Otel › Otel Ekipmanları › Kat Arabası,renk,false,1,attributesHash sorted option ids,generic plan — refine per leaf in FAZ A
Endüstriyel ve Ticari Ürünler › Restoran ve Otel › Otel Ekipmanları › Otel Tekstili,renk,false,1,attributesHash sorted option ids,generic plan — refine per leaf in FAZ A
Endüstriyel ve Ticari Ürünler › İş Güvenliği › Kişisel Koruyucu › Baret,renk,false,1,attributesHash sorted option ids,generic plan — refine per leaf in FAZ A
Endüstriyel ve Ticari Ürünler › İş Güvenliği › Kişisel Koruyucu › İş Ayakkabısı,renk,false,1,attributesHash sorted option ids,generic plan — refine per leaf in FAZ A
Endüstriyel ve Ticari Ürünler › İş Güvenliği › Kişisel Koruyucu › İş Eldiveni,renk,false,1,attributesHash sorted option ids,generic plan — refine per leaf in FAZ A
Endüstriyel ve Ticari Ürünler › İş Güvenliği › Kişisel Koruyucu › Koruyucu Gözlük,renk,false,1,attributesHash sorted option ids,generic plan — refine per leaf in FAZ A
Endüstriyel ve Ticari Ürünler › İş Güvenliği › Kişisel Koruyucu › Maske,renk,false,1,attributesHash sorted option ids,generic plan — refine per leaf in FAZ A
Endüstriyel ve Ticari Ürünler › İş Güvenliği › Kişisel Koruyucu › Reflektörlü Yelek,renk,false,1,attributesHash sorted option ids,generic plan — refine per leaf in FAZ A
Endüstriyel ve Ticari Ürünler › İş Güvenliği › Kişisel Koruyucu › Emniyet Kemeri,renk,false,1,attributesHash sorted option ids,generic plan — refine per leaf in FAZ A
Endüstriyel ve Ticari Ürünler › İş Güvenliği › İşyeri Güvenliği › Yangın Söndürücü,renk,false,1,attributesHash sorted option ids,generic plan — refine per leaf in FAZ A
Endüstriyel ve Ticari Ürünler › İş Güvenliği › İşyeri Güvenliği › Uyarı Levhası,renk,false,1,attributesHash sorted option ids,generic plan — refine per leaf in FAZ A
Endüstriyel ve Ticari Ürünler › İş Güvenliği › İşyeri Güvenliği › Bariyer,renk,false,1,attributesHash sorted option ids,generic plan — refine per leaf in FAZ A
Endüstriyel ve Ticari Ürünler › İş Güvenliği › İşyeri Güvenliği › İlk Yardım Dolabı,renk,false,1,attributesHash sorted option ids,generic plan — refine per leaf in FAZ A
Endüstriyel ve Ticari Ürünler › İş Güvenliği › İşyeri Güvenliği › Acil Aydınlatma,renk,false,1,attributesHash sorted option ids,generic plan — refine per leaf in FAZ A
Endüstriyel ve Ticari Ürünler › Ofis ve Ticari Teknoloji › Kurumsal Donanım › Sunucu,renk,false,1,attributesHash sorted option ids,generic plan — refine per leaf in FAZ A
Endüstriyel ve Ticari Ürünler › Ofis ve Ticari Teknoloji › Kurumsal Donanım › Rack Kabin,renk,false,1,attributesHash sorted option ids,generic plan — refine per leaf in FAZ A
Endüstriyel ve Ticari Ürünler › Ofis ve Ticari Teknoloji › Kurumsal Donanım › UPS,renk,false,1,attributesHash sorted option ids,generic plan — refine per leaf in FAZ A
Endüstriyel ve Ticari Ürünler › Ofis ve Ticari Teknoloji › Kurumsal Donanım › Switch,renk,false,1,attributesHash sorted option ids,generic plan — refine per leaf in FAZ A
Endüstriyel ve Ticari Ürünler › Ofis ve Ticari Teknoloji › Kurumsal Donanım › Kurumsal Yazıcı,renk,false,1,attributesHash sorted option ids,generic plan — refine per leaf in FAZ A
Endüstriyel ve Ticari Ürünler › Ofis ve Ticari Teknoloji › Kurumsal Donanım › Video Konferans Sistemi,renk,false,1,attributesHash sorted option ids,generic plan — refine per leaf in FAZ A
Endüstriyel ve Ticari Ürünler › Ofis ve Ticari Teknoloji › Güvenlik ve Geçiş › Turnike,renk,false,1,attributesHash sorted option ids,generic plan — refine per leaf in FAZ A
Endüstriyel ve Ticari Ürünler › Ofis ve Ticari Teknoloji › Güvenlik ve Geçiş › Kartlı Geçiş,renk,false,1,attributesHash sorted option ids,generic plan — refine per leaf in FAZ A
Endüstriyel ve Ticari Ürünler › Ofis ve Ticari Teknoloji › Güvenlik ve Geçiş › Parmak İzi Cihazı,renk,false,1,attributesHash sorted option ids,generic plan — refine per leaf in FAZ A
Endüstriyel ve Ticari Ürünler › Ofis ve Ticari Teknoloji › Güvenlik ve Geçiş › X-Ray Cihazı,renk,false,1,attributesHash sorted option ids,generic plan — refine per leaf in FAZ A
Endüstriyel ve Ticari Ürünler › Ofis ve Ticari Teknoloji › Güvenlik ve Geçiş › Metal Dedektörü,renk,false,1,attributesHash sorted option ids,generic plan — refine per leaf in FAZ A
