category,subcategory,brand,series,modelVariant,sourceStatus,existingId,existingPath,targetPath,decision,confidence,reason,willPreserveId,relationCount,manualReviewRequired
Elektrikli Araçlar,,Aion,ES,,CURATED_REVIEW,,Vasıta > Elektrikli Araçlar > Aion > ES,Vasıta > Elektrikli Araçlar > Aion > ES,SKIP_OVERLAY,high,Elektrikli/kiralık/hasarlı/klasik/engelli overlay — kanonik CategoryBrand seed yok,n/a,0,no
Elektrikli Araçlar,,Aion,Hyper GT,,CURATED_REVIEW,,Vasıta > Elektrikli Araçlar > Aion > Hyper GT,Vasıta > Elektrikli Araçlar > Aion > Hyper GT,SKIP_OVERLAY,high,Elektrikli/kiralık/hasarlı/klasik/engelli overlay — kanonik CategoryBrand seed yok,n/a,0,no
Elektrikli Araçlar,,Aion,S,,CURATED_REVIEW,,Vasıta > Elektrikli Araçlar > Aion > S,Vasıta > Elektrikli Araçlar > Aion > S,SKIP_OVERLAY,high,Elektrikli/kiralık/hasarlı/klasik/engelli overlay — kanonik CategoryBrand seed yok,n/a,0,no
Elektrikli Araçlar,,Aion,Y Plus,,CURATED_REVIEW,,Vasıta > Elektrikli Araçlar > Aion > Y Plus,Vasıta > Elektrikli Araçlar > Aion > Y Plus,SKIP_OVERLAY,high,Elektrikli/kiralık/hasarlı/klasik/engelli overlay — kanonik CategoryBrand seed yok,n/a,0,no
Elektrikli Araçlar,,Audi,A6 e-tron,,CURATED_REVIEW,,Vasıta > Elektrikli Araçlar > Audi > A6 e-tron,Vasıta > Elektrikli Araçlar > Audi > A6 e-tron,SKIP_OVERLAY,high,Elektrikli/kiralık/hasarlı/klasik/engelli overlay — kanonik CategoryBrand seed yok,n/a,0,no
Elektrikli Araçlar,,Audi,e-tron GT,,CURATED_REVIEW,,Vasıta > Elektrikli Araçlar > Audi > e-tron GT,Vasıta > Elektrikli Araçlar > Audi > e-tron GT,SKIP_OVERLAY,high,Elektrikli/kiralık/hasarlı/klasik/engelli overlay — kanonik CategoryBrand seed yok,n/a,0,no
Elektrikli Araçlar,,Audi,Q4 e-tron,,CURATED_REVIEW,,Vasıta > Elektrikli Araçlar > Audi > Q4 e-tron,Vasıta > Elektrikli Araçlar > Audi > Q4 e-tron,SKIP_OVERLAY,high,Elektrikli/kiralık/hasarlı/klasik/engelli overlay — kanonik CategoryBrand seed yok,n/a,0,no
Elektrikli Araçlar,,Audi,Q6 e-tron,,CURATED_REVIEW,,Vasıta > Elektrikli Araçlar > Audi > Q6 e-tron,Vasıta > Elektrikli Araçlar > Audi > Q6 e-tron,SKIP_OVERLAY,high,Elektrikli/kiralık/hasarlı/klasik/engelli overlay — kanonik CategoryBrand seed yok,n/a,0,no
Elektrikli Araçlar,,Audi,Q8 e-tron,,CURATED_REVIEW,,Vasıta > Elektrikli Araçlar > Audi > Q8 e-tron,Vasıta > Elektrikli Araçlar > Audi > Q8 e-tron,SKIP_OVERLAY,high,Elektrikli/kiralık/hasarlı/klasik/engelli overlay — kanonik CategoryBrand seed yok,n/a,0,no
Elektrikli Araçlar,,BMW,i3,,CURATED_REVIEW,,Vasıta > Elektrikli Araçlar > BMW > i3,Vasıta > Elektrikli Araçlar > BMW > i3,SKIP_OVERLAY,high,Elektrikli/kiralık/hasarlı/klasik/engelli overlay — kanonik CategoryBrand seed yok,n/a,0,no
Elektrikli Araçlar,,BMW,i4,,CURATED_REVIEW,,Vasıta > Elektrikli Araçlar > BMW > i4,Vasıta > Elektrikli Araçlar > BMW > i4,SKIP_OVERLAY,high,Elektrikli/kiralık/hasarlı/klasik/engelli overlay — kanonik CategoryBrand seed yok,n/a,0,no
Elektrikli Araçlar,,BMW,i5,,CURATED_REVIEW,,Vasıta > Elektrikli Araçlar > BMW > i5,Vasıta > Elektrikli Araçlar > BMW > i5,SKIP_OVERLAY,high,Elektrikli/kiralık/hasarlı/klasik/engelli overlay — kanonik CategoryBrand seed yok,n/a,0,no
Elektrikli Araçlar,,BMW,i7,,CURATED_REVIEW,,Vasıta > Elektrikli Araçlar > BMW > i7,Vasıta > Elektrikli Araçlar > BMW > i7,SKIP_OVERLAY,high,Elektrikli/kiralık/hasarlı/klasik/engelli overlay — kanonik CategoryBrand seed yok,n/a,0,no
Elektrikli Araçlar,,BMW,iX,,CURATED_REVIEW,,Vasıta > Elektrikli Araçlar > BMW > iX,Vasıta > Elektrikli Araçlar > BMW > iX,SKIP_OVERLAY,high,Elektrikli/kiralık/hasarlı/klasik/engelli overlay — kanonik CategoryBrand seed yok,n/a,0,no
Elektrikli Araçlar,,BMW,iX1,,CURATED_REVIEW,,Vasıta > Elektrikli Araçlar > BMW > iX1,Vasıta > Elektrikli Araçlar > BMW > iX1,SKIP_OVERLAY,high,Elektrikli/kiralık/hasarlı/klasik/engelli overlay — kanonik CategoryBrand seed yok,n/a,0,no
Elektrikli Araçlar,,BMW,iX2,,CURATED_REVIEW,,Vasıta > Elektrikli Araçlar > BMW > iX2,Vasıta > Elektrikli Araçlar > BMW > iX2,SKIP_OVERLAY,high,Elektrikli/kiralık/hasarlı/klasik/engelli overlay — kanonik CategoryBrand seed yok,n/a,0,no
Elektrikli Araçlar,,BMW,iX3,,CURATED_REVIEW,,Vasıta > Elektrikli Araçlar > BMW > iX3,Vasıta > Elektrikli Araçlar > BMW > iX3,SKIP_OVERLAY,high,Elektrikli/kiralık/hasarlı/klasik/engelli overlay — kanonik CategoryBrand seed yok,n/a,0,no
Elektrikli Araçlar,,BYD,Atto 3,,CURATED_REVIEW,,Vasıta > Elektrikli Araçlar > BYD > Atto 3,Vasıta > Elektrikli Araçlar > BYD > Atto 3,SKIP_OVERLAY,high,Elektrikli/kiralık/hasarlı/klasik/engelli overlay — kanonik CategoryBrand seed yok,n/a,0,no
Elektrikli Araçlar,,BYD,Dolphin,,CURATED_REVIEW,,Vasıta > Elektrikli Araçlar > BYD > Dolphin,Vasıta > Elektrikli Araçlar > BYD > Dolphin,SKIP_OVERLAY,high,Elektrikli/kiralık/hasarlı/klasik/engelli overlay — kanonik CategoryBrand seed yok,n/a,0,no
Elektrikli Araçlar,,BYD,Han,,CURATED_REVIEW,,Vasıta > Elektrikli Araçlar > BYD > Han,Vasıta > Elektrikli Araçlar > BYD > Han,SKIP_OVERLAY,high,Elektrikli/kiralık/hasarlı/klasik/engelli overlay — kanonik CategoryBrand seed yok,n/a,0,no
Elektrikli Araçlar,,BYD,Seal,,CURATED_REVIEW,,Vasıta > Elektrikli Araçlar > BYD > Seal,Vasıta > Elektrikli Araçlar > BYD > Seal,SKIP_OVERLAY,high,Elektrikli/kiralık/hasarlı/klasik/engelli overlay — kanonik CategoryBrand seed yok,n/a,0,no
Elektrikli Araçlar,,BYD,Seal U,,CURATED_REVIEW,,Vasıta > Elektrikli Araçlar > BYD > Seal U,Vasıta > Elektrikli Araçlar > BYD > Seal U,SKIP_OVERLAY,high,Elektrikli/kiralık/hasarlı/klasik/engelli overlay — kanonik CategoryBrand seed yok,n/a,0,no
Elektrikli Araçlar,,BYD,Tang,,CURATED_REVIEW,,Vasıta > Elektrikli Araçlar > BYD > Tang,Vasıta > Elektrikli Araçlar > BYD > Tang,SKIP_OVERLAY,high,Elektrikli/kiralık/hasarlı/klasik/engelli overlay — kanonik CategoryBrand seed yok,n/a,0,no
Elektrikli Araçlar,,Citroen,Ami,,CURATED_REVIEW,,Vasıta > Elektrikli Araçlar > Citroen > Ami,Vasıta > Elektrikli Araçlar > Citroen > Ami,SKIP_OVERLAY,high,Elektrikli/kiralık/hasarlı/klasik/engelli overlay — kanonik CategoryBrand seed yok,n/a,0,no
Elektrikli Araçlar,,Citroen,e-Berlingo,,CURATED_REVIEW,,Vasıta > Elektrikli Araçlar > Citroen > e-Berlingo,Vasıta > Elektrikli Araçlar > Citroen > e-Berlingo,SKIP_OVERLAY,high,Elektrikli/kiralık/hasarlı/klasik/engelli overlay — kanonik CategoryBrand seed yok,n/a,0,no
Elektrikli Araçlar,,Citroen,e-C3,,CURATED_REVIEW,,Vasıta > Elektrikli Araçlar > Citroen > e-C3,Vasıta > Elektrikli Araçlar > Citroen > e-C3,SKIP_OVERLAY,high,Elektrikli/kiralık/hasarlı/klasik/engelli overlay — kanonik CategoryBrand seed yok,n/a,0,no
Elektrikli Araçlar,,Citroen,e-C4,,CURATED_REVIEW,,Vasıta > Elektrikli Araçlar > Citroen > e-C4,Vasıta > Elektrikli Araçlar > Citroen > e-C4,SKIP_OVERLAY,high,Elektrikli/kiralık/hasarlı/klasik/engelli overlay — kanonik CategoryBrand seed yok,n/a,0,no
Elektrikli Araçlar,,Citroen,e-C4 X,,CURATED_REVIEW,,Vasıta > Elektrikli Araçlar > Citroen > e-C4 X,Vasıta > Elektrikli Araçlar > Citroen > e-C4 X,SKIP_OVERLAY,high,Elektrikli/kiralık/hasarlı/klasik/engelli overlay — kanonik CategoryBrand seed yok,n/a,0,no
Elektrikli Araçlar,,Cupra,Born,,CURATED_REVIEW,,Vasıta > Elektrikli Araçlar > Cupra > Born,Vasıta > Elektrikli Araçlar > Cupra > Born,SKIP_OVERLAY,high,Elektrikli/kiralık/hasarlı/klasik/engelli overlay — kanonik CategoryBrand seed yok,n/a,0,no
Elektrikli Araçlar,,Cupra,Tavascan,,CURATED_REVIEW,,Vasıta > Elektrikli Araçlar > Cupra > Tavascan,Vasıta > Elektrikli Araçlar > Cupra > Tavascan,SKIP_OVERLAY,high,Elektrikli/kiralık/hasarlı/klasik/engelli overlay — kanonik CategoryBrand seed yok,n/a,0,no
Elektrikli Araçlar,,DS Automobiles,DS 3 E-Tense,,CURATED_REVIEW,,Vasıta > Elektrikli Araçlar > DS Automobiles > DS 3 E-Tense,Vasıta > Elektrikli Araçlar > DS Automobiles > DS 3 E-Tense,SKIP_OVERLAY,high,Elektrikli/kiralık/hasarlı/klasik/engelli overlay — kanonik CategoryBrand seed yok,n/a,0,no
Elektrikli Araçlar,,DS Automobiles,DS 4 E-Tense,,CURATED_REVIEW,,Vasıta > Elektrikli Araçlar > DS Automobiles > DS 4 E-Tense,Vasıta > Elektrikli Araçlar > DS Automobiles > DS 4 E-Tense,SKIP_OVERLAY,high,Elektrikli/kiralık/hasarlı/klasik/engelli overlay — kanonik CategoryBrand seed yok,n/a,0,no
Elektrikli Araçlar,,Fiat,500e,,CURATED_REVIEW,,Vasıta > Elektrikli Araçlar > Fiat > 500e,Vasıta > Elektrikli Araçlar > Fiat > 500e,SKIP_OVERLAY,high,Elektrikli/kiralık/hasarlı/klasik/engelli overlay — kanonik CategoryBrand seed yok,n/a,0,no
Elektrikli Araçlar,,Fiat,600e,,CURATED_REVIEW,,Vasıta > Elektrikli Araçlar > Fiat > 600e,Vasıta > Elektrikli Araçlar > Fiat > 600e,SKIP_OVERLAY,high,Elektrikli/kiralık/hasarlı/klasik/engelli overlay — kanonik CategoryBrand seed yok,n/a,0,no
Elektrikli Araçlar,,Fiat,E-Doblo,,CURATED_REVIEW,,Vasıta > Elektrikli Araçlar > Fiat > E-Doblo,Vasıta > Elektrikli Araçlar > Fiat > E-Doblo,SKIP_OVERLAY,high,Elektrikli/kiralık/hasarlı/klasik/engelli overlay — kanonik CategoryBrand seed yok,n/a,0,no
Elektrikli Araçlar,,Fiat,E-Ducato,,CURATED_REVIEW,,Vasıta > Elektrikli Araçlar > Fiat > E-Ducato,Vasıta > Elektrikli Araçlar > Fiat > E-Ducato,SKIP_OVERLAY,high,Elektrikli/kiralık/hasarlı/klasik/engelli overlay — kanonik CategoryBrand seed yok,n/a,0,no
Elektrikli Araçlar,,Fiat,Topolino,,CURATED_REVIEW,,Vasıta > Elektrikli Araçlar > Fiat > Topolino,Vasıta > Elektrikli Araçlar > Fiat > Topolino,SKIP_OVERLAY,high,Elektrikli/kiralık/hasarlı/klasik/engelli overlay — kanonik CategoryBrand seed yok,n/a,0,no
Elektrikli Araçlar,,Ford,Capri EV,,CURATED_REVIEW,,Vasıta > Elektrikli Araçlar > Ford > Capri EV,Vasıta > Elektrikli Araçlar > Ford > Capri EV,SKIP_OVERLAY,high,Elektrikli/kiralık/hasarlı/klasik/engelli overlay — kanonik CategoryBrand seed yok,n/a,0,no
Elektrikli Araçlar,,Ford,E-Transit,,CURATED_REVIEW,,Vasıta > Elektrikli Araçlar > Ford > E-Transit,Vasıta > Elektrikli Araçlar > Ford > E-Transit,SKIP_OVERLAY,high,Elektrikli/kiralık/hasarlı/klasik/engelli overlay — kanonik CategoryBrand seed yok,n/a,0,no
Elektrikli Araçlar,,Ford,E-Transit Courier,,CURATED_REVIEW,,Vasıta > Elektrikli Araçlar > Ford > E-Transit Courier,Vasıta > Elektrikli Araçlar > Ford > E-Transit Courier,SKIP_OVERLAY,high,Elektrikli/kiralık/hasarlı/klasik/engelli overlay — kanonik CategoryBrand seed yok,n/a,0,no
Elektrikli Araçlar,,Ford,Explorer EV,,CURATED_REVIEW,,Vasıta > Elektrikli Araçlar > Ford > Explorer EV,Vasıta > Elektrikli Araçlar > Ford > Explorer EV,SKIP_OVERLAY,high,Elektrikli/kiralık/hasarlı/klasik/engelli overlay — kanonik CategoryBrand seed yok,n/a,0,no
Elektrikli Araçlar,,Ford,Mustang Mach-E,,CURATED_REVIEW,,Vasıta > Elektrikli Araçlar > Ford > Mustang Mach-E,Vasıta > Elektrikli Araçlar > Ford > Mustang Mach-E,SKIP_OVERLAY,high,Elektrikli/kiralık/hasarlı/klasik/engelli overlay — kanonik CategoryBrand seed yok,n/a,0,no
Elektrikli Araçlar,,Honda,e:Ny1,,CURATED_REVIEW,,Vasıta > Elektrikli Araçlar > Honda > e:Ny1,Vasıta > Elektrikli Araçlar > Honda > e:Ny1,SKIP_OVERLAY,high,Elektrikli/kiralık/hasarlı/klasik/engelli overlay — kanonik CategoryBrand seed yok,n/a,0,no
Elektrikli Araçlar,,Honda,Honda e,,CURATED_REVIEW,,Vasıta > Elektrikli Araçlar > Honda > Honda e,Vasıta > Elektrikli Araçlar > Honda > Honda e,SKIP_OVERLAY,high,Elektrikli/kiralık/hasarlı/klasik/engelli overlay — kanonik CategoryBrand seed yok,n/a,0,no
Elektrikli Araçlar,,Hyundai,Inster,,CURATED_REVIEW,,Vasıta > Elektrikli Araçlar > Hyundai > Inster,Vasıta > Elektrikli Araçlar > Hyundai > Inster,SKIP_OVERLAY,high,Elektrikli/kiralık/hasarlı/klasik/engelli overlay — kanonik CategoryBrand seed yok,n/a,0,no
Elektrikli Araçlar,,Hyundai,Ioniq 5,,CURATED_REVIEW,,Vasıta > Elektrikli Araçlar > Hyundai > Ioniq 5,Vasıta > Elektrikli Araçlar > Hyundai > Ioniq 5,SKIP_OVERLAY,high,Elektrikli/kiralık/hasarlı/klasik/engelli overlay — kanonik CategoryBrand seed yok,n/a,0,no
Elektrikli Araçlar,,Hyundai,Ioniq 6,,CURATED_REVIEW,,Vasıta > Elektrikli Araçlar > Hyundai > Ioniq 6,Vasıta > Elektrikli Araçlar > Hyundai > Ioniq 6,SKIP_OVERLAY,high,Elektrikli/kiralık/hasarlı/klasik/engelli overlay — kanonik CategoryBrand seed yok,n/a,0,no
Elektrikli Araçlar,,Hyundai,Kona Electric,,CURATED_REVIEW,,Vasıta > Elektrikli Araçlar > Hyundai > Kona Electric,Vasıta > Elektrikli Araçlar > Hyundai > Kona Electric,SKIP_OVERLAY,high,Elektrikli/kiralık/hasarlı/klasik/engelli overlay — kanonik CategoryBrand seed yok,n/a,0,no
Elektrikli Araçlar,,Jaguar,I-Pace,,CURATED_REVIEW,,Vasıta > Elektrikli Araçlar > Jaguar > I-Pace,Vasıta > Elektrikli Araçlar > Jaguar > I-Pace,SKIP_OVERLAY,high,Elektrikli/kiralık/hasarlı/klasik/engelli overlay — kanonik CategoryBrand seed yok,n/a,0,no
Elektrikli Araçlar,,Jeep,Avenger Electric,,CURATED_REVIEW,,Vasıta > Elektrikli Araçlar > Jeep > Avenger Electric,Vasıta > Elektrikli Araçlar > Jeep > Avenger Electric,SKIP_OVERLAY,high,Elektrikli/kiralık/hasarlı/klasik/engelli overlay — kanonik CategoryBrand seed yok,n/a,0,no
Elektrikli Araçlar,,Kia,EV3,,CURATED_REVIEW,,Vasıta > Elektrikli Araçlar > Kia > EV3,Vasıta > Elektrikli Araçlar > Kia > EV3,SKIP_OVERLAY,high,Elektrikli/kiralık/hasarlı/klasik/engelli overlay — kanonik CategoryBrand seed yok,n/a,0,no
Elektrikli Araçlar,,Kia,EV5,,CURATED_REVIEW,,Vasıta > Elektrikli Araçlar > Kia > EV5,Vasıta > Elektrikli Araçlar > Kia > EV5,SKIP_OVERLAY,high,Elektrikli/kiralık/hasarlı/klasik/engelli overlay — kanonik CategoryBrand seed yok,n/a,0,no
Elektrikli Araçlar,,Kia,EV6,,CURATED_REVIEW,,Vasıta > Elektrikli Araçlar > Kia > EV6,Vasıta > Elektrikli Araçlar > Kia > EV6,SKIP_OVERLAY,high,Elektrikli/kiralık/hasarlı/klasik/engelli overlay — kanonik CategoryBrand seed yok,n/a,0,no
Elektrikli Araçlar,,Kia,EV9,,CURATED_REVIEW,,Vasıta > Elektrikli Araçlar > Kia > EV9,Vasıta > Elektrikli Araçlar > Kia > EV9,SKIP_OVERLAY,high,Elektrikli/kiralık/hasarlı/klasik/engelli overlay — kanonik CategoryBrand seed yok,n/a,0,no
Elektrikli Araçlar,,Kia,Niro EV,,CURATED_REVIEW,,Vasıta > Elektrikli Araçlar > Kia > Niro EV,Vasıta > Elektrikli Araçlar > Kia > Niro EV,SKIP_OVERLAY,high,Elektrikli/kiralık/hasarlı/klasik/engelli overlay — kanonik CategoryBrand seed yok,n/a,0,no
Elektrikli Araçlar,,Leapmotor,C10,,CURATED_REVIEW,,Vasıta > Elektrikli Araçlar > Leapmotor > C10,Vasıta > Elektrikli Araçlar > Leapmotor > C10,SKIP_OVERLAY,high,Elektrikli/kiralık/hasarlı/klasik/engelli overlay — kanonik CategoryBrand seed yok,n/a,0,no
Elektrikli Araçlar,,Leapmotor,C11,,CURATED_REVIEW,,Vasıta > Elektrikli Araçlar > Leapmotor > C11,Vasıta > Elektrikli Araçlar > Leapmotor > C11,SKIP_OVERLAY,high,Elektrikli/kiralık/hasarlı/klasik/engelli overlay — kanonik CategoryBrand seed yok,n/a,0,no
Elektrikli Araçlar,,Leapmotor,T03,,CURATED_REVIEW,,Vasıta > Elektrikli Araçlar > Leapmotor > T03,Vasıta > Elektrikli Araçlar > Leapmotor > T03,SKIP_OVERLAY,high,Elektrikli/kiralık/hasarlı/klasik/engelli overlay — kanonik CategoryBrand seed yok,n/a,0,no
Elektrikli Araçlar,,Lexus,RZ,,CURATED_REVIEW,,Vasıta > Elektrikli Araçlar > Lexus > RZ,Vasıta > Elektrikli Araçlar > Lexus > RZ,SKIP_OVERLAY,high,Elektrikli/kiralık/hasarlı/klasik/engelli overlay — kanonik CategoryBrand seed yok,n/a,0,no
Elektrikli Araçlar,,Lexus,UX 300e,,CURATED_REVIEW,,Vasıta > Elektrikli Araçlar > Lexus > UX 300e,Vasıta > Elektrikli Araçlar > Lexus > UX 300e,SKIP_OVERLAY,high,Elektrikli/kiralık/hasarlı/klasik/engelli overlay — kanonik CategoryBrand seed yok,n/a,0,no
Elektrikli Araçlar,,Mercedes-Benz,EQA,,CURATED_REVIEW,,Vasıta > Elektrikli Araçlar > Mercedes-Benz > EQA,Vasıta > Elektrikli Araçlar > Mercedes-Benz > EQA,SKIP_OVERLAY,high,Elektrikli/kiralık/hasarlı/klasik/engelli overlay — kanonik CategoryBrand seed yok,n/a,0,no
Elektrikli Araçlar,,Mercedes-Benz,EQB,,CURATED_REVIEW,,Vasıta > Elektrikli Araçlar > Mercedes-Benz > EQB,Vasıta > Elektrikli Araçlar > Mercedes-Benz > EQB,SKIP_OVERLAY,high,Elektrikli/kiralık/hasarlı/klasik/engelli overlay — kanonik CategoryBrand seed yok,n/a,0,no
Elektrikli Araçlar,,Mercedes-Benz,EQC,,CURATED_REVIEW,,Vasıta > Elektrikli Araçlar > Mercedes-Benz > EQC,Vasıta > Elektrikli Araçlar > Mercedes-Benz > EQC,SKIP_OVERLAY,high,Elektrikli/kiralık/hasarlı/klasik/engelli overlay — kanonik CategoryBrand seed yok,n/a,0,no
Elektrikli Araçlar,,Mercedes-Benz,EQE,,CURATED_REVIEW,,Vasıta > Elektrikli Araçlar > Mercedes-Benz > EQE,Vasıta > Elektrikli Araçlar > Mercedes-Benz > EQE,SKIP_OVERLAY,high,Elektrikli/kiralık/hasarlı/klasik/engelli overlay — kanonik CategoryBrand seed yok,n/a,0,no
Elektrikli Araçlar,,Mercedes-Benz,EQE SUV,,CURATED_REVIEW,,Vasıta > Elektrikli Araçlar > Mercedes-Benz > EQE SUV,Vasıta > Elektrikli Araçlar > Mercedes-Benz > EQE SUV,SKIP_OVERLAY,high,Elektrikli/kiralık/hasarlı/klasik/engelli overlay — kanonik CategoryBrand seed yok,n/a,0,no
Elektrikli Araçlar,,Mercedes-Benz,EQS,,CURATED_REVIEW,,Vasıta > Elektrikli Araçlar > Mercedes-Benz > EQS,Vasıta > Elektrikli Araçlar > Mercedes-Benz > EQS,SKIP_OVERLAY,high,Elektrikli/kiralık/hasarlı/klasik/engelli overlay — kanonik CategoryBrand seed yok,n/a,0,no
Elektrikli Araçlar,,Mercedes-Benz,EQS SUV,,CURATED_REVIEW,,Vasıta > Elektrikli Araçlar > Mercedes-Benz > EQS SUV,Vasıta > Elektrikli Araçlar > Mercedes-Benz > EQS SUV,SKIP_OVERLAY,high,Elektrikli/kiralık/hasarlı/klasik/engelli overlay — kanonik CategoryBrand seed yok,n/a,0,no
Elektrikli Araçlar,,Mercedes-Benz,G 580 EQ,,CURATED_REVIEW,,Vasıta > Elektrikli Araçlar > Mercedes-Benz > G 580 EQ,Vasıta > Elektrikli Araçlar > Mercedes-Benz > G 580 EQ,SKIP_OVERLAY,high,Elektrikli/kiralık/hasarlı/klasik/engelli overlay — kanonik CategoryBrand seed yok,n/a,0,no
Elektrikli Araçlar,,MG,Marvel R,,CURATED_REVIEW,,Vasıta > Elektrikli Araçlar > MG > Marvel R,Vasıta > Elektrikli Araçlar > MG > Marvel R,SKIP_OVERLAY,high,Elektrikli/kiralık/hasarlı/klasik/engelli overlay — kanonik CategoryBrand seed yok,n/a,0,no
Elektrikli Araçlar,,MG,MG4,,CURATED_REVIEW,,Vasıta > Elektrikli Araçlar > MG > MG4,Vasıta > Elektrikli Araçlar > MG > MG4,SKIP_OVERLAY,high,Elektrikli/kiralık/hasarlı/klasik/engelli overlay — kanonik CategoryBrand seed yok,n/a,0,no
Elektrikli Araçlar,,MG,MG5 Electric,,CURATED_REVIEW,,Vasıta > Elektrikli Araçlar > MG > MG5 Electric,Vasıta > Elektrikli Araçlar > MG > MG5 Electric,SKIP_OVERLAY,high,Elektrikli/kiralık/hasarlı/klasik/engelli overlay — kanonik CategoryBrand seed yok,n/a,0,no
Elektrikli Araçlar,,MG,ZS EV,,CURATED_REVIEW,,Vasıta > Elektrikli Araçlar > MG > ZS EV,Vasıta > Elektrikli Araçlar > MG > ZS EV,SKIP_OVERLAY,high,Elektrikli/kiralık/hasarlı/klasik/engelli overlay — kanonik CategoryBrand seed yok,n/a,0,no
Elektrikli Araçlar,,Mini,Aceman,,CURATED_REVIEW,,Vasıta > Elektrikli Araçlar > Mini > Aceman,Vasıta > Elektrikli Araçlar > Mini > Aceman,SKIP_OVERLAY,high,Elektrikli/kiralık/hasarlı/klasik/engelli overlay — kanonik CategoryBrand seed yok,n/a,0,no
Elektrikli Araçlar,,Mini,Cooper Electric,,CURATED_REVIEW,,Vasıta > Elektrikli Araçlar > Mini > Cooper Electric,Vasıta > Elektrikli Araçlar > Mini > Cooper Electric,SKIP_OVERLAY,high,Elektrikli/kiralık/hasarlı/klasik/engelli overlay — kanonik CategoryBrand seed yok,n/a,0,no
Elektrikli Araçlar,,Mini,Countryman Electric,,CURATED_REVIEW,,Vasıta > Elektrikli Araçlar > Mini > Countryman Electric,Vasıta > Elektrikli Araçlar > Mini > Countryman Electric,SKIP_OVERLAY,high,Elektrikli/kiralık/hasarlı/klasik/engelli overlay — kanonik CategoryBrand seed yok,n/a,0,no
Elektrikli Araçlar,,Nissan,Ariya,,CURATED_REVIEW,,Vasıta > Elektrikli Araçlar > Nissan > Ariya,Vasıta > Elektrikli Araçlar > Nissan > Ariya,SKIP_OVERLAY,high,Elektrikli/kiralık/hasarlı/klasik/engelli overlay — kanonik CategoryBrand seed yok,n/a,0,no
Elektrikli Araçlar,,Nissan,Leaf,,CURATED_REVIEW,,Vasıta > Elektrikli Araçlar > Nissan > Leaf,Vasıta > Elektrikli Araçlar > Nissan > Leaf,SKIP_OVERLAY,high,Elektrikli/kiralık/hasarlı/klasik/engelli overlay — kanonik CategoryBrand seed yok,n/a,0,no
Elektrikli Araçlar,,Nissan,Townstar EV,,CURATED_REVIEW,,Vasıta > Elektrikli Araçlar > Nissan > Townstar EV,Vasıta > Elektrikli Araçlar > Nissan > Townstar EV,SKIP_OVERLAY,high,Elektrikli/kiralık/hasarlı/klasik/engelli overlay — kanonik CategoryBrand seed yok,n/a,0,no
Elektrikli Araçlar,,Opel,Astra Electric,,CURATED_REVIEW,,Vasıta > Elektrikli Araçlar > Opel > Astra Electric,Vasıta > Elektrikli Araçlar > Opel > Astra Electric,SKIP_OVERLAY,high,Elektrikli/kiralık/hasarlı/klasik/engelli overlay — kanonik CategoryBrand seed yok,n/a,0,no
Elektrikli Araçlar,,Opel,Combo Electric,,CURATED_REVIEW,,Vasıta > Elektrikli Araçlar > Opel > Combo Electric,Vasıta > Elektrikli Araçlar > Opel > Combo Electric,SKIP_OVERLAY,high,Elektrikli/kiralık/hasarlı/klasik/engelli overlay — kanonik CategoryBrand seed yok,n/a,0,no
Elektrikli Araçlar,,Opel,Corsa Electric,,CURATED_REVIEW,,Vasıta > Elektrikli Araçlar > Opel > Corsa Electric,Vasıta > Elektrikli Araçlar > Opel > Corsa Electric,SKIP_OVERLAY,high,Elektrikli/kiralık/hasarlı/klasik/engelli overlay — kanonik CategoryBrand seed yok,n/a,0,no
Elektrikli Araçlar,,Opel,Frontera Electric,,CURATED_REVIEW,,Vasıta > Elektrikli Araçlar > Opel > Frontera Electric,Vasıta > Elektrikli Araçlar > Opel > Frontera Electric,SKIP_OVERLAY,high,Elektrikli/kiralık/hasarlı/klasik/engelli overlay — kanonik CategoryBrand seed yok,n/a,0,no
Elektrikli Araçlar,,Opel,Mokka Electric,,CURATED_REVIEW,,Vasıta > Elektrikli Araçlar > Opel > Mokka Electric,Vasıta > Elektrikli Araçlar > Opel > Mokka Electric,SKIP_OVERLAY,high,Elektrikli/kiralık/hasarlı/klasik/engelli overlay — kanonik CategoryBrand seed yok,n/a,0,no
Elektrikli Araçlar,,Opel,Vivaro Electric,,CURATED_REVIEW,,Vasıta > Elektrikli Araçlar > Opel > Vivaro Electric,Vasıta > Elektrikli Araçlar > Opel > Vivaro Electric,SKIP_OVERLAY,high,Elektrikli/kiralık/hasarlı/klasik/engelli overlay — kanonik CategoryBrand seed yok,n/a,0,no
Elektrikli Araçlar,,Peugeot,e-2008,,CURATED_REVIEW,,Vasıta > Elektrikli Araçlar > Peugeot > e-2008,Vasıta > Elektrikli Araçlar > Peugeot > e-2008,SKIP_OVERLAY,high,Elektrikli/kiralık/hasarlı/klasik/engelli overlay — kanonik CategoryBrand seed yok,n/a,0,no
Elektrikli Araçlar,,Peugeot,e-208,,CURATED_REVIEW,,Vasıta > Elektrikli Araçlar > Peugeot > e-208,Vasıta > Elektrikli Araçlar > Peugeot > e-208,SKIP_OVERLAY,high,Elektrikli/kiralık/hasarlı/klasik/engelli overlay — kanonik CategoryBrand seed yok,n/a,0,no
Elektrikli Araçlar,,Peugeot,e-3008,,CURATED_REVIEW,,Vasıta > Elektrikli Araçlar > Peugeot > e-3008,Vasıta > Elektrikli Araçlar > Peugeot > e-3008,SKIP_OVERLAY,high,Elektrikli/kiralık/hasarlı/klasik/engelli overlay — kanonik CategoryBrand seed yok,n/a,0,no
Elektrikli Araçlar,,Peugeot,e-5008,,CURATED_REVIEW,,Vasıta > Elektrikli Araçlar > Peugeot > e-5008,Vasıta > Elektrikli Araçlar > Peugeot > e-5008,SKIP_OVERLAY,high,Elektrikli/kiralık/hasarlı/klasik/engelli overlay — kanonik CategoryBrand seed yok,n/a,0,no
Elektrikli Araçlar,,Peugeot,e-Expert,,CURATED_REVIEW,,Vasıta > Elektrikli Araçlar > Peugeot > e-Expert,Vasıta > Elektrikli Araçlar > Peugeot > e-Expert,SKIP_OVERLAY,high,Elektrikli/kiralık/hasarlı/klasik/engelli overlay — kanonik CategoryBrand seed yok,n/a,0,no
Elektrikli Araçlar,,Peugeot,e-Partner,,CURATED_REVIEW,,Vasıta > Elektrikli Araçlar > Peugeot > e-Partner,Vasıta > Elektrikli Araçlar > Peugeot > e-Partner,SKIP_OVERLAY,high,Elektrikli/kiralık/hasarlı/klasik/engelli overlay — kanonik CategoryBrand seed yok,n/a,0,no
Elektrikli Araçlar,,Peugeot,e-Rifter,,CURATED_REVIEW,,Vasıta > Elektrikli Araçlar > Peugeot > e-Rifter,Vasıta > Elektrikli Araçlar > Peugeot > e-Rifter,SKIP_OVERLAY,high,Elektrikli/kiralık/hasarlı/klasik/engelli overlay — kanonik CategoryBrand seed yok,n/a,0,no
Elektrikli Araçlar,,Polestar,2,,CURATED_REVIEW,,Vasıta > Elektrikli Araçlar > Polestar > 2,Vasıta > Elektrikli Araçlar > Polestar > 2,SKIP_OVERLAY,high,Elektrikli/kiralık/hasarlı/klasik/engelli overlay — kanonik CategoryBrand seed yok,n/a,0,no
Elektrikli Araçlar,,Polestar,3,,CURATED_REVIEW,,Vasıta > Elektrikli Araçlar > Polestar > 3,Vasıta > Elektrikli Araçlar > Polestar > 3,SKIP_OVERLAY,high,Elektrikli/kiralık/hasarlı/klasik/engelli overlay — kanonik CategoryBrand seed yok,n/a,0,no
Elektrikli Araçlar,,Polestar,4,,CURATED_REVIEW,,Vasıta > Elektrikli Araçlar > Polestar > 4,Vasıta > Elektrikli Araçlar > Polestar > 4,SKIP_OVERLAY,high,Elektrikli/kiralık/hasarlı/klasik/engelli overlay — kanonik CategoryBrand seed yok,n/a,0,no
Elektrikli Araçlar,,Porsche,Macan Electric,,CURATED_REVIEW,,Vasıta > Elektrikli Araçlar > Porsche > Macan Electric,Vasıta > Elektrikli Araçlar > Porsche > Macan Electric,SKIP_OVERLAY,high,Elektrikli/kiralık/hasarlı/klasik/engelli overlay — kanonik CategoryBrand seed yok,n/a,0,no
Elektrikli Araçlar,,Porsche,Taycan,,CURATED_REVIEW,,Vasıta > Elektrikli Araçlar > Porsche > Taycan,Vasıta > Elektrikli Araçlar > Porsche > Taycan,SKIP_OVERLAY,high,Elektrikli/kiralık/hasarlı/klasik/engelli overlay — kanonik CategoryBrand seed yok,n/a,0,no
Elektrikli Araçlar,,Renault,Kangoo E-Tech,,CURATED_REVIEW,,Vasıta > Elektrikli Araçlar > Renault > Kangoo E-Tech,Vasıta > Elektrikli Araçlar > Renault > Kangoo E-Tech,SKIP_OVERLAY,high,Elektrikli/kiralık/hasarlı/klasik/engelli overlay — kanonik CategoryBrand seed yok,n/a,0,no
Elektrikli Araçlar,,Renault,Master E-Tech,,CURATED_REVIEW,,Vasıta > Elektrikli Araçlar > Renault > Master E-Tech,Vasıta > Elektrikli Araçlar > Renault > Master E-Tech,SKIP_OVERLAY,high,Elektrikli/kiralık/hasarlı/klasik/engelli overlay — kanonik CategoryBrand seed yok,n/a,0,no
Elektrikli Araçlar,,Renault,Megane E-Tech,,CURATED_REVIEW,,Vasıta > Elektrikli Araçlar > Renault > Megane E-Tech,Vasıta > Elektrikli Araçlar > Renault > Megane E-Tech,SKIP_OVERLAY,high,Elektrikli/kiralık/hasarlı/klasik/engelli overlay — kanonik CategoryBrand seed yok,n/a,0,no
Elektrikli Araçlar,,Renault,Scenic E-Tech,,CURATED_REVIEW,,Vasıta > Elektrikli Araçlar > Renault > Scenic E-Tech,Vasıta > Elektrikli Araçlar > Renault > Scenic E-Tech,SKIP_OVERLAY,high,Elektrikli/kiralık/hasarlı/klasik/engelli overlay — kanonik CategoryBrand seed yok,n/a,0,no
Elektrikli Araçlar,,Renault,Zoe,,CURATED_REVIEW,,Vasıta > Elektrikli Araçlar > Renault > Zoe,Vasıta > Elektrikli Araçlar > Renault > Zoe,SKIP_OVERLAY,high,Elektrikli/kiralık/hasarlı/klasik/engelli overlay — kanonik CategoryBrand seed yok,n/a,0,no
Elektrikli Araçlar,,Seres,Seres 3,,CURATED_REVIEW,,Vasıta > Elektrikli Araçlar > Seres > Seres 3,Vasıta > Elektrikli Araçlar > Seres > Seres 3,SKIP_OVERLAY,high,Elektrikli/kiralık/hasarlı/klasik/engelli overlay — kanonik CategoryBrand seed yok,n/a,0,no
Elektrikli Araçlar,,Seres,Seres 5,,CURATED_REVIEW,,Vasıta > Elektrikli Araçlar > Seres > Seres 5,Vasıta > Elektrikli Araçlar > Seres > Seres 5,SKIP_OVERLAY,high,Elektrikli/kiralık/hasarlı/klasik/engelli overlay — kanonik CategoryBrand seed yok,n/a,0,no
Elektrikli Araçlar,,Skoda,Citigo-e,,CURATED_REVIEW,,Vasıta > Elektrikli Araçlar > Skoda > Citigo-e,Vasıta > Elektrikli Araçlar > Skoda > Citigo-e,SKIP_OVERLAY,high,Elektrikli/kiralık/hasarlı/klasik/engelli overlay — kanonik CategoryBrand seed yok,n/a,0,no
Elektrikli Araçlar,,Skoda,Elroq,,CURATED_REVIEW,,Vasıta > Elektrikli Araçlar > Skoda > Elroq,Vasıta > Elektrikli Araçlar > Skoda > Elroq,SKIP_OVERLAY,high,Elektrikli/kiralık/hasarlı/klasik/engelli overlay — kanonik CategoryBrand seed yok,n/a,0,no
Elektrikli Araçlar,,Skoda,Enyaq,,CURATED_REVIEW,,Vasıta > Elektrikli Araçlar > Skoda > Enyaq,Vasıta > Elektrikli Araçlar > Skoda > Enyaq,SKIP_OVERLAY,high,Elektrikli/kiralık/hasarlı/klasik/engelli overlay — kanonik CategoryBrand seed yok,n/a,0,no
Elektrikli Araçlar,,Skywell,ET5,,CURATED_REVIEW,,Vasıta > Elektrikli Araçlar > Skywell > ET5,Vasıta > Elektrikli Araçlar > Skywell > ET5,SKIP_OVERLAY,high,Elektrikli/kiralık/hasarlı/klasik/engelli overlay — kanonik CategoryBrand seed yok,n/a,0,no
Elektrikli Araçlar,,Skywell,HT-i,,CURATED_REVIEW,,Vasıta > Elektrikli Araçlar > Skywell > HT-i,Vasıta > Elektrikli Araçlar > Skywell > HT-i,SKIP_OVERLAY,high,Elektrikli/kiralık/hasarlı/klasik/engelli overlay — kanonik CategoryBrand seed yok,n/a,0,no
Elektrikli Araçlar,,Smart,#1,,CURATED_REVIEW,,Vasıta > Elektrikli Araçlar > Smart > #1,Vasıta > Elektrikli Araçlar > Smart > #1,SKIP_OVERLAY,high,Elektrikli/kiralık/hasarlı/klasik/engelli overlay — kanonik CategoryBrand seed yok,n/a,0,no
Elektrikli Araçlar,,Smart,#3,,CURATED_REVIEW,,Vasıta > Elektrikli Araçlar > Smart > #3,Vasıta > Elektrikli Araçlar > Smart > #3,SKIP_OVERLAY,high,Elektrikli/kiralık/hasarlı/klasik/engelli overlay — kanonik CategoryBrand seed yok,n/a,0,no
Elektrikli Araçlar,,Subaru,Solterra,,CURATED_REVIEW,,Vasıta > Elektrikli Araçlar > Subaru > Solterra,Vasıta > Elektrikli Araçlar > Subaru > Solterra,SKIP_OVERLAY,high,Elektrikli/kiralık/hasarlı/klasik/engelli overlay — kanonik CategoryBrand seed yok,n/a,0,no
Elektrikli Araçlar,,Tesla,Cybertruck,,CURATED_REVIEW,,Vasıta > Elektrikli Araçlar > Tesla > Cybertruck,Vasıta > Elektrikli Araçlar > Tesla > Cybertruck,SKIP_OVERLAY,high,Elektrikli/kiralık/hasarlı/klasik/engelli overlay — kanonik CategoryBrand seed yok,n/a,0,no
Elektrikli Araçlar,,Tesla,Model 3,,CURATED_REVIEW,,Vasıta > Elektrikli Araçlar > Tesla > Model 3,Vasıta > Elektrikli Araçlar > Tesla > Model 3,SKIP_OVERLAY,high,Elektrikli/kiralık/hasarlı/klasik/engelli overlay — kanonik CategoryBrand seed yok,n/a,0,no
Elektrikli Araçlar,,Tesla,Model S,,CURATED_REVIEW,,Vasıta > Elektrikli Araçlar > Tesla > Model S,Vasıta > Elektrikli Araçlar > Tesla > Model S,SKIP_OVERLAY,high,Elektrikli/kiralık/hasarlı/klasik/engelli overlay — kanonik CategoryBrand seed yok,n/a,0,no
Elektrikli Araçlar,,Tesla,Model X,,CURATED_REVIEW,,Vasıta > Elektrikli Araçlar > Tesla > Model X,Vasıta > Elektrikli Araçlar > Tesla > Model X,SKIP_OVERLAY,high,Elektrikli/kiralık/hasarlı/klasik/engelli overlay — kanonik CategoryBrand seed yok,n/a,0,no
Elektrikli Araçlar,,Tesla,Model Y,,CURATED_REVIEW,,Vasıta > Elektrikli Araçlar > Tesla > Model Y,Vasıta > Elektrikli Araçlar > Tesla > Model Y,SKIP_OVERLAY,high,Elektrikli/kiralık/hasarlı/klasik/engelli overlay — kanonik CategoryBrand seed yok,n/a,0,no
Elektrikli Araçlar,,TOGG,T10F,,CURATED_REVIEW,,Vasıta > Elektrikli Araçlar > TOGG > T10F,Vasıta > Elektrikli Araçlar > TOGG > T10F,SKIP_OVERLAY,high,Elektrikli/kiralık/hasarlı/klasik/engelli overlay — kanonik CategoryBrand seed yok,n/a,0,no
Elektrikli Araçlar,,TOGG,T10X,,CURATED_REVIEW,,Vasıta > Elektrikli Araçlar > TOGG > T10X,Vasıta > Elektrikli Araçlar > TOGG > T10X,SKIP_OVERLAY,high,Elektrikli/kiralık/hasarlı/klasik/engelli overlay — kanonik CategoryBrand seed yok,n/a,0,no
Elektrikli Araçlar,,Toyota,bZ4X,,CURATED_REVIEW,,Vasıta > Elektrikli Araçlar > Toyota > bZ4X,Vasıta > Elektrikli Araçlar > Toyota > bZ4X,SKIP_OVERLAY,high,Elektrikli/kiralık/hasarlı/klasik/engelli overlay — kanonik CategoryBrand seed yok,n/a,0,no
Elektrikli Araçlar,,Toyota,Proace City Electric,,CURATED_REVIEW,,Vasıta > Elektrikli Araçlar > Toyota > Proace City Electric,Vasıta > Elektrikli Araçlar > Toyota > Proace City Electric,SKIP_OVERLAY,high,Elektrikli/kiralık/hasarlı/klasik/engelli overlay — kanonik CategoryBrand seed yok,n/a,0,no
Elektrikli Araçlar,,Toyota,Proace Electric,,CURATED_REVIEW,,Vasıta > Elektrikli Araçlar > Toyota > Proace Electric,Vasıta > Elektrikli Araçlar > Toyota > Proace Electric,SKIP_OVERLAY,high,Elektrikli/kiralık/hasarlı/klasik/engelli overlay — kanonik CategoryBrand seed yok,n/a,0,no
Elektrikli Araçlar,,Volkswagen,ID. Buzz,,CURATED_REVIEW,,Vasıta > Elektrikli Araçlar > Volkswagen > ID. Buzz,Vasıta > Elektrikli Araçlar > Volkswagen > ID. Buzz,SKIP_OVERLAY,high,Elektrikli/kiralık/hasarlı/klasik/engelli overlay — kanonik CategoryBrand seed yok,n/a,0,no
Elektrikli Araçlar,,Volkswagen,ID.3,,CURATED_REVIEW,,Vasıta > Elektrikli Araçlar > Volkswagen > ID.3,Vasıta > Elektrikli Araçlar > Volkswagen > ID.3,SKIP_OVERLAY,high,Elektrikli/kiralık/hasarlı/klasik/engelli overlay — kanonik CategoryBrand seed yok,n/a,0,no
Elektrikli Araçlar,,Volkswagen,ID.4,,CURATED_REVIEW,,Vasıta > Elektrikli Araçlar > Volkswagen > ID.4,Vasıta > Elektrikli Araçlar > Volkswagen > ID.4,SKIP_OVERLAY,high,Elektrikli/kiralık/hasarlı/klasik/engelli overlay — kanonik CategoryBrand seed yok,n/a,0,no
Elektrikli Araçlar,,Volkswagen,ID.5,,CURATED_REVIEW,,Vasıta > Elektrikli Araçlar > Volkswagen > ID.5,Vasıta > Elektrikli Araçlar > Volkswagen > ID.5,SKIP_OVERLAY,high,Elektrikli/kiralık/hasarlı/klasik/engelli overlay — kanonik CategoryBrand seed yok,n/a,0,no
Elektrikli Araçlar,,Volkswagen,ID.7,,CURATED_REVIEW,,Vasıta > Elektrikli Araçlar > Volkswagen > ID.7,Vasıta > Elektrikli Araçlar > Volkswagen > ID.7,SKIP_OVERLAY,high,Elektrikli/kiralık/hasarlı/klasik/engelli overlay — kanonik CategoryBrand seed yok,n/a,0,no
Elektrikli Araçlar,,Volvo,C40 Recharge,,CURATED_REVIEW,,Vasıta > Elektrikli Araçlar > Volvo > C40 Recharge,Vasıta > Elektrikli Araçlar > Volvo > C40 Recharge,SKIP_OVERLAY,high,Elektrikli/kiralık/hasarlı/klasik/engelli overlay — kanonik CategoryBrand seed yok,n/a,0,no
Elektrikli Araçlar,,Volvo,EX30,,CURATED_REVIEW,,Vasıta > Elektrikli Araçlar > Volvo > EX30,Vasıta > Elektrikli Araçlar > Volvo > EX30,SKIP_OVERLAY,high,Elektrikli/kiralık/hasarlı/klasik/engelli overlay — kanonik CategoryBrand seed yok,n/a,0,no
Elektrikli Araçlar,,Volvo,EX40,,CURATED_REVIEW,,Vasıta > Elektrikli Araçlar > Volvo > EX40,Vasıta > Elektrikli Araçlar > Volvo > EX40,SKIP_OVERLAY,high,Elektrikli/kiralık/hasarlı/klasik/engelli overlay — kanonik CategoryBrand seed yok,n/a,0,no
Elektrikli Araçlar,,Volvo,EX90,,CURATED_REVIEW,,Vasıta > Elektrikli Araçlar > Volvo > EX90,Vasıta > Elektrikli Araçlar > Volvo > EX90,SKIP_OVERLAY,high,Elektrikli/kiralık/hasarlı/klasik/engelli overlay — kanonik CategoryBrand seed yok,n/a,0,no
Elektrikli Araçlar,,Voyah,Dream,,CURATED_REVIEW,,Vasıta > Elektrikli Araçlar > Voyah > Dream,Vasıta > Elektrikli Araçlar > Voyah > Dream,SKIP_OVERLAY,high,Elektrikli/kiralık/hasarlı/klasik/engelli overlay — kanonik CategoryBrand seed yok,n/a,0,no
Elektrikli Araçlar,,Voyah,Free,,CURATED_REVIEW,,Vasıta > Elektrikli Araçlar > Voyah > Free,Vasıta > Elektrikli Araçlar > Voyah > Free,SKIP_OVERLAY,high,Elektrikli/kiralık/hasarlı/klasik/engelli overlay — kanonik CategoryBrand seed yok,n/a,0,no
Elektrikli Araçlar,,Voyah,Passion,,CURATED_REVIEW,,Vasıta > Elektrikli Araçlar > Voyah > Passion,Vasıta > Elektrikli Araçlar > Voyah > Passion,SKIP_OVERLAY,high,Elektrikli/kiralık/hasarlı/klasik/engelli overlay — kanonik CategoryBrand seed yok,n/a,0,no
Elektrikli Araçlar,,XEV,Yoyo,,CURATED_REVIEW,,Vasıta > Elektrikli Araçlar > XEV > Yoyo,Vasıta > Elektrikli Araçlar > XEV > Yoyo,SKIP_OVERLAY,high,Elektrikli/kiralık/hasarlı/klasik/engelli overlay — kanonik CategoryBrand seed yok,n/a,0,no
Otomobil,,Abarth,500,500,CURATED_REVIEW,,,Vasıta > Otomobil > Abarth > 500,CREATE_SAFE,high,New series under mapped category,n/a,0,no
Otomobil,,Abarth,500C,500C,CURATED_REVIEW,,,Vasıta > Otomobil > Abarth > 500C,CREATE_SAFE,high,New series under mapped category,n/a,0,no
Otomobil,,Abarth,595,1.4 T-Jet | Competizione | Turismo,CURATED_REVIEW,cmshvhn8u001cuza8ymkefhmx,arac/otomobil,Vasıta > Otomobil > Abarth > 595,KEEP_EXISTING,high,Brand/model already linked to target category,yes,0,no
Otomobil,,Abarth,695,Esseesse | Tributo 131,CURATED_REVIEW,,,Vasıta > Otomobil > Abarth > 695,CREATE_SAFE,high,New series under mapped category,n/a,0,no
Otomobil,,Abarth,Grande Punto,Grande Punto,CURATED_REVIEW,,,Vasıta > Otomobil > Abarth > Grande Punto,CREATE_SAFE,high,New series under mapped category,n/a,0,no
Otomobil,,Acura,CL,CL,CURATED_REVIEW,,,Vasıta > Otomobil > Acura > CL,CREATE_SAFE,high,New series under mapped category,n/a,0,no
Otomobil,,Acura,CSX,CSX,CURATED_REVIEW,,,Vasıta > Otomobil > Acura > CSX,CREATE_SAFE,high,New series under mapped category,n/a,0,no
Otomobil,,Acura,ILX,ILX,CURATED_REVIEW,,,Vasıta > Otomobil > Acura > ILX,CREATE_SAFE,high,New series under mapped category,n/a,0,no
Otomobil,,Acura,Integra,Integra,CURATED_REVIEW,,,Vasıta > Otomobil > Acura > Integra,CREATE_SAFE,high,New series under mapped category,n/a,0,no
Otomobil,,Acura,Legend,Legend,CURATED_REVIEW,,,Vasıta > Otomobil > Acura > Legend,CREATE_SAFE,high,New series under mapped category,n/a,0,no
Otomobil,,Acura,MDX,MDX,CURATED_REVIEW,,,Vasıta > Otomobil > Acura > MDX,CREATE_SAFE,high,New series under mapped category,n/a,0,no
Otomobil,,Acura,NSX,NSX,CURATED_REVIEW,,,Vasıta > Otomobil > Acura > NSX,CREATE_SAFE,high,New series under mapped category,n/a,0,no
Otomobil,,Acura,RDX,RDX,CURATED_REVIEW,,,Vasıta > Otomobil > Acura > RDX,CREATE_SAFE,high,New series under mapped category,n/a,0,no
Otomobil,,Acura,RL,RL,CURATED_REVIEW,,,Vasıta > Otomobil > Acura > RL,CREATE_SAFE,high,New series under mapped category,n/a,0,no
Otomobil,,Acura,RSX,RSX,CURATED_REVIEW,,,Vasıta > Otomobil > Acura > RSX,CREATE_SAFE,high,New series under mapped category,n/a,0,no
Otomobil,,Acura,TL,TL,CURATED_REVIEW,,,Vasıta > Otomobil > Acura > TL,CREATE_SAFE,high,New series under mapped category,n/a,0,no
Otomobil,,Acura,TLX,TLX,CURATED_REVIEW,,,Vasıta > Otomobil > Acura > TLX,CREATE_SAFE,high,New series under mapped category,n/a,0,no
Otomobil,,Acura,TSX,TSX,CURATED_REVIEW,,,Vasıta > Otomobil > Acura > TSX,CREATE_SAFE,high,New series under mapped category,n/a,0,no
Otomobil,,Acura,ZDX,ZDX,CURATED_REVIEW,,,Vasıta > Otomobil > Acura > ZDX,CREATE_SAFE,high,New series under mapped category,n/a,0,no
Otomobil,,Aion,ES,ES,CURATED_REVIEW,,,Vasıta > Otomobil > Aion > ES,CREATE_SAFE,high,New series under mapped category,n/a,0,no
Otomobil,,Aion,Hyper GT,Hyper GT,CURATED_REVIEW,,,Vasıta > Otomobil > Aion > Hyper GT,CREATE_SAFE,high,New series under mapped category,n/a,0,no
Otomobil,,Aion,S,S,CURATED_REVIEW,,,Vasıta > Otomobil > Aion > S,CREATE_SAFE,high,New series under mapped category,n/a,0,no
Otomobil,,Aion,S Plus,S Plus,CURATED_REVIEW,,,Vasıta > Otomobil > Aion > S Plus,CREATE_SAFE,high,New series under mapped category,n/a,0,no
Otomobil,,Aion,Y,Y,CURATED_REVIEW,,,Vasıta > Otomobil > Aion > Y,CREATE_SAFE,high,New series under mapped category,n/a,0,no
Otomobil,,Aion,Y Plus,Y Plus,CURATED_REVIEW,,,Vasıta > Otomobil > Aion > Y Plus,CREATE_SAFE,high,New series under mapped category,n/a,0,no
Otomobil,,Alfa Romeo,145,145,CURATED_REVIEW,,,Vasıta > Otomobil > Alfa Romeo > 145,CREATE_SAFE,high,New series under mapped category,n/a,0,no
Otomobil,,Alfa Romeo,146,146,CURATED_REVIEW,,,Vasıta > Otomobil > Alfa Romeo > 146,CREATE_SAFE,high,New series under mapped category,n/a,0,no
Otomobil,,Alfa Romeo,147,1.6 TS Distinctive | 1.9 JTD Distinctive | 2.0 TS Selespeed,CURATED_REVIEW,,,Vasıta > Otomobil > Alfa Romeo > 147,CREATE_SAFE,high,New series under mapped category,n/a,0,no
Otomobil,,Alfa Romeo,155,155,CURATED_REVIEW,,,Vasıta > Otomobil > Alfa Romeo > 155,CREATE_SAFE,high,New series under mapped category,n/a,0,no
Otomobil,,Alfa Romeo,156,1.6 TS | 1.8 TS | 2.0 TS Selespeed | 1.9 JTD | 2.4 JTD,CURATED_REVIEW,,,Vasıta > Otomobil > Alfa Romeo > 156,CREATE_SAFE,high,New series under mapped category,n/a,0,no
Otomobil,,Alfa Romeo,159,1.9 JTD Distinctive | 2.0 JTDM | 2.2 JTS,CURATED_REVIEW,,,Vasıta > Otomobil > Alfa Romeo > 159,CREATE_SAFE,high,New series under mapped category,n/a,0,no
Otomobil,,Alfa Romeo,164,164,CURATED_REVIEW,,,Vasıta > Otomobil > Alfa Romeo > 164,CREATE_SAFE,high,New series under mapped category,n/a,0,no
Otomobil,,Alfa Romeo,166,166,CURATED_REVIEW,,,Vasıta > Otomobil > Alfa Romeo > 166,CREATE_SAFE,high,New series under mapped category,n/a,0,no
Otomobil,,Alfa Romeo,33,33,CURATED_REVIEW,,,Vasıta > Otomobil > Alfa Romeo > 33,CREATE_SAFE,high,New series under mapped category,n/a,0,no
Otomobil,,Alfa Romeo,75,75,CURATED_REVIEW,,,Vasıta > Otomobil > Alfa Romeo > 75,CREATE_SAFE,high,New series under mapped category,n/a,0,no
Otomobil,,Alfa Romeo,Brera,Brera,CURATED_REVIEW,,,Vasıta > Otomobil > Alfa Romeo > Brera,CREATE_SAFE,high,New series under mapped category,n/a,0,no
Otomobil,,Alfa Romeo,Giulia,2.0 Turbo Sprint | 2.0 Turbo Veloce | 2.2 Diesel Super | Quadrifoglio,CURATED_REVIEW,cmshvhnab001euza87rm9j1fn,arac/otomobil,Vasıta > Otomobil > Alfa Romeo > Giulia,KEEP_EXISTING,high,Brand/model already linked to target category,yes,0,no
Otomobil,,Alfa Romeo,Giulietta,1.4 TB Progression | 1.4 TB Distinctive | 1.6 JTD Progression | 1.6 JTD Super,CURATED_REVIEW,,,Vasıta > Otomobil > Alfa Romeo > Giulietta,CREATE_SAFE,high,New series under mapped category,n/a,0,no
Otomobil,,Alfa Romeo,GT,1.9 JTD Distinctive | 2.0 JTS Selespeed,CURATED_REVIEW,,,Vasıta > Otomobil > Alfa Romeo > GT,CREATE_SAFE,high,New series under mapped category,n/a,0,no
Otomobil,,Alfa Romeo,GTV,GTV,CURATED_REVIEW,,,Vasıta > Otomobil > Alfa Romeo > GTV,CREATE_SAFE,high,New series under mapped category,n/a,0,no
Otomobil,,Alfa Romeo,MiTo,1.4 TB Distinctive | 1.3 JTD Progression,CURATED_REVIEW,,,Vasıta > Otomobil > Alfa Romeo > MiTo,CREATE_SAFE,high,New series under mapped category,n/a,0,no
Otomobil,,Alfa Romeo,Spider,Spider,CURATED_REVIEW,,,Vasıta > Otomobil > Alfa Romeo > Spider,CREATE_SAFE,high,New series under mapped category,n/a,0,no
Otomobil,,Alpine,A110,Pure | Legende | S | GT | R,CURATED_REVIEW,,,Vasıta > Otomobil > Alpine > A110,CREATE_SAFE,high,New series under mapped category,n/a,0,no
Otomobil,,Alpine,A290,GT | GTS,CURATED_REVIEW,,,Vasıta > Otomobil > Alpine > A290,CREATE_SAFE,high,New series under mapped category,n/a,0,no
Otomobil,,Anadol,A1,A1,CURATED_REVIEW,,,Vasıta > Otomobil > Anadol > A1,CREATE_SAFE,high,New series under mapped category,n/a,0,no
Otomobil,,Anadol,A2,A2,CURATED_REVIEW,,,Vasıta > Otomobil > Anadol > A2,CREATE_SAFE,high,New series under mapped category,n/a,0,no
Otomobil,,Anadol,Böcek,Böcek,CURATED_REVIEW,,,Vasıta > Otomobil > Anadol > Böcek,CREATE_SAFE,high,New series under mapped category,n/a,0,no
Otomobil,,Anadol,P2,P2,CURATED_REVIEW,,,Vasıta > Otomobil > Anadol > P2,CREATE_SAFE,high,New series under mapped category,n/a,0,no
Otomobil,,Anadol,STC-16,STC-16,CURATED_REVIEW,,,Vasıta > Otomobil > Anadol > STC-16,CREATE_SAFE,high,New series under mapped category,n/a,0,no
Otomobil,,Anadol,SV-1600,SV-1600,CURATED_REVIEW,,,Vasıta > Otomobil > Anadol > SV-1600,CREATE_SAFE,high,New series under mapped category,n/a,0,no
Otomobil,,Arora,S1,S1,CURATED_REVIEW,,,Vasıta > Otomobil > Arora > S1,CREATE_SAFE,high,New series under mapped category,n/a,0,no
Otomobil,,Arora,S1 Max,S1 Max,CURATED_REVIEW,,,Vasıta > Otomobil > Arora > S1 Max,CREATE_SAFE,high,New series under mapped category,n/a,0,no
Otomobil,,Arora,ZR1,ZR1,CURATED_REVIEW,,,Vasıta > Otomobil > Arora > ZR1,CREATE_SAFE,high,New series under mapped category,n/a,0,no
Otomobil,,Aston Martin,Cygnet,Cygnet,CURATED_REVIEW,,,Vasıta > Otomobil > Aston Martin > Cygnet,CREATE_SAFE,high,New series under mapped category,n/a,0,no
Otomobil,,Aston Martin,DB11,DB11,CURATED_REVIEW,,,Vasıta > Otomobil > Aston Martin > DB11,CREATE_SAFE,high,New series under mapped category,n/a,0,no
Otomobil,,Aston Martin,DB12,DB12,CURATED_REVIEW,,,Vasıta > Otomobil > Aston Martin > DB12,CREATE_SAFE,high,New series under mapped category,n/a,0,no
Otomobil,,Aston Martin,DB7,DB7,CURATED_REVIEW,,,Vasıta > Otomobil > Aston Martin > DB7,CREATE_SAFE,high,New series under mapped category,n/a,0,no
Otomobil,,Aston Martin,DB9,DB9,CURATED_REVIEW,,,Vasıta > Otomobil > Aston Martin > DB9,CREATE_SAFE,high,New series under mapped category,n/a,0,no
Otomobil,,Aston Martin,DBS,DBS,CURATED_REVIEW,,,Vasıta > Otomobil > Aston Martin > DBS,CREATE_SAFE,high,New series under mapped category,n/a,0,no
Otomobil,,Aston Martin,Lagonda,Lagonda,CURATED_REVIEW,,,Vasıta > Otomobil > Aston Martin > Lagonda,CREATE_SAFE,high,New series under mapped category,n/a,0,no
Otomobil,,Aston Martin,Rapide,Rapide,CURATED_REVIEW,,,Vasıta > Otomobil > Aston Martin > Rapide,CREATE_SAFE,high,New series under mapped category,n/a,0,no
Otomobil,,Aston Martin,Vanquish,Vanquish,CURATED_REVIEW,,,Vasıta > Otomobil > Aston Martin > Vanquish,CREATE_SAFE,high,New series under mapped category,n/a,0,no
Otomobil,,Aston Martin,Vantage,Vantage,CURATED_REVIEW,,,Vasıta > Otomobil > Aston Martin > Vantage,CREATE_SAFE,high,New series under mapped category,n/a,0,no
Otomobil,,Aston Martin,Virage,Virage,CURATED_REVIEW,,,Vasıta > Otomobil > Aston Martin > Virage,CREATE_SAFE,high,New series under mapped category,n/a,0,no
Otomobil,,Audi,100,100,CURATED_REVIEW,,,Vasıta > Otomobil > Audi > 100,CREATE_SAFE,high,New series under mapped category,n/a,0,no
Otomobil,,Audi,200,200,CURATED_REVIEW,,,Vasıta > Otomobil > Audi > 200,CREATE_SAFE,high,New series under mapped category,n/a,0,no
Otomobil,,Audi,80,80,CURATED_REVIEW,,,Vasıta > Otomobil > Audi > 80,CREATE_SAFE,high,New series under mapped category,n/a,0,no
Otomobil,,Audi,90,90,CURATED_REVIEW,,,Vasıta > Otomobil > Audi > 90,CREATE_SAFE,high,New series under mapped category,n/a,0,no
Otomobil,,Audi,A1,1.0 TFSI | 1.4 TFSI | 1.6 TDI,CURATED_REVIEW,,,Vasıta > Otomobil > Audi > A1,CREATE_SAFE,high,New series under mapped category,n/a,0,no
Otomobil,,Audi,A2,A2,CURATED_REVIEW,,,Vasıta > Otomobil > Audi > A2,CREATE_SAFE,high,New series under mapped category,n/a,0,no
Otomobil,,Audi,A3,1.0 TFSI | 1.2 TFSI | 1.4 TFSI | 1.5 TFSI | 1.6 TDI | 2.0 TDI | S line,CURATED_REVIEW,cmshtjhy5000ouz6sw8435xzn,arac/otomobil,Vasıta > Otomobil > Audi > A3,KEEP_EXISTING,high,Brand/model already linked to target category,yes,0,no
Otomobil,,Audi,A4,1.4 TFSI | 1.8 T | 2.0 TFSI | 2.0 TDI | 3.0 TDI | quattro | S line,CURATED_REVIEW,cmshtjhzu000quz6sp8wvkttc,arac/otomobil,Vasıta > Otomobil > Audi > A4,KEEP_EXISTING,high,Brand/model already linked to target category,yes,0,no
Otomobil,,Audi,A5,1.4 TFSI | 2.0 TFSI | 2.0 TDI | quattro | S line,CURATED_REVIEW,,,Vasıta > Otomobil > Audi > A5,CREATE_SAFE,high,New series under mapped category,n/a,0,no
Otomobil,,Audi,A6,1.8 TFSI | 2.0 TFSI | 2.0 TDI | 3.0 TDI | quattro | Design | S line,CURATED_REVIEW,cmshtji0e000suz6s250elecl,arac/otomobil,Vasıta > Otomobil > Audi > A6,KEEP_EXISTING,high,Brand/model already linked to target category,yes,0,no
Otomobil,,Audi,A7,2.0 TFSI | 3.0 TFSI | 3.0 TDI | quattro,CURATED_REVIEW,,,Vasıta > Otomobil > Audi > A7,CREATE_SAFE,high,New series under mapped category,n/a,0,no
Otomobil,,Audi,A8,2.0 TFSI | 3.0 TDI | 4.0 TFSI | L quattro,CURATED_REVIEW,,,Vasıta > Otomobil > Audi > A8,CREATE_SAFE,high,New series under mapped category,n/a,0,no
Otomobil,,Audi,Cabrio,Cabrio,CURATED_REVIEW,,,Vasıta > Otomobil > Audi > Cabrio,CREATE_SAFE,high,New series under mapped category,n/a,0,no
Otomobil,,Audi,e-tron GT,quattro | RS e-tron GT,CURATED_REVIEW,,,Vasıta > Otomobil > Audi > e-tron GT,CREATE_SAFE,high,New series under mapped category,n/a,0,no
Otomobil,,Audi,R8,R8,CURATED_REVIEW,,,Vasıta > Otomobil > Audi > R8,CREATE_SAFE,high,New series under mapped category,n/a,0,no
Otomobil,,Audi,RS3,RS3,CURATED_REVIEW,,,Vasıta > Otomobil > Audi > RS3,CREATE_SAFE,high,New series under mapped category,n/a,0,no
Otomobil,,Audi,RS4,RS4,CURATED_REVIEW,,,Vasıta > Otomobil > Audi > RS4,CREATE_SAFE,high,New series under mapped category,n/a,0,no
Otomobil,,Audi,RS5,RS5,CURATED_REVIEW,,,Vasıta > Otomobil > Audi > RS5,CREATE_SAFE,high,New series under mapped category,n/a,0,no
Otomobil,,Audi,RS6,RS6,CURATED_REVIEW,,,Vasıta > Otomobil > Audi > RS6,CREATE_SAFE,high,New series under mapped category,n/a,0,no
Otomobil,,Audi,RS7,RS7,CURATED_REVIEW,,,Vasıta > Otomobil > Audi > RS7,CREATE_SAFE,high,New series under mapped category,n/a,0,no
Otomobil,,Audi,S1,S1,CURATED_REVIEW,,,Vasıta > Otomobil > Audi > S1,CREATE_SAFE,high,New series under mapped category,n/a,0,no
Otomobil,,Audi,S3,S3,CURATED_REVIEW,,,Vasıta > Otomobil > Audi > S3,CREATE_SAFE,high,New series under mapped category,n/a,0,no
Otomobil,,Audi,S4,S4,CURATED_REVIEW,,,Vasıta > Otomobil > Audi > S4,CREATE_SAFE,high,New series under mapped category,n/a,0,no
Otomobil,,Audi,S5,S5,CURATED_REVIEW,,,Vasıta > Otomobil > Audi > S5,CREATE_SAFE,high,New series under mapped category,n/a,0,no
Otomobil,,Audi,S6,S6,CURATED_REVIEW,,,Vasıta > Otomobil > Audi > S6,CREATE_SAFE,high,New series under mapped category,n/a,0,no
Otomobil,,Audi,S7,S7,CURATED_REVIEW,,,Vasıta > Otomobil > Audi > S7,CREATE_SAFE,high,New series under mapped category,n/a,0,no
Otomobil,,Audi,S8,S8,CURATED_REVIEW,,,Vasıta > Otomobil > Audi > S8,CREATE_SAFE,high,New series under mapped category,n/a,0,no
Otomobil,,Audi,TT,1.8 T | 2.0 TFSI | TTS | TT RS,CURATED_REVIEW,,,Vasıta > Otomobil > Audi > TT,CREATE_SAFE,high,New series under mapped category,n/a,0,no
Otomobil,,Bajaj,Qute,Qute,CURATED_REVIEW,,,Vasıta > Otomobil > Bajaj > Qute,CREATE_SAFE,high,New series under mapped category,n/a,0,no
Otomobil,,Bentley,Arnage,Arnage,CURATED_REVIEW,,,Vasıta > Otomobil > Bentley > Arnage,CREATE_SAFE,high,New series under mapped category,n/a,0,no
Otomobil,,Bentley,Azure,Azure,CURATED_REVIEW,,,Vasıta > Otomobil > Bentley > Azure,CREATE_SAFE,high,New series under mapped category,n/a,0,no
Otomobil,,Bentley,Bentayga,Bentayga,CURATED_REVIEW,,,Vasıta > Otomobil > Bentley > Bentayga,CREATE_SAFE,high,New series under mapped category,n/a,0,no
Otomobil,,Bentley,Brooklands,Brooklands,CURATED_REVIEW,,,Vasıta > Otomobil > Bentley > Brooklands,CREATE_SAFE,high,New series under mapped category,n/a,0,no
Otomobil,,Bentley,Continental Flying Spur,Continental Flying Spur,CURATED_REVIEW,,,Vasıta > Otomobil > Bentley > Continental Flying Spur,CREATE_SAFE,high,New series under mapped category,n/a,0,no
Otomobil,,Bentley,Continental GT,Continental GT,CURATED_REVIEW,,,Vasıta > Otomobil > Bentley > Continental GT,CREATE_SAFE,high,New series under mapped category,n/a,0,no
Otomobil,,Bentley,Flying Spur,Flying Spur,CURATED_REVIEW,,,Vasıta > Otomobil > Bentley > Flying Spur,CREATE_SAFE,high,New series under mapped category,n/a,0,no
Otomobil,,Bentley,Mulsanne,Mulsanne,CURATED_REVIEW,,,Vasıta > Otomobil > Bentley > Mulsanne,CREATE_SAFE,high,New series under mapped category,n/a,0,no
Otomobil,,Bentley,Turbo R,Turbo R,CURATED_REVIEW,,,Vasıta > Otomobil > Bentley > Turbo R,CREATE_SAFE,high,New series under mapped category,n/a,0,no
Otomobil,,BMW,1 Serisi,116d | 116i | 118d | 118i | 120d | 120i | 125i | M135i xDrive,CURATED_REVIEW,cmshtji2y0010uz6sjkgkw7kp,arac/otomobil,Vasıta > Otomobil > BMW > 1 Serisi,KEEP_EXISTING,high,Brand/model already linked to target category,yes,0,no
Otomobil,,BMW,2 Serisi,216d Active Tourer | 216d Gran Coupe | 216d Gran Tourer | 218i | 218i Active Tourer | 218i Gran Coupe | 220d | 220i | 220 Gran Coupe | 230i | M2,CURATED_REVIEW,,,Vasıta > Otomobil > BMW > 2 Serisi,CREATE_SAFE,high,New series under mapped category,n/a,0,no
Otomobil,,BMW,3 Serisi,315 | 316i | 318d | 318i | 320d | 320d xDrive | 320i | 320i ED | 325i | 328i | 330d | 330i | 330i xDrive | 335i | 340i xDrive,CURATED_REVIEW,cmshtji1j000wuz6sfrhgpqzt,arac/otomobil,Vasıta > Otomobil > BMW > 3 Serisi,KEEP_EXISTING,high,Brand/model already linked to target category,yes,0,no
Otomobil,,BMW,4 Serisi,418i Gran Coupe | 420d | 420d xDrive | 420i | 420i Gran Coupe | 428i | 430i | 430i xDrive | M4,CURATED_REVIEW,,,Vasıta > Otomobil > BMW > 4 Serisi,CREATE_SAFE,high,New series under mapped category,n/a,0,no
Otomobil,,BMW,5 Serisi,518d | 520d | 520d xDrive | 520i | 523i | 525d | 525i | 528i | 530d | 530i | 530i xDrive | 535d | 535i | 540i | M5,CURATED_REVIEW,cmshtji2d000yuz6syrw31izv,arac/otomobil,Vasıta > Otomobil > BMW > 5 Serisi,KEEP_EXISTING,high,Brand/model already linked to target category,yes,0,no
Otomobil,,BMW,6 Serisi,628Ci | 630i | 630d GT | 640d | 640i | 650i | M6,CURATED_REVIEW,,,Vasıta > Otomobil > BMW > 6 Serisi,CREATE_SAFE,high,New series under mapped category,n/a,0,no
Otomobil,,BMW,7 Serisi,725d | 728i | 730d | 730Ld | 730i | 735i | 740d | 740i | 745e | 750i | 760i,CURATED_REVIEW,,,Vasıta > Otomobil > BMW > 7 Serisi,CREATE_SAFE,high,New series under mapped category,n/a,0,no
Otomobil,,BMW,8 Serisi,840d xDrive | 840i xDrive | M8,CURATED_REVIEW,,,Vasıta > Otomobil > BMW > 8 Serisi,CREATE_SAFE,high,New series under mapped category,n/a,0,no
Otomobil,,BMW,i Serisi,i3 | i3s | i4 eDrive40 | i4 M50 | i5 eDrive40 | i5 M60 | i7 xDrive60 | i8,CURATED_REVIEW,,,Vasıta > Otomobil > BMW > i Serisi,CREATE_SAFE,high,New series under mapped category,n/a,0,no
Otomobil,,BMW,M Serisi,M1 | M2 | M3 | M4 | M5 | M6 | M8,CURATED_REVIEW,,,Vasıta > Otomobil > BMW > M Serisi,CREATE_SAFE,high,New series under mapped category,n/a,0,no
Otomobil,,BMW,Z Serisi,Z1 | Z3 | Z4 | Z8,CURATED_REVIEW,,,Vasıta > Otomobil > BMW > Z Serisi,CREATE_SAFE,high,New series under mapped category,n/a,0,no
Otomobil,,Buick,Century,Century,CURATED_REVIEW,,,Vasıta > Otomobil > Buick > Century,CREATE_SAFE,high,New series under mapped category,n/a,0,no
Otomobil,,Buick,Electra,Electra,CURATED_REVIEW,,,Vasıta > Otomobil > Buick > Electra,CREATE_SAFE,high,New series under mapped category,n/a,0,no
Otomobil,,Buick,Enclave,Enclave,CURATED_REVIEW,,,Vasıta > Otomobil > Buick > Enclave,CREATE_SAFE,high,New series under mapped category,n/a,0,no
Otomobil,,Buick,Encore,Encore,CURATED_REVIEW,,,Vasıta > Otomobil > Buick > Encore,CREATE_SAFE,high,New series under mapped category,n/a,0,no
Otomobil,,Buick,Envision,Envision,CURATED_REVIEW,,,Vasıta > Otomobil > Buick > Envision,CREATE_SAFE,high,New series under mapped category,n/a,0,no
Otomobil,,Buick,LaCrosse,LaCrosse,CURATED_REVIEW,,,Vasıta > Otomobil > Buick > LaCrosse,CREATE_SAFE,high,New series under mapped category,n/a,0,no
Otomobil,,Buick,LeSabre,LeSabre,CURATED_REVIEW,,,Vasıta > Otomobil > Buick > LeSabre,CREATE_SAFE,high,New series under mapped category,n/a,0,no
Otomobil,,Buick,Park Avenue,Park Avenue,CURATED_REVIEW,,,Vasıta > Otomobil > Buick > Park Avenue,CREATE_SAFE,high,New series under mapped category,n/a,0,no
Otomobil,,Buick,Regal,Regal,CURATED_REVIEW,,,Vasıta > Otomobil > Buick > Regal,CREATE_SAFE,high,New series under mapped category,n/a,0,no
Otomobil,,Buick,Riviera,Riviera,CURATED_REVIEW,,,Vasıta > Otomobil > Buick > Riviera,CREATE_SAFE,high,New series under mapped category,n/a,0,no
Otomobil,,Buick,Roadmaster,Roadmaster,CURATED_REVIEW,,,Vasıta > Otomobil > Buick > Roadmaster,CREATE_SAFE,high,New series under mapped category,n/a,0,no
Otomobil,,Buick,Skylark,Skylark,CURATED_REVIEW,,,Vasıta > Otomobil > Buick > Skylark,CREATE_SAFE,high,New series under mapped category,n/a,0,no
Otomobil,,BYD,Atto 3,Design,CURATED_REVIEW,,,Vasıta > Otomobil > BYD > Atto 3,CREATE_SAFE,high,New series under mapped category,n/a,0,no
Otomobil,,BYD,Dolphin,Comfort | Design,CURATED_REVIEW,cmshvhng0001iuza8oqruu7r1,arac/otomobil,Vasıta > Otomobil > BYD > Dolphin,KEEP_EXISTING,high,Brand/model already linked to target category,yes,0,no
Otomobil,,BYD,Han,Executive,CURATED_REVIEW,,,Vasıta > Otomobil > BYD > Han,CREATE_SAFE,high,New series under mapped category,n/a,0,no
Otomobil,,BYD,Qin,Qin,CURATED_REVIEW,,,Vasıta > Otomobil > BYD > Qin,CREATE_SAFE,high,New series under mapped category,n/a,0,no
Otomobil,,BYD,Seal,Design | Excellence AWD,CURATED_REVIEW,cmshvhnf7001guza8hk2s3g3s,arac/otomobil,Vasıta > Otomobil > BYD > Seal,KEEP_EXISTING,high,Brand/model already linked to target category,yes,0,no
Otomobil,,BYD,Seal U,Comfort | Design | DM-i,CURATED_REVIEW,,,Vasıta > Otomobil > BYD > Seal U,CREATE_SAFE,high,New series under mapped category,n/a,0,no
Otomobil,,BYD,Tang,Tang,CURATED_REVIEW,,,Vasıta > Otomobil > BYD > Tang,CREATE_SAFE,high,New series under mapped category,n/a,0,no
Otomobil,,Cadillac,ATS,ATS,CURATED_REVIEW,,,Vasıta > Otomobil > Cadillac > ATS,CREATE_SAFE,high,New series under mapped category,n/a,0,no
Otomobil,,Cadillac,BLS,BLS,CURATED_REVIEW,,,Vasıta > Otomobil > Cadillac > BLS,CREATE_SAFE,high,New series under mapped category,n/a,0,no
Otomobil,,Cadillac,CT4,CT4,CURATED_REVIEW,,,Vasıta > Otomobil > Cadillac > CT4,CREATE_SAFE,high,New series under mapped category,n/a,0,no
Otomobil,,Cadillac,CT5,CT5,CURATED_REVIEW,,,Vasıta > Otomobil > Cadillac > CT5,CREATE_SAFE,high,New series under mapped category,n/a,0,no
Otomobil,,Cadillac,CT6,CT6,CURATED_REVIEW,,,Vasıta > Otomobil > Cadillac > CT6,CREATE_SAFE,high,New series under mapped category,n/a,0,no
Otomobil,,Cadillac,CTS,CTS,CURATED_REVIEW,,,Vasıta > Otomobil > Cadillac > CTS,CREATE_SAFE,high,New series under mapped category,n/a,0,no
Otomobil,,Cadillac,DeVille,DeVille,CURATED_REVIEW,,,Vasıta > Otomobil > Cadillac > DeVille,CREATE_SAFE,high,New series under mapped category,n/a,0,no
Otomobil,,Cadillac,Eldorado,Eldorado,CURATED_REVIEW,,,Vasıta > Otomobil > Cadillac > Eldorado,CREATE_SAFE,high,New series under mapped category,n/a,0,no
Otomobil,,Cadillac,Fleetwood,Fleetwood,CURATED_REVIEW,,,Vasıta > Otomobil > Cadillac > Fleetwood,CREATE_SAFE,high,New series under mapped category,n/a,0,no
Otomobil,,Cadillac,Seville,Seville,CURATED_REVIEW,,,Vasıta > Otomobil > Cadillac > Seville,CREATE_SAFE,high,New series under mapped category,n/a,0,no
Otomobil,,Cadillac,STS,STS,CURATED_REVIEW,,,Vasıta > Otomobil > Cadillac > STS,CREATE_SAFE,high,New series under mapped category,n/a,0,no
Otomobil,,Cadillac,XLR,XLR,CURATED_REVIEW,,,Vasıta > Otomobil > Cadillac > XLR,CREATE_SAFE,high,New series under mapped category,n/a,0,no
Otomobil,,Chery,Alia,Alia,CURATED_REVIEW,,,Vasıta > Otomobil > Chery > Alia,CREATE_SAFE,high,New series under mapped category,n/a,0,no
Otomobil,,Chery,Chance,Chance,CURATED_REVIEW,,,Vasıta > Otomobil > Chery > Chance,CREATE_SAFE,high,New series under mapped category,n/a,0,no
Otomobil,,Chery,Kimo,Kimo,CURATED_REVIEW,,,Vasıta > Otomobil > Chery > Kimo,CREATE_SAFE,high,New series under mapped category,n/a,0,no
Otomobil,,Chery,Niche,Niche,CURATED_REVIEW,,,Vasıta > Otomobil > Chery > Niche,CREATE_SAFE,high,New series under mapped category,n/a,0,no
Otomobil,,Chery,Omoda 5,Omoda 5,CURATED_REVIEW,,,Vasıta > Otomobil > Chery > Omoda 5,CREATE_SAFE,high,New series under mapped category,n/a,0,no
Otomobil,,Chery,Tiggo 3,Tiggo 3,CURATED_REVIEW,,,Vasıta > Otomobil > Chery > Tiggo 3,CREATE_SAFE,high,New series under mapped category,n/a,0,no
Otomobil,,Chery,Tiggo 7,Tiggo 7,CURATED_REVIEW,,,Vasıta > Otomobil > Chery > Tiggo 7,CREATE_SAFE,high,New series under mapped category,n/a,0,no
Otomobil,,Chery,Tiggo 8,Tiggo 8,CURATED_REVIEW,,,Vasıta > Otomobil > Chery > Tiggo 8,CREATE_SAFE,high,New series under mapped category,n/a,0,no
Otomobil,,Chevrolet,Aveo,1.2 S | 1.2 SE | 1.3 D LT | 1.4 LT,CURATED_REVIEW,cmshvhngj001kuza8byghthtq,arac/otomobil,Vasıta > Otomobil > Chevrolet > Aveo,KEEP_EXISTING,high,Brand/model already linked to target category,yes,0,no
Otomobil,,Chevrolet,Camaro,Camaro,CURATED_REVIEW,,,Vasıta > Otomobil > Chevrolet > Camaro,CREATE_SAFE,high,New series under mapped category,n/a,0,no
Otomobil,,Chevrolet,Caprice,Caprice,CURATED_REVIEW,,,Vasıta > Otomobil > Chevrolet > Caprice,CREATE_SAFE,high,New series under mapped category,n/a,0,no
Otomobil,,Chevrolet,Corvette,Corvette,CURATED_REVIEW,,,Vasıta > Otomobil > Chevrolet > Corvette,CREATE_SAFE,high,New series under mapped category,n/a,0,no
Otomobil,,Chevrolet,Cruze,1.4 T | 1.6 LS | 1.6 LT | 2.0 D LT,CURATED_REVIEW,,,Vasıta > Otomobil > Chevrolet > Cruze,CREATE_SAFE,high,New series under mapped category,n/a,0,no
Otomobil,,Chevrolet,Epica,Epica,CURATED_REVIEW,,,Vasıta > Otomobil > Chevrolet > Epica,CREATE_SAFE,high,New series under mapped category,n/a,0,no
Otomobil,,Chevrolet,Evanda,Evanda,CURATED_REVIEW,,,Vasıta > Otomobil > Chevrolet > Evanda,CREATE_SAFE,high,New series under mapped category,n/a,0,no
Otomobil,,Chevrolet,Kalos,Kalos,CURATED_REVIEW,,,Vasıta > Otomobil > Chevrolet > Kalos,CREATE_SAFE,high,New series under mapped category,n/a,0,no
Otomobil,,Chevrolet,Lacetti,1.4 SE | 1.6 SX,CURATED_REVIEW,,,Vasıta > Otomobil > Chevrolet > Lacetti,CREATE_SAFE,high,New series under mapped category,n/a,0,no
Otomobil,,Chevrolet,Malibu,Malibu,CURATED_REVIEW,,,Vasıta > Otomobil > Chevrolet > Malibu,CREATE_SAFE,high,New series under mapped category,n/a,0,no
Otomobil,,Chevrolet,Optra,Optra,CURATED_REVIEW,,,Vasıta > Otomobil > Chevrolet > Optra,CREATE_SAFE,high,New series under mapped category,n/a,0,no
Otomobil,,Chevrolet,Rezzo,Rezzo,CURATED_REVIEW,,,Vasıta > Otomobil > Chevrolet > Rezzo,CREATE_SAFE,high,New series under mapped category,n/a,0,no
Otomobil,,Chevrolet,Spark,1.0 LS | 1.2 LT,CURATED_REVIEW,,,Vasıta > Otomobil > Chevrolet > Spark,CREATE_SAFE,high,New series under mapped category,n/a,0,no
Otomobil,,Chrysler,300 C,300 C,CURATED_REVIEW,,,Vasıta > Otomobil > Chrysler > 300 C,CREATE_SAFE,high,New series under mapped category,n/a,0,no
Otomobil,,Chrysler,300 M,300 M,CURATED_REVIEW,,,Vasıta > Otomobil > Chrysler > 300 M,CREATE_SAFE,high,New series under mapped category,n/a,0,no
Otomobil,,Chrysler,Concorde,Concorde,CURATED_REVIEW,,,Vasıta > Otomobil > Chrysler > Concorde,CREATE_SAFE,high,New series under mapped category,n/a,0,no
Otomobil,,Chrysler,Crossfire,Crossfire,CURATED_REVIEW,,,Vasıta > Otomobil > Chrysler > Crossfire,CREATE_SAFE,high,New series under mapped category,n/a,0,no
Otomobil,,Chrysler,LeBaron,LeBaron,CURATED_REVIEW,,,Vasıta > Otomobil > Chrysler > LeBaron,CREATE_SAFE,high,New series under mapped category,n/a,0,no
Otomobil,,Chrysler,Neon,Neon,CURATED_REVIEW,,,Vasıta > Otomobil > Chrysler > Neon,CREATE_SAFE,high,New series under mapped category,n/a,0,no
Otomobil,,Chrysler,PT Cruiser,PT Cruiser,CURATED_REVIEW,,,Vasıta > Otomobil > Chrysler > PT Cruiser,CREATE_SAFE,high,New series under mapped category,n/a,0,no
Otomobil,,Chrysler,Sebring,Sebring,CURATED_REVIEW,,,Vasıta > Otomobil > Chrysler > Sebring,CREATE_SAFE,high,New series under mapped category,n/a,0,no
Otomobil,,Chrysler,Stratus,Stratus,CURATED_REVIEW,,,Vasıta > Otomobil > Chrysler > Stratus,CREATE_SAFE,high,New series under mapped category,n/a,0,no
Otomobil,,Chrysler,Vision,Vision,CURATED_REVIEW,,,Vasıta > Otomobil > Chrysler > Vision,CREATE_SAFE,high,New series under mapped category,n/a,0,no
Otomobil,,Citroen,AX,AX,CURATED_REVIEW,,,Vasıta > Otomobil > Citroen > AX,CREATE_SAFE,high,New series under mapped category,n/a,0,no
Otomobil,,Citroen,BX,BX,CURATED_REVIEW,,,Vasıta > Otomobil > Citroen > BX,CREATE_SAFE,high,New series under mapped category,n/a,0,no
Otomobil,,Citroen,C1,1.0 Feel | 1.0 Shine,CURATED_REVIEW,,,Vasıta > Otomobil > Citroen > C1,CREATE_SAFE,high,New series under mapped category,n/a,0,no
Otomobil,,Citroen,C2,1.4 HDi SX,CURATED_REVIEW,,,Vasıta > Otomobil > Citroen > C2,CREATE_SAFE,high,New series under mapped category,n/a,0,no
Otomobil,,Citroen,C3,1.2 PureTech Feel | 1.2 PureTech Shine | 1.4 HDi | 1.5 BlueHDi Feel | 1.6 BlueHDi,CURATED_REVIEW,cmshtjiq20038uz6sekyianc4,arac/otomobil,Vasıta > Otomobil > Citroen > C3,KEEP_EXISTING,high,Brand/model already linked to target category,yes,0,no
Otomobil,,Citroen,C4,1.2 PureTech Feel Bold | 1.2 PureTech Shine | 1.5 BlueHDi Feel | 1.6 HDi,CURATED_REVIEW,cmshtjiqq003auz6swy8w3g2g,arac/otomobil,Vasıta > Otomobil > Citroen > C4,KEEP_EXISTING,high,Brand/model already linked to target category,yes,0,no
Otomobil,,Citroen,C4 X,1.2 PureTech Feel | 1.2 PureTech Shine | 1.5 BlueHDi,CURATED_REVIEW,,,Vasıta > Otomobil > Citroen > C4 X,CREATE_SAFE,high,New series under mapped category,n/a,0,no
Otomobil,,Citroen,C5,1.6 HDi | 1.6 e-HDi | 2.0 HDi,CURATED_REVIEW,,,Vasıta > Otomobil > Citroen > C5,CREATE_SAFE,high,New series under mapped category,n/a,0,no
Otomobil,,Citroen,C6,C6,CURATED_REVIEW,,,Vasıta > Otomobil > Citroen > C6,CREATE_SAFE,high,New series under mapped category,n/a,0,no
Otomobil,,Citroen,C8,C8,CURATED_REVIEW,,,Vasıta > Otomobil > Citroen > C8,CREATE_SAFE,high,New series under mapped category,n/a,0,no
Otomobil,,Citroen,DS3,DS3,CURATED_REVIEW,,,Vasıta > Otomobil > Citroen > DS3,CREATE_SAFE,high,New series under mapped category,n/a,0,no
Otomobil,,Citroen,DS4,DS4,CURATED_REVIEW,,,Vasıta > Otomobil > Citroen > DS4,CREATE_SAFE,high,New series under mapped category,n/a,0,no
Otomobil,,Citroen,DS5,DS5,CURATED_REVIEW,,,Vasıta > Otomobil > Citroen > DS5,CREATE_SAFE,high,New series under mapped category,n/a,0,no
Otomobil,,Citroen,Saxo,Saxo,CURATED_REVIEW,,,Vasıta > Otomobil > Citroen > Saxo,CREATE_SAFE,high,New series under mapped category,n/a,0,no
Otomobil,,Citroen,Xantia,Xantia,CURATED_REVIEW,,,Vasıta > Otomobil > Citroen > Xantia,CREATE_SAFE,high,New series under mapped category,n/a,0,no
Otomobil,,Citroen,Xsara,1.4 SX | 1.6 SX | 2.0 HDi,CURATED_REVIEW,,,Vasıta > Otomobil > Citroen > Xsara,CREATE_SAFE,high,New series under mapped category,n/a,0,no
Otomobil,,Citroen,Xsara Picasso,1.6 HDi | 2.0 HDi,CURATED_REVIEW,,,Vasıta > Otomobil > Citroen > Xsara Picasso,CREATE_SAFE,high,New series under mapped category,n/a,0,no
Otomobil,,Citroen,ZX,ZX,CURATED_REVIEW,,,Vasıta > Otomobil > Citroen > ZX,CREATE_SAFE,high,New series under mapped category,n/a,0,no
Otomobil,,Cupra,Born,e-Boost,CURATED_REVIEW,,,Vasıta > Otomobil > Cupra > Born,CREATE_SAFE,high,New series under mapped category,n/a,0,no
Otomobil,,Cupra,Formentor,1.5 TSI | 2.0 TSI | VZ | e-Hybrid,CURATED_REVIEW,cmshvhoft002wuza8mpky4uju,arac/arazi-suv-pickup,Vasıta > Otomobil > Cupra > Formentor,MANUAL_REVIEW,low,Cross body-type category move blocked: [arac/arazi-suv-pickup] → arac/otomobil,yes,0,yes
Otomobil,,Cupra,Leon,1.5 eTSI | 2.0 TSI | VZ,CURATED_REVIEW,cmshvhnii001muza8pskaoii1,arac/otomobil,Vasıta > Otomobil > Cupra > Leon,KEEP_EXISTING,high,Brand/model already linked to target category,yes,0,no
Otomobil,,Dacia,Dokker,1.5 dCi Ambiance | Stepway,CURATED_REVIEW,,,Vasıta > Otomobil > Dacia > Dokker,CREATE_SAFE,high,New series under mapped category,n/a,0,no
Otomobil,,Dacia,Lodgy,1.5 dCi Laureate | Stepway,CURATED_REVIEW,,,Vasıta > Otomobil > Dacia > Lodgy,CREATE_SAFE,high,New series under mapped category,n/a,0,no
Otomobil,,Dacia,Logan,1.0 SCe Ambiance | 1.5 dCi Ambiance | 1.5 dCi Laureate | MCV,CURATED_REVIEW,cmshvhnjv001quza8nm9lvb03,arac/otomobil,Vasıta > Otomobil > Dacia > Logan,KEEP_EXISTING,high,Brand/model already linked to target category,yes,0,no
Otomobil,,Dacia,Sandero,1.0 SCe Ambiance | 1.0 TCe Comfort | 1.5 dCi Stepway,CURATED_REVIEW,cmshvhnj8001ouza8xzlmoehn,arac/otomobil,Vasıta > Otomobil > Dacia > Sandero,KEEP_EXISTING,high,Brand/model already linked to target category,yes,0,no
Otomobil,,Dacia,Solenza,Solenza,CURATED_REVIEW,,,Vasıta > Otomobil > Dacia > Solenza,CREATE_SAFE,high,New series under mapped category,n/a,0,no
Otomobil,,Daewoo,Espero,Espero,CURATED_REVIEW,,,Vasıta > Otomobil > Daewoo > Espero,CREATE_SAFE,high,New series under mapped category,n/a,0,no
Otomobil,,Daewoo,Lanos,Lanos,CURATED_REVIEW,,,Vasıta > Otomobil > Daewoo > Lanos,CREATE_SAFE,high,New series under mapped category,n/a,0,no
Otomobil,,Daewoo,Leganza,Leganza,CURATED_REVIEW,,,Vasıta > Otomobil > Daewoo > Leganza,CREATE_SAFE,high,New series under mapped category,n/a,0,no
Otomobil,,Daewoo,Matiz,Matiz,CURATED_REVIEW,,,Vasıta > Otomobil > Daewoo > Matiz,CREATE_SAFE,high,New series under mapped category,n/a,0,no
Otomobil,,Daewoo,Nexia,Nexia,CURATED_REVIEW,,,Vasıta > Otomobil > Daewoo > Nexia,CREATE_SAFE,high,New series under mapped category,n/a,0,no
Otomobil,,Daewoo,Nubira,Nubira,CURATED_REVIEW,,,Vasıta > Otomobil > Daewoo > Nubira,CREATE_SAFE,high,New series under mapped category,n/a,0,no
Otomobil,,Daewoo,Racer,Racer,CURATED_REVIEW,,,Vasıta > Otomobil > Daewoo > Racer,CREATE_SAFE,high,New series under mapped category,n/a,0,no
Otomobil,,Daewoo,Tacuma,Tacuma,CURATED_REVIEW,,,Vasıta > Otomobil > Daewoo > Tacuma,CREATE_SAFE,high,New series under mapped category,n/a,0,no
Otomobil,,Daewoo,Tico,Tico,CURATED_REVIEW,,,Vasıta > Otomobil > Daewoo > Tico,CREATE_SAFE,high,New series under mapped category,n/a,0,no
Otomobil,,Daihatsu,Applause,Applause,CURATED_REVIEW,,,Vasıta > Otomobil > Daihatsu > Applause,CREATE_SAFE,high,New series under mapped category,n/a,0,no
Otomobil,,Daihatsu,Charade,Charade,CURATED_REVIEW,,,Vasıta > Otomobil > Daihatsu > Charade,CREATE_SAFE,high,New series under mapped category,n/a,0,no
Otomobil,,Daihatsu,Copen,Copen,CURATED_REVIEW,,,Vasıta > Otomobil > Daihatsu > Copen,CREATE_SAFE,high,New series under mapped category,n/a,0,no
Otomobil,,Daihatsu,Cuore,Cuore,CURATED_REVIEW,,,Vasıta > Otomobil > Daihatsu > Cuore,CREATE_SAFE,high,New series under mapped category,n/a,0,no
Otomobil,,Daihatsu,Materia,Materia,CURATED_REVIEW,,,Vasıta > Otomobil > Daihatsu > Materia,CREATE_SAFE,high,New series under mapped category,n/a,0,no
Otomobil,,Daihatsu,Mira,Mira,CURATED_REVIEW,,,Vasıta > Otomobil > Daihatsu > Mira,CREATE_SAFE,high,New series under mapped category,n/a,0,no
Otomobil,,Daihatsu,Sirion,Sirion,CURATED_REVIEW,,,Vasıta > Otomobil > Daihatsu > Sirion,CREATE_SAFE,high,New series under mapped category,n/a,0,no
Otomobil,,Daihatsu,YRV,YRV,CURATED_REVIEW,,,Vasıta > Otomobil > Daihatsu > YRV,CREATE_SAFE,high,New series under mapped category,n/a,0,no
Otomobil,,Dodge,Avenger,Avenger,CURATED_REVIEW,,,Vasıta > Otomobil > Dodge > Avenger,CREATE_SAFE,high,New series under mapped category,n/a,0,no
Otomobil,,Dodge,Caliber,Caliber,CURATED_REVIEW,,,Vasıta > Otomobil > Dodge > Caliber,CREATE_SAFE,high,New series under mapped category,n/a,0,no
Otomobil,,Dodge,Challenger,Challenger,CURATED_REVIEW,,,Vasıta > Otomobil > Dodge > Challenger,CREATE_SAFE,high,New series under mapped category,n/a,0,no
Otomobil,,Dodge,Charger,Charger,CURATED_REVIEW,,,Vasıta > Otomobil > Dodge > Charger,CREATE_SAFE,high,New series under mapped category,n/a,0,no
Otomobil,,Dodge,Dart,Dart,CURATED_REVIEW,,,Vasıta > Otomobil > Dodge > Dart,CREATE_SAFE,high,New series under mapped category,n/a,0,no
Otomobil,,Dodge,Magnum,Magnum,CURATED_REVIEW,,,Vasıta > Otomobil > Dodge > Magnum,CREATE_SAFE,high,New series under mapped category,n/a,0,no
Otomobil,,Dodge,Neon,Neon,CURATED_REVIEW,,,Vasıta > Otomobil > Dodge > Neon,CREATE_SAFE,high,New series under mapped category,n/a,0,no
Otomobil,,Dodge,Stealth,Stealth,CURATED_REVIEW,,,Vasıta > Otomobil > Dodge > Stealth,CREATE_SAFE,high,New series under mapped category,n/a,0,no
Otomobil,,Dodge,Viper,Viper,CURATED_REVIEW,,,Vasıta > Otomobil > Dodge > Viper,CREATE_SAFE,high,New series under mapped category,n/a,0,no
Otomobil,,DS Automobiles,DS 3,Performance Line | Rivoli,CURATED_REVIEW,,,Vasıta > Otomobil > DS Automobiles > DS 3,CREATE_SAFE,high,New series under mapped category,n/a,0,no
Otomobil,,DS Automobiles,DS 4,Performance Line | Rivoli | Opera,CURATED_REVIEW,,,Vasıta > Otomobil > DS Automobiles > DS 4,CREATE_SAFE,high,New series under mapped category,n/a,0,no
Otomobil,,DS Automobiles,DS 5,DS 5,CURATED_REVIEW,,,Vasıta > Otomobil > DS Automobiles > DS 5,CREATE_SAFE,high,New series under mapped category,n/a,0,no
Otomobil,,DS Automobiles,DS 9,Rivoli | Opera,CURATED_REVIEW,,,Vasıta > Otomobil > DS Automobiles > DS 9,CREATE_SAFE,high,New series under mapped category,n/a,0,no
Otomobil,,Ferrari,296 GTB,296 GTB,CURATED_REVIEW,,,Vasıta > Otomobil > Ferrari > 296 GTB,CREATE_SAFE,high,New series under mapped category,n/a,0,no
Otomobil,,Ferrari,348,348,CURATED_REVIEW,,,Vasıta > Otomobil > Ferrari > 348,CREATE_SAFE,high,New series under mapped category,n/a,0,no
Otomobil,,Ferrari,360,360,CURATED_REVIEW,,,Vasıta > Otomobil > Ferrari > 360,CREATE_SAFE,high,New series under mapped category,n/a,0,no
Otomobil,,Ferrari,458 Italia,458 Italia,CURATED_REVIEW,,,Vasıta > Otomobil > Ferrari > 458 Italia,CREATE_SAFE,high,New series under mapped category,n/a,0,no
Otomobil,,Ferrari,488 GTB,488 GTB,CURATED_REVIEW,,,Vasıta > Otomobil > Ferrari > 488 GTB,CREATE_SAFE,high,New series under mapped category,n/a,0,no
Otomobil,,Ferrari,550 Maranello,550 Maranello,CURATED_REVIEW,,,Vasıta > Otomobil > Ferrari > 550 Maranello,CREATE_SAFE,high,New series under mapped category,n/a,0,no
Otomobil,,Ferrari,575M,575M,CURATED_REVIEW,,,Vasıta > Otomobil > Ferrari > 575M,CREATE_SAFE,high,New series under mapped category,n/a,0,no
Otomobil,,Ferrari,599 GTB,599 GTB,CURATED_REVIEW,,,Vasıta > Otomobil > Ferrari > 599 GTB,CREATE_SAFE,high,New series under mapped category,n/a,0,no
Otomobil,,Ferrari,612 Scaglietti,612 Scaglietti,CURATED_REVIEW,,,Vasıta > Otomobil > Ferrari > 612 Scaglietti,CREATE_SAFE,high,New series under mapped category,n/a,0,no
Otomobil,,Ferrari,812 Superfast,812 Superfast,CURATED_REVIEW,,,Vasıta > Otomobil > Ferrari > 812 Superfast,CREATE_SAFE,high,New series under mapped category,n/a,0,no
Otomobil,,Ferrari,California,California,CURATED_REVIEW,,,Vasıta > Otomobil > Ferrari > California,CREATE_SAFE,high,New series under mapped category,n/a,0,no
Otomobil,,Ferrari,F12 Berlinetta,F12 Berlinetta,CURATED_REVIEW,,,Vasıta > Otomobil > Ferrari > F12 Berlinetta,CREATE_SAFE,high,New series under mapped category,n/a,0,no
Otomobil,,Ferrari,F355,F355,CURATED_REVIEW,,,Vasıta > Otomobil > Ferrari > F355,CREATE_SAFE,high,New series under mapped category,n/a,0,no
Otomobil,,Ferrari,F430,F430,CURATED_REVIEW,,,Vasıta > Otomobil > Ferrari > F430,CREATE_SAFE,high,New series under mapped category,n/a,0,no
Otomobil,,Ferrari,FF,FF,CURATED_REVIEW,,,Vasıta > Otomobil > Ferrari > FF,CREATE_SAFE,high,New series under mapped category,n/a,0,no
Otomobil,,Ferrari,GTC4Lusso,GTC4Lusso,CURATED_REVIEW,,,Vasıta > Otomobil > Ferrari > GTC4Lusso,CREATE_SAFE,high,New series under mapped category,n/a,0,no
Otomobil,,Ferrari,Portofino,Portofino,CURATED_REVIEW,,,Vasıta > Otomobil > Ferrari > Portofino,CREATE_SAFE,high,New series under mapped category,n/a,0,no
Otomobil,,Ferrari,Roma,Roma,CURATED_REVIEW,,,Vasıta > Otomobil > Ferrari > Roma,CREATE_SAFE,high,New series under mapped category,n/a,0,no
Otomobil,,Ferrari,SF90 Stradale,SF90 Stradale,CURATED_REVIEW,,,Vasıta > Otomobil > Ferrari > SF90 Stradale,CREATE_SAFE,high,New series under mapped category,n/a,0,no
Otomobil,,Fiat,124 Spider,124 Spider,CURATED_REVIEW,,,Vasıta > Otomobil > Fiat > 124 Spider,CREATE_SAFE,high,New series under mapped category,n/a,0,no
Otomobil,,Fiat,126 Bis,126 Bis,CURATED_REVIEW,,,Vasıta > Otomobil > Fiat > 126 Bis,CREATE_SAFE,high,New series under mapped category,n/a,0,no
Otomobil,,Fiat,500,1.0 Hybrid Dolcevita | 1.2 Lounge | 1.4 Sport,CURATED_REVIEW,cmshtjief0024uz6szw74eqga,arac/otomobil,Vasıta > Otomobil > Fiat > 500,KEEP_EXISTING,high,Brand/model already linked to target category,yes,0,no
Otomobil,,Fiat,500C,500C,CURATED_REVIEW,,,Vasıta > Otomobil > Fiat > 500C,CREATE_SAFE,high,New series under mapped category,n/a,0,no
Otomobil,,Fiat,500L,1.3 Multijet Lounge | 1.6 Multijet Rockstar,CURATED_REVIEW,,,Vasıta > Otomobil > Fiat > 500L,CREATE_SAFE,high,New series under mapped category,n/a,0,no
Otomobil,,Fiat,500X,500X,CURATED_REVIEW,,,Vasıta > Otomobil > Fiat > 500X,CREATE_SAFE,high,New series under mapped category,n/a,0,no
Otomobil,,Fiat,Albea,1.2 Active | 1.3 Multijet Active | 1.4 Fire Dynamic,CURATED_REVIEW,,,Vasıta > Otomobil > Fiat > Albea,CREATE_SAFE,high,New series under mapped category,n/a,0,no
Otomobil,,Fiat,Brava,Brava,CURATED_REVIEW,,,Vasıta > Otomobil > Fiat > Brava,CREATE_SAFE,high,New series under mapped category,n/a,0,no
Otomobil,,Fiat,Bravo,1.4 T-Jet Sport | 1.6 Multijet Dynamic,CURATED_REVIEW,,,Vasıta > Otomobil > Fiat > Bravo,CREATE_SAFE,high,New series under mapped category,n/a,0,no
Otomobil,,Fiat,Egea Cross,1.4 Fire Street | 1.3 Multijet Urban | 1.6 Multijet Lounge | 1.5 T4 Hibrit,CURATED_REVIEW,,,Vasıta > Otomobil > Fiat > Egea Cross,CREATE_SAFE,high,New series under mapped category,n/a,0,no
Otomobil,,Fiat,Egea Hatchback,1.4 Fire Street | 1.3 Multijet Urban | 1.6 Multijet Lounge,CURATED_REVIEW,,,Vasıta > Otomobil > Fiat > Egea Hatchback,CREATE_SAFE,high,New series under mapped category,n/a,0,no
Otomobil,,Fiat,Egea Sedan,1.4 Fire Easy | 1.3 Multijet Easy | 1.6 Multijet Urban | 1.6 Multijet Lounge | 1.5 T4 Hibrit Cross,CURATED_REVIEW,,,Vasıta > Otomobil > Fiat > Egea Sedan,CREATE_SAFE,high,New series under mapped category,n/a,0,no
Otomobil,,Fiat,Linea,1.3 Multijet Active Plus | 1.3 Multijet Urban | 1.4 Fire Pop,CURATED_REVIEW,,,Vasıta > Otomobil > Fiat > Linea,CREATE_SAFE,high,New series under mapped category,n/a,0,no
Otomobil,,Fiat,Marea,Marea,CURATED_REVIEW,,,Vasıta > Otomobil > Fiat > Marea,CREATE_SAFE,high,New series under mapped category,n/a,0,no
Otomobil,,Fiat,Palio,1.2 S | 1.3 Multijet Active | 1.4 EL,CURATED_REVIEW,,,Vasıta > Otomobil > Fiat > Palio,CREATE_SAFE,high,New series under mapped category,n/a,0,no
Otomobil,,Fiat,Panda,1.2 Dynamic | 1.3 Multijet | 1.0 Hybrid,CURATED_REVIEW,,,Vasıta > Otomobil > Fiat > Panda,CREATE_SAFE,high,New series under mapped category,n/a,0,no
Otomobil,,Fiat,Punto,1.2 Active | 1.3 Multijet Easy | 1.4 Fire Dynamic,CURATED_REVIEW,,,Vasıta > Otomobil > Fiat > Punto,CREATE_SAFE,high,New series under mapped category,n/a,0,no
Otomobil,,Fiat,Punto Evo,Punto Evo,CURATED_REVIEW,,,Vasıta > Otomobil > Fiat > Punto Evo,CREATE_SAFE,high,New series under mapped category,n/a,0,no
Otomobil,,Fiat,Siena,Siena,CURATED_REVIEW,,,Vasıta > Otomobil > Fiat > Siena,CREATE_SAFE,high,New series under mapped category,n/a,0,no
Otomobil,,Fiat,Stilo,Stilo,CURATED_REVIEW,,,Vasıta > Otomobil > Fiat > Stilo,CREATE_SAFE,high,New series under mapped category,n/a,0,no
Otomobil,,Fiat,Tempra,Tempra,CURATED_REVIEW,,,Vasıta > Otomobil > Fiat > Tempra,CREATE_SAFE,high,New series under mapped category,n/a,0,no
Otomobil,,Fiat,Tipo,Tipo,CURATED_REVIEW,cmshtjidy0022uz6svon208vs,arac/otomobil,Vasıta > Otomobil > Fiat > Tipo,KEEP_EXISTING,high,Brand/model already linked to target category,yes,0,no
Otomobil,,Fiat,Uno,Uno,CURATED_REVIEW,,,Vasıta > Otomobil > Fiat > Uno,CREATE_SAFE,high,New series under mapped category,n/a,0,no
Otomobil,,Ford,B-Max,B-Max,CURATED_REVIEW,,,Vasıta > Otomobil > Ford > B-Max,CREATE_SAFE,high,New series under mapped category,n/a,0,no
Otomobil,,Ford,C-Max,1.5 TDCi Titanium | 1.6 TDCi Trend,CURATED_REVIEW,,,Vasıta > Otomobil > Ford > C-Max,CREATE_SAFE,high,New series under mapped category,n/a,0,no
Otomobil,,Ford,Cougar,Cougar,CURATED_REVIEW,,,Vasıta > Otomobil > Ford > Cougar,CREATE_SAFE,high,New series under mapped category,n/a,0,no
Otomobil,,Ford,Escort,Escort,CURATED_REVIEW,,,Vasıta > Otomobil > Ford > Escort,CREATE_SAFE,high,New series under mapped category,n/a,0,no
Otomobil,,Ford,Fiesta,1.0 EcoBoost Titanium | 1.1 Trend | 1.25 Trend | 1.4 TDCi Trend | 1.5 TDCi Titanium | ST,CURATED_REVIEW,cmshtjifo0028uz6shx0h4cqu,arac/otomobil,Vasıta > Otomobil > Ford > Fiesta,KEEP_EXISTING,high,Brand/model already linked to target category,yes,0,no
Otomobil,,Ford,Focus,1.0 EcoBoost Trend X | 1.5 EcoBlue Titanium | 1.5 TDCi Trend X | 1.6 TDCi Titanium | 1.6 Ti-VCT Trend X | ST | RS,CURATED_REVIEW,cmshtjiez0026uz6svv375a6i,arac/otomobil,Vasıta > Otomobil > Ford > Focus,KEEP_EXISTING,high,Brand/model already linked to target category,yes,0,no
Otomobil,,Ford,Fusion,1.4 TDCi Comfort,CURATED_REVIEW,,,Vasıta > Otomobil > Ford > Fusion,CREATE_SAFE,high,New series under mapped category,n/a,0,no
Otomobil,,Ford,Galaxy,Galaxy,CURATED_REVIEW,,,Vasıta > Otomobil > Ford > Galaxy,CREATE_SAFE,high,New series under mapped category,n/a,0,no
Otomobil,,Ford,Ka,Ka,CURATED_REVIEW,,,Vasıta > Otomobil > Ford > Ka,CREATE_SAFE,high,New series under mapped category,n/a,0,no
Otomobil,,Ford,Mondeo,1.5 EcoBoost Titanium | 1.6 TDCi Titanium | 2.0 TDCi Titanium,CURATED_REVIEW,cmshtjig7002auz6s07vnnmmf,arac/otomobil,Vasıta > Otomobil > Ford > Mondeo,KEEP_EXISTING,high,Brand/model already linked to target category,yes,0,no
Otomobil,,Ford,Mustang,2.3 EcoBoost | 5.0 GT,CURATED_REVIEW,,,Vasıta > Otomobil > Ford > Mustang,CREATE_SAFE,high,New series under mapped category,n/a,0,no
Otomobil,,Ford,Probe,Probe,CURATED_REVIEW,,,Vasıta > Otomobil > Ford > Probe,CREATE_SAFE,high,New series under mapped category,n/a,0,no
Otomobil,,Ford,Scorpio,Scorpio,CURATED_REVIEW,,,Vasıta > Otomobil > Ford > Scorpio,CREATE_SAFE,high,New series under mapped category,n/a,0,no
Otomobil,,Ford,Sierra,Sierra,CURATED_REVIEW,,,Vasıta > Otomobil > Ford > Sierra,CREATE_SAFE,high,New series under mapped category,n/a,0,no
Otomobil,,Ford,StreetKa,StreetKa,CURATED_REVIEW,,,Vasıta > Otomobil > Ford > StreetKa,CREATE_SAFE,high,New series under mapped category,n/a,0,no
Otomobil,,Ford,Taurus,Taurus,CURATED_REVIEW,,,Vasıta > Otomobil > Ford > Taurus,CREATE_SAFE,high,New series under mapped category,n/a,0,no
Otomobil,,Ford,Tourneo Connect,Tourneo Connect,CURATED_REVIEW,,,Vasıta > Otomobil > Ford > Tourneo Connect,CREATE_SAFE,high,New series under mapped category,n/a,0,no
Otomobil,,Ford,Tourneo Courier,Tourneo Courier,CURATED_REVIEW,,,Vasıta > Otomobil > Ford > Tourneo Courier,CREATE_SAFE,high,New series under mapped category,n/a,0,no
Otomobil,,Geely,CK,CK,CURATED_REVIEW,,,Vasıta > Otomobil > Geely > CK,CREATE_SAFE,high,New series under mapped category,n/a,0,no
Otomobil,,Geely,Echo,Echo,CURATED_REVIEW,,,Vasıta > Otomobil > Geely > Echo,CREATE_SAFE,high,New series under mapped category,n/a,0,no
Otomobil,,Geely,Emgrand EC7,Emgrand EC7,CURATED_REVIEW,,,Vasıta > Otomobil > Geely > Emgrand EC7,CREATE_SAFE,high,New series under mapped category,n/a,0,no
Otomobil,,Geely,Emgrand GT,Emgrand GT,CURATED_REVIEW,,,Vasıta > Otomobil > Geely > Emgrand GT,CREATE_SAFE,high,New series under mapped category,n/a,0,no
Otomobil,,Geely,FC,FC,CURATED_REVIEW,,,Vasıta > Otomobil > Geely > FC,CREATE_SAFE,high,New series under mapped category,n/a,0,no
Otomobil,,Geely,MK,MK,CURATED_REVIEW,,,Vasıta > Otomobil > Geely > MK,CREATE_SAFE,high,New series under mapped category,n/a,0,no
Otomobil,,Geely,Otaka,Otaka,CURATED_REVIEW,,,Vasıta > Otomobil > Geely > Otaka,CREATE_SAFE,high,New series under mapped category,n/a,0,no
Otomobil,,Honda,Accord,2.0 Executive | 2.4 Executive,CURATED_REVIEW,cmshtjim4002uuz6sd3t029xm,arac/otomobil,Vasıta > Otomobil > Honda > Accord,KEEP_EXISTING,high,Brand/model already linked to target category,yes,0,no
Otomobil,,Honda,City,1.4 ES | 1.5 Elegance | 1.5 Executive,CURATED_REVIEW,cmshtjilm002suz6sevm7q4ts,arac/otomobil,Vasıta > Otomobil > Honda > City,KEEP_EXISTING,high,Brand/model already linked to target category,yes,0,no
Otomobil,,Honda,Civic,1.4 iS | 1.5 Turbo Eco Elegance | 1.5 Turbo Executive Plus | 1.6 Eco Elegance | 1.6 i-VTEC Elegance | 1.6 i-VTEC Executive,CURATED_REVIEW,cmshtjikr002quz6s06rdswbz,arac/otomobil,Vasıta > Otomobil > Honda > Civic,KEEP_EXISTING,high,Brand/model already linked to target category,yes,0,no
Otomobil,,Honda,CR-Z,CR-Z,CURATED_REVIEW,,,Vasıta > Otomobil > Honda > CR-Z,CREATE_SAFE,high,New series under mapped category,n/a,0,no
Otomobil,,Honda,CRX,CRX,CURATED_REVIEW,,,Vasıta > Otomobil > Honda > CRX,CREATE_SAFE,high,New series under mapped category,n/a,0,no
Otomobil,,Honda,E,E,CURATED_REVIEW,,,Vasıta > Otomobil > Honda > E,CREATE_SAFE,high,New series under mapped category,n/a,0,no
Otomobil,,Honda,Insight,Insight,CURATED_REVIEW,,,Vasıta > Otomobil > Honda > Insight,CREATE_SAFE,high,New series under mapped category,n/a,0,no
Otomobil,,Honda,Integra,Integra,CURATED_REVIEW,,,Vasıta > Otomobil > Honda > Integra,CREATE_SAFE,high,New series under mapped category,n/a,0,no
Otomobil,,Honda,Jazz,1.3 Dream | 1.3 Elegance | 1.4 ES,CURATED_REVIEW,,,Vasıta > Otomobil > Honda > Jazz,CREATE_SAFE,high,New series under mapped category,n/a,0,no
Otomobil,,Honda,Legend,Legend,CURATED_REVIEW,,,Vasıta > Otomobil > Honda > Legend,CREATE_SAFE,high,New series under mapped category,n/a,0,no
Otomobil,,Honda,NSX,NSX,CURATED_REVIEW,,,Vasıta > Otomobil > Honda > NSX,CREATE_SAFE,high,New series under mapped category,n/a,0,no
Otomobil,,Honda,Prelude,Prelude,CURATED_REVIEW,,,Vasıta > Otomobil > Honda > Prelude,CREATE_SAFE,high,New series under mapped category,n/a,0,no
Otomobil,,Honda,S2000,S2000,CURATED_REVIEW,,,Vasıta > Otomobil > Honda > S2000,CREATE_SAFE,high,New series under mapped category,n/a,0,no
Otomobil,,Honda,Stream,Stream,CURATED_REVIEW,,,Vasıta > Otomobil > Honda > Stream,CREATE_SAFE,high,New series under mapped category,n/a,0,no
Otomobil,,Hyundai,Accent,1.3 LS | 1.5 CRDi Admire | 1.6 Era Select,CURATED_REVIEW,cmshtjikc002ouz6sbhn8th9k,arac/otomobil,Vasıta > Otomobil > Hyundai > Accent,KEEP_EXISTING,high,Brand/model already linked to target category,yes,0,no
Otomobil,,Hyundai,Accent Blue,1.4 Mode | 1.6 CRDi Mode Plus,CURATED_REVIEW,,,Vasıta > Otomobil > Hyundai > Accent Blue,CREATE_SAFE,high,New series under mapped category,n/a,0,no
Otomobil,,Hyundai,Atos,Atos,CURATED_REVIEW,,,Vasıta > Otomobil > Hyundai > Atos,CREATE_SAFE,high,New series under mapped category,n/a,0,no
Otomobil,,Hyundai,Coupe,Coupe,CURATED_REVIEW,,,Vasıta > Otomobil > Hyundai > Coupe,CREATE_SAFE,high,New series under mapped category,n/a,0,no
Otomobil,,Hyundai,Elantra,1.6 D-CVVT Mode | 1.6 MPI Style | 1.6 CRDi Elite,CURATED_REVIEW,cmshtjijt002muz6sa2067dck,arac/otomobil,Vasıta > Otomobil > Hyundai > Elantra,KEEP_EXISTING,high,Brand/model already linked to target category,yes,0,no
Otomobil,,Hyundai,Excel,Excel,CURATED_REVIEW,,,Vasıta > Otomobil > Hyundai > Excel,CREATE_SAFE,high,New series under mapped category,n/a,0,no
Otomobil,,Hyundai,Genesis,Genesis,CURATED_REVIEW,,,Vasıta > Otomobil > Hyundai > Genesis,CREATE_SAFE,high,New series under mapped category,n/a,0,no
Otomobil,,Hyundai,Getz,1.4 DOHC | 1.5 CRDi VGT,CURATED_REVIEW,,,Vasıta > Otomobil > Hyundai > Getz,CREATE_SAFE,high,New series under mapped category,n/a,0,no
Otomobil,,Hyundai,i10,1.0 Jump | 1.0 Style | 1.2 Elite,CURATED_REVIEW,,,Vasıta > Otomobil > Hyundai > i10,CREATE_SAFE,high,New series under mapped category,n/a,0,no
Otomobil,,Hyundai,i20,1.0 T-GDI Style | 1.2 MPI Jump | 1.4 CRDi Style,CURATED_REVIEW,cmshtjiif002iuz6sf4jw120q,arac/otomobil,Vasıta > Otomobil > Hyundai > i20,KEEP_EXISTING,high,Brand/model already linked to target category,yes,0,no
Otomobil,,Hyundai,i30,1.4 MPI | 1.6 CRDi Elite,CURATED_REVIEW,cmshtjija002kuz6sbo4efsw3,arac/otomobil,Vasıta > Otomobil > Hyundai > i30,KEEP_EXISTING,high,Brand/model already linked to target category,yes,0,no
Otomobil,,Hyundai,Ioniq,Hybrid | Electric,CURATED_REVIEW,,,Vasıta > Otomobil > Hyundai > Ioniq,CREATE_SAFE,high,New series under mapped category,n/a,0,no
Otomobil,,Hyundai,Matrix,Matrix,CURATED_REVIEW,,,Vasıta > Otomobil > Hyundai > Matrix,CREATE_SAFE,high,New series under mapped category,n/a,0,no
Otomobil,,Hyundai,Pony,Pony,CURATED_REVIEW,,,Vasıta > Otomobil > Hyundai > Pony,CREATE_SAFE,high,New series under mapped category,n/a,0,no
Otomobil,,Hyundai,Sonata,2.0 GLS | 2.0 CRDi,CURATED_REVIEW,,,Vasıta > Otomobil > Hyundai > Sonata,CREATE_SAFE,high,New series under mapped category,n/a,0,no
Otomobil,,Hyundai,Veloster,Veloster,CURATED_REVIEW,,,Vasıta > Otomobil > Hyundai > Veloster,CREATE_SAFE,high,New series under mapped category,n/a,0,no
Otomobil,,Ikco,Dena,Dena,CURATED_REVIEW,,,Vasıta > Otomobil > Ikco > Dena,CREATE_SAFE,high,New series under mapped category,n/a,0,no
Otomobil,,Ikco,Runna,Runna,CURATED_REVIEW,,,Vasıta > Otomobil > Ikco > Runna,CREATE_SAFE,high,New series under mapped category,n/a,0,no
Otomobil,,Ikco,Samand,1.6 LX,CURATED_REVIEW,,,Vasıta > Otomobil > Ikco > Samand,CREATE_SAFE,high,New series under mapped category,n/a,0,no
Otomobil,,Infiniti,G,G,CURATED_REVIEW,,,Vasıta > Otomobil > Infiniti > G,CREATE_SAFE,high,New series under mapped category,n/a,0,no
Otomobil,,Infiniti,I30,I30,CURATED_REVIEW,,,Vasıta > Otomobil > Infiniti > I30,CREATE_SAFE,high,New series under mapped category,n/a,0,no
Otomobil,,Infiniti,M,M,CURATED_REVIEW,,,Vasıta > Otomobil > Infiniti > M,CREATE_SAFE,high,New series under mapped category,n/a,0,no
Otomobil,,Infiniti,Q30,Q30,CURATED_REVIEW,,,Vasıta > Otomobil > Infiniti > Q30,CREATE_SAFE,high,New series under mapped category,n/a,0,no
Otomobil,,Infiniti,Q40,Q40,CURATED_REVIEW,,,Vasıta > Otomobil > Infiniti > Q40,CREATE_SAFE,high,New series under mapped category,n/a,0,no
Otomobil,,Infiniti,Q50,Q50,CURATED_REVIEW,,,Vasıta > Otomobil > Infiniti > Q50,CREATE_SAFE,high,New series under mapped category,n/a,0,no
Otomobil,,Infiniti,Q60,Q60,CURATED_REVIEW,,,Vasıta > Otomobil > Infiniti > Q60,CREATE_SAFE,high,New series under mapped category,n/a,0,no
Otomobil,,Infiniti,Q70,Q70,CURATED_REVIEW,,,Vasıta > Otomobil > Infiniti > Q70,CREATE_SAFE,high,New series under mapped category,n/a,0,no
Otomobil,,Isuzu,Gemini,Gemini,CURATED_REVIEW,,,Vasıta > Otomobil > Isuzu > Gemini,CREATE_SAFE,high,New series under mapped category,n/a,0,no
Otomobil,,Isuzu,Stylus,Stylus,CURATED_REVIEW,,,Vasıta > Otomobil > Isuzu > Stylus,CREATE_SAFE,high,New series under mapped category,n/a,0,no
Otomobil,,Jaguar,Daimler,Daimler,CURATED_REVIEW,,,Vasıta > Otomobil > Jaguar > Daimler,CREATE_SAFE,high,New series under mapped category,n/a,0,no
Otomobil,,Jaguar,F-Type,F-Type,CURATED_REVIEW,,,Vasıta > Otomobil > Jaguar > F-Type,CREATE_SAFE,high,New series under mapped category,n/a,0,no
Otomobil,,Jaguar,S-Type,S-Type,CURATED_REVIEW,,,Vasıta > Otomobil > Jaguar > S-Type,CREATE_SAFE,high,New series under mapped category,n/a,0,no
Otomobil,,Jaguar,X-Type,X-Type,CURATED_REVIEW,,,Vasıta > Otomobil > Jaguar > X-Type,CREATE_SAFE,high,New series under mapped category,n/a,0,no
Otomobil,,Jaguar,XE,2.0 D Prestige | 2.0 P R-Dynamic,CURATED_REVIEW,cmshvhnpr001uuza8rk6nfacw,arac/otomobil,Vasıta > Otomobil > Jaguar > XE,KEEP_EXISTING,high,Brand/model already linked to target category,yes,0,no
Otomobil,,Jaguar,XF,2.0 D Prestige | 2.0 P R-Sport,CURATED_REVIEW,cmshvhnqe001wuza89y7uwz4n,arac/otomobil,Vasıta > Otomobil > Jaguar > XF,KEEP_EXISTING,high,Brand/model already linked to target category,yes,0,no
Otomobil,,Jaguar,XJ,XJ,CURATED_REVIEW,,,Vasıta > Otomobil > Jaguar > XJ,CREATE_SAFE,high,New series under mapped category,n/a,0,no
Otomobil,,Jaguar,XK,XK,CURATED_REVIEW,,,Vasıta > Otomobil > Jaguar > XK,CREATE_SAFE,high,New series under mapped category,n/a,0,no
Otomobil,,Jiayuan,City Spirit,City Spirit,CURATED_REVIEW,,,Vasıta > Otomobil > Jiayuan > City Spirit,CREATE_SAFE,high,New series under mapped category,n/a,0,no
Otomobil,,Jiayuan,Komı,Komı,CURATED_REVIEW,,,Vasıta > Otomobil > Jiayuan > Komı,CREATE_SAFE,high,New series under mapped category,n/a,0,no
Otomobil,,Jiayuan,Lingzu,Lingzu,CURATED_REVIEW,,,Vasıta > Otomobil > Jiayuan > Lingzu,CREATE_SAFE,high,New series under mapped category,n/a,0,no
Otomobil,,Jiayuan,M2,M2,CURATED_REVIEW,,,Vasıta > Otomobil > Jiayuan > M2,CREATE_SAFE,high,New series under mapped category,n/a,0,no
Otomobil,,Joyce,One,One,CURATED_REVIEW,,,Vasıta > Otomobil > Joyce > One,CREATE_SAFE,high,New series under mapped category,n/a,0,no
Otomobil,,Kia,Carens,Carens,CURATED_REVIEW,,,Vasıta > Otomobil > Kia > Carens,CREATE_SAFE,high,New series under mapped category,n/a,0,no
Otomobil,,Kia,Carnival,Carnival,CURATED_REVIEW,,,Vasıta > Otomobil > Kia > Carnival,CREATE_SAFE,high,New series under mapped category,n/a,0,no
Otomobil,,Kia,Ceed,1.4 Cool | 1.6 CRDi Concept Plus | GT-Line,CURATED_REVIEW,cmshvhnqt001yuza8cxmx5t8y,arac/otomobil,Vasıta > Otomobil > Kia > Ceed,KEEP_EXISTING,high,Brand/model already linked to target category,yes,0,no
Otomobil,,Kia,Cerato,1.5 CRDi EX | 1.6 EX,CURATED_REVIEW,,,Vasıta > Otomobil > Kia > Cerato,CREATE_SAFE,high,New series under mapped category,n/a,0,no
Otomobil,,Kia,Clarus,Clarus,CURATED_REVIEW,,,Vasıta > Otomobil > Kia > Clarus,CREATE_SAFE,high,New series under mapped category,n/a,0,no
Otomobil,,Kia,Magentis,Magentis,CURATED_REVIEW,,,Vasıta > Otomobil > Kia > Magentis,CREATE_SAFE,high,New series under mapped category,n/a,0,no
Otomobil,,Kia,Opirus,Opirus,CURATED_REVIEW,,,Vasıta > Otomobil > Kia > Opirus,CREATE_SAFE,high,New series under mapped category,n/a,0,no
Otomobil,,Kia,Optima,1.7 CRDi Prestige | 2.0 Hybrid,CURATED_REVIEW,,,Vasıta > Otomobil > Kia > Optima,CREATE_SAFE,high,New series under mapped category,n/a,0,no
Otomobil,,Kia,Picanto,1.0 Feel | 1.2 Cool,CURATED_REVIEW,cmshvhnrh0020uza8gvemz2l6,arac/otomobil,Vasıta > Otomobil > Kia > Picanto,KEEP_EXISTING,high,Brand/model already linked to target category,yes,0,no
Otomobil,,Kia,Pride,Pride,CURATED_REVIEW,,,Vasıta > Otomobil > Kia > Pride,CREATE_SAFE,high,New series under mapped category,n/a,0,no
Otomobil,,Kia,ProCeed,ProCeed,CURATED_REVIEW,,,Vasıta > Otomobil > Kia > ProCeed,CREATE_SAFE,high,New series under mapped category,n/a,0,no
Otomobil,,Kia,Rio,1.25 Cool | 1.4 CRDi Concept | 1.4 CVVT Fancy,CURATED_REVIEW,,,Vasıta > Otomobil > Kia > Rio,CREATE_SAFE,high,New series under mapped category,n/a,0,no
Otomobil,,Kia,Sephia,Sephia,CURATED_REVIEW,,,Vasıta > Otomobil > Kia > Sephia,CREATE_SAFE,high,New series under mapped category,n/a,0,no
Otomobil,,Kia,Shuma,Shuma,CURATED_REVIEW,,,Vasıta > Otomobil > Kia > Shuma,CREATE_SAFE,high,New series under mapped category,n/a,0,no
Otomobil,,Kia,Stinger,Stinger,CURATED_REVIEW,,,Vasıta > Otomobil > Kia > Stinger,CREATE_SAFE,high,New series under mapped category,n/a,0,no
Otomobil,,Kuba,City,City,CURATED_REVIEW,,,Vasıta > Otomobil > Kuba > City,CREATE_SAFE,high,New series under mapped category,n/a,0,no
Otomobil,,Kuba,Eco,Eco,CURATED_REVIEW,,,Vasıta > Otomobil > Kuba > Eco,CREATE_SAFE,high,New series under mapped category,n/a,0,no
Otomobil,,Kuba,Mini,Mini,CURATED_REVIEW,,,Vasıta > Otomobil > Kuba > Mini,CREATE_SAFE,high,New series under mapped category,n/a,0,no
Otomobil,,Lada,110,110,CURATED_REVIEW,,,Vasıta > Otomobil > Lada > 110,CREATE_SAFE,high,New series under mapped category,n/a,0,no
Otomobil,,Lada,111,111,CURATED_REVIEW,,,Vasıta > Otomobil > Lada > 111,CREATE_SAFE,high,New series under mapped category,n/a,0,no
Otomobil,,Lada,112,112,CURATED_REVIEW,,,Vasıta > Otomobil > Lada > 112,CREATE_SAFE,high,New series under mapped category,n/a,0,no
Otomobil,,Lada,Kalina,Kalina,CURATED_REVIEW,,,Vasıta > Otomobil > Lada > Kalina,CREATE_SAFE,high,New series under mapped category,n/a,0,no
Otomobil,,Lada,Niva,Niva,CURATED_REVIEW,,,Vasıta > Otomobil > Lada > Niva,CREATE_SAFE,high,New series under mapped category,n/a,0,no
Otomobil,,Lada,Priora,Priora,CURATED_REVIEW,,,Vasıta > Otomobil > Lada > Priora,CREATE_SAFE,high,New series under mapped category,n/a,0,no
Otomobil,,Lada,Samara,Samara,CURATED_REVIEW,,,Vasıta > Otomobil > Lada > Samara,CREATE_SAFE,high,New series under mapped category,n/a,0,no
Otomobil,,Lada,Vaz,Vaz,CURATED_REVIEW,,,Vasıta > Otomobil > Lada > Vaz,CREATE_SAFE,high,New series under mapped category,n/a,0,no
Otomobil,,Lada,Vesta,Vesta,CURATED_REVIEW,,,Vasıta > Otomobil > Lada > Vesta,CREATE_SAFE,high,New series under mapped category,n/a,0,no
Otomobil,,Lamborghini,Aventador,Aventador,CURATED_REVIEW,,,Vasıta > Otomobil > Lamborghini > Aventador,CREATE_SAFE,high,New series under mapped category,n/a,0,no
Otomobil,,Lamborghini,Countach,Countach,CURATED_REVIEW,,,Vasıta > Otomobil > Lamborghini > Countach,CREATE_SAFE,high,New series under mapped category,n/a,0,no
Otomobil,,Lamborghini,Diablo,Diablo,CURATED_REVIEW,,,Vasıta > Otomobil > Lamborghini > Diablo,CREATE_SAFE,high,New series under mapped category,n/a,0,no
Otomobil,,Lamborghini,Gallardo,Gallardo,CURATED_REVIEW,,,Vasıta > Otomobil > Lamborghini > Gallardo,CREATE_SAFE,high,New series under mapped category,n/a,0,no
Otomobil,,Lamborghini,Huracan,Huracan,CURATED_REVIEW,,,Vasıta > Otomobil > Lamborghini > Huracan,CREATE_SAFE,high,New series under mapped category,n/a,0,no
Otomobil,,Lamborghini,Murcielago,Murcielago,CURATED_REVIEW,,,Vasıta > Otomobil > Lamborghini > Murcielago,CREATE_SAFE,high,New series under mapped category,n/a,0,no
Otomobil,,Lamborghini,Revuelto,Revuelto,CURATED_REVIEW,,,Vasıta > Otomobil > Lamborghini > Revuelto,CREATE_SAFE,high,New series under mapped category,n/a,0,no
Otomobil,,Lancia,Dedra,Dedra,CURATED_REVIEW,,,Vasıta > Otomobil > Lancia > Dedra,CREATE_SAFE,high,New series under mapped category,n/a,0,no
Otomobil,,Lancia,Delta,Delta,CURATED_REVIEW,,,Vasıta > Otomobil > Lancia > Delta,CREATE_SAFE,high,New series under mapped category,n/a,0,no
Otomobil,,Lancia,Kappa,Kappa,CURATED_REVIEW,,,Vasıta > Otomobil > Lancia > Kappa,CREATE_SAFE,high,New series under mapped category,n/a,0,no
Otomobil,,Lancia,Lybra,Lybra,CURATED_REVIEW,,,Vasıta > Otomobil > Lancia > Lybra,CREATE_SAFE,high,New series under mapped category,n/a,0,no
Otomobil,,Lancia,Musa,Musa,CURATED_REVIEW,,,Vasıta > Otomobil > Lancia > Musa,CREATE_SAFE,high,New series under mapped category,n/a,0,no
Otomobil,,Lancia,Thema,Thema,CURATED_REVIEW,,,Vasıta > Otomobil > Lancia > Thema,CREATE_SAFE,high,New series under mapped category,n/a,0,no
Otomobil,,Lancia,Thesis,Thesis,CURATED_REVIEW,,,Vasıta > Otomobil > Lancia > Thesis,CREATE_SAFE,high,New series under mapped category,n/a,0,no
Otomobil,,Lancia,Ypsilon,Ypsilon,CURATED_REVIEW,,,Vasıta > Otomobil > Lancia > Ypsilon,CREATE_SAFE,high,New series under mapped category,n/a,0,no
Otomobil,,Leapmotor,C01,C01,CURATED_REVIEW,,,Vasıta > Otomobil > Leapmotor > C01,CREATE_SAFE,high,New series under mapped category,n/a,0,no
Otomobil,,Leapmotor,C10,Design,CURATED_REVIEW,,,Vasıta > Otomobil > Leapmotor > C10,CREATE_SAFE,high,New series under mapped category,n/a,0,no
Otomobil,,Leapmotor,C11,C11,CURATED_REVIEW,,,Vasıta > Otomobil > Leapmotor > C11,CREATE_SAFE,high,New series under mapped category,n/a,0,no
Otomobil,,Leapmotor,T03,Design,CURATED_REVIEW,,,Vasıta > Otomobil > Leapmotor > T03,CREATE_SAFE,high,New series under mapped category,n/a,0,no
Otomobil,,Lexus,CT,200h,CURATED_REVIEW,,,Vasıta > Otomobil > Lexus > CT,CREATE_SAFE,high,New series under mapped category,n/a,0,no
Otomobil,,Lexus,ES,250 | 300h,CURATED_REVIEW,cmshvhnrx0022uza8qiho8tga,arac/otomobil,Vasıta > Otomobil > Lexus > ES,KEEP_EXISTING,high,Brand/model already linked to target category,yes,0,no
Otomobil,,Lexus,GS,250 | 300h | 450h,CURATED_REVIEW,,,Vasıta > Otomobil > Lexus > GS,CREATE_SAFE,high,New series under mapped category,n/a,0,no
Otomobil,,Lexus,IS,200t | 250 | 300h,CURATED_REVIEW,,,Vasıta > Otomobil > Lexus > IS,CREATE_SAFE,high,New series under mapped category,n/a,0,no
Otomobil,,Lexus,LC,500 | 500h,CURATED_REVIEW,,,Vasıta > Otomobil > Lexus > LC,CREATE_SAFE,high,New series under mapped category,n/a,0,no
Otomobil,,Lexus,LS,460 | 500h,CURATED_REVIEW,,,Vasıta > Otomobil > Lexus > LS,CREATE_SAFE,high,New series under mapped category,n/a,0,no
Otomobil,,Lexus,RC,200t | 300h,CURATED_REVIEW,,,Vasıta > Otomobil > Lexus > RC,CREATE_SAFE,high,New series under mapped category,n/a,0,no
Otomobil,,Lexus,SC,SC,CURATED_REVIEW,,,Vasıta > Otomobil > Lexus > SC,CREATE_SAFE,high,New series under mapped category,n/a,0,no
Otomobil,,Lincoln,Continental,Continental,CURATED_REVIEW,,,Vasıta > Otomobil > Lincoln > Continental,CREATE_SAFE,high,New series under mapped category,n/a,0,no
Otomobil,,Lincoln,LS,LS,CURATED_REVIEW,,,Vasıta > Otomobil > Lincoln > LS,CREATE_SAFE,high,New series under mapped category,n/a,0,no
Otomobil,,Lincoln,Mark,Mark,CURATED_REVIEW,,,Vasıta > Otomobil > Lincoln > Mark,CREATE_SAFE,high,New series under mapped category,n/a,0,no
Otomobil,,Lincoln,MKZ,MKZ,CURATED_REVIEW,,,Vasıta > Otomobil > Lincoln > MKZ,CREATE_SAFE,high,New series under mapped category,n/a,0,no
Otomobil,,Lincoln,Town Car,Town Car,CURATED_REVIEW,,,Vasıta > Otomobil > Lincoln > Town Car,CREATE_SAFE,high,New series under mapped category,n/a,0,no
Otomobil,,Lincoln,Zephyr,Zephyr,CURATED_REVIEW,,,Vasıta > Otomobil > Lincoln > Zephyr,CREATE_SAFE,high,New series under mapped category,n/a,0,no
Otomobil,,Lotus,Elan,Elan,CURATED_REVIEW,,,Vasıta > Otomobil > Lotus > Elan,CREATE_SAFE,high,New series under mapped category,n/a,0,no
Otomobil,,Lotus,Elise,Elise,CURATED_REVIEW,,,Vasıta > Otomobil > Lotus > Elise,CREATE_SAFE,high,New series under mapped category,n/a,0,no
Otomobil,,Lotus,Emira,Emira,CURATED_REVIEW,,,Vasıta > Otomobil > Lotus > Emira,CREATE_SAFE,high,New series under mapped category,n/a,0,no
Otomobil,,Lotus,Esprit,Esprit,CURATED_REVIEW,,,Vasıta > Otomobil > Lotus > Esprit,CREATE_SAFE,high,New series under mapped category,n/a,0,no
Otomobil,,Lotus,Evora,Evora,CURATED_REVIEW,,,Vasıta > Otomobil > Lotus > Evora,CREATE_SAFE,high,New series under mapped category,n/a,0,no
Otomobil,,Lotus,Exige,Exige,CURATED_REVIEW,,,Vasıta > Otomobil > Lotus > Exige,CREATE_SAFE,high,New series under mapped category,n/a,0,no
Otomobil,,Luqi,EV3,EV3,CURATED_REVIEW,,,Vasıta > Otomobil > Luqi > EV3,CREATE_SAFE,high,New series under mapped category,n/a,0,no
Otomobil,,Marcos,GT,GT,CURATED_REVIEW,,,Vasıta > Otomobil > Marcos > GT,CREATE_SAFE,high,New series under mapped category,n/a,0,no
Otomobil,,Marcos,Mantis,Mantis,CURATED_REVIEW,,,Vasıta > Otomobil > Marcos > Mantis,CREATE_SAFE,high,New series under mapped category,n/a,0,no
Otomobil,,Marcos,Mantula,Mantula,CURATED_REVIEW,,,Vasıta > Otomobil > Marcos > Mantula,CREATE_SAFE,high,New series under mapped category,n/a,0,no
Otomobil,,Maserati,3200 GT,3200 GT,CURATED_REVIEW,,,Vasıta > Otomobil > Maserati > 3200 GT,CREATE_SAFE,high,New series under mapped category,n/a,0,no
Otomobil,,Maserati,Ghibli,Diesel | GranSport | Hybrid,CURATED_REVIEW,,,Vasıta > Otomobil > Maserati > Ghibli,CREATE_SAFE,high,New series under mapped category,n/a,0,no
Otomobil,,Maserati,GranCabrio,GranCabrio,CURATED_REVIEW,,,Vasıta > Otomobil > Maserati > GranCabrio,CREATE_SAFE,high,New series under mapped category,n/a,0,no
Otomobil,,Maserati,GranTurismo,GranTurismo,CURATED_REVIEW,,,Vasıta > Otomobil > Maserati > GranTurismo,CREATE_SAFE,high,New series under mapped category,n/a,0,no
Otomobil,,Maserati,MC20,MC20,CURATED_REVIEW,,,Vasıta > Otomobil > Maserati > MC20,CREATE_SAFE,high,New series under mapped category,n/a,0,no
Otomobil,,Maserati,Quattroporte,Quattroporte,CURATED_REVIEW,,,Vasıta > Otomobil > Maserati > Quattroporte,CREATE_SAFE,high,New series under mapped category,n/a,0,no
Otomobil,,Mazda,121,121,CURATED_REVIEW,,,Vasıta > Otomobil > Mazda > 121,CREATE_SAFE,high,New series under mapped category,n/a,0,no
Otomobil,,Mazda,2,1.3 Go | 1.5 Power,CURATED_REVIEW,,,Vasıta > Otomobil > Mazda > 2,CREATE_SAFE,high,New series under mapped category,n/a,0,no
Otomobil,,Mazda,3,1.5 Skyactiv-G Power | 1.6 Impressive,CURATED_REVIEW,cmshvhnsj0024uza8nbajz33e,arac/otomobil,Vasıta > Otomobil > Mazda > 3,UPDATE_NAME_SAFE,high,Rename ProductModel Mazda3 → 3,yes,0,no
Otomobil,,Mazda,323,323,CURATED_REVIEW,,,Vasıta > Otomobil > Mazda > 323,CREATE_SAFE,high,New series under mapped category,n/a,0,no
Otomobil,,Mazda,5,5,CURATED_REVIEW,,,Vasıta > Otomobil > Mazda > 5,CREATE_SAFE,high,New series under mapped category,n/a,0,no
Otomobil,,Mazda,6,2.0 Power | 2.2 Skyactiv-D,CURATED_REVIEW,,,Vasıta > Otomobil > Mazda > 6,CREATE_SAFE,high,New series under mapped category,n/a,0,no
Otomobil,,Mazda,626,626,CURATED_REVIEW,,,Vasıta > Otomobil > Mazda > 626,CREATE_SAFE,high,New series under mapped category,n/a,0,no
Otomobil,,Mazda,929,929,CURATED_REVIEW,,,Vasıta > Otomobil > Mazda > 929,CREATE_SAFE,high,New series under mapped category,n/a,0,no
Otomobil,,Mazda,Lantis,Lantis,CURATED_REVIEW,,,Vasıta > Otomobil > Mazda > Lantis,CREATE_SAFE,high,New series under mapped category,n/a,0,no
Otomobil,,Mazda,Millenia,Millenia,CURATED_REVIEW,,,Vasıta > Otomobil > Mazda > Millenia,CREATE_SAFE,high,New series under mapped category,n/a,0,no
Otomobil,,Mazda,MX-3,MX-3,CURATED_REVIEW,,,Vasıta > Otomobil > Mazda > MX-3,CREATE_SAFE,high,New series under mapped category,n/a,0,no
Otomobil,,Mazda,MX-5,MX-5,CURATED_REVIEW,,,Vasıta > Otomobil > Mazda > MX-5,CREATE_SAFE,high,New series under mapped category,n/a,0,no
Otomobil,,Mazda,MX-6,MX-6,CURATED_REVIEW,,,Vasıta > Otomobil > Mazda > MX-6,CREATE_SAFE,high,New series under mapped category,n/a,0,no
Otomobil,,Mazda,RX-7,RX-7,CURATED_REVIEW,,,Vasıta > Otomobil > Mazda > RX-7,CREATE_SAFE,high,New series under mapped category,n/a,0,no
Otomobil,,Mazda,RX-8,RX-8,CURATED_REVIEW,,,Vasıta > Otomobil > Mazda > RX-8,CREATE_SAFE,high,New series under mapped category,n/a,0,no
Otomobil,,Mazda,Xedos,Xedos,CURATED_REVIEW,,,Vasıta > Otomobil > Mazda > Xedos,CREATE_SAFE,high,New series under mapped category,n/a,0,no
Otomobil,,McLaren,540C,540C,CURATED_REVIEW,,,Vasıta > Otomobil > McLaren > 540C,CREATE_SAFE,high,New series under mapped category,n/a,0,no
Otomobil,,McLaren,570S,570S,CURATED_REVIEW,,,Vasıta > Otomobil > McLaren > 570S,CREATE_SAFE,high,New series under mapped category,n/a,0,no
Otomobil,,McLaren,600LT,600LT,CURATED_REVIEW,,,Vasıta > Otomobil > McLaren > 600LT,CREATE_SAFE,high,New series under mapped category,n/a,0,no
Otomobil,,McLaren,650S,650S,CURATED_REVIEW,,,Vasıta > Otomobil > McLaren > 650S,CREATE_SAFE,high,New series under mapped category,n/a,0,no
Otomobil,,McLaren,675LT,675LT,CURATED_REVIEW,,,Vasıta > Otomobil > McLaren > 675LT,CREATE_SAFE,high,New series under mapped category,n/a,0,no
Otomobil,,McLaren,720S,720S,CURATED_REVIEW,,,Vasıta > Otomobil > McLaren > 720S,CREATE_SAFE,high,New series under mapped category,n/a,0,no
Otomobil,,McLaren,750S,750S,CURATED_REVIEW,,,Vasıta > Otomobil > McLaren > 750S,CREATE_SAFE,high,New series under mapped category,n/a,0,no
Otomobil,,McLaren,Artura,Artura,CURATED_REVIEW,,,Vasıta > Otomobil > McLaren > Artura,CREATE_SAFE,high,New series under mapped category,n/a,0,no
Otomobil,,McLaren,GT,GT,CURATED_REVIEW,,,Vasıta > Otomobil > McLaren > GT,CREATE_SAFE,high,New series under mapped category,n/a,0,no
Otomobil,,McLaren,MP4-12C,MP4-12C,CURATED_REVIEW,,,Vasıta > Otomobil > McLaren > MP4-12C,CREATE_SAFE,high,New series under mapped category,n/a,0,no
Otomobil,,McLaren,P1,P1,CURATED_REVIEW,,,Vasıta > Otomobil > McLaren > P1,CREATE_SAFE,high,New series under mapped category,n/a,0,no
Otomobil,,McLaren,Senna,Senna,CURATED_REVIEW,,,Vasıta > Otomobil > McLaren > Senna,CREATE_SAFE,high,New series under mapped category,n/a,0,no
Otomobil,,Mercedes-Benz,190,190,CURATED_REVIEW,,,Vasıta > Otomobil > Mercedes-Benz > 190,CREATE_SAFE,high,New series under mapped category,n/a,0,no
Otomobil,,Mercedes-Benz,200,200,CURATED_REVIEW,,,Vasıta > Otomobil > Mercedes-Benz > 200,CREATE_SAFE,high,New series under mapped category,n/a,0,no
Otomobil,,Mercedes-Benz,230,230,CURATED_REVIEW,,,Vasıta > Otomobil > Mercedes-Benz > 230,CREATE_SAFE,high,New series under mapped category,n/a,0,no
Otomobil,,Mercedes-Benz,240,240,CURATED_REVIEW,,,Vasıta > Otomobil > Mercedes-Benz > 240,CREATE_SAFE,high,New series under mapped category,n/a,0,no
Otomobil,,Mercedes-Benz,250,250,CURATED_REVIEW,,,Vasıta > Otomobil > Mercedes-Benz > 250,CREATE_SAFE,high,New series under mapped category,n/a,0,no
Otomobil,,Mercedes-Benz,260,260,CURATED_REVIEW,,,Vasıta > Otomobil > Mercedes-Benz > 260,CREATE_SAFE,high,New series under mapped category,n/a,0,no
Otomobil,,Mercedes-Benz,280,280,CURATED_REVIEW,,,Vasıta > Otomobil > Mercedes-Benz > 280,CREATE_SAFE,high,New series under mapped category,n/a,0,no
Otomobil,,Mercedes-Benz,300,300,CURATED_REVIEW,,,Vasıta > Otomobil > Mercedes-Benz > 300,CREATE_SAFE,high,New series under mapped category,n/a,0,no
Otomobil,,Mercedes-Benz,320,320,CURATED_REVIEW,,,Vasıta > Otomobil > Mercedes-Benz > 320,CREATE_SAFE,high,New series under mapped category,n/a,0,no
Otomobil,,Mercedes-Benz,380,380,CURATED_REVIEW,,,Vasıta > Otomobil > Mercedes-Benz > 380,CREATE_SAFE,high,New series under mapped category,n/a,0,no
Otomobil,,Mercedes-Benz,400,400,CURATED_REVIEW,,,Vasıta > Otomobil > Mercedes-Benz > 400,CREATE_SAFE,high,New series under mapped category,n/a,0,no
Otomobil,,Mercedes-Benz,420,420,CURATED_REVIEW,,,Vasıta > Otomobil > Mercedes-Benz > 420,CREATE_SAFE,high,New series under mapped category,n/a,0,no
Otomobil,,Mercedes-Benz,500,500,CURATED_REVIEW,,,Vasıta > Otomobil > Mercedes-Benz > 500,CREATE_SAFE,high,New series under mapped category,n/a,0,no
Otomobil,,Mercedes-Benz,560,560,CURATED_REVIEW,,,Vasıta > Otomobil > Mercedes-Benz > 560,CREATE_SAFE,high,New series under mapped category,n/a,0,no
Otomobil,,Mercedes-Benz,A Serisi,A 140 | A 150 | A 160 | A 180 CDI | A 180 d | A 180 | A 200 AMG | A 200 d | A 250 e | A 35 AMG | A 45 AMG,CURATED_REVIEW,cmshtji5b0018uz6szww16mes,arac/otomobil,Vasıta > Otomobil > Mercedes-Benz > A Serisi,KEEP_EXISTING,high,Brand/model already linked to target category,yes,0,no
Otomobil,,Mercedes-Benz,AMG GT,GT 43 | GT 53 | GT 63 S,CURATED_REVIEW,,,Vasıta > Otomobil > Mercedes-Benz > AMG GT,CREATE_SAFE,high,New series under mapped category,n/a,0,no
Otomobil,,Mercedes-Benz,B Serisi,B 150 | B 160 | B 180 CDI | B 180 d | B 180 | B 200,CURATED_REVIEW,,,Vasıta > Otomobil > Mercedes-Benz > B Serisi,CREATE_SAFE,high,New series under mapped category,n/a,0,no
Otomobil,,Mercedes-Benz,C Serisi,C 180 Kompressor | C 180 AMG | C 200 d | C 200 AMG | C 220 CDI | C 220 d | C 250 CDI | C 250 | C 300 d | C 300 e | C 43 AMG | C 63 AMG,CURATED_REVIEW,cmshtji410014uz6sc85yq6g8,arac/otomobil,Vasıta > Otomobil > Mercedes-Benz > C Serisi,KEEP_EXISTING,high,Brand/model already linked to target category,yes,0,no
Otomobil,,Mercedes-Benz,CLA,CLA 180 d | CLA 180 | CLA 200 | CLA 220 d | CLA 250 e | CLA 35 AMG | CLA 45 AMG,CURATED_REVIEW,cmshtji5t001auz6sxc5w2r4c,arac/otomobil,Vasıta > Otomobil > Mercedes-Benz > CLA,KEEP_EXISTING,high,Brand/model already linked to target category,yes,0,no
Otomobil,,Mercedes-Benz,CLE,CLE 200 | CLE 300 4MATIC | CLE 53 AMG,CURATED_REVIEW,,,Vasıta > Otomobil > Mercedes-Benz > CLE,CREATE_SAFE,high,New series under mapped category,n/a,0,no
Otomobil,,Mercedes-Benz,CLK,CLK,CURATED_REVIEW,,,Vasıta > Otomobil > Mercedes-Benz > CLK,CREATE_SAFE,high,New series under mapped category,n/a,0,no
Otomobil,,Mercedes-Benz,CLS,CLS 250 CDI | CLS 300 d | CLS 350 CDI | CLS 400 d | CLS 450 | CLS 53 AMG | CLS 63 AMG,CURATED_REVIEW,,,Vasıta > Otomobil > Mercedes-Benz > CLS,CREATE_SAFE,high,New series under mapped category,n/a,0,no
Otomobil,,Mercedes-Benz,E Serisi,E 180 | E 200 d | E 200 | E 220 CDI | E 220 d | E 250 CDI | E 250 | E 300 d | E 300 e | E 350 CDI | E 400 d | E 450 | E 53 AMG | E 63 AMG,CURATED_REVIEW,cmshtji4v0016uz6siuqbzf76,arac/otomobil,Vasıta > Otomobil > Mercedes-Benz > E Serisi,KEEP_EXISTING,high,Brand/model already linked to target category,yes,0,no
Otomobil,,Mercedes-Benz,EQE,EQE 300 | EQE 350+ | EQE 500 4MATIC | AMG EQE 53,CURATED_REVIEW,,,Vasıta > Otomobil > Mercedes-Benz > EQE,CREATE_SAFE,high,New series under mapped category,n/a,0,no
Otomobil,,Mercedes-Benz,EQS,EQS 450+ | EQS 580 4MATIC | AMG EQS 53,CURATED_REVIEW,,,Vasıta > Otomobil > Mercedes-Benz > EQS,CREATE_SAFE,high,New series under mapped category,n/a,0,no
Otomobil,,Mercedes-Benz,S Serisi,S 280 | S 320 CDI | S 350 d | S 400 d | S 450 | S 500 | S 580 | S 63 AMG | S 600,CURATED_REVIEW,,,Vasıta > Otomobil > Mercedes-Benz > S Serisi,CREATE_SAFE,high,New series under mapped category,n/a,0,no
Otomobil,,Mercedes-Benz,SL,SL,CURATED_REVIEW,,,Vasıta > Otomobil > Mercedes-Benz > SL,CREATE_SAFE,high,New series under mapped category,n/a,0,no
Otomobil,,Mercedes-Benz,SLC,SLC,CURATED_REVIEW,,,Vasıta > Otomobil > Mercedes-Benz > SLC,CREATE_SAFE,high,New series under mapped category,n/a,0,no
Otomobil,,Mercedes-Benz,SLK,SLK,CURATED_REVIEW,,,Vasıta > Otomobil > Mercedes-Benz > SLK,CREATE_SAFE,high,New series under mapped category,n/a,0,no
Otomobil,,Mercedes-Benz,SLS AMG,SLS AMG,CURATED_REVIEW,,,Vasıta > Otomobil > Mercedes-Benz > SLS AMG,CREATE_SAFE,high,New series under mapped category,n/a,0,no
Otomobil,,MG,HS,Comfort | Luxury | PHEV,CURATED_REVIEW,cmshvhowl003uuza8q8w73r9s,arac/arazi-suv-pickup,Vasıta > Otomobil > MG > HS,MANUAL_REVIEW,low,Cross body-type category move blocked: [arac/arazi-suv-pickup] → arac/otomobil,yes,0,yes
Otomobil,,MG,MG3,MG3,CURATED_REVIEW,,,Vasıta > Otomobil > MG > MG3,CREATE_SAFE,high,New series under mapped category,n/a,0,no
Otomobil,,MG,MG4,Comfort | Luxury | XPower,CURATED_REVIEW,,,Vasıta > Otomobil > MG > MG4,CREATE_SAFE,high,New series under mapped category,n/a,0,no
Otomobil,,MG,MG5,MG5,CURATED_REVIEW,cmshvhnuz0026uza8arclkstz,arac/otomobil,Vasıta > Otomobil > MG > MG5,KEEP_EXISTING,high,Brand/model already linked to target category,yes,0,no
Otomobil,,MG,MG6,MG6,CURATED_REVIEW,,,Vasıta > Otomobil > MG > MG6,CREATE_SAFE,high,New series under mapped category,n/a,0,no
Otomobil,,MG,MG7,MG7,CURATED_REVIEW,,,Vasıta > Otomobil > MG > MG7,CREATE_SAFE,high,New series under mapped category,n/a,0,no
Otomobil,,MG,ZS,Comfort | Luxury | EV,CURATED_REVIEW,cmshvhovn003suza84he1edaa,arac/arazi-suv-pickup,Vasıta > Otomobil > MG > ZS,MANUAL_REVIEW,low,Cross body-type category move blocked: [arac/arazi-suv-pickup] → arac/otomobil,yes,0,yes
Otomobil,,Micro,Microlino,Lite | Dolce | Competizione,CURATED_REVIEW,,,Vasıta > Otomobil > Micro > Microlino,CREATE_SAFE,high,New series under mapped category,n/a,0,no
Otomobil,,Mini,Cooper,One | Cooper | Cooper S | JCW,CURATED_REVIEW,cmshvhnvr0028uza8agsdfd7o,arac/otomobil,Vasıta > Otomobil > Mini > Cooper,KEEP_EXISTING,high,Brand/model already linked to target category,yes,0,no
Otomobil,,Mini,Cooper Clubman,Cooper Clubman,CURATED_REVIEW,,,Vasıta > Otomobil > Mini > Cooper Clubman,CREATE_SAFE,high,New series under mapped category,n/a,0,no
Otomobil,,Mini,Cooper Countryman,Cooper Countryman,CURATED_REVIEW,,,Vasıta > Otomobil > Mini > Cooper Countryman,CREATE_SAFE,high,New series under mapped category,n/a,0,no
Otomobil,,Mini,Cooper Coupe,Cooper Coupe,CURATED_REVIEW,,,Vasıta > Otomobil > Mini > Cooper Coupe,CREATE_SAFE,high,New series under mapped category,n/a,0,no
Otomobil,,Mini,Cooper Paceman,Cooper Paceman,CURATED_REVIEW,,,Vasıta > Otomobil > Mini > Cooper Paceman,CREATE_SAFE,high,New series under mapped category,n/a,0,no
Otomobil,,Mini,Cooper Roadster,Cooper Roadster,CURATED_REVIEW,,,Vasıta > Otomobil > Mini > Cooper Roadster,CREATE_SAFE,high,New series under mapped category,n/a,0,no
Otomobil,,Mitsubishi,Carisma,Carisma,CURATED_REVIEW,,,Vasıta > Otomobil > Mitsubishi > Carisma,CREATE_SAFE,high,New series under mapped category,n/a,0,no
Otomobil,,Mitsubishi,Colt,1.3 Invite | 1.5 Instyle,CURATED_REVIEW,,,Vasıta > Otomobil > Mitsubishi > Colt,CREATE_SAFE,high,New series under mapped category,n/a,0,no
Otomobil,,Mitsubishi,Eclipse,Eclipse,CURATED_REVIEW,,,Vasıta > Otomobil > Mitsubishi > Eclipse,CREATE_SAFE,high,New series under mapped category,n/a,0,no
Otomobil,,Mitsubishi,Galant,Galant,CURATED_REVIEW,,,Vasıta > Otomobil > Mitsubishi > Galant,CREATE_SAFE,high,New series under mapped category,n/a,0,no
Otomobil,,Mitsubishi,Grandis,Grandis,CURATED_REVIEW,,,Vasıta > Otomobil > Mitsubishi > Grandis,CREATE_SAFE,high,New series under mapped category,n/a,0,no
Otomobil,,Mitsubishi,Lancer,1.5 Invite | 1.6 Invite | 1.8 Intense,CURATED_REVIEW,,,Vasıta > Otomobil > Mitsubishi > Lancer,CREATE_SAFE,high,New series under mapped category,n/a,0,no
Otomobil,,Mitsubishi,Mirage,Mirage,CURATED_REVIEW,,,Vasıta > Otomobil > Mitsubishi > Mirage,CREATE_SAFE,high,New series under mapped category,n/a,0,no
Otomobil,,Mitsubishi,Space Star,Space Star,CURATED_REVIEW,,,Vasıta > Otomobil > Mitsubishi > Space Star,CREATE_SAFE,high,New series under mapped category,n/a,0,no
Otomobil,,Morgan,3 Wheeler,3 Wheeler,CURATED_REVIEW,,,Vasıta > Otomobil > Morgan > 3 Wheeler,CREATE_SAFE,high,New series under mapped category,n/a,0,no
Otomobil,,Morgan,4/4,4/4,CURATED_REVIEW,,,Vasıta > Otomobil > Morgan > 4/4,CREATE_SAFE,high,New series under mapped category,n/a,0,no
Otomobil,,Morgan,Aero 8,Aero 8,CURATED_REVIEW,,,Vasıta > Otomobil > Morgan > Aero 8,CREATE_SAFE,high,New series under mapped category,n/a,0,no
Otomobil,,Morgan,Plus 4,Plus 4,CURATED_REVIEW,,,Vasıta > Otomobil > Morgan > Plus 4,CREATE_SAFE,high,New series under mapped category,n/a,0,no
Otomobil,,Morgan,Plus 6,Plus 6,CURATED_REVIEW,,,Vasıta > Otomobil > Morgan > Plus 6,CREATE_SAFE,high,New series under mapped category,n/a,0,no
Otomobil,,Morgan,Roadster,Roadster,CURATED_REVIEW,,,Vasıta > Otomobil > Morgan > Roadster,CREATE_SAFE,high,New series under mapped category,n/a,0,no
Otomobil,,Motolux,E-Dream,E-Dream,CURATED_REVIEW,,,Vasıta > Otomobil > Motolux > E-Dream,CREATE_SAFE,high,New series under mapped category,n/a,0,no
Otomobil,,Motolux,F5,F5,CURATED_REVIEW,,,Vasıta > Otomobil > Motolux > F5,CREATE_SAFE,high,New series under mapped category,n/a,0,no
Otomobil,,Motolux,M5,M5,CURATED_REVIEW,,,Vasıta > Otomobil > Motolux > M5,CREATE_SAFE,high,New series under mapped category,n/a,0,no
Otomobil,,Nieve,Niev 1,Niev 1,CURATED_REVIEW,,,Vasıta > Otomobil > Nieve > Niev 1,CREATE_SAFE,high,New series under mapped category,n/a,0,no
Otomobil,,Nieve,Niev 2,Niev 2,CURATED_REVIEW,,,Vasıta > Otomobil > Nieve > Niev 2,CREATE_SAFE,high,New series under mapped category,n/a,0,no
Otomobil,,Nissan,200 SX,200 SX,CURATED_REVIEW,,,Vasıta > Otomobil > Nissan > 200 SX,CREATE_SAFE,high,New series under mapped category,n/a,0,no
Otomobil,,Nissan,300 ZX,300 ZX,CURATED_REVIEW,,,Vasıta > Otomobil > Nissan > 300 ZX,CREATE_SAFE,high,New series under mapped category,n/a,0,no
Otomobil,,Nissan,Almera,1.5 Tekna | 1.5 dCi,CURATED_REVIEW,,,Vasıta > Otomobil > Nissan > Almera,CREATE_SAFE,high,New series under mapped category,n/a,0,no
Otomobil,,Nissan,Altima,Altima,CURATED_REVIEW,,,Vasıta > Otomobil > Nissan > Altima,CREATE_SAFE,high,New series under mapped category,n/a,0,no
Otomobil,,Nissan,Bluebird,Bluebird,CURATED_REVIEW,,,Vasıta > Otomobil > Nissan > Bluebird,CREATE_SAFE,high,New series under mapped category,n/a,0,no
Otomobil,,Nissan,Cube,Cube,CURATED_REVIEW,,,Vasıta > Otomobil > Nissan > Cube,CREATE_SAFE,high,New series under mapped category,n/a,0,no
Otomobil,,Nissan,GT-R,GT-R,CURATED_REVIEW,,,Vasıta > Otomobil > Nissan > GT-R,CREATE_SAFE,high,New series under mapped category,n/a,0,no
Otomobil,,Nissan,Laurel,Laurel,CURATED_REVIEW,,,Vasıta > Otomobil > Nissan > Laurel,CREATE_SAFE,high,New series under mapped category,n/a,0,no
Otomobil,,Nissan,Leaf,Visia | Tekna,CURATED_REVIEW,,,Vasıta > Otomobil > Nissan > Leaf,CREATE_SAFE,high,New series under mapped category,n/a,0,no
Otomobil,,Nissan,Maxima,Maxima,CURATED_REVIEW,,,Vasıta > Otomobil > Nissan > Maxima,CREATE_SAFE,high,New series under mapped category,n/a,0,no
Otomobil,,Nissan,Micra,1.0 IG-T Tekna | 1.2 Match | 1.5 dCi,CURATED_REVIEW,,,Vasıta > Otomobil > Nissan > Micra,CREATE_SAFE,high,New series under mapped category,n/a,0,no
Otomobil,,Nissan,Note,1.2 Tekna | 1.5 dCi,CURATED_REVIEW,,,Vasıta > Otomobil > Nissan > Note,CREATE_SAFE,high,New series under mapped category,n/a,0,no
Otomobil,,Nissan,Primera,Primera,CURATED_REVIEW,,,Vasıta > Otomobil > Nissan > Primera,CREATE_SAFE,high,New series under mapped category,n/a,0,no
Otomobil,,Nissan,Pulsar,Pulsar,CURATED_REVIEW,,,Vasıta > Otomobil > Nissan > Pulsar,CREATE_SAFE,high,New series under mapped category,n/a,0,no
Otomobil,,Nissan,Silvia,Silvia,CURATED_REVIEW,,,Vasıta > Otomobil > Nissan > Silvia,CREATE_SAFE,high,New series under mapped category,n/a,0,no
Otomobil,,Nissan,Skyline,Skyline,CURATED_REVIEW,,,Vasıta > Otomobil > Nissan > Skyline,CREATE_SAFE,high,New series under mapped category,n/a,0,no
Otomobil,,Nissan,Sunny,Sunny,CURATED_REVIEW,,,Vasıta > Otomobil > Nissan > Sunny,CREATE_SAFE,high,New series under mapped category,n/a,0,no
Otomobil,,Nissan,Tiida,Tiida,CURATED_REVIEW,,,Vasıta > Otomobil > Nissan > Tiida,CREATE_SAFE,high,New series under mapped category,n/a,0,no
Otomobil,,Opel,Adam,Adam,CURATED_REVIEW,,,Vasıta > Otomobil > Opel > Adam,CREATE_SAFE,high,New series under mapped category,n/a,0,no
Otomobil,,Opel,Agila,Agila,CURATED_REVIEW,,,Vasıta > Otomobil > Opel > Agila,CREATE_SAFE,high,New series under mapped category,n/a,0,no
Otomobil,,Opel,Ampera,Ampera,CURATED_REVIEW,,,Vasıta > Otomobil > Opel > Ampera,CREATE_SAFE,high,New series under mapped category,n/a,0,no
Otomobil,,Opel,Ascona,Ascona,CURATED_REVIEW,,,Vasıta > Otomobil > Opel > Ascona,CREATE_SAFE,high,New series under mapped category,n/a,0,no
Otomobil,,Opel,Astra,1.2 T Edition | 1.3 CDTI Enjoy | 1.4 T Dynamic | 1.5 D Elegance | 1.6 CDTI Enjoy | 1.6 Edition,CURATED_REVIEW,cmshtjigo002cuz6snfqwe6ny,arac/otomobil,Vasıta > Otomobil > Opel > Astra,KEEP_EXISTING,high,Brand/model already linked to target category,yes,0,no
Otomobil,,Opel,Calibra,Calibra,CURATED_REVIEW,,,Vasıta > Otomobil > Opel > Calibra,CREATE_SAFE,high,New series under mapped category,n/a,0,no
Otomobil,,Opel,Cascada,Cascada,CURATED_REVIEW,,,Vasıta > Otomobil > Opel > Cascada,CREATE_SAFE,high,New series under mapped category,n/a,0,no
Otomobil,,Opel,Corsa,1.0 | 1.0 T | 1.2 | 1.2 Hibrit | 1.2 T | 1.2 Twinport | 1.3 CDTI | 1.4 | 1.4 Twinport | 1.5 D | 1.5 TD | 1.6 | 1.7 DTI Comfort,CURATED_REVIEW,cmshtjihg002euz6sko8aer6v,arac/otomobil,Vasıta > Otomobil > Opel > Corsa,KEEP_EXISTING,high,Brand/model already linked to target category,yes,0,no
Otomobil,,Opel,Insignia,1.5 T Grand Sport | 1.6 CDTI Design | 1.6 T Cosmo | 2.0 CDTI Cosmo,CURATED_REVIEW,cmshtjihy002guz6stg5yveg0,arac/otomobil,Vasıta > Otomobil > Opel > Insignia,KEEP_EXISTING,high,Brand/model already linked to target category,yes,0,no
Otomobil,,Opel,Kadett,Kadett,CURATED_REVIEW,,,Vasıta > Otomobil > Opel > Kadett,CREATE_SAFE,high,New series under mapped category,n/a,0,no
Otomobil,,Opel,Meriva,1.3 CDTI Enjoy | 1.6 CDTI Cosmo,CURATED_REVIEW,,,Vasıta > Otomobil > Opel > Meriva,CREATE_SAFE,high,New series under mapped category,n/a,0,no
Otomobil,,Opel,Omega,Omega,CURATED_REVIEW,,,Vasıta > Otomobil > Opel > Omega,CREATE_SAFE,high,New series under mapped category,n/a,0,no
Otomobil,,Opel,Rekord,Rekord,CURATED_REVIEW,,,Vasıta > Otomobil > Opel > Rekord,CREATE_SAFE,high,New series under mapped category,n/a,0,no
Otomobil,,Opel,Senator,Senator,CURATED_REVIEW,,,Vasıta > Otomobil > Opel > Senator,CREATE_SAFE,high,New series under mapped category,n/a,0,no
Otomobil,,Opel,Signum,Signum,CURATED_REVIEW,,,Vasıta > Otomobil > Opel > Signum,CREATE_SAFE,high,New series under mapped category,n/a,0,no
Otomobil,,Opel,Tigra,Tigra,CURATED_REVIEW,,,Vasıta > Otomobil > Opel > Tigra,CREATE_SAFE,high,New series under mapped category,n/a,0,no
Otomobil,,Opel,Vectra,1.6 Comfort | 2.0 CDX,CURATED_REVIEW,,,Vasıta > Otomobil > Opel > Vectra,CREATE_SAFE,high,New series under mapped category,n/a,0,no
Otomobil,,Opel,Zafira,1.6 Enjoy | 1.9 CDTI Cosmo,CURATED_REVIEW,,,Vasıta > Otomobil > Opel > Zafira,CREATE_SAFE,high,New series under mapped category,n/a,0,no
Otomobil,,Ortimobil,O2,O2,CURATED_REVIEW,,,Vasıta > Otomobil > Ortimobil > O2,CREATE_SAFE,high,New series under mapped category,n/a,0,no
Otomobil,,Ortimobil,O4,O4,CURATED_REVIEW,,,Vasıta > Otomobil > Ortimobil > O4,CREATE_SAFE,high,New series under mapped category,n/a,0,no
Otomobil,,Peugeot,106,106,CURATED_REVIEW,,,Vasıta > Otomobil > Peugeot > 106,CREATE_SAFE,high,New series under mapped category,n/a,0,no
Otomobil,,Peugeot,107,107,CURATED_REVIEW,,,Vasıta > Otomobil > Peugeot > 107,CREATE_SAFE,high,New series under mapped category,n/a,0,no
Otomobil,,Peugeot,108,108,CURATED_REVIEW,,,Vasıta > Otomobil > Peugeot > 108,CREATE_SAFE,high,New series under mapped category,n/a,0,no
Otomobil,,Peugeot,205,205,CURATED_REVIEW,,,Vasıta > Otomobil > Peugeot > 205,CREATE_SAFE,high,New series under mapped category,n/a,0,no
Otomobil,,Peugeot,206,1.4 HDi X-Line | 1.4 XR | 1.6 XT,CURATED_REVIEW,,,Vasıta > Otomobil > Peugeot > 206,CREATE_SAFE,high,New series under mapped category,n/a,0,no
Otomobil,,Peugeot,207,1.4 HDi Trendy | 1.4 VTi Active | 1.6 HDi Premium,CURATED_REVIEW,,,Vasıta > Otomobil > Peugeot > 207,CREATE_SAFE,high,New series under mapped category,n/a,0,no
Otomobil,,Peugeot,208,1.2 PureTech Active | 1.2 PureTech Allure | 1.2 PureTech GT | 1.5 BlueHDi Active | e-208 GT,CURATED_REVIEW,cmshtjio80032uz6sh48myf8z,arac/otomobil,Vasıta > Otomobil > Peugeot > 208,KEEP_EXISTING,high,Brand/model already linked to target category,yes,0,no
Otomobil,,Peugeot,301,1.2 PureTech Active | 1.5 BlueHDi Allure | 1.6 HDi Active,CURATED_REVIEW,,,Vasıta > Otomobil > Peugeot > 301,CREATE_SAFE,high,New series under mapped category,n/a,0,no
Otomobil,,Peugeot,305,305,CURATED_REVIEW,,,Vasıta > Otomobil > Peugeot > 305,CREATE_SAFE,high,New series under mapped category,n/a,0,no
Otomobil,,Peugeot,306,306,CURATED_REVIEW,,,Vasıta > Otomobil > Peugeot > 306,CREATE_SAFE,high,New series under mapped category,n/a,0,no
Otomobil,,Peugeot,307,1.4 HDi XR | 1.6 HDi Premium | 1.6 XT,CURATED_REVIEW,,,Vasıta > Otomobil > Peugeot > 307,CREATE_SAFE,high,New series under mapped category,n/a,0,no
Otomobil,,Peugeot,308,1.2 PureTech Allure | 1.2 PureTech GT | 1.5 BlueHDi Allure | 1.6 HDi Active,CURATED_REVIEW,cmshtjip40034uz6snjk2o61l,arac/otomobil,Vasıta > Otomobil > Peugeot > 308,KEEP_EXISTING,high,Brand/model already linked to target category,yes,0,no
Otomobil,,Peugeot,405,405,CURATED_REVIEW,,,Vasıta > Otomobil > Peugeot > 405,CREATE_SAFE,high,New series under mapped category,n/a,0,no
Otomobil,,Peugeot,406,406,CURATED_REVIEW,,,Vasıta > Otomobil > Peugeot > 406,CREATE_SAFE,high,New series under mapped category,n/a,0,no
Otomobil,,Peugeot,407,1.6 HDi Comfort | 2.0 HDi Executive,CURATED_REVIEW,,,Vasıta > Otomobil > Peugeot > 407,CREATE_SAFE,high,New series under mapped category,n/a,0,no
Otomobil,,Peugeot,508,1.5 BlueHDi Allure | 1.6 PureTech GT | Hybrid GT,CURATED_REVIEW,cmshtjipk0036uz6slblzvfkt,arac/otomobil,Vasıta > Otomobil > Peugeot > 508,KEEP_EXISTING,high,Brand/model already linked to target category,yes,0,no
Otomobil,,Peugeot,605,605,CURATED_REVIEW,,,Vasıta > Otomobil > Peugeot > 605,CREATE_SAFE,high,New series under mapped category,n/a,0,no
Otomobil,,Peugeot,607,607,CURATED_REVIEW,,,Vasıta > Otomobil > Peugeot > 607,CREATE_SAFE,high,New series under mapped category,n/a,0,no
Otomobil,,Peugeot,RCZ,RCZ,CURATED_REVIEW,,,Vasıta > Otomobil > Peugeot > RCZ,CREATE_SAFE,high,New series under mapped category,n/a,0,no
Otomobil,,Plymouth,Barracuda,Barracuda,CURATED_REVIEW,,,Vasıta > Otomobil > Plymouth > Barracuda,CREATE_SAFE,high,New series under mapped category,n/a,0,no
Otomobil,,Plymouth,Belvedere,Belvedere,CURATED_REVIEW,,,Vasıta > Otomobil > Plymouth > Belvedere,CREATE_SAFE,high,New series under mapped category,n/a,0,no
Otomobil,,Plymouth,Fury,Fury,CURATED_REVIEW,,,Vasıta > Otomobil > Plymouth > Fury,CREATE_SAFE,high,New series under mapped category,n/a,0,no
Otomobil,,Plymouth,Neon,Neon,CURATED_REVIEW,,,Vasıta > Otomobil > Plymouth > Neon,CREATE_SAFE,high,New series under mapped category,n/a,0,no
Otomobil,,Plymouth,Prowler,Prowler,CURATED_REVIEW,,,Vasıta > Otomobil > Plymouth > Prowler,CREATE_SAFE,high,New series under mapped category,n/a,0,no
Otomobil,,Plymouth,Road Runner,Road Runner,CURATED_REVIEW,,,Vasıta > Otomobil > Plymouth > Road Runner,CREATE_SAFE,high,New series under mapped category,n/a,0,no
Otomobil,,Plymouth,Satellite,Satellite,CURATED_REVIEW,,,Vasıta > Otomobil > Plymouth > Satellite,CREATE_SAFE,high,New series under mapped category,n/a,0,no
Otomobil,,Plymouth,Voyager,Voyager,CURATED_REVIEW,,,Vasıta > Otomobil > Plymouth > Voyager,CREATE_SAFE,high,New series under mapped category,n/a,0,no
Otomobil,,Polestar,1,1,CURATED_REVIEW,,,Vasıta > Otomobil > Polestar > 1,CREATE_SAFE,high,New series under mapped category,n/a,0,no
Otomobil,,Polestar,2,Long Range Single Motor | Long Range Dual Motor,CURATED_REVIEW,,,Vasıta > Otomobil > Polestar > 2,CREATE_SAFE,high,New series under mapped category,n/a,0,no
Otomobil,,Polestar,3,3,CURATED_REVIEW,,,Vasıta > Otomobil > Polestar > 3,CREATE_SAFE,high,New series under mapped category,n/a,0,no
Otomobil,,Polestar,4,4,CURATED_REVIEW,,,Vasıta > Otomobil > Polestar > 4,CREATE_SAFE,high,New series under mapped category,n/a,0,no
Otomobil,,Pontiac,Bonneville,Bonneville,CURATED_REVIEW,,,Vasıta > Otomobil > Pontiac > Bonneville,CREATE_SAFE,high,New series under mapped category,n/a,0,no
Otomobil,,Pontiac,Firebird,Firebird,CURATED_REVIEW,,,Vasıta > Otomobil > Pontiac > Firebird,CREATE_SAFE,high,New series under mapped category,n/a,0,no
Otomobil,,Pontiac,G5,G5,CURATED_REVIEW,,,Vasıta > Otomobil > Pontiac > G5,CREATE_SAFE,high,New series under mapped category,n/a,0,no
Otomobil,,Pontiac,G6,G6,CURATED_REVIEW,,,Vasıta > Otomobil > Pontiac > G6,CREATE_SAFE,high,New series under mapped category,n/a,0,no
Otomobil,,Pontiac,Grand Am,Grand Am,CURATED_REVIEW,,,Vasıta > Otomobil > Pontiac > Grand Am,CREATE_SAFE,high,New series under mapped category,n/a,0,no
Otomobil,,Pontiac,Grand Prix,Grand Prix,CURATED_REVIEW,,,Vasıta > Otomobil > Pontiac > Grand Prix,CREATE_SAFE,high,New series under mapped category,n/a,0,no
Otomobil,,Pontiac,GTO,GTO,CURATED_REVIEW,,,Vasıta > Otomobil > Pontiac > GTO,CREATE_SAFE,high,New series under mapped category,n/a,0,no
Otomobil,,Pontiac,Solstice,Solstice,CURATED_REVIEW,,,Vasıta > Otomobil > Pontiac > Solstice,CREATE_SAFE,high,New series under mapped category,n/a,0,no
Otomobil,,Pontiac,Sunfire,Sunfire,CURATED_REVIEW,,,Vasıta > Otomobil > Pontiac > Sunfire,CREATE_SAFE,high,New series under mapped category,n/a,0,no
Otomobil,,Pontiac,Trans Am,Trans Am,CURATED_REVIEW,,,Vasıta > Otomobil > Pontiac > Trans Am,CREATE_SAFE,high,New series under mapped category,n/a,0,no
Otomobil,,Porsche,718,Boxster | Cayman | GTS 4.0,CURATED_REVIEW,,,Vasıta > Otomobil > Porsche > 718,CREATE_SAFE,high,New series under mapped category,n/a,0,no
Otomobil,,Porsche,911,Carrera | Carrera S | Carrera 4S | Targa 4S | Turbo S | GT3 | GT3 RS,CURATED_REVIEW,cmshvhnyn002cuza8gbaguw51,arac/otomobil,Vasıta > Otomobil > Porsche > 911,KEEP_EXISTING,high,Brand/model already linked to target category,yes,0,no
Otomobil,,Porsche,Boxster,Boxster,CURATED_REVIEW,,,Vasıta > Otomobil > Porsche > Boxster,CREATE_SAFE,high,New series under mapped category,n/a,0,no
Otomobil,,Porsche,Cayman,Cayman,CURATED_REVIEW,,,Vasıta > Otomobil > Porsche > Cayman,CREATE_SAFE,high,New series under mapped category,n/a,0,no
Otomobil,,Porsche,Panamera,2.9 4 | 4 E-Hybrid | GTS | Turbo S,CURATED_REVIEW,cmshvhny2002auza8njryfwz7,arac/otomobil,Vasıta > Otomobil > Porsche > Panamera,KEEP_EXISTING,high,Brand/model already linked to target category,yes,0,no
Otomobil,,Porsche,Taycan,4S | GTS | Turbo | Turbo S,CURATED_REVIEW,,,Vasıta > Otomobil > Porsche > Taycan,CREATE_SAFE,high,New series under mapped category,n/a,0,no
Otomobil,,Proton,315,315,CURATED_REVIEW,,,Vasıta > Otomobil > Proton > 315,CREATE_SAFE,high,New series under mapped category,n/a,0,no
Otomobil,,Proton,316,316,CURATED_REVIEW,,,Vasıta > Otomobil > Proton > 316,CREATE_SAFE,high,New series under mapped category,n/a,0,no
Otomobil,,Proton,Persona,Persona,CURATED_REVIEW,,,Vasıta > Otomobil > Proton > Persona,CREATE_SAFE,high,New series under mapped category,n/a,0,no
Otomobil,,Proton,Saga,Saga,CURATED_REVIEW,,,Vasıta > Otomobil > Proton > Saga,CREATE_SAFE,high,New series under mapped category,n/a,0,no
Otomobil,,Proton,Satria,Satria,CURATED_REVIEW,,,Vasıta > Otomobil > Proton > Satria,CREATE_SAFE,high,New series under mapped category,n/a,0,no
Otomobil,,Proton,Savvy,Savvy,CURATED_REVIEW,,,Vasıta > Otomobil > Proton > Savvy,CREATE_SAFE,high,New series under mapped category,n/a,0,no
Otomobil,,Proton,Waja,Waja,CURATED_REVIEW,,,Vasıta > Otomobil > Proton > Waja,CREATE_SAFE,high,New series under mapped category,n/a,0,no
Otomobil,,Proton,Wira,Wira,CURATED_REVIEW,,,Vasıta > Otomobil > Proton > Wira,CREATE_SAFE,high,New series under mapped category,n/a,0,no
Otomobil,,Rainwoll,RW10,RW10,CURATED_REVIEW,,,Vasıta > Otomobil > Rainwoll > RW10,CREATE_SAFE,high,New series under mapped category,n/a,0,no
Otomobil,,Rainwoll,RW20,RW20,CURATED_REVIEW,,,Vasıta > Otomobil > Rainwoll > RW20,CREATE_SAFE,high,New series under mapped category,n/a,0,no
Otomobil,,Reeder,ReeV Fancy,ReeV Fancy,CURATED_REVIEW,,,Vasıta > Otomobil > Reeder > ReeV Fancy,CREATE_SAFE,high,New series under mapped category,n/a,0,no
Otomobil,,Reeder,ReeV Max,ReeV Max,CURATED_REVIEW,,,Vasıta > Otomobil > Reeder > ReeV Max,CREATE_SAFE,high,New series under mapped category,n/a,0,no
Otomobil,,Regal Raptor,K5,K5,CURATED_REVIEW,,,Vasıta > Otomobil > Regal Raptor > K5,CREATE_SAFE,high,New series under mapped category,n/a,0,no
Otomobil,,Regal Raptor,Pilder,Pilder,CURATED_REVIEW,,,Vasıta > Otomobil > Regal Raptor > Pilder,CREATE_SAFE,high,New series under mapped category,n/a,0,no
Otomobil,,Relive,N1,N1,CURATED_REVIEW,,,Vasıta > Otomobil > Relive > N1,CREATE_SAFE,high,New series under mapped category,n/a,0,no
Otomobil,,Renault,Clio,1.0 SCe Joy | 1.0 TCe Touch | 1.0 TCe Icon | 1.0 TCe Evolution | 1.0 TCe Techno | 1.2 Joy | 1.5 dCi Joy | 1.5 dCi Icon,CURATED_REVIEW,cmshtjiav001suz6sonic5klq,arac/otomobil,Vasıta > Otomobil > Renault > Clio,KEEP_EXISTING,high,Brand/model already linked to target category,yes,0,no
Otomobil,,Renault,Fluence,1.5 dCi Business | 1.5 dCi Icon | 1.6 Extreme,CURATED_REVIEW,,,Vasıta > Otomobil > Renault > Fluence,CREATE_SAFE,high,New series under mapped category,n/a,0,no
Otomobil,,Renault,Laguna,Laguna,CURATED_REVIEW,,,Vasıta > Otomobil > Renault > Laguna,CREATE_SAFE,high,New series under mapped category,n/a,0,no
Otomobil,,Renault,Latitude,Latitude,CURATED_REVIEW,,,Vasıta > Otomobil > Renault > Latitude,CREATE_SAFE,high,New series under mapped category,n/a,0,no
Otomobil,,Renault,Megane,1.3 TCe Joy | 1.3 TCe Icon | 1.5 Blue dCi Touch | 1.5 dCi Icon | 1.6 Joy | 1.6 Touch,CURATED_REVIEW,cmshtjibm001uuz6st0kuyqn5,arac/otomobil,Vasıta > Otomobil > Renault > Megane,KEEP_EXISTING,high,Brand/model already linked to target category,yes,0,no
Otomobil,,Renault,R11,R11,CURATED_REVIEW,,,Vasıta > Otomobil > Renault > R11,CREATE_SAFE,high,New series under mapped category,n/a,0,no
Otomobil,,Renault,R19,R19,CURATED_REVIEW,,,Vasıta > Otomobil > Renault > R19,CREATE_SAFE,high,New series under mapped category,n/a,0,no
Otomobil,,Renault,R21,R21,CURATED_REVIEW,,,Vasıta > Otomobil > Renault > R21,CREATE_SAFE,high,New series under mapped category,n/a,0,no
Otomobil,,Renault,R25,R25,CURATED_REVIEW,,,Vasıta > Otomobil > Renault > R25,CREATE_SAFE,high,New series under mapped category,n/a,0,no
Otomobil,,Renault,R9,R9,CURATED_REVIEW,,,Vasıta > Otomobil > Renault > R9,CREATE_SAFE,high,New series under mapped category,n/a,0,no
Otomobil,,Renault,Safrane,Safrane,CURATED_REVIEW,,,Vasıta > Otomobil > Renault > Safrane,CREATE_SAFE,high,New series under mapped category,n/a,0,no
Otomobil,,Renault,Scenic,Scenic,CURATED_REVIEW,,,Vasıta > Otomobil > Renault > Scenic,CREATE_SAFE,high,New series under mapped category,n/a,0,no
Otomobil,,Renault,Symbol,1.2 Joy | 1.5 dCi Joy | 1.5 dCi Touch,CURATED_REVIEW,cmshtjicn001yuz6s94znvb0l,arac/otomobil,Vasıta > Otomobil > Renault > Symbol,KEEP_EXISTING,high,Brand/model already linked to target category,yes,0,no
Otomobil,,Renault,Taliant,1.0 SCe Joy | 1.0 TCe Touch,CURATED_REVIEW,,,Vasıta > Otomobil > Renault > Taliant,CREATE_SAFE,high,New series under mapped category,n/a,0,no
Otomobil,,Renault,Twingo,Twingo,CURATED_REVIEW,,,Vasıta > Otomobil > Renault > Twingo,CREATE_SAFE,high,New series under mapped category,n/a,0,no
Otomobil,,Renault,Vel Satis,Vel Satis,CURATED_REVIEW,,,Vasıta > Otomobil > Renault > Vel Satis,CREATE_SAFE,high,New series under mapped category,n/a,0,no
Otomobil,,Renault,Zoe,Intens,CURATED_REVIEW,,,Vasıta > Otomobil > Renault > Zoe,CREATE_SAFE,high,New series under mapped category,n/a,0,no
Otomobil,,RKS,A1,A1,CURATED_REVIEW,,,Vasıta > Otomobil > RKS > A1,CREATE_SAFE,high,New series under mapped category,n/a,0,no
Otomobil,,RKS,D2,D2,CURATED_REVIEW,,,Vasıta > Otomobil > RKS > D2,CREATE_SAFE,high,New series under mapped category,n/a,0,no
Otomobil,,RKS,M5,M5,CURATED_REVIEW,,,Vasıta > Otomobil > RKS > M5,CREATE_SAFE,high,New series under mapped category,n/a,0,no
Otomobil,,Roewe,Ei5,Ei5,CURATED_REVIEW,,,Vasıta > Otomobil > Roewe > Ei5,CREATE_SAFE,high,New series under mapped category,n/a,0,no
Otomobil,,Roewe,i5,i5,CURATED_REVIEW,,,Vasıta > Otomobil > Roewe > i5,CREATE_SAFE,high,New series under mapped category,n/a,0,no
Otomobil,,Roewe,i6,i6,CURATED_REVIEW,,,Vasıta > Otomobil > Roewe > i6,CREATE_SAFE,high,New series under mapped category,n/a,0,no
Otomobil,,Rolls-Royce,Corniche,Corniche,CURATED_REVIEW,,,Vasıta > Otomobil > Rolls-Royce > Corniche,CREATE_SAFE,high,New series under mapped category,n/a,0,no
Otomobil,,Rolls-Royce,Cullinan,Cullinan,CURATED_REVIEW,,,Vasıta > Otomobil > Rolls-Royce > Cullinan,CREATE_SAFE,high,New series under mapped category,n/a,0,no
Otomobil,,Rolls-Royce,Dawn,Dawn,CURATED_REVIEW,,,Vasıta > Otomobil > Rolls-Royce > Dawn,CREATE_SAFE,high,New series under mapped category,n/a,0,no
Otomobil,,Rolls-Royce,Ghost,Ghost,CURATED_REVIEW,,,Vasıta > Otomobil > Rolls-Royce > Ghost,CREATE_SAFE,high,New series under mapped category,n/a,0,no
Otomobil,,Rolls-Royce,Phantom,Phantom,CURATED_REVIEW,,,Vasıta > Otomobil > Rolls-Royce > Phantom,CREATE_SAFE,high,New series under mapped category,n/a,0,no
Otomobil,,Rolls-Royce,Silver Cloud,Silver Cloud,CURATED_REVIEW,,,Vasıta > Otomobil > Rolls-Royce > Silver Cloud,CREATE_SAFE,high,New series under mapped category,n/a,0,no
Otomobil,,Rolls-Royce,Silver Seraph,Silver Seraph,CURATED_REVIEW,,,Vasıta > Otomobil > Rolls-Royce > Silver Seraph,CREATE_SAFE,high,New series under mapped category,n/a,0,no
Otomobil,,Rolls-Royce,Silver Shadow,Silver Shadow,CURATED_REVIEW,,,Vasıta > Otomobil > Rolls-Royce > Silver Shadow,CREATE_SAFE,high,New series under mapped category,n/a,0,no
Otomobil,,Rolls-Royce,Spectre,Spectre,CURATED_REVIEW,,,Vasıta > Otomobil > Rolls-Royce > Spectre,CREATE_SAFE,high,New series under mapped category,n/a,0,no
Otomobil,,Rolls-Royce,Wraith,Wraith,CURATED_REVIEW,,,Vasıta > Otomobil > Rolls-Royce > Wraith,CREATE_SAFE,high,New series under mapped category,n/a,0,no
Otomobil,,Rover,200,200,CURATED_REVIEW,,,Vasıta > Otomobil > Rover > 200,CREATE_SAFE,high,New series under mapped category,n/a,0,no
Otomobil,,Rover,25,25,CURATED_REVIEW,,,Vasıta > Otomobil > Rover > 25,CREATE_SAFE,high,New series under mapped category,n/a,0,no
Otomobil,,Rover,400,400,CURATED_REVIEW,,,Vasıta > Otomobil > Rover > 400,CREATE_SAFE,high,New series under mapped category,n/a,0,no
Otomobil,,Rover,45,45,CURATED_REVIEW,,,Vasıta > Otomobil > Rover > 45,CREATE_SAFE,high,New series under mapped category,n/a,0,no
Otomobil,,Rover,600,600,CURATED_REVIEW,,,Vasıta > Otomobil > Rover > 600,CREATE_SAFE,high,New series under mapped category,n/a,0,no
Otomobil,,Rover,75,75,CURATED_REVIEW,,,Vasıta > Otomobil > Rover > 75,CREATE_SAFE,high,New series under mapped category,n/a,0,no
Otomobil,,Rover,800,800,CURATED_REVIEW,,,Vasıta > Otomobil > Rover > 800,CREATE_SAFE,high,New series under mapped category,n/a,0,no
Otomobil,,Rover,Mini,Mini,CURATED_REVIEW,,,Vasıta > Otomobil > Rover > Mini,CREATE_SAFE,high,New series under mapped category,n/a,0,no
Otomobil,,Saab,9-3,9-3,CURATED_REVIEW,,,Vasıta > Otomobil > Saab > 9-3,CREATE_SAFE,high,New series under mapped category,n/a,0,no
Otomobil,,Saab,9-5,9-5,CURATED_REVIEW,,,Vasıta > Otomobil > Saab > 9-5,CREATE_SAFE,high,New series under mapped category,n/a,0,no
Otomobil,,Saab,900,900,CURATED_REVIEW,,,Vasıta > Otomobil > Saab > 900,CREATE_SAFE,high,New series under mapped category,n/a,0,no
Otomobil,,Saab,9000,9000,CURATED_REVIEW,,,Vasıta > Otomobil > Saab > 9000,CREATE_SAFE,high,New series under mapped category,n/a,0,no
Otomobil,,Saab,96,96,CURATED_REVIEW,,,Vasıta > Otomobil > Saab > 96,CREATE_SAFE,high,New series under mapped category,n/a,0,no
Otomobil,,Saab,99,99,CURATED_REVIEW,,,Vasıta > Otomobil > Saab > 99,CREATE_SAFE,high,New series under mapped category,n/a,0,no
Otomobil,,Seat,Alhambra,Alhambra,CURATED_REVIEW,,,Vasıta > Otomobil > Seat > Alhambra,CREATE_SAFE,high,New series under mapped category,n/a,0,no
Otomobil,,Seat,Altea,Altea,CURATED_REVIEW,,,Vasıta > Otomobil > Seat > Altea,CREATE_SAFE,high,New series under mapped category,n/a,0,no
Otomobil,,Seat,Arosa,Arosa,CURATED_REVIEW,,,Vasıta > Otomobil > Seat > Arosa,CREATE_SAFE,high,New series under mapped category,n/a,0,no
Otomobil,,Seat,Cordoba,1.4 Reference | 1.6 Stylance,CURATED_REVIEW,,,Vasıta > Otomobil > Seat > Cordoba,CREATE_SAFE,high,New series under mapped category,n/a,0,no
Otomobil,,Seat,Exeo,Exeo,CURATED_REVIEW,,,Vasıta > Otomobil > Seat > Exeo,CREATE_SAFE,high,New series under mapped category,n/a,0,no
Otomobil,,Seat,Ibiza,1.0 EcoTSI Style | 1.2 TSI Reference | 1.4 TDI Style,CURATED_REVIEW,cmshtjisg003guz6slo0hc66p,arac/otomobil,Vasıta > Otomobil > Seat > Ibiza,KEEP_EXISTING,high,Brand/model already linked to target category,yes,0,no
Otomobil,,Seat,Leon,1.0 eTSI Style | 1.5 eTSI FR | 1.6 TDI Style | 2.0 TSI Cupra,CURATED_REVIEW,cmshtjirr003euz6spw0p7h5u,arac/otomobil,Vasıta > Otomobil > Seat > Leon,KEEP_EXISTING,high,Brand/model already linked to target category,yes,0,no
Otomobil,,Seat,Toledo,Toledo,CURATED_REVIEW,cmshtjisx003iuz6s2buvgqto,arac/otomobil,Vasıta > Otomobil > Seat > Toledo,KEEP_EXISTING,high,Brand/model already linked to target category,yes,0,no
Otomobil,,Skoda,Citigo,Citigo,CURATED_REVIEW,,,Vasıta > Otomobil > Skoda > Citigo,CREATE_SAFE,high,New series under mapped category,n/a,0,no
Otomobil,,Skoda,Fabia,1.0 TSI Elite | 1.2 TSI Ambition | 1.4 TDI Style,CURATED_REVIEW,cmshtjinq0030uz6st94zv00r,arac/otomobil,Vasıta > Otomobil > Skoda > Fabia,KEEP_EXISTING,high,Brand/model already linked to target category,yes,0,no
Otomobil,,Skoda,Favorit,Favorit,CURATED_REVIEW,,,Vasıta > Otomobil > Skoda > Favorit,CREATE_SAFE,high,New series under mapped category,n/a,0,no
Otomobil,,Skoda,Felicia,Felicia,CURATED_REVIEW,,,Vasıta > Otomobil > Skoda > Felicia,CREATE_SAFE,high,New series under mapped category,n/a,0,no
Otomobil,,Skoda,Octavia,1.0 eTSI Elite | 1.5 TSI Premium | 1.6 TDI Optimal | 2.0 TDI Prestige,CURATED_REVIEW,cmshtjiml002wuz6szlty1gfu,arac/otomobil,Vasıta > Otomobil > Skoda > Octavia,KEEP_EXISTING,high,Brand/model already linked to target category,yes,0,no
Otomobil,,Skoda,Rapid,1.4 TDI Style,CURATED_REVIEW,,,Vasıta > Otomobil > Skoda > Rapid,CREATE_SAFE,high,New series under mapped category,n/a,0,no
Otomobil,,Skoda,Scala,1.0 TSI Premium | 1.5 TSI,CURATED_REVIEW,,,Vasıta > Otomobil > Skoda > Scala,CREATE_SAFE,high,New series under mapped category,n/a,0,no
Otomobil,,Skoda,Superb,1.5 TSI Prestige | 1.6 TDI Style | 2.0 TDI L&K,CURATED_REVIEW,cmshtjina002yuz6syz2pvzfo,arac/otomobil,Vasıta > Otomobil > Skoda > Superb,KEEP_EXISTING,high,Brand/model already linked to target category,yes,0,no
Otomobil,,Smart,#1,Premium | Brabus,CURATED_REVIEW,,,Vasıta > Otomobil > Smart > #1,CREATE_SAFE,high,New series under mapped category,n/a,0,no
Otomobil,,Smart,#3,Premium | Brabus,CURATED_REVIEW,,,Vasıta > Otomobil > Smart > #3,CREATE_SAFE,high,New series under mapped category,n/a,0,no
Otomobil,,Smart,Forfour,Forfour,CURATED_REVIEW,cmshvho2v002guza8fzqdbe2t,arac/otomobil,Vasıta > Otomobil > Smart > Forfour,KEEP_EXISTING,high,Brand/model already linked to target category,yes,0,no
Otomobil,,Smart,Fortwo,Passion | Prime,CURATED_REVIEW,cmshvho24002euza8a5miha0s,arac/otomobil,Vasıta > Otomobil > Smart > Fortwo,KEEP_EXISTING,high,Brand/model already linked to target category,yes,0,no
Otomobil,,Smart,Roadster,Roadster,CURATED_REVIEW,,,Vasıta > Otomobil > Smart > Roadster,CREATE_SAFE,high,New series under mapped category,n/a,0,no
Otomobil,,Subaru,BRZ,BRZ,CURATED_REVIEW,,,Vasıta > Otomobil > Subaru > BRZ,CREATE_SAFE,high,New series under mapped category,n/a,0,no
Otomobil,,Subaru,Impreza,1.5 AWD | 2.0 WRX | WRX STI,CURATED_REVIEW,,,Vasıta > Otomobil > Subaru > Impreza,CREATE_SAFE,high,New series under mapped category,n/a,0,no
Otomobil,,Subaru,Justy,Justy,CURATED_REVIEW,,,Vasıta > Otomobil > Subaru > Justy,CREATE_SAFE,high,New series under mapped category,n/a,0,no
Otomobil,,Subaru,Legacy,2.0 AWD,CURATED_REVIEW,,,Vasıta > Otomobil > Subaru > Legacy,CREATE_SAFE,high,New series under mapped category,n/a,0,no
Otomobil,,Subaru,Levorg,Levorg,CURATED_REVIEW,,,Vasıta > Otomobil > Subaru > Levorg,CREATE_SAFE,high,New series under mapped category,n/a,0,no
Otomobil,,Subaru,SVX,SVX,CURATED_REVIEW,,,Vasıta > Otomobil > Subaru > SVX,CREATE_SAFE,high,New series under mapped category,n/a,0,no
Otomobil,,Suzuki,Alto,Alto,CURATED_REVIEW,,,Vasıta > Otomobil > Suzuki > Alto,CREATE_SAFE,high,New series under mapped category,n/a,0,no
Otomobil,,Suzuki,Baleno,1.2 GLX,CURATED_REVIEW,,,Vasıta > Otomobil > Suzuki > Baleno,CREATE_SAFE,high,New series under mapped category,n/a,0,no
Otomobil,,Suzuki,Celerio,Celerio,CURATED_REVIEW,,,Vasıta > Otomobil > Suzuki > Celerio,CREATE_SAFE,high,New series under mapped category,n/a,0,no
Otomobil,,Suzuki,Ignis,1.2 GLX,CURATED_REVIEW,,,Vasıta > Otomobil > Suzuki > Ignis,CREATE_SAFE,high,New series under mapped category,n/a,0,no
Otomobil,,Suzuki,Kizashi,Kizashi,CURATED_REVIEW,,,Vasıta > Otomobil > Suzuki > Kizashi,CREATE_SAFE,high,New series under mapped category,n/a,0,no
Otomobil,,Suzuki,Liana,Liana,CURATED_REVIEW,,,Vasıta > Otomobil > Suzuki > Liana,CREATE_SAFE,high,New series under mapped category,n/a,0,no
Otomobil,,Suzuki,Maruti,Maruti,CURATED_REVIEW,,,Vasıta > Otomobil > Suzuki > Maruti,CREATE_SAFE,high,New series under mapped category,n/a,0,no
Otomobil,,Suzuki,Splash,Splash,CURATED_REVIEW,,,Vasıta > Otomobil > Suzuki > Splash,CREATE_SAFE,high,New series under mapped category,n/a,0,no
Otomobil,,Suzuki,Swift,1.2 GL | 1.2 GLX | 1.4 Sport,CURATED_REVIEW,cmshvho3b002iuza8lua06wl6,arac/otomobil,Vasıta > Otomobil > Suzuki > Swift,KEEP_EXISTING,high,Brand/model already linked to target category,yes,0,no
Otomobil,,Suzuki,Wagon R,Wagon R,CURATED_REVIEW,,,Vasıta > Otomobil > Suzuki > Wagon R,CREATE_SAFE,high,New series under mapped category,n/a,0,no
Otomobil,,Tata,Indica,Indica,CURATED_REVIEW,,,Vasıta > Otomobil > Tata > Indica,CREATE_SAFE,high,New series under mapped category,n/a,0,no
Otomobil,,Tata,Indigo,Indigo,CURATED_REVIEW,,,Vasıta > Otomobil > Tata > Indigo,CREATE_SAFE,high,New series under mapped category,n/a,0,no
Otomobil,,Tata,Manza,Manza,CURATED_REVIEW,,,Vasıta > Otomobil > Tata > Manza,CREATE_SAFE,high,New series under mapped category,n/a,0,no
Otomobil,,Tata,Nano,Nano,CURATED_REVIEW,,,Vasıta > Otomobil > Tata > Nano,CREATE_SAFE,high,New series under mapped category,n/a,0,no
Otomobil,,Tata,Vista,Vista,CURATED_REVIEW,,,Vasıta > Otomobil > Tata > Vista,CREATE_SAFE,high,New series under mapped category,n/a,0,no
Otomobil,,Tesla,Model 3,RWD | Long Range AWD | Performance,CURATED_REVIEW,cmshtjiuw003quz6s02ge3jmq,arac/otomobil,Vasıta > Otomobil > Tesla > Model 3,KEEP_EXISTING,high,Brand/model already linked to target category,yes,0,no
Otomobil,,Tesla,Model S,Long Range | Plaid,CURATED_REVIEW,cmshtjiw2003uuz6sy6mxoahw,arac/otomobil,Vasıta > Otomobil > Tesla > Model S,KEEP_EXISTING,high,Brand/model already linked to target category,yes,0,no
Otomobil,,Tesla,Model X,Long Range | Plaid,CURATED_REVIEW,,,Vasıta > Otomobil > Tesla > Model X,CREATE_SAFE,high,New series under mapped category,n/a,0,no
Otomobil,,The London Taxi,TX Electric,TX Electric,CURATED_REVIEW,,,Vasıta > Otomobil > The London Taxi > TX Electric,CREATE_SAFE,high,New series under mapped category,n/a,0,no
Otomobil,,The London Taxi,TX1,TX1,CURATED_REVIEW,,,Vasıta > Otomobil > The London Taxi > TX1,CREATE_SAFE,high,New series under mapped category,n/a,0,no
Otomobil,,The London Taxi,TX2,TX2,CURATED_REVIEW,,,Vasıta > Otomobil > The London Taxi > TX2,CREATE_SAFE,high,New series under mapped category,n/a,0,no
Otomobil,,The London Taxi,TX4,TX4,CURATED_REVIEW,,,Vasıta > Otomobil > The London Taxi > TX4,CREATE_SAFE,high,New series under mapped category,n/a,0,no
Otomobil,,Tofaş,Doğan,L | SL | SLX,CURATED_REVIEW,,,Vasıta > Otomobil > Tofaş > Doğan,CREATE_SAFE,high,New series under mapped category,n/a,0,no
Otomobil,,Tofaş,Kartal,L | SL | SLX,CURATED_REVIEW,,,Vasıta > Otomobil > Tofaş > Kartal,CREATE_SAFE,high,New series under mapped category,n/a,0,no
Otomobil,,Tofaş,Murat 124,Murat 124,CURATED_REVIEW,,,Vasıta > Otomobil > Tofaş > Murat 124,CREATE_SAFE,high,New series under mapped category,n/a,0,no
Otomobil,,Tofaş,Murat 131,Murat 131,CURATED_REVIEW,,,Vasıta > Otomobil > Tofaş > Murat 131,CREATE_SAFE,high,New series under mapped category,n/a,0,no
Otomobil,,Tofaş,Serçe,Serçe,CURATED_REVIEW,,,Vasıta > Otomobil > Tofaş > Serçe,CREATE_SAFE,high,New series under mapped category,n/a,0,no
Otomobil,,Tofaş,Şahin,S | SLX,CURATED_REVIEW,,,Vasıta > Otomobil > Tofaş > Şahin,CREATE_SAFE,high,New series under mapped category,n/a,0,no
Otomobil,,TOGG,T10F,V1 RWD Standart Menzil | V1 RWD Uzun Menzil | V2 RWD Uzun Menzil,CURATED_REVIEW,,,Vasıta > Otomobil > TOGG > T10F,CREATE_SAFE,high,New series under mapped category,n/a,0,no
Otomobil,,Toyota,Auris,1.33 Life | 1.4 D-4D Advance | 1.6 Advance | Hybrid,CURATED_REVIEW,cmshtjiaf001quz6s7btrrjn6,arac/otomobil,Vasıta > Otomobil > Toyota > Auris,KEEP_EXISTING,high,Brand/model already linked to target category,yes,0,no
Otomobil,,Toyota,Avensis,1.6 Elegant | 2.0 D-4D Elegant,CURATED_REVIEW,,,Vasıta > Otomobil > Toyota > Avensis,CREATE_SAFE,high,New series under mapped category,n/a,0,no
Otomobil,,Toyota,Camry,2.5 Hybrid Passion,CURATED_REVIEW,cmshtji9v001ouz6szwksrs39,arac/otomobil,Vasıta > Otomobil > Toyota > Camry,KEEP_EXISTING,high,Brand/model already linked to target category,yes,0,no
Otomobil,,Toyota,Carina,Carina,CURATED_REVIEW,,,Vasıta > Otomobil > Toyota > Carina,CREATE_SAFE,high,New series under mapped category,n/a,0,no
Otomobil,,Toyota,Celica,Celica,CURATED_REVIEW,,,Vasıta > Otomobil > Toyota > Celica,CREATE_SAFE,high,New series under mapped category,n/a,0,no
Otomobil,,Toyota,Corolla,1.33 Life | 1.4 D-4D Touch | 1.5 Vision | 1.5 Dream | 1.6 Advance | 1.8 Hybrid Dream | 1.8 Hybrid Passion X-Pack,CURATED_REVIEW,cmshtji8j001kuz6siorvffhw,arac/otomobil,Vasıta > Otomobil > Toyota > Corolla,KEEP_EXISTING,high,Brand/model already linked to target category,yes,0,no
Otomobil,,Toyota,Corona,Corona,CURATED_REVIEW,,,Vasıta > Otomobil > Toyota > Corona,CREATE_SAFE,high,New series under mapped category,n/a,0,no
Otomobil,,Toyota,GT86,GT86,CURATED_REVIEW,,,Vasıta > Otomobil > Toyota > GT86,CREATE_SAFE,high,New series under mapped category,n/a,0,no
Otomobil,,Toyota,MR2,MR2,CURATED_REVIEW,,,Vasıta > Otomobil > Toyota > MR2,CREATE_SAFE,high,New series under mapped category,n/a,0,no
Otomobil,,Toyota,Prius,Prius,CURATED_REVIEW,,,Vasıta > Otomobil > Toyota > Prius,CREATE_SAFE,high,New series under mapped category,n/a,0,no
Otomobil,,Toyota,Starlet,Starlet,CURATED_REVIEW,,,Vasıta > Otomobil > Toyota > Starlet,CREATE_SAFE,high,New series under mapped category,n/a,0,no
Otomobil,,Toyota,Supra,Supra,CURATED_REVIEW,,,Vasıta > Otomobil > Toyota > Supra,CREATE_SAFE,high,New series under mapped category,n/a,0,no
Otomobil,,Toyota,Urban Cruiser,Urban Cruiser,CURATED_REVIEW,,,Vasıta > Otomobil > Toyota > Urban Cruiser,CREATE_SAFE,high,New series under mapped category,n/a,0,no
Otomobil,,Toyota,Yaris,1.0 Vision | 1.33 Fun | 1.4 D-4D Cool | 1.5 Dream | 1.5 Hybrid Passion,CURATED_REVIEW,cmshtji9d001muz6sm73jqfs4,arac/otomobil,Vasıta > Otomobil > Toyota > Yaris,KEEP_EXISTING,high,Brand/model already linked to target category,yes,0,no
Otomobil,,Vanderhall,Carmel,Carmel,CURATED_REVIEW,,,Vasıta > Otomobil > Vanderhall > Carmel,CREATE_SAFE,high,New series under mapped category,n/a,0,no
Otomobil,,Vanderhall,Venice,Venice,CURATED_REVIEW,,,Vasıta > Otomobil > Vanderhall > Venice,CREATE_SAFE,high,New series under mapped category,n/a,0,no
Otomobil,,Volkswagen,Arteon,1.5 TSI Elegance | 2.0 TDI R-Line,CURATED_REVIEW,,,Vasıta > Otomobil > Volkswagen > Arteon,CREATE_SAFE,high,New series under mapped category,n/a,0,no
Otomobil,,Volkswagen,Beetle,Beetle,CURATED_REVIEW,,,Vasıta > Otomobil > Volkswagen > Beetle,CREATE_SAFE,high,New series under mapped category,n/a,0,no
Otomobil,,Volkswagen,Bora,1.6 Comfortline | 1.9 TDI Highline,CURATED_REVIEW,,,Vasıta > Otomobil > Volkswagen > Bora,CREATE_SAFE,high,New series under mapped category,n/a,0,no
Otomobil,,Volkswagen,CC,1.4 TSI Exclusive | 2.0 TDI,CURATED_REVIEW,,,Vasıta > Otomobil > Volkswagen > CC,CREATE_SAFE,high,New series under mapped category,n/a,0,no
Otomobil,,Volkswagen,Eos,Eos,CURATED_REVIEW,,,Vasıta > Otomobil > Volkswagen > Eos,CREATE_SAFE,high,New series under mapped category,n/a,0,no
Otomobil,,Volkswagen,Golf,1.0 eTSI Life | 1.2 TSI Comfortline | 1.4 TSI Highline | 1.5 eTSI R-Line | 1.6 TDI Comfortline | 2.0 TDI GTD | GTI | R,CURATED_REVIEW,cmshtji68001cuz6s3kaxmozx,arac/otomobil,Vasıta > Otomobil > Volkswagen > Golf,KEEP_EXISTING,high,Brand/model already linked to target category,yes,0,no
Otomobil,,Volkswagen,ID.3,Pro | Pro S,CURATED_REVIEW,,,Vasıta > Otomobil > Volkswagen > ID.3,CREATE_SAFE,high,New series under mapped category,n/a,0,no
Otomobil,,Volkswagen,Jetta,1.2 TSI Trendline | 1.6 TDI Comfortline,CURATED_REVIEW,cmshtji80001iuz6scn1exs04,arac/otomobil,Vasıta > Otomobil > Volkswagen > Jetta,KEEP_EXISTING,high,Brand/model already linked to target category,yes,0,no
Otomobil,,Volkswagen,Lupo,Lupo,CURATED_REVIEW,,,Vasıta > Otomobil > Volkswagen > Lupo,CREATE_SAFE,high,New series under mapped category,n/a,0,no
Otomobil,,Volkswagen,Passat,1.4 TSI Comfortline | 1.5 TSI Business | 1.6 TDI Impression | 2.0 TDI Elegance,CURATED_REVIEW,cmshtji70001euz6sjyspu67w,arac/otomobil,Vasıta > Otomobil > Volkswagen > Passat,KEEP_EXISTING,high,Brand/model already linked to target category,yes,0,no
Otomobil,,Volkswagen,Phaeton,Phaeton,CURATED_REVIEW,,,Vasıta > Otomobil > Volkswagen > Phaeton,CREATE_SAFE,high,New series under mapped category,n/a,0,no
Otomobil,,Volkswagen,Polo,1.0 Impression | 1.0 TSI Life | 1.2 TSI Comfortline | 1.4 TDI Trendline | GTI,CURATED_REVIEW,cmshtji7i001guz6so7mmxdxr,arac/otomobil,Vasıta > Otomobil > Volkswagen > Polo,KEEP_EXISTING,high,Brand/model already linked to target category,yes,0,no
Otomobil,,Volkswagen,Scirocco,1.4 TSI Sportline | 2.0 TSI R,CURATED_REVIEW,,,Vasıta > Otomobil > Volkswagen > Scirocco,CREATE_SAFE,high,New series under mapped category,n/a,0,no
Otomobil,,Volkswagen,Vento,Vento,CURATED_REVIEW,,,Vasıta > Otomobil > Volkswagen > Vento,CREATE_SAFE,high,New series under mapped category,n/a,0,no
Otomobil,,Volta,EV1,EV1,CURATED_REVIEW,,,Vasıta > Otomobil > Volta > EV1,CREATE_SAFE,high,New series under mapped category,n/a,0,no
Otomobil,,Volta,EV2,EV2,CURATED_REVIEW,,,Vasıta > Otomobil > Volta > EV2,CREATE_SAFE,high,New series under mapped category,n/a,0,no
Otomobil,,Volta,EV4,EV4,CURATED_REVIEW,,,Vasıta > Otomobil > Volta > EV4,CREATE_SAFE,high,New series under mapped category,n/a,0,no
Otomobil,,Volvo,C30,C30,CURATED_REVIEW,,,Vasıta > Otomobil > Volvo > C30,CREATE_SAFE,high,New series under mapped category,n/a,0,no
Otomobil,,Volvo,C70,C70,CURATED_REVIEW,,,Vasıta > Otomobil > Volvo > C70,CREATE_SAFE,high,New series under mapped category,n/a,0,no
Otomobil,,Volvo,S40,1.6 D Drive | 1.6 Dynamic,CURATED_REVIEW,,,Vasıta > Otomobil > Volvo > S40,CREATE_SAFE,high,New series under mapped category,n/a,0,no
Otomobil,,Volvo,S60,1.5 T3 Premium | 1.6 D2 Advance | 2.0 D4 Inscription | T8 Recharge,CURATED_REVIEW,cmshtjitc003kuz6siipawzva,arac/otomobil,Vasıta > Otomobil > Volvo > S60,KEEP_EXISTING,high,Brand/model already linked to target category,yes,0,no
Otomobil,,Volvo,S70,S70,CURATED_REVIEW,,,Vasıta > Otomobil > Volvo > S70,CREATE_SAFE,high,New series under mapped category,n/a,0,no
Otomobil,,Volvo,S80,1.6 D2 Advance | 2.0 D4 Summum,CURATED_REVIEW,,,Vasıta > Otomobil > Volvo > S80,CREATE_SAFE,high,New series under mapped category,n/a,0,no
Otomobil,,Volvo,S90,B5 AWD Inscription | D5 AWD Inscription | T8 Recharge,CURATED_REVIEW,cmshtjiu2003muz6s5buhv9j8,arac/otomobil,Vasıta > Otomobil > Volvo > S90,KEEP_EXISTING,high,Brand/model already linked to target category,yes,0,no
Otomobil,,Volvo,V40,1.5 T3 Cross Country | 1.6 D2 Advance | 2.0 D4 R-Design,CURATED_REVIEW,cmshtjiuh003ouz6ski7qtv0b,arac/otomobil,Vasıta > Otomobil > Volvo > V40,KEEP_EXISTING,high,Brand/model already linked to target category,yes,0,no
Otomobil,,Volvo,V50,V50,CURATED_REVIEW,,,Vasıta > Otomobil > Volvo > V50,CREATE_SAFE,high,New series under mapped category,n/a,0,no
Otomobil,,Volvo,V60,V60,CURATED_REVIEW,,,Vasıta > Otomobil > Volvo > V60,CREATE_SAFE,high,New series under mapped category,n/a,0,no
Otomobil,,Volvo,V70,V70,CURATED_REVIEW,,,Vasıta > Otomobil > Volvo > V70,CREATE_SAFE,high,New series under mapped category,n/a,0,no
Otomobil,,Volvo,V90,V90,CURATED_REVIEW,,,Vasıta > Otomobil > Volvo > V90,CREATE_SAFE,high,New series under mapped category,n/a,0,no
Otomobil,,XEV,Yoyo,Yoyo,CURATED_REVIEW,,,Vasıta > Otomobil > XEV > Yoyo,CREATE_SAFE,high,New series under mapped category,n/a,0,no
Otomobil,,Yuki,Amy,Amy,CURATED_REVIEW,,,Vasıta > Otomobil > Yuki > Amy,CREATE_SAFE,high,New series under mapped category,n/a,0,no
Otomobil,,Yuki,Tria,Tria,CURATED_REVIEW,,,Vasıta > Otomobil > Yuki > Tria,CREATE_SAFE,high,New series under mapped category,n/a,0,no
Otomobil,,Zlin Motors,Z2,Z2,CURATED_REVIEW,,,Vasıta > Otomobil > Zlin Motors > Z2,CREATE_SAFE,high,New series under mapped category,n/a,0,no
Otomobil,,Zlin Motors,Z3,Z3,CURATED_REVIEW,,,Vasıta > Otomobil > Zlin Motors > Z3,CREATE_SAFE,high,New series under mapped category,n/a,0,no
"Arazi, SUV & Pickup",,Alfa Romeo,Junior,Ibrida | Elettrica,CURATED_REVIEW,,,"Vasıta > Arazi, SUV & Pickup > Alfa Romeo > Junior",CREATE_SAFE,high,New series under mapped category,n/a,0,no
"Arazi, SUV & Pickup",,Alfa Romeo,Stelvio,2.0 Turbo Sprint | 2.2 Diesel Super | Quadrifoglio,CURATED_REVIEW,,,"Vasıta > Arazi, SUV & Pickup > Alfa Romeo > Stelvio",CREATE_SAFE,high,New series under mapped category,n/a,0,no
"Arazi, SUV & Pickup",,Alfa Romeo,Tonale,1.5 Hybrid Ti | 1.6 Diesel Sprint | PHEV Veloce,CURATED_REVIEW,,,"Vasıta > Arazi, SUV & Pickup > Alfa Romeo > Tonale",CREATE_SAFE,high,New series under mapped category,n/a,0,no
"Arazi, SUV & Pickup",,ARO,10,10,CURATED_REVIEW,,,"Vasıta > Arazi, SUV & Pickup > ARO > 10",CREATE_SAFE,high,New series under mapped category,n/a,0,no
"Arazi, SUV & Pickup",,ARO,24,24,CURATED_REVIEW,,,"Vasıta > Arazi, SUV & Pickup > ARO > 24",CREATE_SAFE,high,New series under mapped category,n/a,0,no
"Arazi, SUV & Pickup",,ARO,Spartana,Spartana,CURATED_REVIEW,,,"Vasıta > Arazi, SUV & Pickup > ARO > Spartana",CREATE_SAFE,high,New series under mapped category,n/a,0,no
"Arazi, SUV & Pickup",,Aston Martin,DBX,550 | 707,CURATED_REVIEW,,,"Vasıta > Arazi, SUV & Pickup > Aston Martin > DBX",CREATE_SAFE,high,New series under mapped category,n/a,0,no
"Arazi, SUV & Pickup",,Audi,Q2,30 TFSI | 35 TFSI | S line,CURATED_REVIEW,cmshtji0w000uuz6sqi078nur,arac/otomobil | arac/arazi-suv-pickup,"Vasıta > Arazi, SUV & Pickup > Audi > Q2",KEEP_EXISTING,high,Brand/model already linked to target category,yes,0,no
"Arazi, SUV & Pickup",,Audi,Q3,35 TFSI | 35 TDI | 45 TFSI e | S line,CURATED_REVIEW,cmshvhoam002kuza8kpm3gt2l,arac/arazi-suv-pickup,"Vasıta > Arazi, SUV & Pickup > Audi > Q3",KEEP_EXISTING,high,Brand/model already linked to target category,yes,0,no
"Arazi, SUV & Pickup",,Audi,Q4 e-tron,40 | 45 quattro | 50 quattro,CURATED_REVIEW,,,"Vasıta > Arazi, SUV & Pickup > Audi > Q4 e-tron",CREATE_SAFE,high,New series under mapped category,n/a,0,no
"Arazi, SUV & Pickup",,Audi,Q5,40 TDI quattro | 45 TFSI quattro | 55 TFSI e,CURATED_REVIEW,cmshvhob3002muza87xx5qk1t,arac/arazi-suv-pickup,"Vasıta > Arazi, SUV & Pickup > Audi > Q5",KEEP_EXISTING,high,Brand/model already linked to target category,yes,0,no
"Arazi, SUV & Pickup",,Audi,Q6 e-tron,Q6 e-tron,CURATED_REVIEW,,,"Vasıta > Arazi, SUV & Pickup > Audi > Q6 e-tron",CREATE_SAFE,high,New series under mapped category,n/a,0,no
"Arazi, SUV & Pickup",,Audi,Q7,45 TDI quattro | 50 TDI quattro | 55 TFSI,CURATED_REVIEW,,,"Vasıta > Arazi, SUV & Pickup > Audi > Q7",CREATE_SAFE,high,New series under mapped category,n/a,0,no
"Arazi, SUV & Pickup",,Audi,Q8,50 TDI quattro | 55 TFSI | 60 TFSI e,CURATED_REVIEW,,,"Vasıta > Arazi, SUV & Pickup > Audi > Q8",CREATE_SAFE,high,New series under mapped category,n/a,0,no
"Arazi, SUV & Pickup",,Audi,Q8 e-tron,50 quattro | 55 quattro,CURATED_REVIEW,,,"Vasıta > Arazi, SUV & Pickup > Audi > Q8 e-tron",CREATE_SAFE,high,New series under mapped category,n/a,0,no
"Arazi, SUV & Pickup",,Audi,RS Q3,RS Q3,CURATED_REVIEW,,,"Vasıta > Arazi, SUV & Pickup > Audi > RS Q3",CREATE_SAFE,high,New series under mapped category,n/a,0,no
"Arazi, SUV & Pickup",,Audi,RS Q8,RS Q8,CURATED_REVIEW,,,"Vasıta > Arazi, SUV & Pickup > Audi > RS Q8",CREATE_SAFE,high,New series under mapped category,n/a,0,no
"Arazi, SUV & Pickup",,Audi,SQ5,SQ5,CURATED_REVIEW,,,"Vasıta > Arazi, SUV & Pickup > Audi > SQ5",CREATE_SAFE,high,New series under mapped category,n/a,0,no
"Arazi, SUV & Pickup",,Audi,SQ7,SQ7,CURATED_REVIEW,,,"Vasıta > Arazi, SUV & Pickup > Audi > SQ7",CREATE_SAFE,high,New series under mapped category,n/a,0,no
"Arazi, SUV & Pickup",,Audi,SQ8,SQ8,CURATED_REVIEW,,,"Vasıta > Arazi, SUV & Pickup > Audi > SQ8",CREATE_SAFE,high,New series under mapped category,n/a,0,no
"Arazi, SUV & Pickup",,Bentley,Bentayga,V8 | Speed | Hybrid | Azure,CURATED_REVIEW,,,"Vasıta > Arazi, SUV & Pickup > Bentley > Bentayga",CREATE_SAFE,high,New series under mapped category,n/a,0,no
"Arazi, SUV & Pickup",,BMW,iX,xDrive40 | xDrive50 | M60,CURATED_REVIEW,,,"Vasıta > Arazi, SUV & Pickup > BMW > iX",CREATE_SAFE,high,New series under mapped category,n/a,0,no
"Arazi, SUV & Pickup",,BMW,iX1,eDrive20 | xDrive30,CURATED_REVIEW,,,"Vasıta > Arazi, SUV & Pickup > BMW > iX1",CREATE_SAFE,high,New series under mapped category,n/a,0,no
"Arazi, SUV & Pickup",,BMW,iX2,eDrive20 | xDrive30,CURATED_REVIEW,,,"Vasıta > Arazi, SUV & Pickup > BMW > iX2",CREATE_SAFE,high,New series under mapped category,n/a,0,no
"Arazi, SUV & Pickup",,BMW,iX3,Inspiring | Impressive,CURATED_REVIEW,,,"Vasıta > Arazi, SUV & Pickup > BMW > iX3",CREATE_SAFE,high,New series under mapped category,n/a,0,no
"Arazi, SUV & Pickup",,BMW,X1,sDrive16d | sDrive18i | sDrive20i | xDrive20d | xDrive25e,CURATED_REVIEW,cmshtji3k0012uz6s74j4isbl,arac/otomobil | arac/arazi-suv-pickup,"Vasıta > Arazi, SUV & Pickup > BMW > X1",KEEP_EXISTING,high,Brand/model already linked to target category,yes,0,no
"Arazi, SUV & Pickup",,BMW,X2,sDrive18i | sDrive20i | xDrive20d | M35i,CURATED_REVIEW,,,"Vasıta > Arazi, SUV & Pickup > BMW > X2",CREATE_SAFE,high,New series under mapped category,n/a,0,no
"Arazi, SUV & Pickup",,BMW,X3,16d sDrive | 18d xDrive | 20d xDrive | 20i sDrive | 20i xDrive | 30e xDrive | M40i,CURATED_REVIEW,cmshtjiym0044uz6s3cvx5k94,arac/arazi-suv-pickup,"Vasıta > Arazi, SUV & Pickup > BMW > X3",KEEP_EXISTING,high,Brand/model already linked to target category,yes,0,no
"Arazi, SUV & Pickup",,BMW,X4,20d xDrive | 20i xDrive | 30d xDrive | M40i,CURATED_REVIEW,,,"Vasıta > Arazi, SUV & Pickup > BMW > X4",CREATE_SAFE,high,New series under mapped category,n/a,0,no
"Arazi, SUV & Pickup",,BMW,X5,25d sDrive | 30d xDrive | 40d xDrive | 45e xDrive | 50e xDrive | M50i,CURATED_REVIEW,cmshtjiza0046uz6snzj8vwru,arac/arazi-suv-pickup,"Vasıta > Arazi, SUV & Pickup > BMW > X5",KEEP_EXISTING,high,Brand/model already linked to target category,yes,0,no
"Arazi, SUV & Pickup",,BMW,X6,30d xDrive | 40d xDrive | M50d | M60i,CURATED_REVIEW,,,"Vasıta > Arazi, SUV & Pickup > BMW > X6",CREATE_SAFE,high,New series under mapped category,n/a,0,no
"Arazi, SUV & Pickup",,BMW,X7,30d xDrive | 40d xDrive | M50d | M60i,CURATED_REVIEW,,,"Vasıta > Arazi, SUV & Pickup > BMW > X7",CREATE_SAFE,high,New series under mapped category,n/a,0,no
"Arazi, SUV & Pickup",,BYD,Atto 3,Design,CURATED_REVIEW,,,"Vasıta > Arazi, SUV & Pickup > BYD > Atto 3",CREATE_SAFE,high,New series under mapped category,n/a,0,no
"Arazi, SUV & Pickup",,BYD,Seal U,Comfort | Design | DM-i Design | DM-i Excellence,CURATED_REVIEW,,,"Vasıta > Arazi, SUV & Pickup > BYD > Seal U",CREATE_SAFE,high,New series under mapped category,n/a,0,no
"Arazi, SUV & Pickup",,BYD,Tang,Flagship,CURATED_REVIEW,,,"Vasıta > Arazi, SUV & Pickup > BYD > Tang",CREATE_SAFE,high,New series under mapped category,n/a,0,no
"Arazi, SUV & Pickup",,Cadillac,Escalade,Escalade,CURATED_REVIEW,,,"Vasıta > Arazi, SUV & Pickup > Cadillac > Escalade",CREATE_SAFE,high,New series under mapped category,n/a,0,no
"Arazi, SUV & Pickup",,Cadillac,SRX,SRX,CURATED_REVIEW,,,"Vasıta > Arazi, SUV & Pickup > Cadillac > SRX",CREATE_SAFE,high,New series under mapped category,n/a,0,no
"Arazi, SUV & Pickup",,Cadillac,XT4,XT4,CURATED_REVIEW,,,"Vasıta > Arazi, SUV & Pickup > Cadillac > XT4",CREATE_SAFE,high,New series under mapped category,n/a,0,no
"Arazi, SUV & Pickup",,Cadillac,XT5,XT5,CURATED_REVIEW,,,"Vasıta > Arazi, SUV & Pickup > Cadillac > XT5",CREATE_SAFE,high,New series under mapped category,n/a,0,no
"Arazi, SUV & Pickup",,Cadillac,XT6,XT6,CURATED_REVIEW,,,"Vasıta > Arazi, SUV & Pickup > Cadillac > XT6",CREATE_SAFE,high,New series under mapped category,n/a,0,no
"Arazi, SUV & Pickup",,Chery,Tiggo 3,Tiggo 3,CURATED_REVIEW,,,"Vasıta > Arazi, SUV & Pickup > Chery > Tiggo 3",CREATE_SAFE,high,New series under mapped category,n/a,0,no
"Arazi, SUV & Pickup",,Chery,Tiggo 4 Pro,Tiggo 4 Pro,CURATED_REVIEW,,,"Vasıta > Arazi, SUV & Pickup > Chery > Tiggo 4 Pro",CREATE_SAFE,high,New series under mapped category,n/a,0,no
"Arazi, SUV & Pickup",,Chery,Tiggo 7 Pro,Comfort | Luxury | Excellent,CURATED_REVIEW,cmshvhocj002ouza84o4961hx,arac/arazi-suv-pickup,"Vasıta > Arazi, SUV & Pickup > Chery > Tiggo 7 Pro",KEEP_EXISTING,high,Brand/model already linked to target category,yes,0,no
"Arazi, SUV & Pickup",,Chery,Tiggo 8 Pro,Luxury | Excellent,CURATED_REVIEW,cmshvhodb002quza86b2whjrv,arac/arazi-suv-pickup,"Vasıta > Arazi, SUV & Pickup > Chery > Tiggo 8 Pro",KEEP_EXISTING,high,Brand/model already linked to target category,yes,0,no
"Arazi, SUV & Pickup",,Chery,Tiggo 8 Pro Max,Tiggo 8 Pro Max,CURATED_REVIEW,,,"Vasıta > Arazi, SUV & Pickup > Chery > Tiggo 8 Pro Max",CREATE_SAFE,high,New series under mapped category,n/a,0,no
"Arazi, SUV & Pickup",,Chevrolet,Blazer,Blazer,CURATED_REVIEW,,,"Vasıta > Arazi, SUV & Pickup > Chevrolet > Blazer",CREATE_SAFE,high,New series under mapped category,n/a,0,no
"Arazi, SUV & Pickup",,Chevrolet,Captiva,2.0 D LT | 2.0 D LTZ,CURATED_REVIEW,cmshvhodv002suza86qz29iaz,arac/arazi-suv-pickup,"Vasıta > Arazi, SUV & Pickup > Chevrolet > Captiva",KEEP_EXISTING,high,Brand/model already linked to target category,yes,0,no
"Arazi, SUV & Pickup",,Chevrolet,Equinox,Equinox,CURATED_REVIEW,,,"Vasıta > Arazi, SUV & Pickup > Chevrolet > Equinox",CREATE_SAFE,high,New series under mapped category,n/a,0,no
"Arazi, SUV & Pickup",,Chevrolet,Suburban,Suburban,CURATED_REVIEW,,,"Vasıta > Arazi, SUV & Pickup > Chevrolet > Suburban",CREATE_SAFE,high,New series under mapped category,n/a,0,no
"Arazi, SUV & Pickup",,Chevrolet,Tahoe,Tahoe,CURATED_REVIEW,,,"Vasıta > Arazi, SUV & Pickup > Chevrolet > Tahoe",CREATE_SAFE,high,New series under mapped category,n/a,0,no
"Arazi, SUV & Pickup",,Chevrolet,Tracker,1.2 Turbo LT,CURATED_REVIEW,,,"Vasıta > Arazi, SUV & Pickup > Chevrolet > Tracker",CREATE_SAFE,high,New series under mapped category,n/a,0,no
"Arazi, SUV & Pickup",,Chevrolet,Trailblazer,Trailblazer,CURATED_REVIEW,,,"Vasıta > Arazi, SUV & Pickup > Chevrolet > Trailblazer",CREATE_SAFE,high,New series under mapped category,n/a,0,no
"Arazi, SUV & Pickup",,Chrysler,Aspen,Aspen,CURATED_REVIEW,,,"Vasıta > Arazi, SUV & Pickup > Chrysler > Aspen",CREATE_SAFE,high,New series under mapped category,n/a,0,no
"Arazi, SUV & Pickup",,Chrysler,Pacifica,Pacifica,CURATED_REVIEW,,,"Vasıta > Arazi, SUV & Pickup > Chrysler > Pacifica",CREATE_SAFE,high,New series under mapped category,n/a,0,no
"Arazi, SUV & Pickup",,Citroen,C3 Aircross,1.2 PureTech Feel Bold | 1.5 BlueHDi Shine,CURATED_REVIEW,,,"Vasıta > Arazi, SUV & Pickup > Citroen > C3 Aircross",CREATE_SAFE,high,New series under mapped category,n/a,0,no
"Arazi, SUV & Pickup",,Citroen,C4 Cactus,1.2 PureTech Feel | 1.6 BlueHDi Shine,CURATED_REVIEW,,,"Vasıta > Arazi, SUV & Pickup > Citroen > C4 Cactus",CREATE_SAFE,high,New series under mapped category,n/a,0,no
"Arazi, SUV & Pickup",,Citroen,C5 Aircross,1.2 PureTech Feel | 1.5 BlueHDi Shine | Hybrid e-Series,CURATED_REVIEW,cmshvhoen002uuza85fn0oxry,arac/arazi-suv-pickup,"Vasıta > Arazi, SUV & Pickup > Citroen > C5 Aircross",KEEP_EXISTING,high,Brand/model already linked to target category,yes,0,no
"Arazi, SUV & Pickup",,Cupra,Ateca,2.0 TSI,CURATED_REVIEW,,,"Vasıta > Arazi, SUV & Pickup > Cupra > Ateca",CREATE_SAFE,high,New series under mapped category,n/a,0,no
"Arazi, SUV & Pickup",,Cupra,Formentor,1.5 TSI | 2.0 TSI | VZ | e-Hybrid,CURATED_REVIEW,cmshvhoft002wuza8mpky4uju,arac/arazi-suv-pickup,"Vasıta > Arazi, SUV & Pickup > Cupra > Formentor",KEEP_EXISTING,high,Brand/model already linked to target category,yes,0,no
"Arazi, SUV & Pickup",,Cupra,Tavascan,Endurance | VZ,CURATED_REVIEW,,,"Vasıta > Arazi, SUV & Pickup > Cupra > Tavascan",CREATE_SAFE,high,New series under mapped category,n/a,0,no
"Arazi, SUV & Pickup",,Dacia,Bigster,Bigster,CURATED_REVIEW,,,"Vasıta > Arazi, SUV & Pickup > Dacia > Bigster",CREATE_SAFE,high,New series under mapped category,n/a,0,no
"Arazi, SUV & Pickup",,Dacia,Duster,1.0 TCe Comfort | 1.3 TCe Prestige | 1.5 dCi 4x4 Prestige | 1.6 4x2 Laureate,CURATED_REVIEW,cmshvhogn002yuza8l3znszxb,arac/arazi-suv-pickup,"Vasıta > Arazi, SUV & Pickup > Dacia > Duster",KEEP_EXISTING,high,Brand/model already linked to target category,yes,0,no
"Arazi, SUV & Pickup",,Dacia,Spring,Extreme,CURATED_REVIEW,cmshvhohj0030uza89x4qi6aw,arac/arazi-suv-pickup,"Vasıta > Arazi, SUV & Pickup > Dacia > Spring",KEEP_EXISTING,high,Brand/model already linked to target category,yes,0,no
"Arazi, SUV & Pickup",,Daihatsu,Feroza,Feroza,CURATED_REVIEW,,,"Vasıta > Arazi, SUV & Pickup > Daihatsu > Feroza",CREATE_SAFE,high,New series under mapped category,n/a,0,no
"Arazi, SUV & Pickup",,Daihatsu,Rocky,Rocky,CURATED_REVIEW,,,"Vasıta > Arazi, SUV & Pickup > Daihatsu > Rocky",CREATE_SAFE,high,New series under mapped category,n/a,0,no
"Arazi, SUV & Pickup",,Daihatsu,Terios,Terios,CURATED_REVIEW,,,"Vasıta > Arazi, SUV & Pickup > Daihatsu > Terios",CREATE_SAFE,high,New series under mapped category,n/a,0,no
"Arazi, SUV & Pickup",,DFM,Rich,Rich,CURATED_REVIEW,,,"Vasıta > Arazi, SUV & Pickup > DFM > Rich",CREATE_SAFE,high,New series under mapped category,n/a,0,no
"Arazi, SUV & Pickup",,DFM,Succe,Succe,CURATED_REVIEW,,,"Vasıta > Arazi, SUV & Pickup > DFM > Succe",CREATE_SAFE,high,New series under mapped category,n/a,0,no
"Arazi, SUV & Pickup",,DFSK,Fengon 5,Fengon 5,CURATED_REVIEW,,,"Vasıta > Arazi, SUV & Pickup > DFSK > Fengon 5",CREATE_SAFE,high,New series under mapped category,n/a,0,no
"Arazi, SUV & Pickup",,DFSK,Fengon 500,Fengon 500,CURATED_REVIEW,,,"Vasıta > Arazi, SUV & Pickup > DFSK > Fengon 500",CREATE_SAFE,high,New series under mapped category,n/a,0,no
"Arazi, SUV & Pickup",,DFSK,Fengon 580,Fengon 580,CURATED_REVIEW,,,"Vasıta > Arazi, SUV & Pickup > DFSK > Fengon 580",CREATE_SAFE,high,New series under mapped category,n/a,0,no
"Arazi, SUV & Pickup",,DFSK,Glory 330,Glory 330,CURATED_REVIEW,,,"Vasıta > Arazi, SUV & Pickup > DFSK > Glory 330",CREATE_SAFE,high,New series under mapped category,n/a,0,no
"Arazi, SUV & Pickup",,DFSK,Glory 500,Glory 500,CURATED_REVIEW,,,"Vasıta > Arazi, SUV & Pickup > DFSK > Glory 500",CREATE_SAFE,high,New series under mapped category,n/a,0,no
"Arazi, SUV & Pickup",,DFSK,Seres 3,Seres 3,CURATED_REVIEW,,,"Vasıta > Arazi, SUV & Pickup > DFSK > Seres 3",CREATE_SAFE,high,New series under mapped category,n/a,0,no
"Arazi, SUV & Pickup",,Dodge,Durango,Durango,CURATED_REVIEW,,,"Vasıta > Arazi, SUV & Pickup > Dodge > Durango",CREATE_SAFE,high,New series under mapped category,n/a,0,no
"Arazi, SUV & Pickup",,Dodge,Journey,Journey,CURATED_REVIEW,,,"Vasıta > Arazi, SUV & Pickup > Dodge > Journey",CREATE_SAFE,high,New series under mapped category,n/a,0,no
"Arazi, SUV & Pickup",,Dodge,Nitro,Nitro,CURATED_REVIEW,,,"Vasıta > Arazi, SUV & Pickup > Dodge > Nitro",CREATE_SAFE,high,New series under mapped category,n/a,0,no
"Arazi, SUV & Pickup",,Dodge,Ram,Ram,CURATED_REVIEW,,,"Vasıta > Arazi, SUV & Pickup > Dodge > Ram",CREATE_SAFE,high,New series under mapped category,n/a,0,no
"Arazi, SUV & Pickup",,DS Automobiles,DS 3 Crossback,Performance Line | Rivoli,CURATED_REVIEW,,,"Vasıta > Arazi, SUV & Pickup > DS Automobiles > DS 3 Crossback",CREATE_SAFE,high,New series under mapped category,n/a,0,no
"Arazi, SUV & Pickup",,DS Automobiles,DS 7,Performance Line | Rivoli | Opera,CURATED_REVIEW,,,"Vasıta > Arazi, SUV & Pickup > DS Automobiles > DS 7",CREATE_SAFE,high,New series under mapped category,n/a,0,no
"Arazi, SUV & Pickup",,DS Automobiles,DS 7 Crossback,DS 7 Crossback,CURATED_REVIEW,,,"Vasıta > Arazi, SUV & Pickup > DS Automobiles > DS 7 Crossback",CREATE_SAFE,high,New series under mapped category,n/a,0,no
"Arazi, SUV & Pickup",,Ferrari,Purosangue,Purosangue,CURATED_REVIEW,,,"Vasıta > Arazi, SUV & Pickup > Ferrari > Purosangue",CREATE_SAFE,high,New series under mapped category,n/a,0,no
"Arazi, SUV & Pickup",,Fiat,500X,1.0 FireFly Cross | 1.3 FireFly Lounge | 1.6 Multijet Cross,CURATED_REVIEW,,,"Vasıta > Arazi, SUV & Pickup > Fiat > 500X",CREATE_SAFE,high,New series under mapped category,n/a,0,no
"Arazi, SUV & Pickup",,Fiat,Freemont,2.0 Multijet Lounge,CURATED_REVIEW,,,"Vasıta > Arazi, SUV & Pickup > Fiat > Freemont",CREATE_SAFE,high,New series under mapped category,n/a,0,no
"Arazi, SUV & Pickup",,Fiat,Fullback,2.4 D 4x4,CURATED_REVIEW,,,"Vasıta > Arazi, SUV & Pickup > Fiat > Fullback",CREATE_SAFE,high,New series under mapped category,n/a,0,no
"Arazi, SUV & Pickup",,Fiat,Panda 4x4,Panda 4x4,CURATED_REVIEW,,,"Vasıta > Arazi, SUV & Pickup > Fiat > Panda 4x4",CREATE_SAFE,high,New series under mapped category,n/a,0,no
"Arazi, SUV & Pickup",,Fiat,Sedici,Sedici,CURATED_REVIEW,,,"Vasıta > Arazi, SUV & Pickup > Fiat > Sedici",CREATE_SAFE,high,New series under mapped category,n/a,0,no
"Arazi, SUV & Pickup",,Fiat,Toro,Toro,CURATED_REVIEW,,,"Vasıta > Arazi, SUV & Pickup > Fiat > Toro",CREATE_SAFE,high,New series under mapped category,n/a,0,no
"Arazi, SUV & Pickup",,Ford,Bronco,Bronco,CURATED_REVIEW,,,"Vasıta > Arazi, SUV & Pickup > Ford > Bronco",CREATE_SAFE,high,New series under mapped category,n/a,0,no
"Arazi, SUV & Pickup",,Ford,Edge,Edge,CURATED_REVIEW,,,"Vasıta > Arazi, SUV & Pickup > Ford > Edge",CREATE_SAFE,high,New series under mapped category,n/a,0,no
"Arazi, SUV & Pickup",,Ford,Escape,Escape,CURATED_REVIEW,,,"Vasıta > Arazi, SUV & Pickup > Ford > Escape",CREATE_SAFE,high,New series under mapped category,n/a,0,no
"Arazi, SUV & Pickup",,Ford,Everest,Everest,CURATED_REVIEW,,,"Vasıta > Arazi, SUV & Pickup > Ford > Everest",CREATE_SAFE,high,New series under mapped category,n/a,0,no
"Arazi, SUV & Pickup",,Ford,Explorer,Explorer,CURATED_REVIEW,,,"Vasıta > Arazi, SUV & Pickup > Ford > Explorer",CREATE_SAFE,high,New series under mapped category,n/a,0,no
"Arazi, SUV & Pickup",,Ford,Kuga,1.5 EcoBoost Style | 1.5 EcoBlue Titanium | 2.5 PHEV ST-Line,CURATED_REVIEW,cmshtjjai0058uz6sf5kcouth,arac/arazi-suv-pickup,"Vasıta > Arazi, SUV & Pickup > Ford > Kuga",KEEP_EXISTING,high,Brand/model already linked to target category,yes,0,no
"Arazi, SUV & Pickup",,Ford,Maverick,Maverick,CURATED_REVIEW,,,"Vasıta > Arazi, SUV & Pickup > Ford > Maverick",CREATE_SAFE,high,New series under mapped category,n/a,0,no
"Arazi, SUV & Pickup",,Ford,Puma,1.0 EcoBoost Style | 1.0 EcoBoost Titanium | ST,CURATED_REVIEW,cmshvhoja0036uza88b8pmugd,arac/arazi-suv-pickup,"Vasıta > Arazi, SUV & Pickup > Ford > Puma",KEEP_EXISTING,high,Brand/model already linked to target category,yes,0,no
"Arazi, SUV & Pickup",,Ford,Ranger,2.0 EcoBlue Wildtrak | 2.0 Bi-Turbo Raptor | 2.2 TDCi XLT | 3.2 TDCi Wildtrak,CURATED_REVIEW,cmshtjj9t0056uz6s5us5tfi0,arac/arazi-suv-pickup | arac/ticari-araclar,"Vasıta > Arazi, SUV & Pickup > Ford > Ranger",KEEP_EXISTING,high,Brand/model already linked to target category,yes,0,no
"Arazi, SUV & Pickup",,Foton,Sauvana,Sauvana,CURATED_REVIEW,,,"Vasıta > Arazi, SUV & Pickup > Foton > Sauvana",CREATE_SAFE,high,New series under mapped category,n/a,0,no
"Arazi, SUV & Pickup",,Foton,Tunland,G7 | G9 | V9,CURATED_REVIEW,,,"Vasıta > Arazi, SUV & Pickup > Foton > Tunland",CREATE_SAFE,high,New series under mapped category,n/a,0,no
"Arazi, SUV & Pickup",,GMC,Acadia,Acadia,CURATED_REVIEW,,,"Vasıta > Arazi, SUV & Pickup > GMC > Acadia",CREATE_SAFE,high,New series under mapped category,n/a,0,no
"Arazi, SUV & Pickup",,GMC,Canyon,Canyon,CURATED_REVIEW,,,"Vasıta > Arazi, SUV & Pickup > GMC > Canyon",CREATE_SAFE,high,New series under mapped category,n/a,0,no
"Arazi, SUV & Pickup",,GMC,Envoy,Envoy,CURATED_REVIEW,,,"Vasıta > Arazi, SUV & Pickup > GMC > Envoy",CREATE_SAFE,high,New series under mapped category,n/a,0,no
"Arazi, SUV & Pickup",,GMC,Hummer EV,Hummer EV,CURATED_REVIEW,,,"Vasıta > Arazi, SUV & Pickup > GMC > Hummer EV",CREATE_SAFE,high,New series under mapped category,n/a,0,no
"Arazi, SUV & Pickup",,GMC,Sierra,Sierra,CURATED_REVIEW,,,"Vasıta > Arazi, SUV & Pickup > GMC > Sierra",CREATE_SAFE,high,New series under mapped category,n/a,0,no
"Arazi, SUV & Pickup",,GMC,Terrain,Terrain,CURATED_REVIEW,,,"Vasıta > Arazi, SUV & Pickup > GMC > Terrain",CREATE_SAFE,high,New series under mapped category,n/a,0,no
"Arazi, SUV & Pickup",,GMC,Yukon,Yukon,CURATED_REVIEW,,,"Vasıta > Arazi, SUV & Pickup > GMC > Yukon",CREATE_SAFE,high,New series under mapped category,n/a,0,no
"Arazi, SUV & Pickup",,Honda,CR-V,1.5 VTEC Turbo Executive | 1.6 i-DTEC Elegance | 2.0 Hybrid Executive,CURATED_REVIEW,cmshvhokq0038uza8hdb1eueu,arac/arazi-suv-pickup,"Vasıta > Arazi, SUV & Pickup > Honda > CR-V",KEEP_EXISTING,high,Brand/model already linked to target category,yes,0,no
"Arazi, SUV & Pickup",,Honda,HR-V,1.5 e:HEV Advance | 1.5 i-VTEC Executive,CURATED_REVIEW,cmshvholg003auza8to7l5yjc,arac/arazi-suv-pickup,"Vasıta > Arazi, SUV & Pickup > Honda > HR-V",KEEP_EXISTING,high,Brand/model already linked to target category,yes,0,no
"Arazi, SUV & Pickup",,Honda,Pilot,Pilot,CURATED_REVIEW,,,"Vasıta > Arazi, SUV & Pickup > Honda > Pilot",CREATE_SAFE,high,New series under mapped category,n/a,0,no
"Arazi, SUV & Pickup",,Honda,ZR-V,2.0 e:HEV Advance,CURATED_REVIEW,,,"Vasıta > Arazi, SUV & Pickup > Honda > ZR-V",CREATE_SAFE,high,New series under mapped category,n/a,0,no
"Arazi, SUV & Pickup",,Hongqi,E-HS9,Executive | Premium,CURATED_REVIEW,,,"Vasıta > Arazi, SUV & Pickup > Hongqi > E-HS9",CREATE_SAFE,high,New series under mapped category,n/a,0,no
"Arazi, SUV & Pickup",,Hongqi,HS5,HS5,CURATED_REVIEW,,,"Vasıta > Arazi, SUV & Pickup > Hongqi > HS5",CREATE_SAFE,high,New series under mapped category,n/a,0,no
"Arazi, SUV & Pickup",,Hongqi,HS7,HS7,CURATED_REVIEW,,,"Vasıta > Arazi, SUV & Pickup > Hongqi > HS7",CREATE_SAFE,high,New series under mapped category,n/a,0,no
"Arazi, SUV & Pickup",,Hummer,H1,H1,CURATED_REVIEW,,,"Vasıta > Arazi, SUV & Pickup > Hummer > H1",CREATE_SAFE,high,New series under mapped category,n/a,0,no
"Arazi, SUV & Pickup",,Hummer,H2,H2,CURATED_REVIEW,,,"Vasıta > Arazi, SUV & Pickup > Hummer > H2",CREATE_SAFE,high,New series under mapped category,n/a,0,no
"Arazi, SUV & Pickup",,Hummer,H3,H3,CURATED_REVIEW,,,"Vasıta > Arazi, SUV & Pickup > Hummer > H3",CREATE_SAFE,high,New series under mapped category,n/a,0,no
"Arazi, SUV & Pickup",,Hyundai,Bayon,1.0 T-GDI Elite | 1.4 MPI Jump,CURATED_REVIEW,cmshvhome003cuza8e9dq73tx,arac/arazi-suv-pickup,"Vasıta > Arazi, SUV & Pickup > Hyundai > Bayon",KEEP_EXISTING,high,Brand/model already linked to target category,yes,0,no
"Arazi, SUV & Pickup",,Hyundai,Ioniq 5,Progressive | AWD,CURATED_REVIEW,,,"Vasıta > Arazi, SUV & Pickup > Hyundai > Ioniq 5",CREATE_SAFE,high,New series under mapped category,n/a,0,no
"Arazi, SUV & Pickup",,Hyundai,Ioniq 9,Ioniq 9,CURATED_REVIEW,,,"Vasıta > Arazi, SUV & Pickup > Hyundai > Ioniq 9",CREATE_SAFE,high,New series under mapped category,n/a,0,no
"Arazi, SUV & Pickup",,Hyundai,ix35,ix35,CURATED_REVIEW,,,"Vasıta > Arazi, SUV & Pickup > Hyundai > ix35",CREATE_SAFE,high,New series under mapped category,n/a,0,no
"Arazi, SUV & Pickup",,Hyundai,Kona,1.0 T-GDI Elite | 1.6 Hybrid Smart | Electric,CURATED_REVIEW,cmshtjj7t004yuz6s6huccaa0,arac/arazi-suv-pickup,"Vasıta > Arazi, SUV & Pickup > Hyundai > Kona",KEEP_EXISTING,high,Brand/model already linked to target category,yes,0,no
"Arazi, SUV & Pickup",,Hyundai,Santa Fe,2.2 CRDi Elite,CURATED_REVIEW,cmshtjj78004wuz6sw74wq2jn,arac/arazi-suv-pickup,"Vasıta > Arazi, SUV & Pickup > Hyundai > Santa Fe",KEEP_EXISTING,high,Brand/model already linked to target category,yes,0,no
"Arazi, SUV & Pickup",,Hyundai,Terracan,Terracan,CURATED_REVIEW,,,"Vasıta > Arazi, SUV & Pickup > Hyundai > Terracan",CREATE_SAFE,high,New series under mapped category,n/a,0,no
"Arazi, SUV & Pickup",,Hyundai,Tucson,1.6 CRDi Elite | 1.6 T-GDI Prime Plus | 1.6 Hybrid Elite Plus,CURATED_REVIEW,cmshtjj6d004uuz6sotdbpnqs,arac/arazi-suv-pickup,"Vasıta > Arazi, SUV & Pickup > Hyundai > Tucson",KEEP_EXISTING,high,Brand/model already linked to target category,yes,0,no
"Arazi, SUV & Pickup",,Infiniti,EX,EX,CURATED_REVIEW,,,"Vasıta > Arazi, SUV & Pickup > Infiniti > EX",CREATE_SAFE,high,New series under mapped category,n/a,0,no
"Arazi, SUV & Pickup",,Infiniti,FX,FX,CURATED_REVIEW,,,"Vasıta > Arazi, SUV & Pickup > Infiniti > FX",CREATE_SAFE,high,New series under mapped category,n/a,0,no
"Arazi, SUV & Pickup",,Infiniti,JX,JX,CURATED_REVIEW,,,"Vasıta > Arazi, SUV & Pickup > Infiniti > JX",CREATE_SAFE,high,New series under mapped category,n/a,0,no
"Arazi, SUV & Pickup",,Infiniti,QX30,QX30,CURATED_REVIEW,,,"Vasıta > Arazi, SUV & Pickup > Infiniti > QX30",CREATE_SAFE,high,New series under mapped category,n/a,0,no
"Arazi, SUV & Pickup",,Infiniti,QX50,QX50,CURATED_REVIEW,,,"Vasıta > Arazi, SUV & Pickup > Infiniti > QX50",CREATE_SAFE,high,New series under mapped category,n/a,0,no
"Arazi, SUV & Pickup",,Infiniti,QX55,QX55,CURATED_REVIEW,,,"Vasıta > Arazi, SUV & Pickup > Infiniti > QX55",CREATE_SAFE,high,New series under mapped category,n/a,0,no
"Arazi, SUV & Pickup",,Infiniti,QX60,QX60,CURATED_REVIEW,,,"Vasıta > Arazi, SUV & Pickup > Infiniti > QX60",CREATE_SAFE,high,New series under mapped category,n/a,0,no
"Arazi, SUV & Pickup",,Infiniti,QX70,QX70,CURATED_REVIEW,,,"Vasıta > Arazi, SUV & Pickup > Infiniti > QX70",CREATE_SAFE,high,New series under mapped category,n/a,0,no
"Arazi, SUV & Pickup",,Infiniti,QX80,QX80,CURATED_REVIEW,,,"Vasıta > Arazi, SUV & Pickup > Infiniti > QX80",CREATE_SAFE,high,New series under mapped category,n/a,0,no
"Arazi, SUV & Pickup",,Isuzu,D-Max,1.9 V-Life | 1.9 V-Cross | 2.5 4x4,CURATED_REVIEW,cmshvhomt003euza8la3l3x60,arac/arazi-suv-pickup,"Vasıta > Arazi, SUV & Pickup > Isuzu > D-Max",KEEP_EXISTING,high,Brand/model already linked to target category,yes,0,no
"Arazi, SUV & Pickup",,Isuzu,Trooper,Trooper,CURATED_REVIEW,,,"Vasıta > Arazi, SUV & Pickup > Isuzu > Trooper",CREATE_SAFE,high,New series under mapped category,n/a,0,no
"Arazi, SUV & Pickup",,Isuzu,VehiCross,VehiCross,CURATED_REVIEW,,,"Vasıta > Arazi, SUV & Pickup > Isuzu > VehiCross",CREATE_SAFE,high,New series under mapped category,n/a,0,no
"Arazi, SUV & Pickup",,Jaecoo,J7,Revive | Evolve | 4x4,CURATED_REVIEW,,,"Vasıta > Arazi, SUV & Pickup > Jaecoo > J7",CREATE_SAFE,high,New series under mapped category,n/a,0,no
"Arazi, SUV & Pickup",,Jaecoo,J8,J8,CURATED_REVIEW,,,"Vasıta > Arazi, SUV & Pickup > Jaecoo > J8",CREATE_SAFE,high,New series under mapped category,n/a,0,no
"Arazi, SUV & Pickup",,Jaguar,E-Pace,D150 R-Dynamic | P200,CURATED_REVIEW,,,"Vasıta > Arazi, SUV & Pickup > Jaguar > E-Pace",CREATE_SAFE,high,New series under mapped category,n/a,0,no
"Arazi, SUV & Pickup",,Jaguar,F-Pace,D180 R-Sport | P250 R-Dynamic,CURATED_REVIEW,cmshvhonj003guza84zgkseid,arac/arazi-suv-pickup,"Vasıta > Arazi, SUV & Pickup > Jaguar > F-Pace",KEEP_EXISTING,high,Brand/model already linked to target category,yes,0,no
"Arazi, SUV & Pickup",,Jaguar,I-Pace,EV400 HSE,CURATED_REVIEW,,,"Vasıta > Arazi, SUV & Pickup > Jaguar > I-Pace",CREATE_SAFE,high,New series under mapped category,n/a,0,no
"Arazi, SUV & Pickup",,Jeep,Avenger,Longitude | Limited | Electric,CURATED_REVIEW,cmshvhop0003iuza8y5hv6812,arac/arazi-suv-pickup,"Vasıta > Arazi, SUV & Pickup > Jeep > Avenger",KEEP_EXISTING,high,Brand/model already linked to target category,yes,0,no
"Arazi, SUV & Pickup",,Jeep,Cherokee,2.0 MJD Limited,CURATED_REVIEW,,,"Vasıta > Arazi, SUV & Pickup > Jeep > Cherokee",CREATE_SAFE,high,New series under mapped category,n/a,0,no
"Arazi, SUV & Pickup",,Jeep,Commander,Commander,CURATED_REVIEW,,,"Vasıta > Arazi, SUV & Pickup > Jeep > Commander",CREATE_SAFE,high,New series under mapped category,n/a,0,no
"Arazi, SUV & Pickup",,Jeep,Compass,1.3 GSE Limited | 1.6 MJD Longitude | 4xe,CURATED_REVIEW,cmshtjjcg005euz6s8c2iun36,arac/arazi-suv-pickup,"Vasıta > Arazi, SUV & Pickup > Jeep > Compass",KEEP_EXISTING,high,Brand/model already linked to target category,yes,0,no
"Arazi, SUV & Pickup",,Jeep,Grand Cherokee,3.0 CRD Limited | 4xe Summit,CURATED_REVIEW,,,"Vasıta > Arazi, SUV & Pickup > Jeep > Grand Cherokee",CREATE_SAFE,high,New series under mapped category,n/a,0,no
"Arazi, SUV & Pickup",,Jeep,Renegade,1.0 T3 Limited | 1.3 T4 S | 1.6 MJD Longitude,CURATED_REVIEW,cmshtjjbo005cuz6sh5weq6f7,arac/arazi-suv-pickup,"Vasıta > Arazi, SUV & Pickup > Jeep > Renegade",KEEP_EXISTING,high,Brand/model already linked to target category,yes,0,no
"Arazi, SUV & Pickup",,Jeep,Wrangler,2.0 Rubicon | 3.6 Sahara | 4xe,CURATED_REVIEW,cmshtjjcz005guz6s01rw3ec7,arac/arazi-suv-pickup,"Vasıta > Arazi, SUV & Pickup > Jeep > Wrangler",KEEP_EXISTING,high,Brand/model already linked to target category,yes,0,no
"Arazi, SUV & Pickup",,KGM SsangYong,Actyon,Actyon,CURATED_REVIEW,,,"Vasıta > Arazi, SUV & Pickup > KGM SsangYong > Actyon",CREATE_SAFE,high,New series under mapped category,n/a,0,no
"Arazi, SUV & Pickup",,KGM SsangYong,Korando,1.5 GDI Turbo Platinum | 1.6 e-XDI Dream,CURATED_REVIEW,,,"Vasıta > Arazi, SUV & Pickup > KGM SsangYong > Korando",CREATE_SAFE,high,New series under mapped category,n/a,0,no
"Arazi, SUV & Pickup",,KGM SsangYong,Kyron,Kyron,CURATED_REVIEW,,,"Vasıta > Arazi, SUV & Pickup > KGM SsangYong > Kyron",CREATE_SAFE,high,New series under mapped category,n/a,0,no
"Arazi, SUV & Pickup",,KGM SsangYong,Musso Grand,2.2 e-XDI Platinum,CURATED_REVIEW,,,"Vasıta > Arazi, SUV & Pickup > KGM SsangYong > Musso Grand",CREATE_SAFE,high,New series under mapped category,n/a,0,no
"Arazi, SUV & Pickup",,KGM SsangYong,Rexton,2.2 e-XDI Platinum,CURATED_REVIEW,,,"Vasıta > Arazi, SUV & Pickup > KGM SsangYong > Rexton",CREATE_SAFE,high,New series under mapped category,n/a,0,no
"Arazi, SUV & Pickup",,KGM SsangYong,Tivoli,1.5 GDI Turbo Platinum,CURATED_REVIEW,,,"Vasıta > Arazi, SUV & Pickup > KGM SsangYong > Tivoli",CREATE_SAFE,high,New series under mapped category,n/a,0,no
"Arazi, SUV & Pickup",,KGM SsangYong,Torres,1.5 GDI Turbo | EVX,CURATED_REVIEW,,,"Vasıta > Arazi, SUV & Pickup > KGM SsangYong > Torres",CREATE_SAFE,high,New series under mapped category,n/a,0,no
"Arazi, SUV & Pickup",,Kia,EV3,Elegance | Prestige,CURATED_REVIEW,,,"Vasıta > Arazi, SUV & Pickup > Kia > EV3",CREATE_SAFE,high,New series under mapped category,n/a,0,no
"Arazi, SUV & Pickup",,Kia,EV6,Long Range | GT,CURATED_REVIEW,,,"Vasıta > Arazi, SUV & Pickup > Kia > EV6",CREATE_SAFE,high,New series under mapped category,n/a,0,no
"Arazi, SUV & Pickup",,Kia,EV9,GT-Line,CURATED_REVIEW,,,"Vasıta > Arazi, SUV & Pickup > Kia > EV9",CREATE_SAFE,high,New series under mapped category,n/a,0,no
"Arazi, SUV & Pickup",,Kia,Niro,Hybrid Prestige | EV Prestige,CURATED_REVIEW,,,"Vasıta > Arazi, SUV & Pickup > Kia > Niro",CREATE_SAFE,high,New series under mapped category,n/a,0,no
"Arazi, SUV & Pickup",,Kia,Sorento,1.6 T-GDI Hybrid Prestige,CURATED_REVIEW,cmshtjj8y0052uz6s9zha22nk,arac/arazi-suv-pickup,"Vasıta > Arazi, SUV & Pickup > Kia > Sorento",KEEP_EXISTING,high,Brand/model already linked to target category,yes,0,no
"Arazi, SUV & Pickup",,Kia,Soul,Soul,CURATED_REVIEW,,,"Vasıta > Arazi, SUV & Pickup > Kia > Soul",CREATE_SAFE,high,New series under mapped category,n/a,0,no
"Arazi, SUV & Pickup",,Kia,Sportage,1.6 CRDi Elegance | 1.6 T-GDI Prestige | Hybrid,CURATED_REVIEW,cmshtjj880050uz6sd4a1h20k,arac/arazi-suv-pickup,"Vasıta > Arazi, SUV & Pickup > Kia > Sportage",KEEP_EXISTING,high,Brand/model already linked to target category,yes,0,no
"Arazi, SUV & Pickup",,Kia,Stonic,1.0 T-GDI Elegance | 1.4 Cool,CURATED_REVIEW,cmshtjj9d0054uz6sdc3ojmax,arac/arazi-suv-pickup,"Vasıta > Arazi, SUV & Pickup > Kia > Stonic",KEEP_EXISTING,high,Brand/model already linked to target category,yes,0,no
"Arazi, SUV & Pickup",,Lada,Niva,1.7 | Travel,CURATED_REVIEW,,,"Vasıta > Arazi, SUV & Pickup > Lada > Niva",CREATE_SAFE,high,New series under mapped category,n/a,0,no
"Arazi, SUV & Pickup",,Lamborghini,Urus,S | Performante | SE,CURATED_REVIEW,,,"Vasıta > Arazi, SUV & Pickup > Lamborghini > Urus",CREATE_SAFE,high,New series under mapped category,n/a,0,no
"Arazi, SUV & Pickup",,Land Rover,Defender,90 | 110 | 130,CURATED_REVIEW,cmshtjjel005muz6seh5mefpx,arac/arazi-suv-pickup,"Vasıta > Arazi, SUV & Pickup > Land Rover > Defender",KEEP_EXISTING,high,Brand/model already linked to target category,yes,0,no
"Arazi, SUV & Pickup",,Land Rover,Discovery,Sport | D250 | R-Dynamic,CURATED_REVIEW,,,"Vasıta > Arazi, SUV & Pickup > Land Rover > Discovery",CREATE_SAFE,high,New series under mapped category,n/a,0,no
"Arazi, SUV & Pickup",,Land Rover,Freelander,Freelander,CURATED_REVIEW,,,"Vasıta > Arazi, SUV & Pickup > Land Rover > Freelander",CREATE_SAFE,high,New series under mapped category,n/a,0,no
"Arazi, SUV & Pickup",,Land Rover,Range Rover,D350 | HSE | Autobiography,CURATED_REVIEW,,,"Vasıta > Arazi, SUV & Pickup > Land Rover > Range Rover",CREATE_SAFE,high,New series under mapped category,n/a,0,no
"Arazi, SUV & Pickup",,Land Rover,Range Rover Evoque,D150 | S | R-Dynamic,CURATED_REVIEW,cmshtjjdf005iuz6skbqtle5c,arac/arazi-suv-pickup,"Vasıta > Arazi, SUV & Pickup > Land Rover > Range Rover Evoque",KEEP_EXISTING,high,Brand/model already linked to target category,yes,0,no
"Arazi, SUV & Pickup",,Land Rover,Range Rover Sport,D300 | HSE | SV,CURATED_REVIEW,,,"Vasıta > Arazi, SUV & Pickup > Land Rover > Range Rover Sport",CREATE_SAFE,high,New series under mapped category,n/a,0,no
"Arazi, SUV & Pickup",,Land Rover,Range Rover Velar,D200 | R-Dynamic,CURATED_REVIEW,,,"Vasıta > Arazi, SUV & Pickup > Land Rover > Range Rover Velar",CREATE_SAFE,high,New series under mapped category,n/a,0,no
"Arazi, SUV & Pickup",,Lexus,GX,GX,CURATED_REVIEW,,,"Vasıta > Arazi, SUV & Pickup > Lexus > GX",CREATE_SAFE,high,New series under mapped category,n/a,0,no
"Arazi, SUV & Pickup",,Lexus,LBX,Elegant | Relax,CURATED_REVIEW,,,"Vasıta > Arazi, SUV & Pickup > Lexus > LBX",CREATE_SAFE,high,New series under mapped category,n/a,0,no
"Arazi, SUV & Pickup",,Lexus,LX,LX,CURATED_REVIEW,,,"Vasıta > Arazi, SUV & Pickup > Lexus > LX",CREATE_SAFE,high,New series under mapped category,n/a,0,no
"Arazi, SUV & Pickup",,Lexus,NX,250 | 350h | 450h+,CURATED_REVIEW,cmshvhorr003kuza8dms9jzoi,arac/arazi-suv-pickup,"Vasıta > Arazi, SUV & Pickup > Lexus > NX",KEEP_EXISTING,high,Brand/model already linked to target category,yes,0,no
"Arazi, SUV & Pickup",,Lexus,RX,300 | 350h | 450h+ | 500h,CURATED_REVIEW,cmshvhosi003muza8eqgfo1kj,arac/arazi-suv-pickup,"Vasıta > Arazi, SUV & Pickup > Lexus > RX",KEEP_EXISTING,high,Brand/model already linked to target category,yes,0,no
"Arazi, SUV & Pickup",,Lexus,UX,250h | 300e,CURATED_REVIEW,,,"Vasıta > Arazi, SUV & Pickup > Lexus > UX",CREATE_SAFE,high,New series under mapped category,n/a,0,no
"Arazi, SUV & Pickup",,Lincoln,Aviator,Aviator,CURATED_REVIEW,,,"Vasıta > Arazi, SUV & Pickup > Lincoln > Aviator",CREATE_SAFE,high,New series under mapped category,n/a,0,no
"Arazi, SUV & Pickup",,Lincoln,Corsair,Corsair,CURATED_REVIEW,,,"Vasıta > Arazi, SUV & Pickup > Lincoln > Corsair",CREATE_SAFE,high,New series under mapped category,n/a,0,no
"Arazi, SUV & Pickup",,Lincoln,MKC,MKC,CURATED_REVIEW,,,"Vasıta > Arazi, SUV & Pickup > Lincoln > MKC",CREATE_SAFE,high,New series under mapped category,n/a,0,no
"Arazi, SUV & Pickup",,Lincoln,Navigator,Navigator,CURATED_REVIEW,,,"Vasıta > Arazi, SUV & Pickup > Lincoln > Navigator",CREATE_SAFE,high,New series under mapped category,n/a,0,no
"Arazi, SUV & Pickup",,Lotus,Eletre,S | R,CURATED_REVIEW,,,"Vasıta > Arazi, SUV & Pickup > Lotus > Eletre",CREATE_SAFE,high,New series under mapped category,n/a,0,no
"Arazi, SUV & Pickup",,Lynk & Co,01,Hybrid | Plug-in Hybrid,CURATED_REVIEW,,,"Vasıta > Arazi, SUV & Pickup > Lynk & Co > 01",CREATE_SAFE,high,New series under mapped category,n/a,0,no
"Arazi, SUV & Pickup",,Lynk & Co,02,02,CURATED_REVIEW,,,"Vasıta > Arazi, SUV & Pickup > Lynk & Co > 02",CREATE_SAFE,high,New series under mapped category,n/a,0,no
"Arazi, SUV & Pickup",,Lynk & Co,05,05,CURATED_REVIEW,,,"Vasıta > Arazi, SUV & Pickup > Lynk & Co > 05",CREATE_SAFE,high,New series under mapped category,n/a,0,no
"Arazi, SUV & Pickup",,Lynk & Co,08,08,CURATED_REVIEW,,,"Vasıta > Arazi, SUV & Pickup > Lynk & Co > 08",CREATE_SAFE,high,New series under mapped category,n/a,0,no
"Arazi, SUV & Pickup",,Mahindra,Bolero,Bolero,CURATED_REVIEW,,,"Vasıta > Arazi, SUV & Pickup > Mahindra > Bolero",CREATE_SAFE,high,New series under mapped category,n/a,0,no
"Arazi, SUV & Pickup",,Mahindra,Goa,Goa,CURATED_REVIEW,,,"Vasıta > Arazi, SUV & Pickup > Mahindra > Goa",CREATE_SAFE,high,New series under mapped category,n/a,0,no
"Arazi, SUV & Pickup",,Mahindra,KUV100,KUV100,CURATED_REVIEW,,,"Vasıta > Arazi, SUV & Pickup > Mahindra > KUV100",CREATE_SAFE,high,New series under mapped category,n/a,0,no
"Arazi, SUV & Pickup",,Mahindra,Scorpio,Scorpio,CURATED_REVIEW,,,"Vasıta > Arazi, SUV & Pickup > Mahindra > Scorpio",CREATE_SAFE,high,New series under mapped category,n/a,0,no
"Arazi, SUV & Pickup",,Mahindra,XUV500,XUV500,CURATED_REVIEW,,,"Vasıta > Arazi, SUV & Pickup > Mahindra > XUV500",CREATE_SAFE,high,New series under mapped category,n/a,0,no
"Arazi, SUV & Pickup",,Maserati,Grecale,GT | Modena | Trofeo | Folgore,CURATED_REVIEW,,,"Vasıta > Arazi, SUV & Pickup > Maserati > Grecale",CREATE_SAFE,high,New series under mapped category,n/a,0,no
"Arazi, SUV & Pickup",,Maserati,Levante,Diesel | GranSport | Trofeo,CURATED_REVIEW,,,"Vasıta > Arazi, SUV & Pickup > Maserati > Levante",CREATE_SAFE,high,New series under mapped category,n/a,0,no
"Arazi, SUV & Pickup",,Mazda,CX-3,1.5 Skyactiv-D Power,CURATED_REVIEW,,,"Vasıta > Arazi, SUV & Pickup > Mazda > CX-3",CREATE_SAFE,high,New series under mapped category,n/a,0,no
"Arazi, SUV & Pickup",,Mazda,CX-30,2.0 Skyactiv-G Power,CURATED_REVIEW,cmshvhotq003quza8m9epyth3,arac/arazi-suv-pickup,"Vasıta > Arazi, SUV & Pickup > Mazda > CX-30",KEEP_EXISTING,high,Brand/model already linked to target category,yes,0,no
"Arazi, SUV & Pickup",,Mazda,CX-5,2.0 Skyactiv-G Power | 2.2 Skyactiv-D,CURATED_REVIEW,cmshvhosz003ouza8g7ps70xh,arac/arazi-suv-pickup,"Vasıta > Arazi, SUV & Pickup > Mazda > CX-5",KEEP_EXISTING,high,Brand/model already linked to target category,yes,0,no
"Arazi, SUV & Pickup",,Mazda,CX-60,PHEV | Diesel,CURATED_REVIEW,,,"Vasıta > Arazi, SUV & Pickup > Mazda > CX-60",CREATE_SAFE,high,New series under mapped category,n/a,0,no
"Arazi, SUV & Pickup",,Mazda,CX-7,CX-7,CURATED_REVIEW,,,"Vasıta > Arazi, SUV & Pickup > Mazda > CX-7",CREATE_SAFE,high,New series under mapped category,n/a,0,no
"Arazi, SUV & Pickup",,Mazda,CX-9,CX-9,CURATED_REVIEW,,,"Vasıta > Arazi, SUV & Pickup > Mazda > CX-9",CREATE_SAFE,high,New series under mapped category,n/a,0,no
"Arazi, SUV & Pickup",,Mazda,MX-30,MX-30,CURATED_REVIEW,,,"Vasıta > Arazi, SUV & Pickup > Mazda > MX-30",CREATE_SAFE,high,New series under mapped category,n/a,0,no
"Arazi, SUV & Pickup",,Mercedes-Benz,EQA,EQA 250 | EQA 350 4MATIC,CURATED_REVIEW,,,"Vasıta > Arazi, SUV & Pickup > Mercedes-Benz > EQA",CREATE_SAFE,high,New series under mapped category,n/a,0,no
"Arazi, SUV & Pickup",,Mercedes-Benz,EQB,EQB 250+ | EQB 350 4MATIC,CURATED_REVIEW,,,"Vasıta > Arazi, SUV & Pickup > Mercedes-Benz > EQB",CREATE_SAFE,high,New series under mapped category,n/a,0,no
"Arazi, SUV & Pickup",,Mercedes-Benz,EQC,EQC 400 4MATIC,CURATED_REVIEW,,,"Vasıta > Arazi, SUV & Pickup > Mercedes-Benz > EQC",CREATE_SAFE,high,New series under mapped category,n/a,0,no
"Arazi, SUV & Pickup",,Mercedes-Benz,EQE SUV,EQE 350+ | EQE 500 4MATIC | AMG EQE 53,CURATED_REVIEW,,,"Vasıta > Arazi, SUV & Pickup > Mercedes-Benz > EQE SUV",CREATE_SAFE,high,New series under mapped category,n/a,0,no
"Arazi, SUV & Pickup",,Mercedes-Benz,EQS SUV,EQS 450+ | EQS 580 4MATIC,CURATED_REVIEW,,,"Vasıta > Arazi, SUV & Pickup > Mercedes-Benz > EQS SUV",CREATE_SAFE,high,New series under mapped category,n/a,0,no
"Arazi, SUV & Pickup",,Mercedes-Benz,G Serisi,G 350 d | G 400 d | G 500 | G 63 AMG,CURATED_REVIEW,,,"Vasıta > Arazi, SUV & Pickup > Mercedes-Benz > G Serisi",CREATE_SAFE,high,New series under mapped category,n/a,0,no
"Arazi, SUV & Pickup",,Mercedes-Benz,GLA,GLA 180 | GLA 200 | GLA 200 d | GLA 250 e | GLA 35 AMG,CURATED_REVIEW,cmshtjj1g004cuz6s85l2kadm,arac/arazi-suv-pickup,"Vasıta > Arazi, SUV & Pickup > Mercedes-Benz > GLA",KEEP_EXISTING,high,Brand/model already linked to target category,yes,0,no
"Arazi, SUV & Pickup",,Mercedes-Benz,GLB,GLB 180 d | GLB 200 | GLB 200 d | GLB 250 4MATIC,CURATED_REVIEW,,,"Vasıta > Arazi, SUV & Pickup > Mercedes-Benz > GLB",CREATE_SAFE,high,New series under mapped category,n/a,0,no
"Arazi, SUV & Pickup",,Mercedes-Benz,GLC,GLC 220 d | GLC 250 d | GLC 300 d | GLC 300 e | GLC 43 AMG | GLC 63 AMG,CURATED_REVIEW,cmshtjj090048uz6s604j677j,arac/arazi-suv-pickup,"Vasıta > Arazi, SUV & Pickup > Mercedes-Benz > GLC",KEEP_EXISTING,high,Brand/model already linked to target category,yes,0,no
"Arazi, SUV & Pickup",,Mercedes-Benz,GLE,GLE 300 d | GLE 350 d | GLE 400 d | GLE 450 | GLE 53 AMG | GLE 63 AMG,CURATED_REVIEW,cmshtjj11004auz6s9ylfcl3l,arac/arazi-suv-pickup,"Vasıta > Arazi, SUV & Pickup > Mercedes-Benz > GLE",KEEP_EXISTING,high,Brand/model already linked to target category,yes,0,no
"Arazi, SUV & Pickup",,Mercedes-Benz,GLK,GLK,CURATED_REVIEW,,,"Vasıta > Arazi, SUV & Pickup > Mercedes-Benz > GLK",CREATE_SAFE,high,New series under mapped category,n/a,0,no
"Arazi, SUV & Pickup",,Mercedes-Benz,GLS,GLS 350 d | GLS 400 d | GLS 450 | GLS 580 | GLS 63 AMG,CURATED_REVIEW,,,"Vasıta > Arazi, SUV & Pickup > Mercedes-Benz > GLS",CREATE_SAFE,high,New series under mapped category,n/a,0,no
"Arazi, SUV & Pickup",,Mercedes-Benz,Maybach GLS,Maybach GLS,CURATED_REVIEW,,,"Vasıta > Arazi, SUV & Pickup > Mercedes-Benz > Maybach GLS",CREATE_SAFE,high,New series under mapped category,n/a,0,no
"Arazi, SUV & Pickup",,Mercedes-Benz,ML,ML,CURATED_REVIEW,,,"Vasıta > Arazi, SUV & Pickup > Mercedes-Benz > ML",CREATE_SAFE,high,New series under mapped category,n/a,0,no
"Arazi, SUV & Pickup",,MG,HS,Comfort | Luxury | PHEV,CURATED_REVIEW,cmshvhowl003uuza8q8w73r9s,arac/arazi-suv-pickup,"Vasıta > Arazi, SUV & Pickup > MG > HS",KEEP_EXISTING,high,Brand/model already linked to target category,yes,0,no
"Arazi, SUV & Pickup",,MG,Marvel R,Performance,CURATED_REVIEW,,,"Vasıta > Arazi, SUV & Pickup > MG > Marvel R",CREATE_SAFE,high,New series under mapped category,n/a,0,no
"Arazi, SUV & Pickup",,MG,ZS,Comfort | Luxury | EV,CURATED_REVIEW,cmshvhovn003suza84he1edaa,arac/arazi-suv-pickup,"Vasıta > Arazi, SUV & Pickup > MG > ZS",KEEP_EXISTING,high,Brand/model already linked to target category,yes,0,no
"Arazi, SUV & Pickup",,Mini,Aceman,E | SE,CURATED_REVIEW,,,"Vasıta > Arazi, SUV & Pickup > Mini > Aceman",CREATE_SAFE,high,New series under mapped category,n/a,0,no
"Arazi, SUV & Pickup",,Mini,Countryman,Cooper | Cooper S | Cooper SE | JCW,CURATED_REVIEW,cmshvhox6003wuza8zjdp8amm,arac/arazi-suv-pickup,"Vasıta > Arazi, SUV & Pickup > Mini > Countryman",KEEP_EXISTING,high,Brand/model already linked to target category,yes,0,no
"Arazi, SUV & Pickup",,Mitsubishi,ASX,1.3 Turbo Intense | 1.6 Invite,CURATED_REVIEW,cmshvhoz30040uza8xhilosq1,arac/arazi-suv-pickup,"Vasıta > Arazi, SUV & Pickup > Mitsubishi > ASX",KEEP_EXISTING,high,Brand/model already linked to target category,yes,0,no
"Arazi, SUV & Pickup",,Mitsubishi,Eclipse Cross,1.5 Turbo Instyle | PHEV,CURATED_REVIEW,,,"Vasıta > Arazi, SUV & Pickup > Mitsubishi > Eclipse Cross",CREATE_SAFE,high,New series under mapped category,n/a,0,no
"Arazi, SUV & Pickup",,Mitsubishi,L200,2.4 DI-D Invite | 2.4 DI-D Intense,CURATED_REVIEW,cmshvhozk0042uza8rxueed1a,arac/arazi-suv-pickup,"Vasıta > Arazi, SUV & Pickup > Mitsubishi > L200",KEEP_EXISTING,high,Brand/model already linked to target category,yes,0,no
"Arazi, SUV & Pickup",,Mitsubishi,Outlander,2.0 Invite | PHEV,CURATED_REVIEW,cmshvhoy6003yuza8pxia6qst,arac/arazi-suv-pickup,"Vasıta > Arazi, SUV & Pickup > Mitsubishi > Outlander",KEEP_EXISTING,high,Brand/model already linked to target category,yes,0,no
"Arazi, SUV & Pickup",,Mitsubishi,Pajero,Pajero,CURATED_REVIEW,,,"Vasıta > Arazi, SUV & Pickup > Mitsubishi > Pajero",CREATE_SAFE,high,New series under mapped category,n/a,0,no
"Arazi, SUV & Pickup",,Nissan,Ariya,Advance | Evolve,CURATED_REVIEW,,,"Vasıta > Arazi, SUV & Pickup > Nissan > Ariya",CREATE_SAFE,high,New series under mapped category,n/a,0,no
"Arazi, SUV & Pickup",,Nissan,Juke,1.0 DIG-T Tekna | 1.6 Hybrid,CURATED_REVIEW,cmshvhp120044uza8j5lph063,arac/arazi-suv-pickup,"Vasıta > Arazi, SUV & Pickup > Nissan > Juke",KEEP_EXISTING,high,Brand/model already linked to target category,yes,0,no
"Arazi, SUV & Pickup",,Nissan,Murano,Murano,CURATED_REVIEW,,,"Vasıta > Arazi, SUV & Pickup > Nissan > Murano",CREATE_SAFE,high,New series under mapped category,n/a,0,no
"Arazi, SUV & Pickup",,Nissan,Navara,2.3 dCi Platinum | 2.5 dCi 4x4,CURATED_REVIEW,cmshtjj5v004suz6sstsvpdo6,arac/arazi-suv-pickup,"Vasıta > Arazi, SUV & Pickup > Nissan > Navara",KEEP_EXISTING,high,Brand/model already linked to target category,yes,0,no
"Arazi, SUV & Pickup",,Nissan,Pathfinder,Pathfinder,CURATED_REVIEW,,,"Vasıta > Arazi, SUV & Pickup > Nissan > Pathfinder",CREATE_SAFE,high,New series under mapped category,n/a,0,no
"Arazi, SUV & Pickup",,Nissan,Qashqai,1.3 DIG-T Designpack | 1.5 dCi Sky Pack | e-Power,CURATED_REVIEW,cmshtjj4l004ouz6s1zm0ls14,arac/arazi-suv-pickup,"Vasıta > Arazi, SUV & Pickup > Nissan > Qashqai",KEEP_EXISTING,high,Brand/model already linked to target category,yes,0,no
"Arazi, SUV & Pickup",,Nissan,Terrano,Terrano,CURATED_REVIEW,,,"Vasıta > Arazi, SUV & Pickup > Nissan > Terrano",CREATE_SAFE,high,New series under mapped category,n/a,0,no
"Arazi, SUV & Pickup",,Nissan,X-Trail,1.5 VC-T e-Power | 1.6 dCi Platinum,CURATED_REVIEW,cmshtjj5b004quz6s2svr61jg,arac/arazi-suv-pickup,"Vasıta > Arazi, SUV & Pickup > Nissan > X-Trail",KEEP_EXISTING,high,Brand/model already linked to target category,yes,0,no
"Arazi, SUV & Pickup",,Omoda,Omoda 5,Comfort | Excellent | EV,CURATED_REVIEW,,,"Vasıta > Arazi, SUV & Pickup > Omoda > Omoda 5",CREATE_SAFE,high,New series under mapped category,n/a,0,no
"Arazi, SUV & Pickup",,Opel,Antara,Antara,CURATED_REVIEW,,,"Vasıta > Arazi, SUV & Pickup > Opel > Antara",CREATE_SAFE,high,New series under mapped category,n/a,0,no
"Arazi, SUV & Pickup",,Opel,Crossland,1.2 Turbo Edition | 1.5 D Elegance,CURATED_REVIEW,,,"Vasıta > Arazi, SUV & Pickup > Opel > Crossland",CREATE_SAFE,high,New series under mapped category,n/a,0,no
"Arazi, SUV & Pickup",,Opel,Frontera,Hybrid | Electric,CURATED_REVIEW,,,"Vasıta > Arazi, SUV & Pickup > Opel > Frontera",CREATE_SAFE,high,New series under mapped category,n/a,0,no
"Arazi, SUV & Pickup",,Opel,Grandland,1.2 Turbo Edition | 1.5 D Ultimate | Hybrid,CURATED_REVIEW,,,"Vasıta > Arazi, SUV & Pickup > Opel > Grandland",CREATE_SAFE,high,New series under mapped category,n/a,0,no
"Arazi, SUV & Pickup",,Opel,Mokka,1.2 Turbo Elegance | 1.5 D Ultimate | Elektrik,CURATED_REVIEW,cmshvhp1k0046uza8n6ivgx8d,arac/arazi-suv-pickup,"Vasıta > Arazi, SUV & Pickup > Opel > Mokka",KEEP_EXISTING,high,Brand/model already linked to target category,yes,0,no
"Arazi, SUV & Pickup",,Opel,Mokka X,Mokka X,CURATED_REVIEW,,,"Vasıta > Arazi, SUV & Pickup > Opel > Mokka X",CREATE_SAFE,high,New series under mapped category,n/a,0,no
"Arazi, SUV & Pickup",,Peugeot,2008,1.2 PureTech Active | 1.2 PureTech Allure | 1.5 BlueHDi GT | e-2008,CURATED_REVIEW,cmshvhp290048uza8bfkzqc4z,arac/arazi-suv-pickup,"Vasıta > Arazi, SUV & Pickup > Peugeot > 2008",KEEP_EXISTING,high,Brand/model already linked to target category,yes,0,no
"Arazi, SUV & Pickup",,Peugeot,3008,1.2 PureTech Active Prime | 1.5 BlueHDi Allure | 1.6 Hybrid GT,CURATED_REVIEW,cmshvhp2x004auza880ggwi6d,arac/arazi-suv-pickup,"Vasıta > Arazi, SUV & Pickup > Peugeot > 3008",KEEP_EXISTING,high,Brand/model already linked to target category,yes,0,no
"Arazi, SUV & Pickup",,Peugeot,4007,4007,CURATED_REVIEW,,,"Vasıta > Arazi, SUV & Pickup > Peugeot > 4007",CREATE_SAFE,high,New series under mapped category,n/a,0,no
"Arazi, SUV & Pickup",,Peugeot,4008,4008,CURATED_REVIEW,,,"Vasıta > Arazi, SUV & Pickup > Peugeot > 4008",CREATE_SAFE,high,New series under mapped category,n/a,0,no
"Arazi, SUV & Pickup",,Peugeot,5008,1.2 PureTech Allure | 1.5 BlueHDi GT | Hybrid,CURATED_REVIEW,,,"Vasıta > Arazi, SUV & Pickup > Peugeot > 5008",CREATE_SAFE,high,New series under mapped category,n/a,0,no
"Arazi, SUV & Pickup",,Porsche,Cayenne,3.0 | Coupe | E-Hybrid | GTS | Turbo GT,CURATED_REVIEW,cmshvhp44004euza8h0v568si,arac/arazi-suv-pickup,"Vasıta > Arazi, SUV & Pickup > Porsche > Cayenne",KEEP_EXISTING,high,Brand/model already linked to target category,yes,0,no
"Arazi, SUV & Pickup",,Porsche,Macan,2.0 | S | GTS | Turbo | Electric 4 | Electric Turbo,CURATED_REVIEW,cmshvhp3e004cuza8z8itpbux,arac/arazi-suv-pickup,"Vasıta > Arazi, SUV & Pickup > Porsche > Macan",KEEP_EXISTING,high,Brand/model already linked to target category,yes,0,no
"Arazi, SUV & Pickup",,Renault,Arkana,1.3 TCe Icon | E-Tech,CURATED_REVIEW,,,"Vasıta > Arazi, SUV & Pickup > Renault > Arkana",CREATE_SAFE,high,New series under mapped category,n/a,0,no
"Arazi, SUV & Pickup",,Renault,Austral,Mild Hybrid Techno | Full Hybrid Esprit Alpine,CURATED_REVIEW,cmshvhp5g004iuza82p1zomdx,arac/arazi-suv-pickup,"Vasıta > Arazi, SUV & Pickup > Renault > Austral",KEEP_EXISTING,high,Brand/model already linked to target category,yes,0,no
"Arazi, SUV & Pickup",,Renault,Captur,1.0 TCe Touch | 1.3 TCe Icon | E-Tech,CURATED_REVIEW,cmshvhp4k004guza8cleb6hx7,arac/arazi-suv-pickup,"Vasıta > Arazi, SUV & Pickup > Renault > Captur",KEEP_EXISTING,high,Brand/model already linked to target category,yes,0,no
"Arazi, SUV & Pickup",,Renault,Kadjar,1.2 TCe Touch | 1.5 dCi Icon,CURATED_REVIEW,,,"Vasıta > Arazi, SUV & Pickup > Renault > Kadjar",CREATE_SAFE,high,New series under mapped category,n/a,0,no
"Arazi, SUV & Pickup",,Renault,Koleos,1.6 dCi Icon | 2.0 dCi 4x4,CURATED_REVIEW,,,"Vasıta > Arazi, SUV & Pickup > Renault > Koleos",CREATE_SAFE,high,New series under mapped category,n/a,0,no
"Arazi, SUV & Pickup",,Renault,Rafale,E-Tech Esprit Alpine,CURATED_REVIEW,,,"Vasıta > Arazi, SUV & Pickup > Renault > Rafale",CREATE_SAFE,high,New series under mapped category,n/a,0,no
"Arazi, SUV & Pickup",,Renault,Scenic E-Tech,Scenic E-Tech,CURATED_REVIEW,,,"Vasıta > Arazi, SUV & Pickup > Renault > Scenic E-Tech",CREATE_SAFE,high,New series under mapped category,n/a,0,no
"Arazi, SUV & Pickup",,Renault,Symbioz,Symbioz,CURATED_REVIEW,,,"Vasıta > Arazi, SUV & Pickup > Renault > Symbioz",CREATE_SAFE,high,New series under mapped category,n/a,0,no
"Arazi, SUV & Pickup",,Rolls-Royce,Cullinan,Black Badge,CURATED_REVIEW,,,"Vasıta > Arazi, SUV & Pickup > Rolls-Royce > Cullinan",CREATE_SAFE,high,New series under mapped category,n/a,0,no
"Arazi, SUV & Pickup",,Seat,Arona,1.0 EcoTSI Style | 1.0 EcoTSI Xperience,CURATED_REVIEW,,,"Vasıta > Arazi, SUV & Pickup > Seat > Arona",CREATE_SAFE,high,New series under mapped category,n/a,0,no
"Arazi, SUV & Pickup",,Seat,Ateca,1.5 EcoTSI Xperience | 2.0 TDI FR,CURATED_REVIEW,cmshvhp61004kuza88dpfd6jn,arac/arazi-suv-pickup,"Vasıta > Arazi, SUV & Pickup > Seat > Ateca",KEEP_EXISTING,high,Brand/model already linked to target category,yes,0,no
"Arazi, SUV & Pickup",,Seat,Tarraco,1.5 EcoTSI Xcellence,CURATED_REVIEW,,,"Vasıta > Arazi, SUV & Pickup > Seat > Tarraco",CREATE_SAFE,high,New series under mapped category,n/a,0,no
"Arazi, SUV & Pickup",,Seres,Seres 3,Comfort | Premium,CURATED_REVIEW,,,"Vasıta > Arazi, SUV & Pickup > Seres > Seres 3",CREATE_SAFE,high,New series under mapped category,n/a,0,no
"Arazi, SUV & Pickup",,Seres,Seres 5,Premium,CURATED_REVIEW,,,"Vasıta > Arazi, SUV & Pickup > Seres > Seres 5",CREATE_SAFE,high,New series under mapped category,n/a,0,no
"Arazi, SUV & Pickup",,Skoda,Elroq,50 | 60 | 85,CURATED_REVIEW,,,"Vasıta > Arazi, SUV & Pickup > Skoda > Elroq",CREATE_SAFE,high,New series under mapped category,n/a,0,no
"Arazi, SUV & Pickup",,Skoda,Enyaq,60 | 80 | 85 | Coupe RS,CURATED_REVIEW,,,"Vasıta > Arazi, SUV & Pickup > Skoda > Enyaq",CREATE_SAFE,high,New series under mapped category,n/a,0,no
"Arazi, SUV & Pickup",,Skoda,Kamiq,1.0 TSI Elite | 1.5 TSI Premium,CURATED_REVIEW,,,"Vasıta > Arazi, SUV & Pickup > Skoda > Kamiq",CREATE_SAFE,high,New series under mapped category,n/a,0,no
"Arazi, SUV & Pickup",,Skoda,Karoq,1.5 TSI Prestige | 2.0 TDI 4x4,CURATED_REVIEW,cmshvhp7l004ouza8mvlj80mu,arac/arazi-suv-pickup,"Vasıta > Arazi, SUV & Pickup > Skoda > Karoq",KEEP_EXISTING,high,Brand/model already linked to target category,yes,0,no
"Arazi, SUV & Pickup",,Skoda,Kodiaq,1.5 TSI Prestige | 2.0 TDI L&K,CURATED_REVIEW,cmshvhp6t004muza8z5063eaa,arac/arazi-suv-pickup,"Vasıta > Arazi, SUV & Pickup > Skoda > Kodiaq",KEEP_EXISTING,high,Brand/model already linked to target category,yes,0,no
"Arazi, SUV & Pickup",,Skywell,ET5,Long Range | LR Legend,CURATED_REVIEW,,,"Vasıta > Arazi, SUV & Pickup > Skywell > ET5",CREATE_SAFE,high,New series under mapped category,n/a,0,no
"Arazi, SUV & Pickup",,Subaru,Crosstrek,e-Boxer,CURATED_REVIEW,,,"Vasıta > Arazi, SUV & Pickup > Subaru > Crosstrek",CREATE_SAFE,high,New series under mapped category,n/a,0,no
"Arazi, SUV & Pickup",,Subaru,Forester,2.0i e-Boxer | 2.0 XT,CURATED_REVIEW,cmshvhpaj004yuza8jxd9p81o,arac/arazi-suv-pickup,"Vasıta > Arazi, SUV & Pickup > Subaru > Forester",KEEP_EXISTING,high,Brand/model already linked to target category,yes,0,no
"Arazi, SUV & Pickup",,Subaru,Outback,2.5i Touring,CURATED_REVIEW,cmshvhpc30052uza81v9ekgpg,arac/arazi-suv-pickup,"Vasıta > Arazi, SUV & Pickup > Subaru > Outback",KEEP_EXISTING,high,Brand/model already linked to target category,yes,0,no
"Arazi, SUV & Pickup",,Subaru,Solterra,e-Xtreme,CURATED_REVIEW,,,"Vasıta > Arazi, SUV & Pickup > Subaru > Solterra",CREATE_SAFE,high,New series under mapped category,n/a,0,no
"Arazi, SUV & Pickup",,Subaru,Tribeca,Tribeca,CURATED_REVIEW,,,"Vasıta > Arazi, SUV & Pickup > Subaru > Tribeca",CREATE_SAFE,high,New series under mapped category,n/a,0,no
"Arazi, SUV & Pickup",,Subaru,XV,1.6i Comfort | 2.0i Premium,CURATED_REVIEW,cmshvhpbg0050uza83p9b32kh,arac/arazi-suv-pickup,"Vasıta > Arazi, SUV & Pickup > Subaru > XV",KEEP_EXISTING,high,Brand/model already linked to target category,yes,0,no
"Arazi, SUV & Pickup",,Suzuki,Across,PHEV,CURATED_REVIEW,,,"Vasıta > Arazi, SUV & Pickup > Suzuki > Across",CREATE_SAFE,high,New series under mapped category,n/a,0,no
"Arazi, SUV & Pickup",,Suzuki,Jimny,1.5 GLX,CURATED_REVIEW,,,"Vasıta > Arazi, SUV & Pickup > Suzuki > Jimny",CREATE_SAFE,high,New series under mapped category,n/a,0,no
"Arazi, SUV & Pickup",,Suzuki,S-Cross,1.4 Boosterjet GLX | Hybrid,CURATED_REVIEW,cmshvhpdm0056uza8we4fvhyx,arac/arazi-suv-pickup,"Vasıta > Arazi, SUV & Pickup > Suzuki > S-Cross",KEEP_EXISTING,high,Brand/model already linked to target category,yes,0,no
"Arazi, SUV & Pickup",,Suzuki,Vitara,1.4 Boosterjet GLX | 1.6 GL+,CURATED_REVIEW,cmshvhpcs0054uza8xhxq66hn,arac/arazi-suv-pickup,"Vasıta > Arazi, SUV & Pickup > Suzuki > Vitara",KEEP_EXISTING,high,Brand/model already linked to target category,yes,0,no
"Arazi, SUV & Pickup",,SWM,G01,Elite | Premium,CURATED_REVIEW,,,"Vasıta > Arazi, SUV & Pickup > SWM > G01",CREATE_SAFE,high,New series under mapped category,n/a,0,no
"Arazi, SUV & Pickup",,SWM,G01F,G01F,CURATED_REVIEW,,,"Vasıta > Arazi, SUV & Pickup > SWM > G01F",CREATE_SAFE,high,New series under mapped category,n/a,0,no
"Arazi, SUV & Pickup",,SWM,G03F,G03F,CURATED_REVIEW,,,"Vasıta > Arazi, SUV & Pickup > SWM > G03F",CREATE_SAFE,high,New series under mapped category,n/a,0,no
"Arazi, SUV & Pickup",,SWM,G05,G05,CURATED_REVIEW,,,"Vasıta > Arazi, SUV & Pickup > SWM > G05",CREATE_SAFE,high,New series under mapped category,n/a,0,no
"Arazi, SUV & Pickup",,Tata,Safari,Safari,CURATED_REVIEW,,,"Vasıta > Arazi, SUV & Pickup > Tata > Safari",CREATE_SAFE,high,New series under mapped category,n/a,0,no
"Arazi, SUV & Pickup",,Tata,Telcoline,Telcoline,CURATED_REVIEW,,,"Vasıta > Arazi, SUV & Pickup > Tata > Telcoline",CREATE_SAFE,high,New series under mapped category,n/a,0,no
"Arazi, SUV & Pickup",,Tata,Xenon,Xenon,CURATED_REVIEW,,,"Vasıta > Arazi, SUV & Pickup > Tata > Xenon",CREATE_SAFE,high,New series under mapped category,n/a,0,no
"Arazi, SUV & Pickup",,TOGG,T10X,V1 RWD Standart Menzil | V1 RWD Uzun Menzil | V2 RWD Uzun Menzil,CURATED_REVIEW,cmshvhpfe0058uza8jemo09ri,arac/arazi-suv-pickup,"Vasıta > Arazi, SUV & Pickup > TOGG > T10X",KEEP_EXISTING,high,Brand/model already linked to target category,yes,0,no
"Arazi, SUV & Pickup",,Toyota,C-HR,1.2 Turbo Advance | 1.8 Hybrid Passion | 2.0 Hybrid GR Sport,CURATED_REVIEW,cmshtjiy50042uz6slbtk37d3,arac/arazi-suv-pickup,"Vasıta > Arazi, SUV & Pickup > Toyota > C-HR",KEEP_EXISTING,high,Brand/model already linked to target category,yes,0,no
"Arazi, SUV & Pickup",,Toyota,Highlander,2.5 Hybrid,CURATED_REVIEW,,,"Vasıta > Arazi, SUV & Pickup > Toyota > Highlander",CREATE_SAFE,high,New series under mapped category,n/a,0,no
"Arazi, SUV & Pickup",,Toyota,Hilux,2.4 D-4D Adventure | 2.4 D-4D Hi-Cruiser,CURATED_REVIEW,cmshtjixo0040uz6st81t5j3d,arac/arazi-suv-pickup,"Vasıta > Arazi, SUV & Pickup > Toyota > Hilux",KEEP_EXISTING,high,Brand/model already linked to target category,yes,0,no
"Arazi, SUV & Pickup",,Toyota,Land Cruiser,Prado | 250 | 300,CURATED_REVIEW,cmshtjix8003yuz6s4zu88ewo,arac/arazi-suv-pickup,"Vasıta > Arazi, SUV & Pickup > Toyota > Land Cruiser",KEEP_EXISTING,high,Brand/model already linked to target category,yes,0,no
"Arazi, SUV & Pickup",,Toyota,RAV4,2.0 Adventure | 2.5 Hybrid Passion X-Sport,CURATED_REVIEW,cmshtjiwk003wuz6s45sxwymc,arac/arazi-suv-pickup,"Vasıta > Arazi, SUV & Pickup > Toyota > RAV4",KEEP_EXISTING,high,Brand/model already linked to target category,yes,0,no
"Arazi, SUV & Pickup",,Toyota,Yaris Cross,1.5 Hybrid Dream | 1.5 Hybrid Flame,CURATED_REVIEW,,,"Vasıta > Arazi, SUV & Pickup > Toyota > Yaris Cross",CREATE_SAFE,high,New series under mapped category,n/a,0,no
"Arazi, SUV & Pickup",,Volkswagen,Amarok,2.0 TDI Life | 3.0 V6 Aventura,CURATED_REVIEW,cmshtjj40004muz6syxb2auol,arac/arazi-suv-pickup,"Vasıta > Arazi, SUV & Pickup > Volkswagen > Amarok",KEEP_EXISTING,high,Brand/model already linked to target category,yes,0,no
"Arazi, SUV & Pickup",,Volkswagen,ID.4,Pure | Pro | GTX,CURATED_REVIEW,,,"Vasıta > Arazi, SUV & Pickup > Volkswagen > ID.4",CREATE_SAFE,high,New series under mapped category,n/a,0,no
"Arazi, SUV & Pickup",,Volkswagen,ID.5,Pro | GTX,CURATED_REVIEW,,,"Vasıta > Arazi, SUV & Pickup > Volkswagen > ID.5",CREATE_SAFE,high,New series under mapped category,n/a,0,no
"Arazi, SUV & Pickup",,Volkswagen,T-Cross,1.0 TSI Life | 1.0 TSI Style,CURATED_REVIEW,,,"Vasıta > Arazi, SUV & Pickup > Volkswagen > T-Cross",CREATE_SAFE,high,New series under mapped category,n/a,0,no
"Arazi, SUV & Pickup",,Volkswagen,T-Roc,1.0 TSI Life | 1.5 TSI R-Line,CURATED_REVIEW,cmshtjj3j004kuz6sznmz7s36,arac/arazi-suv-pickup,"Vasıta > Arazi, SUV & Pickup > Volkswagen > T-Roc",KEEP_EXISTING,high,Brand/model already linked to target category,yes,0,no
"Arazi, SUV & Pickup",,Volkswagen,Taigo,1.0 TSI Life | 1.5 TSI Style,CURATED_REVIEW,,,"Vasıta > Arazi, SUV & Pickup > Volkswagen > Taigo",CREATE_SAFE,high,New series under mapped category,n/a,0,no
"Arazi, SUV & Pickup",,Volkswagen,Tiguan,1.5 eTSI Life | 2.0 TDI Elegance,CURATED_REVIEW,cmshtjj2d004guz6s9l07oaik,arac/arazi-suv-pickup,"Vasıta > Arazi, SUV & Pickup > Volkswagen > Tiguan",KEEP_EXISTING,high,Brand/model already linked to target category,yes,0,no
"Arazi, SUV & Pickup",,Volkswagen,Touareg,3.0 TDI Elegance | R eHybrid,CURATED_REVIEW,cmshtjj32004iuz6sf4meq4o4,arac/arazi-suv-pickup,"Vasıta > Arazi, SUV & Pickup > Volkswagen > Touareg",KEEP_EXISTING,high,Brand/model already linked to target category,yes,0,no
"Arazi, SUV & Pickup",,Volvo,C40 Recharge,Single Motor | Twin Motor,CURATED_REVIEW,,,"Vasıta > Arazi, SUV & Pickup > Volvo > C40 Recharge",CREATE_SAFE,high,New series under mapped category,n/a,0,no
"Arazi, SUV & Pickup",,Volvo,EX30,Single Motor Extended Range | Twin Motor Performance,CURATED_REVIEW,,,"Vasıta > Arazi, SUV & Pickup > Volvo > EX30",CREATE_SAFE,high,New series under mapped category,n/a,0,no
"Arazi, SUV & Pickup",,Volvo,EX40,EX40,CURATED_REVIEW,,,"Vasıta > Arazi, SUV & Pickup > Volvo > EX40",CREATE_SAFE,high,New series under mapped category,n/a,0,no
"Arazi, SUV & Pickup",,Volvo,EX90,EX90,CURATED_REVIEW,,,"Vasıta > Arazi, SUV & Pickup > Volvo > EX90",CREATE_SAFE,high,New series under mapped category,n/a,0,no
"Arazi, SUV & Pickup",,Volvo,XC40,T3 Momentum | B4 Mild Hybrid | Recharge,CURATED_REVIEW,cmshvhpmu005cuza855ugfmxx,arac/arazi-suv-pickup,"Vasıta > Arazi, SUV & Pickup > Volvo > XC40",KEEP_EXISTING,high,Brand/model already linked to target category,yes,0,no
"Arazi, SUV & Pickup",,Volvo,XC60,B4 Plus | D4 Inscription | T8 Recharge,CURATED_REVIEW,cmshvhpm2005auza8feme8oww,arac/arazi-suv-pickup,"Vasıta > Arazi, SUV & Pickup > Volvo > XC60",KEEP_EXISTING,high,Brand/model already linked to target category,yes,0,no
"Arazi, SUV & Pickup",,Volvo,XC90,B5 Plus | D5 Inscription | T8 Recharge,CURATED_REVIEW,,,"Vasıta > Arazi, SUV & Pickup > Volvo > XC90",CREATE_SAFE,high,New series under mapped category,n/a,0,no
"Arazi, SUV & Pickup",,Voyah,Dream,Dream,CURATED_REVIEW,,,"Vasıta > Arazi, SUV & Pickup > Voyah > Dream",CREATE_SAFE,high,New series under mapped category,n/a,0,no
"Arazi, SUV & Pickup",,Voyah,Free,Standard | Long Range,CURATED_REVIEW,,,"Vasıta > Arazi, SUV & Pickup > Voyah > Free",CREATE_SAFE,high,New series under mapped category,n/a,0,no
"Arazi, SUV & Pickup",,Voyah,Passion,Passion,CURATED_REVIEW,,,"Vasıta > Arazi, SUV & Pickup > Voyah > Passion",CREATE_SAFE,high,New series under mapped category,n/a,0,no
"Arazi, SUV & Pickup",,Tesla,Cybertruck,Cybertruck,CURATED_REVIEW,,,"Vasıta > Arazi, SUV & Pickup > Tesla > Cybertruck",CREATE_SAFE,medium,New series under mapped category (promoted from Elektrikli overlay),n/a,0,no
"Arazi, SUV & Pickup",,Tesla,Model Y,Model Y,CURATED_REVIEW,cmshtjivl003suz6spmdeg9g0,arac/otomobil | arac/arazi-suv-pickup,"Vasıta > Arazi, SUV & Pickup > Tesla > Model Y",KEEP_EXISTING,medium,Brand/model already linked to target category (promoted from Elektrikli overlay),yes,0,no
Motosiklet,,Altai,F1 Max,F1 Max,CURATED_REVIEW,,,Vasıta > Motosiklet > Altai > F1 Max,CREATE_SAFE,high,New series under mapped category,n/a,0,no
Motosiklet,,Altai,Misk 50,Misk 50,CURATED_REVIEW,,,Vasıta > Motosiklet > Altai > Misk 50,CREATE_SAFE,high,New series under mapped category,n/a,0,no
Motosiklet,,Altai,Tank 50,Tank 50,CURATED_REVIEW,,,Vasıta > Motosiklet > Altai > Tank 50,CREATE_SAFE,high,New series under mapped category,n/a,0,no
Motosiklet,,Apachi,Alfa,Alfa,CURATED_REVIEW,,,Vasıta > Motosiklet > Apachi > Alfa,CREATE_SAFE,high,New series under mapped category,n/a,0,no
Motosiklet,,Apachi,Beta,Beta,CURATED_REVIEW,,,Vasıta > Motosiklet > Apachi > Beta,CREATE_SAFE,high,New series under mapped category,n/a,0,no
Motosiklet,,Apachi,XRS 125,XRS 125,CURATED_REVIEW,,,Vasıta > Motosiklet > Apachi > XRS 125,CREATE_SAFE,high,New series under mapped category,n/a,0,no
Motosiklet,,Apec,APX5,APX5,CURATED_REVIEW,,,Vasıta > Motosiklet > Apec > APX5,CREATE_SAFE,high,New series under mapped category,n/a,0,no
Motosiklet,,Apec,APX6,APX6,CURATED_REVIEW,,,Vasıta > Motosiklet > Apec > APX6,CREATE_SAFE,high,New series under mapped category,n/a,0,no
Motosiklet,,Apec,APX7,APX7,CURATED_REVIEW,,,Vasıta > Motosiklet > Apec > APX7,CREATE_SAFE,high,New series under mapped category,n/a,0,no
Motosiklet,,Aprilia,Dorsoduro,Dorsoduro,CURATED_REVIEW,,,Vasıta > Motosiklet > Aprilia > Dorsoduro,CREATE_SAFE,high,New series under mapped category,n/a,0,no
Motosiklet,,Aprilia,RS 125,RS 125,CURATED_REVIEW,,,Vasıta > Motosiklet > Aprilia > RS 125,CREATE_SAFE,high,New series under mapped category,n/a,0,no
Motosiklet,,Aprilia,RS 457,RS 457,CURATED_REVIEW,,,Vasıta > Motosiklet > Aprilia > RS 457,CREATE_SAFE,high,New series under mapped category,n/a,0,no
Motosiklet,,Aprilia,RS 660,RS 660,CURATED_REVIEW,,,Vasıta > Motosiklet > Aprilia > RS 660,CREATE_SAFE,high,New series under mapped category,n/a,0,no
Motosiklet,,Aprilia,RSV4,RSV4,CURATED_REVIEW,,,Vasıta > Motosiklet > Aprilia > RSV4,CREATE_SAFE,high,New series under mapped category,n/a,0,no
Motosiklet,,Aprilia,RX 125,RX 125,CURATED_REVIEW,,,Vasıta > Motosiklet > Aprilia > RX 125,CREATE_SAFE,high,New series under mapped category,n/a,0,no
Motosiklet,,Aprilia,SR GT 200,SR GT 200,CURATED_REVIEW,,,Vasıta > Motosiklet > Aprilia > SR GT 200,CREATE_SAFE,high,New series under mapped category,n/a,0,no
Motosiklet,,Aprilia,SR Max,SR Max,CURATED_REVIEW,,,Vasıta > Motosiklet > Aprilia > SR Max,CREATE_SAFE,high,New series under mapped category,n/a,0,no
Motosiklet,,Aprilia,SX 125,SX 125,CURATED_REVIEW,,,Vasıta > Motosiklet > Aprilia > SX 125,CREATE_SAFE,high,New series under mapped category,n/a,0,no
Motosiklet,,Aprilia,Tuareg 660,Tuareg 660,CURATED_REVIEW,,,Vasıta > Motosiklet > Aprilia > Tuareg 660,CREATE_SAFE,high,New series under mapped category,n/a,0,no
Motosiklet,,Aprilia,Tuono 125,Tuono 125,CURATED_REVIEW,,,Vasıta > Motosiklet > Aprilia > Tuono 125,CREATE_SAFE,high,New series under mapped category,n/a,0,no
Motosiklet,,Aprilia,Tuono 660,Tuono 660,CURATED_REVIEW,,,Vasıta > Motosiklet > Aprilia > Tuono 660,CREATE_SAFE,high,New series under mapped category,n/a,0,no
Motosiklet,,Aprilia,Tuono V4,Tuono V4,CURATED_REVIEW,,,Vasıta > Motosiklet > Aprilia > Tuono V4,CREATE_SAFE,high,New series under mapped category,n/a,0,no
Motosiklet,,Arora,Beatrix 150,Beatrix 150,CURATED_REVIEW,,,Vasıta > Motosiklet > Arora > Beatrix 150,CREATE_SAFE,high,New series under mapped category,n/a,0,no
Motosiklet,,Arora,Freedom 50,Freedom 50,CURATED_REVIEW,,,Vasıta > Motosiklet > Arora > Freedom 50,CREATE_SAFE,high,New series under mapped category,n/a,0,no
Motosiklet,,Arora,Jaguar 200,Jaguar 200,CURATED_REVIEW,,,Vasıta > Motosiklet > Arora > Jaguar 200,CREATE_SAFE,high,New series under mapped category,n/a,0,no
Motosiklet,,Arora,Max-T 150,Max-T 150,CURATED_REVIEW,,,Vasıta > Motosiklet > Arora > Max-T 150,CREATE_SAFE,high,New series under mapped category,n/a,0,no
Motosiklet,,Arora,Mojito 125,Mojito 125,CURATED_REVIEW,,,Vasıta > Motosiklet > Arora > Mojito 125,CREATE_SAFE,high,New series under mapped category,n/a,0,no
Motosiklet,,Arora,Quantum 50,Quantum 50,CURATED_REVIEW,,,Vasıta > Motosiklet > Arora > Quantum 50,CREATE_SAFE,high,New series under mapped category,n/a,0,no
Motosiklet,,Arora,Special Alfa,Special Alfa,CURATED_REVIEW,,,Vasıta > Motosiklet > Arora > Special Alfa,CREATE_SAFE,high,New series under mapped category,n/a,0,no
Motosiklet,,Arora,Verano 50,Verano 50,CURATED_REVIEW,,,Vasıta > Motosiklet > Arora > Verano 50,CREATE_SAFE,high,New series under mapped category,n/a,0,no
Motosiklet,,Arora,ZRX 200,ZRX 200,CURATED_REVIEW,,,Vasıta > Motosiklet > Arora > ZRX 200,CREATE_SAFE,high,New series under mapped category,n/a,0,no
Motosiklet,,Asya,AS 125,AS 125,CURATED_REVIEW,,,Vasıta > Motosiklet > Asya > AS 125,CREATE_SAFE,high,New series under mapped category,n/a,0,no
Motosiklet,,Asya,Ghost,Ghost,CURATED_REVIEW,,,Vasıta > Motosiklet > Asya > Ghost,CREATE_SAFE,high,New series under mapped category,n/a,0,no
Motosiklet,,Asya,Nostalji,Nostalji,CURATED_REVIEW,,,Vasıta > Motosiklet > Asya > Nostalji,CREATE_SAFE,high,New series under mapped category,n/a,0,no
Motosiklet,,Bajaj,Avenger 150,Avenger 150,CURATED_REVIEW,,,Vasıta > Motosiklet > Bajaj > Avenger 150,CREATE_SAFE,high,New series under mapped category,n/a,0,no
Motosiklet,,Bajaj,Avenger 220,Avenger 220,CURATED_REVIEW,,,Vasıta > Motosiklet > Bajaj > Avenger 220,CREATE_SAFE,high,New series under mapped category,n/a,0,no
Motosiklet,,Bajaj,Boxer 150,Boxer 150,CURATED_REVIEW,,,Vasıta > Motosiklet > Bajaj > Boxer 150,CREATE_SAFE,high,New series under mapped category,n/a,0,no
Motosiklet,,Bajaj,Dominar 250,Dominar 250,CURATED_REVIEW,,,Vasıta > Motosiklet > Bajaj > Dominar 250,CREATE_SAFE,high,New series under mapped category,n/a,0,no
Motosiklet,,Bajaj,Dominar 400,Dominar 400,CURATED_REVIEW,cmshvhpqg005kuza8y08ixwvi,arac/motosiklet,Vasıta > Motosiklet > Bajaj > Dominar 400,KEEP_EXISTING,high,Brand/model already linked to target category,yes,0,no
Motosiklet,,Bajaj,Pulsar F250,Pulsar F250,CURATED_REVIEW,,,Vasıta > Motosiklet > Bajaj > Pulsar F250,CREATE_SAFE,high,New series under mapped category,n/a,0,no
Motosiklet,,Bajaj,Pulsar N250,Pulsar N250,CURATED_REVIEW,,,Vasıta > Motosiklet > Bajaj > Pulsar N250,CREATE_SAFE,high,New series under mapped category,n/a,0,no
Motosiklet,,Bajaj,Pulsar NS125,Pulsar NS125,CURATED_REVIEW,,,Vasıta > Motosiklet > Bajaj > Pulsar NS125,CREATE_SAFE,high,New series under mapped category,n/a,0,no
Motosiklet,,Bajaj,Pulsar NS150,Pulsar NS150,CURATED_REVIEW,,,Vasıta > Motosiklet > Bajaj > Pulsar NS150,CREATE_SAFE,high,New series under mapped category,n/a,0,no
Motosiklet,,Bajaj,Pulsar NS160,Pulsar NS160,CURATED_REVIEW,,,Vasıta > Motosiklet > Bajaj > Pulsar NS160,CREATE_SAFE,high,New series under mapped category,n/a,0,no
Motosiklet,,Bajaj,Pulsar NS200,Pulsar NS200,CURATED_REVIEW,cmshvhppq005iuza8j74i7f54,arac/motosiklet,Vasıta > Motosiklet > Bajaj > Pulsar NS200,KEEP_EXISTING,high,Brand/model already linked to target category,yes,0,no
Motosiklet,,Bajaj,Pulsar RS200,Pulsar RS200,CURATED_REVIEW,,,Vasıta > Motosiklet > Bajaj > Pulsar RS200,CREATE_SAFE,high,New series under mapped category,n/a,0,no
Motosiklet,,Benda Motor,Chinchilla 300,Chinchilla 300,CURATED_REVIEW,,,Vasıta > Motosiklet > Benda Motor > Chinchilla 300,CREATE_SAFE,high,New series under mapped category,n/a,0,no
Motosiklet,,Benda Motor,Darkflag 500,Darkflag 500,CURATED_REVIEW,,,Vasıta > Motosiklet > Benda Motor > Darkflag 500,CREATE_SAFE,high,New series under mapped category,n/a,0,no
Motosiklet,,Benda Motor,LFC 700,LFC 700,CURATED_REVIEW,,,Vasıta > Motosiklet > Benda Motor > LFC 700,CREATE_SAFE,high,New series under mapped category,n/a,0,no
Motosiklet,,Benelli,125S,125S,CURATED_REVIEW,,,Vasıta > Motosiklet > Benelli > 125S,CREATE_SAFE,high,New series under mapped category,n/a,0,no
Motosiklet,,Benelli,180S,180S,CURATED_REVIEW,,,Vasıta > Motosiklet > Benelli > 180S,CREATE_SAFE,high,New series under mapped category,n/a,0,no
Motosiklet,,Benelli,302S,302S,CURATED_REVIEW,,,Vasıta > Motosiklet > Benelli > 302S,CREATE_SAFE,high,New series under mapped category,n/a,0,no
Motosiklet,,Benelli,502C,502C,CURATED_REVIEW,,,Vasıta > Motosiklet > Benelli > 502C,CREATE_SAFE,high,New series under mapped category,n/a,0,no
Motosiklet,,Benelli,752S,752S,CURATED_REVIEW,,,Vasıta > Motosiklet > Benelli > 752S,CREATE_SAFE,high,New series under mapped category,n/a,0,no
Motosiklet,,Benelli,Imperiale 400,Imperiale 400,CURATED_REVIEW,,,Vasıta > Motosiklet > Benelli > Imperiale 400,CREATE_SAFE,high,New series under mapped category,n/a,0,no
Motosiklet,,Benelli,Leoncino 250,Leoncino 250,CURATED_REVIEW,,,Vasıta > Motosiklet > Benelli > Leoncino 250,CREATE_SAFE,high,New series under mapped category,n/a,0,no
Motosiklet,,Benelli,Leoncino 500,Leoncino 500,CURATED_REVIEW,,,Vasıta > Motosiklet > Benelli > Leoncino 500,CREATE_SAFE,high,New series under mapped category,n/a,0,no
Motosiklet,,Benelli,TNT 125,TNT 125,CURATED_REVIEW,,,Vasıta > Motosiklet > Benelli > TNT 125,CREATE_SAFE,high,New series under mapped category,n/a,0,no
Motosiklet,,Benelli,TNT 250,TNT 250,CURATED_REVIEW,,,Vasıta > Motosiklet > Benelli > TNT 250,CREATE_SAFE,high,New series under mapped category,n/a,0,no
Motosiklet,,Benelli,TRK 251,TRK 251,CURATED_REVIEW,,,Vasıta > Motosiklet > Benelli > TRK 251,CREATE_SAFE,high,New series under mapped category,n/a,0,no
Motosiklet,,Benelli,TRK 502,TRK 502,CURATED_REVIEW,,,Vasıta > Motosiklet > Benelli > TRK 502,CREATE_SAFE,high,New series under mapped category,n/a,0,no
Motosiklet,,Benelli,TRK 502 X,TRK 502 X,CURATED_REVIEW,,,Vasıta > Motosiklet > Benelli > TRK 502 X,CREATE_SAFE,high,New series under mapped category,n/a,0,no
Motosiklet,,Benelli,TRK 702,TRK 702,CURATED_REVIEW,,,Vasıta > Motosiklet > Benelli > TRK 702,CREATE_SAFE,high,New series under mapped category,n/a,0,no
Motosiklet,,Benelli,TRK 702 X,TRK 702 X,CURATED_REVIEW,,,Vasıta > Motosiklet > Benelli > TRK 702 X,CREATE_SAFE,high,New series under mapped category,n/a,0,no
Motosiklet,,Beta,Alp 4.0,Alp 4.0,CURATED_REVIEW,,,Vasıta > Motosiklet > Beta > Alp 4.0,CREATE_SAFE,high,New series under mapped category,n/a,0,no
Motosiklet,,Beta,RR 125,RR 125,CURATED_REVIEW,,,Vasıta > Motosiklet > Beta > RR 125,CREATE_SAFE,high,New series under mapped category,n/a,0,no
Motosiklet,,Beta,RR 250,RR 250,CURATED_REVIEW,,,Vasıta > Motosiklet > Beta > RR 250,CREATE_SAFE,high,New series under mapped category,n/a,0,no
Motosiklet,,Beta,RR 300,RR 300,CURATED_REVIEW,,,Vasıta > Motosiklet > Beta > RR 300,CREATE_SAFE,high,New series under mapped category,n/a,0,no
Motosiklet,,Beta,RR 390,RR 390,CURATED_REVIEW,,,Vasıta > Motosiklet > Beta > RR 390,CREATE_SAFE,high,New series under mapped category,n/a,0,no
Motosiklet,,Beta,RR 430,RR 430,CURATED_REVIEW,,,Vasıta > Motosiklet > Beta > RR 430,CREATE_SAFE,high,New series under mapped category,n/a,0,no
Motosiklet,,Beta,RR 480,RR 480,CURATED_REVIEW,,,Vasıta > Motosiklet > Beta > RR 480,CREATE_SAFE,high,New series under mapped category,n/a,0,no
Motosiklet,,Beta,Xtrainer 300,Xtrainer 300,CURATED_REVIEW,,,Vasıta > Motosiklet > Beta > Xtrainer 300,CREATE_SAFE,high,New series under mapped category,n/a,0,no
Motosiklet,,Bisan,Lifan LF125,Lifan LF125,CURATED_REVIEW,,,Vasıta > Motosiklet > Bisan > Lifan LF125,CREATE_SAFE,high,New series under mapped category,n/a,0,no
Motosiklet,,Bisan,Roadstar,Roadstar,CURATED_REVIEW,,,Vasıta > Motosiklet > Bisan > Roadstar,CREATE_SAFE,high,New series under mapped category,n/a,0,no
Motosiklet,,BMW,C 400 GT,C 400 GT,CURATED_REVIEW,,,Vasıta > Motosiklet > BMW > C 400 GT,CREATE_SAFE,high,New series under mapped category,n/a,0,no
Motosiklet,,BMW,C 400 X,C 400 X,CURATED_REVIEW,,,Vasıta > Motosiklet > BMW > C 400 X,CREATE_SAFE,high,New series under mapped category,n/a,0,no
Motosiklet,,BMW,C 600 Sport,C 600 Sport,CURATED_REVIEW,,,Vasıta > Motosiklet > BMW > C 600 Sport,CREATE_SAFE,high,New series under mapped category,n/a,0,no
Motosiklet,,BMW,C 650 GT,C 650 GT,CURATED_REVIEW,,,Vasıta > Motosiklet > BMW > C 650 GT,CREATE_SAFE,high,New series under mapped category,n/a,0,no
Motosiklet,,BMW,CE 02,CE 02,CURATED_REVIEW,,,Vasıta > Motosiklet > BMW > CE 02,CREATE_SAFE,high,New series under mapped category,n/a,0,no
Motosiklet,,BMW,CE 04,CE 04,CURATED_REVIEW,,,Vasıta > Motosiklet > BMW > CE 04,CREATE_SAFE,high,New series under mapped category,n/a,0,no
Motosiklet,,BMW,F 750 GS,F 750 GS,CURATED_REVIEW,,,Vasıta > Motosiklet > BMW > F 750 GS,CREATE_SAFE,high,New series under mapped category,n/a,0,no
Motosiklet,,BMW,F 800 GS,F 800 GS,CURATED_REVIEW,,,Vasıta > Motosiklet > BMW > F 800 GS,CREATE_SAFE,high,New series under mapped category,n/a,0,no
Motosiklet,,BMW,F 850 GS,F 850 GS,CURATED_REVIEW,,,Vasıta > Motosiklet > BMW > F 850 GS,CREATE_SAFE,high,New series under mapped category,n/a,0,no
Motosiklet,,BMW,F 900 R,F 900 R,CURATED_REVIEW,,,Vasıta > Motosiklet > BMW > F 900 R,CREATE_SAFE,high,New series under mapped category,n/a,0,no
Motosiklet,,BMW,F 900 XR,F 900 XR,CURATED_REVIEW,,,Vasıta > Motosiklet > BMW > F 900 XR,CREATE_SAFE,high,New series under mapped category,n/a,0,no
Motosiklet,,BMW,G 310 GS,G 310 GS,CURATED_REVIEW,,,Vasıta > Motosiklet > BMW > G 310 GS,CREATE_SAFE,high,New series under mapped category,n/a,0,no
Motosiklet,,BMW,G 310 R,G 310 R,CURATED_REVIEW,,,Vasıta > Motosiklet > BMW > G 310 R,CREATE_SAFE,high,New series under mapped category,n/a,0,no
Motosiklet,,BMW,K 1600 GT,K 1600 GT,CURATED_REVIEW,,,Vasıta > Motosiklet > BMW > K 1600 GT,CREATE_SAFE,high,New series under mapped category,n/a,0,no
Motosiklet,,BMW,K 1600 GTL,K 1600 GTL,CURATED_REVIEW,,,Vasıta > Motosiklet > BMW > K 1600 GTL,CREATE_SAFE,high,New series under mapped category,n/a,0,no
Motosiklet,,BMW,M 1000 R,M 1000 R,CURATED_REVIEW,,,Vasıta > Motosiklet > BMW > M 1000 R,CREATE_SAFE,high,New series under mapped category,n/a,0,no
Motosiklet,,BMW,M 1000 RR,M 1000 RR,CURATED_REVIEW,,,Vasıta > Motosiklet > BMW > M 1000 RR,CREATE_SAFE,high,New series under mapped category,n/a,0,no
Motosiklet,,BMW,R 1250 GS,R 1250 GS,CURATED_REVIEW,,,Vasıta > Motosiklet > BMW > R 1250 GS,CREATE_SAFE,high,New series under mapped category,n/a,0,no
Motosiklet,,BMW,R 1250 RT,R 1250 RT,CURATED_REVIEW,,,Vasıta > Motosiklet > BMW > R 1250 RT,CREATE_SAFE,high,New series under mapped category,n/a,0,no
Motosiklet,,BMW,R 1300 GS,R 1300 GS,CURATED_REVIEW,,,Vasıta > Motosiklet > BMW > R 1300 GS,CREATE_SAFE,high,New series under mapped category,n/a,0,no
Motosiklet,,BMW,R nineT,R nineT,CURATED_REVIEW,,,Vasıta > Motosiklet > BMW > R nineT,CREATE_SAFE,high,New series under mapped category,n/a,0,no
Motosiklet,,BMW,S 1000 R,S 1000 R,CURATED_REVIEW,,,Vasıta > Motosiklet > BMW > S 1000 R,CREATE_SAFE,high,New series under mapped category,n/a,0,no
Motosiklet,,BMW,S 1000 RR,S 1000 RR,CURATED_REVIEW,,,Vasıta > Motosiklet > BMW > S 1000 RR,CREATE_SAFE,high,New series under mapped category,n/a,0,no
Motosiklet,,BMW,S 1000 XR,S 1000 XR,CURATED_REVIEW,,,Vasıta > Motosiklet > BMW > S 1000 XR,CREATE_SAFE,high,New series under mapped category,n/a,0,no
Motosiklet,,Brixton,Cromwell 1200,Cromwell 1200,CURATED_REVIEW,,,Vasıta > Motosiklet > Brixton > Cromwell 1200,CREATE_SAFE,high,New series under mapped category,n/a,0,no
Motosiklet,,Brixton,Cromwell 125,Cromwell 125,CURATED_REVIEW,,,Vasıta > Motosiklet > Brixton > Cromwell 125,CREATE_SAFE,high,New series under mapped category,n/a,0,no
Motosiklet,,Brixton,Crossfire 500,Crossfire 500,CURATED_REVIEW,,,Vasıta > Motosiklet > Brixton > Crossfire 500,CREATE_SAFE,high,New series under mapped category,n/a,0,no
Motosiklet,,Brixton,Felsberg 125,Felsberg 125,CURATED_REVIEW,,,Vasıta > Motosiklet > Brixton > Felsberg 125,CREATE_SAFE,high,New series under mapped category,n/a,0,no
Motosiklet,,Brixton,Sunray 125,Sunray 125,CURATED_REVIEW,,,Vasıta > Motosiklet > Brixton > Sunray 125,CREATE_SAFE,high,New series under mapped category,n/a,0,no
Motosiklet,,Can-Am,Ryker 600,Ryker 600,CURATED_REVIEW,,,Vasıta > Motosiklet > Can-Am > Ryker 600,CREATE_SAFE,high,New series under mapped category,n/a,0,no
Motosiklet,,Can-Am,Ryker 900,Ryker 900,CURATED_REVIEW,,,Vasıta > Motosiklet > Can-Am > Ryker 900,CREATE_SAFE,high,New series under mapped category,n/a,0,no
Motosiklet,,Can-Am,Spyder F3,Spyder F3,CURATED_REVIEW,,,Vasıta > Motosiklet > Can-Am > Spyder F3,CREATE_SAFE,high,New series under mapped category,n/a,0,no
Motosiklet,,Can-Am,Spyder RT,Spyder RT,CURATED_REVIEW,,,Vasıta > Motosiklet > Can-Am > Spyder RT,CREATE_SAFE,high,New series under mapped category,n/a,0,no
Motosiklet,,CFmoto,125NK,125NK,CURATED_REVIEW,,,Vasıta > Motosiklet > CFmoto > 125NK,CREATE_SAFE,high,New series under mapped category,n/a,0,no
Motosiklet,,CFmoto,250CL-X,250CL-X,CURATED_REVIEW,,,Vasıta > Motosiklet > CFmoto > 250CL-X,CREATE_SAFE,high,New series under mapped category,n/a,0,no
Motosiklet,,CFmoto,250NK,250NK,CURATED_REVIEW,,,Vasıta > Motosiklet > CFmoto > 250NK,CREATE_SAFE,high,New series under mapped category,n/a,0,no
Motosiklet,,CFmoto,250SR,250SR,CURATED_REVIEW,,,Vasıta > Motosiklet > CFmoto > 250SR,CREATE_SAFE,high,New series under mapped category,n/a,0,no
Motosiklet,,CFmoto,300NK,300NK,CURATED_REVIEW,,,Vasıta > Motosiklet > CFmoto > 300NK,CREATE_SAFE,high,New series under mapped category,n/a,0,no
Motosiklet,,CFmoto,450CL-C,450CL-C,CURATED_REVIEW,,,Vasıta > Motosiklet > CFmoto > 450CL-C,CREATE_SAFE,high,New series under mapped category,n/a,0,no
Motosiklet,,CFmoto,450MT,450MT,CURATED_REVIEW,,,Vasıta > Motosiklet > CFmoto > 450MT,CREATE_SAFE,high,New series under mapped category,n/a,0,no
Motosiklet,,CFmoto,450NK,450NK,CURATED_REVIEW,,,Vasıta > Motosiklet > CFmoto > 450NK,CREATE_SAFE,high,New series under mapped category,n/a,0,no
Motosiklet,,CFmoto,450SR,450SR,CURATED_REVIEW,,,Vasıta > Motosiklet > CFmoto > 450SR,CREATE_SAFE,high,New series under mapped category,n/a,0,no
Motosiklet,,CFmoto,650GT,650GT,CURATED_REVIEW,,,Vasıta > Motosiklet > CFmoto > 650GT,CREATE_SAFE,high,New series under mapped category,n/a,0,no
Motosiklet,,CFmoto,650MT,650MT,CURATED_REVIEW,,,Vasıta > Motosiklet > CFmoto > 650MT,CREATE_SAFE,high,New series under mapped category,n/a,0,no
Motosiklet,,CFmoto,650NK,650NK,CURATED_REVIEW,,,Vasıta > Motosiklet > CFmoto > 650NK,CREATE_SAFE,high,New series under mapped category,n/a,0,no
Motosiklet,,CFmoto,700CL-X,700CL-X,CURATED_REVIEW,,,Vasıta > Motosiklet > CFmoto > 700CL-X,CREATE_SAFE,high,New series under mapped category,n/a,0,no
Motosiklet,,CFmoto,800MT,800MT,CURATED_REVIEW,,,Vasıta > Motosiklet > CFmoto > 800MT,CREATE_SAFE,high,New series under mapped category,n/a,0,no
Motosiklet,,CFmoto,800NK,800NK,CURATED_REVIEW,,,Vasıta > Motosiklet > CFmoto > 800NK,CREATE_SAFE,high,New series under mapped category,n/a,0,no
Motosiklet,,CFmoto,Papio,Papio,CURATED_REVIEW,,,Vasıta > Motosiklet > CFmoto > Papio,CREATE_SAFE,high,New series under mapped category,n/a,0,no
Motosiklet,,CFmoto,XO Papio,XO Papio,CURATED_REVIEW,,,Vasıta > Motosiklet > CFmoto > XO Papio,CREATE_SAFE,high,New series under mapped category,n/a,0,no
Motosiklet,,Daelim,Daystar 250,Daystar 250,CURATED_REVIEW,,,Vasıta > Motosiklet > Daelim > Daystar 250,CREATE_SAFE,high,New series under mapped category,n/a,0,no
Motosiklet,,Daelim,Roadwin 250,Roadwin 250,CURATED_REVIEW,,,Vasıta > Motosiklet > Daelim > Roadwin 250,CREATE_SAFE,high,New series under mapped category,n/a,0,no
Motosiklet,,Daelim,S3 Advance,S3 Advance,CURATED_REVIEW,,,Vasıta > Motosiklet > Daelim > S3 Advance,CREATE_SAFE,high,New series under mapped category,n/a,0,no
Motosiklet,,Derbi,GPR 125,GPR 125,CURATED_REVIEW,,,Vasıta > Motosiklet > Derbi > GPR 125,CREATE_SAFE,high,New series under mapped category,n/a,0,no
Motosiklet,,Derbi,Senda,Senda,CURATED_REVIEW,,,Vasıta > Motosiklet > Derbi > Senda,CREATE_SAFE,high,New series under mapped category,n/a,0,no
Motosiklet,,Derbi,Terra 125,Terra 125,CURATED_REVIEW,,,Vasıta > Motosiklet > Derbi > Terra 125,CREATE_SAFE,high,New series under mapped category,n/a,0,no
Motosiklet,,Doohan,Itango,Itango,CURATED_REVIEW,,,Vasıta > Motosiklet > Doohan > Itango,CREATE_SAFE,high,New series under mapped category,n/a,0,no
Motosiklet,,Doohan,iTank,iTank,CURATED_REVIEW,,,Vasıta > Motosiklet > Doohan > iTank,CREATE_SAFE,high,New series under mapped category,n/a,0,no
Motosiklet,,Doohan,Urban,Urban,CURATED_REVIEW,,,Vasıta > Motosiklet > Doohan > Urban,CREATE_SAFE,high,New series under mapped category,n/a,0,no
Motosiklet,,Ducati,Diavel,Diavel,CURATED_REVIEW,,,Vasıta > Motosiklet > Ducati > Diavel,CREATE_SAFE,high,New series under mapped category,n/a,0,no
Motosiklet,,Ducati,Hypermotard 698,Hypermotard 698,CURATED_REVIEW,,,Vasıta > Motosiklet > Ducati > Hypermotard 698,CREATE_SAFE,high,New series under mapped category,n/a,0,no
Motosiklet,,Ducati,Hypermotard 950,Hypermotard 950,CURATED_REVIEW,,,Vasıta > Motosiklet > Ducati > Hypermotard 950,CREATE_SAFE,high,New series under mapped category,n/a,0,no
Motosiklet,,Ducati,Monster 696,Monster 696,CURATED_REVIEW,,,Vasıta > Motosiklet > Ducati > Monster 696,CREATE_SAFE,high,New series under mapped category,n/a,0,no
Motosiklet,,Ducati,Monster 821,Monster 821,CURATED_REVIEW,,,Vasıta > Motosiklet > Ducati > Monster 821,CREATE_SAFE,high,New series under mapped category,n/a,0,no
Motosiklet,,Ducati,Monster 937,Monster 937,CURATED_REVIEW,,,Vasıta > Motosiklet > Ducati > Monster 937,CREATE_SAFE,high,New series under mapped category,n/a,0,no
Motosiklet,,Ducati,Multistrada 950,Multistrada 950,CURATED_REVIEW,,,Vasıta > Motosiklet > Ducati > Multistrada 950,CREATE_SAFE,high,New series under mapped category,n/a,0,no
Motosiklet,,Ducati,Multistrada V2,Multistrada V2,CURATED_REVIEW,,,Vasıta > Motosiklet > Ducati > Multistrada V2,CREATE_SAFE,high,New series under mapped category,n/a,0,no
Motosiklet,,Ducati,Multistrada V4,Multistrada V4,CURATED_REVIEW,cmshvhpuq0060uza8o5ttlf0p,arac/motosiklet,Vasıta > Motosiklet > Ducati > Multistrada V4,KEEP_EXISTING,high,Brand/model already linked to target category,yes,0,no
Motosiklet,,Ducati,Panigale V2,Panigale V2,CURATED_REVIEW,cmshvhpub005yuza8p4xn10wg,arac/motosiklet,Vasıta > Motosiklet > Ducati > Panigale V2,KEEP_EXISTING,high,Brand/model already linked to target category,yes,0,no
Motosiklet,,Ducati,Panigale V4,Panigale V4,CURATED_REVIEW,,,Vasıta > Motosiklet > Ducati > Panigale V4,CREATE_SAFE,high,New series under mapped category,n/a,0,no
Motosiklet,,Ducati,Scrambler,Scrambler,CURATED_REVIEW,,,Vasıta > Motosiklet > Ducati > Scrambler,CREATE_SAFE,high,New series under mapped category,n/a,0,no
Motosiklet,,Ducati,Streetfighter V2,Streetfighter V2,CURATED_REVIEW,,,Vasıta > Motosiklet > Ducati > Streetfighter V2,CREATE_SAFE,high,New series under mapped category,n/a,0,no
Motosiklet,,Ducati,Streetfighter V4,Streetfighter V4,CURATED_REVIEW,,,Vasıta > Motosiklet > Ducati > Streetfighter V4,CREATE_SAFE,high,New series under mapped category,n/a,0,no
Motosiklet,,Ducati,SuperSport 950,SuperSport 950,CURATED_REVIEW,,,Vasıta > Motosiklet > Ducati > SuperSport 950,CREATE_SAFE,high,New series under mapped category,n/a,0,no
Motosiklet,,Falcon,Attack 100,Attack 100,CURATED_REVIEW,,,Vasıta > Motosiklet > Falcon > Attack 100,CREATE_SAFE,high,New series under mapped category,n/a,0,no
Motosiklet,,Falcon,Freedom 250,Freedom 250,CURATED_REVIEW,,,Vasıta > Motosiklet > Falcon > Freedom 250,CREATE_SAFE,high,New series under mapped category,n/a,0,no
Motosiklet,,Falcon,Martian 150,Martian 150,CURATED_REVIEW,,,Vasıta > Motosiklet > Falcon > Martian 150,CREATE_SAFE,high,New series under mapped category,n/a,0,no
Motosiklet,,Falcon,Mexico 150,Mexico 150,CURATED_REVIEW,,,Vasıta > Motosiklet > Falcon > Mexico 150,CREATE_SAFE,high,New series under mapped category,n/a,0,no
Motosiklet,,Fantic,Caballero 125,Caballero 125,CURATED_REVIEW,,,Vasıta > Motosiklet > Fantic > Caballero 125,CREATE_SAFE,high,New series under mapped category,n/a,0,no
Motosiklet,,Fantic,Caballero 500,Caballero 500,CURATED_REVIEW,,,Vasıta > Motosiklet > Fantic > Caballero 500,CREATE_SAFE,high,New series under mapped category,n/a,0,no
Motosiklet,,Fantic,Caballero 700,Caballero 700,CURATED_REVIEW,,,Vasıta > Motosiklet > Fantic > Caballero 700,CREATE_SAFE,high,New series under mapped category,n/a,0,no
Motosiklet,,Fantic,XEF 250,XEF 250,CURATED_REVIEW,,,Vasıta > Motosiklet > Fantic > XEF 250,CREATE_SAFE,high,New series under mapped category,n/a,0,no
Motosiklet,,Fantic,XX 125,XX 125,CURATED_REVIEW,,,Vasıta > Motosiklet > Fantic > XX 125,CREATE_SAFE,high,New series under mapped category,n/a,0,no
Motosiklet,,GasGas,EC 250,EC 250,CURATED_REVIEW,,,Vasıta > Motosiklet > GasGas > EC 250,CREATE_SAFE,high,New series under mapped category,n/a,0,no
Motosiklet,,GasGas,EC 300,EC 300,CURATED_REVIEW,,,Vasıta > Motosiklet > GasGas > EC 300,CREATE_SAFE,high,New series under mapped category,n/a,0,no
Motosiklet,,GasGas,ES 700,ES 700,CURATED_REVIEW,,,Vasıta > Motosiklet > GasGas > ES 700,CREATE_SAFE,high,New series under mapped category,n/a,0,no
Motosiklet,,GasGas,MC 250F,MC 250F,CURATED_REVIEW,,,Vasıta > Motosiklet > GasGas > MC 250F,CREATE_SAFE,high,New series under mapped category,n/a,0,no
Motosiklet,,GasGas,SM 700,SM 700,CURATED_REVIEW,,,Vasıta > Motosiklet > GasGas > SM 700,CREATE_SAFE,high,New series under mapped category,n/a,0,no
Motosiklet,,Gilera,DNA,DNA,CURATED_REVIEW,,,Vasıta > Motosiklet > Gilera > DNA,CREATE_SAFE,high,New series under mapped category,n/a,0,no
Motosiklet,,Gilera,Nexus 500,Nexus 500,CURATED_REVIEW,,,Vasıta > Motosiklet > Gilera > Nexus 500,CREATE_SAFE,high,New series under mapped category,n/a,0,no
Motosiklet,,Gilera,Runner,Runner,CURATED_REVIEW,,,Vasıta > Motosiklet > Gilera > Runner,CREATE_SAFE,high,New series under mapped category,n/a,0,no
Motosiklet,,Harley-Davidson,Breakout,Breakout,CURATED_REVIEW,,,Vasıta > Motosiklet > Harley-Davidson > Breakout,CREATE_SAFE,high,New series under mapped category,n/a,0,no
Motosiklet,,Harley-Davidson,CVO,CVO,CURATED_REVIEW,,,Vasıta > Motosiklet > Harley-Davidson > CVO,CREATE_SAFE,high,New series under mapped category,n/a,0,no
Motosiklet,,Harley-Davidson,Dyna,Dyna,CURATED_REVIEW,,,Vasıta > Motosiklet > Harley-Davidson > Dyna,CREATE_SAFE,high,New series under mapped category,n/a,0,no
Motosiklet,,Harley-Davidson,Fat Bob,Fat Bob,CURATED_REVIEW,,,Vasıta > Motosiklet > Harley-Davidson > Fat Bob,CREATE_SAFE,high,New series under mapped category,n/a,0,no
Motosiklet,,Harley-Davidson,Fat Boy,Fat Boy,CURATED_REVIEW,,,Vasıta > Motosiklet > Harley-Davidson > Fat Boy,CREATE_SAFE,high,New series under mapped category,n/a,0,no
Motosiklet,,Harley-Davidson,Heritage Classic,Heritage Classic,CURATED_REVIEW,,,Vasıta > Motosiklet > Harley-Davidson > Heritage Classic,CREATE_SAFE,high,New series under mapped category,n/a,0,no
Motosiklet,,Harley-Davidson,Iron 883,Iron 883,CURATED_REVIEW,,,Vasıta > Motosiklet > Harley-Davidson > Iron 883,CREATE_SAFE,high,New series under mapped category,n/a,0,no
Motosiklet,,Harley-Davidson,Low Rider,Low Rider,CURATED_REVIEW,,,Vasıta > Motosiklet > Harley-Davidson > Low Rider,CREATE_SAFE,high,New series under mapped category,n/a,0,no
Motosiklet,,Harley-Davidson,Nightster,Nightster,CURATED_REVIEW,,,Vasıta > Motosiklet > Harley-Davidson > Nightster,CREATE_SAFE,high,New series under mapped category,n/a,0,no
Motosiklet,,Harley-Davidson,Pan America,Pan America,CURATED_REVIEW,,,Vasıta > Motosiklet > Harley-Davidson > Pan America,CREATE_SAFE,high,New series under mapped category,n/a,0,no
Motosiklet,,Harley-Davidson,Road Glide,Road Glide,CURATED_REVIEW,,,Vasıta > Motosiklet > Harley-Davidson > Road Glide,CREATE_SAFE,high,New series under mapped category,n/a,0,no
Motosiklet,,Harley-Davidson,Road King,Road King,CURATED_REVIEW,,,Vasıta > Motosiklet > Harley-Davidson > Road King,CREATE_SAFE,high,New series under mapped category,n/a,0,no
Motosiklet,,Harley-Davidson,Softail,Softail,CURATED_REVIEW,,,Vasıta > Motosiklet > Harley-Davidson > Softail,CREATE_SAFE,high,New series under mapped category,n/a,0,no
Motosiklet,,Harley-Davidson,Sport Glide,Sport Glide,CURATED_REVIEW,,,Vasıta > Motosiklet > Harley-Davidson > Sport Glide,CREATE_SAFE,high,New series under mapped category,n/a,0,no
Motosiklet,,Harley-Davidson,Sportster S,Sportster S,CURATED_REVIEW,cmshvhpv80062uza857hmdy94,arac/motosiklet,Vasıta > Motosiklet > Harley-Davidson > Sportster S,KEEP_EXISTING,high,Brand/model already linked to target category,yes,0,no
Motosiklet,,Harley-Davidson,Street Bob,Street Bob,CURATED_REVIEW,,,Vasıta > Motosiklet > Harley-Davidson > Street Bob,CREATE_SAFE,high,New series under mapped category,n/a,0,no
Motosiklet,,Harley-Davidson,Street Glide,Street Glide,CURATED_REVIEW,cmshvhpvz0064uza8h65zcsiu,arac/motosiklet,Vasıta > Motosiklet > Harley-Davidson > Street Glide,KEEP_EXISTING,high,Brand/model already linked to target category,yes,0,no
Motosiklet,,Harley-Davidson,V-Rod,V-Rod,CURATED_REVIEW,,,Vasıta > Motosiklet > Harley-Davidson > V-Rod,CREATE_SAFE,high,New series under mapped category,n/a,0,no
Motosiklet,,Hero,Dash 125,Dash 125,CURATED_REVIEW,,,Vasıta > Motosiklet > Hero > Dash 125,CREATE_SAFE,high,New series under mapped category,n/a,0,no
Motosiklet,,Hero,Duet 110,Duet 110,CURATED_REVIEW,,,Vasıta > Motosiklet > Hero > Duet 110,CREATE_SAFE,high,New series under mapped category,n/a,0,no
Motosiklet,,Hero,Hunk 150,Hunk 150,CURATED_REVIEW,,,Vasıta > Motosiklet > Hero > Hunk 150,CREATE_SAFE,high,New series under mapped category,n/a,0,no
Motosiklet,,Hero,Karizma XMR,Karizma XMR,CURATED_REVIEW,,,Vasıta > Motosiklet > Hero > Karizma XMR,CREATE_SAFE,high,New series under mapped category,n/a,0,no
Motosiklet,,Hero,Pleasure,Pleasure,CURATED_REVIEW,,,Vasıta > Motosiklet > Hero > Pleasure,CREATE_SAFE,high,New series under mapped category,n/a,0,no
Motosiklet,,Hero,Splendor,Splendor,CURATED_REVIEW,,,Vasıta > Motosiklet > Hero > Splendor,CREATE_SAFE,high,New series under mapped category,n/a,0,no
Motosiklet,,Hero,Xpulse 200,Xpulse 200,CURATED_REVIEW,,,Vasıta > Motosiklet > Hero > Xpulse 200,CREATE_SAFE,high,New series under mapped category,n/a,0,no
Motosiklet,,Hero,Xtreme 160R,Xtreme 160R,CURATED_REVIEW,,,Vasıta > Motosiklet > Hero > Xtreme 160R,CREATE_SAFE,high,New series under mapped category,n/a,0,no
Motosiklet,,Honda,Activa,Activa,CURATED_REVIEW,,,Vasıta > Motosiklet > Honda > Activa,CREATE_SAFE,high,New series under mapped category,n/a,0,no
Motosiklet,,Honda,Africa Twin,CRF1100L Adventure Sports,CURATED_REVIEW,cmshtjjgn005suz6s32zxzigi,arac/motosiklet,Vasıta > Motosiklet > Honda > Africa Twin,KEEP_EXISTING,high,Brand/model already linked to target category,yes,0,no
Motosiklet,,Honda,CB125F,CB125F,CURATED_REVIEW,,,Vasıta > Motosiklet > Honda > CB125F,CREATE_SAFE,high,New series under mapped category,n/a,0,no
Motosiklet,,Honda,CB250R,CB250R,CURATED_REVIEW,,,Vasıta > Motosiklet > Honda > CB250R,CREATE_SAFE,high,New series under mapped category,n/a,0,no
Motosiklet,,Honda,CB500F,CB500F,CURATED_REVIEW,,,Vasıta > Motosiklet > Honda > CB500F,CREATE_SAFE,high,New series under mapped category,n/a,0,no
Motosiklet,,Honda,CB500X,CB500X,CURATED_REVIEW,,,Vasıta > Motosiklet > Honda > CB500X,CREATE_SAFE,high,New series under mapped category,n/a,0,no
Motosiklet,,Honda,CB650R,CB650R,CURATED_REVIEW,,,Vasıta > Motosiklet > Honda > CB650R,CREATE_SAFE,high,New series under mapped category,n/a,0,no
Motosiklet,,Honda,CBR1000RR,CBR1000RR,CURATED_REVIEW,,,Vasıta > Motosiklet > Honda > CBR1000RR,CREATE_SAFE,high,New series under mapped category,n/a,0,no
Motosiklet,,Honda,CBR125R,CBR125R,CURATED_REVIEW,,,Vasıta > Motosiklet > Honda > CBR125R,CREATE_SAFE,high,New series under mapped category,n/a,0,no
Motosiklet,,Honda,CBR250R,CBR250R,CURATED_REVIEW,,,Vasıta > Motosiklet > Honda > CBR250R,CREATE_SAFE,high,New series under mapped category,n/a,0,no
Motosiklet,,Honda,CBR500R,CBR500R,CURATED_REVIEW,cmshvhpx10068uza8pym3h53p,arac/motosiklet,Vasıta > Motosiklet > Honda > CBR500R,KEEP_EXISTING,high,Brand/model already linked to target category,yes,0,no
Motosiklet,,Honda,CBR600RR,CBR600RR,CURATED_REVIEW,,,Vasıta > Motosiklet > Honda > CBR600RR,CREATE_SAFE,high,New series under mapped category,n/a,0,no
Motosiklet,,Honda,CBR650R,CBR650R,CURATED_REVIEW,,,Vasıta > Motosiklet > Honda > CBR650R,CREATE_SAFE,high,New series under mapped category,n/a,0,no
Motosiklet,,Honda,CRF1100L,CRF1100L,CURATED_REVIEW,,,Vasıta > Motosiklet > Honda > CRF1100L,CREATE_SAFE,high,New series under mapped category,n/a,0,no
Motosiklet,,Honda,CRF250L,CRF250L,CURATED_REVIEW,,,Vasıta > Motosiklet > Honda > CRF250L,CREATE_SAFE,high,New series under mapped category,n/a,0,no
Motosiklet,,Honda,CRF300L,CRF300L,CURATED_REVIEW,,,Vasıta > Motosiklet > Honda > CRF300L,CREATE_SAFE,high,New series under mapped category,n/a,0,no
Motosiklet,,Honda,Forza 250,Forza 250,CURATED_REVIEW,,,Vasıta > Motosiklet > Honda > Forza 250,CREATE_SAFE,high,New series under mapped category,n/a,0,no
Motosiklet,,Honda,Forza 350,Forza 350,CURATED_REVIEW,,,Vasıta > Motosiklet > Honda > Forza 350,CREATE_SAFE,high,New series under mapped category,n/a,0,no
Motosiklet,,Honda,Forza 750,Forza 750,CURATED_REVIEW,,,Vasıta > Motosiklet > Honda > Forza 750,CREATE_SAFE,high,New series under mapped category,n/a,0,no
Motosiklet,,Honda,Gold Wing,Gold Wing,CURATED_REVIEW,,,Vasıta > Motosiklet > Honda > Gold Wing,CREATE_SAFE,high,New series under mapped category,n/a,0,no
Motosiklet,,Honda,NC750X,NC750X,CURATED_REVIEW,,,Vasıta > Motosiklet > Honda > NC750X,CREATE_SAFE,high,New series under mapped category,n/a,0,no
Motosiklet,,Honda,PCX 125,PCX 125,CURATED_REVIEW,,,Vasıta > Motosiklet > Honda > PCX 125,CREATE_SAFE,high,New series under mapped category,n/a,0,no
Motosiklet,,Honda,Rebel 250,Rebel 250,CURATED_REVIEW,,,Vasıta > Motosiklet > Honda > Rebel 250,CREATE_SAFE,high,New series under mapped category,n/a,0,no
Motosiklet,,Honda,Rebel 500,Rebel 500,CURATED_REVIEW,,,Vasıta > Motosiklet > Honda > Rebel 500,CREATE_SAFE,high,New series under mapped category,n/a,0,no
Motosiklet,,Honda,SH125i,SH125i,CURATED_REVIEW,,,Vasıta > Motosiklet > Honda > SH125i,CREATE_SAFE,high,New series under mapped category,n/a,0,no
Motosiklet,,Honda,SH150i,SH150i,CURATED_REVIEW,,,Vasıta > Motosiklet > Honda > SH150i,CREATE_SAFE,high,New series under mapped category,n/a,0,no
Motosiklet,,Honda,Transalp XL750,Transalp XL750,CURATED_REVIEW,,,Vasıta > Motosiklet > Honda > Transalp XL750,CREATE_SAFE,high,New series under mapped category,n/a,0,no
Motosiklet,,Honda,Vision 110,Vision 110,CURATED_REVIEW,,,Vasıta > Motosiklet > Honda > Vision 110,CREATE_SAFE,high,New series under mapped category,n/a,0,no
Motosiklet,,Honda,X-ADV,X-ADV,CURATED_REVIEW,,,Vasıta > Motosiklet > Honda > X-ADV,CREATE_SAFE,high,New series under mapped category,n/a,0,no
Motosiklet,,Husqvarna,701 Enduro,701 Enduro,CURATED_REVIEW,,,Vasıta > Motosiklet > Husqvarna > 701 Enduro,CREATE_SAFE,high,New series under mapped category,n/a,0,no
Motosiklet,,Husqvarna,701 Supermoto,701 Supermoto,CURATED_REVIEW,,,Vasıta > Motosiklet > Husqvarna > 701 Supermoto,CREATE_SAFE,high,New series under mapped category,n/a,0,no
Motosiklet,,Husqvarna,Norden 901,Norden 901,CURATED_REVIEW,,,Vasıta > Motosiklet > Husqvarna > Norden 901,CREATE_SAFE,high,New series under mapped category,n/a,0,no
Motosiklet,,Husqvarna,Svartpilen 125,Svartpilen 125,CURATED_REVIEW,,,Vasıta > Motosiklet > Husqvarna > Svartpilen 125,CREATE_SAFE,high,New series under mapped category,n/a,0,no
Motosiklet,,Husqvarna,Svartpilen 250,Svartpilen 250,CURATED_REVIEW,,,Vasıta > Motosiklet > Husqvarna > Svartpilen 250,CREATE_SAFE,high,New series under mapped category,n/a,0,no
Motosiklet,,Husqvarna,Svartpilen 401,Svartpilen 401,CURATED_REVIEW,cmshvhpy6006auza8nkd3dkb4,arac/motosiklet,Vasıta > Motosiklet > Husqvarna > Svartpilen 401,KEEP_EXISTING,high,Brand/model already linked to target category,yes,0,no
Motosiklet,,Husqvarna,Svartpilen 801,Svartpilen 801,CURATED_REVIEW,,,Vasıta > Motosiklet > Husqvarna > Svartpilen 801,CREATE_SAFE,high,New series under mapped category,n/a,0,no
Motosiklet,,Husqvarna,Vitpilen 250,Vitpilen 250,CURATED_REVIEW,,,Vasıta > Motosiklet > Husqvarna > Vitpilen 250,CREATE_SAFE,high,New series under mapped category,n/a,0,no
Motosiklet,,Husqvarna,Vitpilen 401,Vitpilen 401,CURATED_REVIEW,cmshvhpz4006cuza8lltzloxz,arac/motosiklet,Vasıta > Motosiklet > Husqvarna > Vitpilen 401,KEEP_EXISTING,high,Brand/model already linked to target category,yes,0,no
Motosiklet,,Hyosung,Aquila GV250,Aquila GV250,CURATED_REVIEW,,,Vasıta > Motosiklet > Hyosung > Aquila GV250,CREATE_SAFE,high,New series under mapped category,n/a,0,no
Motosiklet,,Hyosung,GT250R,GT250R,CURATED_REVIEW,,,Vasıta > Motosiklet > Hyosung > GT250R,CREATE_SAFE,high,New series under mapped category,n/a,0,no
Motosiklet,,Hyosung,GT650R,GT650R,CURATED_REVIEW,,,Vasıta > Motosiklet > Hyosung > GT650R,CREATE_SAFE,high,New series under mapped category,n/a,0,no
Motosiklet,,Hyosung,ST7,ST7,CURATED_REVIEW,,,Vasıta > Motosiklet > Hyosung > ST7,CREATE_SAFE,high,New series under mapped category,n/a,0,no
Motosiklet,,Indian,Challenger,Challenger,CURATED_REVIEW,,,Vasıta > Motosiklet > Indian > Challenger,CREATE_SAFE,high,New series under mapped category,n/a,0,no
Motosiklet,,Indian,Chief,Chief,CURATED_REVIEW,cmshvhq0b006guza8rwygzqjt,arac/motosiklet,Vasıta > Motosiklet > Indian > Chief,KEEP_EXISTING,high,Brand/model already linked to target category,yes,0,no
Motosiklet,,Indian,Chieftain,Chieftain,CURATED_REVIEW,,,Vasıta > Motosiklet > Indian > Chieftain,CREATE_SAFE,high,New series under mapped category,n/a,0,no
Motosiklet,,Indian,FTR,FTR,CURATED_REVIEW,,,Vasıta > Motosiklet > Indian > FTR,CREATE_SAFE,high,New series under mapped category,n/a,0,no
Motosiklet,,Indian,Roadmaster,Roadmaster,CURATED_REVIEW,,,Vasıta > Motosiklet > Indian > Roadmaster,CREATE_SAFE,high,New series under mapped category,n/a,0,no
Motosiklet,,Indian,Scout,Scout,CURATED_REVIEW,cmshvhpzp006euza8hspt3quo,arac/motosiklet,Vasıta > Motosiklet > Indian > Scout,KEEP_EXISTING,high,Brand/model already linked to target category,yes,0,no
Motosiklet,,Indian,Springfield,Springfield,CURATED_REVIEW,,,Vasıta > Motosiklet > Indian > Springfield,CREATE_SAFE,high,New series under mapped category,n/a,0,no
Motosiklet,,Indian,Super Chief,Super Chief,CURATED_REVIEW,,,Vasıta > Motosiklet > Indian > Super Chief,CREATE_SAFE,high,New series under mapped category,n/a,0,no
Motosiklet,,Kanuni,Breton 125,Breton 125,CURATED_REVIEW,,,Vasıta > Motosiklet > Kanuni > Breton 125,CREATE_SAFE,high,New series under mapped category,n/a,0,no
Motosiklet,,Kanuni,Caracal 200,Caracal 200,CURATED_REVIEW,,,Vasıta > Motosiklet > Kanuni > Caracal 200,CREATE_SAFE,high,New series under mapped category,n/a,0,no
Motosiklet,,Kanuni,GT 170,GT 170,CURATED_REVIEW,,,Vasıta > Motosiklet > Kanuni > GT 170,CREATE_SAFE,high,New series under mapped category,n/a,0,no
Motosiklet,,Kanuni,Seyhan 250,Seyhan 250,CURATED_REVIEW,,,Vasıta > Motosiklet > Kanuni > Seyhan 250,CREATE_SAFE,high,New series under mapped category,n/a,0,no
Motosiklet,,Kawasaki,Eliminator 500,Eliminator 500,CURATED_REVIEW,,,Vasıta > Motosiklet > Kawasaki > Eliminator 500,CREATE_SAFE,high,New series under mapped category,n/a,0,no
Motosiklet,,Kawasaki,ER-5,ER-5,CURATED_REVIEW,,,Vasıta > Motosiklet > Kawasaki > ER-5,CREATE_SAFE,high,New series under mapped category,n/a,0,no
Motosiklet,,Kawasaki,ER-6F,ER-6F,CURATED_REVIEW,,,Vasıta > Motosiklet > Kawasaki > ER-6F,CREATE_SAFE,high,New series under mapped category,n/a,0,no
Motosiklet,,Kawasaki,ER-6N,ER-6N,CURATED_REVIEW,,,Vasıta > Motosiklet > Kawasaki > ER-6N,CREATE_SAFE,high,New series under mapped category,n/a,0,no
Motosiklet,,Kawasaki,KLE500,KLE500,CURATED_REVIEW,,,Vasıta > Motosiklet > Kawasaki > KLE500,CREATE_SAFE,high,New series under mapped category,n/a,0,no
Motosiklet,,Kawasaki,KLR650,KLR650,CURATED_REVIEW,,,Vasıta > Motosiklet > Kawasaki > KLR650,CREATE_SAFE,high,New series under mapped category,n/a,0,no
Motosiklet,,Kawasaki,Ninja 125,Ninja 125,CURATED_REVIEW,,,Vasıta > Motosiklet > Kawasaki > Ninja 125,CREATE_SAFE,high,New series under mapped category,n/a,0,no
Motosiklet,,Kawasaki,Ninja 250,Ninja 250,CURATED_REVIEW,,,Vasıta > Motosiklet > Kawasaki > Ninja 250,CREATE_SAFE,high,New series under mapped category,n/a,0,no
Motosiklet,,Kawasaki,Ninja 300,Ninja 300,CURATED_REVIEW,,,Vasıta > Motosiklet > Kawasaki > Ninja 300,CREATE_SAFE,high,New series under mapped category,n/a,0,no
Motosiklet,,Kawasaki,Ninja 400,Ninja 400,CURATED_REVIEW,,,Vasıta > Motosiklet > Kawasaki > Ninja 400,CREATE_SAFE,high,New series under mapped category,n/a,0,no
Motosiklet,,Kawasaki,Ninja 500,Ninja 500,CURATED_REVIEW,,,Vasıta > Motosiklet > Kawasaki > Ninja 500,CREATE_SAFE,high,New series under mapped category,n/a,0,no
Motosiklet,,Kawasaki,Ninja 650,Ninja 650,CURATED_REVIEW,,,Vasıta > Motosiklet > Kawasaki > Ninja 650,CREATE_SAFE,high,New series under mapped category,n/a,0,no
Motosiklet,,Kawasaki,Ninja ZX-10R,Ninja ZX-10R,CURATED_REVIEW,,,Vasıta > Motosiklet > Kawasaki > Ninja ZX-10R,CREATE_SAFE,high,New series under mapped category,n/a,0,no
Motosiklet,,Kawasaki,Ninja ZX-6R,Ninja ZX-6R,CURATED_REVIEW,,,Vasıta > Motosiklet > Kawasaki > Ninja ZX-6R,CREATE_SAFE,high,New series under mapped category,n/a,0,no
Motosiklet,,Kawasaki,Versys 1000,Versys 1000,CURATED_REVIEW,,,Vasıta > Motosiklet > Kawasaki > Versys 1000,CREATE_SAFE,high,New series under mapped category,n/a,0,no
Motosiklet,,Kawasaki,Versys 650,Versys 650,CURATED_REVIEW,,,Vasıta > Motosiklet > Kawasaki > Versys 650,CREATE_SAFE,high,New series under mapped category,n/a,0,no
Motosiklet,,Kawasaki,Vulcan S,Vulcan S,CURATED_REVIEW,,,Vasıta > Motosiklet > Kawasaki > Vulcan S,CREATE_SAFE,high,New series under mapped category,n/a,0,no
Motosiklet,,Kawasaki,Z1000,Z1000,CURATED_REVIEW,,,Vasıta > Motosiklet > Kawasaki > Z1000,CREATE_SAFE,high,New series under mapped category,n/a,0,no
Motosiklet,,Kawasaki,Z125,Z125,CURATED_REVIEW,,,Vasıta > Motosiklet > Kawasaki > Z125,CREATE_SAFE,high,New series under mapped category,n/a,0,no
Motosiklet,,Kawasaki,Z250,Z250,CURATED_REVIEW,,,Vasıta > Motosiklet > Kawasaki > Z250,CREATE_SAFE,high,New series under mapped category,n/a,0,no
Motosiklet,,Kawasaki,Z300,Z300,CURATED_REVIEW,,,Vasıta > Motosiklet > Kawasaki > Z300,CREATE_SAFE,high,New series under mapped category,n/a,0,no
Motosiklet,,Kawasaki,Z400,Z400,CURATED_REVIEW,,,Vasıta > Motosiklet > Kawasaki > Z400,CREATE_SAFE,high,New series under mapped category,n/a,0,no
Motosiklet,,Kawasaki,Z500,Z500,CURATED_REVIEW,,,Vasıta > Motosiklet > Kawasaki > Z500,CREATE_SAFE,high,New series under mapped category,n/a,0,no
Motosiklet,,Kawasaki,Z650,Z650,CURATED_REVIEW,cmshtjjji0062uz6sjo5jrxec,arac/motosiklet,Vasıta > Motosiklet > Kawasaki > Z650,KEEP_EXISTING,high,Brand/model already linked to target category,yes,0,no
Motosiklet,,Kawasaki,Z900,Z900,CURATED_REVIEW,cmshvhq1j006kuza86uvxeeay,arac/motosiklet,Vasıta > Motosiklet > Kawasaki > Z900,KEEP_EXISTING,high,Brand/model already linked to target category,yes,0,no
Motosiklet,,Keeway,Blueshark,Blueshark,CURATED_REVIEW,,,Vasıta > Motosiklet > Keeway > Blueshark,CREATE_SAFE,high,New series under mapped category,n/a,0,no
Motosiklet,,Keeway,K-Light 202,K-Light 202,CURATED_REVIEW,,,Vasıta > Motosiklet > Keeway > K-Light 202,CREATE_SAFE,high,New series under mapped category,n/a,0,no
Motosiklet,,Keeway,RKF 125,RKF 125,CURATED_REVIEW,,,Vasıta > Motosiklet > Keeway > RKF 125,CREATE_SAFE,high,New series under mapped category,n/a,0,no
Motosiklet,,Keeway,RKS 125,RKS 125,CURATED_REVIEW,,,Vasıta > Motosiklet > Keeway > RKS 125,CREATE_SAFE,high,New series under mapped category,n/a,0,no
Motosiklet,,Keeway,Superlight 200,Superlight 200,CURATED_REVIEW,,,Vasıta > Motosiklet > Keeway > Superlight 200,CREATE_SAFE,high,New series under mapped category,n/a,0,no
Motosiklet,,Keeway,Vieste 300,Vieste 300,CURATED_REVIEW,,,Vasıta > Motosiklet > Keeway > Vieste 300,CREATE_SAFE,high,New series under mapped category,n/a,0,no
Motosiklet,,Kral Motor,Kr 25,Kr 25,CURATED_REVIEW,,,Vasıta > Motosiklet > Kral Motor > Kr 25,CREATE_SAFE,high,New series under mapped category,n/a,0,no
Motosiklet,,Kral Motor,Luna 50,Luna 50,CURATED_REVIEW,,,Vasıta > Motosiklet > Kral Motor > Luna 50,CREATE_SAFE,high,New series under mapped category,n/a,0,no
Motosiklet,,Kral Motor,Nirvana 150,Nirvana 150,CURATED_REVIEW,,,Vasıta > Motosiklet > Kral Motor > Nirvana 150,CREATE_SAFE,high,New series under mapped category,n/a,0,no
Motosiklet,,KTM,125 Duke,125 Duke,CURATED_REVIEW,,,Vasıta > Motosiklet > KTM > 125 Duke,CREATE_SAFE,high,New series under mapped category,n/a,0,no
Motosiklet,,KTM,1290 Super Adventure,1290 Super Adventure,CURATED_REVIEW,,,Vasıta > Motosiklet > KTM > 1290 Super Adventure,CREATE_SAFE,high,New series under mapped category,n/a,0,no
Motosiklet,,KTM,1290 Super Duke R,1290 Super Duke R,CURATED_REVIEW,,,Vasıta > Motosiklet > KTM > 1290 Super Duke R,CREATE_SAFE,high,New series under mapped category,n/a,0,no
Motosiklet,,KTM,200 Duke,200 Duke,CURATED_REVIEW,,,Vasıta > Motosiklet > KTM > 200 Duke,CREATE_SAFE,high,New series under mapped category,n/a,0,no
Motosiklet,,KTM,250 Adventure,250 Adventure,CURATED_REVIEW,,,Vasıta > Motosiklet > KTM > 250 Adventure,CREATE_SAFE,high,New series under mapped category,n/a,0,no
Motosiklet,,KTM,250 Duke,250 Duke,CURATED_REVIEW,,,Vasıta > Motosiklet > KTM > 250 Duke,CREATE_SAFE,high,New series under mapped category,n/a,0,no
Motosiklet,,KTM,390 Adventure,390 Adventure,CURATED_REVIEW,,,Vasıta > Motosiklet > KTM > 390 Adventure,CREATE_SAFE,high,New series under mapped category,n/a,0,no
Motosiklet,,KTM,390 Duke,390 Duke,CURATED_REVIEW,,,Vasıta > Motosiklet > KTM > 390 Duke,CREATE_SAFE,high,New series under mapped category,n/a,0,no
Motosiklet,,KTM,690 Duke,690 Duke,CURATED_REVIEW,,,Vasıta > Motosiklet > KTM > 690 Duke,CREATE_SAFE,high,New series under mapped category,n/a,0,no
Motosiklet,,KTM,790 Adventure,790 Adventure,CURATED_REVIEW,,,Vasıta > Motosiklet > KTM > 790 Adventure,CREATE_SAFE,high,New series under mapped category,n/a,0,no
Motosiklet,,KTM,790 Duke,790 Duke,CURATED_REVIEW,,,Vasıta > Motosiklet > KTM > 790 Duke,CREATE_SAFE,high,New series under mapped category,n/a,0,no
Motosiklet,,KTM,890 Adventure,890 Adventure,CURATED_REVIEW,,,Vasıta > Motosiklet > KTM > 890 Adventure,CREATE_SAFE,high,New series under mapped category,n/a,0,no
Motosiklet,,KTM,890 Duke,890 Duke,CURATED_REVIEW,,,Vasıta > Motosiklet > KTM > 890 Duke,CREATE_SAFE,high,New series under mapped category,n/a,0,no
Motosiklet,,KTM,RC 125,RC 125,CURATED_REVIEW,,,Vasıta > Motosiklet > KTM > RC 125,CREATE_SAFE,high,New series under mapped category,n/a,0,no
Motosiklet,,KTM,RC 200,RC 200,CURATED_REVIEW,,,Vasıta > Motosiklet > KTM > RC 200,CREATE_SAFE,high,New series under mapped category,n/a,0,no
Motosiklet,,KTM,RC 250,RC 250,CURATED_REVIEW,,,Vasıta > Motosiklet > KTM > RC 250,CREATE_SAFE,high,New series under mapped category,n/a,0,no
Motosiklet,,KTM,RC 390,RC 390,CURATED_REVIEW,,,Vasıta > Motosiklet > KTM > RC 390,CREATE_SAFE,high,New series under mapped category,n/a,0,no
Motosiklet,,Kuba,Blueberry,Blueberry,CURATED_REVIEW,,,Vasıta > Motosiklet > Kuba > Blueberry,CREATE_SAFE,high,New series under mapped category,n/a,0,no
Motosiklet,,Kuba,Ege 50,Ege 50,CURATED_REVIEW,,,Vasıta > Motosiklet > Kuba > Ege 50,CREATE_SAFE,high,New series under mapped category,n/a,0,no
Motosiklet,,Kuba,RX9,RX9,CURATED_REVIEW,,,Vasıta > Motosiklet > Kuba > RX9,CREATE_SAFE,high,New series under mapped category,n/a,0,no
Motosiklet,,Kuba,Space 50,Space 50,CURATED_REVIEW,,,Vasıta > Motosiklet > Kuba > Space 50,CREATE_SAFE,high,New series under mapped category,n/a,0,no
Motosiklet,,Kuba,Superlight 125,Superlight 125,CURATED_REVIEW,,,Vasıta > Motosiklet > Kuba > Superlight 125,CREATE_SAFE,high,New series under mapped category,n/a,0,no
Motosiklet,,Kuba,X-Boss,X-Boss,CURATED_REVIEW,,,Vasıta > Motosiklet > Kuba > X-Boss,CREATE_SAFE,high,New series under mapped category,n/a,0,no
Motosiklet,,Kuba,XR 100,XR 100,CURATED_REVIEW,,,Vasıta > Motosiklet > Kuba > XR 100,CREATE_SAFE,high,New series under mapped category,n/a,0,no
Motosiklet,,Kuba,Çita 100R,Çita 100R,CURATED_REVIEW,,,Vasıta > Motosiklet > Kuba > Çita 100R,CREATE_SAFE,high,New series under mapped category,n/a,0,no
Motosiklet,,Kuba,Çita 125R,Çita 125R,CURATED_REVIEW,,,Vasıta > Motosiklet > Kuba > Çita 125R,CREATE_SAFE,high,New series under mapped category,n/a,0,no
Motosiklet,,Kymco,Agility 125,Agility 125,CURATED_REVIEW,,,Vasıta > Motosiklet > Kymco > Agility 125,CREATE_SAFE,high,New series under mapped category,n/a,0,no
Motosiklet,,Kymco,Agility 50,Agility 50,CURATED_REVIEW,,,Vasıta > Motosiklet > Kymco > Agility 50,CREATE_SAFE,high,New series under mapped category,n/a,0,no
Motosiklet,,Kymco,AK 550,AK 550,CURATED_REVIEW,,,Vasıta > Motosiklet > Kymco > AK 550,CREATE_SAFE,high,New series under mapped category,n/a,0,no
Motosiklet,,Kymco,Dink R 150,Dink R 150,CURATED_REVIEW,,,Vasıta > Motosiklet > Kymco > Dink R 150,CREATE_SAFE,high,New series under mapped category,n/a,0,no
Motosiklet,,Kymco,Downtown 250,Downtown 250,CURATED_REVIEW,,,Vasıta > Motosiklet > Kymco > Downtown 250,CREATE_SAFE,high,New series under mapped category,n/a,0,no
Motosiklet,,Kymco,Downtown 350,Downtown 350,CURATED_REVIEW,,,Vasıta > Motosiklet > Kymco > Downtown 350,CREATE_SAFE,high,New series under mapped category,n/a,0,no
Motosiklet,,Kymco,Like 125,Like 125,CURATED_REVIEW,,,Vasıta > Motosiklet > Kymco > Like 125,CREATE_SAFE,high,New series under mapped category,n/a,0,no
Motosiklet,,Kymco,People S 200,People S 200,CURATED_REVIEW,,,Vasıta > Motosiklet > Kymco > People S 200,CREATE_SAFE,high,New series under mapped category,n/a,0,no
Motosiklet,,Kymco,X-Town 250,X-Town 250,CURATED_REVIEW,,,Vasıta > Motosiklet > Kymco > X-Town 250,CREATE_SAFE,high,New series under mapped category,n/a,0,no
Motosiklet,,Kymco,X-Town 300,X-Town 300,CURATED_REVIEW,,,Vasıta > Motosiklet > Kymco > X-Town 300,CREATE_SAFE,high,New series under mapped category,n/a,0,no
Motosiklet,,Kymco,Xciting 400,Xciting 400,CURATED_REVIEW,,,Vasıta > Motosiklet > Kymco > Xciting 400,CREATE_SAFE,high,New series under mapped category,n/a,0,no
Motosiklet,,Lambretta,G350,G350,CURATED_REVIEW,,,Vasıta > Motosiklet > Lambretta > G350,CREATE_SAFE,high,New series under mapped category,n/a,0,no
Motosiklet,,Lambretta,V125,V125,CURATED_REVIEW,,,Vasıta > Motosiklet > Lambretta > V125,CREATE_SAFE,high,New series under mapped category,n/a,0,no
Motosiklet,,Lambretta,V200,V200,CURATED_REVIEW,,,Vasıta > Motosiklet > Lambretta > V200,CREATE_SAFE,high,New series under mapped category,n/a,0,no
Motosiklet,,Lambretta,X300,X300,CURATED_REVIEW,,,Vasıta > Motosiklet > Lambretta > X300,CREATE_SAFE,high,New series under mapped category,n/a,0,no
Motosiklet,,Lifan,Discovery 150,Discovery 150,CURATED_REVIEW,,,Vasıta > Motosiklet > Lifan > Discovery 150,CREATE_SAFE,high,New series under mapped category,n/a,0,no
Motosiklet,,Lifan,Emisol 150,Emisol 150,CURATED_REVIEW,,,Vasıta > Motosiklet > Lifan > Emisol 150,CREATE_SAFE,high,New series under mapped category,n/a,0,no
Motosiklet,,Lifan,KPR 200,KPR 200,CURATED_REVIEW,,,Vasıta > Motosiklet > Lifan > KPR 200,CREATE_SAFE,high,New series under mapped category,n/a,0,no
Motosiklet,,Lifan,LF 150,LF 150,CURATED_REVIEW,,,Vasıta > Motosiklet > Lifan > LF 150,CREATE_SAFE,high,New series under mapped category,n/a,0,no
Motosiklet,,Malaguti,Dune 125,Dune 125,CURATED_REVIEW,,,Vasıta > Motosiklet > Malaguti > Dune 125,CREATE_SAFE,high,New series under mapped category,n/a,0,no
Motosiklet,,Malaguti,Madison 300,Madison 300,CURATED_REVIEW,,,Vasıta > Motosiklet > Malaguti > Madison 300,CREATE_SAFE,high,New series under mapped category,n/a,0,no
Motosiklet,,Malaguti,Mission 125,Mission 125,CURATED_REVIEW,,,Vasıta > Motosiklet > Malaguti > Mission 125,CREATE_SAFE,high,New series under mapped category,n/a,0,no
Motosiklet,,Mondial,100 UAG,100 UAG,CURATED_REVIEW,,,Vasıta > Motosiklet > Mondial > 100 UAG,CREATE_SAFE,high,New series under mapped category,n/a,0,no
Motosiklet,,Mondial,125 Drift L,125 Drift L,CURATED_REVIEW,,,Vasıta > Motosiklet > Mondial > 125 Drift L,CREATE_SAFE,high,New series under mapped category,n/a,0,no
Motosiklet,,Mondial,125 MH Drift,125 MH Drift,CURATED_REVIEW,,,Vasıta > Motosiklet > Mondial > 125 MH Drift,CREATE_SAFE,high,New series under mapped category,n/a,0,no
Motosiklet,,Mondial,125 ZNU,125 ZNU,CURATED_REVIEW,,,Vasıta > Motosiklet > Mondial > 125 ZNU,CREATE_SAFE,high,New series under mapped category,n/a,0,no
Motosiklet,,Mondial,150 ZC,150 ZC,CURATED_REVIEW,,,Vasıta > Motosiklet > Mondial > 150 ZC,CREATE_SAFE,high,New series under mapped category,n/a,0,no
Motosiklet,,Mondial,180 Z-One,180 Z-One,CURATED_REVIEW,,,Vasıta > Motosiklet > Mondial > 180 Z-One,CREATE_SAFE,high,New series under mapped category,n/a,0,no
Motosiklet,,Mondial,250 MCT,250 MCT,CURATED_REVIEW,,,Vasıta > Motosiklet > Mondial > 250 MCT,CREATE_SAFE,high,New series under mapped category,n/a,0,no
Motosiklet,,Mondial,250 Nevada,250 Nevada,CURATED_REVIEW,cmshvhq6f0070uza8kt9ex94l,arac/motosiklet,Vasıta > Motosiklet > Mondial > 250 Nevada,KEEP_EXISTING,high,Brand/model already linked to target category,yes,0,no
Motosiklet,,Mondial,RX3i Evo,RX3i Evo,CURATED_REVIEW,,,Vasıta > Motosiklet > Mondial > RX3i Evo,CREATE_SAFE,high,New series under mapped category,n/a,0,no
Motosiklet,,Mondial,Virago 50,Virago 50,CURATED_REVIEW,,,Vasıta > Motosiklet > Mondial > Virago 50,CREATE_SAFE,high,New series under mapped category,n/a,0,no
Motosiklet,,Mondial,Wing 50,Wing 50,CURATED_REVIEW,,,Vasıta > Motosiklet > Mondial > Wing 50,CREATE_SAFE,high,New series under mapped category,n/a,0,no
Motosiklet,,Moto Guzzi,California,California,CURATED_REVIEW,,,Vasıta > Motosiklet > Moto Guzzi > California,CREATE_SAFE,high,New series under mapped category,n/a,0,no
Motosiklet,,Moto Guzzi,Mandello V100,Mandello V100,CURATED_REVIEW,,,Vasıta > Motosiklet > Moto Guzzi > Mandello V100,CREATE_SAFE,high,New series under mapped category,n/a,0,no
Motosiklet,,Moto Guzzi,Stelvio,Stelvio,CURATED_REVIEW,,,Vasıta > Motosiklet > Moto Guzzi > Stelvio,CREATE_SAFE,high,New series under mapped category,n/a,0,no
Motosiklet,,Moto Guzzi,V7,V7,CURATED_REVIEW,cmshvhq6x0072uza8mib0kg5p,arac/motosiklet,Vasıta > Motosiklet > Moto Guzzi > V7,KEEP_EXISTING,high,Brand/model already linked to target category,yes,0,no
Motosiklet,,Moto Guzzi,V85 TT,V85 TT,CURATED_REVIEW,,,Vasıta > Motosiklet > Moto Guzzi > V85 TT,CREATE_SAFE,high,New series under mapped category,n/a,0,no
Motosiklet,,Moto Guzzi,V9 Bobber,V9 Bobber,CURATED_REVIEW,,,Vasıta > Motosiklet > Moto Guzzi > V9 Bobber,CREATE_SAFE,high,New series under mapped category,n/a,0,no
Motosiklet,,Motolux,Africa Wolf,Africa Wolf,CURATED_REVIEW,,,Vasıta > Motosiklet > Motolux > Africa Wolf,CREATE_SAFE,high,New series under mapped category,n/a,0,no
Motosiklet,,Motolux,Efsane 50,Efsane 50,CURATED_REVIEW,,,Vasıta > Motosiklet > Motolux > Efsane 50,CREATE_SAFE,high,New series under mapped category,n/a,0,no
Motosiklet,,Motolux,Macchiato 125,Macchiato 125,CURATED_REVIEW,,,Vasıta > Motosiklet > Motolux > Macchiato 125,CREATE_SAFE,high,New series under mapped category,n/a,0,no
Motosiklet,,Motolux,Rossi 50,Rossi 50,CURATED_REVIEW,,,Vasıta > Motosiklet > Motolux > Rossi 50,CREATE_SAFE,high,New series under mapped category,n/a,0,no
Motosiklet,,MV Agusta,Brutale 1000,Brutale 1000,CURATED_REVIEW,,,Vasıta > Motosiklet > MV Agusta > Brutale 1000,CREATE_SAFE,high,New series under mapped category,n/a,0,no
Motosiklet,,MV Agusta,Brutale 800,Brutale 800,CURATED_REVIEW,,,Vasıta > Motosiklet > MV Agusta > Brutale 800,CREATE_SAFE,high,New series under mapped category,n/a,0,no
Motosiklet,,MV Agusta,Dragster 800,Dragster 800,CURATED_REVIEW,,,Vasıta > Motosiklet > MV Agusta > Dragster 800,CREATE_SAFE,high,New series under mapped category,n/a,0,no
Motosiklet,,MV Agusta,F3 800,F3 800,CURATED_REVIEW,,,Vasıta > Motosiklet > MV Agusta > F3 800,CREATE_SAFE,high,New series under mapped category,n/a,0,no
Motosiklet,,MV Agusta,Rush 1000,Rush 1000,CURATED_REVIEW,,,Vasıta > Motosiklet > MV Agusta > Rush 1000,CREATE_SAFE,high,New series under mapped category,n/a,0,no
Motosiklet,,MV Agusta,Superveloce 800,Superveloce 800,CURATED_REVIEW,,,Vasıta > Motosiklet > MV Agusta > Superveloce 800,CREATE_SAFE,high,New series under mapped category,n/a,0,no
Motosiklet,,MV Agusta,Turismo Veloce,Turismo Veloce,CURATED_REVIEW,,,Vasıta > Motosiklet > MV Agusta > Turismo Veloce,CREATE_SAFE,high,New series under mapped category,n/a,0,no
Motosiklet,,Neco,Alexone 125,Alexone 125,CURATED_REVIEW,,,Vasıta > Motosiklet > Neco > Alexone 125,CREATE_SAFE,high,New series under mapped category,n/a,0,no
Motosiklet,,Neco,Borsalino 125,Borsalino 125,CURATED_REVIEW,,,Vasıta > Motosiklet > Neco > Borsalino 125,CREATE_SAFE,high,New series under mapped category,n/a,0,no
Motosiklet,,Neco,Gpx 50,Gpx 50,CURATED_REVIEW,,,Vasıta > Motosiklet > Neco > Gpx 50,CREATE_SAFE,high,New series under mapped category,n/a,0,no
Motosiklet,,NIU,MQi GT,MQi GT,CURATED_REVIEW,,,Vasıta > Motosiklet > NIU > MQi GT,CREATE_SAFE,high,New series under mapped category,n/a,0,no
Motosiklet,,NIU,NQi GTS,NQi GTS,CURATED_REVIEW,,,Vasıta > Motosiklet > NIU > NQi GTS,CREATE_SAFE,high,New series under mapped category,n/a,0,no
Motosiklet,,NIU,RQi,RQi,CURATED_REVIEW,,,Vasıta > Motosiklet > NIU > RQi,CREATE_SAFE,high,New series under mapped category,n/a,0,no
Motosiklet,,NIU,UQi GT,UQi GT,CURATED_REVIEW,,,Vasıta > Motosiklet > NIU > UQi GT,CREATE_SAFE,high,New series under mapped category,n/a,0,no
Motosiklet,,Norton,Commando 961,Commando 961,CURATED_REVIEW,,,Vasıta > Motosiklet > Norton > Commando 961,CREATE_SAFE,high,New series under mapped category,n/a,0,no
Motosiklet,,Norton,V4SV,V4SV,CURATED_REVIEW,,,Vasıta > Motosiklet > Norton > V4SV,CREATE_SAFE,high,New series under mapped category,n/a,0,no
Motosiklet,,Peugeot,Belville 200,Belville 200,CURATED_REVIEW,,,Vasıta > Motosiklet > Peugeot > Belville 200,CREATE_SAFE,high,New series under mapped category,n/a,0,no
Motosiklet,,Peugeot,Django 125,Django 125,CURATED_REVIEW,,,Vasıta > Motosiklet > Peugeot > Django 125,CREATE_SAFE,high,New series under mapped category,n/a,0,no
Motosiklet,,Peugeot,Kisbee 50,Kisbee 50,CURATED_REVIEW,,,Vasıta > Motosiklet > Peugeot > Kisbee 50,CREATE_SAFE,high,New series under mapped category,n/a,0,no
Motosiklet,,Peugeot,Metropolis 400,Metropolis 400,CURATED_REVIEW,,,Vasıta > Motosiklet > Peugeot > Metropolis 400,CREATE_SAFE,high,New series under mapped category,n/a,0,no
Motosiklet,,Peugeot,Pulsion 125,Pulsion 125,CURATED_REVIEW,,,Vasıta > Motosiklet > Peugeot > Pulsion 125,CREATE_SAFE,high,New series under mapped category,n/a,0,no
Motosiklet,,Peugeot,Tweet 125,Tweet 125,CURATED_REVIEW,,,Vasıta > Motosiklet > Peugeot > Tweet 125,CREATE_SAFE,high,New series under mapped category,n/a,0,no
Motosiklet,,Peugeot,XP400,XP400,CURATED_REVIEW,,,Vasıta > Motosiklet > Peugeot > XP400,CREATE_SAFE,high,New series under mapped category,n/a,0,no
Motosiklet,,Piaggio,Beverly 300,Beverly 300,CURATED_REVIEW,,,Vasıta > Motosiklet > Piaggio > Beverly 300,CREATE_SAFE,high,New series under mapped category,n/a,0,no
Motosiklet,,Piaggio,Beverly 400,Beverly 400,CURATED_REVIEW,,,Vasıta > Motosiklet > Piaggio > Beverly 400,CREATE_SAFE,high,New series under mapped category,n/a,0,no
Motosiklet,,Piaggio,Liberty 125,Liberty 125,CURATED_REVIEW,,,Vasıta > Motosiklet > Piaggio > Liberty 125,CREATE_SAFE,high,New series under mapped category,n/a,0,no
Motosiklet,,Piaggio,Liberty 50,Liberty 50,CURATED_REVIEW,,,Vasıta > Motosiklet > Piaggio > Liberty 50,CREATE_SAFE,high,New series under mapped category,n/a,0,no
Motosiklet,,Piaggio,Medley 125,Medley 125,CURATED_REVIEW,,,Vasıta > Motosiklet > Piaggio > Medley 125,CREATE_SAFE,high,New series under mapped category,n/a,0,no
Motosiklet,,Piaggio,Medley 150,Medley 150,CURATED_REVIEW,,,Vasıta > Motosiklet > Piaggio > Medley 150,CREATE_SAFE,high,New series under mapped category,n/a,0,no
Motosiklet,,Piaggio,MP3 300,MP3 300,CURATED_REVIEW,cmshvhq8z0078uza803e44tb8,arac/motosiklet,Vasıta > Motosiklet > Piaggio > MP3 300,KEEP_EXISTING,high,Brand/model already linked to target category,yes,0,no
Motosiklet,,Piaggio,MP3 400,MP3 400,CURATED_REVIEW,,,Vasıta > Motosiklet > Piaggio > MP3 400,CREATE_SAFE,high,New series under mapped category,n/a,0,no
Motosiklet,,Piaggio,MP3 500,MP3 500,CURATED_REVIEW,,,Vasıta > Motosiklet > Piaggio > MP3 500,CREATE_SAFE,high,New series under mapped category,n/a,0,no
Motosiklet,,Piaggio,Typhoon,Typhoon,CURATED_REVIEW,,,Vasıta > Motosiklet > Piaggio > Typhoon,CREATE_SAFE,high,New series under mapped category,n/a,0,no
Motosiklet,,Piaggio,Zip,Zip,CURATED_REVIEW,,,Vasıta > Motosiklet > Piaggio > Zip,CREATE_SAFE,high,New series under mapped category,n/a,0,no
Motosiklet,,Polaris,Slingshot,Slingshot,CURATED_REVIEW,,,Vasıta > Motosiklet > Polaris > Slingshot,CREATE_SAFE,high,New series under mapped category,n/a,0,no
Motosiklet,,QJ Motor,ATR 125,ATR 125,CURATED_REVIEW,,,Vasıta > Motosiklet > QJ Motor > ATR 125,CREATE_SAFE,high,New series under mapped category,n/a,0,no
Motosiklet,,QJ Motor,Fort 350,Fort 350,CURATED_REVIEW,,,Vasıta > Motosiklet > QJ Motor > Fort 350,CREATE_SAFE,high,New series under mapped category,n/a,0,no
Motosiklet,,QJ Motor,LTR 150,LTR 150,CURATED_REVIEW,,,Vasıta > Motosiklet > QJ Motor > LTR 150,CREATE_SAFE,high,New series under mapped category,n/a,0,no
Motosiklet,,QJ Motor,MTX 125,MTX 125,CURATED_REVIEW,,,Vasıta > Motosiklet > QJ Motor > MTX 125,CREATE_SAFE,high,New series under mapped category,n/a,0,no
Motosiklet,,QJ Motor,SRK 125,SRK 125,CURATED_REVIEW,,,Vasıta > Motosiklet > QJ Motor > SRK 125,CREATE_SAFE,high,New series under mapped category,n/a,0,no
Motosiklet,,QJ Motor,SRK 250 R,SRK 250 R,CURATED_REVIEW,,,Vasıta > Motosiklet > QJ Motor > SRK 250 R,CREATE_SAFE,high,New series under mapped category,n/a,0,no
Motosiklet,,QJ Motor,SRK 400 RR,SRK 400 RR,CURATED_REVIEW,,,Vasıta > Motosiklet > QJ Motor > SRK 400 RR,CREATE_SAFE,high,New series under mapped category,n/a,0,no
Motosiklet,,QJ Motor,SRK 550,SRK 550,CURATED_REVIEW,,,Vasıta > Motosiklet > QJ Motor > SRK 550,CREATE_SAFE,high,New series under mapped category,n/a,0,no
Motosiklet,,QJ Motor,SRT 550,SRT 550,CURATED_REVIEW,,,Vasıta > Motosiklet > QJ Motor > SRT 550,CREATE_SAFE,high,New series under mapped category,n/a,0,no
Motosiklet,,QJ Motor,SRT 700,SRT 700,CURATED_REVIEW,,,Vasıta > Motosiklet > QJ Motor > SRT 700,CREATE_SAFE,high,New series under mapped category,n/a,0,no
Motosiklet,,QJ Motor,SRT 800,SRT 800,CURATED_REVIEW,,,Vasıta > Motosiklet > QJ Motor > SRT 800,CREATE_SAFE,high,New series under mapped category,n/a,0,no
Motosiklet,,QJ Motor,SVT 650,SVT 650,CURATED_REVIEW,,,Vasıta > Motosiklet > QJ Motor > SVT 650,CREATE_SAFE,high,New series under mapped category,n/a,0,no
Motosiklet,,RKS,A250,A250,CURATED_REVIEW,,,Vasıta > Motosiklet > RKS > A250,CREATE_SAFE,high,New series under mapped category,n/a,0,no
Motosiklet,,RKS,Azure 50,Azure 50,CURATED_REVIEW,,,Vasıta > Motosiklet > RKS > Azure 50,CREATE_SAFE,high,New series under mapped category,n/a,0,no
Motosiklet,,RKS,Bitter 50,Bitter 50,CURATED_REVIEW,,,Vasıta > Motosiklet > RKS > Bitter 50,CREATE_SAFE,high,New series under mapped category,n/a,0,no
Motosiklet,,RKS,Blade 250,Blade 250,CURATED_REVIEW,,,Vasıta > Motosiklet > RKS > Blade 250,CREATE_SAFE,high,New series under mapped category,n/a,0,no
Motosiklet,,RKS,Dark Blue 50,Dark Blue 50,CURATED_REVIEW,,,Vasıta > Motosiklet > RKS > Dark Blue 50,CREATE_SAFE,high,New series under mapped category,n/a,0,no
Motosiklet,,RKS,Grace 202,Grace 202,CURATED_REVIEW,,,Vasıta > Motosiklet > RKS > Grace 202,CREATE_SAFE,high,New series under mapped category,n/a,0,no
Motosiklet,,RKS,Newlight,Newlight,CURATED_REVIEW,,,Vasıta > Motosiklet > RKS > Newlight,CREATE_SAFE,high,New series under mapped category,n/a,0,no
Motosiklet,,RKS,R250,R250,CURATED_REVIEW,,,Vasıta > Motosiklet > RKS > R250,CREATE_SAFE,high,New series under mapped category,n/a,0,no
Motosiklet,,RKS,RN 180,RN 180,CURATED_REVIEW,,,Vasıta > Motosiklet > RKS > RN 180,CREATE_SAFE,high,New series under mapped category,n/a,0,no
Motosiklet,,RKS,RT250,RT250,CURATED_REVIEW,,,Vasıta > Motosiklet > RKS > RT250,CREATE_SAFE,high,New series under mapped category,n/a,0,no
Motosiklet,,RKS,Titanic 150,Titanic 150,CURATED_REVIEW,,,Vasıta > Motosiklet > RKS > Titanic 150,CREATE_SAFE,high,New series under mapped category,n/a,0,no
Motosiklet,,RKS,Wildcat 125,Wildcat 125,CURATED_REVIEW,,,Vasıta > Motosiklet > RKS > Wildcat 125,CREATE_SAFE,high,New series under mapped category,n/a,0,no
Motosiklet,,Royal Alloy,GP 125,GP 125,CURATED_REVIEW,,,Vasıta > Motosiklet > Royal Alloy > GP 125,CREATE_SAFE,high,New series under mapped category,n/a,0,no
Motosiklet,,Royal Alloy,GP 300,GP 300,CURATED_REVIEW,,,Vasıta > Motosiklet > Royal Alloy > GP 300,CREATE_SAFE,high,New series under mapped category,n/a,0,no
Motosiklet,,Royal Alloy,TG 300,TG 300,CURATED_REVIEW,,,Vasıta > Motosiklet > Royal Alloy > TG 300,CREATE_SAFE,high,New series under mapped category,n/a,0,no
Motosiklet,,Royal Enfield,Bullet 350,Bullet 350,CURATED_REVIEW,,,Vasıta > Motosiklet > Royal Enfield > Bullet 350,CREATE_SAFE,high,New series under mapped category,n/a,0,no
Motosiklet,,Royal Enfield,Classic 350,Classic 350,CURATED_REVIEW,,,Vasıta > Motosiklet > Royal Enfield > Classic 350,CREATE_SAFE,high,New series under mapped category,n/a,0,no
Motosiklet,,Royal Enfield,Continental GT 650,Continental GT 650,CURATED_REVIEW,,,Vasıta > Motosiklet > Royal Enfield > Continental GT 650,CREATE_SAFE,high,New series under mapped category,n/a,0,no
Motosiklet,,Royal Enfield,Guerrilla 450,Guerrilla 450,CURATED_REVIEW,,,Vasıta > Motosiklet > Royal Enfield > Guerrilla 450,CREATE_SAFE,high,New series under mapped category,n/a,0,no
Motosiklet,,Royal Enfield,Himalayan 411,Himalayan 411,CURATED_REVIEW,,,Vasıta > Motosiklet > Royal Enfield > Himalayan 411,CREATE_SAFE,high,New series under mapped category,n/a,0,no
Motosiklet,,Royal Enfield,Himalayan 450,Himalayan 450,CURATED_REVIEW,,,Vasıta > Motosiklet > Royal Enfield > Himalayan 450,CREATE_SAFE,high,New series under mapped category,n/a,0,no
Motosiklet,,Royal Enfield,Hunter 350,Hunter 350,CURATED_REVIEW,,,Vasıta > Motosiklet > Royal Enfield > Hunter 350,CREATE_SAFE,high,New series under mapped category,n/a,0,no
Motosiklet,,Royal Enfield,Interceptor 650,Interceptor 650,CURATED_REVIEW,,,Vasıta > Motosiklet > Royal Enfield > Interceptor 650,CREATE_SAFE,high,New series under mapped category,n/a,0,no
Motosiklet,,Royal Enfield,Meteor 350,Meteor 350,CURATED_REVIEW,,,Vasıta > Motosiklet > Royal Enfield > Meteor 350,CREATE_SAFE,high,New series under mapped category,n/a,0,no
Motosiklet,,Royal Enfield,Scram 411,Scram 411,CURATED_REVIEW,,,Vasıta > Motosiklet > Royal Enfield > Scram 411,CREATE_SAFE,high,New series under mapped category,n/a,0,no
Motosiklet,,Royal Enfield,Shotgun 650,Shotgun 650,CURATED_REVIEW,,,Vasıta > Motosiklet > Royal Enfield > Shotgun 650,CREATE_SAFE,high,New series under mapped category,n/a,0,no
Motosiklet,,Royal Enfield,Super Meteor 650,Super Meteor 650,CURATED_REVIEW,,,Vasıta > Motosiklet > Royal Enfield > Super Meteor 650,CREATE_SAFE,high,New series under mapped category,n/a,0,no
Motosiklet,,Salcano,Nova 125,Nova 125,CURATED_REVIEW,,,Vasıta > Motosiklet > Salcano > Nova 125,CREATE_SAFE,high,New series under mapped category,n/a,0,no
Motosiklet,,Salcano,Wolf 125,Wolf 125,CURATED_REVIEW,,,Vasıta > Motosiklet > Salcano > Wolf 125,CREATE_SAFE,high,New series under mapped category,n/a,0,no
Motosiklet,,Scomadi,Technica 125,Technica 125,CURATED_REVIEW,,,Vasıta > Motosiklet > Scomadi > Technica 125,CREATE_SAFE,high,New series under mapped category,n/a,0,no
Motosiklet,,Scomadi,Turismo Leggera 125,Turismo Leggera 125,CURATED_REVIEW,,,Vasıta > Motosiklet > Scomadi > Turismo Leggera 125,CREATE_SAFE,high,New series under mapped category,n/a,0,no
Motosiklet,,Scomadi,Turismo Technica 200,Turismo Technica 200,CURATED_REVIEW,,,Vasıta > Motosiklet > Scomadi > Turismo Technica 200,CREATE_SAFE,high,New series under mapped category,n/a,0,no
Motosiklet,,Segway,E110S,E110S,CURATED_REVIEW,,,Vasıta > Motosiklet > Segway > E110S,CREATE_SAFE,high,New series under mapped category,n/a,0,no
Motosiklet,,Segway,E125S,E125S,CURATED_REVIEW,,,Vasıta > Motosiklet > Segway > E125S,CREATE_SAFE,high,New series under mapped category,n/a,0,no
Motosiklet,,Segway,E300SE,E300SE,CURATED_REVIEW,,,Vasıta > Motosiklet > Segway > E300SE,CREATE_SAFE,high,New series under mapped category,n/a,0,no
Motosiklet,,Stmax,GF 910,GF 910,CURATED_REVIEW,,,Vasıta > Motosiklet > Stmax > GF 910,CREATE_SAFE,high,New series under mapped category,n/a,0,no
Motosiklet,,Stmax,Kobra,Kobra,CURATED_REVIEW,,,Vasıta > Motosiklet > Stmax > Kobra,CREATE_SAFE,high,New series under mapped category,n/a,0,no
Motosiklet,,Stmax,Lindy,Lindy,CURATED_REVIEW,,,Vasıta > Motosiklet > Stmax > Lindy,CREATE_SAFE,high,New series under mapped category,n/a,0,no
Motosiklet,,Super Soco,CPx,CPx,CURATED_REVIEW,,,Vasıta > Motosiklet > Super Soco > CPx,CREATE_SAFE,high,New series under mapped category,n/a,0,no
Motosiklet,,Super Soco,CUx,CUx,CURATED_REVIEW,,,Vasıta > Motosiklet > Super Soco > CUx,CREATE_SAFE,high,New series under mapped category,n/a,0,no
Motosiklet,,Super Soco,TC,TC,CURATED_REVIEW,,,Vasıta > Motosiklet > Super Soco > TC,CREATE_SAFE,high,New series under mapped category,n/a,0,no
Motosiklet,,Super Soco,TC Max,TC Max,CURATED_REVIEW,,,Vasıta > Motosiklet > Super Soco > TC Max,CREATE_SAFE,high,New series under mapped category,n/a,0,no
Motosiklet,,Super Soco,TS Street Hunter,TS Street Hunter,CURATED_REVIEW,,,Vasıta > Motosiklet > Super Soco > TS Street Hunter,CREATE_SAFE,high,New series under mapped category,n/a,0,no
Motosiklet,,Suzuki,Address 110,Address 110,CURATED_REVIEW,,,Vasıta > Motosiklet > Suzuki > Address 110,CREATE_SAFE,high,New series under mapped category,n/a,0,no
Motosiklet,,Suzuki,Burgman 200,Burgman 200,CURATED_REVIEW,,,Vasıta > Motosiklet > Suzuki > Burgman 200,CREATE_SAFE,high,New series under mapped category,n/a,0,no
Motosiklet,,Suzuki,Burgman 400,Burgman 400,CURATED_REVIEW,,,Vasıta > Motosiklet > Suzuki > Burgman 400,CREATE_SAFE,high,New series under mapped category,n/a,0,no
Motosiklet,,Suzuki,Burgman 650,Burgman 650,CURATED_REVIEW,,,Vasıta > Motosiklet > Suzuki > Burgman 650,CREATE_SAFE,high,New series under mapped category,n/a,0,no
Motosiklet,,Suzuki,DL1000 V-Strom,DL1000 V-Strom,CURATED_REVIEW,,,Vasıta > Motosiklet > Suzuki > DL1000 V-Strom,CREATE_SAFE,high,New series under mapped category,n/a,0,no
Motosiklet,,Suzuki,DL650 V-Strom,DL650 V-Strom,CURATED_REVIEW,,,Vasıta > Motosiklet > Suzuki > DL650 V-Strom,CREATE_SAFE,high,New series under mapped category,n/a,0,no
Motosiklet,,Suzuki,DL800 V-Strom,DL800 V-Strom,CURATED_REVIEW,,,Vasıta > Motosiklet > Suzuki > DL800 V-Strom,CREATE_SAFE,high,New series under mapped category,n/a,0,no
Motosiklet,,Suzuki,GSX-8R,GSX-8R,CURATED_REVIEW,,,Vasıta > Motosiklet > Suzuki > GSX-8R,CREATE_SAFE,high,New series under mapped category,n/a,0,no
Motosiklet,,Suzuki,GSX-8S,GSX-8S,CURATED_REVIEW,,,Vasıta > Motosiklet > Suzuki > GSX-8S,CREATE_SAFE,high,New series under mapped category,n/a,0,no
Motosiklet,,Suzuki,GSX-R1000,GSX-R1000,CURATED_REVIEW,,,Vasıta > Motosiklet > Suzuki > GSX-R1000,CREATE_SAFE,high,New series under mapped category,n/a,0,no
Motosiklet,,Suzuki,GSX-R600,GSX-R600,CURATED_REVIEW,,,Vasıta > Motosiklet > Suzuki > GSX-R600,CREATE_SAFE,high,New series under mapped category,n/a,0,no
Motosiklet,,Suzuki,GSX-R750,GSX-R750,CURATED_REVIEW,cmshvhqcq007kuza8ec2m6uup,arac/motosiklet,Vasıta > Motosiklet > Suzuki > GSX-R750,KEEP_EXISTING,high,Brand/model already linked to target category,yes,0,no
Motosiklet,,Suzuki,GSX-S1000,GSX-S1000,CURATED_REVIEW,,,Vasıta > Motosiklet > Suzuki > GSX-S1000,CREATE_SAFE,high,New series under mapped category,n/a,0,no
Motosiklet,,Suzuki,GSX-S750,GSX-S750,CURATED_REVIEW,,,Vasıta > Motosiklet > Suzuki > GSX-S750,CREATE_SAFE,high,New series under mapped category,n/a,0,no
Motosiklet,,Suzuki,Hayabusa,Hayabusa,CURATED_REVIEW,,,Vasıta > Motosiklet > Suzuki > Hayabusa,CREATE_SAFE,high,New series under mapped category,n/a,0,no
Motosiklet,,Suzuki,Intruder,Intruder,CURATED_REVIEW,,,Vasıta > Motosiklet > Suzuki > Intruder,CREATE_SAFE,high,New series under mapped category,n/a,0,no
Motosiklet,,Suzuki,SV650,SV650,CURATED_REVIEW,,,Vasıta > Motosiklet > Suzuki > SV650,CREATE_SAFE,high,New series under mapped category,n/a,0,no
Motosiklet,,SYM,ADX 125,ADX 125,CURATED_REVIEW,,,Vasıta > Motosiklet > SYM > ADX 125,CREATE_SAFE,high,New series under mapped category,n/a,0,no
Motosiklet,,SYM,Cruisym 250,Cruisym 250,CURATED_REVIEW,,,Vasıta > Motosiklet > SYM > Cruisym 250,CREATE_SAFE,high,New series under mapped category,n/a,0,no
Motosiklet,,SYM,Cruisym 300,Cruisym 300,CURATED_REVIEW,,,Vasıta > Motosiklet > SYM > Cruisym 300,CREATE_SAFE,high,New series under mapped category,n/a,0,no
Motosiklet,,SYM,Fiddle 3,Fiddle 3,CURATED_REVIEW,,,Vasıta > Motosiklet > SYM > Fiddle 3,CREATE_SAFE,high,New series under mapped category,n/a,0,no
Motosiklet,,SYM,Jet 14,Jet 14,CURATED_REVIEW,,,Vasıta > Motosiklet > SYM > Jet 14,CREATE_SAFE,high,New series under mapped category,n/a,0,no
Motosiklet,,SYM,Joymax Z 250,Joymax Z 250,CURATED_REVIEW,,,Vasıta > Motosiklet > SYM > Joymax Z 250,CREATE_SAFE,high,New series under mapped category,n/a,0,no
Motosiklet,,SYM,Joymax Z 300,Joymax Z 300,CURATED_REVIEW,,,Vasıta > Motosiklet > SYM > Joymax Z 300,CREATE_SAFE,high,New series under mapped category,n/a,0,no
Motosiklet,,SYM,Maxsym 400,Maxsym 400,CURATED_REVIEW,,,Vasıta > Motosiklet > SYM > Maxsym 400,CREATE_SAFE,high,New series under mapped category,n/a,0,no
Motosiklet,,SYM,Maxsym TL 508,Maxsym TL 508,CURATED_REVIEW,,,Vasıta > Motosiklet > SYM > Maxsym TL 508,CREATE_SAFE,high,New series under mapped category,n/a,0,no
Motosiklet,,SYM,NH-T 200,NH-T 200,CURATED_REVIEW,,,Vasıta > Motosiklet > SYM > NH-T 200,CREATE_SAFE,high,New series under mapped category,n/a,0,no
Motosiklet,,SYM,Symphony ST 125,Symphony ST 125,CURATED_REVIEW,,,Vasıta > Motosiklet > SYM > Symphony ST 125,CREATE_SAFE,high,New series under mapped category,n/a,0,no
Motosiklet,,TGB,Blade 550,Blade 550,CURATED_REVIEW,,,Vasıta > Motosiklet > TGB > Blade 550,CREATE_SAFE,high,New series under mapped category,n/a,0,no
Motosiklet,,TGB,X-Motion 250,X-Motion 250,CURATED_REVIEW,,,Vasıta > Motosiklet > TGB > X-Motion 250,CREATE_SAFE,high,New series under mapped category,n/a,0,no
Motosiklet,,Triumph,Bonneville Bobber,Bonneville Bobber,CURATED_REVIEW,,,Vasıta > Motosiklet > Triumph > Bonneville Bobber,CREATE_SAFE,high,New series under mapped category,n/a,0,no
Motosiklet,,Triumph,Bonneville T100,Bonneville T100,CURATED_REVIEW,,,Vasıta > Motosiklet > Triumph > Bonneville T100,CREATE_SAFE,high,New series under mapped category,n/a,0,no
Motosiklet,,Triumph,Bonneville T120,Bonneville T120,CURATED_REVIEW,cmshvhqf5007suza8tkru07j4,arac/motosiklet,Vasıta > Motosiklet > Triumph > Bonneville T120,KEEP_EXISTING,high,Brand/model already linked to target category,yes,0,no
Motosiklet,,Triumph,Daytona 660,Daytona 660,CURATED_REVIEW,,,Vasıta > Motosiklet > Triumph > Daytona 660,CREATE_SAFE,high,New series under mapped category,n/a,0,no
Motosiklet,,Triumph,Rocket 3,Rocket 3,CURATED_REVIEW,,,Vasıta > Motosiklet > Triumph > Rocket 3,CREATE_SAFE,high,New series under mapped category,n/a,0,no
Motosiklet,,Triumph,Scrambler 400 X,Scrambler 400 X,CURATED_REVIEW,,,Vasıta > Motosiklet > Triumph > Scrambler 400 X,CREATE_SAFE,high,New series under mapped category,n/a,0,no
Motosiklet,,Triumph,Scrambler 900,Scrambler 900,CURATED_REVIEW,,,Vasıta > Motosiklet > Triumph > Scrambler 900,CREATE_SAFE,high,New series under mapped category,n/a,0,no
Motosiklet,,Triumph,Speed 400,Speed 400,CURATED_REVIEW,,,Vasıta > Motosiklet > Triumph > Speed 400,CREATE_SAFE,high,New series under mapped category,n/a,0,no
Motosiklet,,Triumph,Speed Triple,Speed Triple,CURATED_REVIEW,,,Vasıta > Motosiklet > Triumph > Speed Triple,CREATE_SAFE,high,New series under mapped category,n/a,0,no
Motosiklet,,Triumph,Street Triple,Street Triple,CURATED_REVIEW,,,Vasıta > Motosiklet > Triumph > Street Triple,CREATE_SAFE,high,New series under mapped category,n/a,0,no
Motosiklet,,Triumph,Tiger 1200,Tiger 1200,CURATED_REVIEW,,,Vasıta > Motosiklet > Triumph > Tiger 1200,CREATE_SAFE,high,New series under mapped category,n/a,0,no
Motosiklet,,Triumph,Tiger 660,Tiger 660,CURATED_REVIEW,,,Vasıta > Motosiklet > Triumph > Tiger 660,CREATE_SAFE,high,New series under mapped category,n/a,0,no
Motosiklet,,Triumph,Tiger 850 Sport,Tiger 850 Sport,CURATED_REVIEW,,,Vasıta > Motosiklet > Triumph > Tiger 850 Sport,CREATE_SAFE,high,New series under mapped category,n/a,0,no
Motosiklet,,Triumph,Tiger 900,Tiger 900,CURATED_REVIEW,,,Vasıta > Motosiklet > Triumph > Tiger 900,CREATE_SAFE,high,New series under mapped category,n/a,0,no
Motosiklet,,Triumph,Trident 660,Trident 660,CURATED_REVIEW,,,Vasıta > Motosiklet > Triumph > Trident 660,CREATE_SAFE,high,New series under mapped category,n/a,0,no
Motosiklet,,TVS,Apache RR 310,Apache RR 310,CURATED_REVIEW,,,Vasıta > Motosiklet > TVS > Apache RR 310,CREATE_SAFE,high,New series under mapped category,n/a,0,no
Motosiklet,,TVS,Apache RTR 160,Apache RTR 160,CURATED_REVIEW,,,Vasıta > Motosiklet > TVS > Apache RTR 160,CREATE_SAFE,high,New series under mapped category,n/a,0,no
Motosiklet,,TVS,Apache RTR 200,Apache RTR 200,CURATED_REVIEW,,,Vasıta > Motosiklet > TVS > Apache RTR 200,CREATE_SAFE,high,New series under mapped category,n/a,0,no
Motosiklet,,TVS,Jupiter 125,Jupiter 125,CURATED_REVIEW,,,Vasıta > Motosiklet > TVS > Jupiter 125,CREATE_SAFE,high,New series under mapped category,n/a,0,no
Motosiklet,,TVS,NTorq 125,NTorq 125,CURATED_REVIEW,,,Vasıta > Motosiklet > TVS > NTorq 125,CREATE_SAFE,high,New series under mapped category,n/a,0,no
Motosiklet,,TVS,Raider 125,Raider 125,CURATED_REVIEW,,,Vasıta > Motosiklet > TVS > Raider 125,CREATE_SAFE,high,New series under mapped category,n/a,0,no
Motosiklet,,TVS,Ronin 225,Ronin 225,CURATED_REVIEW,,,Vasıta > Motosiklet > TVS > Ronin 225,CREATE_SAFE,high,New series under mapped category,n/a,0,no
Motosiklet,,Vespa,946,946,CURATED_REVIEW,,,Vasıta > Motosiklet > Vespa > 946,CREATE_SAFE,high,New series under mapped category,n/a,0,no
Motosiklet,,Vespa,GTS 125,GTS 125,CURATED_REVIEW,,,Vasıta > Motosiklet > Vespa > GTS 125,CREATE_SAFE,high,New series under mapped category,n/a,0,no
Motosiklet,,Vespa,GTS 250,GTS 250,CURATED_REVIEW,,,Vasıta > Motosiklet > Vespa > GTS 250,CREATE_SAFE,high,New series under mapped category,n/a,0,no
Motosiklet,,Vespa,GTS 300,GTS 300,CURATED_REVIEW,,,Vasıta > Motosiklet > Vespa > GTS 300,CREATE_SAFE,high,New series under mapped category,n/a,0,no
Motosiklet,,Vespa,GTV 300,GTV 300,CURATED_REVIEW,,,Vasıta > Motosiklet > Vespa > GTV 300,CREATE_SAFE,high,New series under mapped category,n/a,0,no
Motosiklet,,Vespa,Primavera 125,Primavera 125,CURATED_REVIEW,,,Vasıta > Motosiklet > Vespa > Primavera 125,CREATE_SAFE,high,New series under mapped category,n/a,0,no
Motosiklet,,Vespa,Primavera 150,Primavera 150,CURATED_REVIEW,,,Vasıta > Motosiklet > Vespa > Primavera 150,CREATE_SAFE,high,New series under mapped category,n/a,0,no
Motosiklet,,Vespa,Primavera 50,Primavera 50,CURATED_REVIEW,,,Vasıta > Motosiklet > Vespa > Primavera 50,CREATE_SAFE,high,New series under mapped category,n/a,0,no
Motosiklet,,Vespa,Sprint 125,Sprint 125,CURATED_REVIEW,,,Vasıta > Motosiklet > Vespa > Sprint 125,CREATE_SAFE,high,New series under mapped category,n/a,0,no
Motosiklet,,Vespa,Sprint 150,Sprint 150,CURATED_REVIEW,,,Vasıta > Motosiklet > Vespa > Sprint 150,CREATE_SAFE,high,New series under mapped category,n/a,0,no
Motosiklet,,Vespa,Sprint 50,Sprint 50,CURATED_REVIEW,,,Vasıta > Motosiklet > Vespa > Sprint 50,CREATE_SAFE,high,New series under mapped category,n/a,0,no
Motosiklet,,Voge,125 R,125 R,CURATED_REVIEW,,,Vasıta > Motosiklet > Voge > 125 R,CREATE_SAFE,high,New series under mapped category,n/a,0,no
Motosiklet,,Voge,250 Rally,250 Rally,CURATED_REVIEW,,,Vasıta > Motosiklet > Voge > 250 Rally,CREATE_SAFE,high,New series under mapped category,n/a,0,no
Motosiklet,,Voge,300 AC,300 AC,CURATED_REVIEW,,,Vasıta > Motosiklet > Voge > 300 AC,CREATE_SAFE,high,New series under mapped category,n/a,0,no
Motosiklet,,Voge,300 DS,300 DS,CURATED_REVIEW,,,Vasıta > Motosiklet > Voge > 300 DS,CREATE_SAFE,high,New series under mapped category,n/a,0,no
Motosiklet,,Voge,300 Rally,300 Rally,CURATED_REVIEW,,,Vasıta > Motosiklet > Voge > 300 Rally,CREATE_SAFE,high,New series under mapped category,n/a,0,no
Motosiklet,,Voge,500 AC,500 AC,CURATED_REVIEW,,,Vasıta > Motosiklet > Voge > 500 AC,CREATE_SAFE,high,New series under mapped category,n/a,0,no
Motosiklet,,Voge,500 DS,500 DS,CURATED_REVIEW,,,Vasıta > Motosiklet > Voge > 500 DS,CREATE_SAFE,high,New series under mapped category,n/a,0,no
Motosiklet,,Voge,525 ACX,525 ACX,CURATED_REVIEW,,,Vasıta > Motosiklet > Voge > 525 ACX,CREATE_SAFE,high,New series under mapped category,n/a,0,no
Motosiklet,,Voge,525 DSX,525 DSX,CURATED_REVIEW,,,Vasıta > Motosiklet > Voge > 525 DSX,CREATE_SAFE,high,New series under mapped category,n/a,0,no
Motosiklet,,Voge,625 DSX,625 DSX,CURATED_REVIEW,,,Vasıta > Motosiklet > Voge > 625 DSX,CREATE_SAFE,high,New series under mapped category,n/a,0,no
Motosiklet,,Voge,900 DSX,900 DSX,CURATED_REVIEW,,,Vasıta > Motosiklet > Voge > 900 DSX,CREATE_SAFE,high,New series under mapped category,n/a,0,no
Motosiklet,,Volta,Apec APX5,Apec APX5,CURATED_REVIEW,,,Vasıta > Motosiklet > Volta > Apec APX5,CREATE_SAFE,high,New series under mapped category,n/a,0,no
Motosiklet,,Volta,RM5,RM5,CURATED_REVIEW,,,Vasıta > Motosiklet > Volta > RM5,CREATE_SAFE,high,New series under mapped category,n/a,0,no
Motosiklet,,Volta,RS5,RS5,CURATED_REVIEW,,,Vasıta > Motosiklet > Volta > RS5,CREATE_SAFE,high,New series under mapped category,n/a,0,no
Motosiklet,,Volta,VS1,VS1,CURATED_REVIEW,,,Vasıta > Motosiklet > Volta > VS1,CREATE_SAFE,high,New series under mapped category,n/a,0,no
Motosiklet,,Volta,VS2,VS2,CURATED_REVIEW,,,Vasıta > Motosiklet > Volta > VS2,CREATE_SAFE,high,New series under mapped category,n/a,0,no
Motosiklet,,Volta,VSM,VSM,CURATED_REVIEW,,,Vasıta > Motosiklet > Volta > VSM,CREATE_SAFE,high,New series under mapped category,n/a,0,no
Motosiklet,,Yamaha,Aerox 155,Aerox 155,CURATED_REVIEW,,,Vasıta > Motosiklet > Yamaha > Aerox 155,CREATE_SAFE,high,New series under mapped category,n/a,0,no
Motosiklet,,Yamaha,Bolt,Bolt,CURATED_REVIEW,,,Vasıta > Motosiklet > Yamaha > Bolt,CREATE_SAFE,high,New series under mapped category,n/a,0,no
Motosiklet,,Yamaha,Cygnus L,Cygnus L,CURATED_REVIEW,,,Vasıta > Motosiklet > Yamaha > Cygnus L,CREATE_SAFE,high,New series under mapped category,n/a,0,no
Motosiklet,,Yamaha,Delight,Delight,CURATED_REVIEW,,,Vasıta > Motosiklet > Yamaha > Delight,CREATE_SAFE,high,New series under mapped category,n/a,0,no
Motosiklet,,Yamaha,FJR1300,FJR1300,CURATED_REVIEW,,,Vasıta > Motosiklet > Yamaha > FJR1300,CREATE_SAFE,high,New series under mapped category,n/a,0,no
Motosiklet,,Yamaha,MT-07,MT-07,CURATED_REVIEW,cmshtjjhw005wuz6s06y22esn,arac/motosiklet,Vasıta > Motosiklet > Yamaha > MT-07,KEEP_EXISTING,high,Brand/model already linked to target category,yes,0,no
Motosiklet,,Yamaha,MT-09,MT-09,CURATED_REVIEW,,,Vasıta > Motosiklet > Yamaha > MT-09,CREATE_SAFE,high,New series under mapped category,n/a,0,no
Motosiklet,,Yamaha,MT-10,MT-10,CURATED_REVIEW,,,Vasıta > Motosiklet > Yamaha > MT-10,CREATE_SAFE,high,New series under mapped category,n/a,0,no
Motosiklet,,Yamaha,NMAX 125,NMAX 125,CURATED_REVIEW,,,Vasıta > Motosiklet > Yamaha > NMAX 125,CREATE_SAFE,high,New series under mapped category,n/a,0,no
Motosiklet,,Yamaha,NMAX 155,NMAX 155,CURATED_REVIEW,,,Vasıta > Motosiklet > Yamaha > NMAX 155,CREATE_SAFE,high,New series under mapped category,n/a,0,no
Motosiklet,,Yamaha,R1,R1,CURATED_REVIEW,,,Vasıta > Motosiklet > Yamaha > R1,CREATE_SAFE,high,New series under mapped category,n/a,0,no
Motosiklet,,Yamaha,R25,R25,CURATED_REVIEW,cmshtjjh3005uuz6scrqa53iz,arac/motosiklet,Vasıta > Motosiklet > Yamaha > R25,UPDATE_NAME_SAFE,high,Rename ProductModel YZF-R25 → R25,yes,0,no
Motosiklet,,Yamaha,R6,R6,CURATED_REVIEW,,,Vasıta > Motosiklet > Yamaha > R6,CREATE_SAFE,high,New series under mapped category,n/a,0,no
Motosiklet,,Yamaha,R7,R7,CURATED_REVIEW,,,Vasıta > Motosiklet > Yamaha > R7,CREATE_SAFE,high,New series under mapped category,n/a,0,no
Motosiklet,,Yamaha,Tenere 700,Tenere 700,CURATED_REVIEW,,,Vasıta > Motosiklet > Yamaha > Tenere 700,CREATE_SAFE,high,New series under mapped category,n/a,0,no
Motosiklet,,Yamaha,Tracer 7,Tracer 7,CURATED_REVIEW,,,Vasıta > Motosiklet > Yamaha > Tracer 7,CREATE_SAFE,high,New series under mapped category,n/a,0,no
Motosiklet,,Yamaha,Tracer 9,Tracer 9,CURATED_REVIEW,,,Vasıta > Motosiklet > Yamaha > Tracer 9,CREATE_SAFE,high,New series under mapped category,n/a,0,no
Motosiklet,,Yamaha,Tricity 300,Tricity 300,CURATED_REVIEW,,,Vasıta > Motosiklet > Yamaha > Tricity 300,CREATE_SAFE,high,New series under mapped category,n/a,0,no
Motosiklet,,Yamaha,XMAX 250,XMAX 250,CURATED_REVIEW,,,Vasıta > Motosiklet > Yamaha > XMAX 250,CREATE_SAFE,high,New series under mapped category,n/a,0,no
Motosiklet,,Yamaha,XMAX 300,XMAX 300,CURATED_REVIEW,,,Vasıta > Motosiklet > Yamaha > XMAX 300,CREATE_SAFE,high,New series under mapped category,n/a,0,no
Motosiklet,,Yamaha,XMAX 400,XMAX 400,CURATED_REVIEW,,,Vasıta > Motosiklet > Yamaha > XMAX 400,CREATE_SAFE,high,New series under mapped category,n/a,0,no
Motosiklet,,Yamaha,YZF-R125,YZF-R125,CURATED_REVIEW,,,Vasıta > Motosiklet > Yamaha > YZF-R125,CREATE_SAFE,high,New series under mapped category,n/a,0,no
Motosiklet,,Yamaha,YZF-R3,YZF-R3,CURATED_REVIEW,,,Vasıta > Motosiklet > Yamaha > YZF-R3,CREATE_SAFE,high,New series under mapped category,n/a,0,no
Motosiklet,,Yuki,Active 125,Active 125,CURATED_REVIEW,,,Vasıta > Motosiklet > Yuki > Active 125,CREATE_SAFE,high,New series under mapped category,n/a,0,no
Motosiklet,,Yuki,Casper S,Casper S,CURATED_REVIEW,,,Vasıta > Motosiklet > Yuki > Casper S,CREATE_SAFE,high,New series under mapped category,n/a,0,no
Motosiklet,,Yuki,Hammer 50,Hammer 50,CURATED_REVIEW,,,Vasıta > Motosiklet > Yuki > Hammer 50,CREATE_SAFE,high,New series under mapped category,n/a,0,no
Motosiklet,,Yuki,Legend 50,Legend 50,CURATED_REVIEW,,,Vasıta > Motosiklet > Yuki > Legend 50,CREATE_SAFE,high,New series under mapped category,n/a,0,no
Motosiklet,,Yuki,Matrix 125,Matrix 125,CURATED_REVIEW,,,Vasıta > Motosiklet > Yuki > Matrix 125,CREATE_SAFE,high,New series under mapped category,n/a,0,no
Motosiklet,,Yuki,Spitzer,Spitzer,CURATED_REVIEW,,,Vasıta > Motosiklet > Yuki > Spitzer,CREATE_SAFE,high,New series under mapped category,n/a,0,no
Motosiklet,,Yuki,Taro GP1,Taro GP1,CURATED_REVIEW,,,Vasıta > Motosiklet > Yuki > Taro GP1,CREATE_SAFE,high,New series under mapped category,n/a,0,no
Motosiklet,,Zontes,125 G1,125 G1,CURATED_REVIEW,,,Vasıta > Motosiklet > Zontes > 125 G1,CREATE_SAFE,high,New series under mapped category,n/a,0,no
Motosiklet,,Zontes,125 U,125 U,CURATED_REVIEW,,,Vasıta > Motosiklet > Zontes > 125 U,CREATE_SAFE,high,New series under mapped category,n/a,0,no
Motosiklet,,Zontes,125 U1,125 U1,CURATED_REVIEW,,,Vasıta > Motosiklet > Zontes > 125 U1,CREATE_SAFE,high,New series under mapped category,n/a,0,no
Motosiklet,,Zontes,125 X,125 X,CURATED_REVIEW,,,Vasıta > Motosiklet > Zontes > 125 X,CREATE_SAFE,high,New series under mapped category,n/a,0,no
Motosiklet,,Zontes,250 R,250 R,CURATED_REVIEW,,,Vasıta > Motosiklet > Zontes > 250 R,CREATE_SAFE,high,New series under mapped category,n/a,0,no
Motosiklet,,Zontes,310 M,310 M,CURATED_REVIEW,,,Vasıta > Motosiklet > Zontes > 310 M,CREATE_SAFE,high,New series under mapped category,n/a,0,no
Motosiklet,,Zontes,350 D,350 D,CURATED_REVIEW,,,Vasıta > Motosiklet > Zontes > 350 D,CREATE_SAFE,high,New series under mapped category,n/a,0,no
Motosiklet,,Zontes,350 E,350 E,CURATED_REVIEW,,,Vasıta > Motosiklet > Zontes > 350 E,CREATE_SAFE,high,New series under mapped category,n/a,0,no
Motosiklet,,Zontes,350 GK,350 GK,CURATED_REVIEW,,,Vasıta > Motosiklet > Zontes > 350 GK,CREATE_SAFE,high,New series under mapped category,n/a,0,no
Motosiklet,,Zontes,350 R,350 R,CURATED_REVIEW,,,Vasıta > Motosiklet > Zontes > 350 R,CREATE_SAFE,high,New series under mapped category,n/a,0,no
Motosiklet,,Zontes,350 T,350 T,CURATED_REVIEW,,,Vasıta > Motosiklet > Zontes > 350 T,CREATE_SAFE,high,New series under mapped category,n/a,0,no
Motosiklet,,Zontes,350 V,350 V,CURATED_REVIEW,,,Vasıta > Motosiklet > Zontes > 350 V,CREATE_SAFE,high,New series under mapped category,n/a,0,no
Motosiklet,,Zontes,368 G,368 G,CURATED_REVIEW,,,Vasıta > Motosiklet > Zontes > 368 G,CREATE_SAFE,high,New series under mapped category,n/a,0,no
Minivan & Panelvan,,Askam,Fargo,Fargo,CURATED_REVIEW,,,Vasıta > Minivan & Panelvan > Askam > Fargo,CREATE_SAFE,high,New series under mapped category,n/a,0,no
Minivan & Panelvan,,BMC,Levend,Levend,CURATED_REVIEW,,,Vasıta > Minivan & Panelvan > BMC > Levend,CREATE_SAFE,high,New series under mapped category,n/a,0,no
Minivan & Panelvan,,BMC,Megastar,Megastar,CURATED_REVIEW,,,Vasıta > Minivan & Panelvan > BMC > Megastar,CREATE_SAFE,high,New series under mapped category,n/a,0,no
Minivan & Panelvan,,Chery,Taxim,Taxim,CURATED_REVIEW,,,Vasıta > Minivan & Panelvan > Chery > Taxim,CREATE_SAFE,high,New series under mapped category,n/a,0,no
Minivan & Panelvan,,Chevrolet,Astro,Astro,CURATED_REVIEW,,,Vasıta > Minivan & Panelvan > Chevrolet > Astro,CREATE_SAFE,high,New series under mapped category,n/a,0,no
Minivan & Panelvan,,Chevrolet,Express,Express,CURATED_REVIEW,,,Vasıta > Minivan & Panelvan > Chevrolet > Express,CREATE_SAFE,high,New series under mapped category,n/a,0,no
Minivan & Panelvan,,Chrysler,Grand Voyager,Grand Voyager,CURATED_REVIEW,,,Vasıta > Minivan & Panelvan > Chrysler > Grand Voyager,CREATE_SAFE,high,New series under mapped category,n/a,0,no
Minivan & Panelvan,,Chrysler,Voyager,Voyager,CURATED_REVIEW,,,Vasıta > Minivan & Panelvan > Chrysler > Voyager,CREATE_SAFE,high,New series under mapped category,n/a,0,no
Minivan & Panelvan,,Citroen,Berlingo,1.5 BlueHDi Feel | 1.5 BlueHDi Shine | Van,CURATED_REVIEW,,,Vasıta > Minivan & Panelvan > Citroen > Berlingo,CREATE_SAFE,high,New series under mapped category,n/a,0,no
Minivan & Panelvan,,Citroen,Jumper,2.2 BlueHDi L2H2 | 2.2 BlueHDi L4H3,CURATED_REVIEW,,,Vasıta > Minivan & Panelvan > Citroen > Jumper,CREATE_SAFE,high,New series under mapped category,n/a,0,no
Minivan & Panelvan,,Citroen,Jumpy,1.5 BlueHDi | 2.0 BlueHDi,CURATED_REVIEW,,,Vasıta > Minivan & Panelvan > Citroen > Jumpy,CREATE_SAFE,high,New series under mapped category,n/a,0,no
Minivan & Panelvan,,Citroen,Nemo,1.3 HDi,CURATED_REVIEW,,,Vasıta > Minivan & Panelvan > Citroen > Nemo,CREATE_SAFE,high,New series under mapped category,n/a,0,no
Minivan & Panelvan,,Dacia,Dokker,1.5 dCi Ambiance | 1.5 dCi Stepway,CURATED_REVIEW,,,Vasıta > Minivan & Panelvan > Dacia > Dokker,CREATE_SAFE,high,New series under mapped category,n/a,0,no
Minivan & Panelvan,,Dacia,Lodgy,1.5 dCi Laureate | 1.5 dCi Stepway,CURATED_REVIEW,,,Vasıta > Minivan & Panelvan > Dacia > Lodgy,CREATE_SAFE,high,New series under mapped category,n/a,0,no
Minivan & Panelvan,,DFM,Rich,Rich,CURATED_REVIEW,,,Vasıta > Minivan & Panelvan > DFM > Rich,CREATE_SAFE,high,New series under mapped category,n/a,0,no
Minivan & Panelvan,,DFM,Succe,Succe,CURATED_REVIEW,,,Vasıta > Minivan & Panelvan > DFM > Succe,CREATE_SAFE,high,New series under mapped category,n/a,0,no
Minivan & Panelvan,,DFSK,C31,C31,CURATED_REVIEW,,,Vasıta > Minivan & Panelvan > DFSK > C31,CREATE_SAFE,high,New series under mapped category,n/a,0,no
Minivan & Panelvan,,DFSK,C32,C32,CURATED_REVIEW,,,Vasıta > Minivan & Panelvan > DFSK > C32,CREATE_SAFE,high,New series under mapped category,n/a,0,no
Minivan & Panelvan,,DFSK,C35,C35,CURATED_REVIEW,,,Vasıta > Minivan & Panelvan > DFSK > C35,CREATE_SAFE,high,New series under mapped category,n/a,0,no
Minivan & Panelvan,,Dodge,Ram Van,Ram Van,CURATED_REVIEW,,,Vasıta > Minivan & Panelvan > Dodge > Ram Van,CREATE_SAFE,high,New series under mapped category,n/a,0,no
Minivan & Panelvan,,Fiat,Doblo Cargo,1.3 Multijet | 1.6 Multijet | 1.9 D,CURATED_REVIEW,,,Vasıta > Minivan & Panelvan > Fiat > Doblo Cargo,CREATE_SAFE,high,New series under mapped category,n/a,0,no
Minivan & Panelvan,,Fiat,Doblo Combi,1.3 Multijet Safeline | 1.6 Multijet Premio,CURATED_REVIEW,,,Vasıta > Minivan & Panelvan > Fiat > Doblo Combi,CREATE_SAFE,high,New series under mapped category,n/a,0,no
Minivan & Panelvan,,Fiat,Ducato,2.2 Multijet L2H2 | 2.3 Multijet L4H3,CURATED_REVIEW,cmshtjjvu0076uz6sdjjq2qmn,arac/minivan-panelvan,Vasıta > Minivan & Panelvan > Fiat > Ducato,KEEP_EXISTING,high,Brand/model already linked to target category,yes,0,no
Minivan & Panelvan,,Fiat,Fiorino Cargo,1.3 Multijet,CURATED_REVIEW,,,Vasıta > Minivan & Panelvan > Fiat > Fiorino Cargo,CREATE_SAFE,high,New series under mapped category,n/a,0,no
Minivan & Panelvan,,Fiat,Fiorino Panorama,1.3 Multijet Pop | Premio,CURATED_REVIEW,,,Vasıta > Minivan & Panelvan > Fiat > Fiorino Panorama,CREATE_SAFE,high,New series under mapped category,n/a,0,no
Minivan & Panelvan,,Fiat,Scudo,2.0 Multijet,CURATED_REVIEW,,,Vasıta > Minivan & Panelvan > Fiat > Scudo,CREATE_SAFE,high,New series under mapped category,n/a,0,no
Minivan & Panelvan,,Fiat,Talento,1.6 Multijet,CURATED_REVIEW,,,Vasıta > Minivan & Panelvan > Fiat > Talento,CREATE_SAFE,high,New series under mapped category,n/a,0,no
Minivan & Panelvan,,Ford,Tourneo Connect,1.5 EcoBlue Titanium,CURATED_REVIEW,,,Vasıta > Minivan & Panelvan > Ford > Tourneo Connect,CREATE_SAFE,high,New series under mapped category,n/a,0,no
Minivan & Panelvan,,Ford,Tourneo Courier,1.0 EcoBoost Titanium | 1.5 TDCi Titanium,CURATED_REVIEW,,,Vasıta > Minivan & Panelvan > Ford > Tourneo Courier,CREATE_SAFE,high,New series under mapped category,n/a,0,no
Minivan & Panelvan,,Ford,Tourneo Custom,2.0 EcoBlue Titanium,CURATED_REVIEW,,,Vasıta > Minivan & Panelvan > Ford > Tourneo Custom,CREATE_SAFE,high,New series under mapped category,n/a,0,no
Minivan & Panelvan,,Ford,Transit,2.0 EcoBlue 350L | 2.2 TDCi 350M,CURATED_REVIEW,cmshtjjru006suz6soq02cwyk,arac/minivan-panelvan | arac/ticari-araclar,Vasıta > Minivan & Panelvan > Ford > Transit,KEEP_EXISTING,high,Brand/model already linked to target category,yes,0,no
Minivan & Panelvan,,Ford,Transit Connect,1.5 TDCi Trend,CURATED_REVIEW,,,Vasıta > Minivan & Panelvan > Ford > Transit Connect,CREATE_SAFE,high,New series under mapped category,n/a,0,no
Minivan & Panelvan,,Ford,Transit Courier,1.5 EcoBlue Trend,CURATED_REVIEW,,,Vasıta > Minivan & Panelvan > Ford > Transit Courier,CREATE_SAFE,high,New series under mapped category,n/a,0,no
Minivan & Panelvan,,Ford,Transit Custom,2.0 EcoBlue Trend,CURATED_REVIEW,cmshtjjsm006uuz6suuqi8x9r,arac/minivan-panelvan,Vasıta > Minivan & Panelvan > Ford > Transit Custom,KEEP_EXISTING,high,Brand/model already linked to target category,yes,0,no
Minivan & Panelvan,,GAZ,Gazelle,Gazelle,CURATED_REVIEW,,,Vasıta > Minivan & Panelvan > GAZ > Gazelle,CREATE_SAFE,high,New series under mapped category,n/a,0,no
Minivan & Panelvan,,GAZ,Sobol,Sobol,CURATED_REVIEW,,,Vasıta > Minivan & Panelvan > GAZ > Sobol,CREATE_SAFE,high,New series under mapped category,n/a,0,no
Minivan & Panelvan,,GMC,Savana,Savana,CURATED_REVIEW,,,Vasıta > Minivan & Panelvan > GMC > Savana,CREATE_SAFE,high,New series under mapped category,n/a,0,no
Minivan & Panelvan,,Hyundai,H-1,2.5 CRDi Elite | Panelvan,CURATED_REVIEW,,,Vasıta > Minivan & Panelvan > Hyundai > H-1,CREATE_SAFE,high,New series under mapped category,n/a,0,no
Minivan & Panelvan,,Hyundai,H100,2.5 CRDi,CURATED_REVIEW,,,Vasıta > Minivan & Panelvan > Hyundai > H100,CREATE_SAFE,high,New series under mapped category,n/a,0,no
Minivan & Panelvan,,Iveco,Daily,35C15 | 35S16 | 50C15 | 70C15,CURATED_REVIEW,cmshtjkc7007kuz6s5rodb3gh,arac/ticari-araclar,Vasıta > Minivan & Panelvan > Iveco > Daily,MANUAL_REVIEW,low,Cross body-type category move blocked: [arac/ticari-araclar] → arac/minivan-panelvan,yes,0,yes
Minivan & Panelvan,,Kia,Besta,Besta,CURATED_REVIEW,,,Vasıta > Minivan & Panelvan > Kia > Besta,CREATE_SAFE,high,New series under mapped category,n/a,0,no
Minivan & Panelvan,,Kia,Carnival,Carnival,CURATED_REVIEW,,,Vasıta > Minivan & Panelvan > Kia > Carnival,CREATE_SAFE,high,New series under mapped category,n/a,0,no
Minivan & Panelvan,,Kia,Pregio,Pregio,CURATED_REVIEW,,,Vasıta > Minivan & Panelvan > Kia > Pregio,CREATE_SAFE,high,New series under mapped category,n/a,0,no
Minivan & Panelvan,,Lancia,Phedra,Phedra,CURATED_REVIEW,,,Vasıta > Minivan & Panelvan > Lancia > Phedra,CREATE_SAFE,high,New series under mapped category,n/a,0,no
Minivan & Panelvan,,Lancia,Voyager,Voyager,CURATED_REVIEW,,,Vasıta > Minivan & Panelvan > Lancia > Voyager,CREATE_SAFE,high,New series under mapped category,n/a,0,no
Minivan & Panelvan,,MAN,TGE,TGE,CURATED_REVIEW,,,Vasıta > Minivan & Panelvan > MAN > TGE,CREATE_SAFE,high,New series under mapped category,n/a,0,no
Minivan & Panelvan,,Maxus,Deliver 3,Electric,CURATED_REVIEW,,,Vasıta > Minivan & Panelvan > Maxus > Deliver 3,CREATE_SAFE,high,New series under mapped category,n/a,0,no
Minivan & Panelvan,,Maxus,Deliver 7,Diesel | Electric,CURATED_REVIEW,,,Vasıta > Minivan & Panelvan > Maxus > Deliver 7,CREATE_SAFE,high,New series under mapped category,n/a,0,no
Minivan & Panelvan,,Maxus,Deliver 9,Diesel | Electric,CURATED_REVIEW,,,Vasıta > Minivan & Panelvan > Maxus > Deliver 9,CREATE_SAFE,high,New series under mapped category,n/a,0,no
Minivan & Panelvan,,Maxus,eDeliver 5,eDeliver 5,CURATED_REVIEW,,,Vasıta > Minivan & Panelvan > Maxus > eDeliver 5,CREATE_SAFE,high,New series under mapped category,n/a,0,no
Minivan & Panelvan,,Maxus,eDeliver 9,eDeliver 9,CURATED_REVIEW,,,Vasıta > Minivan & Panelvan > Maxus > eDeliver 9,CREATE_SAFE,high,New series under mapped category,n/a,0,no
Minivan & Panelvan,,Mazda,E2000,E2000,CURATED_REVIEW,,,Vasıta > Minivan & Panelvan > Mazda > E2000,CREATE_SAFE,high,New series under mapped category,n/a,0,no
Minivan & Panelvan,,Mazda,E2200,E2200,CURATED_REVIEW,,,Vasıta > Minivan & Panelvan > Mazda > E2200,CREATE_SAFE,high,New series under mapped category,n/a,0,no
Minivan & Panelvan,,Mercedes-Benz,Citan,108 CDI | 109 CDI | 111 CDI,CURATED_REVIEW,,,Vasıta > Minivan & Panelvan > Mercedes-Benz > Citan,CREATE_SAFE,high,New series under mapped category,n/a,0,no
Minivan & Panelvan,,Mercedes-Benz,Sprinter,313 CDI | 315 CDI | 316 CDI | 319 CDI | 413 CDI | 515 CDI,CURATED_REVIEW,cmshtjjtg006yuz6sngillu1a,arac/minivan-panelvan | arac/ticari-araclar,Vasıta > Minivan & Panelvan > Mercedes-Benz > Sprinter,KEEP_EXISTING,high,Brand/model already linked to target category,yes,0,no
Minivan & Panelvan,,Mercedes-Benz,Vaneo,Vaneo,CURATED_REVIEW,,,Vasıta > Minivan & Panelvan > Mercedes-Benz > Vaneo,CREATE_SAFE,high,New series under mapped category,n/a,0,no
Minivan & Panelvan,,Mercedes-Benz,Viano,2.2 CDI Ambiente,CURATED_REVIEW,,,Vasıta > Minivan & Panelvan > Mercedes-Benz > Viano,CREATE_SAFE,high,New series under mapped category,n/a,0,no
Minivan & Panelvan,,Mercedes-Benz,Vito,111 CDI | 114 CDI | 119 CDI Tourer,CURATED_REVIEW,cmshtjju40070uz6sgvpxwvyw,arac/minivan-panelvan,Vasıta > Minivan & Panelvan > Mercedes-Benz > Vito,KEEP_EXISTING,high,Brand/model already linked to target category,yes,0,no
Minivan & Panelvan,,Mitsubishi,L300,2.5 D,CURATED_REVIEW,,,Vasıta > Minivan & Panelvan > Mitsubishi > L300,CREATE_SAFE,high,New series under mapped category,n/a,0,no
Minivan & Panelvan,,Mitsubishi,L400,L400,CURATED_REVIEW,,,Vasıta > Minivan & Panelvan > Mitsubishi > L400,CREATE_SAFE,high,New series under mapped category,n/a,0,no
Minivan & Panelvan,,Nissan,NV200,1.5 dCi | Evalia,CURATED_REVIEW,,,Vasıta > Minivan & Panelvan > Nissan > NV200,CREATE_SAFE,high,New series under mapped category,n/a,0,no
Minivan & Panelvan,,Nissan,NV300,1.6 dCi,CURATED_REVIEW,,,Vasıta > Minivan & Panelvan > Nissan > NV300,CREATE_SAFE,high,New series under mapped category,n/a,0,no
Minivan & Panelvan,,Nissan,NV400,2.3 dCi,CURATED_REVIEW,,,Vasıta > Minivan & Panelvan > Nissan > NV400,CREATE_SAFE,high,New series under mapped category,n/a,0,no
Minivan & Panelvan,,Nissan,Primastar,Primastar,CURATED_REVIEW,,,Vasıta > Minivan & Panelvan > Nissan > Primastar,CREATE_SAFE,high,New series under mapped category,n/a,0,no
Minivan & Panelvan,,Nissan,Townstar,EV,CURATED_REVIEW,,,Vasıta > Minivan & Panelvan > Nissan > Townstar,CREATE_SAFE,high,New series under mapped category,n/a,0,no
Minivan & Panelvan,,Nissan,Vanette,Vanette,CURATED_REVIEW,,,Vasıta > Minivan & Panelvan > Nissan > Vanette,CREATE_SAFE,high,New series under mapped category,n/a,0,no
Minivan & Panelvan,,Opel,Combo,1.3 CDTI City Plus | 1.5 D Edition,CURATED_REVIEW,,,Vasıta > Minivan & Panelvan > Opel > Combo,CREATE_SAFE,high,New series under mapped category,n/a,0,no
Minivan & Panelvan,,Opel,Movano,2.3 CDTI L3H2,CURATED_REVIEW,,,Vasıta > Minivan & Panelvan > Opel > Movano,CREATE_SAFE,high,New series under mapped category,n/a,0,no
Minivan & Panelvan,,Opel,Vivaro,1.6 CDTI | 2.0 D,CURATED_REVIEW,,,Vasıta > Minivan & Panelvan > Opel > Vivaro,CREATE_SAFE,high,New series under mapped category,n/a,0,no
Minivan & Panelvan,,Peugeot,Bipper,1.3 HDi,CURATED_REVIEW,,,Vasıta > Minivan & Panelvan > Peugeot > Bipper,CREATE_SAFE,high,New series under mapped category,n/a,0,no
Minivan & Panelvan,,Peugeot,Boxer,2.2 BlueHDi L3H2,CURATED_REVIEW,,,Vasıta > Minivan & Panelvan > Peugeot > Boxer,CREATE_SAFE,high,New series under mapped category,n/a,0,no
Minivan & Panelvan,,Peugeot,Expert,1.5 BlueHDi | 2.0 BlueHDi,CURATED_REVIEW,,,Vasıta > Minivan & Panelvan > Peugeot > Expert,CREATE_SAFE,high,New series under mapped category,n/a,0,no
Minivan & Panelvan,,Peugeot,Partner,1.5 BlueHDi Premium | 1.6 HDi Tepee,CURATED_REVIEW,,,Vasıta > Minivan & Panelvan > Peugeot > Partner,CREATE_SAFE,high,New series under mapped category,n/a,0,no
Minivan & Panelvan,,Peugeot,Rifter,1.5 BlueHDi Allure,CURATED_REVIEW,,,Vasıta > Minivan & Panelvan > Peugeot > Rifter,CREATE_SAFE,high,New series under mapped category,n/a,0,no
Minivan & Panelvan,,Pontiac,Montana,Montana,CURATED_REVIEW,,,Vasıta > Minivan & Panelvan > Pontiac > Montana,CREATE_SAFE,high,New series under mapped category,n/a,0,no
Minivan & Panelvan,,Pontiac,Trans Sport,Trans Sport,CURATED_REVIEW,,,Vasıta > Minivan & Panelvan > Pontiac > Trans Sport,CREATE_SAFE,high,New series under mapped category,n/a,0,no
Minivan & Panelvan,,Renault,Express Van,1.5 Blue dCi,CURATED_REVIEW,,,Vasıta > Minivan & Panelvan > Renault > Express Van,CREATE_SAFE,high,New series under mapped category,n/a,0,no
Minivan & Panelvan,,Renault,Kangoo,1.5 dCi Express | 1.5 dCi Multix,CURATED_REVIEW,cmshtjjy8007euz6se5lu09hq,arac/minivan-panelvan,Vasıta > Minivan & Panelvan > Renault > Kangoo,KEEP_EXISTING,high,Brand/model already linked to target category,yes,0,no
Minivan & Panelvan,,Renault,Master,2.3 dCi L2H2 | 2.3 dCi L4H3,CURATED_REVIEW,cmshtjjxm007cuz6s9mc65p25,arac/minivan-panelvan,Vasıta > Minivan & Panelvan > Renault > Master,KEEP_EXISTING,high,Brand/model already linked to target category,yes,0,no
Minivan & Panelvan,,Renault,Trafic,1.6 dCi | 2.0 Blue dCi,CURATED_REVIEW,cmshtjjwu007auz6s7n8kn07a,arac/minivan-panelvan,Vasıta > Minivan & Panelvan > Renault > Trafic,KEEP_EXISTING,high,Brand/model already linked to target category,yes,0,no
Minivan & Panelvan,,Seat,Inca,Inca,CURATED_REVIEW,,,Vasıta > Minivan & Panelvan > Seat > Inca,CREATE_SAFE,high,New series under mapped category,n/a,0,no
Minivan & Panelvan,,Skoda,Praktik,Praktik,CURATED_REVIEW,,,Vasıta > Minivan & Panelvan > Skoda > Praktik,CREATE_SAFE,high,New series under mapped category,n/a,0,no
Minivan & Panelvan,,Suzuki,Carry,Carry,CURATED_REVIEW,,,Vasıta > Minivan & Panelvan > Suzuki > Carry,CREATE_SAFE,high,New series under mapped category,n/a,0,no
Minivan & Panelvan,,Suzuki,Super Carry,Super Carry,CURATED_REVIEW,,,Vasıta > Minivan & Panelvan > Suzuki > Super Carry,CREATE_SAFE,high,New series under mapped category,n/a,0,no
Minivan & Panelvan,,Tenax,V1,V1,CURATED_REVIEW,,,Vasıta > Minivan & Panelvan > Tenax > V1,CREATE_SAFE,high,New series under mapped category,n/a,0,no
Minivan & Panelvan,,Toyota,Hiace,Hiace,CURATED_REVIEW,,,Vasıta > Minivan & Panelvan > Toyota > Hiace,CREATE_SAFE,high,New series under mapped category,n/a,0,no
Minivan & Panelvan,,Toyota,Proace,2.0 D Comfort,CURATED_REVIEW,,,Vasıta > Minivan & Panelvan > Toyota > Proace,CREATE_SAFE,high,New series under mapped category,n/a,0,no
Minivan & Panelvan,,Toyota,Proace City,1.5 D Dream | 1.5 D Cargo,CURATED_REVIEW,,,Vasıta > Minivan & Panelvan > Toyota > Proace City,CREATE_SAFE,high,New series under mapped category,n/a,0,no
Minivan & Panelvan,,Volkswagen,Caddy,1.6 TDI Comfortline | 2.0 TDI Life | Cargo,CURATED_REVIEW,cmshtjjqx006ouz6s5awhpuis,arac/minivan-panelvan,Vasıta > Minivan & Panelvan > Volkswagen > Caddy,KEEP_EXISTING,high,Brand/model already linked to target category,yes,0,no
Minivan & Panelvan,,Volkswagen,Crafter,2.0 TDI L3H2 | L4H3,CURATED_REVIEW,cmshtjk9r007iuz6siqv8al9z,arac/ticari-araclar,Vasıta > Minivan & Panelvan > Volkswagen > Crafter,MANUAL_REVIEW,low,Cross body-type category move blocked: [arac/ticari-araclar] → arac/minivan-panelvan,yes,0,yes
Minivan & Panelvan,,Volkswagen,Multivan,2.0 TDI | 1.4 eHybrid,CURATED_REVIEW,cmshtjjrg006quz6sq20c00mn,arac/minivan-panelvan,Vasıta > Minivan & Panelvan > Volkswagen > Multivan,KEEP_EXISTING,high,Brand/model already linked to target category,yes,0,no
Minivan & Panelvan,,Volkswagen,Transporter,2.0 TDI City Van | Panel Van | Caravelle,CURATED_REVIEW,cmshtjjq3006muz6sc94hyp8b,arac/minivan-panelvan | arac/ticari-araclar,Vasıta > Minivan & Panelvan > Volkswagen > Transporter,KEEP_EXISTING,high,Brand/model already linked to target category,yes,0,no
Ticari Araçlar,Minibüs & Midibüs,BMC,Neocity,Neocity,CURATED_REVIEW,,,Vasıta > Ticari Araçlar > BMC > Neocity,CREATE_SAFE,high,New series under mapped category,n/a,0,no
Ticari Araçlar,Minibüs & Midibüs,BMC,Probus,Probus,CURATED_REVIEW,,,Vasıta > Ticari Araçlar > BMC > Probus,CREATE_SAFE,high,New series under mapped category,n/a,0,no
Ticari Araçlar,Minibüs & Midibüs,Ford,Tourneo Custom,Tourneo Custom,CURATED_REVIEW,,,Vasıta > Ticari Araçlar > Ford > Tourneo Custom,CREATE_SAFE,high,New series under mapped category,n/a,0,no
Ticari Araçlar,Minibüs & Midibüs,Ford,Transit,14+1 | 16+1 | 19+1,CURATED_REVIEW,cmshtjjru006suz6soq02cwyk,arac/minivan-panelvan | arac/ticari-araclar,Vasıta > Ticari Araçlar > Ford > Transit,KEEP_EXISTING,high,Brand/model already linked to target category,yes,0,no
Ticari Araçlar,Minibüs & Midibüs,Isuzu,Novo,Novo,CURATED_REVIEW,,,Vasıta > Ticari Araçlar > Isuzu > Novo,CREATE_SAFE,high,New series under mapped category,n/a,0,no
Ticari Araçlar,Minibüs & Midibüs,Isuzu,Turquoise,Turquoise,CURATED_REVIEW,,,Vasıta > Ticari Araçlar > Isuzu > Turquoise,CREATE_SAFE,high,New series under mapped category,n/a,0,no
Ticari Araçlar,Minibüs & Midibüs,Isuzu,Visigo,Visigo,CURATED_REVIEW,,,Vasıta > Ticari Araçlar > Isuzu > Visigo,CREATE_SAFE,high,New series under mapped category,n/a,0,no
Ticari Araçlar,Minibüs & Midibüs,Iveco,Daily,50C15 | 70C15,CURATED_REVIEW,cmshtjkc7007kuz6s5rodb3gh,arac/ticari-araclar,Vasıta > Ticari Araçlar > Iveco > Daily,KEEP_EXISTING,high,Brand/model already linked to target category,yes,0,no
Ticari Araçlar,Minibüs & Midibüs,Iveco,Mobi,Mobi,CURATED_REVIEW,,,Vasıta > Ticari Araçlar > Iveco > Mobi,CREATE_SAFE,high,New series under mapped category,n/a,0,no
Ticari Araçlar,Minibüs & Midibüs,Karsan,Atak,Atak,CURATED_REVIEW,,,Vasıta > Ticari Araçlar > Karsan > Atak,CREATE_SAFE,high,New series under mapped category,n/a,0,no
Ticari Araçlar,Minibüs & Midibüs,Karsan,Jest,Jest,CURATED_REVIEW,,,Vasıta > Ticari Araçlar > Karsan > Jest,CREATE_SAFE,high,New series under mapped category,n/a,0,no
Ticari Araçlar,Minibüs & Midibüs,Karsan,Jest Electric,Jest Electric,CURATED_REVIEW,,,Vasıta > Ticari Araçlar > Karsan > Jest Electric,CREATE_SAFE,high,New series under mapped category,n/a,0,no
Ticari Araçlar,Minibüs & Midibüs,Karsan,Star,Star,CURATED_REVIEW,,,Vasıta > Ticari Araçlar > Karsan > Star,CREATE_SAFE,high,New series under mapped category,n/a,0,no
Ticari Araçlar,Minibüs & Midibüs,Mercedes-Benz,Sprinter,316 CDI | 416 CDI | 515 CDI,CURATED_REVIEW,cmshtjjtg006yuz6sngillu1a,arac/minivan-panelvan | arac/ticari-araclar,Vasıta > Ticari Araçlar > Mercedes-Benz > Sprinter,KEEP_EXISTING,high,Brand/model already linked to target category,yes,0,no
Ticari Araçlar,Minibüs & Midibüs,Mercedes-Benz,Tourismo,Tourismo,CURATED_REVIEW,,,Vasıta > Ticari Araçlar > Mercedes-Benz > Tourismo,CREATE_SAFE,high,New series under mapped category,n/a,0,no
Ticari Araçlar,Minibüs & Midibüs,Mercedes-Benz,Vito,Vito,CURATED_REVIEW,cmshtjju40070uz6sgvpxwvyw,arac/minivan-panelvan,Vasıta > Ticari Araçlar > Mercedes-Benz > Vito,MANUAL_REVIEW,low,Cross body-type category move blocked: [arac/minivan-panelvan] → arac/ticari-araclar,yes,0,yes
Ticari Araçlar,Minibüs & Midibüs,Otokar,Centro,Centro,CURATED_REVIEW,,,Vasıta > Ticari Araçlar > Otokar > Centro,CREATE_SAFE,high,New series under mapped category,n/a,0,no
Ticari Araçlar,Minibüs & Midibüs,Otokar,Doruk,Doruk,CURATED_REVIEW,,,Vasıta > Ticari Araçlar > Otokar > Doruk,CREATE_SAFE,high,New series under mapped category,n/a,0,no
Ticari Araçlar,Minibüs & Midibüs,Otokar,Navigo,Navigo,CURATED_REVIEW,,,Vasıta > Ticari Araçlar > Otokar > Navigo,CREATE_SAFE,high,New series under mapped category,n/a,0,no
Ticari Araçlar,Minibüs & Midibüs,Otokar,Sultan,Sultan,CURATED_REVIEW,cmshvhqud0092uza80v4m62rg,arac/ticari-araclar,Vasıta > Ticari Araçlar > Otokar > Sultan,KEEP_EXISTING,high,Brand/model already linked to target category,yes,0,no
Ticari Araçlar,Minibüs & Midibüs,Temsa,MD9,MD9,CURATED_REVIEW,,,Vasıta > Ticari Araçlar > Temsa > MD9,CREATE_SAFE,high,New series under mapped category,n/a,0,no
Ticari Araçlar,Minibüs & Midibüs,Temsa,Opalin,Opalin,CURATED_REVIEW,cmshvhqye009guza8ixnkqeel,arac/ticari-araclar,Vasıta > Ticari Araçlar > Temsa > Opalin,KEEP_EXISTING,high,Brand/model already linked to target category,yes,0,no
Ticari Araçlar,Minibüs & Midibüs,Temsa,Prestij,Prestij,CURATED_REVIEW,,,Vasıta > Ticari Araçlar > Temsa > Prestij,CREATE_SAFE,high,New series under mapped category,n/a,0,no
Ticari Araçlar,Otobüs,BMC,Procity,Procity,CURATED_REVIEW,,,Vasıta > Ticari Araçlar > BMC > Procity,CREATE_SAFE,high,New series under mapped category,n/a,0,no
Ticari Araçlar,Otobüs,Isuzu,Citibus,Citibus,CURATED_REVIEW,,,Vasıta > Ticari Araçlar > Isuzu > Citibus,CREATE_SAFE,high,New series under mapped category,n/a,0,no
Ticari Araçlar,Otobüs,Isuzu,Citiport,Citiport,CURATED_REVIEW,,,Vasıta > Ticari Araçlar > Isuzu > Citiport,CREATE_SAFE,high,New series under mapped category,n/a,0,no
Ticari Araçlar,Otobüs,Isuzu,Novociti,Novociti,CURATED_REVIEW,,,Vasıta > Ticari Araçlar > Isuzu > Novociti,CREATE_SAFE,high,New series under mapped category,n/a,0,no
Ticari Araçlar,Otobüs,MAN,Lion's City,Lion's City,CURATED_REVIEW,,,Vasıta > Ticari Araçlar > MAN > Lion's City,CREATE_SAFE,high,New series under mapped category,n/a,0,no
Ticari Araçlar,Otobüs,MAN,Lion's Coach,Lion's Coach,CURATED_REVIEW,,,Vasıta > Ticari Araçlar > MAN > Lion's Coach,CREATE_SAFE,high,New series under mapped category,n/a,0,no
Ticari Araçlar,Otobüs,MAN,Neoplan Cityliner,Neoplan Cityliner,CURATED_REVIEW,,,Vasıta > Ticari Araçlar > MAN > Neoplan Cityliner,CREATE_SAFE,high,New series under mapped category,n/a,0,no
Ticari Araçlar,Otobüs,MAN,Neoplan Tourliner,Neoplan Tourliner,CURATED_REVIEW,,,Vasıta > Ticari Araçlar > MAN > Neoplan Tourliner,CREATE_SAFE,high,New series under mapped category,n/a,0,no
Ticari Araçlar,Otobüs,Mercedes-Benz,Citaro,Citaro,CURATED_REVIEW,,,Vasıta > Ticari Araçlar > Mercedes-Benz > Citaro,CREATE_SAFE,high,New series under mapped category,n/a,0,no
Ticari Araçlar,Otobüs,Mercedes-Benz,Conecto,Conecto,CURATED_REVIEW,,,Vasıta > Ticari Araçlar > Mercedes-Benz > Conecto,CREATE_SAFE,high,New series under mapped category,n/a,0,no
Ticari Araçlar,Otobüs,Mercedes-Benz,Intouro,Intouro,CURATED_REVIEW,,,Vasıta > Ticari Araçlar > Mercedes-Benz > Intouro,CREATE_SAFE,high,New series under mapped category,n/a,0,no
Ticari Araçlar,Otobüs,Mercedes-Benz,Travego,Travego,CURATED_REVIEW,,,Vasıta > Ticari Araçlar > Mercedes-Benz > Travego,CREATE_SAFE,high,New series under mapped category,n/a,0,no
Ticari Araçlar,Otobüs,Otokar,Kent,Kent,CURATED_REVIEW,cmshvhqto0090uza82lvu7bwy,arac/ticari-araclar,Vasıta > Ticari Araçlar > Otokar > Kent,KEEP_EXISTING,high,Brand/model already linked to target category,yes,0,no
Ticari Araçlar,Otobüs,Otokar,Territo,Territo,CURATED_REVIEW,,,Vasıta > Ticari Araçlar > Otokar > Territo,CREATE_SAFE,high,New series under mapped category,n/a,0,no
Ticari Araçlar,Otobüs,Otokar,Vectio,Vectio,CURATED_REVIEW,,,Vasıta > Ticari Araçlar > Otokar > Vectio,CREATE_SAFE,high,New series under mapped category,n/a,0,no
Ticari Araçlar,Otobüs,Setra,S 415,S 415,CURATED_REVIEW,,,Vasıta > Ticari Araçlar > Setra > S 415,CREATE_SAFE,high,New series under mapped category,n/a,0,no
Ticari Araçlar,Otobüs,Setra,S 416,S 416,CURATED_REVIEW,,,Vasıta > Ticari Araçlar > Setra > S 416,CREATE_SAFE,high,New series under mapped category,n/a,0,no
Ticari Araçlar,Otobüs,Setra,S 417,S 417,CURATED_REVIEW,,,Vasıta > Ticari Araçlar > Setra > S 417,CREATE_SAFE,high,New series under mapped category,n/a,0,no
Ticari Araçlar,Otobüs,Setra,S 431,S 431,CURATED_REVIEW,,,Vasıta > Ticari Araçlar > Setra > S 431,CREATE_SAFE,high,New series under mapped category,n/a,0,no
Ticari Araçlar,Otobüs,Temsa,Avenue,Avenue,CURATED_REVIEW,,,Vasıta > Ticari Araçlar > Temsa > Avenue,CREATE_SAFE,high,New series under mapped category,n/a,0,no
Ticari Araçlar,Otobüs,Temsa,Maraton,Maraton,CURATED_REVIEW,,,Vasıta > Ticari Araçlar > Temsa > Maraton,CREATE_SAFE,high,New series under mapped category,n/a,0,no
Ticari Araçlar,Otobüs,Temsa,Safir,Safir,CURATED_REVIEW,cmshvhqxm009euza8j23gr6sn,arac/ticari-araclar,Vasıta > Ticari Araçlar > Temsa > Safir,KEEP_EXISTING,high,Brand/model already linked to target category,yes,0,no
Ticari Araçlar,Otobüs,Temsa,Tourmalin,Tourmalin,CURATED_REVIEW,,,Vasıta > Ticari Araçlar > Temsa > Tourmalin,CREATE_SAFE,high,New series under mapped category,n/a,0,no
Ticari Araçlar,Kamyon & Kamyonet,Askam,AS 250,AS 250,CURATED_REVIEW,,,Vasıta > Ticari Araçlar > Askam > AS 250,CREATE_SAFE,high,New series under mapped category,n/a,0,no
Ticari Araçlar,Kamyon & Kamyonet,Askam,Desoto Fargo,Desoto Fargo,CURATED_REVIEW,,,Vasıta > Ticari Araçlar > Askam > Desoto Fargo,CREATE_SAFE,high,New series under mapped category,n/a,0,no
Ticari Araçlar,Kamyon & Kamyonet,BMC,Fatih,Fatih,CURATED_REVIEW,,,Vasıta > Ticari Araçlar > BMC > Fatih,CREATE_SAFE,high,New series under mapped category,n/a,0,no
Ticari Araçlar,Kamyon & Kamyonet,BMC,Pro 1142,Pro 1142,CURATED_REVIEW,,,Vasıta > Ticari Araçlar > BMC > Pro 1142,CREATE_SAFE,high,New series under mapped category,n/a,0,no
Ticari Araçlar,Kamyon & Kamyonet,BMC,Profesyonel,Profesyonel,CURATED_REVIEW,,,Vasıta > Ticari Araçlar > BMC > Profesyonel,CREATE_SAFE,high,New series under mapped category,n/a,0,no
Ticari Araçlar,Kamyon & Kamyonet,BMC,Tuğra,Tuğra,CURATED_REVIEW,cmshvhqkq008auza8dz5nz5cv,arac/ticari-araclar,Vasıta > Ticari Araçlar > BMC > Tuğra,KEEP_EXISTING,high,Brand/model already linked to target category,yes,0,no
Ticari Araçlar,Kamyon & Kamyonet,DAF,CF,CF 450,CURATED_REVIEW,cmshvhqmm008guza8sxva4so5,arac/ticari-araclar,Vasıta > Ticari Araçlar > DAF > CF,KEEP_EXISTING,high,Brand/model already linked to target category,yes,0,no
Ticari Araçlar,Kamyon & Kamyonet,DAF,LF,LF,CURATED_REVIEW,,,Vasıta > Ticari Araçlar > DAF > LF,CREATE_SAFE,high,New series under mapped category,n/a,0,no
Ticari Araçlar,Kamyon & Kamyonet,DAF,XF,XF 480 | XF 530,CURATED_REVIEW,cmshvhqlx008euza8pl6po8sb,arac/ticari-araclar,Vasıta > Ticari Araçlar > DAF > XF,KEEP_EXISTING,high,Brand/model already linked to target category,yes,0,no
Ticari Araçlar,Kamyon & Kamyonet,DAF,XG,XG,CURATED_REVIEW,,,Vasıta > Ticari Araçlar > DAF > XG,CREATE_SAFE,high,New series under mapped category,n/a,0,no
Ticari Araçlar,Kamyon & Kamyonet,DAF,XG+,XG+,CURATED_REVIEW,,,Vasıta > Ticari Araçlar > DAF > XG+,CREATE_SAFE,high,New series under mapped category,n/a,0,no
Ticari Araçlar,Kamyon & Kamyonet,Ford,Cargo,1833 | 1838T | 2533 | 3230 | 3542D | 1846T,CURATED_REVIEW,,,Vasıta > Ticari Araçlar > Ford > Cargo,CREATE_SAFE,high,New series under mapped category,n/a,0,no
Ticari Araçlar,Kamyon & Kamyonet,Ford,F-Max,500,CURATED_REVIEW,,,Vasıta > Ticari Araçlar > Ford > F-Max,CREATE_SAFE,high,New series under mapped category,n/a,0,no
Ticari Araçlar,Kamyon & Kamyonet,Hyundai,HD35,HD35,CURATED_REVIEW,,,Vasıta > Ticari Araçlar > Hyundai > HD35,CREATE_SAFE,high,New series under mapped category,n/a,0,no
Ticari Araçlar,Kamyon & Kamyonet,Hyundai,HD65,HD65,CURATED_REVIEW,,,Vasıta > Ticari Araçlar > Hyundai > HD65,CREATE_SAFE,high,New series under mapped category,n/a,0,no
Ticari Araçlar,Kamyon & Kamyonet,Hyundai,HD75,HD75,CURATED_REVIEW,,,Vasıta > Ticari Araçlar > Hyundai > HD75,CREATE_SAFE,high,New series under mapped category,n/a,0,no
Ticari Araçlar,Kamyon & Kamyonet,Hyundai,Mighty,Mighty,CURATED_REVIEW,,,Vasıta > Ticari Araçlar > Hyundai > Mighty,CREATE_SAFE,high,New series under mapped category,n/a,0,no
Ticari Araçlar,Kamyon & Kamyonet,Isuzu,FVR,FVR,CURATED_REVIEW,,,Vasıta > Ticari Araçlar > Isuzu > FVR,CREATE_SAFE,high,New series under mapped category,n/a,0,no
Ticari Araçlar,Kamyon & Kamyonet,Isuzu,NLR,NLR,CURATED_REVIEW,cmshvhqoz008ouza8zqpg6ixf,arac/ticari-araclar,Vasıta > Ticari Araçlar > Isuzu > NLR,KEEP_EXISTING,high,Brand/model already linked to target category,yes,0,no
Ticari Araçlar,Kamyon & Kamyonet,Isuzu,NMR,NMR,CURATED_REVIEW,,,Vasıta > Ticari Araçlar > Isuzu > NMR,CREATE_SAFE,high,New series under mapped category,n/a,0,no
Ticari Araçlar,Kamyon & Kamyonet,Isuzu,NPR,3D | 5 | 10,CURATED_REVIEW,cmshvhqoa008muza8xap1l1h5,arac/ticari-araclar,Vasıta > Ticari Araçlar > Isuzu > NPR,KEEP_EXISTING,high,Brand/model already linked to target category,yes,0,no
Ticari Araçlar,Kamyon & Kamyonet,Isuzu,NQR,NQR,CURATED_REVIEW,,,Vasıta > Ticari Araçlar > Isuzu > NQR,CREATE_SAFE,high,New series under mapped category,n/a,0,no
Ticari Araçlar,Kamyon & Kamyonet,Iveco,Eurocargo,Eurocargo,CURATED_REVIEW,cmshtjkda007muz6sztbbasdi,arac/ticari-araclar,Vasıta > Ticari Araçlar > Iveco > Eurocargo,KEEP_EXISTING,high,Brand/model already linked to target category,yes,0,no
Ticari Araçlar,Kamyon & Kamyonet,Iveco,S-Way,490 | 570,CURATED_REVIEW,,,Vasıta > Ticari Araçlar > Iveco > S-Way,CREATE_SAFE,high,New series under mapped category,n/a,0,no
Ticari Araçlar,Kamyon & Kamyonet,Iveco,Stralis,450 | 480,CURATED_REVIEW,,,Vasıta > Ticari Araçlar > Iveco > Stralis,CREATE_SAFE,high,New series under mapped category,n/a,0,no
Ticari Araçlar,Kamyon & Kamyonet,Iveco,Trakker,Trakker,CURATED_REVIEW,,,Vasıta > Ticari Araçlar > Iveco > Trakker,CREATE_SAFE,high,New series under mapped category,n/a,0,no
Ticari Araçlar,Kamyon & Kamyonet,MAN,TGL,8.180 | 12.220,CURATED_REVIEW,,,Vasıta > Ticari Araçlar > MAN > TGL,CREATE_SAFE,high,New series under mapped category,n/a,0,no
Ticari Araçlar,Kamyon & Kamyonet,MAN,TGM,18.290 | 18.320,CURATED_REVIEW,,,Vasıta > Ticari Araçlar > MAN > TGM,CREATE_SAFE,high,New series under mapped category,n/a,0,no
Ticari Araçlar,Kamyon & Kamyonet,MAN,TGS,18.440 | 33.480 | 41.480,CURATED_REVIEW,cmshvhqr3008suza83ufc5ngt,arac/ticari-araclar,Vasıta > Ticari Araçlar > MAN > TGS,KEEP_EXISTING,high,Brand/model already linked to target category,yes,0,no
Ticari Araçlar,Kamyon & Kamyonet,MAN,TGX,18.500 | 18.510 | 18.480,CURATED_REVIEW,cmshvhqqc008quza8x2l6ot7n,arac/ticari-araclar,Vasıta > Ticari Araçlar > MAN > TGX,KEEP_EXISTING,high,Brand/model already linked to target category,yes,0,no
Ticari Araçlar,Kamyon & Kamyonet,Mercedes-Benz,Actros,1845 | 1848 | 1851 | 4142 | 1842,CURATED_REVIEW,cmshtjk8g007guz6szei8i83s,arac/ticari-araclar,Vasıta > Ticari Araçlar > Mercedes-Benz > Actros,KEEP_EXISTING,high,Brand/model already linked to target category,yes,0,no
Ticari Araçlar,Kamyon & Kamyonet,Mercedes-Benz,Arocs,3242 | 3342 | 4145,CURATED_REVIEW,,,Vasıta > Ticari Araçlar > Mercedes-Benz > Arocs,CREATE_SAFE,high,New series under mapped category,n/a,0,no
Ticari Araçlar,Kamyon & Kamyonet,Mercedes-Benz,Atego,1518 | 1524 | 1824,CURATED_REVIEW,cmshvhqs2008uuza8n9g3cjvv,arac/ticari-araclar,Vasıta > Ticari Araçlar > Mercedes-Benz > Atego,KEEP_EXISTING,high,Brand/model already linked to target category,yes,0,no
Ticari Araçlar,Kamyon & Kamyonet,Mercedes-Benz,Axor,1840 | 2529 | 3240,CURATED_REVIEW,,,Vasıta > Ticari Araçlar > Mercedes-Benz > Axor,CREATE_SAFE,high,New series under mapped category,n/a,0,no
Ticari Araçlar,Kamyon & Kamyonet,Mitsubishi Fuso,Canter,3C13 | 6C14 | 7C15 | 9C18,CURATED_REVIEW,cmshvhqsj008wuza8dn0tizb8,arac/ticari-araclar,Vasıta > Ticari Araçlar > Mitsubishi Fuso > Canter,KEEP_EXISTING,high,Brand/model already linked to target category,yes,0,no
Ticari Araçlar,Kamyon & Kamyonet,Renault Trucks,C,C,CURATED_REVIEW,,,Vasıta > Ticari Araçlar > Renault Trucks > C,CREATE_SAFE,high,New series under mapped category,n/a,0,no
Ticari Araçlar,Kamyon & Kamyonet,Renault Trucks,D,D,CURATED_REVIEW,,,Vasıta > Ticari Araçlar > Renault Trucks > D,CREATE_SAFE,high,New series under mapped category,n/a,0,no
Ticari Araçlar,Kamyon & Kamyonet,Renault Trucks,K,K,CURATED_REVIEW,,,Vasıta > Ticari Araçlar > Renault Trucks > K,CREATE_SAFE,high,New series under mapped category,n/a,0,no
Ticari Araçlar,Kamyon & Kamyonet,Renault Trucks,T,T 460 | T 480 | T 520,CURATED_REVIEW,,,Vasıta > Ticari Araçlar > Renault Trucks > T,CREATE_SAFE,high,New series under mapped category,n/a,0,no
Ticari Araçlar,Kamyon & Kamyonet,Scania,G Serisi,G 410 | G 450 | G 500,CURATED_REVIEW,,,Vasıta > Ticari Araçlar > Scania > G Serisi,CREATE_SAFE,high,New series under mapped category,n/a,0,no
Ticari Araçlar,Kamyon & Kamyonet,Scania,P Serisi,P Serisi,CURATED_REVIEW,,,Vasıta > Ticari Araçlar > Scania > P Serisi,CREATE_SAFE,high,New series under mapped category,n/a,0,no
Ticari Araçlar,Kamyon & Kamyonet,Scania,R Serisi,R 450 | R 500 | R 540,CURATED_REVIEW,,,Vasıta > Ticari Araçlar > Scania > R Serisi,CREATE_SAFE,high,New series under mapped category,n/a,0,no
Ticari Araçlar,Kamyon & Kamyonet,Scania,S Serisi,S 500 | S 540,CURATED_REVIEW,,,Vasıta > Ticari Araçlar > Scania > S Serisi,CREATE_SAFE,high,New series under mapped category,n/a,0,no
Ticari Araçlar,Kamyon & Kamyonet,Volvo,FE,FE,CURATED_REVIEW,,,Vasıta > Ticari Araçlar > Volvo > FE,CREATE_SAFE,high,New series under mapped category,n/a,0,no
Ticari Araçlar,Kamyon & Kamyonet,Volvo,FH,420 | 460 | 500 | 540,CURATED_REVIEW,,,Vasıta > Ticari Araçlar > Volvo > FH,CREATE_SAFE,high,New series under mapped category,n/a,0,no
Ticari Araçlar,Kamyon & Kamyonet,Volvo,FL,FL,CURATED_REVIEW,,,Vasıta > Ticari Araçlar > Volvo > FL,CREATE_SAFE,high,New series under mapped category,n/a,0,no
Ticari Araçlar,Kamyon & Kamyonet,Volvo,FM,330 | 410 | 450 | 500,CURATED_REVIEW,,,Vasıta > Ticari Araçlar > Volvo > FM,CREATE_SAFE,high,New series under mapped category,n/a,0,no
Ticari Araçlar,Çekici,Renault Trucks,Magnum,Magnum,CURATED_REVIEW,,,Vasıta > Ticari Araçlar > Renault Trucks > Magnum,CREATE_SAFE,high,New series under mapped category,n/a,0,no
Ticari Araçlar,Çekici,Renault Trucks,Premium,Premium,CURATED_REVIEW,,,Vasıta > Ticari Araçlar > Renault Trucks > Premium,CREATE_SAFE,high,New series under mapped category,n/a,0,no
Ticari Araçlar,Çekici,Scania,G,G 410 | G 450,CURATED_REVIEW,,,Vasıta > Ticari Araçlar > Scania > G,CREATE_SAFE,high,New series under mapped category,n/a,0,no
Ticari Araçlar,Çekici,Scania,R,R 450 | R 500 | R 540,CURATED_REVIEW,,,Vasıta > Ticari Araçlar > Scania > R,CREATE_SAFE,high,New series under mapped category,n/a,0,no
Ticari Araçlar,Çekici,Scania,S,S 500 | S 540,CURATED_REVIEW,,,Vasıta > Ticari Araçlar > Scania > S,CREATE_SAFE,high,New series under mapped category,n/a,0,no
Ticari Araçlar,Dorse,Krone,Frigo,Frigo,CURATED_REVIEW,,,Vasıta > Ticari Araçlar > Krone > Frigo,CREATE_SAFE,high,New series under mapped category,n/a,0,no
Ticari Araçlar,Dorse,Krone,Konteyner Şasi,Konteyner Şasi,CURATED_REVIEW,,,Vasıta > Ticari Araçlar > Krone > Konteyner Şasi,CREATE_SAFE,high,New series under mapped category,n/a,0,no
Ticari Araçlar,Dorse,Krone,Tenteli,Tenteli,CURATED_REVIEW,,,Vasıta > Ticari Araçlar > Krone > Tenteli,CREATE_SAFE,high,New series under mapped category,n/a,0,no
Ticari Araçlar,Dorse,Kässbohrer,Damper,Damper,CURATED_REVIEW,,,Vasıta > Ticari Araçlar > Kässbohrer > Damper,CREATE_SAFE,high,New series under mapped category,n/a,0,no
Ticari Araçlar,Dorse,Kässbohrer,Frigo,Frigo,CURATED_REVIEW,,,Vasıta > Ticari Araçlar > Kässbohrer > Frigo,CREATE_SAFE,high,New series under mapped category,n/a,0,no
Ticari Araçlar,Dorse,Kässbohrer,Konteyner Taşıyıcı,Konteyner Taşıyıcı,CURATED_REVIEW,,,Vasıta > Ticari Araçlar > Kässbohrer > Konteyner Taşıyıcı,CREATE_SAFE,high,New series under mapped category,n/a,0,no
Ticari Araçlar,Dorse,Kässbohrer,Lowbed,Lowbed,CURATED_REVIEW,,,Vasıta > Ticari Araçlar > Kässbohrer > Lowbed,CREATE_SAFE,high,New series under mapped category,n/a,0,no
Ticari Araçlar,Dorse,Kässbohrer,Silobas,Silobas,CURATED_REVIEW,,,Vasıta > Ticari Araçlar > Kässbohrer > Silobas,CREATE_SAFE,high,New series under mapped category,n/a,0,no
Ticari Araçlar,Dorse,Kässbohrer,Tenteli,Tenteli,CURATED_REVIEW,,,Vasıta > Ticari Araçlar > Kässbohrer > Tenteli,CREATE_SAFE,high,New series under mapped category,n/a,0,no
Ticari Araçlar,Dorse,Kögel,Frigo,Frigo,CURATED_REVIEW,,,Vasıta > Ticari Araçlar > Kögel > Frigo,CREATE_SAFE,high,New series under mapped category,n/a,0,no
Ticari Araçlar,Dorse,Kögel,Tenteli,Tenteli,CURATED_REVIEW,,,Vasıta > Ticari Araçlar > Kögel > Tenteli,CREATE_SAFE,high,New series under mapped category,n/a,0,no
Ticari Araçlar,Dorse,Nursan,Damper,Damper,CURATED_REVIEW,,,Vasıta > Ticari Araçlar > Nursan > Damper,CREATE_SAFE,high,New series under mapped category,n/a,0,no
Ticari Araçlar,Dorse,Nursan,Tenteli,Tenteli,CURATED_REVIEW,,,Vasıta > Ticari Araçlar > Nursan > Tenteli,CREATE_SAFE,high,New series under mapped category,n/a,0,no
Ticari Araçlar,Dorse,Schmitz Cargobull,Damper,Damper,CURATED_REVIEW,,,Vasıta > Ticari Araçlar > Schmitz Cargobull > Damper,CREATE_SAFE,high,New series under mapped category,n/a,0,no
Ticari Araçlar,Dorse,Schmitz Cargobull,Frigo,Frigo,CURATED_REVIEW,,,Vasıta > Ticari Araçlar > Schmitz Cargobull > Frigo,CREATE_SAFE,high,New series under mapped category,n/a,0,no
Ticari Araçlar,Dorse,Schmitz Cargobull,Tenteli,Tenteli,CURATED_REVIEW,,,Vasıta > Ticari Araçlar > Schmitz Cargobull > Tenteli,CREATE_SAFE,high,New series under mapped category,n/a,0,no
Ticari Araçlar,Dorse,Serin,Damper,Damper,CURATED_REVIEW,,,Vasıta > Ticari Araçlar > Serin > Damper,CREATE_SAFE,high,New series under mapped category,n/a,0,no
Ticari Araçlar,Dorse,Serin,Frigo,Frigo,CURATED_REVIEW,,,Vasıta > Ticari Araçlar > Serin > Frigo,CREATE_SAFE,high,New series under mapped category,n/a,0,no
Ticari Araçlar,Dorse,Serin,Tenteli,Tenteli,CURATED_REVIEW,,,Vasıta > Ticari Araçlar > Serin > Tenteli,CREATE_SAFE,high,New series under mapped category,n/a,0,no
Ticari Araçlar,Dorse,Tırsan,Damper,Damper,CURATED_REVIEW,,,Vasıta > Ticari Araçlar > Tırsan > Damper,CREATE_SAFE,high,New series under mapped category,n/a,0,no
Ticari Araçlar,Dorse,Tırsan,Frigo,Frigo,CURATED_REVIEW,,,Vasıta > Ticari Araçlar > Tırsan > Frigo,CREATE_SAFE,high,New series under mapped category,n/a,0,no
Ticari Araçlar,Dorse,Tırsan,Lowbed,Lowbed,CURATED_REVIEW,,,Vasıta > Ticari Araçlar > Tırsan > Lowbed,CREATE_SAFE,high,New series under mapped category,n/a,0,no
Ticari Araçlar,Dorse,Tırsan,Silobas,Silobas,CURATED_REVIEW,,,Vasıta > Ticari Araçlar > Tırsan > Silobas,CREATE_SAFE,high,New series under mapped category,n/a,0,no
Ticari Araçlar,Dorse,Tırsan,Tenteli,Tenteli,CURATED_REVIEW,,,Vasıta > Ticari Araçlar > Tırsan > Tenteli,CREATE_SAFE,high,New series under mapped category,n/a,0,no
Ticari Araçlar,Dorse,Öztreyler,Damper,Damper,CURATED_REVIEW,,,Vasıta > Ticari Araçlar > Öztreyler > Damper,CREATE_SAFE,high,New series under mapped category,n/a,0,no
Ticari Araçlar,Dorse,Öztreyler,Lowbed,Lowbed,CURATED_REVIEW,,,Vasıta > Ticari Araçlar > Öztreyler > Lowbed,CREATE_SAFE,high,New series under mapped category,n/a,0,no
Ticari Araçlar,Dorse,Öztreyler,Tenteli,Tenteli,CURATED_REVIEW,,,Vasıta > Ticari Araçlar > Öztreyler > Tenteli,CREATE_SAFE,high,New series under mapped category,n/a,0,no
Ticari Araçlar,Römork,Aksoylu,Platform,Platform,CURATED_REVIEW,,,Vasıta > Ticari Araçlar > Aksoylu > Platform,CREATE_SAFE,high,New series under mapped category,n/a,0,no
Ticari Araçlar,Römork,Aksoylu,Tarım Römorku,Tarım Römorku,CURATED_REVIEW,,,Vasıta > Ticari Araçlar > Aksoylu > Tarım Römorku,CREATE_SAFE,high,New series under mapped category,n/a,0,no
Ticari Araçlar,Römork,Diğer,Araç Taşıma Römorku,Araç Taşıma Römorku,CURATED_REVIEW,,,Vasıta > Ticari Araçlar > Diğer > Araç Taşıma Römorku,CREATE_SAFE,high,New series under mapped category,n/a,0,no
Ticari Araçlar,Römork,Diğer,Tek Dingil,Tek Dingil,CURATED_REVIEW,,,Vasıta > Ticari Araçlar > Diğer > Tek Dingil,CREATE_SAFE,high,New series under mapped category,n/a,0,no
Ticari Araçlar,Römork,Diğer,Tekne Römorku,Tekne Römorku,CURATED_REVIEW,,,Vasıta > Ticari Araçlar > Diğer > Tekne Römorku,CREATE_SAFE,high,New series under mapped category,n/a,0,no
Ticari Araçlar,Römork,Diğer,Çift Dingil,Çift Dingil,CURATED_REVIEW,,,Vasıta > Ticari Araçlar > Diğer > Çift Dingil,CREATE_SAFE,high,New series under mapped category,n/a,0,no
Ticari Araçlar,Römork,Diğer,Üç Dingil,Üç Dingil,CURATED_REVIEW,,,Vasıta > Ticari Araçlar > Diğer > Üç Dingil,CREATE_SAFE,high,New series under mapped category,n/a,0,no
Ticari Araçlar,Römork,Kässbohrer,Ağır Nakliye Römorku,Ağır Nakliye Römorku,CURATED_REVIEW,,,Vasıta > Ticari Araçlar > Kässbohrer > Ağır Nakliye Römorku,CREATE_SAFE,high,New series under mapped category,n/a,0,no
Ticari Araçlar,Römork,Tırsan,Konteyner Römorku,Konteyner Römorku,CURATED_REVIEW,,,Vasıta > Ticari Araçlar > Tırsan > Konteyner Römorku,CREATE_SAFE,high,New series under mapped category,n/a,0,no
Ticari Araçlar,Karoser & Üst Yapı,Diğer,Açık Kasa,Açık Kasa,CURATED_REVIEW,,,Vasıta > Ticari Araçlar > Diğer > Açık Kasa,CREATE_SAFE,high,New series under mapped category,n/a,0,no
Ticari Araçlar,Karoser & Üst Yapı,Diğer,Damper,Damper,CURATED_REVIEW,,,Vasıta > Ticari Araçlar > Diğer > Damper,CREATE_SAFE,high,New series under mapped category,n/a,0,no
Ticari Araçlar,Karoser & Üst Yapı,Diğer,Frigo Kasa,Frigo Kasa,CURATED_REVIEW,,,Vasıta > Ticari Araçlar > Diğer > Frigo Kasa,CREATE_SAFE,high,New series under mapped category,n/a,0,no
Ticari Araçlar,Karoser & Üst Yapı,Diğer,İtfaiye Üst Yapı,İtfaiye Üst Yapı,CURATED_REVIEW,,,Vasıta > Ticari Araçlar > Diğer > İtfaiye Üst Yapı,CREATE_SAFE,high,New series under mapped category,n/a,0,no
Ticari Araçlar,Karoser & Üst Yapı,Diğer,Kanal Açma,Kanal Açma,CURATED_REVIEW,,,Vasıta > Ticari Araçlar > Diğer > Kanal Açma,CREATE_SAFE,high,New series under mapped category,n/a,0,no
Ticari Araçlar,Karoser & Üst Yapı,Diğer,Kapalı Kasa,Kapalı Kasa,CURATED_REVIEW,,,Vasıta > Ticari Araçlar > Diğer > Kapalı Kasa,CREATE_SAFE,high,New series under mapped category,n/a,0,no
Ticari Araçlar,Karoser & Üst Yapı,Diğer,Mikser,Mikser,CURATED_REVIEW,,,Vasıta > Ticari Araçlar > Diğer > Mikser,CREATE_SAFE,high,New series under mapped category,n/a,0,no
Ticari Araçlar,Karoser & Üst Yapı,Diğer,Silobas,Silobas,CURATED_REVIEW,,,Vasıta > Ticari Araçlar > Diğer > Silobas,CREATE_SAFE,high,New series under mapped category,n/a,0,no
Ticari Araçlar,Karoser & Üst Yapı,Diğer,Su Tankeri,Su Tankeri,CURATED_REVIEW,,,Vasıta > Ticari Araçlar > Diğer > Su Tankeri,CREATE_SAFE,high,New series under mapped category,n/a,0,no
Ticari Araçlar,Karoser & Üst Yapı,Diğer,Vakumlu Kasa,Vakumlu Kasa,CURATED_REVIEW,,,Vasıta > Ticari Araçlar > Diğer > Vakumlu Kasa,CREATE_SAFE,high,New series under mapped category,n/a,0,no
Ticari Araçlar,Oto Kurtarıcı & Taşıyıcı,Ford,Cargo Oto Kurtarıcı,Cargo Oto Kurtarıcı,CURATED_REVIEW,,,Vasıta > Ticari Araçlar > Ford > Cargo Oto Kurtarıcı,CREATE_SAFE,high,New series under mapped category,n/a,0,no
Ticari Araçlar,Oto Kurtarıcı & Taşıyıcı,Ford,Transit Oto Kurtarıcı,Transit Oto Kurtarıcı,CURATED_REVIEW,,,Vasıta > Ticari Araçlar > Ford > Transit Oto Kurtarıcı,CREATE_SAFE,high,New series under mapped category,n/a,0,no
Ticari Araçlar,Oto Kurtarıcı & Taşıyıcı,Hyundai,HD75 Oto Kurtarıcı,HD75 Oto Kurtarıcı,CURATED_REVIEW,,,Vasıta > Ticari Araçlar > Hyundai > HD75 Oto Kurtarıcı,CREATE_SAFE,high,New series under mapped category,n/a,0,no
Ticari Araçlar,Oto Kurtarıcı & Taşıyıcı,Isuzu,NPR Oto Kurtarıcı,NPR Oto Kurtarıcı,CURATED_REVIEW,,,Vasıta > Ticari Araçlar > Isuzu > NPR Oto Kurtarıcı,CREATE_SAFE,high,New series under mapped category,n/a,0,no
Ticari Araçlar,Oto Kurtarıcı & Taşıyıcı,Iveco,Daily Oto Kurtarıcı,Daily Oto Kurtarıcı,CURATED_REVIEW,,,Vasıta > Ticari Araçlar > Iveco > Daily Oto Kurtarıcı,CREATE_SAFE,high,New series under mapped category,n/a,0,no
Ticari Araçlar,Oto Kurtarıcı & Taşıyıcı,Mercedes-Benz,Atego Oto Kurtarıcı,Atego Oto Kurtarıcı,CURATED_REVIEW,,,Vasıta > Ticari Araçlar > Mercedes-Benz > Atego Oto Kurtarıcı,CREATE_SAFE,high,New series under mapped category,n/a,0,no
Ticari Araçlar,Oto Kurtarıcı & Taşıyıcı,Mercedes-Benz,Sprinter Oto Kurtarıcı,Sprinter Oto Kurtarıcı,CURATED_REVIEW,,,Vasıta > Ticari Araçlar > Mercedes-Benz > Sprinter Oto Kurtarıcı,CREATE_SAFE,high,New series under mapped category,n/a,0,no
Ticari Araçlar,Oto Kurtarıcı & Taşıyıcı,Mitsubishi Fuso,Canter Oto Kurtarıcı,Canter Oto Kurtarıcı,CURATED_REVIEW,,,Vasıta > Ticari Araçlar > Mitsubishi Fuso > Canter Oto Kurtarıcı,CREATE_SAFE,high,New series under mapped category,n/a,0,no
Ticari Araçlar,Ticari Hat & Ticari Plaka,Diğer,Dolmuş Hattı,Dolmuş Hattı,CURATED_REVIEW,,,Vasıta > Ticari Araçlar > Diğer > Dolmuş Hattı,CREATE_SAFE,high,New series under mapped category,n/a,0,no
Ticari Araçlar,Ticari Hat & Ticari Plaka,Diğer,Minibüs Hattı,Minibüs Hattı,CURATED_REVIEW,,,Vasıta > Ticari Araçlar > Diğer > Minibüs Hattı,CREATE_SAFE,high,New series under mapped category,n/a,0,no
Ticari Araçlar,Ticari Hat & Ticari Plaka,Diğer,Otobüs Hattı,Otobüs Hattı,CURATED_REVIEW,,,Vasıta > Ticari Araçlar > Diğer > Otobüs Hattı,CREATE_SAFE,high,New series under mapped category,n/a,0,no
Ticari Araçlar,Ticari Hat & Ticari Plaka,Diğer,Servis Plakası,Servis Plakası,CURATED_REVIEW,,,Vasıta > Ticari Araçlar > Diğer > Servis Plakası,CREATE_SAFE,high,New series under mapped category,n/a,0,no
Ticari Araçlar,Ticari Hat & Ticari Plaka,Diğer,Taksi Plakası,Taksi Plakası,CURATED_REVIEW,,,Vasıta > Ticari Araçlar > Diğer > Taksi Plakası,CREATE_SAFE,high,New series under mapped category,n/a,0,no
Deniz Araçları,Motorlu Tekne,Azimut,Atlantis,Atlantis,CURATED_REVIEW,,,Vasıta > Deniz Araçları > Azimut > Atlantis,CREATE_SAFE,high,New series under mapped category,n/a,0,no
Deniz Araçları,Motorlu Tekne,Azimut,Fly,Fly,CURATED_REVIEW,,,Vasıta > Deniz Araçları > Azimut > Fly,CREATE_SAFE,high,New series under mapped category,n/a,0,no
Deniz Araçları,Motorlu Tekne,Azimut,Magellano,Magellano,CURATED_REVIEW,,,Vasıta > Deniz Araçları > Azimut > Magellano,CREATE_SAFE,high,New series under mapped category,n/a,0,no
Deniz Araçları,Motorlu Tekne,Bayliner,Ciera,Ciera,CURATED_REVIEW,,,Vasıta > Deniz Araçları > Bayliner > Ciera,CREATE_SAFE,high,New series under mapped category,n/a,0,no
Deniz Araçları,Motorlu Tekne,Bayliner,Element,Element,CURATED_REVIEW,,,Vasıta > Deniz Araçları > Bayliner > Element,CREATE_SAFE,high,New series under mapped category,n/a,0,no
Deniz Araçları,Motorlu Tekne,Bayliner,VR5,VR5,CURATED_REVIEW,,,Vasıta > Deniz Araçları > Bayliner > VR5,CREATE_SAFE,high,New series under mapped category,n/a,0,no
Deniz Araçları,Motorlu Tekne,Bayliner,VR6,VR6,CURATED_REVIEW,,,Vasıta > Deniz Araçları > Bayliner > VR6,CREATE_SAFE,high,New series under mapped category,n/a,0,no
Deniz Araçları,Motorlu Tekne,Beneteau,Antares,Antares,CURATED_REVIEW,,,Vasıta > Deniz Araçları > Beneteau > Antares,CREATE_SAFE,high,New series under mapped category,n/a,0,no
Deniz Araçları,Motorlu Tekne,Beneteau,Flyer,Flyer,CURATED_REVIEW,,,Vasıta > Deniz Araçları > Beneteau > Flyer,CREATE_SAFE,high,New series under mapped category,n/a,0,no
Deniz Araçları,Motorlu Tekne,Beneteau,Gran Turismo,Gran Turismo,CURATED_REVIEW,,,Vasıta > Deniz Araçları > Beneteau > Gran Turismo,CREATE_SAFE,high,New series under mapped category,n/a,0,no
Deniz Araçları,Motorlu Tekne,Fairline,Phantom,Phantom,CURATED_REVIEW,,,Vasıta > Deniz Araçları > Fairline > Phantom,CREATE_SAFE,high,New series under mapped category,n/a,0,no
Deniz Araçları,Motorlu Tekne,Fairline,Squadron,Squadron,CURATED_REVIEW,,,Vasıta > Deniz Araçları > Fairline > Squadron,CREATE_SAFE,high,New series under mapped category,n/a,0,no
Deniz Araçları,Motorlu Tekne,Fairline,Targa,Targa,CURATED_REVIEW,,,Vasıta > Deniz Araçları > Fairline > Targa,CREATE_SAFE,high,New series under mapped category,n/a,0,no
Deniz Araçları,Motorlu Tekne,Jeanneau,Cap Camarat,Cap Camarat,CURATED_REVIEW,,,Vasıta > Deniz Araçları > Jeanneau > Cap Camarat,CREATE_SAFE,high,New series under mapped category,n/a,0,no
Deniz Araçları,Motorlu Tekne,Jeanneau,Leader,Leader,CURATED_REVIEW,,,Vasıta > Deniz Araçları > Jeanneau > Leader,CREATE_SAFE,high,New series under mapped category,n/a,0,no
Deniz Araçları,Motorlu Tekne,Jeanneau,Merry Fisher,Merry Fisher,CURATED_REVIEW,,,Vasıta > Deniz Araçları > Jeanneau > Merry Fisher,CREATE_SAFE,high,New series under mapped category,n/a,0,no
Deniz Araçları,Motorlu Tekne,Princess,F50,F50,CURATED_REVIEW,,,Vasıta > Deniz Araçları > Princess > F50,CREATE_SAFE,high,New series under mapped category,n/a,0,no
Deniz Araçları,Motorlu Tekne,Princess,V40,V40,CURATED_REVIEW,,,Vasıta > Deniz Araçları > Princess > V40,CREATE_SAFE,high,New series under mapped category,n/a,0,no
Deniz Araçları,Motorlu Tekne,Princess,V50,V50,CURATED_REVIEW,,,Vasıta > Deniz Araçları > Princess > V50,CREATE_SAFE,high,New series under mapped category,n/a,0,no
Deniz Araçları,Motorlu Tekne,Princess,Y72,Y72,CURATED_REVIEW,,,Vasıta > Deniz Araçları > Princess > Y72,CREATE_SAFE,high,New series under mapped category,n/a,0,no
Deniz Araçları,Motorlu Tekne,Quicksilver,Activ 505,Activ 505,CURATED_REVIEW,,,Vasıta > Deniz Araçları > Quicksilver > Activ 505,CREATE_SAFE,high,New series under mapped category,n/a,0,no
Deniz Araçları,Motorlu Tekne,Quicksilver,Activ 605,Activ 605,CURATED_REVIEW,,,Vasıta > Deniz Araçları > Quicksilver > Activ 605,CREATE_SAFE,high,New series under mapped category,n/a,0,no
Deniz Araçları,Motorlu Tekne,Quicksilver,Activ 755,Activ 755,CURATED_REVIEW,,,Vasıta > Deniz Araçları > Quicksilver > Activ 755,CREATE_SAFE,high,New series under mapped category,n/a,0,no
Deniz Araçları,Motorlu Tekne,Sea Ray,SLX,SLX,CURATED_REVIEW,,,Vasıta > Deniz Araçları > Sea Ray > SLX,CREATE_SAFE,high,New series under mapped category,n/a,0,no
Deniz Araçları,Motorlu Tekne,Sea Ray,SPX,SPX,CURATED_REVIEW,,,Vasıta > Deniz Araçları > Sea Ray > SPX,CREATE_SAFE,high,New series under mapped category,n/a,0,no
Deniz Araçları,Motorlu Tekne,Sea Ray,Sundancer,Sundancer,CURATED_REVIEW,,,Vasıta > Deniz Araçları > Sea Ray > Sundancer,CREATE_SAFE,high,New series under mapped category,n/a,0,no
Deniz Araçları,Yelkenli,Bavaria,C-Line,C-Line,CURATED_REVIEW,,,Vasıta > Deniz Araçları > Bavaria > C-Line,CREATE_SAFE,high,New series under mapped category,n/a,0,no
Deniz Araçları,Yelkenli,Bavaria,Cruiser,Cruiser,CURATED_REVIEW,,,Vasıta > Deniz Araçları > Bavaria > Cruiser,CREATE_SAFE,high,New series under mapped category,n/a,0,no
Deniz Araçları,Yelkenli,Bavaria,Vision,Vision,CURATED_REVIEW,,,Vasıta > Deniz Araçları > Bavaria > Vision,CREATE_SAFE,high,New series under mapped category,n/a,0,no
Deniz Araçları,Yelkenli,Beneteau,First,First,CURATED_REVIEW,,,Vasıta > Deniz Araçları > Beneteau > First,CREATE_SAFE,high,New series under mapped category,n/a,0,no
Deniz Araçları,Yelkenli,Beneteau,Oceanis,Oceanis,CURATED_REVIEW,,,Vasıta > Deniz Araçları > Beneteau > Oceanis,CREATE_SAFE,high,New series under mapped category,n/a,0,no
Deniz Araçları,Yelkenli,Dufour,Dufour 360,Dufour 360,CURATED_REVIEW,,,Vasıta > Deniz Araçları > Dufour > Dufour 360,CREATE_SAFE,high,New series under mapped category,n/a,0,no
Deniz Araçları,Yelkenli,Dufour,Dufour 430,Dufour 430,CURATED_REVIEW,,,Vasıta > Deniz Araçları > Dufour > Dufour 430,CREATE_SAFE,high,New series under mapped category,n/a,0,no
Deniz Araçları,Yelkenli,Dufour,Dufour 470,Dufour 470,CURATED_REVIEW,,,Vasıta > Deniz Araçları > Dufour > Dufour 470,CREATE_SAFE,high,New series under mapped category,n/a,0,no
Deniz Araçları,Yelkenli,Hanse,Hanse 315,Hanse 315,CURATED_REVIEW,,,Vasıta > Deniz Araçları > Hanse > Hanse 315,CREATE_SAFE,high,New series under mapped category,n/a,0,no
Deniz Araçları,Yelkenli,Hanse,Hanse 418,Hanse 418,CURATED_REVIEW,,,Vasıta > Deniz Araçları > Hanse > Hanse 418,CREATE_SAFE,high,New series under mapped category,n/a,0,no
Deniz Araçları,Yelkenli,Hanse,Hanse 460,Hanse 460,CURATED_REVIEW,,,Vasıta > Deniz Araçları > Hanse > Hanse 460,CREATE_SAFE,high,New series under mapped category,n/a,0,no
Deniz Araçları,Yelkenli,Jeanneau,Sun Fast,Sun Fast,CURATED_REVIEW,,,Vasıta > Deniz Araçları > Jeanneau > Sun Fast,CREATE_SAFE,high,New series under mapped category,n/a,0,no
Deniz Araçları,Yelkenli,Jeanneau,Sun Odyssey,Sun Odyssey,CURATED_REVIEW,,,Vasıta > Deniz Araçları > Jeanneau > Sun Odyssey,CREATE_SAFE,high,New series under mapped category,n/a,0,no
Deniz Araçları,Şişme Bot,Brig,Eagle,Eagle,CURATED_REVIEW,,,Vasıta > Deniz Araçları > Brig > Eagle,CREATE_SAFE,high,New series under mapped category,n/a,0,no
Deniz Araçları,Şişme Bot,Brig,Falcon,Falcon,CURATED_REVIEW,,,Vasıta > Deniz Araçları > Brig > Falcon,CREATE_SAFE,high,New series under mapped category,n/a,0,no
Deniz Araçları,Şişme Bot,Brig,Navigator,Navigator,CURATED_REVIEW,,,Vasıta > Deniz Araçları > Brig > Navigator,CREATE_SAFE,high,New series under mapped category,n/a,0,no
Deniz Araçları,Şişme Bot,Highfield,Classic,Classic,CURATED_REVIEW,,,Vasıta > Deniz Araçları > Highfield > Classic,CREATE_SAFE,high,New series under mapped category,n/a,0,no
Deniz Araçları,Şişme Bot,Highfield,Patrol,Patrol,CURATED_REVIEW,,,Vasıta > Deniz Araçları > Highfield > Patrol,CREATE_SAFE,high,New series under mapped category,n/a,0,no
Deniz Araçları,Şişme Bot,Highfield,Sport,Sport,CURATED_REVIEW,,,Vasıta > Deniz Araçları > Highfield > Sport,CREATE_SAFE,high,New series under mapped category,n/a,0,no
Deniz Araçları,Şişme Bot,Lomac,Adrenalina,Adrenalina,CURATED_REVIEW,,,Vasıta > Deniz Araçları > Lomac > Adrenalina,CREATE_SAFE,high,New series under mapped category,n/a,0,no
Deniz Araçları,Şişme Bot,Lomac,GranTurismo,GranTurismo,CURATED_REVIEW,,,Vasıta > Deniz Araçları > Lomac > GranTurismo,CREATE_SAFE,high,New series under mapped category,n/a,0,no
Deniz Araçları,Şişme Bot,Zodiac,Cadet,Cadet,CURATED_REVIEW,,,Vasıta > Deniz Araçları > Zodiac > Cadet,CREATE_SAFE,high,New series under mapped category,n/a,0,no
Deniz Araçları,Şişme Bot,Zodiac,Medline,Medline,CURATED_REVIEW,,,Vasıta > Deniz Araçları > Zodiac > Medline,CREATE_SAFE,high,New series under mapped category,n/a,0,no
Deniz Araçları,Şişme Bot,Zodiac,Pro,Pro,CURATED_REVIEW,,,Vasıta > Deniz Araçları > Zodiac > Pro,CREATE_SAFE,high,New series under mapped category,n/a,0,no
Deniz Araçları,Jet Ski,Kawasaki,Jet Ski STX,Jet Ski STX,CURATED_REVIEW,,,Vasıta > Deniz Araçları > Kawasaki > Jet Ski STX,CREATE_SAFE,high,New series under mapped category,n/a,0,no
Deniz Araçları,Jet Ski,Kawasaki,Ultra 160,Ultra 160,CURATED_REVIEW,,,Vasıta > Deniz Araçları > Kawasaki > Ultra 160,CREATE_SAFE,high,New series under mapped category,n/a,0,no
Deniz Araçları,Jet Ski,Kawasaki,Ultra 310,Ultra 310,CURATED_REVIEW,,,Vasıta > Deniz Araçları > Kawasaki > Ultra 310,CREATE_SAFE,high,New series under mapped category,n/a,0,no
Deniz Araçları,Jet Ski,Sea-Doo,GTI,GTI,CURATED_REVIEW,,,Vasıta > Deniz Araçları > Sea-Doo > GTI,CREATE_SAFE,high,New series under mapped category,n/a,0,no
Deniz Araçları,Jet Ski,Sea-Doo,GTR,GTR,CURATED_REVIEW,,,Vasıta > Deniz Araçları > Sea-Doo > GTR,CREATE_SAFE,high,New series under mapped category,n/a,0,no
Deniz Araçları,Jet Ski,Sea-Doo,RXP-X,RXP-X,CURATED_REVIEW,,,Vasıta > Deniz Araçları > Sea-Doo > RXP-X,CREATE_SAFE,high,New series under mapped category,n/a,0,no
Deniz Araçları,Jet Ski,Sea-Doo,RXT-X,RXT-X,CURATED_REVIEW,,,Vasıta > Deniz Araçları > Sea-Doo > RXT-X,CREATE_SAFE,high,New series under mapped category,n/a,0,no
Deniz Araçları,Jet Ski,Sea-Doo,Spark,Spark,CURATED_REVIEW,,,Vasıta > Deniz Araçları > Sea-Doo > Spark,CREATE_SAFE,high,New series under mapped category,n/a,0,no
Deniz Araçları,Jet Ski,Yamaha,EX,EX,CURATED_REVIEW,,,Vasıta > Deniz Araçları > Yamaha > EX,CREATE_SAFE,high,New series under mapped category,n/a,0,no
Deniz Araçları,Jet Ski,Yamaha,FX,FX,CURATED_REVIEW,,,Vasıta > Deniz Araçları > Yamaha > FX,CREATE_SAFE,high,New series under mapped category,n/a,0,no
Deniz Araçları,Jet Ski,Yamaha,GP,GP,CURATED_REVIEW,,,Vasıta > Deniz Araçları > Yamaha > GP,CREATE_SAFE,high,New series under mapped category,n/a,0,no
Deniz Araçları,Jet Ski,Yamaha,VX,VX,CURATED_REVIEW,,,Vasıta > Deniz Araçları > Yamaha > VX,CREATE_SAFE,high,New series under mapped category,n/a,0,no
Deniz Araçları,Deniz Motoru,Evinrude,E-TEC,E-TEC,CURATED_REVIEW,,,Vasıta > Deniz Araçları > Evinrude > E-TEC,CREATE_SAFE,high,New series under mapped category,n/a,0,no
Deniz Araçları,Deniz Motoru,Honda,BF Serisi,BF Serisi,CURATED_REVIEW,,,Vasıta > Deniz Araçları > Honda > BF Serisi,CREATE_SAFE,high,New series under mapped category,n/a,0,no
Deniz Araçları,Deniz Motoru,Mercury,FourStroke,FourStroke,CURATED_REVIEW,,,Vasıta > Deniz Araçları > Mercury > FourStroke,CREATE_SAFE,high,New series under mapped category,n/a,0,no
Deniz Araçları,Deniz Motoru,Mercury,Pro XS,Pro XS,CURATED_REVIEW,,,Vasıta > Deniz Araçları > Mercury > Pro XS,CREATE_SAFE,high,New series under mapped category,n/a,0,no
Deniz Araçları,Deniz Motoru,Mercury,Verado,Verado,CURATED_REVIEW,,,Vasıta > Deniz Araçları > Mercury > Verado,CREATE_SAFE,high,New series under mapped category,n/a,0,no
Deniz Araçları,Deniz Motoru,Suzuki,DF Serisi,DF Serisi,CURATED_REVIEW,,,Vasıta > Deniz Araçları > Suzuki > DF Serisi,CREATE_SAFE,high,New series under mapped category,n/a,0,no
Deniz Araçları,Deniz Motoru,Tohatsu,MFS Serisi,MFS Serisi,CURATED_REVIEW,,,Vasıta > Deniz Araçları > Tohatsu > MFS Serisi,CREATE_SAFE,high,New series under mapped category,n/a,0,no
Deniz Araçları,Deniz Motoru,Yamaha,F Serisi,F Serisi,CURATED_REVIEW,,,Vasıta > Deniz Araçları > Yamaha > F Serisi,CREATE_SAFE,high,New series under mapped category,n/a,0,no
Deniz Araçları,Deniz Motoru,Yamaha,V MAX SHO,V MAX SHO,CURATED_REVIEW,,,Vasıta > Deniz Araçları > Yamaha > V MAX SHO,CREATE_SAFE,high,New series under mapped category,n/a,0,no
Karavan,Motokaravan,Adria,Matrix,Matrix,CURATED_REVIEW,,,Vasıta > Karavan > Adria > Matrix,CREATE_SAFE,high,New series under mapped category,n/a,0,no
Karavan,Motokaravan,Adria,Supersonic,Supersonic,CURATED_REVIEW,,,Vasıta > Karavan > Adria > Supersonic,CREATE_SAFE,high,New series under mapped category,n/a,0,no
Karavan,Motokaravan,Adria,Twin,Twin,CURATED_REVIEW,,,Vasıta > Karavan > Adria > Twin,CREATE_SAFE,high,New series under mapped category,n/a,0,no
Karavan,Motokaravan,Benimar,Mileo,Mileo,CURATED_REVIEW,,,Vasıta > Karavan > Benimar > Mileo,CREATE_SAFE,high,New series under mapped category,n/a,0,no
Karavan,Motokaravan,Benimar,Tessoro,Tessoro,CURATED_REVIEW,,,Vasıta > Karavan > Benimar > Tessoro,CREATE_SAFE,high,New series under mapped category,n/a,0,no
Karavan,Motokaravan,Bürstner,Elegance,Elegance,CURATED_REVIEW,,,Vasıta > Karavan > Bürstner > Elegance,CREATE_SAFE,high,New series under mapped category,n/a,0,no
Karavan,Motokaravan,Bürstner,Lyseo,Lyseo,CURATED_REVIEW,,,Vasıta > Karavan > Bürstner > Lyseo,CREATE_SAFE,high,New series under mapped category,n/a,0,no
Karavan,Motokaravan,Bürstner,Nexxo,Nexxo,CURATED_REVIEW,,,Vasıta > Karavan > Bürstner > Nexxo,CREATE_SAFE,high,New series under mapped category,n/a,0,no
Karavan,Motokaravan,Carado,I Serisi,I Serisi,CURATED_REVIEW,,,Vasıta > Karavan > Carado > I Serisi,CREATE_SAFE,high,New series under mapped category,n/a,0,no
Karavan,Motokaravan,Carado,T Serisi,T Serisi,CURATED_REVIEW,,,Vasıta > Karavan > Carado > T Serisi,CREATE_SAFE,high,New series under mapped category,n/a,0,no
Karavan,Motokaravan,Carado,Vlow,Vlow,CURATED_REVIEW,,,Vasıta > Karavan > Carado > Vlow,CREATE_SAFE,high,New series under mapped category,n/a,0,no
Karavan,Motokaravan,Dethleffs,Globebus,Globebus,CURATED_REVIEW,,,Vasıta > Karavan > Dethleffs > Globebus,CREATE_SAFE,high,New series under mapped category,n/a,0,no
Karavan,Motokaravan,Dethleffs,Just 90,Just 90,CURATED_REVIEW,,,Vasıta > Karavan > Dethleffs > Just 90,CREATE_SAFE,high,New series under mapped category,n/a,0,no
Karavan,Motokaravan,Dethleffs,Trend,Trend,CURATED_REVIEW,,,Vasıta > Karavan > Dethleffs > Trend,CREATE_SAFE,high,New series under mapped category,n/a,0,no
Karavan,Motokaravan,Fiat,Ducato Dönüşüm,Ducato Dönüşüm,CURATED_REVIEW,,,Vasıta > Karavan > Fiat > Ducato Dönüşüm,CREATE_SAFE,high,New series under mapped category,n/a,0,no
Karavan,Motokaravan,Ford,Nugget,Nugget,CURATED_REVIEW,,,Vasıta > Karavan > Ford > Nugget,CREATE_SAFE,high,New series under mapped category,n/a,0,no
Karavan,Motokaravan,Ford,Transit Dönüşüm,Transit Dönüşüm,CURATED_REVIEW,,,Vasıta > Karavan > Ford > Transit Dönüşüm,CREATE_SAFE,high,New series under mapped category,n/a,0,no
Karavan,Motokaravan,Hymer,B-Class,B-Class,CURATED_REVIEW,,,Vasıta > Karavan > Hymer > B-Class,CREATE_SAFE,high,New series under mapped category,n/a,0,no
Karavan,Motokaravan,Hymer,Exsis,Exsis,CURATED_REVIEW,,,Vasıta > Karavan > Hymer > Exsis,CREATE_SAFE,high,New series under mapped category,n/a,0,no
Karavan,Motokaravan,Hymer,Grand Canyon,Grand Canyon,CURATED_REVIEW,,,Vasıta > Karavan > Hymer > Grand Canyon,CREATE_SAFE,high,New series under mapped category,n/a,0,no
Karavan,Motokaravan,Knaus,Boxstar,Boxstar,CURATED_REVIEW,,,Vasıta > Karavan > Knaus > Boxstar,CREATE_SAFE,high,New series under mapped category,n/a,0,no
Karavan,Motokaravan,Knaus,Sky TI,Sky TI,CURATED_REVIEW,,,Vasıta > Karavan > Knaus > Sky TI,CREATE_SAFE,high,New series under mapped category,n/a,0,no
Karavan,Motokaravan,Knaus,Van TI,Van TI,CURATED_REVIEW,,,Vasıta > Karavan > Knaus > Van TI,CREATE_SAFE,high,New series under mapped category,n/a,0,no
Karavan,Motokaravan,Laika,Ecocip,Ecocip,CURATED_REVIEW,,,Vasıta > Karavan > Laika > Ecocip,CREATE_SAFE,high,New series under mapped category,n/a,0,no
Karavan,Motokaravan,Laika,Kosmo,Kosmo,CURATED_REVIEW,,,Vasıta > Karavan > Laika > Kosmo,CREATE_SAFE,high,New series under mapped category,n/a,0,no
Karavan,Motokaravan,Laika,Kreos,Kreos,CURATED_REVIEW,,,Vasıta > Karavan > Laika > Kreos,CREATE_SAFE,high,New series under mapped category,n/a,0,no
Karavan,Motokaravan,Mercedes-Benz,Marco Polo,Marco Polo,CURATED_REVIEW,,,Vasıta > Karavan > Mercedes-Benz > Marco Polo,CREATE_SAFE,high,New series under mapped category,n/a,0,no
Karavan,Motokaravan,Mercedes-Benz,Sprinter Dönüşüm,Sprinter Dönüşüm,CURATED_REVIEW,,,Vasıta > Karavan > Mercedes-Benz > Sprinter Dönüşüm,CREATE_SAFE,high,New series under mapped category,n/a,0,no
Karavan,Motokaravan,Roller Team,Kronos,Kronos,CURATED_REVIEW,,,Vasıta > Karavan > Roller Team > Kronos,CREATE_SAFE,high,New series under mapped category,n/a,0,no
Karavan,Motokaravan,Roller Team,Zefiro,Zefiro,CURATED_REVIEW,,,Vasıta > Karavan > Roller Team > Zefiro,CREATE_SAFE,high,New series under mapped category,n/a,0,no
Karavan,Motokaravan,Sunlight,Cliff,Cliff,CURATED_REVIEW,,,Vasıta > Karavan > Sunlight > Cliff,CREATE_SAFE,high,New series under mapped category,n/a,0,no
Karavan,Motokaravan,Sunlight,T Serisi,T Serisi,CURATED_REVIEW,,,Vasıta > Karavan > Sunlight > T Serisi,CREATE_SAFE,high,New series under mapped category,n/a,0,no
Karavan,Motokaravan,Volkswagen,California,California,CURATED_REVIEW,,,Vasıta > Karavan > Volkswagen > California,CREATE_SAFE,high,New series under mapped category,n/a,0,no
Karavan,Çekme Karavan,Adria,Adora,Adora,CURATED_REVIEW,,,Vasıta > Karavan > Adria > Adora,CREATE_SAFE,high,New series under mapped category,n/a,0,no
Karavan,Çekme Karavan,Adria,Altea,Altea,CURATED_REVIEW,,,Vasıta > Karavan > Adria > Altea,CREATE_SAFE,high,New series under mapped category,n/a,0,no
Karavan,Çekme Karavan,Adria,Aviva,Aviva,CURATED_REVIEW,,,Vasıta > Karavan > Adria > Aviva,CREATE_SAFE,high,New series under mapped category,n/a,0,no
Karavan,Çekme Karavan,Başoğlu,Caretta 1500,Caretta 1500,CURATED_REVIEW,,,Vasıta > Karavan > Başoğlu > Caretta 1500,CREATE_SAFE,high,New series under mapped category,n/a,0,no
Karavan,Çekme Karavan,Başoğlu,Caretta Uncle,Caretta Uncle,CURATED_REVIEW,,,Vasıta > Karavan > Başoğlu > Caretta Uncle,CREATE_SAFE,high,New series under mapped category,n/a,0,no
Karavan,Çekme Karavan,Bürstner,Averso,Averso,CURATED_REVIEW,,,Vasıta > Karavan > Bürstner > Averso,CREATE_SAFE,high,New series under mapped category,n/a,0,no
Karavan,Çekme Karavan,Bürstner,Premio,Premio,CURATED_REVIEW,,,Vasıta > Karavan > Bürstner > Premio,CREATE_SAFE,high,New series under mapped category,n/a,0,no
Karavan,Çekme Karavan,Dethleffs,Aero,Aero,CURATED_REVIEW,,,Vasıta > Karavan > Dethleffs > Aero,CREATE_SAFE,high,New series under mapped category,n/a,0,no
Karavan,Çekme Karavan,Dethleffs,Camper,Camper,CURATED_REVIEW,,,Vasıta > Karavan > Dethleffs > Camper,CREATE_SAFE,high,New series under mapped category,n/a,0,no
Karavan,Çekme Karavan,Dethleffs,Nomad,Nomad,CURATED_REVIEW,,,Vasıta > Karavan > Dethleffs > Nomad,CREATE_SAFE,high,New series under mapped category,n/a,0,no
Karavan,Çekme Karavan,Eriba,Feeling,Feeling,CURATED_REVIEW,,,Vasıta > Karavan > Eriba > Feeling,CREATE_SAFE,high,New series under mapped category,n/a,0,no
Karavan,Çekme Karavan,Eriba,Nova,Nova,CURATED_REVIEW,,,Vasıta > Karavan > Eriba > Nova,CREATE_SAFE,high,New series under mapped category,n/a,0,no
Karavan,Çekme Karavan,Eriba,Touring,Touring,CURATED_REVIEW,,,Vasıta > Karavan > Eriba > Touring,CREATE_SAFE,high,New series under mapped category,n/a,0,no
Karavan,Çekme Karavan,Hobby,De Luxe,De Luxe,CURATED_REVIEW,,,Vasıta > Karavan > Hobby > De Luxe,CREATE_SAFE,high,New series under mapped category,n/a,0,no
Karavan,Çekme Karavan,Hobby,Excellent,Excellent,CURATED_REVIEW,,,Vasıta > Karavan > Hobby > Excellent,CREATE_SAFE,high,New series under mapped category,n/a,0,no
Karavan,Çekme Karavan,Hobby,Prestige,Prestige,CURATED_REVIEW,,,Vasıta > Karavan > Hobby > Prestige,CREATE_SAFE,high,New series under mapped category,n/a,0,no
Karavan,Çekme Karavan,Knaus,Deseo,Deseo,CURATED_REVIEW,,,Vasıta > Karavan > Knaus > Deseo,CREATE_SAFE,high,New series under mapped category,n/a,0,no
Karavan,Çekme Karavan,Knaus,Sport,Sport,CURATED_REVIEW,,,Vasıta > Karavan > Knaus > Sport,CREATE_SAFE,high,New series under mapped category,n/a,0,no
Karavan,Çekme Karavan,Knaus,Südwind,Südwind,CURATED_REVIEW,,,Vasıta > Karavan > Knaus > Südwind,CREATE_SAFE,high,New series under mapped category,n/a,0,no
Karavan,Çekme Karavan,Saly,Carabinata,Carabinata,CURATED_REVIEW,,,Vasıta > Karavan > Saly > Carabinata,CREATE_SAFE,high,New series under mapped category,n/a,0,no
Karavan,Çekme Karavan,Saly,Sal 400,Sal 400,CURATED_REVIEW,,,Vasıta > Karavan > Saly > Sal 400,CREATE_SAFE,high,New series under mapped category,n/a,0,no
Karavan,Çekme Karavan,Tabbert,Da Vinci,Da Vinci,CURATED_REVIEW,,,Vasıta > Karavan > Tabbert > Da Vinci,CREATE_SAFE,high,New series under mapped category,n/a,0,no
Karavan,Çekme Karavan,Tabbert,Puccini,Puccini,CURATED_REVIEW,,,Vasıta > Karavan > Tabbert > Puccini,CREATE_SAFE,high,New series under mapped category,n/a,0,no
Karavan,Çekme Karavan,Tabbert,Vivaldi,Vivaldi,CURATED_REVIEW,,,Vasıta > Karavan > Tabbert > Vivaldi,CREATE_SAFE,high,New series under mapped category,n/a,0,no
Karavan,Çekme Karavan,Weinsberg,CaraCito,CaraCito,CURATED_REVIEW,,,Vasıta > Karavan > Weinsberg > CaraCito,CREATE_SAFE,high,New series under mapped category,n/a,0,no
Karavan,Çekme Karavan,Weinsberg,CaraOne,CaraOne,CURATED_REVIEW,,,Vasıta > Karavan > Weinsberg > CaraOne,CREATE_SAFE,high,New series under mapped category,n/a,0,no
Karavan,Campervan,Citroen,Jumper Camper,Jumper Camper,CURATED_REVIEW,,,Vasıta > Karavan > Citroen > Jumper Camper,CREATE_SAFE,high,New series under mapped category,n/a,0,no
Karavan,Campervan,Citroen,Jumpy Camper,Jumpy Camper,CURATED_REVIEW,,,Vasıta > Karavan > Citroen > Jumpy Camper,CREATE_SAFE,high,New series under mapped category,n/a,0,no
Karavan,Campervan,Fiat,Doblo Camper,Doblo Camper,CURATED_REVIEW,,,Vasıta > Karavan > Fiat > Doblo Camper,CREATE_SAFE,high,New series under mapped category,n/a,0,no
Karavan,Campervan,Fiat,Ducato Camper,Ducato Camper,CURATED_REVIEW,,,Vasıta > Karavan > Fiat > Ducato Camper,CREATE_SAFE,high,New series under mapped category,n/a,0,no
Karavan,Campervan,Ford,Transit Camper,Transit Camper,CURATED_REVIEW,,,Vasıta > Karavan > Ford > Transit Camper,CREATE_SAFE,high,New series under mapped category,n/a,0,no
Karavan,Campervan,Ford,Transit Custom Camper,Transit Custom Camper,CURATED_REVIEW,,,Vasıta > Karavan > Ford > Transit Custom Camper,CREATE_SAFE,high,New series under mapped category,n/a,0,no
Karavan,Campervan,Mercedes-Benz,Sprinter Camper,Sprinter Camper,CURATED_REVIEW,,,Vasıta > Karavan > Mercedes-Benz > Sprinter Camper,CREATE_SAFE,high,New series under mapped category,n/a,0,no
Karavan,Campervan,Mercedes-Benz,Vito Camper,Vito Camper,CURATED_REVIEW,,,Vasıta > Karavan > Mercedes-Benz > Vito Camper,CREATE_SAFE,high,New series under mapped category,n/a,0,no
Karavan,Campervan,Peugeot,Boxer Camper,Boxer Camper,CURATED_REVIEW,,,Vasıta > Karavan > Peugeot > Boxer Camper,CREATE_SAFE,high,New series under mapped category,n/a,0,no
Karavan,Campervan,Peugeot,Expert Camper,Expert Camper,CURATED_REVIEW,,,Vasıta > Karavan > Peugeot > Expert Camper,CREATE_SAFE,high,New series under mapped category,n/a,0,no
Karavan,Campervan,Renault,Master Camper,Master Camper,CURATED_REVIEW,,,Vasıta > Karavan > Renault > Master Camper,CREATE_SAFE,high,New series under mapped category,n/a,0,no
Karavan,Campervan,Renault,Trafic Camper,Trafic Camper,CURATED_REVIEW,,,Vasıta > Karavan > Renault > Trafic Camper,CREATE_SAFE,high,New series under mapped category,n/a,0,no
Karavan,Campervan,Volkswagen,Crafter Camper,Crafter Camper,CURATED_REVIEW,,,Vasıta > Karavan > Volkswagen > Crafter Camper,CREATE_SAFE,high,New series under mapped category,n/a,0,no
Karavan,Campervan,Volkswagen,Transporter Camper,Transporter Camper,CURATED_REVIEW,,,Vasıta > Karavan > Volkswagen > Transporter Camper,CREATE_SAFE,high,New series under mapped category,n/a,0,no
Karavan,Karavan Projesi,Diğer,Boş Panelvan,Boş Panelvan,CURATED_REVIEW,,,Vasıta > Karavan > Diğer > Boş Panelvan,CREATE_SAFE,high,New series under mapped category,n/a,0,no
Karavan,Karavan Projesi,Diğer,Yarım Kalmış Proje,Yarım Kalmış Proje,CURATED_REVIEW,,,Vasıta > Karavan > Diğer > Yarım Kalmış Proje,CREATE_SAFE,high,New series under mapped category,n/a,0,no
Karavan,Karavan Projesi,Diğer,Şasi Üstü Proje,Şasi Üstü Proje,CURATED_REVIEW,,,Vasıta > Karavan > Diğer > Şasi Üstü Proje,CREATE_SAFE,high,New series under mapped category,n/a,0,no
Hava Araçları,Uçak,Beechcraft,Baron,Baron,CURATED_REVIEW,,,Vasıta > Hava Araçları > Beechcraft > Baron,CREATE_SAFE,high,New series under mapped category,n/a,0,no
Hava Araçları,Uçak,Beechcraft,Bonanza,Bonanza,CURATED_REVIEW,,,Vasıta > Hava Araçları > Beechcraft > Bonanza,CREATE_SAFE,high,New series under mapped category,n/a,0,no
Hava Araçları,Uçak,Beechcraft,King Air,King Air,CURATED_REVIEW,,,Vasıta > Hava Araçları > Beechcraft > King Air,CREATE_SAFE,high,New series under mapped category,n/a,0,no
Hava Araçları,Uçak,Cessna,150,150,CURATED_REVIEW,,,Vasıta > Hava Araçları > Cessna > 150,CREATE_SAFE,high,New series under mapped category,n/a,0,no
Hava Araçları,Uçak,Cessna,152,152,CURATED_REVIEW,,,Vasıta > Hava Araçları > Cessna > 152,CREATE_SAFE,high,New series under mapped category,n/a,0,no
Hava Araçları,Uçak,Cessna,172,172,CURATED_REVIEW,,,Vasıta > Hava Araçları > Cessna > 172,CREATE_SAFE,high,New series under mapped category,n/a,0,no
Hava Araçları,Uçak,Cessna,182,182,CURATED_REVIEW,,,Vasıta > Hava Araçları > Cessna > 182,CREATE_SAFE,high,New series under mapped category,n/a,0,no
Hava Araçları,Uçak,Cessna,206,206,CURATED_REVIEW,,,Vasıta > Hava Araçları > Cessna > 206,CREATE_SAFE,high,New series under mapped category,n/a,0,no
Hava Araçları,Uçak,Cessna,Citation,Citation,CURATED_REVIEW,,,Vasıta > Hava Araçları > Cessna > Citation,CREATE_SAFE,high,New series under mapped category,n/a,0,no
Hava Araçları,Uçak,Cirrus,SR20,SR20,CURATED_REVIEW,,,Vasıta > Hava Araçları > Cirrus > SR20,CREATE_SAFE,high,New series under mapped category,n/a,0,no
Hava Araçları,Uçak,Cirrus,SR22,SR22,CURATED_REVIEW,,,Vasıta > Hava Araçları > Cirrus > SR22,CREATE_SAFE,high,New series under mapped category,n/a,0,no
Hava Araçları,Uçak,Cirrus,Vision Jet,Vision Jet,CURATED_REVIEW,,,Vasıta > Hava Araçları > Cirrus > Vision Jet,CREATE_SAFE,high,New series under mapped category,n/a,0,no
Hava Araçları,Uçak,Piper,PA-28 Cherokee,PA-28 Cherokee,CURATED_REVIEW,,,Vasıta > Hava Araçları > Piper > PA-28 Cherokee,CREATE_SAFE,high,New series under mapped category,n/a,0,no
Hava Araçları,Uçak,Piper,PA-34 Seneca,PA-34 Seneca,CURATED_REVIEW,,,Vasıta > Hava Araçları > Piper > PA-34 Seneca,CREATE_SAFE,high,New series under mapped category,n/a,0,no
Hava Araçları,Uçak,Piper,PA-46 Malibu,PA-46 Malibu,CURATED_REVIEW,,,Vasıta > Hava Araçları > Piper > PA-46 Malibu,CREATE_SAFE,high,New series under mapped category,n/a,0,no
Hava Araçları,Uçak,Tecnam,P2002,P2002,CURATED_REVIEW,,,Vasıta > Hava Araçları > Tecnam > P2002,CREATE_SAFE,high,New series under mapped category,n/a,0,no
Hava Araçları,Uçak,Tecnam,P2006T,P2006T,CURATED_REVIEW,,,Vasıta > Hava Araçları > Tecnam > P2006T,CREATE_SAFE,high,New series under mapped category,n/a,0,no
Hava Araçları,Uçak,Tecnam,P2010,P2010,CURATED_REVIEW,,,Vasıta > Hava Araçları > Tecnam > P2010,CREATE_SAFE,high,New series under mapped category,n/a,0,no
Hava Araçları,Helikopter,Airbus Helicopters,H125,H125,CURATED_REVIEW,,,Vasıta > Hava Araçları > Airbus Helicopters > H125,CREATE_SAFE,high,New series under mapped category,n/a,0,no
Hava Araçları,Helikopter,Airbus Helicopters,H130,H130,CURATED_REVIEW,,,Vasıta > Hava Araçları > Airbus Helicopters > H130,CREATE_SAFE,high,New series under mapped category,n/a,0,no
Hava Araçları,Helikopter,Airbus Helicopters,H135,H135,CURATED_REVIEW,,,Vasıta > Hava Araçları > Airbus Helicopters > H135,CREATE_SAFE,high,New series under mapped category,n/a,0,no
Hava Araçları,Helikopter,Bell,206,206,CURATED_REVIEW,,,Vasıta > Hava Araçları > Bell > 206,CREATE_SAFE,high,New series under mapped category,n/a,0,no
Hava Araçları,Helikopter,Bell,407,407,CURATED_REVIEW,,,Vasıta > Hava Araçları > Bell > 407,CREATE_SAFE,high,New series under mapped category,n/a,0,no
Hava Araçları,Helikopter,Bell,429,429,CURATED_REVIEW,,,Vasıta > Hava Araçları > Bell > 429,CREATE_SAFE,high,New series under mapped category,n/a,0,no
Hava Araçları,Helikopter,Leonardo,AW109,AW109,CURATED_REVIEW,,,Vasıta > Hava Araçları > Leonardo > AW109,CREATE_SAFE,high,New series under mapped category,n/a,0,no
Hava Araçları,Helikopter,Leonardo,AW119,AW119,CURATED_REVIEW,,,Vasıta > Hava Araçları > Leonardo > AW119,CREATE_SAFE,high,New series under mapped category,n/a,0,no
Hava Araçları,Helikopter,Leonardo,AW139,AW139,CURATED_REVIEW,,,Vasıta > Hava Araçları > Leonardo > AW139,CREATE_SAFE,high,New series under mapped category,n/a,0,no
Hava Araçları,Helikopter,Robinson,R22,R22,CURATED_REVIEW,,,Vasıta > Hava Araçları > Robinson > R22,CREATE_SAFE,high,New series under mapped category,n/a,0,no
Hava Araçları,Helikopter,Robinson,R44,R44,CURATED_REVIEW,,,Vasıta > Hava Araçları > Robinson > R44,CREATE_SAFE,high,New series under mapped category,n/a,0,no
Hava Araçları,Helikopter,Robinson,R66,R66,CURATED_REVIEW,,,Vasıta > Hava Araçları > Robinson > R66,CREATE_SAFE,high,New series under mapped category,n/a,0,no
Hava Araçları,Ultralight,Aeroprakt,A22,A22,CURATED_REVIEW,,,Vasıta > Hava Araçları > Aeroprakt > A22,CREATE_SAFE,high,New series under mapped category,n/a,0,no
Hava Araçları,Ultralight,Aeroprakt,A32,A32,CURATED_REVIEW,,,Vasıta > Hava Araçları > Aeroprakt > A32,CREATE_SAFE,high,New series under mapped category,n/a,0,no
Hava Araçları,Ultralight,Flight Design,CTLS,CTLS,CURATED_REVIEW,,,Vasıta > Hava Araçları > Flight Design > CTLS,CREATE_SAFE,high,New series under mapped category,n/a,0,no
Hava Araçları,Ultralight,Flight Design,F2,F2,CURATED_REVIEW,,,Vasıta > Hava Araçları > Flight Design > F2,CREATE_SAFE,high,New series under mapped category,n/a,0,no
Hava Araçları,Ultralight,Pipistrel,Alpha Trainer,Alpha Trainer,CURATED_REVIEW,,,Vasıta > Hava Araçları > Pipistrel > Alpha Trainer,CREATE_SAFE,high,New series under mapped category,n/a,0,no
Hava Araçları,Ultralight,Pipistrel,Velis Electro,Velis Electro,CURATED_REVIEW,,,Vasıta > Hava Araçları > Pipistrel > Velis Electro,CREATE_SAFE,high,New series under mapped category,n/a,0,no
Hava Araçları,Ultralight,Pipistrel,Virus SW,Virus SW,CURATED_REVIEW,,,Vasıta > Hava Araçları > Pipistrel > Virus SW,CREATE_SAFE,high,New series under mapped category,n/a,0,no
Hava Araçları,Ultralight,Remos,GX,GX,CURATED_REVIEW,,,Vasıta > Hava Araçları > Remos > GX,CREATE_SAFE,high,New series under mapped category,n/a,0,no
Hava Araçları,Planör,DG Flugzeugbau,DG-1000,DG-1000,CURATED_REVIEW,,,Vasıta > Hava Araçları > DG Flugzeugbau > DG-1000,CREATE_SAFE,high,New series under mapped category,n/a,0,no
Hava Araçları,Planör,DG Flugzeugbau,LS8,LS8,CURATED_REVIEW,,,Vasıta > Hava Araçları > DG Flugzeugbau > LS8,CREATE_SAFE,high,New series under mapped category,n/a,0,no
Hava Araçları,Planör,Schempp-Hirth,Arcus,Arcus,CURATED_REVIEW,,,Vasıta > Hava Araçları > Schempp-Hirth > Arcus,CREATE_SAFE,high,New series under mapped category,n/a,0,no
Hava Araçları,Planör,Schempp-Hirth,Discus,Discus,CURATED_REVIEW,,,Vasıta > Hava Araçları > Schempp-Hirth > Discus,CREATE_SAFE,high,New series under mapped category,n/a,0,no
Hava Araçları,Planör,Schempp-Hirth,Ventus,Ventus,CURATED_REVIEW,,,Vasıta > Hava Araçları > Schempp-Hirth > Ventus,CREATE_SAFE,high,New series under mapped category,n/a,0,no
Hava Araçları,Planör,Schleicher,ASG 29,ASG 29,CURATED_REVIEW,,,Vasıta > Hava Araçları > Schleicher > ASG 29,CREATE_SAFE,high,New series under mapped category,n/a,0,no
Hava Araçları,Planör,Schleicher,ASH 31,ASH 31,CURATED_REVIEW,,,Vasıta > Hava Araçları > Schleicher > ASH 31,CREATE_SAFE,high,New series under mapped category,n/a,0,no
Hava Araçları,Planör,Schleicher,ASK 21,ASK 21,CURATED_REVIEW,,,Vasıta > Hava Araçları > Schleicher > ASK 21,CREATE_SAFE,high,New series under mapped category,n/a,0,no
ATV,,Arora,Atak 200,Atak 200,CURATED_REVIEW,,,Vasıta > ATV > Arora > Atak 200,CREATE_SAFE,high,New series under mapped category,n/a,0,no
ATV,,Arora,Sahara 250,Sahara 250,CURATED_REVIEW,,,Vasıta > ATV > Arora > Sahara 250,CREATE_SAFE,high,New series under mapped category,n/a,0,no
ATV,,Can-Am,Outlander 1000,Outlander 1000,CURATED_REVIEW,,,Vasıta > ATV > Can-Am > Outlander 1000,CREATE_SAFE,high,New series under mapped category,n/a,0,no
ATV,,Can-Am,Outlander 450,Outlander 450,CURATED_REVIEW,,,Vasıta > ATV > Can-Am > Outlander 450,CREATE_SAFE,high,New series under mapped category,n/a,0,no
ATV,,Can-Am,Outlander 650,Outlander 650,CURATED_REVIEW,,,Vasıta > ATV > Can-Am > Outlander 650,CREATE_SAFE,high,New series under mapped category,n/a,0,no
ATV,,Can-Am,Outlander 850,Outlander 850,CURATED_REVIEW,,,Vasıta > ATV > Can-Am > Outlander 850,CREATE_SAFE,high,New series under mapped category,n/a,0,no
ATV,,Can-Am,Renegade 1000,Renegade 1000,CURATED_REVIEW,,,Vasıta > ATV > Can-Am > Renegade 1000,CREATE_SAFE,high,New series under mapped category,n/a,0,no
ATV,,Can-Am,Renegade 570,Renegade 570,CURATED_REVIEW,,,Vasıta > ATV > Can-Am > Renegade 570,CREATE_SAFE,high,New series under mapped category,n/a,0,no
ATV,,CFmoto,CForce 1000,CForce 1000,CURATED_REVIEW,,,Vasıta > ATV > CFmoto > CForce 1000,CREATE_SAFE,high,New series under mapped category,n/a,0,no
ATV,,CFmoto,CForce 450,CForce 450,CURATED_REVIEW,,,Vasıta > ATV > CFmoto > CForce 450,CREATE_SAFE,high,New series under mapped category,n/a,0,no
ATV,,CFmoto,CForce 520,CForce 520,CURATED_REVIEW,,,Vasıta > ATV > CFmoto > CForce 520,CREATE_SAFE,high,New series under mapped category,n/a,0,no
ATV,,CFmoto,CForce 625,CForce 625,CURATED_REVIEW,,,Vasıta > ATV > CFmoto > CForce 625,CREATE_SAFE,high,New series under mapped category,n/a,0,no
ATV,,CFmoto,CForce 850,CForce 850,CURATED_REVIEW,,,Vasıta > ATV > CFmoto > CForce 850,CREATE_SAFE,high,New series under mapped category,n/a,0,no
ATV,,Kawasaki,Brute Force 300,Brute Force 300,CURATED_REVIEW,,,Vasıta > ATV > Kawasaki > Brute Force 300,CREATE_SAFE,high,New series under mapped category,n/a,0,no
ATV,,Kawasaki,Brute Force 750,Brute Force 750,CURATED_REVIEW,,,Vasıta > ATV > Kawasaki > Brute Force 750,CREATE_SAFE,high,New series under mapped category,n/a,0,no
ATV,,Kawasaki,KFX 90,KFX 90,CURATED_REVIEW,,,Vasıta > ATV > Kawasaki > KFX 90,CREATE_SAFE,high,New series under mapped category,n/a,0,no
ATV,,Kuba,Eland 200,Eland 200,CURATED_REVIEW,,,Vasıta > ATV > Kuba > Eland 200,CREATE_SAFE,high,New series under mapped category,n/a,0,no
ATV,,Kuba,Promax 250,Promax 250,CURATED_REVIEW,,,Vasıta > ATV > Kuba > Promax 250,CREATE_SAFE,high,New series under mapped category,n/a,0,no
ATV,,Kymco,MXU 300,MXU 300,CURATED_REVIEW,,,Vasıta > ATV > Kymco > MXU 300,CREATE_SAFE,high,New series under mapped category,n/a,0,no
ATV,,Kymco,MXU 550,MXU 550,CURATED_REVIEW,,,Vasıta > ATV > Kymco > MXU 550,CREATE_SAFE,high,New series under mapped category,n/a,0,no
ATV,,Kymco,MXU 700,MXU 700,CURATED_REVIEW,,,Vasıta > ATV > Kymco > MXU 700,CREATE_SAFE,high,New series under mapped category,n/a,0,no
ATV,,Linhai,M150,M150,CURATED_REVIEW,,,Vasıta > ATV > Linhai > M150,CREATE_SAFE,high,New series under mapped category,n/a,0,no
ATV,,Linhai,M550,M550,CURATED_REVIEW,,,Vasıta > ATV > Linhai > M550,CREATE_SAFE,high,New series under mapped category,n/a,0,no
ATV,,Linhai,M750,M750,CURATED_REVIEW,,,Vasıta > ATV > Linhai > M750,CREATE_SAFE,high,New series under mapped category,n/a,0,no
ATV,,Polaris,Scrambler 850,Scrambler 850,CURATED_REVIEW,,,Vasıta > ATV > Polaris > Scrambler 850,CREATE_SAFE,high,New series under mapped category,n/a,0,no
ATV,,Polaris,Scrambler XP 1000,Scrambler XP 1000,CURATED_REVIEW,,,Vasıta > ATV > Polaris > Scrambler XP 1000,CREATE_SAFE,high,New series under mapped category,n/a,0,no
ATV,,Polaris,Sportsman 570,Sportsman 570,CURATED_REVIEW,,,Vasıta > ATV > Polaris > Sportsman 570,CREATE_SAFE,high,New series under mapped category,n/a,0,no
ATV,,Polaris,Sportsman 850,Sportsman 850,CURATED_REVIEW,,,Vasıta > ATV > Polaris > Sportsman 850,CREATE_SAFE,high,New series under mapped category,n/a,0,no
ATV,,Segway,Snarler AT10,Snarler AT10,CURATED_REVIEW,,,Vasıta > ATV > Segway > Snarler AT10,CREATE_SAFE,high,New series under mapped category,n/a,0,no
ATV,,Segway,Snarler AT5,Snarler AT5,CURATED_REVIEW,,,Vasıta > ATV > Segway > Snarler AT5,CREATE_SAFE,high,New series under mapped category,n/a,0,no
ATV,,Segway,Snarler AT6,Snarler AT6,CURATED_REVIEW,,,Vasıta > ATV > Segway > Snarler AT6,CREATE_SAFE,high,New series under mapped category,n/a,0,no
ATV,,Suzuki,KingQuad 400,KingQuad 400,CURATED_REVIEW,,,Vasıta > ATV > Suzuki > KingQuad 400,CREATE_SAFE,high,New series under mapped category,n/a,0,no
ATV,,Suzuki,KingQuad 500,KingQuad 500,CURATED_REVIEW,,,Vasıta > ATV > Suzuki > KingQuad 500,CREATE_SAFE,high,New series under mapped category,n/a,0,no
ATV,,Suzuki,KingQuad 750,KingQuad 750,CURATED_REVIEW,,,Vasıta > ATV > Suzuki > KingQuad 750,CREATE_SAFE,high,New series under mapped category,n/a,0,no
ATV,,TGB,Blade 1000,Blade 1000,CURATED_REVIEW,,,Vasıta > ATV > TGB > Blade 1000,CREATE_SAFE,high,New series under mapped category,n/a,0,no
ATV,,TGB,Blade 550,Blade 550,CURATED_REVIEW,,,Vasıta > ATV > TGB > Blade 550,CREATE_SAFE,high,New series under mapped category,n/a,0,no
ATV,,TGB,Blade 600,Blade 600,CURATED_REVIEW,,,Vasıta > ATV > TGB > Blade 600,CREATE_SAFE,high,New series under mapped category,n/a,0,no
ATV,,TGB,Target 600,Target 600,CURATED_REVIEW,,,Vasıta > ATV > TGB > Target 600,CREATE_SAFE,high,New series under mapped category,n/a,0,no
ATV,,Yamaha,Grizzly 700,Grizzly 700,CURATED_REVIEW,,,Vasıta > ATV > Yamaha > Grizzly 700,CREATE_SAFE,high,New series under mapped category,n/a,0,no
ATV,,Yamaha,Kodiak 450,Kodiak 450,CURATED_REVIEW,,,Vasıta > ATV > Yamaha > Kodiak 450,CREATE_SAFE,high,New series under mapped category,n/a,0,no
ATV,,Yamaha,Kodiak 700,Kodiak 700,CURATED_REVIEW,,,Vasıta > ATV > Yamaha > Kodiak 700,CREATE_SAFE,high,New series under mapped category,n/a,0,no
ATV,,Yamaha,Raptor 700,Raptor 700,CURATED_REVIEW,,,Vasıta > ATV > Yamaha > Raptor 700,CREATE_SAFE,high,New series under mapped category,n/a,0,no
ATV,,Yamaha,YFZ450R,YFZ450R,CURATED_REVIEW,,,Vasıta > ATV > Yamaha > YFZ450R,CREATE_SAFE,high,New series under mapped category,n/a,0,no
UTV,,Can-Am,Commander 1000,Commander 1000,CURATED_REVIEW,,,Vasıta > UTV > Can-Am > Commander 1000,CREATE_SAFE,high,New series under mapped category,n/a,0,no
UTV,,Can-Am,Commander 700,Commander 700,CURATED_REVIEW,,,Vasıta > UTV > Can-Am > Commander 700,CREATE_SAFE,high,New series under mapped category,n/a,0,no
UTV,,Can-Am,Defender HD10,Defender HD10,CURATED_REVIEW,,,Vasıta > UTV > Can-Am > Defender HD10,CREATE_SAFE,high,New series under mapped category,n/a,0,no
UTV,,Can-Am,Defender HD7,Defender HD7,CURATED_REVIEW,,,Vasıta > UTV > Can-Am > Defender HD7,CREATE_SAFE,high,New series under mapped category,n/a,0,no
UTV,,Can-Am,Defender HD9,Defender HD9,CURATED_REVIEW,,,Vasıta > UTV > Can-Am > Defender HD9,CREATE_SAFE,high,New series under mapped category,n/a,0,no
UTV,,Can-Am,Maverick X3,Maverick X3,CURATED_REVIEW,,,Vasıta > UTV > Can-Am > Maverick X3,CREATE_SAFE,high,New series under mapped category,n/a,0,no
UTV,,CFmoto,UForce 1000,UForce 1000,CURATED_REVIEW,,,Vasıta > UTV > CFmoto > UForce 1000,CREATE_SAFE,high,New series under mapped category,n/a,0,no
UTV,,CFmoto,UForce 600,UForce 600,CURATED_REVIEW,,,Vasıta > UTV > CFmoto > UForce 600,CREATE_SAFE,high,New series under mapped category,n/a,0,no
UTV,,CFmoto,ZForce 1000,ZForce 1000,CURATED_REVIEW,,,Vasıta > UTV > CFmoto > ZForce 1000,CREATE_SAFE,high,New series under mapped category,n/a,0,no
UTV,,CFmoto,ZForce 950,ZForce 950,CURATED_REVIEW,,,Vasıta > UTV > CFmoto > ZForce 950,CREATE_SAFE,high,New series under mapped category,n/a,0,no
UTV,,John Deere,Gator XUV,Gator XUV,CURATED_REVIEW,,,Vasıta > UTV > John Deere > Gator XUV,CREATE_SAFE,high,New series under mapped category,n/a,0,no
UTV,,Kawasaki,Mule Pro,Mule Pro,CURATED_REVIEW,,,Vasıta > UTV > Kawasaki > Mule Pro,CREATE_SAFE,high,New series under mapped category,n/a,0,no
UTV,,Kawasaki,Teryx KRX 1000,Teryx KRX 1000,CURATED_REVIEW,,,Vasıta > UTV > Kawasaki > Teryx KRX 1000,CREATE_SAFE,high,New series under mapped category,n/a,0,no
UTV,,Kymco,UXV 450,UXV 450,CURATED_REVIEW,,,Vasıta > UTV > Kymco > UXV 450,CREATE_SAFE,high,New series under mapped category,n/a,0,no
UTV,,Kymco,UXV 700,UXV 700,CURATED_REVIEW,,,Vasıta > UTV > Kymco > UXV 700,CREATE_SAFE,high,New series under mapped category,n/a,0,no
UTV,,Polaris,General 1000,General 1000,CURATED_REVIEW,,,Vasıta > UTV > Polaris > General 1000,CREATE_SAFE,high,New series under mapped category,n/a,0,no
UTV,,Polaris,Ranger 1000,Ranger 1000,CURATED_REVIEW,,,Vasıta > UTV > Polaris > Ranger 1000,CREATE_SAFE,high,New series under mapped category,n/a,0,no
UTV,,Polaris,Ranger 570,Ranger 570,CURATED_REVIEW,,,Vasıta > UTV > Polaris > Ranger 570,CREATE_SAFE,high,New series under mapped category,n/a,0,no
UTV,,Polaris,RZR 1000,RZR 1000,CURATED_REVIEW,,,Vasıta > UTV > Polaris > RZR 1000,CREATE_SAFE,high,New series under mapped category,n/a,0,no
UTV,,Polaris,RZR 570,RZR 570,CURATED_REVIEW,,,Vasıta > UTV > Polaris > RZR 570,CREATE_SAFE,high,New series under mapped category,n/a,0,no
UTV,,Polaris,RZR Pro R,RZR Pro R,CURATED_REVIEW,,,Vasıta > UTV > Polaris > RZR Pro R,CREATE_SAFE,high,New series under mapped category,n/a,0,no
UTV,,Segway,Fugleman UT10,Fugleman UT10,CURATED_REVIEW,,,Vasıta > UTV > Segway > Fugleman UT10,CREATE_SAFE,high,New series under mapped category,n/a,0,no
UTV,,Segway,Fugleman UT6,Fugleman UT6,CURATED_REVIEW,,,Vasıta > UTV > Segway > Fugleman UT6,CREATE_SAFE,high,New series under mapped category,n/a,0,no
UTV,,Segway,Villain SX10,Villain SX10,CURATED_REVIEW,,,Vasıta > UTV > Segway > Villain SX10,CREATE_SAFE,high,New series under mapped category,n/a,0,no
UTV,,Yamaha,Viking,Viking,CURATED_REVIEW,,,Vasıta > UTV > Yamaha > Viking,CREATE_SAFE,high,New series under mapped category,n/a,0,no
UTV,,Yamaha,Wolverine,Wolverine,CURATED_REVIEW,,,Vasıta > UTV > Yamaha > Wolverine,CREATE_SAFE,high,New series under mapped category,n/a,0,no
UTV,,Yamaha,YXZ1000R,YXZ1000R,CURATED_REVIEW,,,Vasıta > UTV > Yamaha > YXZ1000R,CREATE_SAFE,high,New series under mapped category,n/a,0,no