category,subcategory,brand,series,modelVariant,level,name,slug,fullPath,source,status,notes,canonicalRef
Otomobil,,Abarth,500,,SERIES,500,500,Vasıta > Otomobil > Abarth > 500,curated-market-v1,CURATED_REVIEW,,
Otomobil,,Abarth,500C,,SERIES,500C,500c,Vasıta > Otomobil > Abarth > 500C,curated-market-v1,CURATED_REVIEW,,
Otomobil,,Abarth,595,,SERIES,595,595,Vasıta > Otomobil > Abarth > 595,curated-market-v1,CURATED_REVIEW,,
Otomobil,,Abarth,595,1.4 T-Jet,MODEL_VARIANT,1.4 T-Jet,1-4-t-jet,Vasıta > Otomobil > Abarth > 595 > 1.4 T-Jet,curated-market-v1,CURATED_REVIEW,,
Otomobil,,Abarth,595,Competizione,MODEL_VARIANT,Competizione,competizione,Vasıta > Otomobil > Abarth > 595 > Competizione,curated-market-v1,CURATED_REVIEW,,
Otomobil,,Abarth,595,Turismo,MODEL_VARIANT,Turismo,turismo,Vasıta > Otomobil > Abarth > 595 > Turismo,curated-market-v1,CURATED_REVIEW,,
Otomobil,,Abarth,695,,SERIES,695,695,Vasıta > Otomobil > Abarth > 695,curated-market-v1,CURATED_REVIEW,,
Otomobil,,Abarth,695,Esseesse,MODEL_VARIANT,Esseesse,esseesse,Vasıta > Otomobil > Abarth > 695 > Esseesse,curated-market-v1,CURATED_REVIEW,,
Otomobil,,Abarth,695,Tributo 131,MODEL_VARIANT,Tributo 131,tributo-131,Vasıta > Otomobil > Abarth > 695 > Tributo 131,curated-market-v1,CURATED_REVIEW,,
Otomobil,,Abarth,Grande Punto,,SERIES,Grande Punto,grande-punto,Vasıta > Otomobil > Abarth > Grande Punto,curated-market-v1,CURATED_REVIEW,,
Otomobil,,Acura,CL,,SERIES,CL,cl,Vasıta > Otomobil > Acura > CL,curated-market-v1,CURATED_REVIEW,,
Otomobil,,Acura,CSX,,SERIES,CSX,csx,Vasıta > Otomobil > Acura > CSX,curated-market-v1,CURATED_REVIEW,,
Otomobil,,Acura,ILX,,SERIES,ILX,ilx,Vasıta > Otomobil > Acura > ILX,curated-market-v1,CURATED_REVIEW,,
Otomobil,,Acura,Integra,,SERIES,Integra,integra,Vasıta > Otomobil > Acura > Integra,curated-market-v1,CURATED_REVIEW,,
Otomobil,,Acura,Legend,,SERIES,Legend,legend,Vasıta > Otomobil > Acura > Legend,curated-market-v1,CURATED_REVIEW,,
Otomobil,,Acura,MDX,,SERIES,MDX,mdx,Vasıta > Otomobil > Acura > MDX,curated-market-v1,CURATED_REVIEW,,
Otomobil,,Acura,NSX,,SERIES,NSX,nsx,Vasıta > Otomobil > Acura > NSX,curated-market-v1,CURATED_REVIEW,,
Otomobil,,Acura,RDX,,SERIES,RDX,rdx,Vasıta > Otomobil > Acura > RDX,curated-market-v1,CURATED_REVIEW,,
Otomobil,,Acura,RL,,SERIES,RL,rl,Vasıta > Otomobil > Acura > RL,curated-market-v1,CURATED_REVIEW,,
Otomobil,,Acura,RSX,,SERIES,RSX,rsx,Vasıta > Otomobil > Acura > RSX,curated-market-v1,CURATED_REVIEW,,
Otomobil,,Acura,TL,,SERIES,TL,tl,Vasıta > Otomobil > Acura > TL,curated-market-v1,CURATED_REVIEW,,
Otomobil,,Acura,TLX,,SERIES,TLX,tlx,Vasıta > Otomobil > Acura > TLX,curated-market-v1,CURATED_REVIEW,,
Otomobil,,Acura,TSX,,SERIES,TSX,tsx,Vasıta > Otomobil > Acura > TSX,curated-market-v1,CURATED_REVIEW,,
Otomobil,,Acura,ZDX,,SERIES,ZDX,zdx,Vasıta > Otomobil > Acura > ZDX,curated-market-v1,CURATED_REVIEW,,
Otomobil,,Aion,ES,,SERIES,ES,es,Vasıta > Otomobil > Aion > ES,curated-market-v1,CURATED_REVIEW,,
Otomobil,,Aion,Hyper GT,,SERIES,Hyper GT,hyper-gt,Vasıta > Otomobil > Aion > Hyper GT,curated-market-v1,CURATED_REVIEW,,
Otomobil,,Aion,S,,SERIES,S,s,Vasıta > Otomobil > Aion > S,curated-market-v1,CURATED_REVIEW,,
Otomobil,,Aion,S Plus,,SERIES,S Plus,s-plus,Vasıta > Otomobil > Aion > S Plus,curated-market-v1,CURATED_REVIEW,,
Otomobil,,Aion,Y,,SERIES,Y,y,Vasıta > Otomobil > Aion > Y,curated-market-v1,CURATED_REVIEW,,
Otomobil,,Aion,Y Plus,,SERIES,Y Plus,y-plus,Vasıta > Otomobil > Aion > Y Plus,curated-market-v1,CURATED_REVIEW,,
Otomobil,,Alfa Romeo,145,,SERIES,145,145,Vasıta > Otomobil > Alfa Romeo > 145,curated-market-v1,CURATED_REVIEW,,
Otomobil,,Alfa Romeo,146,,SERIES,146,146,Vasıta > Otomobil > Alfa Romeo > 146,curated-market-v1,CURATED_REVIEW,,
Otomobil,,Alfa Romeo,147,,SERIES,147,147,Vasıta > Otomobil > Alfa Romeo > 147,curated-market-v1,CURATED_REVIEW,,
Otomobil,,Alfa Romeo,147,1.6 TS Distinctive,MODEL_VARIANT,1.6 TS Distinctive,1-6-ts-distinctive,Vasıta > Otomobil > Alfa Romeo > 147 > 1.6 TS Distinctive,curated-market-v1,CURATED_REVIEW,,
Otomobil,,Alfa Romeo,147,1.9 JTD Distinctive,MODEL_VARIANT,1.9 JTD Distinctive,1-9-jtd-distinctive,Vasıta > Otomobil > Alfa Romeo > 147 > 1.9 JTD Distinctive,curated-market-v1,CURATED_REVIEW,,
Otomobil,,Alfa Romeo,147,2.0 TS Selespeed,MODEL_VARIANT,2.0 TS Selespeed,2-0-ts-selespeed,Vasıta > Otomobil > Alfa Romeo > 147 > 2.0 TS Selespeed,curated-market-v1,CURATED_REVIEW,,
Otomobil,,Alfa Romeo,155,,SERIES,155,155,Vasıta > Otomobil > Alfa Romeo > 155,curated-market-v1,CURATED_REVIEW,,
Otomobil,,Alfa Romeo,156,,SERIES,156,156,Vasıta > Otomobil > Alfa Romeo > 156,curated-market-v1,CURATED_REVIEW,,
Otomobil,,Alfa Romeo,156,1.6 TS,MODEL_VARIANT,1.6 TS,1-6-ts,Vasıta > Otomobil > Alfa Romeo > 156 > 1.6 TS,curated-market-v1,CURATED_REVIEW,,
Otomobil,,Alfa Romeo,156,1.8 TS,MODEL_VARIANT,1.8 TS,1-8-ts,Vasıta > Otomobil > Alfa Romeo > 156 > 1.8 TS,curated-market-v1,CURATED_REVIEW,,
Otomobil,,Alfa Romeo,156,2.0 TS Selespeed,MODEL_VARIANT,2.0 TS Selespeed,2-0-ts-selespeed,Vasıta > Otomobil > Alfa Romeo > 156 > 2.0 TS Selespeed,curated-market-v1,CURATED_REVIEW,,
Otomobil,,Alfa Romeo,156,1.9 JTD,MODEL_VARIANT,1.9 JTD,1-9-jtd,Vasıta > Otomobil > Alfa Romeo > 156 > 1.9 JTD,curated-market-v1,CURATED_REVIEW,,
Otomobil,,Alfa Romeo,156,2.4 JTD,MODEL_VARIANT,2.4 JTD,2-4-jtd,Vasıta > Otomobil > Alfa Romeo > 156 > 2.4 JTD,curated-market-v1,CURATED_REVIEW,,
Otomobil,,Alfa Romeo,159,,SERIES,159,159,Vasıta > Otomobil > Alfa Romeo > 159,curated-market-v1,CURATED_REVIEW,,
Otomobil,,Alfa Romeo,159,1.9 JTD Distinctive,MODEL_VARIANT,1.9 JTD Distinctive,1-9-jtd-distinctive,Vasıta > Otomobil > Alfa Romeo > 159 > 1.9 JTD Distinctive,curated-market-v1,CURATED_REVIEW,,
Otomobil,,Alfa Romeo,159,2.0 JTDM,MODEL_VARIANT,2.0 JTDM,2-0-jtdm,Vasıta > Otomobil > Alfa Romeo > 159 > 2.0 JTDM,curated-market-v1,CURATED_REVIEW,,
Otomobil,,Alfa Romeo,159,2.2 JTS,MODEL_VARIANT,2.2 JTS,2-2-jts,Vasıta > Otomobil > Alfa Romeo > 159 > 2.2 JTS,curated-market-v1,CURATED_REVIEW,,
Otomobil,,Alfa Romeo,164,,SERIES,164,164,Vasıta > Otomobil > Alfa Romeo > 164,curated-market-v1,CURATED_REVIEW,,
Otomobil,,Alfa Romeo,166,,SERIES,166,166,Vasıta > Otomobil > Alfa Romeo > 166,curated-market-v1,CURATED_REVIEW,,
Otomobil,,Alfa Romeo,33,,SERIES,33,33,Vasıta > Otomobil > Alfa Romeo > 33,curated-market-v1,CURATED_REVIEW,,
Otomobil,,Alfa Romeo,75,,SERIES,75,75,Vasıta > Otomobil > Alfa Romeo > 75,curated-market-v1,CURATED_REVIEW,,
Otomobil,,Alfa Romeo,Brera,,SERIES,Brera,brera,Vasıta > Otomobil > Alfa Romeo > Brera,curated-market-v1,CURATED_REVIEW,,
Otomobil,,Alfa Romeo,Giulia,,SERIES,Giulia,giulia,Vasıta > Otomobil > Alfa Romeo > Giulia,curated-market-v1,CURATED_REVIEW,,
Otomobil,,Alfa Romeo,Giulia,2.0 Turbo Sprint,MODEL_VARIANT,2.0 Turbo Sprint,2-0-turbo-sprint,Vasıta > Otomobil > Alfa Romeo > Giulia > 2.0 Turbo Sprint,curated-market-v1,CURATED_REVIEW,,
Otomobil,,Alfa Romeo,Giulia,2.0 Turbo Veloce,MODEL_VARIANT,2.0 Turbo Veloce,2-0-turbo-veloce,Vasıta > Otomobil > Alfa Romeo > Giulia > 2.0 Turbo Veloce,curated-market-v1,CURATED_REVIEW,,
Otomobil,,Alfa Romeo,Giulia,2.2 Diesel Super,MODEL_VARIANT,2.2 Diesel Super,2-2-diesel-super,Vasıta > Otomobil > Alfa Romeo > Giulia > 2.2 Diesel Super,curated-market-v1,CURATED_REVIEW,,
Otomobil,,Alfa Romeo,Giulia,Quadrifoglio,MODEL_VARIANT,Quadrifoglio,quadrifoglio,Vasıta > Otomobil > Alfa Romeo > Giulia > Quadrifoglio,curated-market-v1,CURATED_REVIEW,,
Otomobil,,Alfa Romeo,Giulietta,,SERIES,Giulietta,giulietta,Vasıta > Otomobil > Alfa Romeo > Giulietta,curated-market-v1,CURATED_REVIEW,,
Otomobil,,Alfa Romeo,Giulietta,1.4 TB Progression,MODEL_VARIANT,1.4 TB Progression,1-4-tb-progression,Vasıta > Otomobil > Alfa Romeo > Giulietta > 1.4 TB Progression,curated-market-v1,CURATED_REVIEW,,
Otomobil,,Alfa Romeo,Giulietta,1.4 TB Distinctive,MODEL_VARIANT,1.4 TB Distinctive,1-4-tb-distinctive,Vasıta > Otomobil > Alfa Romeo > Giulietta > 1.4 TB Distinctive,curated-market-v1,CURATED_REVIEW,,
Otomobil,,Alfa Romeo,Giulietta,1.6 JTD Progression,MODEL_VARIANT,1.6 JTD Progression,1-6-jtd-progression,Vasıta > Otomobil > Alfa Romeo > Giulietta > 1.6 JTD Progression,curated-market-v1,CURATED_REVIEW,,
Otomobil,,Alfa Romeo,Giulietta,1.6 JTD Super,MODEL_VARIANT,1.6 JTD Super,1-6-jtd-super,Vasıta > Otomobil > Alfa Romeo > Giulietta > 1.6 JTD Super,curated-market-v1,CURATED_REVIEW,,
Otomobil,,Alfa Romeo,GT,,SERIES,GT,gt,Vasıta > Otomobil > Alfa Romeo > GT,curated-market-v1,CURATED_REVIEW,,
Otomobil,,Alfa Romeo,GT,1.9 JTD Distinctive,MODEL_VARIANT,1.9 JTD Distinctive,1-9-jtd-distinctive,Vasıta > Otomobil > Alfa Romeo > GT > 1.9 JTD Distinctive,curated-market-v1,CURATED_REVIEW,,
Otomobil,,Alfa Romeo,GT,2.0 JTS Selespeed,MODEL_VARIANT,2.0 JTS Selespeed,2-0-jts-selespeed,Vasıta > Otomobil > Alfa Romeo > GT > 2.0 JTS Selespeed,curated-market-v1,CURATED_REVIEW,,
Otomobil,,Alfa Romeo,GTV,,SERIES,GTV,gtv,Vasıta > Otomobil > Alfa Romeo > GTV,curated-market-v1,CURATED_REVIEW,,
Otomobil,,Alfa Romeo,MiTo,,SERIES,MiTo,mito,Vasıta > Otomobil > Alfa Romeo > MiTo,curated-market-v1,CURATED_REVIEW,,
Otomobil,,Alfa Romeo,MiTo,1.4 TB Distinctive,MODEL_VARIANT,1.4 TB Distinctive,1-4-tb-distinctive,Vasıta > Otomobil > Alfa Romeo > MiTo > 1.4 TB Distinctive,curated-market-v1,CURATED_REVIEW,,
Otomobil,,Alfa Romeo,MiTo,1.3 JTD Progression,MODEL_VARIANT,1.3 JTD Progression,1-3-jtd-progression,Vasıta > Otomobil > Alfa Romeo > MiTo > 1.3 JTD Progression,curated-market-v1,CURATED_REVIEW,,
Otomobil,,Alfa Romeo,Spider,,SERIES,Spider,spider,Vasıta > Otomobil > Alfa Romeo > Spider,curated-market-v1,CURATED_REVIEW,,
Otomobil,,Alpine,A110,,SERIES,A110,a110,Vasıta > Otomobil > Alpine > A110,curated-market-v1,CURATED_REVIEW,,
Otomobil,,Alpine,A110,Pure,MODEL_VARIANT,Pure,pure,Vasıta > Otomobil > Alpine > A110 > Pure,curated-market-v1,CURATED_REVIEW,,
Otomobil,,Alpine,A110,Legende,MODEL_VARIANT,Legende,legende,Vasıta > Otomobil > Alpine > A110 > Legende,curated-market-v1,CURATED_REVIEW,,
Otomobil,,Alpine,A110,S,MODEL_VARIANT,S,s,Vasıta > Otomobil > Alpine > A110 > S,curated-market-v1,CURATED_REVIEW,,
Otomobil,,Alpine,A110,GT,MODEL_VARIANT,GT,gt,Vasıta > Otomobil > Alpine > A110 > GT,curated-market-v1,CURATED_REVIEW,,
Otomobil,,Alpine,A110,R,MODEL_VARIANT,R,r,Vasıta > Otomobil > Alpine > A110 > R,curated-market-v1,CURATED_REVIEW,,
Otomobil,,Alpine,A290,,SERIES,A290,a290,Vasıta > Otomobil > Alpine > A290,curated-market-v1,CURATED_REVIEW,,
Otomobil,,Alpine,A290,GT,MODEL_VARIANT,GT,gt,Vasıta > Otomobil > Alpine > A290 > GT,curated-market-v1,CURATED_REVIEW,,
Otomobil,,Alpine,A290,GTS,MODEL_VARIANT,GTS,gts,Vasıta > Otomobil > Alpine > A290 > GTS,curated-market-v1,CURATED_REVIEW,,
Otomobil,,Anadol,A1,,SERIES,A1,a1,Vasıta > Otomobil > Anadol > A1,curated-market-v1,CURATED_REVIEW,,
Otomobil,,Anadol,A2,,SERIES,A2,a2,Vasıta > Otomobil > Anadol > A2,curated-market-v1,CURATED_REVIEW,,
Otomobil,,Anadol,Böcek,,SERIES,Böcek,bocek,Vasıta > Otomobil > Anadol > Böcek,curated-market-v1,CURATED_REVIEW,,
Otomobil,,Anadol,P2,,SERIES,P2,p2,Vasıta > Otomobil > Anadol > P2,curated-market-v1,CURATED_REVIEW,,
Otomobil,,Anadol,STC-16,,SERIES,STC-16,stc-16,Vasıta > Otomobil > Anadol > STC-16,curated-market-v1,CURATED_REVIEW,,
Otomobil,,Anadol,SV-1600,,SERIES,SV-1600,sv-1600,Vasıta > Otomobil > Anadol > SV-1600,curated-market-v1,CURATED_REVIEW,,
Otomobil,,Arora,S1,,SERIES,S1,s1,Vasıta > Otomobil > Arora > S1,curated-market-v1,CURATED_REVIEW,,
Otomobil,,Arora,S1 Max,,SERIES,S1 Max,s1-max,Vasıta > Otomobil > Arora > S1 Max,curated-market-v1,CURATED_REVIEW,,
Otomobil,,Arora,ZR1,,SERIES,ZR1,zr1,Vasıta > Otomobil > Arora > ZR1,curated-market-v1,CURATED_REVIEW,,
Otomobil,,Aston Martin,Cygnet,,SERIES,Cygnet,cygnet,Vasıta > Otomobil > Aston Martin > Cygnet,curated-market-v1,CURATED_REVIEW,,
Otomobil,,Aston Martin,DB11,,SERIES,DB11,db11,Vasıta > Otomobil > Aston Martin > DB11,curated-market-v1,CURATED_REVIEW,,
Otomobil,,Aston Martin,DB12,,SERIES,DB12,db12,Vasıta > Otomobil > Aston Martin > DB12,curated-market-v1,CURATED_REVIEW,,
Otomobil,,Aston Martin,DB7,,SERIES,DB7,db7,Vasıta > Otomobil > Aston Martin > DB7,curated-market-v1,CURATED_REVIEW,,
Otomobil,,Aston Martin,DB9,,SERIES,DB9,db9,Vasıta > Otomobil > Aston Martin > DB9,curated-market-v1,CURATED_REVIEW,,
Otomobil,,Aston Martin,DBS,,SERIES,DBS,dbs,Vasıta > Otomobil > Aston Martin > DBS,curated-market-v1,CURATED_REVIEW,,
Otomobil,,Aston Martin,Lagonda,,SERIES,Lagonda,lagonda,Vasıta > Otomobil > Aston Martin > Lagonda,curated-market-v1,CURATED_REVIEW,,
Otomobil,,Aston Martin,Rapide,,SERIES,Rapide,rapide,Vasıta > Otomobil > Aston Martin > Rapide,curated-market-v1,CURATED_REVIEW,,
Otomobil,,Aston Martin,Vanquish,,SERIES,Vanquish,vanquish,Vasıta > Otomobil > Aston Martin > Vanquish,curated-market-v1,CURATED_REVIEW,,
Otomobil,,Aston Martin,Vantage,,SERIES,Vantage,vantage,Vasıta > Otomobil > Aston Martin > Vantage,curated-market-v1,CURATED_REVIEW,,
Otomobil,,Aston Martin,Virage,,SERIES,Virage,virage,Vasıta > Otomobil > Aston Martin > Virage,curated-market-v1,CURATED_REVIEW,,
Otomobil,,Audi,100,,SERIES,100,100,Vasıta > Otomobil > Audi > 100,curated-market-v1,CURATED_REVIEW,,
Otomobil,,Audi,200,,SERIES,200,200,Vasıta > Otomobil > Audi > 200,curated-market-v1,CURATED_REVIEW,,
Otomobil,,Audi,80,,SERIES,80,80,Vasıta > Otomobil > Audi > 80,curated-market-v1,CURATED_REVIEW,,
Otomobil,,Audi,90,,SERIES,90,90,Vasıta > Otomobil > Audi > 90,curated-market-v1,CURATED_REVIEW,,
Otomobil,,Audi,A1,,SERIES,A1,a1,Vasıta > Otomobil > Audi > A1,curated-market-v1,CURATED_REVIEW,,
Otomobil,,Audi,A1,1.0 TFSI,MODEL_VARIANT,1.0 TFSI,1-0-tfsi,Vasıta > Otomobil > Audi > A1 > 1.0 TFSI,curated-market-v1,CURATED_REVIEW,,
Otomobil,,Audi,A1,1.4 TFSI,MODEL_VARIANT,1.4 TFSI,1-4-tfsi,Vasıta > Otomobil > Audi > A1 > 1.4 TFSI,curated-market-v1,CURATED_REVIEW,,
Otomobil,,Audi,A1,1.6 TDI,MODEL_VARIANT,1.6 TDI,1-6-tdi,Vasıta > Otomobil > Audi > A1 > 1.6 TDI,curated-market-v1,CURATED_REVIEW,,
Otomobil,,Audi,A2,,SERIES,A2,a2,Vasıta > Otomobil > Audi > A2,curated-market-v1,CURATED_REVIEW,,
Otomobil,,Audi,A3,,SERIES,A3,a3,Vasıta > Otomobil > Audi > A3,curated-market-v1,CURATED_REVIEW,,
Otomobil,,Audi,A3,1.0 TFSI,MODEL_VARIANT,1.0 TFSI,1-0-tfsi,Vasıta > Otomobil > Audi > A3 > 1.0 TFSI,curated-market-v1,CURATED_REVIEW,,
Otomobil,,Audi,A3,1.2 TFSI,MODEL_VARIANT,1.2 TFSI,1-2-tfsi,Vasıta > Otomobil > Audi > A3 > 1.2 TFSI,curated-market-v1,CURATED_REVIEW,,
Otomobil,,Audi,A3,1.4 TFSI,MODEL_VARIANT,1.4 TFSI,1-4-tfsi,Vasıta > Otomobil > Audi > A3 > 1.4 TFSI,curated-market-v1,CURATED_REVIEW,,
Otomobil,,Audi,A3,1.5 TFSI,MODEL_VARIANT,1.5 TFSI,1-5-tfsi,Vasıta > Otomobil > Audi > A3 > 1.5 TFSI,curated-market-v1,CURATED_REVIEW,,
Otomobil,,Audi,A3,1.6 TDI,MODEL_VARIANT,1.6 TDI,1-6-tdi,Vasıta > Otomobil > Audi > A3 > 1.6 TDI,curated-market-v1,CURATED_REVIEW,,
Otomobil,,Audi,A3,2.0 TDI,MODEL_VARIANT,2.0 TDI,2-0-tdi,Vasıta > Otomobil > Audi > A3 > 2.0 TDI,curated-market-v1,CURATED_REVIEW,,
Otomobil,,Audi,A3,S line,MODEL_VARIANT,S line,s-line,Vasıta > Otomobil > Audi > A3 > S line,curated-market-v1,CURATED_REVIEW,,
Otomobil,,Audi,A4,,SERIES,A4,a4,Vasıta > Otomobil > Audi > A4,curated-market-v1,CURATED_REVIEW,,
Otomobil,,Audi,A4,1.4 TFSI,MODEL_VARIANT,1.4 TFSI,1-4-tfsi,Vasıta > Otomobil > Audi > A4 > 1.4 TFSI,curated-market-v1,CURATED_REVIEW,,
Otomobil,,Audi,A4,1.8 T,MODEL_VARIANT,1.8 T,1-8-t,Vasıta > Otomobil > Audi > A4 > 1.8 T,curated-market-v1,CURATED_REVIEW,,
Otomobil,,Audi,A4,2.0 TFSI,MODEL_VARIANT,2.0 TFSI,2-0-tfsi,Vasıta > Otomobil > Audi > A4 > 2.0 TFSI,curated-market-v1,CURATED_REVIEW,,
Otomobil,,Audi,A4,2.0 TDI,MODEL_VARIANT,2.0 TDI,2-0-tdi,Vasıta > Otomobil > Audi > A4 > 2.0 TDI,curated-market-v1,CURATED_REVIEW,,
Otomobil,,Audi,A4,3.0 TDI,MODEL_VARIANT,3.0 TDI,3-0-tdi,Vasıta > Otomobil > Audi > A4 > 3.0 TDI,curated-market-v1,CURATED_REVIEW,,
Otomobil,,Audi,A4,quattro,MODEL_VARIANT,quattro,quattro,Vasıta > Otomobil > Audi > A4 > quattro,curated-market-v1,CURATED_REVIEW,,
Otomobil,,Audi,A4,S line,MODEL_VARIANT,S line,s-line,Vasıta > Otomobil > Audi > A4 > S line,curated-market-v1,CURATED_REVIEW,,
Otomobil,,Audi,A5,,SERIES,A5,a5,Vasıta > Otomobil > Audi > A5,curated-market-v1,CURATED_REVIEW,,
Otomobil,,Audi,A5,1.4 TFSI,MODEL_VARIANT,1.4 TFSI,1-4-tfsi,Vasıta > Otomobil > Audi > A5 > 1.4 TFSI,curated-market-v1,CURATED_REVIEW,,
Otomobil,,Audi,A5,2.0 TFSI,MODEL_VARIANT,2.0 TFSI,2-0-tfsi,Vasıta > Otomobil > Audi > A5 > 2.0 TFSI,curated-market-v1,CURATED_REVIEW,,
Otomobil,,Audi,A5,2.0 TDI,MODEL_VARIANT,2.0 TDI,2-0-tdi,Vasıta > Otomobil > Audi > A5 > 2.0 TDI,curated-market-v1,CURATED_REVIEW,,
Otomobil,,Audi,A5,quattro,MODEL_VARIANT,quattro,quattro,Vasıta > Otomobil > Audi > A5 > quattro,curated-market-v1,CURATED_REVIEW,,
Otomobil,,Audi,A5,S line,MODEL_VARIANT,S line,s-line,Vasıta > Otomobil > Audi > A5 > S line,curated-market-v1,CURATED_REVIEW,,
Otomobil,,Audi,A6,,SERIES,A6,a6,Vasıta > Otomobil > Audi > A6,curated-market-v1,CURATED_REVIEW,,
Otomobil,,Audi,A6,1.8 TFSI,MODEL_VARIANT,1.8 TFSI,1-8-tfsi,Vasıta > Otomobil > Audi > A6 > 1.8 TFSI,curated-market-v1,CURATED_REVIEW,,
Otomobil,,Audi,A6,2.0 TFSI,MODEL_VARIANT,2.0 TFSI,2-0-tfsi,Vasıta > Otomobil > Audi > A6 > 2.0 TFSI,curated-market-v1,CURATED_REVIEW,,
Otomobil,,Audi,A6,2.0 TDI,MODEL_VARIANT,2.0 TDI,2-0-tdi,Vasıta > Otomobil > Audi > A6 > 2.0 TDI,curated-market-v1,CURATED_REVIEW,,
Otomobil,,Audi,A6,3.0 TDI,MODEL_VARIANT,3.0 TDI,3-0-tdi,Vasıta > Otomobil > Audi > A6 > 3.0 TDI,curated-market-v1,CURATED_REVIEW,,
Otomobil,,Audi,A6,quattro,MODEL_VARIANT,quattro,quattro,Vasıta > Otomobil > Audi > A6 > quattro,curated-market-v1,CURATED_REVIEW,,
Otomobil,,Audi,A6,Design,MODEL_VARIANT,Design,design,Vasıta > Otomobil > Audi > A6 > Design,curated-market-v1,CURATED_REVIEW,,
Otomobil,,Audi,A6,S line,MODEL_VARIANT,S line,s-line,Vasıta > Otomobil > Audi > A6 > S line,curated-market-v1,CURATED_REVIEW,,
Otomobil,,Audi,A7,,SERIES,A7,a7,Vasıta > Otomobil > Audi > A7,curated-market-v1,CURATED_REVIEW,,
Otomobil,,Audi,A7,2.0 TFSI,MODEL_VARIANT,2.0 TFSI,2-0-tfsi,Vasıta > Otomobil > Audi > A7 > 2.0 TFSI,curated-market-v1,CURATED_REVIEW,,
Otomobil,,Audi,A7,3.0 TFSI,MODEL_VARIANT,3.0 TFSI,3-0-tfsi,Vasıta > Otomobil > Audi > A7 > 3.0 TFSI,curated-market-v1,CURATED_REVIEW,,
Otomobil,,Audi,A7,3.0 TDI,MODEL_VARIANT,3.0 TDI,3-0-tdi,Vasıta > Otomobil > Audi > A7 > 3.0 TDI,curated-market-v1,CURATED_REVIEW,,
Otomobil,,Audi,A7,quattro,MODEL_VARIANT,quattro,quattro,Vasıta > Otomobil > Audi > A7 > quattro,curated-market-v1,CURATED_REVIEW,,
Otomobil,,Audi,A8,,SERIES,A8,a8,Vasıta > Otomobil > Audi > A8,curated-market-v1,CURATED_REVIEW,,
Otomobil,,Audi,A8,2.0 TFSI,MODEL_VARIANT,2.0 TFSI,2-0-tfsi,Vasıta > Otomobil > Audi > A8 > 2.0 TFSI,curated-market-v1,CURATED_REVIEW,,
Otomobil,,Audi,A8,3.0 TDI,MODEL_VARIANT,3.0 TDI,3-0-tdi,Vasıta > Otomobil > Audi > A8 > 3.0 TDI,curated-market-v1,CURATED_REVIEW,,
Otomobil,,Audi,A8,4.0 TFSI,MODEL_VARIANT,4.0 TFSI,4-0-tfsi,Vasıta > Otomobil > Audi > A8 > 4.0 TFSI,curated-market-v1,CURATED_REVIEW,,
Otomobil,,Audi,A8,L quattro,MODEL_VARIANT,L quattro,l-quattro,Vasıta > Otomobil > Audi > A8 > L quattro,curated-market-v1,CURATED_REVIEW,,
Otomobil,,Audi,Cabrio,,SERIES,Cabrio,cabrio,Vasıta > Otomobil > Audi > Cabrio,curated-market-v1,CURATED_REVIEW,,
Otomobil,,Audi,e-tron GT,,SERIES,e-tron GT,e-tron-gt,Vasıta > Otomobil > Audi > e-tron GT,curated-market-v1,CURATED_REVIEW,,
Otomobil,,Audi,e-tron GT,quattro,MODEL_VARIANT,quattro,quattro,Vasıta > Otomobil > Audi > e-tron GT > quattro,curated-market-v1,CURATED_REVIEW,,
Otomobil,,Audi,e-tron GT,RS e-tron GT,MODEL_VARIANT,RS e-tron GT,rs-e-tron-gt,Vasıta > Otomobil > Audi > e-tron GT > RS e-tron GT,curated-market-v1,CURATED_REVIEW,,
Otomobil,,Audi,R8,,SERIES,R8,r8,Vasıta > Otomobil > Audi > R8,curated-market-v1,CURATED_REVIEW,,
Otomobil,,Audi,RS3,,SERIES,RS3,rs3,Vasıta > Otomobil > Audi > RS3,curated-market-v1,CURATED_REVIEW,,
Otomobil,,Audi,RS4,,SERIES,RS4,rs4,Vasıta > Otomobil > Audi > RS4,curated-market-v1,CURATED_REVIEW,,
Otomobil,,Audi,RS5,,SERIES,RS5,rs5,Vasıta > Otomobil > Audi > RS5,curated-market-v1,CURATED_REVIEW,,
Otomobil,,Audi,RS6,,SERIES,RS6,rs6,Vasıta > Otomobil > Audi > RS6,curated-market-v1,CURATED_REVIEW,,
Otomobil,,Audi,RS7,,SERIES,RS7,rs7,Vasıta > Otomobil > Audi > RS7,curated-market-v1,CURATED_REVIEW,,
Otomobil,,Audi,S1,,SERIES,S1,s1,Vasıta > Otomobil > Audi > S1,curated-market-v1,CURATED_REVIEW,,
Otomobil,,Audi,S3,,SERIES,S3,s3,Vasıta > Otomobil > Audi > S3,curated-market-v1,CURATED_REVIEW,,
Otomobil,,Audi,S4,,SERIES,S4,s4,Vasıta > Otomobil > Audi > S4,curated-market-v1,CURATED_REVIEW,,
Otomobil,,Audi,S5,,SERIES,S5,s5,Vasıta > Otomobil > Audi > S5,curated-market-v1,CURATED_REVIEW,,
Otomobil,,Audi,S6,,SERIES,S6,s6,Vasıta > Otomobil > Audi > S6,curated-market-v1,CURATED_REVIEW,,
Otomobil,,Audi,S7,,SERIES,S7,s7,Vasıta > Otomobil > Audi > S7,curated-market-v1,CURATED_REVIEW,,
Otomobil,,Audi,S8,,SERIES,S8,s8,Vasıta > Otomobil > Audi > S8,curated-market-v1,CURATED_REVIEW,,
Otomobil,,Audi,TT,,SERIES,TT,tt,Vasıta > Otomobil > Audi > TT,curated-market-v1,CURATED_REVIEW,,
Otomobil,,Audi,TT,1.8 T,MODEL_VARIANT,1.8 T,1-8-t,Vasıta > Otomobil > Audi > TT > 1.8 T,curated-market-v1,CURATED_REVIEW,,
Otomobil,,Audi,TT,2.0 TFSI,MODEL_VARIANT,2.0 TFSI,2-0-tfsi,Vasıta > Otomobil > Audi > TT > 2.0 TFSI,curated-market-v1,CURATED_REVIEW,,
Otomobil,,Audi,TT,TTS,MODEL_VARIANT,TTS,tts,Vasıta > Otomobil > Audi > TT > TTS,curated-market-v1,CURATED_REVIEW,,
Otomobil,,Audi,TT,TT RS,MODEL_VARIANT,TT RS,tt-rs,Vasıta > Otomobil > Audi > TT > TT RS,curated-market-v1,CURATED_REVIEW,,
Otomobil,,Bajaj,Qute,,SERIES,Qute,qute,Vasıta > Otomobil > Bajaj > Qute,curated-market-v1,CURATED_REVIEW,,
Otomobil,,Bentley,Arnage,,SERIES,Arnage,arnage,Vasıta > Otomobil > Bentley > Arnage,curated-market-v1,CURATED_REVIEW,,
Otomobil,,Bentley,Azure,,SERIES,Azure,azure,Vasıta > Otomobil > Bentley > Azure,curated-market-v1,CURATED_REVIEW,,
Otomobil,,Bentley,Bentayga,,SERIES,Bentayga,bentayga,Vasıta > Otomobil > Bentley > Bentayga,curated-market-v1,CURATED_REVIEW,,
Otomobil,,Bentley,Brooklands,,SERIES,Brooklands,brooklands,Vasıta > Otomobil > Bentley > Brooklands,curated-market-v1,CURATED_REVIEW,,
Otomobil,,Bentley,Continental Flying Spur,,SERIES,Continental Flying Spur,continental-flying-spur,Vasıta > Otomobil > Bentley > Continental Flying Spur,curated-market-v1,CURATED_REVIEW,,
Otomobil,,Bentley,Continental GT,,SERIES,Continental GT,continental-gt,Vasıta > Otomobil > Bentley > Continental GT,curated-market-v1,CURATED_REVIEW,,
Otomobil,,Bentley,Flying Spur,,SERIES,Flying Spur,flying-spur,Vasıta > Otomobil > Bentley > Flying Spur,curated-market-v1,CURATED_REVIEW,,
Otomobil,,Bentley,Mulsanne,,SERIES,Mulsanne,mulsanne,Vasıta > Otomobil > Bentley > Mulsanne,curated-market-v1,CURATED_REVIEW,,
Otomobil,,Bentley,Turbo R,,SERIES,Turbo R,turbo-r,Vasıta > Otomobil > Bentley > Turbo R,curated-market-v1,CURATED_REVIEW,,
Otomobil,,BMW,1 Serisi,,SERIES,1 Serisi,1-serisi,Vasıta > Otomobil > BMW > 1 Serisi,curated-market-v1,CURATED_REVIEW,,
Otomobil,,BMW,1 Serisi,116d,MODEL_VARIANT,116d,116d,Vasıta > Otomobil > BMW > 1 Serisi > 116d,curated-market-v1,CURATED_REVIEW,,
Otomobil,,BMW,1 Serisi,116i,MODEL_VARIANT,116i,116i,Vasıta > Otomobil > BMW > 1 Serisi > 116i,curated-market-v1,CURATED_REVIEW,,
Otomobil,,BMW,1 Serisi,118d,MODEL_VARIANT,118d,118d,Vasıta > Otomobil > BMW > 1 Serisi > 118d,curated-market-v1,CURATED_REVIEW,,
Otomobil,,BMW,1 Serisi,118i,MODEL_VARIANT,118i,118i,Vasıta > Otomobil > BMW > 1 Serisi > 118i,curated-market-v1,CURATED_REVIEW,,
Otomobil,,BMW,1 Serisi,120d,MODEL_VARIANT,120d,120d,Vasıta > Otomobil > BMW > 1 Serisi > 120d,curated-market-v1,CURATED_REVIEW,,
Otomobil,,BMW,1 Serisi,120i,MODEL_VARIANT,120i,120i,Vasıta > Otomobil > BMW > 1 Serisi > 120i,curated-market-v1,CURATED_REVIEW,,
Otomobil,,BMW,1 Serisi,125i,MODEL_VARIANT,125i,125i,Vasıta > Otomobil > BMW > 1 Serisi > 125i,curated-market-v1,CURATED_REVIEW,,
Otomobil,,BMW,1 Serisi,M135i xDrive,MODEL_VARIANT,M135i xDrive,m135i-xdrive,Vasıta > Otomobil > BMW > 1 Serisi > M135i xDrive,curated-market-v1,CURATED_REVIEW,,
Otomobil,,BMW,2 Serisi,,SERIES,2 Serisi,2-serisi,Vasıta > Otomobil > BMW > 2 Serisi,curated-market-v1,CURATED_REVIEW,,
Otomobil,,BMW,2 Serisi,216d Active Tourer,MODEL_VARIANT,216d Active Tourer,216d-active-tourer,Vasıta > Otomobil > BMW > 2 Serisi > 216d Active Tourer,curated-market-v1,CURATED_REVIEW,,
Otomobil,,BMW,2 Serisi,216d Gran Coupe,MODEL_VARIANT,216d Gran Coupe,216d-gran-coupe,Vasıta > Otomobil > BMW > 2 Serisi > 216d Gran Coupe,curated-market-v1,CURATED_REVIEW,,
Otomobil,,BMW,2 Serisi,216d Gran Tourer,MODEL_VARIANT,216d Gran Tourer,216d-gran-tourer,Vasıta > Otomobil > BMW > 2 Serisi > 216d Gran Tourer,curated-market-v1,CURATED_REVIEW,,
Otomobil,,BMW,2 Serisi,218i,MODEL_VARIANT,218i,218i,Vasıta > Otomobil > BMW > 2 Serisi > 218i,curated-market-v1,CURATED_REVIEW,,
Otomobil,,BMW,2 Serisi,218i Active Tourer,MODEL_VARIANT,218i Active Tourer,218i-active-tourer,Vasıta > Otomobil > BMW > 2 Serisi > 218i Active Tourer,curated-market-v1,CURATED_REVIEW,,
Otomobil,,BMW,2 Serisi,218i Gran Coupe,MODEL_VARIANT,218i Gran Coupe,218i-gran-coupe,Vasıta > Otomobil > BMW > 2 Serisi > 218i Gran Coupe,curated-market-v1,CURATED_REVIEW,,
Otomobil,,BMW,2 Serisi,220d,MODEL_VARIANT,220d,220d,Vasıta > Otomobil > BMW > 2 Serisi > 220d,curated-market-v1,CURATED_REVIEW,,
Otomobil,,BMW,2 Serisi,220i,MODEL_VARIANT,220i,220i,Vasıta > Otomobil > BMW > 2 Serisi > 220i,curated-market-v1,CURATED_REVIEW,,
Otomobil,,BMW,2 Serisi,220 Gran Coupe,MODEL_VARIANT,220 Gran Coupe,220-gran-coupe,Vasıta > Otomobil > BMW > 2 Serisi > 220 Gran Coupe,curated-market-v1,CURATED_REVIEW,,
Otomobil,,BMW,2 Serisi,230i,MODEL_VARIANT,230i,230i,Vasıta > Otomobil > BMW > 2 Serisi > 230i,curated-market-v1,CURATED_REVIEW,,
Otomobil,,BMW,2 Serisi,M2,MODEL_VARIANT,M2,m2,Vasıta > Otomobil > BMW > 2 Serisi > M2,curated-market-v1,CURATED_REVIEW,,
Otomobil,,BMW,3 Serisi,,SERIES,3 Serisi,3-serisi,Vasıta > Otomobil > BMW > 3 Serisi,curated-market-v1,CURATED_REVIEW,,
Otomobil,,BMW,3 Serisi,315,MODEL_VARIANT,315,315,Vasıta > Otomobil > BMW > 3 Serisi > 315,curated-market-v1,CURATED_REVIEW,,
Otomobil,,BMW,3 Serisi,316i,MODEL_VARIANT,316i,316i,Vasıta > Otomobil > BMW > 3 Serisi > 316i,curated-market-v1,CURATED_REVIEW,,
Otomobil,,BMW,3 Serisi,318d,MODEL_VARIANT,318d,318d,Vasıta > Otomobil > BMW > 3 Serisi > 318d,curated-market-v1,CURATED_REVIEW,,
Otomobil,,BMW,3 Serisi,318i,MODEL_VARIANT,318i,318i,Vasıta > Otomobil > BMW > 3 Serisi > 318i,curated-market-v1,CURATED_REVIEW,,
Otomobil,,BMW,3 Serisi,320d,MODEL_VARIANT,320d,320d,Vasıta > Otomobil > BMW > 3 Serisi > 320d,curated-market-v1,CURATED_REVIEW,,
Otomobil,,BMW,3 Serisi,320d xDrive,MODEL_VARIANT,320d xDrive,320d-xdrive,Vasıta > Otomobil > BMW > 3 Serisi > 320d xDrive,curated-market-v1,CURATED_REVIEW,,
Otomobil,,BMW,3 Serisi,320i,MODEL_VARIANT,320i,320i,Vasıta > Otomobil > BMW > 3 Serisi > 320i,curated-market-v1,CURATED_REVIEW,,
Otomobil,,BMW,3 Serisi,320i ED,MODEL_VARIANT,320i ED,320i-ed,Vasıta > Otomobil > BMW > 3 Serisi > 320i ED,curated-market-v1,CURATED_REVIEW,,
Otomobil,,BMW,3 Serisi,325i,MODEL_VARIANT,325i,325i,Vasıta > Otomobil > BMW > 3 Serisi > 325i,curated-market-v1,CURATED_REVIEW,,
Otomobil,,BMW,3 Serisi,328i,MODEL_VARIANT,328i,328i,Vasıta > Otomobil > BMW > 3 Serisi > 328i,curated-market-v1,CURATED_REVIEW,,
Otomobil,,BMW,3 Serisi,330d,MODEL_VARIANT,330d,330d,Vasıta > Otomobil > BMW > 3 Serisi > 330d,curated-market-v1,CURATED_REVIEW,,
Otomobil,,BMW,3 Serisi,330i,MODEL_VARIANT,330i,330i,Vasıta > Otomobil > BMW > 3 Serisi > 330i,curated-market-v1,CURATED_REVIEW,,
Otomobil,,BMW,3 Serisi,330i xDrive,MODEL_VARIANT,330i xDrive,330i-xdrive,Vasıta > Otomobil > BMW > 3 Serisi > 330i xDrive,curated-market-v1,CURATED_REVIEW,,
Otomobil,,BMW,3 Serisi,335i,MODEL_VARIANT,335i,335i,Vasıta > Otomobil > BMW > 3 Serisi > 335i,curated-market-v1,CURATED_REVIEW,,
Otomobil,,BMW,3 Serisi,340i xDrive,MODEL_VARIANT,340i xDrive,340i-xdrive,Vasıta > Otomobil > BMW > 3 Serisi > 340i xDrive,curated-market-v1,CURATED_REVIEW,,
Otomobil,,BMW,4 Serisi,,SERIES,4 Serisi,4-serisi,Vasıta > Otomobil > BMW > 4 Serisi,curated-market-v1,CURATED_REVIEW,,
Otomobil,,BMW,4 Serisi,418i Gran Coupe,MODEL_VARIANT,418i Gran Coupe,418i-gran-coupe,Vasıta > Otomobil > BMW > 4 Serisi > 418i Gran Coupe,curated-market-v1,CURATED_REVIEW,,
Otomobil,,BMW,4 Serisi,420d,MODEL_VARIANT,420d,420d,Vasıta > Otomobil > BMW > 4 Serisi > 420d,curated-market-v1,CURATED_REVIEW,,
Otomobil,,BMW,4 Serisi,420d xDrive,MODEL_VARIANT,420d xDrive,420d-xdrive,Vasıta > Otomobil > BMW > 4 Serisi > 420d xDrive,curated-market-v1,CURATED_REVIEW,,
Otomobil,,BMW,4 Serisi,420i,MODEL_VARIANT,420i,420i,Vasıta > Otomobil > BMW > 4 Serisi > 420i,curated-market-v1,CURATED_REVIEW,,
Otomobil,,BMW,4 Serisi,420i Gran Coupe,MODEL_VARIANT,420i Gran Coupe,420i-gran-coupe,Vasıta > Otomobil > BMW > 4 Serisi > 420i Gran Coupe,curated-market-v1,CURATED_REVIEW,,
Otomobil,,BMW,4 Serisi,428i,MODEL_VARIANT,428i,428i,Vasıta > Otomobil > BMW > 4 Serisi > 428i,curated-market-v1,CURATED_REVIEW,,
Otomobil,,BMW,4 Serisi,430i,MODEL_VARIANT,430i,430i,Vasıta > Otomobil > BMW > 4 Serisi > 430i,curated-market-v1,CURATED_REVIEW,,
Otomobil,,BMW,4 Serisi,430i xDrive,MODEL_VARIANT,430i xDrive,430i-xdrive,Vasıta > Otomobil > BMW > 4 Serisi > 430i xDrive,curated-market-v1,CURATED_REVIEW,,
Otomobil,,BMW,4 Serisi,M4,MODEL_VARIANT,M4,m4,Vasıta > Otomobil > BMW > 4 Serisi > M4,curated-market-v1,CURATED_REVIEW,,
Otomobil,,BMW,5 Serisi,,SERIES,5 Serisi,5-serisi,Vasıta > Otomobil > BMW > 5 Serisi,curated-market-v1,CURATED_REVIEW,,
Otomobil,,BMW,5 Serisi,518d,MODEL_VARIANT,518d,518d,Vasıta > Otomobil > BMW > 5 Serisi > 518d,curated-market-v1,CURATED_REVIEW,,
Otomobil,,BMW,5 Serisi,520d,MODEL_VARIANT,520d,520d,Vasıta > Otomobil > BMW > 5 Serisi > 520d,curated-market-v1,CURATED_REVIEW,,
Otomobil,,BMW,5 Serisi,520d xDrive,MODEL_VARIANT,520d xDrive,520d-xdrive,Vasıta > Otomobil > BMW > 5 Serisi > 520d xDrive,curated-market-v1,CURATED_REVIEW,,
Otomobil,,BMW,5 Serisi,520i,MODEL_VARIANT,520i,520i,Vasıta > Otomobil > BMW > 5 Serisi > 520i,curated-market-v1,CURATED_REVIEW,,
Otomobil,,BMW,5 Serisi,523i,MODEL_VARIANT,523i,523i,Vasıta > Otomobil > BMW > 5 Serisi > 523i,curated-market-v1,CURATED_REVIEW,,
Otomobil,,BMW,5 Serisi,525d,MODEL_VARIANT,525d,525d,Vasıta > Otomobil > BMW > 5 Serisi > 525d,curated-market-v1,CURATED_REVIEW,,
Otomobil,,BMW,5 Serisi,525i,MODEL_VARIANT,525i,525i,Vasıta > Otomobil > BMW > 5 Serisi > 525i,curated-market-v1,CURATED_REVIEW,,
Otomobil,,BMW,5 Serisi,528i,MODEL_VARIANT,528i,528i,Vasıta > Otomobil > BMW > 5 Serisi > 528i,curated-market-v1,CURATED_REVIEW,,
Otomobil,,BMW,5 Serisi,530d,MODEL_VARIANT,530d,530d,Vasıta > Otomobil > BMW > 5 Serisi > 530d,curated-market-v1,CURATED_REVIEW,,
Otomobil,,BMW,5 Serisi,530i,MODEL_VARIANT,530i,530i,Vasıta > Otomobil > BMW > 5 Serisi > 530i,curated-market-v1,CURATED_REVIEW,,
Otomobil,,BMW,5 Serisi,530i xDrive,MODEL_VARIANT,530i xDrive,530i-xdrive,Vasıta > Otomobil > BMW > 5 Serisi > 530i xDrive,curated-market-v1,CURATED_REVIEW,,
Otomobil,,BMW,5 Serisi,535d,MODEL_VARIANT,535d,535d,Vasıta > Otomobil > BMW > 5 Serisi > 535d,curated-market-v1,CURATED_REVIEW,,
Otomobil,,BMW,5 Serisi,535i,MODEL_VARIANT,535i,535i,Vasıta > Otomobil > BMW > 5 Serisi > 535i,curated-market-v1,CURATED_REVIEW,,
Otomobil,,BMW,5 Serisi,540i,MODEL_VARIANT,540i,540i,Vasıta > Otomobil > BMW > 5 Serisi > 540i,curated-market-v1,CURATED_REVIEW,,
Otomobil,,BMW,5 Serisi,M5,MODEL_VARIANT,M5,m5,Vasıta > Otomobil > BMW > 5 Serisi > M5,curated-market-v1,CURATED_REVIEW,,
Otomobil,,BMW,6 Serisi,,SERIES,6 Serisi,6-serisi,Vasıta > Otomobil > BMW > 6 Serisi,curated-market-v1,CURATED_REVIEW,,
Otomobil,,BMW,6 Serisi,628Ci,MODEL_VARIANT,628Ci,628ci,Vasıta > Otomobil > BMW > 6 Serisi > 628Ci,curated-market-v1,CURATED_REVIEW,,
Otomobil,,BMW,6 Serisi,630i,MODEL_VARIANT,630i,630i,Vasıta > Otomobil > BMW > 6 Serisi > 630i,curated-market-v1,CURATED_REVIEW,,
Otomobil,,BMW,6 Serisi,630d GT,MODEL_VARIANT,630d GT,630d-gt,Vasıta > Otomobil > BMW > 6 Serisi > 630d GT,curated-market-v1,CURATED_REVIEW,,
Otomobil,,BMW,6 Serisi,640d,MODEL_VARIANT,640d,640d,Vasıta > Otomobil > BMW > 6 Serisi > 640d,curated-market-v1,CURATED_REVIEW,,
Otomobil,,BMW,6 Serisi,640i,MODEL_VARIANT,640i,640i,Vasıta > Otomobil > BMW > 6 Serisi > 640i,curated-market-v1,CURATED_REVIEW,,
Otomobil,,BMW,6 Serisi,650i,MODEL_VARIANT,650i,650i,Vasıta > Otomobil > BMW > 6 Serisi > 650i,curated-market-v1,CURATED_REVIEW,,
Otomobil,,BMW,6 Serisi,M6,MODEL_VARIANT,M6,m6,Vasıta > Otomobil > BMW > 6 Serisi > M6,curated-market-v1,CURATED_REVIEW,,
Otomobil,,BMW,7 Serisi,,SERIES,7 Serisi,7-serisi,Vasıta > Otomobil > BMW > 7 Serisi,curated-market-v1,CURATED_REVIEW,,
Otomobil,,BMW,7 Serisi,725d,MODEL_VARIANT,725d,725d,Vasıta > Otomobil > BMW > 7 Serisi > 725d,curated-market-v1,CURATED_REVIEW,,
Otomobil,,BMW,7 Serisi,728i,MODEL_VARIANT,728i,728i,Vasıta > Otomobil > BMW > 7 Serisi > 728i,curated-market-v1,CURATED_REVIEW,,
Otomobil,,BMW,7 Serisi,730d,MODEL_VARIANT,730d,730d,Vasıta > Otomobil > BMW > 7 Serisi > 730d,curated-market-v1,CURATED_REVIEW,,
Otomobil,,BMW,7 Serisi,730Ld,MODEL_VARIANT,730Ld,730ld,Vasıta > Otomobil > BMW > 7 Serisi > 730Ld,curated-market-v1,CURATED_REVIEW,,
Otomobil,,BMW,7 Serisi,730i,MODEL_VARIANT,730i,730i,Vasıta > Otomobil > BMW > 7 Serisi > 730i,curated-market-v1,CURATED_REVIEW,,
Otomobil,,BMW,7 Serisi,735i,MODEL_VARIANT,735i,735i,Vasıta > Otomobil > BMW > 7 Serisi > 735i,curated-market-v1,CURATED_REVIEW,,
Otomobil,,BMW,7 Serisi,740d,MODEL_VARIANT,740d,740d,Vasıta > Otomobil > BMW > 7 Serisi > 740d,curated-market-v1,CURATED_REVIEW,,
Otomobil,,BMW,7 Serisi,740i,MODEL_VARIANT,740i,740i,Vasıta > Otomobil > BMW > 7 Serisi > 740i,curated-market-v1,CURATED_REVIEW,,
Otomobil,,BMW,7 Serisi,745e,MODEL_VARIANT,745e,745e,Vasıta > Otomobil > BMW > 7 Serisi > 745e,curated-market-v1,CURATED_REVIEW,,
Otomobil,,BMW,7 Serisi,750i,MODEL_VARIANT,750i,750i,Vasıta > Otomobil > BMW > 7 Serisi > 750i,curated-market-v1,CURATED_REVIEW,,
Otomobil,,BMW,7 Serisi,760i,MODEL_VARIANT,760i,760i,Vasıta > Otomobil > BMW > 7 Serisi > 760i,curated-market-v1,CURATED_REVIEW,,
Otomobil,,BMW,8 Serisi,,SERIES,8 Serisi,8-serisi,Vasıta > Otomobil > BMW > 8 Serisi,curated-market-v1,CURATED_REVIEW,,
Otomobil,,BMW,8 Serisi,840d xDrive,MODEL_VARIANT,840d xDrive,840d-xdrive,Vasıta > Otomobil > BMW > 8 Serisi > 840d xDrive,curated-market-v1,CURATED_REVIEW,,
Otomobil,,BMW,8 Serisi,840i xDrive,MODEL_VARIANT,840i xDrive,840i-xdrive,Vasıta > Otomobil > BMW > 8 Serisi > 840i xDrive,curated-market-v1,CURATED_REVIEW,,
Otomobil,,BMW,8 Serisi,M8,MODEL_VARIANT,M8,m8,Vasıta > Otomobil > BMW > 8 Serisi > M8,curated-market-v1,CURATED_REVIEW,,
Otomobil,,BMW,i Serisi,,SERIES,i Serisi,i-serisi,Vasıta > Otomobil > BMW > i Serisi,curated-market-v1,CURATED_REVIEW,,
Otomobil,,BMW,i Serisi,i3,MODEL_VARIANT,i3,i3,Vasıta > Otomobil > BMW > i Serisi > i3,curated-market-v1,CURATED_REVIEW,,
Otomobil,,BMW,i Serisi,i3s,MODEL_VARIANT,i3s,i3s,Vasıta > Otomobil > BMW > i Serisi > i3s,curated-market-v1,CURATED_REVIEW,,
Otomobil,,BMW,i Serisi,i4 eDrive40,MODEL_VARIANT,i4 eDrive40,i4-edrive40,Vasıta > Otomobil > BMW > i Serisi > i4 eDrive40,curated-market-v1,CURATED_REVIEW,,
Otomobil,,BMW,i Serisi,i4 M50,MODEL_VARIANT,i4 M50,i4-m50,Vasıta > Otomobil > BMW > i Serisi > i4 M50,curated-market-v1,CURATED_REVIEW,,
Otomobil,,BMW,i Serisi,i5 eDrive40,MODEL_VARIANT,i5 eDrive40,i5-edrive40,Vasıta > Otomobil > BMW > i Serisi > i5 eDrive40,curated-market-v1,CURATED_REVIEW,,
Otomobil,,BMW,i Serisi,i5 M60,MODEL_VARIANT,i5 M60,i5-m60,Vasıta > Otomobil > BMW > i Serisi > i5 M60,curated-market-v1,CURATED_REVIEW,,
Otomobil,,BMW,i Serisi,i7 xDrive60,MODEL_VARIANT,i7 xDrive60,i7-xdrive60,Vasıta > Otomobil > BMW > i Serisi > i7 xDrive60,curated-market-v1,CURATED_REVIEW,,
Otomobil,,BMW,i Serisi,i8,MODEL_VARIANT,i8,i8,Vasıta > Otomobil > BMW > i Serisi > i8,curated-market-v1,CURATED_REVIEW,,
Otomobil,,BMW,M Serisi,,SERIES,M Serisi,m-serisi,Vasıta > Otomobil > BMW > M Serisi,curated-market-v1,CURATED_REVIEW,,
Otomobil,,BMW,M Serisi,M1,MODEL_VARIANT,M1,m1,Vasıta > Otomobil > BMW > M Serisi > M1,curated-market-v1,CURATED_REVIEW,,
Otomobil,,BMW,M Serisi,M2,MODEL_VARIANT,M2,m2,Vasıta > Otomobil > BMW > M Serisi > M2,curated-market-v1,CURATED_REVIEW,,
Otomobil,,BMW,M Serisi,M3,MODEL_VARIANT,M3,m3,Vasıta > Otomobil > BMW > M Serisi > M3,curated-market-v1,CURATED_REVIEW,,
Otomobil,,BMW,M Serisi,M4,MODEL_VARIANT,M4,m4,Vasıta > Otomobil > BMW > M Serisi > M4,curated-market-v1,CURATED_REVIEW,,
Otomobil,,BMW,M Serisi,M5,MODEL_VARIANT,M5,m5,Vasıta > Otomobil > BMW > M Serisi > M5,curated-market-v1,CURATED_REVIEW,,
Otomobil,,BMW,M Serisi,M6,MODEL_VARIANT,M6,m6,Vasıta > Otomobil > BMW > M Serisi > M6,curated-market-v1,CURATED_REVIEW,,
Otomobil,,BMW,M Serisi,M8,MODEL_VARIANT,M8,m8,Vasıta > Otomobil > BMW > M Serisi > M8,curated-market-v1,CURATED_REVIEW,,
Otomobil,,BMW,Z Serisi,,SERIES,Z Serisi,z-serisi,Vasıta > Otomobil > BMW > Z Serisi,curated-market-v1,CURATED_REVIEW,,
Otomobil,,BMW,Z Serisi,Z1,MODEL_VARIANT,Z1,z1,Vasıta > Otomobil > BMW > Z Serisi > Z1,curated-market-v1,CURATED_REVIEW,,
Otomobil,,BMW,Z Serisi,Z3,MODEL_VARIANT,Z3,z3,Vasıta > Otomobil > BMW > Z Serisi > Z3,curated-market-v1,CURATED_REVIEW,,
Otomobil,,BMW,Z Serisi,Z4,MODEL_VARIANT,Z4,z4,Vasıta > Otomobil > BMW > Z Serisi > Z4,curated-market-v1,CURATED_REVIEW,,
Otomobil,,BMW,Z Serisi,Z8,MODEL_VARIANT,Z8,z8,Vasıta > Otomobil > BMW > Z Serisi > Z8,curated-market-v1,CURATED_REVIEW,,
Otomobil,,Buick,Century,,SERIES,Century,century,Vasıta > Otomobil > Buick > Century,curated-market-v1,CURATED_REVIEW,,
Otomobil,,Buick,Electra,,SERIES,Electra,electra,Vasıta > Otomobil > Buick > Electra,curated-market-v1,CURATED_REVIEW,,
Otomobil,,Buick,Enclave,,SERIES,Enclave,enclave,Vasıta > Otomobil > Buick > Enclave,curated-market-v1,CURATED_REVIEW,,
Otomobil,,Buick,Encore,,SERIES,Encore,encore,Vasıta > Otomobil > Buick > Encore,curated-market-v1,CURATED_REVIEW,,
Otomobil,,Buick,Envision,,SERIES,Envision,envision,Vasıta > Otomobil > Buick > Envision,curated-market-v1,CURATED_REVIEW,,
Otomobil,,Buick,LaCrosse,,SERIES,LaCrosse,lacrosse,Vasıta > Otomobil > Buick > LaCrosse,curated-market-v1,CURATED_REVIEW,,
Otomobil,,Buick,LeSabre,,SERIES,LeSabre,lesabre,Vasıta > Otomobil > Buick > LeSabre,curated-market-v1,CURATED_REVIEW,,
Otomobil,,Buick,Park Avenue,,SERIES,Park Avenue,park-avenue,Vasıta > Otomobil > Buick > Park Avenue,curated-market-v1,CURATED_REVIEW,,
Otomobil,,Buick,Regal,,SERIES,Regal,regal,Vasıta > Otomobil > Buick > Regal,curated-market-v1,CURATED_REVIEW,,
Otomobil,,Buick,Riviera,,SERIES,Riviera,riviera,Vasıta > Otomobil > Buick > Riviera,curated-market-v1,CURATED_REVIEW,,
Otomobil,,Buick,Roadmaster,,SERIES,Roadmaster,roadmaster,Vasıta > Otomobil > Buick > Roadmaster,curated-market-v1,CURATED_REVIEW,,
Otomobil,,Buick,Skylark,,SERIES,Skylark,skylark,Vasıta > Otomobil > Buick > Skylark,curated-market-v1,CURATED_REVIEW,,
Otomobil,,BYD,Atto 3,,SERIES,Atto 3,atto-3,Vasıta > Otomobil > BYD > Atto 3,curated-market-v1,CURATED_REVIEW,,
Otomobil,,BYD,Atto 3,Design,MODEL_VARIANT,Design,design,Vasıta > Otomobil > BYD > Atto 3 > Design,curated-market-v1,CURATED_REVIEW,,
Otomobil,,BYD,Dolphin,,SERIES,Dolphin,dolphin,Vasıta > Otomobil > BYD > Dolphin,curated-market-v1,CURATED_REVIEW,,
Otomobil,,BYD,Dolphin,Comfort,MODEL_VARIANT,Comfort,comfort,Vasıta > Otomobil > BYD > Dolphin > Comfort,curated-market-v1,CURATED_REVIEW,,
Otomobil,,BYD,Dolphin,Design,MODEL_VARIANT,Design,design,Vasıta > Otomobil > BYD > Dolphin > Design,curated-market-v1,CURATED_REVIEW,,
Otomobil,,BYD,Han,,SERIES,Han,han,Vasıta > Otomobil > BYD > Han,curated-market-v1,CURATED_REVIEW,,
Otomobil,,BYD,Han,Executive,MODEL_VARIANT,Executive,executive,Vasıta > Otomobil > BYD > Han > Executive,curated-market-v1,CURATED_REVIEW,,
Otomobil,,BYD,Qin,,SERIES,Qin,qin,Vasıta > Otomobil > BYD > Qin,curated-market-v1,CURATED_REVIEW,,
Otomobil,,BYD,Seal,,SERIES,Seal,seal,Vasıta > Otomobil > BYD > Seal,curated-market-v1,CURATED_REVIEW,,
Otomobil,,BYD,Seal,Design,MODEL_VARIANT,Design,design,Vasıta > Otomobil > BYD > Seal > Design,curated-market-v1,CURATED_REVIEW,,
Otomobil,,BYD,Seal,Excellence AWD,MODEL_VARIANT,Excellence AWD,excellence-awd,Vasıta > Otomobil > BYD > Seal > Excellence AWD,curated-market-v1,CURATED_REVIEW,,
Otomobil,,BYD,Seal U,,SERIES,Seal U,seal-u,Vasıta > Otomobil > BYD > Seal U,curated-market-v1,CURATED_REVIEW,,
Otomobil,,BYD,Seal U,Comfort,MODEL_VARIANT,Comfort,comfort,Vasıta > Otomobil > BYD > Seal U > Comfort,curated-market-v1,CURATED_REVIEW,,
Otomobil,,BYD,Seal U,Design,MODEL_VARIANT,Design,design,Vasıta > Otomobil > BYD > Seal U > Design,curated-market-v1,CURATED_REVIEW,,
Otomobil,,BYD,Seal U,DM-i,MODEL_VARIANT,DM-i,dm-i,Vasıta > Otomobil > BYD > Seal U > DM-i,curated-market-v1,CURATED_REVIEW,,
Otomobil,,BYD,Tang,,SERIES,Tang,tang,Vasıta > Otomobil > BYD > Tang,curated-market-v1,CURATED_REVIEW,,
Otomobil,,Cadillac,ATS,,SERIES,ATS,ats,Vasıta > Otomobil > Cadillac > ATS,curated-market-v1,CURATED_REVIEW,,
Otomobil,,Cadillac,BLS,,SERIES,BLS,bls,Vasıta > Otomobil > Cadillac > BLS,curated-market-v1,CURATED_REVIEW,,
Otomobil,,Cadillac,CT4,,SERIES,CT4,ct4,Vasıta > Otomobil > Cadillac > CT4,curated-market-v1,CURATED_REVIEW,,
Otomobil,,Cadillac,CT5,,SERIES,CT5,ct5,Vasıta > Otomobil > Cadillac > CT5,curated-market-v1,CURATED_REVIEW,,
Otomobil,,Cadillac,CT6,,SERIES,CT6,ct6,Vasıta > Otomobil > Cadillac > CT6,curated-market-v1,CURATED_REVIEW,,
Otomobil,,Cadillac,CTS,,SERIES,CTS,cts,Vasıta > Otomobil > Cadillac > CTS,curated-market-v1,CURATED_REVIEW,,
Otomobil,,Cadillac,DeVille,,SERIES,DeVille,deville,Vasıta > Otomobil > Cadillac > DeVille,curated-market-v1,CURATED_REVIEW,,
Otomobil,,Cadillac,Eldorado,,SERIES,Eldorado,eldorado,Vasıta > Otomobil > Cadillac > Eldorado,curated-market-v1,CURATED_REVIEW,,
Otomobil,,Cadillac,Fleetwood,,SERIES,Fleetwood,fleetwood,Vasıta > Otomobil > Cadillac > Fleetwood,curated-market-v1,CURATED_REVIEW,,
Otomobil,,Cadillac,Seville,,SERIES,Seville,seville,Vasıta > Otomobil > Cadillac > Seville,curated-market-v1,CURATED_REVIEW,,
Otomobil,,Cadillac,STS,,SERIES,STS,sts,Vasıta > Otomobil > Cadillac > STS,curated-market-v1,CURATED_REVIEW,,
Otomobil,,Cadillac,XLR,,SERIES,XLR,xlr,Vasıta > Otomobil > Cadillac > XLR,curated-market-v1,CURATED_REVIEW,,
Otomobil,,Chery,Alia,,SERIES,Alia,alia,Vasıta > Otomobil > Chery > Alia,curated-market-v1,CURATED_REVIEW,,
Otomobil,,Chery,Chance,,SERIES,Chance,chance,Vasıta > Otomobil > Chery > Chance,curated-market-v1,CURATED_REVIEW,,
Otomobil,,Chery,Kimo,,SERIES,Kimo,kimo,Vasıta > Otomobil > Chery > Kimo,curated-market-v1,CURATED_REVIEW,,
Otomobil,,Chery,Niche,,SERIES,Niche,niche,Vasıta > Otomobil > Chery > Niche,curated-market-v1,CURATED_REVIEW,,
Otomobil,,Chery,Omoda 5,,SERIES,Omoda 5,omoda-5,Vasıta > Otomobil > Chery > Omoda 5,curated-market-v1,CURATED_REVIEW,,
Otomobil,,Chery,Tiggo 3,,SERIES,Tiggo 3,tiggo-3,Vasıta > Otomobil > Chery > Tiggo 3,curated-market-v1,CURATED_REVIEW,,
Otomobil,,Chery,Tiggo 7,,SERIES,Tiggo 7,tiggo-7,Vasıta > Otomobil > Chery > Tiggo 7,curated-market-v1,CURATED_REVIEW,,
Otomobil,,Chery,Tiggo 8,,SERIES,Tiggo 8,tiggo-8,Vasıta > Otomobil > Chery > Tiggo 8,curated-market-v1,CURATED_REVIEW,,
Otomobil,,Chevrolet,Aveo,,SERIES,Aveo,aveo,Vasıta > Otomobil > Chevrolet > Aveo,curated-market-v1,CURATED_REVIEW,,
Otomobil,,Chevrolet,Aveo,1.2 S,MODEL_VARIANT,1.2 S,1-2-s,Vasıta > Otomobil > Chevrolet > Aveo > 1.2 S,curated-market-v1,CURATED_REVIEW,,
Otomobil,,Chevrolet,Aveo,1.2 SE,MODEL_VARIANT,1.2 SE,1-2-se,Vasıta > Otomobil > Chevrolet > Aveo > 1.2 SE,curated-market-v1,CURATED_REVIEW,,
Otomobil,,Chevrolet,Aveo,1.3 D LT,MODEL_VARIANT,1.3 D LT,1-3-d-lt,Vasıta > Otomobil > Chevrolet > Aveo > 1.3 D LT,curated-market-v1,CURATED_REVIEW,,
Otomobil,,Chevrolet,Aveo,1.4 LT,MODEL_VARIANT,1.4 LT,1-4-lt,Vasıta > Otomobil > Chevrolet > Aveo > 1.4 LT,curated-market-v1,CURATED_REVIEW,,
Otomobil,,Chevrolet,Camaro,,SERIES,Camaro,camaro,Vasıta > Otomobil > Chevrolet > Camaro,curated-market-v1,CURATED_REVIEW,,
Otomobil,,Chevrolet,Caprice,,SERIES,Caprice,caprice,Vasıta > Otomobil > Chevrolet > Caprice,curated-market-v1,CURATED_REVIEW,,
Otomobil,,Chevrolet,Corvette,,SERIES,Corvette,corvette,Vasıta > Otomobil > Chevrolet > Corvette,curated-market-v1,CURATED_REVIEW,,
Otomobil,,Chevrolet,Cruze,,SERIES,Cruze,cruze,Vasıta > Otomobil > Chevrolet > Cruze,curated-market-v1,CURATED_REVIEW,,
Otomobil,,Chevrolet,Cruze,1.4 T,MODEL_VARIANT,1.4 T,1-4-t,Vasıta > Otomobil > Chevrolet > Cruze > 1.4 T,curated-market-v1,CURATED_REVIEW,,
Otomobil,,Chevrolet,Cruze,1.6 LS,MODEL_VARIANT,1.6 LS,1-6-ls,Vasıta > Otomobil > Chevrolet > Cruze > 1.6 LS,curated-market-v1,CURATED_REVIEW,,
Otomobil,,Chevrolet,Cruze,1.6 LT,MODEL_VARIANT,1.6 LT,1-6-lt,Vasıta > Otomobil > Chevrolet > Cruze > 1.6 LT,curated-market-v1,CURATED_REVIEW,,
Otomobil,,Chevrolet,Cruze,2.0 D LT,MODEL_VARIANT,2.0 D LT,2-0-d-lt,Vasıta > Otomobil > Chevrolet > Cruze > 2.0 D LT,curated-market-v1,CURATED_REVIEW,,
Otomobil,,Chevrolet,Epica,,SERIES,Epica,epica,Vasıta > Otomobil > Chevrolet > Epica,curated-market-v1,CURATED_REVIEW,,
Otomobil,,Chevrolet,Evanda,,SERIES,Evanda,evanda,Vasıta > Otomobil > Chevrolet > Evanda,curated-market-v1,CURATED_REVIEW,,
Otomobil,,Chevrolet,Kalos,,SERIES,Kalos,kalos,Vasıta > Otomobil > Chevrolet > Kalos,curated-market-v1,CURATED_REVIEW,,
Otomobil,,Chevrolet,Lacetti,,SERIES,Lacetti,lacetti,Vasıta > Otomobil > Chevrolet > Lacetti,curated-market-v1,CURATED_REVIEW,,
Otomobil,,Chevrolet,Lacetti,1.4 SE,MODEL_VARIANT,1.4 SE,1-4-se,Vasıta > Otomobil > Chevrolet > Lacetti > 1.4 SE,curated-market-v1,CURATED_REVIEW,,
Otomobil,,Chevrolet,Lacetti,1.6 SX,MODEL_VARIANT,1.6 SX,1-6-sx,Vasıta > Otomobil > Chevrolet > Lacetti > 1.6 SX,curated-market-v1,CURATED_REVIEW,,
Otomobil,,Chevrolet,Malibu,,SERIES,Malibu,malibu,Vasıta > Otomobil > Chevrolet > Malibu,curated-market-v1,CURATED_REVIEW,,
Otomobil,,Chevrolet,Optra,,SERIES,Optra,optra,Vasıta > Otomobil > Chevrolet > Optra,curated-market-v1,CURATED_REVIEW,,
Otomobil,,Chevrolet,Rezzo,,SERIES,Rezzo,rezzo,Vasıta > Otomobil > Chevrolet > Rezzo,curated-market-v1,CURATED_REVIEW,,
Otomobil,,Chevrolet,Spark,,SERIES,Spark,spark,Vasıta > Otomobil > Chevrolet > Spark,curated-market-v1,CURATED_REVIEW,,
Otomobil,,Chevrolet,Spark,1.0 LS,MODEL_VARIANT,1.0 LS,1-0-ls,Vasıta > Otomobil > Chevrolet > Spark > 1.0 LS,curated-market-v1,CURATED_REVIEW,,
Otomobil,,Chevrolet,Spark,1.2 LT,MODEL_VARIANT,1.2 LT,1-2-lt,Vasıta > Otomobil > Chevrolet > Spark > 1.2 LT,curated-market-v1,CURATED_REVIEW,,
Otomobil,,Chrysler,300 C,,SERIES,300 C,300-c,Vasıta > Otomobil > Chrysler > 300 C,curated-market-v1,CURATED_REVIEW,,
Otomobil,,Chrysler,300 M,,SERIES,300 M,300-m,Vasıta > Otomobil > Chrysler > 300 M,curated-market-v1,CURATED_REVIEW,,
Otomobil,,Chrysler,Concorde,,SERIES,Concorde,concorde,Vasıta > Otomobil > Chrysler > Concorde,curated-market-v1,CURATED_REVIEW,,
Otomobil,,Chrysler,Crossfire,,SERIES,Crossfire,crossfire,Vasıta > Otomobil > Chrysler > Crossfire,curated-market-v1,CURATED_REVIEW,,
Otomobil,,Chrysler,LeBaron,,SERIES,LeBaron,lebaron,Vasıta > Otomobil > Chrysler > LeBaron,curated-market-v1,CURATED_REVIEW,,
Otomobil,,Chrysler,Neon,,SERIES,Neon,neon,Vasıta > Otomobil > Chrysler > Neon,curated-market-v1,CURATED_REVIEW,,
Otomobil,,Chrysler,PT Cruiser,,SERIES,PT Cruiser,pt-cruiser,Vasıta > Otomobil > Chrysler > PT Cruiser,curated-market-v1,CURATED_REVIEW,,
Otomobil,,Chrysler,Sebring,,SERIES,Sebring,sebring,Vasıta > Otomobil > Chrysler > Sebring,curated-market-v1,CURATED_REVIEW,,
Otomobil,,Chrysler,Stratus,,SERIES,Stratus,stratus,Vasıta > Otomobil > Chrysler > Stratus,curated-market-v1,CURATED_REVIEW,,
Otomobil,,Chrysler,Vision,,SERIES,Vision,vision,Vasıta > Otomobil > Chrysler > Vision,curated-market-v1,CURATED_REVIEW,,
Otomobil,,Citroen,AX,,SERIES,AX,ax,Vasıta > Otomobil > Citroen > AX,curated-market-v1,CURATED_REVIEW,,
Otomobil,,Citroen,BX,,SERIES,BX,bx,Vasıta > Otomobil > Citroen > BX,curated-market-v1,CURATED_REVIEW,,
Otomobil,,Citroen,C1,,SERIES,C1,c1,Vasıta > Otomobil > Citroen > C1,curated-market-v1,CURATED_REVIEW,,
Otomobil,,Citroen,C1,1.0 Feel,MODEL_VARIANT,1.0 Feel,1-0-feel,Vasıta > Otomobil > Citroen > C1 > 1.0 Feel,curated-market-v1,CURATED_REVIEW,,
Otomobil,,Citroen,C1,1.0 Shine,MODEL_VARIANT,1.0 Shine,1-0-shine,Vasıta > Otomobil > Citroen > C1 > 1.0 Shine,curated-market-v1,CURATED_REVIEW,,
Otomobil,,Citroen,C2,,SERIES,C2,c2,Vasıta > Otomobil > Citroen > C2,curated-market-v1,CURATED_REVIEW,,
Otomobil,,Citroen,C2,1.4 HDi SX,MODEL_VARIANT,1.4 HDi SX,1-4-hdi-sx,Vasıta > Otomobil > Citroen > C2 > 1.4 HDi SX,curated-market-v1,CURATED_REVIEW,,
Otomobil,,Citroen,C3,,SERIES,C3,c3,Vasıta > Otomobil > Citroen > C3,curated-market-v1,CURATED_REVIEW,,
Otomobil,,Citroen,C3,1.2 PureTech Feel,MODEL_VARIANT,1.2 PureTech Feel,1-2-puretech-feel,Vasıta > Otomobil > Citroen > C3 > 1.2 PureTech Feel,curated-market-v1,CURATED_REVIEW,,
Otomobil,,Citroen,C3,1.2 PureTech Shine,MODEL_VARIANT,1.2 PureTech Shine,1-2-puretech-shine,Vasıta > Otomobil > Citroen > C3 > 1.2 PureTech Shine,curated-market-v1,CURATED_REVIEW,,
Otomobil,,Citroen,C3,1.4 HDi,MODEL_VARIANT,1.4 HDi,1-4-hdi,Vasıta > Otomobil > Citroen > C3 > 1.4 HDi,curated-market-v1,CURATED_REVIEW,,
Otomobil,,Citroen,C3,1.5 BlueHDi Feel,MODEL_VARIANT,1.5 BlueHDi Feel,1-5-bluehdi-feel,Vasıta > Otomobil > Citroen > C3 > 1.5 BlueHDi Feel,curated-market-v1,CURATED_REVIEW,,
Otomobil,,Citroen,C3,1.6 BlueHDi,MODEL_VARIANT,1.6 BlueHDi,1-6-bluehdi,Vasıta > Otomobil > Citroen > C3 > 1.6 BlueHDi,curated-market-v1,CURATED_REVIEW,,
Otomobil,,Citroen,C4,,SERIES,C4,c4,Vasıta > Otomobil > Citroen > C4,curated-market-v1,CURATED_REVIEW,,
Otomobil,,Citroen,C4,1.2 PureTech Feel Bold,MODEL_VARIANT,1.2 PureTech Feel Bold,1-2-puretech-feel-bold,Vasıta > Otomobil > Citroen > C4 > 1.2 PureTech Feel Bold,curated-market-v1,CURATED_REVIEW,,
Otomobil,,Citroen,C4,1.2 PureTech Shine,MODEL_VARIANT,1.2 PureTech Shine,1-2-puretech-shine,Vasıta > Otomobil > Citroen > C4 > 1.2 PureTech Shine,curated-market-v1,CURATED_REVIEW,,
Otomobil,,Citroen,C4,1.5 BlueHDi Feel,MODEL_VARIANT,1.5 BlueHDi Feel,1-5-bluehdi-feel,Vasıta > Otomobil > Citroen > C4 > 1.5 BlueHDi Feel,curated-market-v1,CURATED_REVIEW,,
Otomobil,,Citroen,C4,1.6 HDi,MODEL_VARIANT,1.6 HDi,1-6-hdi,Vasıta > Otomobil > Citroen > C4 > 1.6 HDi,curated-market-v1,CURATED_REVIEW,,
Otomobil,,Citroen,C4 X,,SERIES,C4 X,c4-x,Vasıta > Otomobil > Citroen > C4 X,curated-market-v1,CURATED_REVIEW,,
Otomobil,,Citroen,C4 X,1.2 PureTech Feel,MODEL_VARIANT,1.2 PureTech Feel,1-2-puretech-feel,Vasıta > Otomobil > Citroen > C4 X > 1.2 PureTech Feel,curated-market-v1,CURATED_REVIEW,,
Otomobil,,Citroen,C4 X,1.2 PureTech Shine,MODEL_VARIANT,1.2 PureTech Shine,1-2-puretech-shine,Vasıta > Otomobil > Citroen > C4 X > 1.2 PureTech Shine,curated-market-v1,CURATED_REVIEW,,
Otomobil,,Citroen,C4 X,1.5 BlueHDi,MODEL_VARIANT,1.5 BlueHDi,1-5-bluehdi,Vasıta > Otomobil > Citroen > C4 X > 1.5 BlueHDi,curated-market-v1,CURATED_REVIEW,,
Otomobil,,Citroen,C5,,SERIES,C5,c5,Vasıta > Otomobil > Citroen > C5,curated-market-v1,CURATED_REVIEW,,
Otomobil,,Citroen,C5,1.6 HDi,MODEL_VARIANT,1.6 HDi,1-6-hdi,Vasıta > Otomobil > Citroen > C5 > 1.6 HDi,curated-market-v1,CURATED_REVIEW,,
Otomobil,,Citroen,C5,1.6 e-HDi,MODEL_VARIANT,1.6 e-HDi,1-6-e-hdi,Vasıta > Otomobil > Citroen > C5 > 1.6 e-HDi,curated-market-v1,CURATED_REVIEW,,
Otomobil,,Citroen,C5,2.0 HDi,MODEL_VARIANT,2.0 HDi,2-0-hdi,Vasıta > Otomobil > Citroen > C5 > 2.0 HDi,curated-market-v1,CURATED_REVIEW,,
Otomobil,,Citroen,C6,,SERIES,C6,c6,Vasıta > Otomobil > Citroen > C6,curated-market-v1,CURATED_REVIEW,,
Otomobil,,Citroen,C8,,SERIES,C8,c8,Vasıta > Otomobil > Citroen > C8,curated-market-v1,CURATED_REVIEW,,
Otomobil,,Citroen,DS3,,SERIES,DS3,ds3,Vasıta > Otomobil > Citroen > DS3,curated-market-v1,CURATED_REVIEW,,
Otomobil,,Citroen,DS4,,SERIES,DS4,ds4,Vasıta > Otomobil > Citroen > DS4,curated-market-v1,CURATED_REVIEW,,
Otomobil,,Citroen,DS5,,SERIES,DS5,ds5,Vasıta > Otomobil > Citroen > DS5,curated-market-v1,CURATED_REVIEW,,
Otomobil,,Citroen,Saxo,,SERIES,Saxo,saxo,Vasıta > Otomobil > Citroen > Saxo,curated-market-v1,CURATED_REVIEW,,
Otomobil,,Citroen,Xantia,,SERIES,Xantia,xantia,Vasıta > Otomobil > Citroen > Xantia,curated-market-v1,CURATED_REVIEW,,
Otomobil,,Citroen,Xsara,,SERIES,Xsara,xsara,Vasıta > Otomobil > Citroen > Xsara,curated-market-v1,CURATED_REVIEW,,
Otomobil,,Citroen,Xsara,1.4 SX,MODEL_VARIANT,1.4 SX,1-4-sx,Vasıta > Otomobil > Citroen > Xsara > 1.4 SX,curated-market-v1,CURATED_REVIEW,,
Otomobil,,Citroen,Xsara,1.6 SX,MODEL_VARIANT,1.6 SX,1-6-sx,Vasıta > Otomobil > Citroen > Xsara > 1.6 SX,curated-market-v1,CURATED_REVIEW,,
Otomobil,,Citroen,Xsara,2.0 HDi,MODEL_VARIANT,2.0 HDi,2-0-hdi,Vasıta > Otomobil > Citroen > Xsara > 2.0 HDi,curated-market-v1,CURATED_REVIEW,,
Otomobil,,Citroen,Xsara Picasso,,SERIES,Xsara Picasso,xsara-picasso,Vasıta > Otomobil > Citroen > Xsara Picasso,curated-market-v1,CURATED_REVIEW,,
Otomobil,,Citroen,Xsara Picasso,1.6 HDi,MODEL_VARIANT,1.6 HDi,1-6-hdi,Vasıta > Otomobil > Citroen > Xsara Picasso > 1.6 HDi,curated-market-v1,CURATED_REVIEW,,
Otomobil,,Citroen,Xsara Picasso,2.0 HDi,MODEL_VARIANT,2.0 HDi,2-0-hdi,Vasıta > Otomobil > Citroen > Xsara Picasso > 2.0 HDi,curated-market-v1,CURATED_REVIEW,,
Otomobil,,Citroen,ZX,,SERIES,ZX,zx,Vasıta > Otomobil > Citroen > ZX,curated-market-v1,CURATED_REVIEW,,
Otomobil,,Cupra,Born,,SERIES,Born,born,Vasıta > Otomobil > Cupra > Born,curated-market-v1,CURATED_REVIEW,,
Otomobil,,Cupra,Born,e-Boost,MODEL_VARIANT,e-Boost,e-boost,Vasıta > Otomobil > Cupra > Born > e-Boost,curated-market-v1,CURATED_REVIEW,,
Otomobil,,Cupra,Formentor,,SERIES,Formentor,formentor,Vasıta > Otomobil > Cupra > Formentor,curated-market-v1,CURATED_REVIEW,,
Otomobil,,Cupra,Formentor,1.5 TSI,MODEL_VARIANT,1.5 TSI,1-5-tsi,Vasıta > Otomobil > Cupra > Formentor > 1.5 TSI,curated-market-v1,CURATED_REVIEW,,
Otomobil,,Cupra,Formentor,2.0 TSI,MODEL_VARIANT,2.0 TSI,2-0-tsi,Vasıta > Otomobil > Cupra > Formentor > 2.0 TSI,curated-market-v1,CURATED_REVIEW,,
Otomobil,,Cupra,Formentor,VZ,MODEL_VARIANT,VZ,vz,Vasıta > Otomobil > Cupra > Formentor > VZ,curated-market-v1,CURATED_REVIEW,,
Otomobil,,Cupra,Formentor,e-Hybrid,MODEL_VARIANT,e-Hybrid,e-hybrid,Vasıta > Otomobil > Cupra > Formentor > e-Hybrid,curated-market-v1,CURATED_REVIEW,,
Otomobil,,Cupra,Leon,,SERIES,Leon,leon,Vasıta > Otomobil > Cupra > Leon,curated-market-v1,CURATED_REVIEW,,
Otomobil,,Cupra,Leon,1.5 eTSI,MODEL_VARIANT,1.5 eTSI,1-5-etsi,Vasıta > Otomobil > Cupra > Leon > 1.5 eTSI,curated-market-v1,CURATED_REVIEW,,
Otomobil,,Cupra,Leon,2.0 TSI,MODEL_VARIANT,2.0 TSI,2-0-tsi,Vasıta > Otomobil > Cupra > Leon > 2.0 TSI,curated-market-v1,CURATED_REVIEW,,
Otomobil,,Cupra,Leon,VZ,MODEL_VARIANT,VZ,vz,Vasıta > Otomobil > Cupra > Leon > VZ,curated-market-v1,CURATED_REVIEW,,
Otomobil,,Dacia,Dokker,,SERIES,Dokker,dokker,Vasıta > Otomobil > Dacia > Dokker,curated-market-v1,CURATED_REVIEW,,
Otomobil,,Dacia,Dokker,1.5 dCi Ambiance,MODEL_VARIANT,1.5 dCi Ambiance,1-5-dci-ambiance,Vasıta > Otomobil > Dacia > Dokker > 1.5 dCi Ambiance,curated-market-v1,CURATED_REVIEW,,
Otomobil,,Dacia,Dokker,Stepway,MODEL_VARIANT,Stepway,stepway,Vasıta > Otomobil > Dacia > Dokker > Stepway,curated-market-v1,CURATED_REVIEW,,
Otomobil,,Dacia,Lodgy,,SERIES,Lodgy,lodgy,Vasıta > Otomobil > Dacia > Lodgy,curated-market-v1,CURATED_REVIEW,,
Otomobil,,Dacia,Lodgy,1.5 dCi Laureate,MODEL_VARIANT,1.5 dCi Laureate,1-5-dci-laureate,Vasıta > Otomobil > Dacia > Lodgy > 1.5 dCi Laureate,curated-market-v1,CURATED_REVIEW,,
Otomobil,,Dacia,Lodgy,Stepway,MODEL_VARIANT,Stepway,stepway,Vasıta > Otomobil > Dacia > Lodgy > Stepway,curated-market-v1,CURATED_REVIEW,,
Otomobil,,Dacia,Logan,,SERIES,Logan,logan,Vasıta > Otomobil > Dacia > Logan,curated-market-v1,CURATED_REVIEW,,
Otomobil,,Dacia,Logan,1.0 SCe Ambiance,MODEL_VARIANT,1.0 SCe Ambiance,1-0-sce-ambiance,Vasıta > Otomobil > Dacia > Logan > 1.0 SCe Ambiance,curated-market-v1,CURATED_REVIEW,,
Otomobil,,Dacia,Logan,1.5 dCi Ambiance,MODEL_VARIANT,1.5 dCi Ambiance,1-5-dci-ambiance,Vasıta > Otomobil > Dacia > Logan > 1.5 dCi Ambiance,curated-market-v1,CURATED_REVIEW,,
Otomobil,,Dacia,Logan,1.5 dCi Laureate,MODEL_VARIANT,1.5 dCi Laureate,1-5-dci-laureate,Vasıta > Otomobil > Dacia > Logan > 1.5 dCi Laureate,curated-market-v1,CURATED_REVIEW,,
Otomobil,,Dacia,Logan,MCV,MODEL_VARIANT,MCV,mcv,Vasıta > Otomobil > Dacia > Logan > MCV,curated-market-v1,CURATED_REVIEW,,
Otomobil,,Dacia,Sandero,,SERIES,Sandero,sandero,Vasıta > Otomobil > Dacia > Sandero,curated-market-v1,CURATED_REVIEW,,
Otomobil,,Dacia,Sandero,1.0 SCe Ambiance,MODEL_VARIANT,1.0 SCe Ambiance,1-0-sce-ambiance,Vasıta > Otomobil > Dacia > Sandero > 1.0 SCe Ambiance,curated-market-v1,CURATED_REVIEW,,
Otomobil,,Dacia,Sandero,1.0 TCe Comfort,MODEL_VARIANT,1.0 TCe Comfort,1-0-tce-comfort,Vasıta > Otomobil > Dacia > Sandero > 1.0 TCe Comfort,curated-market-v1,CURATED_REVIEW,,
Otomobil,,Dacia,Sandero,1.5 dCi Stepway,MODEL_VARIANT,1.5 dCi Stepway,1-5-dci-stepway,Vasıta > Otomobil > Dacia > Sandero > 1.5 dCi Stepway,curated-market-v1,CURATED_REVIEW,,
Otomobil,,Dacia,Solenza,,SERIES,Solenza,solenza,Vasıta > Otomobil > Dacia > Solenza,curated-market-v1,CURATED_REVIEW,,
Otomobil,,Daewoo,Espero,,SERIES,Espero,espero,Vasıta > Otomobil > Daewoo > Espero,curated-market-v1,CURATED_REVIEW,,
Otomobil,,Daewoo,Lanos,,SERIES,Lanos,lanos,Vasıta > Otomobil > Daewoo > Lanos,curated-market-v1,CURATED_REVIEW,,
Otomobil,,Daewoo,Leganza,,SERIES,Leganza,leganza,Vasıta > Otomobil > Daewoo > Leganza,curated-market-v1,CURATED_REVIEW,,
Otomobil,,Daewoo,Matiz,,SERIES,Matiz,matiz,Vasıta > Otomobil > Daewoo > Matiz,curated-market-v1,CURATED_REVIEW,,
Otomobil,,Daewoo,Nexia,,SERIES,Nexia,nexia,Vasıta > Otomobil > Daewoo > Nexia,curated-market-v1,CURATED_REVIEW,,
Otomobil,,Daewoo,Nubira,,SERIES,Nubira,nubira,Vasıta > Otomobil > Daewoo > Nubira,curated-market-v1,CURATED_REVIEW,,
Otomobil,,Daewoo,Racer,,SERIES,Racer,racer,Vasıta > Otomobil > Daewoo > Racer,curated-market-v1,CURATED_REVIEW,,
Otomobil,,Daewoo,Tacuma,,SERIES,Tacuma,tacuma,Vasıta > Otomobil > Daewoo > Tacuma,curated-market-v1,CURATED_REVIEW,,
Otomobil,,Daewoo,Tico,,SERIES,Tico,tico,Vasıta > Otomobil > Daewoo > Tico,curated-market-v1,CURATED_REVIEW,,
Otomobil,,Daihatsu,Applause,,SERIES,Applause,applause,Vasıta > Otomobil > Daihatsu > Applause,curated-market-v1,CURATED_REVIEW,,
Otomobil,,Daihatsu,Charade,,SERIES,Charade,charade,Vasıta > Otomobil > Daihatsu > Charade,curated-market-v1,CURATED_REVIEW,,
Otomobil,,Daihatsu,Copen,,SERIES,Copen,copen,Vasıta > Otomobil > Daihatsu > Copen,curated-market-v1,CURATED_REVIEW,,
Otomobil,,Daihatsu,Cuore,,SERIES,Cuore,cuore,Vasıta > Otomobil > Daihatsu > Cuore,curated-market-v1,CURATED_REVIEW,,
Otomobil,,Daihatsu,Materia,,SERIES,Materia,materia,Vasıta > Otomobil > Daihatsu > Materia,curated-market-v1,CURATED_REVIEW,,
Otomobil,,Daihatsu,Mira,,SERIES,Mira,mira,Vasıta > Otomobil > Daihatsu > Mira,curated-market-v1,CURATED_REVIEW,,
Otomobil,,Daihatsu,Sirion,,SERIES,Sirion,sirion,Vasıta > Otomobil > Daihatsu > Sirion,curated-market-v1,CURATED_REVIEW,,
Otomobil,,Daihatsu,YRV,,SERIES,YRV,yrv,Vasıta > Otomobil > Daihatsu > YRV,curated-market-v1,CURATED_REVIEW,,
Otomobil,,Dodge,Avenger,,SERIES,Avenger,avenger,Vasıta > Otomobil > Dodge > Avenger,curated-market-v1,CURATED_REVIEW,,
Otomobil,,Dodge,Caliber,,SERIES,Caliber,caliber,Vasıta > Otomobil > Dodge > Caliber,curated-market-v1,CURATED_REVIEW,,
Otomobil,,Dodge,Challenger,,SERIES,Challenger,challenger,Vasıta > Otomobil > Dodge > Challenger,curated-market-v1,CURATED_REVIEW,,
Otomobil,,Dodge,Charger,,SERIES,Charger,charger,Vasıta > Otomobil > Dodge > Charger,curated-market-v1,CURATED_REVIEW,,
Otomobil,,Dodge,Dart,,SERIES,Dart,dart,Vasıta > Otomobil > Dodge > Dart,curated-market-v1,CURATED_REVIEW,,
Otomobil,,Dodge,Magnum,,SERIES,Magnum,magnum,Vasıta > Otomobil > Dodge > Magnum,curated-market-v1,CURATED_REVIEW,,
Otomobil,,Dodge,Neon,,SERIES,Neon,neon,Vasıta > Otomobil > Dodge > Neon,curated-market-v1,CURATED_REVIEW,,
Otomobil,,Dodge,Stealth,,SERIES,Stealth,stealth,Vasıta > Otomobil > Dodge > Stealth,curated-market-v1,CURATED_REVIEW,,
Otomobil,,Dodge,Viper,,SERIES,Viper,viper,Vasıta > Otomobil > Dodge > Viper,curated-market-v1,CURATED_REVIEW,,
Otomobil,,DS Automobiles,DS 3,,SERIES,DS 3,ds-3,Vasıta > Otomobil > DS Automobiles > DS 3,curated-market-v1,CURATED_REVIEW,,
Otomobil,,DS Automobiles,DS 3,Performance Line,MODEL_VARIANT,Performance Line,performance-line,Vasıta > Otomobil > DS Automobiles > DS 3 > Performance Line,curated-market-v1,CURATED_REVIEW,,
Otomobil,,DS Automobiles,DS 3,Rivoli,MODEL_VARIANT,Rivoli,rivoli,Vasıta > Otomobil > DS Automobiles > DS 3 > Rivoli,curated-market-v1,CURATED_REVIEW,,
Otomobil,,DS Automobiles,DS 4,,SERIES,DS 4,ds-4,Vasıta > Otomobil > DS Automobiles > DS 4,curated-market-v1,CURATED_REVIEW,,
Otomobil,,DS Automobiles,DS 4,Performance Line,MODEL_VARIANT,Performance Line,performance-line,Vasıta > Otomobil > DS Automobiles > DS 4 > Performance Line,curated-market-v1,CURATED_REVIEW,,
Otomobil,,DS Automobiles,DS 4,Rivoli,MODEL_VARIANT,Rivoli,rivoli,Vasıta > Otomobil > DS Automobiles > DS 4 > Rivoli,curated-market-v1,CURATED_REVIEW,,
Otomobil,,DS Automobiles,DS 4,Opera,MODEL_VARIANT,Opera,opera,Vasıta > Otomobil > DS Automobiles > DS 4 > Opera,curated-market-v1,CURATED_REVIEW,,
Otomobil,,DS Automobiles,DS 5,,SERIES,DS 5,ds-5,Vasıta > Otomobil > DS Automobiles > DS 5,curated-market-v1,CURATED_REVIEW,,
Otomobil,,DS Automobiles,DS 9,,SERIES,DS 9,ds-9,Vasıta > Otomobil > DS Automobiles > DS 9,curated-market-v1,CURATED_REVIEW,,
Otomobil,,DS Automobiles,DS 9,Rivoli,MODEL_VARIANT,Rivoli,rivoli,Vasıta > Otomobil > DS Automobiles > DS 9 > Rivoli,curated-market-v1,CURATED_REVIEW,,
Otomobil,,DS Automobiles,DS 9,Opera,MODEL_VARIANT,Opera,opera,Vasıta > Otomobil > DS Automobiles > DS 9 > Opera,curated-market-v1,CURATED_REVIEW,,
Otomobil,,Ferrari,296 GTB,,SERIES,296 GTB,296-gtb,Vasıta > Otomobil > Ferrari > 296 GTB,curated-market-v1,CURATED_REVIEW,,
Otomobil,,Ferrari,348,,SERIES,348,348,Vasıta > Otomobil > Ferrari > 348,curated-market-v1,CURATED_REVIEW,,
Otomobil,,Ferrari,360,,SERIES,360,360,Vasıta > Otomobil > Ferrari > 360,curated-market-v1,CURATED_REVIEW,,
Otomobil,,Ferrari,458 Italia,,SERIES,458 Italia,458-italia,Vasıta > Otomobil > Ferrari > 458 Italia,curated-market-v1,CURATED_REVIEW,,
Otomobil,,Ferrari,488 GTB,,SERIES,488 GTB,488-gtb,Vasıta > Otomobil > Ferrari > 488 GTB,curated-market-v1,CURATED_REVIEW,,
Otomobil,,Ferrari,550 Maranello,,SERIES,550 Maranello,550-maranello,Vasıta > Otomobil > Ferrari > 550 Maranello,curated-market-v1,CURATED_REVIEW,,
Otomobil,,Ferrari,575M,,SERIES,575M,575m,Vasıta > Otomobil > Ferrari > 575M,curated-market-v1,CURATED_REVIEW,,
Otomobil,,Ferrari,599 GTB,,SERIES,599 GTB,599-gtb,Vasıta > Otomobil > Ferrari > 599 GTB,curated-market-v1,CURATED_REVIEW,,
Otomobil,,Ferrari,612 Scaglietti,,SERIES,612 Scaglietti,612-scaglietti,Vasıta > Otomobil > Ferrari > 612 Scaglietti,curated-market-v1,CURATED_REVIEW,,
Otomobil,,Ferrari,812 Superfast,,SERIES,812 Superfast,812-superfast,Vasıta > Otomobil > Ferrari > 812 Superfast,curated-market-v1,CURATED_REVIEW,,
Otomobil,,Ferrari,California,,SERIES,California,california,Vasıta > Otomobil > Ferrari > California,curated-market-v1,CURATED_REVIEW,,
Otomobil,,Ferrari,F12 Berlinetta,,SERIES,F12 Berlinetta,f12-berlinetta,Vasıta > Otomobil > Ferrari > F12 Berlinetta,curated-market-v1,CURATED_REVIEW,,
Otomobil,,Ferrari,F355,,SERIES,F355,f355,Vasıta > Otomobil > Ferrari > F355,curated-market-v1,CURATED_REVIEW,,
Otomobil,,Ferrari,F430,,SERIES,F430,f430,Vasıta > Otomobil > Ferrari > F430,curated-market-v1,CURATED_REVIEW,,
Otomobil,,Ferrari,FF,,SERIES,FF,ff,Vasıta > Otomobil > Ferrari > FF,curated-market-v1,CURATED_REVIEW,,
Otomobil,,Ferrari,GTC4Lusso,,SERIES,GTC4Lusso,gtc4lusso,Vasıta > Otomobil > Ferrari > GTC4Lusso,curated-market-v1,CURATED_REVIEW,,
Otomobil,,Ferrari,Portofino,,SERIES,Portofino,portofino,Vasıta > Otomobil > Ferrari > Portofino,curated-market-v1,CURATED_REVIEW,,
Otomobil,,Ferrari,Roma,,SERIES,Roma,roma,Vasıta > Otomobil > Ferrari > Roma,curated-market-v1,CURATED_REVIEW,,
Otomobil,,Ferrari,SF90 Stradale,,SERIES,SF90 Stradale,sf90-stradale,Vasıta > Otomobil > Ferrari > SF90 Stradale,curated-market-v1,CURATED_REVIEW,,
Otomobil,,Fiat,124 Spider,,SERIES,124 Spider,124-spider,Vasıta > Otomobil > Fiat > 124 Spider,curated-market-v1,CURATED_REVIEW,,
Otomobil,,Fiat,126 Bis,,SERIES,126 Bis,126-bis,Vasıta > Otomobil > Fiat > 126 Bis,curated-market-v1,CURATED_REVIEW,,
Otomobil,,Fiat,500,,SERIES,500,500,Vasıta > Otomobil > Fiat > 500,curated-market-v1,CURATED_REVIEW,,
Otomobil,,Fiat,500,1.0 Hybrid Dolcevita,MODEL_VARIANT,1.0 Hybrid Dolcevita,1-0-hybrid-dolcevita,Vasıta > Otomobil > Fiat > 500 > 1.0 Hybrid Dolcevita,curated-market-v1,CURATED_REVIEW,,
Otomobil,,Fiat,500,1.2 Lounge,MODEL_VARIANT,1.2 Lounge,1-2-lounge,Vasıta > Otomobil > Fiat > 500 > 1.2 Lounge,curated-market-v1,CURATED_REVIEW,,
Otomobil,,Fiat,500,1.4 Sport,MODEL_VARIANT,1.4 Sport,1-4-sport,Vasıta > Otomobil > Fiat > 500 > 1.4 Sport,curated-market-v1,CURATED_REVIEW,,
Otomobil,,Fiat,500C,,SERIES,500C,500c,Vasıta > Otomobil > Fiat > 500C,curated-market-v1,CURATED_REVIEW,,
Otomobil,,Fiat,500L,,SERIES,500L,500l,Vasıta > Otomobil > Fiat > 500L,curated-market-v1,CURATED_REVIEW,,
Otomobil,,Fiat,500L,1.3 Multijet Lounge,MODEL_VARIANT,1.3 Multijet Lounge,1-3-multijet-lounge,Vasıta > Otomobil > Fiat > 500L > 1.3 Multijet Lounge,curated-market-v1,CURATED_REVIEW,,
Otomobil,,Fiat,500L,1.6 Multijet Rockstar,MODEL_VARIANT,1.6 Multijet Rockstar,1-6-multijet-rockstar,Vasıta > Otomobil > Fiat > 500L > 1.6 Multijet Rockstar,curated-market-v1,CURATED_REVIEW,,
Otomobil,,Fiat,500X,,SERIES,500X,500x,Vasıta > Otomobil > Fiat > 500X,curated-market-v1,CURATED_REVIEW,,
Otomobil,,Fiat,Albea,,SERIES,Albea,albea,Vasıta > Otomobil > Fiat > Albea,curated-market-v1,CURATED_REVIEW,,
Otomobil,,Fiat,Albea,1.2 Active,MODEL_VARIANT,1.2 Active,1-2-active,Vasıta > Otomobil > Fiat > Albea > 1.2 Active,curated-market-v1,CURATED_REVIEW,,
Otomobil,,Fiat,Albea,1.3 Multijet Active,MODEL_VARIANT,1.3 Multijet Active,1-3-multijet-active,Vasıta > Otomobil > Fiat > Albea > 1.3 Multijet Active,curated-market-v1,CURATED_REVIEW,,
Otomobil,,Fiat,Albea,1.4 Fire Dynamic,MODEL_VARIANT,1.4 Fire Dynamic,1-4-fire-dynamic,Vasıta > Otomobil > Fiat > Albea > 1.4 Fire Dynamic,curated-market-v1,CURATED_REVIEW,,
Otomobil,,Fiat,Brava,,SERIES,Brava,brava,Vasıta > Otomobil > Fiat > Brava,curated-market-v1,CURATED_REVIEW,,
Otomobil,,Fiat,Bravo,,SERIES,Bravo,bravo,Vasıta > Otomobil > Fiat > Bravo,curated-market-v1,CURATED_REVIEW,,
Otomobil,,Fiat,Bravo,1.4 T-Jet Sport,MODEL_VARIANT,1.4 T-Jet Sport,1-4-t-jet-sport,Vasıta > Otomobil > Fiat > Bravo > 1.4 T-Jet Sport,curated-market-v1,CURATED_REVIEW,,
Otomobil,,Fiat,Bravo,1.6 Multijet Dynamic,MODEL_VARIANT,1.6 Multijet Dynamic,1-6-multijet-dynamic,Vasıta > Otomobil > Fiat > Bravo > 1.6 Multijet Dynamic,curated-market-v1,CURATED_REVIEW,,
Otomobil,,Fiat,Egea Cross,,SERIES,Egea Cross,egea-cross,Vasıta > Otomobil > Fiat > Egea Cross,curated-market-v1,CURATED_REVIEW,,
Otomobil,,Fiat,Egea Cross,1.4 Fire Street,MODEL_VARIANT,1.4 Fire Street,1-4-fire-street,Vasıta > Otomobil > Fiat > Egea Cross > 1.4 Fire Street,curated-market-v1,CURATED_REVIEW,,
Otomobil,,Fiat,Egea Cross,1.3 Multijet Urban,MODEL_VARIANT,1.3 Multijet Urban,1-3-multijet-urban,Vasıta > Otomobil > Fiat > Egea Cross > 1.3 Multijet Urban,curated-market-v1,CURATED_REVIEW,,
Otomobil,,Fiat,Egea Cross,1.6 Multijet Lounge,MODEL_VARIANT,1.6 Multijet Lounge,1-6-multijet-lounge,Vasıta > Otomobil > Fiat > Egea Cross > 1.6 Multijet Lounge,curated-market-v1,CURATED_REVIEW,,
Otomobil,,Fiat,Egea Cross,1.5 T4 Hibrit,MODEL_VARIANT,1.5 T4 Hibrit,1-5-t4-hibrit,Vasıta > Otomobil > Fiat > Egea Cross > 1.5 T4 Hibrit,curated-market-v1,CURATED_REVIEW,,
Otomobil,,Fiat,Egea Hatchback,,SERIES,Egea Hatchback,egea-hatchback,Vasıta > Otomobil > Fiat > Egea Hatchback,curated-market-v1,CURATED_REVIEW,,
Otomobil,,Fiat,Egea Hatchback,1.4 Fire Street,MODEL_VARIANT,1.4 Fire Street,1-4-fire-street,Vasıta > Otomobil > Fiat > Egea Hatchback > 1.4 Fire Street,curated-market-v1,CURATED_REVIEW,,
Otomobil,,Fiat,Egea Hatchback,1.3 Multijet Urban,MODEL_VARIANT,1.3 Multijet Urban,1-3-multijet-urban,Vasıta > Otomobil > Fiat > Egea Hatchback > 1.3 Multijet Urban,curated-market-v1,CURATED_REVIEW,,
Otomobil,,Fiat,Egea Hatchback,1.6 Multijet Lounge,MODEL_VARIANT,1.6 Multijet Lounge,1-6-multijet-lounge,Vasıta > Otomobil > Fiat > Egea Hatchback > 1.6 Multijet Lounge,curated-market-v1,CURATED_REVIEW,,
Otomobil,,Fiat,Egea Sedan,,SERIES,Egea Sedan,egea-sedan,Vasıta > Otomobil > Fiat > Egea Sedan,curated-market-v1,CURATED_REVIEW,,
Otomobil,,Fiat,Egea Sedan,1.4 Fire Easy,MODEL_VARIANT,1.4 Fire Easy,1-4-fire-easy,Vasıta > Otomobil > Fiat > Egea Sedan > 1.4 Fire Easy,curated-market-v1,CURATED_REVIEW,,
Otomobil,,Fiat,Egea Sedan,1.3 Multijet Easy,MODEL_VARIANT,1.3 Multijet Easy,1-3-multijet-easy,Vasıta > Otomobil > Fiat > Egea Sedan > 1.3 Multijet Easy,curated-market-v1,CURATED_REVIEW,,
Otomobil,,Fiat,Egea Sedan,1.6 Multijet Urban,MODEL_VARIANT,1.6 Multijet Urban,1-6-multijet-urban,Vasıta > Otomobil > Fiat > Egea Sedan > 1.6 Multijet Urban,curated-market-v1,CURATED_REVIEW,,
Otomobil,,Fiat,Egea Sedan,1.6 Multijet Lounge,MODEL_VARIANT,1.6 Multijet Lounge,1-6-multijet-lounge,Vasıta > Otomobil > Fiat > Egea Sedan > 1.6 Multijet Lounge,curated-market-v1,CURATED_REVIEW,,
Otomobil,,Fiat,Egea Sedan,1.5 T4 Hibrit Cross,MODEL_VARIANT,1.5 T4 Hibrit Cross,1-5-t4-hibrit-cross,Vasıta > Otomobil > Fiat > Egea Sedan > 1.5 T4 Hibrit Cross,curated-market-v1,CURATED_REVIEW,,
Otomobil,,Fiat,Linea,,SERIES,Linea,linea,Vasıta > Otomobil > Fiat > Linea,curated-market-v1,CURATED_REVIEW,,
Otomobil,,Fiat,Linea,1.3 Multijet Active Plus,MODEL_VARIANT,1.3 Multijet Active Plus,1-3-multijet-active-plus,Vasıta > Otomobil > Fiat > Linea > 1.3 Multijet Active Plus,curated-market-v1,CURATED_REVIEW,,
Otomobil,,Fiat,Linea,1.3 Multijet Urban,MODEL_VARIANT,1.3 Multijet Urban,1-3-multijet-urban,Vasıta > Otomobil > Fiat > Linea > 1.3 Multijet Urban,curated-market-v1,CURATED_REVIEW,,
Otomobil,,Fiat,Linea,1.4 Fire Pop,MODEL_VARIANT,1.4 Fire Pop,1-4-fire-pop,Vasıta > Otomobil > Fiat > Linea > 1.4 Fire Pop,curated-market-v1,CURATED_REVIEW,,
Otomobil,,Fiat,Marea,,SERIES,Marea,marea,Vasıta > Otomobil > Fiat > Marea,curated-market-v1,CURATED_REVIEW,,
Otomobil,,Fiat,Palio,,SERIES,Palio,palio,Vasıta > Otomobil > Fiat > Palio,curated-market-v1,CURATED_REVIEW,,
Otomobil,,Fiat,Palio,1.2 S,MODEL_VARIANT,1.2 S,1-2-s,Vasıta > Otomobil > Fiat > Palio > 1.2 S,curated-market-v1,CURATED_REVIEW,,
Otomobil,,Fiat,Palio,1.3 Multijet Active,MODEL_VARIANT,1.3 Multijet Active,1-3-multijet-active,Vasıta > Otomobil > Fiat > Palio > 1.3 Multijet Active,curated-market-v1,CURATED_REVIEW,,
Otomobil,,Fiat,Palio,1.4 EL,MODEL_VARIANT,1.4 EL,1-4-el,Vasıta > Otomobil > Fiat > Palio > 1.4 EL,curated-market-v1,CURATED_REVIEW,,
Otomobil,,Fiat,Panda,,SERIES,Panda,panda,Vasıta > Otomobil > Fiat > Panda,curated-market-v1,CURATED_REVIEW,,
Otomobil,,Fiat,Panda,1.2 Dynamic,MODEL_VARIANT,1.2 Dynamic,1-2-dynamic,Vasıta > Otomobil > Fiat > Panda > 1.2 Dynamic,curated-market-v1,CURATED_REVIEW,,
Otomobil,,Fiat,Panda,1.3 Multijet,MODEL_VARIANT,1.3 Multijet,1-3-multijet,Vasıta > Otomobil > Fiat > Panda > 1.3 Multijet,curated-market-v1,CURATED_REVIEW,,
Otomobil,,Fiat,Panda,1.0 Hybrid,MODEL_VARIANT,1.0 Hybrid,1-0-hybrid,Vasıta > Otomobil > Fiat > Panda > 1.0 Hybrid,curated-market-v1,CURATED_REVIEW,,
Otomobil,,Fiat,Punto,,SERIES,Punto,punto,Vasıta > Otomobil > Fiat > Punto,curated-market-v1,CURATED_REVIEW,,
Otomobil,,Fiat,Punto,1.2 Active,MODEL_VARIANT,1.2 Active,1-2-active,Vasıta > Otomobil > Fiat > Punto > 1.2 Active,curated-market-v1,CURATED_REVIEW,,
Otomobil,,Fiat,Punto,1.3 Multijet Easy,MODEL_VARIANT,1.3 Multijet Easy,1-3-multijet-easy,Vasıta > Otomobil > Fiat > Punto > 1.3 Multijet Easy,curated-market-v1,CURATED_REVIEW,,
Otomobil,,Fiat,Punto,1.4 Fire Dynamic,MODEL_VARIANT,1.4 Fire Dynamic,1-4-fire-dynamic,Vasıta > Otomobil > Fiat > Punto > 1.4 Fire Dynamic,curated-market-v1,CURATED_REVIEW,,
Otomobil,,Fiat,Punto Evo,,SERIES,Punto Evo,punto-evo,Vasıta > Otomobil > Fiat > Punto Evo,curated-market-v1,CURATED_REVIEW,,
Otomobil,,Fiat,Siena,,SERIES,Siena,siena,Vasıta > Otomobil > Fiat > Siena,curated-market-v1,CURATED_REVIEW,,
Otomobil,,Fiat,Stilo,,SERIES,Stilo,stilo,Vasıta > Otomobil > Fiat > Stilo,curated-market-v1,CURATED_REVIEW,,
Otomobil,,Fiat,Tempra,,SERIES,Tempra,tempra,Vasıta > Otomobil > Fiat > Tempra,curated-market-v1,CURATED_REVIEW,,
Otomobil,,Fiat,Tipo,,SERIES,Tipo,tipo,Vasıta > Otomobil > Fiat > Tipo,curated-market-v1,CURATED_REVIEW,,
Otomobil,,Fiat,Uno,,SERIES,Uno,uno,Vasıta > Otomobil > Fiat > Uno,curated-market-v1,CURATED_REVIEW,,
Otomobil,,Ford,B-Max,,SERIES,B-Max,b-max,Vasıta > Otomobil > Ford > B-Max,curated-market-v1,CURATED_REVIEW,,
Otomobil,,Ford,C-Max,,SERIES,C-Max,c-max,Vasıta > Otomobil > Ford > C-Max,curated-market-v1,CURATED_REVIEW,,
Otomobil,,Ford,C-Max,1.5 TDCi Titanium,MODEL_VARIANT,1.5 TDCi Titanium,1-5-tdci-titanium,Vasıta > Otomobil > Ford > C-Max > 1.5 TDCi Titanium,curated-market-v1,CURATED_REVIEW,,
Otomobil,,Ford,C-Max,1.6 TDCi Trend,MODEL_VARIANT,1.6 TDCi Trend,1-6-tdci-trend,Vasıta > Otomobil > Ford > C-Max > 1.6 TDCi Trend,curated-market-v1,CURATED_REVIEW,,
Otomobil,,Ford,Cougar,,SERIES,Cougar,cougar,Vasıta > Otomobil > Ford > Cougar,curated-market-v1,CURATED_REVIEW,,
Otomobil,,Ford,Escort,,SERIES,Escort,escort,Vasıta > Otomobil > Ford > Escort,curated-market-v1,CURATED_REVIEW,,
Otomobil,,Ford,Fiesta,,SERIES,Fiesta,fiesta,Vasıta > Otomobil > Ford > Fiesta,curated-market-v1,CURATED_REVIEW,,
Otomobil,,Ford,Fiesta,1.0 EcoBoost Titanium,MODEL_VARIANT,1.0 EcoBoost Titanium,1-0-ecoboost-titanium,Vasıta > Otomobil > Ford > Fiesta > 1.0 EcoBoost Titanium,curated-market-v1,CURATED_REVIEW,,
Otomobil,,Ford,Fiesta,1.1 Trend,MODEL_VARIANT,1.1 Trend,1-1-trend,Vasıta > Otomobil > Ford > Fiesta > 1.1 Trend,curated-market-v1,CURATED_REVIEW,,
Otomobil,,Ford,Fiesta,1.25 Trend,MODEL_VARIANT,1.25 Trend,1-25-trend,Vasıta > Otomobil > Ford > Fiesta > 1.25 Trend,curated-market-v1,CURATED_REVIEW,,
Otomobil,,Ford,Fiesta,1.4 TDCi Trend,MODEL_VARIANT,1.4 TDCi Trend,1-4-tdci-trend,Vasıta > Otomobil > Ford > Fiesta > 1.4 TDCi Trend,curated-market-v1,CURATED_REVIEW,,
Otomobil,,Ford,Fiesta,1.5 TDCi Titanium,MODEL_VARIANT,1.5 TDCi Titanium,1-5-tdci-titanium,Vasıta > Otomobil > Ford > Fiesta > 1.5 TDCi Titanium,curated-market-v1,CURATED_REVIEW,,
Otomobil,,Ford,Fiesta,ST,MODEL_VARIANT,ST,st,Vasıta > Otomobil > Ford > Fiesta > ST,curated-market-v1,CURATED_REVIEW,,
Otomobil,,Ford,Focus,,SERIES,Focus,focus,Vasıta > Otomobil > Ford > Focus,curated-market-v1,CURATED_REVIEW,,
Otomobil,,Ford,Focus,1.0 EcoBoost Trend X,MODEL_VARIANT,1.0 EcoBoost Trend X,1-0-ecoboost-trend-x,Vasıta > Otomobil > Ford > Focus > 1.0 EcoBoost Trend X,curated-market-v1,CURATED_REVIEW,,
Otomobil,,Ford,Focus,1.5 EcoBlue Titanium,MODEL_VARIANT,1.5 EcoBlue Titanium,1-5-ecoblue-titanium,Vasıta > Otomobil > Ford > Focus > 1.5 EcoBlue Titanium,curated-market-v1,CURATED_REVIEW,,
Otomobil,,Ford,Focus,1.5 TDCi Trend X,MODEL_VARIANT,1.5 TDCi Trend X,1-5-tdci-trend-x,Vasıta > Otomobil > Ford > Focus > 1.5 TDCi Trend X,curated-market-v1,CURATED_REVIEW,,
Otomobil,,Ford,Focus,1.6 TDCi Titanium,MODEL_VARIANT,1.6 TDCi Titanium,1-6-tdci-titanium,Vasıta > Otomobil > Ford > Focus > 1.6 TDCi Titanium,curated-market-v1,CURATED_REVIEW,,
Otomobil,,Ford,Focus,1.6 Ti-VCT Trend X,MODEL_VARIANT,1.6 Ti-VCT Trend X,1-6-ti-vct-trend-x,Vasıta > Otomobil > Ford > Focus > 1.6 Ti-VCT Trend X,curated-market-v1,CURATED_REVIEW,,
Otomobil,,Ford,Focus,ST,MODEL_VARIANT,ST,st,Vasıta > Otomobil > Ford > Focus > ST,curated-market-v1,CURATED_REVIEW,,
Otomobil,,Ford,Focus,RS,MODEL_VARIANT,RS,rs,Vasıta > Otomobil > Ford > Focus > RS,curated-market-v1,CURATED_REVIEW,,
Otomobil,,Ford,Fusion,,SERIES,Fusion,fusion,Vasıta > Otomobil > Ford > Fusion,curated-market-v1,CURATED_REVIEW,,
Otomobil,,Ford,Fusion,1.4 TDCi Comfort,MODEL_VARIANT,1.4 TDCi Comfort,1-4-tdci-comfort,Vasıta > Otomobil > Ford > Fusion > 1.4 TDCi Comfort,curated-market-v1,CURATED_REVIEW,,
Otomobil,,Ford,Galaxy,,SERIES,Galaxy,galaxy,Vasıta > Otomobil > Ford > Galaxy,curated-market-v1,CURATED_REVIEW,,
Otomobil,,Ford,Ka,,SERIES,Ka,ka,Vasıta > Otomobil > Ford > Ka,curated-market-v1,CURATED_REVIEW,,
Otomobil,,Ford,Mondeo,,SERIES,Mondeo,mondeo,Vasıta > Otomobil > Ford > Mondeo,curated-market-v1,CURATED_REVIEW,,
Otomobil,,Ford,Mondeo,1.5 EcoBoost Titanium,MODEL_VARIANT,1.5 EcoBoost Titanium,1-5-ecoboost-titanium,Vasıta > Otomobil > Ford > Mondeo > 1.5 EcoBoost Titanium,curated-market-v1,CURATED_REVIEW,,
Otomobil,,Ford,Mondeo,1.6 TDCi Titanium,MODEL_VARIANT,1.6 TDCi Titanium,1-6-tdci-titanium,Vasıta > Otomobil > Ford > Mondeo > 1.6 TDCi Titanium,curated-market-v1,CURATED_REVIEW,,
Otomobil,,Ford,Mondeo,2.0 TDCi Titanium,MODEL_VARIANT,2.0 TDCi Titanium,2-0-tdci-titanium,Vasıta > Otomobil > Ford > Mondeo > 2.0 TDCi Titanium,curated-market-v1,CURATED_REVIEW,,
Otomobil,,Ford,Mustang,,SERIES,Mustang,mustang,Vasıta > Otomobil > Ford > Mustang,curated-market-v1,CURATED_REVIEW,,
Otomobil,,Ford,Mustang,2.3 EcoBoost,MODEL_VARIANT,2.3 EcoBoost,2-3-ecoboost,Vasıta > Otomobil > Ford > Mustang > 2.3 EcoBoost,curated-market-v1,CURATED_REVIEW,,
Otomobil,,Ford,Mustang,5.0 GT,MODEL_VARIANT,5.0 GT,5-0-gt,Vasıta > Otomobil > Ford > Mustang > 5.0 GT,curated-market-v1,CURATED_REVIEW,,
Otomobil,,Ford,Probe,,SERIES,Probe,probe,Vasıta > Otomobil > Ford > Probe,curated-market-v1,CURATED_REVIEW,,
Otomobil,,Ford,Scorpio,,SERIES,Scorpio,scorpio,Vasıta > Otomobil > Ford > Scorpio,curated-market-v1,CURATED_REVIEW,,
Otomobil,,Ford,Sierra,,SERIES,Sierra,sierra,Vasıta > Otomobil > Ford > Sierra,curated-market-v1,CURATED_REVIEW,,
Otomobil,,Ford,StreetKa,,SERIES,StreetKa,streetka,Vasıta > Otomobil > Ford > StreetKa,curated-market-v1,CURATED_REVIEW,,
Otomobil,,Ford,Taurus,,SERIES,Taurus,taurus,Vasıta > Otomobil > Ford > Taurus,curated-market-v1,CURATED_REVIEW,,
Otomobil,,Ford,Tourneo Connect,,SERIES,Tourneo Connect,tourneo-connect,Vasıta > Otomobil > Ford > Tourneo Connect,curated-market-v1,CURATED_REVIEW,,
Otomobil,,Ford,Tourneo Courier,,SERIES,Tourneo Courier,tourneo-courier,Vasıta > Otomobil > Ford > Tourneo Courier,curated-market-v1,CURATED_REVIEW,,
Otomobil,,Geely,CK,,SERIES,CK,ck,Vasıta > Otomobil > Geely > CK,curated-market-v1,CURATED_REVIEW,,
Otomobil,,Geely,Echo,,SERIES,Echo,echo,Vasıta > Otomobil > Geely > Echo,curated-market-v1,CURATED_REVIEW,,
Otomobil,,Geely,Emgrand EC7,,SERIES,Emgrand EC7,emgrand-ec7,Vasıta > Otomobil > Geely > Emgrand EC7,curated-market-v1,CURATED_REVIEW,,
Otomobil,,Geely,Emgrand GT,,SERIES,Emgrand GT,emgrand-gt,Vasıta > Otomobil > Geely > Emgrand GT,curated-market-v1,CURATED_REVIEW,,
Otomobil,,Geely,FC,,SERIES,FC,fc,Vasıta > Otomobil > Geely > FC,curated-market-v1,CURATED_REVIEW,,
Otomobil,,Geely,MK,,SERIES,MK,mk,Vasıta > Otomobil > Geely > MK,curated-market-v1,CURATED_REVIEW,,
Otomobil,,Geely,Otaka,,SERIES,Otaka,otaka,Vasıta > Otomobil > Geely > Otaka,curated-market-v1,CURATED_REVIEW,,
Otomobil,,Honda,Accord,,SERIES,Accord,accord,Vasıta > Otomobil > Honda > Accord,curated-market-v1,CURATED_REVIEW,,
Otomobil,,Honda,Accord,2.0 Executive,MODEL_VARIANT,2.0 Executive,2-0-executive,Vasıta > Otomobil > Honda > Accord > 2.0 Executive,curated-market-v1,CURATED_REVIEW,,
Otomobil,,Honda,Accord,2.4 Executive,MODEL_VARIANT,2.4 Executive,2-4-executive,Vasıta > Otomobil > Honda > Accord > 2.4 Executive,curated-market-v1,CURATED_REVIEW,,
Otomobil,,Honda,City,,SERIES,City,city,Vasıta > Otomobil > Honda > City,curated-market-v1,CURATED_REVIEW,,
Otomobil,,Honda,City,1.4 ES,MODEL_VARIANT,1.4 ES,1-4-es,Vasıta > Otomobil > Honda > City > 1.4 ES,curated-market-v1,CURATED_REVIEW,,
Otomobil,,Honda,City,1.5 Elegance,MODEL_VARIANT,1.5 Elegance,1-5-elegance,Vasıta > Otomobil > Honda > City > 1.5 Elegance,curated-market-v1,CURATED_REVIEW,,
Otomobil,,Honda,City,1.5 Executive,MODEL_VARIANT,1.5 Executive,1-5-executive,Vasıta > Otomobil > Honda > City > 1.5 Executive,curated-market-v1,CURATED_REVIEW,,
Otomobil,,Honda,Civic,,SERIES,Civic,civic,Vasıta > Otomobil > Honda > Civic,curated-market-v1,CURATED_REVIEW,,
Otomobil,,Honda,Civic,1.4 iS,MODEL_VARIANT,1.4 iS,1-4-is,Vasıta > Otomobil > Honda > Civic > 1.4 iS,curated-market-v1,CURATED_REVIEW,,
Otomobil,,Honda,Civic,1.5 Turbo Eco Elegance,MODEL_VARIANT,1.5 Turbo Eco Elegance,1-5-turbo-eco-elegance,Vasıta > Otomobil > Honda > Civic > 1.5 Turbo Eco Elegance,curated-market-v1,CURATED_REVIEW,,
Otomobil,,Honda,Civic,1.5 Turbo Executive Plus,MODEL_VARIANT,1.5 Turbo Executive Plus,1-5-turbo-executive-plus,Vasıta > Otomobil > Honda > Civic > 1.5 Turbo Executive Plus,curated-market-v1,CURATED_REVIEW,,
Otomobil,,Honda,Civic,1.6 Eco Elegance,MODEL_VARIANT,1.6 Eco Elegance,1-6-eco-elegance,Vasıta > Otomobil > Honda > Civic > 1.6 Eco Elegance,curated-market-v1,CURATED_REVIEW,,
Otomobil,,Honda,Civic,1.6 i-VTEC Elegance,MODEL_VARIANT,1.6 i-VTEC Elegance,1-6-i-vtec-elegance,Vasıta > Otomobil > Honda > Civic > 1.6 i-VTEC Elegance,curated-market-v1,CURATED_REVIEW,,
Otomobil,,Honda,Civic,1.6 i-VTEC Executive,MODEL_VARIANT,1.6 i-VTEC Executive,1-6-i-vtec-executive,Vasıta > Otomobil > Honda > Civic > 1.6 i-VTEC Executive,curated-market-v1,CURATED_REVIEW,,
Otomobil,,Honda,CR-Z,,SERIES,CR-Z,cr-z,Vasıta > Otomobil > Honda > CR-Z,curated-market-v1,CURATED_REVIEW,,
Otomobil,,Honda,CRX,,SERIES,CRX,crx,Vasıta > Otomobil > Honda > CRX,curated-market-v1,CURATED_REVIEW,,
Otomobil,,Honda,E,,SERIES,E,e,Vasıta > Otomobil > Honda > E,curated-market-v1,CURATED_REVIEW,,
Otomobil,,Honda,Insight,,SERIES,Insight,insight,Vasıta > Otomobil > Honda > Insight,curated-market-v1,CURATED_REVIEW,,
Otomobil,,Honda,Integra,,SERIES,Integra,integra,Vasıta > Otomobil > Honda > Integra,curated-market-v1,CURATED_REVIEW,,
Otomobil,,Honda,Jazz,,SERIES,Jazz,jazz,Vasıta > Otomobil > Honda > Jazz,curated-market-v1,CURATED_REVIEW,,
Otomobil,,Honda,Jazz,1.3 Dream,MODEL_VARIANT,1.3 Dream,1-3-dream,Vasıta > Otomobil > Honda > Jazz > 1.3 Dream,curated-market-v1,CURATED_REVIEW,,
Otomobil,,Honda,Jazz,1.3 Elegance,MODEL_VARIANT,1.3 Elegance,1-3-elegance,Vasıta > Otomobil > Honda > Jazz > 1.3 Elegance,curated-market-v1,CURATED_REVIEW,,
Otomobil,,Honda,Jazz,1.4 ES,MODEL_VARIANT,1.4 ES,1-4-es,Vasıta > Otomobil > Honda > Jazz > 1.4 ES,curated-market-v1,CURATED_REVIEW,,
Otomobil,,Honda,Legend,,SERIES,Legend,legend,Vasıta > Otomobil > Honda > Legend,curated-market-v1,CURATED_REVIEW,,
Otomobil,,Honda,NSX,,SERIES,NSX,nsx,Vasıta > Otomobil > Honda > NSX,curated-market-v1,CURATED_REVIEW,,
Otomobil,,Honda,Prelude,,SERIES,Prelude,prelude,Vasıta > Otomobil > Honda > Prelude,curated-market-v1,CURATED_REVIEW,,
Otomobil,,Honda,S2000,,SERIES,S2000,s2000,Vasıta > Otomobil > Honda > S2000,curated-market-v1,CURATED_REVIEW,,
Otomobil,,Honda,Stream,,SERIES,Stream,stream,Vasıta > Otomobil > Honda > Stream,curated-market-v1,CURATED_REVIEW,,
Otomobil,,Hyundai,Accent,,SERIES,Accent,accent,Vasıta > Otomobil > Hyundai > Accent,curated-market-v1,CURATED_REVIEW,,
Otomobil,,Hyundai,Accent,1.3 LS,MODEL_VARIANT,1.3 LS,1-3-ls,Vasıta > Otomobil > Hyundai > Accent > 1.3 LS,curated-market-v1,CURATED_REVIEW,,
Otomobil,,Hyundai,Accent,1.5 CRDi Admire,MODEL_VARIANT,1.5 CRDi Admire,1-5-crdi-admire,Vasıta > Otomobil > Hyundai > Accent > 1.5 CRDi Admire,curated-market-v1,CURATED_REVIEW,,
Otomobil,,Hyundai,Accent,1.6 Era Select,MODEL_VARIANT,1.6 Era Select,1-6-era-select,Vasıta > Otomobil > Hyundai > Accent > 1.6 Era Select,curated-market-v1,CURATED_REVIEW,,
Otomobil,,Hyundai,Accent Blue,,SERIES,Accent Blue,accent-blue,Vasıta > Otomobil > Hyundai > Accent Blue,curated-market-v1,CURATED_REVIEW,,
Otomobil,,Hyundai,Accent Blue,1.4 Mode,MODEL_VARIANT,1.4 Mode,1-4-mode,Vasıta > Otomobil > Hyundai > Accent Blue > 1.4 Mode,curated-market-v1,CURATED_REVIEW,,
Otomobil,,Hyundai,Accent Blue,1.6 CRDi Mode Plus,MODEL_VARIANT,1.6 CRDi Mode Plus,1-6-crdi-mode-plus,Vasıta > Otomobil > Hyundai > Accent Blue > 1.6 CRDi Mode Plus,curated-market-v1,CURATED_REVIEW,,
Otomobil,,Hyundai,Atos,,SERIES,Atos,atos,Vasıta > Otomobil > Hyundai > Atos,curated-market-v1,CURATED_REVIEW,,
Otomobil,,Hyundai,Coupe,,SERIES,Coupe,coupe,Vasıta > Otomobil > Hyundai > Coupe,curated-market-v1,CURATED_REVIEW,,
Otomobil,,Hyundai,Elantra,,SERIES,Elantra,elantra,Vasıta > Otomobil > Hyundai > Elantra,curated-market-v1,CURATED_REVIEW,,
Otomobil,,Hyundai,Elantra,1.6 D-CVVT Mode,MODEL_VARIANT,1.6 D-CVVT Mode,1-6-d-cvvt-mode,Vasıta > Otomobil > Hyundai > Elantra > 1.6 D-CVVT Mode,curated-market-v1,CURATED_REVIEW,,
Otomobil,,Hyundai,Elantra,1.6 MPI Style,MODEL_VARIANT,1.6 MPI Style,1-6-mpi-style,Vasıta > Otomobil > Hyundai > Elantra > 1.6 MPI Style,curated-market-v1,CURATED_REVIEW,,
Otomobil,,Hyundai,Elantra,1.6 CRDi Elite,MODEL_VARIANT,1.6 CRDi Elite,1-6-crdi-elite,Vasıta > Otomobil > Hyundai > Elantra > 1.6 CRDi Elite,curated-market-v1,CURATED_REVIEW,,
Otomobil,,Hyundai,Excel,,SERIES,Excel,excel,Vasıta > Otomobil > Hyundai > Excel,curated-market-v1,CURATED_REVIEW,,
Otomobil,,Hyundai,Genesis,,SERIES,Genesis,genesis,Vasıta > Otomobil > Hyundai > Genesis,curated-market-v1,CURATED_REVIEW,,
Otomobil,,Hyundai,Getz,,SERIES,Getz,getz,Vasıta > Otomobil > Hyundai > Getz,curated-market-v1,CURATED_REVIEW,,
Otomobil,,Hyundai,Getz,1.4 DOHC,MODEL_VARIANT,1.4 DOHC,1-4-dohc,Vasıta > Otomobil > Hyundai > Getz > 1.4 DOHC,curated-market-v1,CURATED_REVIEW,,
Otomobil,,Hyundai,Getz,1.5 CRDi VGT,MODEL_VARIANT,1.5 CRDi VGT,1-5-crdi-vgt,Vasıta > Otomobil > Hyundai > Getz > 1.5 CRDi VGT,curated-market-v1,CURATED_REVIEW,,
Otomobil,,Hyundai,i10,,SERIES,i10,i10,Vasıta > Otomobil > Hyundai > i10,curated-market-v1,CURATED_REVIEW,,
Otomobil,,Hyundai,i10,1.0 Jump,MODEL_VARIANT,1.0 Jump,1-0-jump,Vasıta > Otomobil > Hyundai > i10 > 1.0 Jump,curated-market-v1,CURATED_REVIEW,,
Otomobil,,Hyundai,i10,1.0 Style,MODEL_VARIANT,1.0 Style,1-0-style,Vasıta > Otomobil > Hyundai > i10 > 1.0 Style,curated-market-v1,CURATED_REVIEW,,
Otomobil,,Hyundai,i10,1.2 Elite,MODEL_VARIANT,1.2 Elite,1-2-elite,Vasıta > Otomobil > Hyundai > i10 > 1.2 Elite,curated-market-v1,CURATED_REVIEW,,
Otomobil,,Hyundai,i20,,SERIES,i20,i20,Vasıta > Otomobil > Hyundai > i20,curated-market-v1,CURATED_REVIEW,,
Otomobil,,Hyundai,i20,1.0 T-GDI Style,MODEL_VARIANT,1.0 T-GDI Style,1-0-t-gdi-style,Vasıta > Otomobil > Hyundai > i20 > 1.0 T-GDI Style,curated-market-v1,CURATED_REVIEW,,
Otomobil,,Hyundai,i20,1.2 MPI Jump,MODEL_VARIANT,1.2 MPI Jump,1-2-mpi-jump,Vasıta > Otomobil > Hyundai > i20 > 1.2 MPI Jump,curated-market-v1,CURATED_REVIEW,,
Otomobil,,Hyundai,i20,1.4 CRDi Style,MODEL_VARIANT,1.4 CRDi Style,1-4-crdi-style,Vasıta > Otomobil > Hyundai > i20 > 1.4 CRDi Style,curated-market-v1,CURATED_REVIEW,,
Otomobil,,Hyundai,i30,,SERIES,i30,i30,Vasıta > Otomobil > Hyundai > i30,curated-market-v1,CURATED_REVIEW,,
Otomobil,,Hyundai,i30,1.4 MPI,MODEL_VARIANT,1.4 MPI,1-4-mpi,Vasıta > Otomobil > Hyundai > i30 > 1.4 MPI,curated-market-v1,CURATED_REVIEW,,
Otomobil,,Hyundai,i30,1.6 CRDi Elite,MODEL_VARIANT,1.6 CRDi Elite,1-6-crdi-elite,Vasıta > Otomobil > Hyundai > i30 > 1.6 CRDi Elite,curated-market-v1,CURATED_REVIEW,,
Otomobil,,Hyundai,Ioniq,,SERIES,Ioniq,ioniq,Vasıta > Otomobil > Hyundai > Ioniq,curated-market-v1,CURATED_REVIEW,,
Otomobil,,Hyundai,Ioniq,Hybrid,MODEL_VARIANT,Hybrid,hybrid,Vasıta > Otomobil > Hyundai > Ioniq > Hybrid,curated-market-v1,CURATED_REVIEW,,
Otomobil,,Hyundai,Ioniq,Electric,MODEL_VARIANT,Electric,electric,Vasıta > Otomobil > Hyundai > Ioniq > Electric,curated-market-v1,CURATED_REVIEW,,
Otomobil,,Hyundai,Matrix,,SERIES,Matrix,matrix,Vasıta > Otomobil > Hyundai > Matrix,curated-market-v1,CURATED_REVIEW,,
Otomobil,,Hyundai,Pony,,SERIES,Pony,pony,Vasıta > Otomobil > Hyundai > Pony,curated-market-v1,CURATED_REVIEW,,
Otomobil,,Hyundai,Sonata,,SERIES,Sonata,sonata,Vasıta > Otomobil > Hyundai > Sonata,curated-market-v1,CURATED_REVIEW,,
Otomobil,,Hyundai,Sonata,2.0 GLS,MODEL_VARIANT,2.0 GLS,2-0-gls,Vasıta > Otomobil > Hyundai > Sonata > 2.0 GLS,curated-market-v1,CURATED_REVIEW,,
Otomobil,,Hyundai,Sonata,2.0 CRDi,MODEL_VARIANT,2.0 CRDi,2-0-crdi,Vasıta > Otomobil > Hyundai > Sonata > 2.0 CRDi,curated-market-v1,CURATED_REVIEW,,
Otomobil,,Hyundai,Veloster,,SERIES,Veloster,veloster,Vasıta > Otomobil > Hyundai > Veloster,curated-market-v1,CURATED_REVIEW,,
Otomobil,,Ikco,Dena,,SERIES,Dena,dena,Vasıta > Otomobil > Ikco > Dena,curated-market-v1,CURATED_REVIEW,,
Otomobil,,Ikco,Runna,,SERIES,Runna,runna,Vasıta > Otomobil > Ikco > Runna,curated-market-v1,CURATED_REVIEW,,
Otomobil,,Ikco,Samand,,SERIES,Samand,samand,Vasıta > Otomobil > Ikco > Samand,curated-market-v1,CURATED_REVIEW,,
Otomobil,,Ikco,Samand,1.6 LX,MODEL_VARIANT,1.6 LX,1-6-lx,Vasıta > Otomobil > Ikco > Samand > 1.6 LX,curated-market-v1,CURATED_REVIEW,,
Otomobil,,Infiniti,G,,SERIES,G,g,Vasıta > Otomobil > Infiniti > G,curated-market-v1,CURATED_REVIEW,,
Otomobil,,Infiniti,I30,,SERIES,I30,i30,Vasıta > Otomobil > Infiniti > I30,curated-market-v1,CURATED_REVIEW,,
Otomobil,,Infiniti,M,,SERIES,M,m,Vasıta > Otomobil > Infiniti > M,curated-market-v1,CURATED_REVIEW,,
Otomobil,,Infiniti,Q30,,SERIES,Q30,q30,Vasıta > Otomobil > Infiniti > Q30,curated-market-v1,CURATED_REVIEW,,
Otomobil,,Infiniti,Q40,,SERIES,Q40,q40,Vasıta > Otomobil > Infiniti > Q40,curated-market-v1,CURATED_REVIEW,,
Otomobil,,Infiniti,Q50,,SERIES,Q50,q50,Vasıta > Otomobil > Infiniti > Q50,curated-market-v1,CURATED_REVIEW,,
Otomobil,,Infiniti,Q60,,SERIES,Q60,q60,Vasıta > Otomobil > Infiniti > Q60,curated-market-v1,CURATED_REVIEW,,
Otomobil,,Infiniti,Q70,,SERIES,Q70,q70,Vasıta > Otomobil > Infiniti > Q70,curated-market-v1,CURATED_REVIEW,,
Otomobil,,Isuzu,Gemini,,SERIES,Gemini,gemini,Vasıta > Otomobil > Isuzu > Gemini,curated-market-v1,CURATED_REVIEW,,
Otomobil,,Isuzu,Stylus,,SERIES,Stylus,stylus,Vasıta > Otomobil > Isuzu > Stylus,curated-market-v1,CURATED_REVIEW,,
Otomobil,,Jaguar,Daimler,,SERIES,Daimler,daimler,Vasıta > Otomobil > Jaguar > Daimler,curated-market-v1,CURATED_REVIEW,,
Otomobil,,Jaguar,F-Type,,SERIES,F-Type,f-type,Vasıta > Otomobil > Jaguar > F-Type,curated-market-v1,CURATED_REVIEW,,
Otomobil,,Jaguar,S-Type,,SERIES,S-Type,s-type,Vasıta > Otomobil > Jaguar > S-Type,curated-market-v1,CURATED_REVIEW,,
Otomobil,,Jaguar,X-Type,,SERIES,X-Type,x-type,Vasıta > Otomobil > Jaguar > X-Type,curated-market-v1,CURATED_REVIEW,,
Otomobil,,Jaguar,XE,,SERIES,XE,xe,Vasıta > Otomobil > Jaguar > XE,curated-market-v1,CURATED_REVIEW,,
Otomobil,,Jaguar,XE,2.0 D Prestige,MODEL_VARIANT,2.0 D Prestige,2-0-d-prestige,Vasıta > Otomobil > Jaguar > XE > 2.0 D Prestige,curated-market-v1,CURATED_REVIEW,,
Otomobil,,Jaguar,XE,2.0 P R-Dynamic,MODEL_VARIANT,2.0 P R-Dynamic,2-0-p-r-dynamic,Vasıta > Otomobil > Jaguar > XE > 2.0 P R-Dynamic,curated-market-v1,CURATED_REVIEW,,
Otomobil,,Jaguar,XF,,SERIES,XF,xf,Vasıta > Otomobil > Jaguar > XF,curated-market-v1,CURATED_REVIEW,,
Otomobil,,Jaguar,XF,2.0 D Prestige,MODEL_VARIANT,2.0 D Prestige,2-0-d-prestige,Vasıta > Otomobil > Jaguar > XF > 2.0 D Prestige,curated-market-v1,CURATED_REVIEW,,
Otomobil,,Jaguar,XF,2.0 P R-Sport,MODEL_VARIANT,2.0 P R-Sport,2-0-p-r-sport,Vasıta > Otomobil > Jaguar > XF > 2.0 P R-Sport,curated-market-v1,CURATED_REVIEW,,
Otomobil,,Jaguar,XJ,,SERIES,XJ,xj,Vasıta > Otomobil > Jaguar > XJ,curated-market-v1,CURATED_REVIEW,,
Otomobil,,Jaguar,XK,,SERIES,XK,xk,Vasıta > Otomobil > Jaguar > XK,curated-market-v1,CURATED_REVIEW,,
Otomobil,,Jiayuan,City Spirit,,SERIES,City Spirit,city-spirit,Vasıta > Otomobil > Jiayuan > City Spirit,curated-market-v1,CURATED_REVIEW,,
Otomobil,,Jiayuan,Komı,,SERIES,Komı,komi,Vasıta > Otomobil > Jiayuan > Komı,curated-market-v1,CURATED_REVIEW,,
Otomobil,,Jiayuan,Lingzu,,SERIES,Lingzu,lingzu,Vasıta > Otomobil > Jiayuan > Lingzu,curated-market-v1,CURATED_REVIEW,,
Otomobil,,Jiayuan,M2,,SERIES,M2,m2,Vasıta > Otomobil > Jiayuan > M2,curated-market-v1,CURATED_REVIEW,,
Otomobil,,Joyce,One,,SERIES,One,one,Vasıta > Otomobil > Joyce > One,curated-market-v1,CURATED_REVIEW,,
Otomobil,,Kia,Carens,,SERIES,Carens,carens,Vasıta > Otomobil > Kia > Carens,curated-market-v1,CURATED_REVIEW,,
Otomobil,,Kia,Carnival,,SERIES,Carnival,carnival,Vasıta > Otomobil > Kia > Carnival,curated-market-v1,CURATED_REVIEW,,
Otomobil,,Kia,Ceed,,SERIES,Ceed,ceed,Vasıta > Otomobil > Kia > Ceed,curated-market-v1,CURATED_REVIEW,,
Otomobil,,Kia,Ceed,1.4 Cool,MODEL_VARIANT,1.4 Cool,1-4-cool,Vasıta > Otomobil > Kia > Ceed > 1.4 Cool,curated-market-v1,CURATED_REVIEW,,
Otomobil,,Kia,Ceed,1.6 CRDi Concept Plus,MODEL_VARIANT,1.6 CRDi Concept Plus,1-6-crdi-concept-plus,Vasıta > Otomobil > Kia > Ceed > 1.6 CRDi Concept Plus,curated-market-v1,CURATED_REVIEW,,
Otomobil,,Kia,Ceed,GT-Line,MODEL_VARIANT,GT-Line,gt-line,Vasıta > Otomobil > Kia > Ceed > GT-Line,curated-market-v1,CURATED_REVIEW,,
Otomobil,,Kia,Cerato,,SERIES,Cerato,cerato,Vasıta > Otomobil > Kia > Cerato,curated-market-v1,CURATED_REVIEW,,
Otomobil,,Kia,Cerato,1.5 CRDi EX,MODEL_VARIANT,1.5 CRDi EX,1-5-crdi-ex,Vasıta > Otomobil > Kia > Cerato > 1.5 CRDi EX,curated-market-v1,CURATED_REVIEW,,
Otomobil,,Kia,Cerato,1.6 EX,MODEL_VARIANT,1.6 EX,1-6-ex,Vasıta > Otomobil > Kia > Cerato > 1.6 EX,curated-market-v1,CURATED_REVIEW,,
Otomobil,,Kia,Clarus,,SERIES,Clarus,clarus,Vasıta > Otomobil > Kia > Clarus,curated-market-v1,CURATED_REVIEW,,
Otomobil,,Kia,Magentis,,SERIES,Magentis,magentis,Vasıta > Otomobil > Kia > Magentis,curated-market-v1,CURATED_REVIEW,,
Otomobil,,Kia,Opirus,,SERIES,Opirus,opirus,Vasıta > Otomobil > Kia > Opirus,curated-market-v1,CURATED_REVIEW,,
Otomobil,,Kia,Optima,,SERIES,Optima,optima,Vasıta > Otomobil > Kia > Optima,curated-market-v1,CURATED_REVIEW,,
Otomobil,,Kia,Optima,1.7 CRDi Prestige,MODEL_VARIANT,1.7 CRDi Prestige,1-7-crdi-prestige,Vasıta > Otomobil > Kia > Optima > 1.7 CRDi Prestige,curated-market-v1,CURATED_REVIEW,,
Otomobil,,Kia,Optima,2.0 Hybrid,MODEL_VARIANT,2.0 Hybrid,2-0-hybrid,Vasıta > Otomobil > Kia > Optima > 2.0 Hybrid,curated-market-v1,CURATED_REVIEW,,
Otomobil,,Kia,Picanto,,SERIES,Picanto,picanto,Vasıta > Otomobil > Kia > Picanto,curated-market-v1,CURATED_REVIEW,,
Otomobil,,Kia,Picanto,1.0 Feel,MODEL_VARIANT,1.0 Feel,1-0-feel,Vasıta > Otomobil > Kia > Picanto > 1.0 Feel,curated-market-v1,CURATED_REVIEW,,
Otomobil,,Kia,Picanto,1.2 Cool,MODEL_VARIANT,1.2 Cool,1-2-cool,Vasıta > Otomobil > Kia > Picanto > 1.2 Cool,curated-market-v1,CURATED_REVIEW,,
Otomobil,,Kia,Pride,,SERIES,Pride,pride,Vasıta > Otomobil > Kia > Pride,curated-market-v1,CURATED_REVIEW,,
Otomobil,,Kia,ProCeed,,SERIES,ProCeed,proceed,Vasıta > Otomobil > Kia > ProCeed,curated-market-v1,CURATED_REVIEW,,
Otomobil,,Kia,Rio,,SERIES,Rio,rio,Vasıta > Otomobil > Kia > Rio,curated-market-v1,CURATED_REVIEW,,
Otomobil,,Kia,Rio,1.25 Cool,MODEL_VARIANT,1.25 Cool,1-25-cool,Vasıta > Otomobil > Kia > Rio > 1.25 Cool,curated-market-v1,CURATED_REVIEW,,
Otomobil,,Kia,Rio,1.4 CRDi Concept,MODEL_VARIANT,1.4 CRDi Concept,1-4-crdi-concept,Vasıta > Otomobil > Kia > Rio > 1.4 CRDi Concept,curated-market-v1,CURATED_REVIEW,,
Otomobil,,Kia,Rio,1.4 CVVT Fancy,MODEL_VARIANT,1.4 CVVT Fancy,1-4-cvvt-fancy,Vasıta > Otomobil > Kia > Rio > 1.4 CVVT Fancy,curated-market-v1,CURATED_REVIEW,,
Otomobil,,Kia,Sephia,,SERIES,Sephia,sephia,Vasıta > Otomobil > Kia > Sephia,curated-market-v1,CURATED_REVIEW,,
Otomobil,,Kia,Shuma,,SERIES,Shuma,shuma,Vasıta > Otomobil > Kia > Shuma,curated-market-v1,CURATED_REVIEW,,
Otomobil,,Kia,Stinger,,SERIES,Stinger,stinger,Vasıta > Otomobil > Kia > Stinger,curated-market-v1,CURATED_REVIEW,,
Otomobil,,Kuba,City,,SERIES,City,city,Vasıta > Otomobil > Kuba > City,curated-market-v1,CURATED_REVIEW,,
Otomobil,,Kuba,Eco,,SERIES,Eco,eco,Vasıta > Otomobil > Kuba > Eco,curated-market-v1,CURATED_REVIEW,,
Otomobil,,Kuba,Mini,,SERIES,Mini,mini,Vasıta > Otomobil > Kuba > Mini,curated-market-v1,CURATED_REVIEW,,
Otomobil,,Lada,110,,SERIES,110,110,Vasıta > Otomobil > Lada > 110,curated-market-v1,CURATED_REVIEW,,
Otomobil,,Lada,111,,SERIES,111,111,Vasıta > Otomobil > Lada > 111,curated-market-v1,CURATED_REVIEW,,
Otomobil,,Lada,112,,SERIES,112,112,Vasıta > Otomobil > Lada > 112,curated-market-v1,CURATED_REVIEW,,
Otomobil,,Lada,Kalina,,SERIES,Kalina,kalina,Vasıta > Otomobil > Lada > Kalina,curated-market-v1,CURATED_REVIEW,,
Otomobil,,Lada,Niva,,SERIES,Niva,niva,Vasıta > Otomobil > Lada > Niva,curated-market-v1,CURATED_REVIEW,,
Otomobil,,Lada,Priora,,SERIES,Priora,priora,Vasıta > Otomobil > Lada > Priora,curated-market-v1,CURATED_REVIEW,,
Otomobil,,Lada,Samara,,SERIES,Samara,samara,Vasıta > Otomobil > Lada > Samara,curated-market-v1,CURATED_REVIEW,,
Otomobil,,Lada,Vaz,,SERIES,Vaz,vaz,Vasıta > Otomobil > Lada > Vaz,curated-market-v1,CURATED_REVIEW,,
Otomobil,,Lada,Vesta,,SERIES,Vesta,vesta,Vasıta > Otomobil > Lada > Vesta,curated-market-v1,CURATED_REVIEW,,
Otomobil,,Lamborghini,Aventador,,SERIES,Aventador,aventador,Vasıta > Otomobil > Lamborghini > Aventador,curated-market-v1,CURATED_REVIEW,,
Otomobil,,Lamborghini,Countach,,SERIES,Countach,countach,Vasıta > Otomobil > Lamborghini > Countach,curated-market-v1,CURATED_REVIEW,,
Otomobil,,Lamborghini,Diablo,,SERIES,Diablo,diablo,Vasıta > Otomobil > Lamborghini > Diablo,curated-market-v1,CURATED_REVIEW,,
Otomobil,,Lamborghini,Gallardo,,SERIES,Gallardo,gallardo,Vasıta > Otomobil > Lamborghini > Gallardo,curated-market-v1,CURATED_REVIEW,,
Otomobil,,Lamborghini,Huracan,,SERIES,Huracan,huracan,Vasıta > Otomobil > Lamborghini > Huracan,curated-market-v1,CURATED_REVIEW,,
Otomobil,,Lamborghini,Murcielago,,SERIES,Murcielago,murcielago,Vasıta > Otomobil > Lamborghini > Murcielago,curated-market-v1,CURATED_REVIEW,,
Otomobil,,Lamborghini,Revuelto,,SERIES,Revuelto,revuelto,Vasıta > Otomobil > Lamborghini > Revuelto,curated-market-v1,CURATED_REVIEW,,
Otomobil,,Lancia,Dedra,,SERIES,Dedra,dedra,Vasıta > Otomobil > Lancia > Dedra,curated-market-v1,CURATED_REVIEW,,
Otomobil,,Lancia,Delta,,SERIES,Delta,delta,Vasıta > Otomobil > Lancia > Delta,curated-market-v1,CURATED_REVIEW,,
Otomobil,,Lancia,Kappa,,SERIES,Kappa,kappa,Vasıta > Otomobil > Lancia > Kappa,curated-market-v1,CURATED_REVIEW,,
Otomobil,,Lancia,Lybra,,SERIES,Lybra,lybra,Vasıta > Otomobil > Lancia > Lybra,curated-market-v1,CURATED_REVIEW,,
Otomobil,,Lancia,Musa,,SERIES,Musa,musa,Vasıta > Otomobil > Lancia > Musa,curated-market-v1,CURATED_REVIEW,,
Otomobil,,Lancia,Thema,,SERIES,Thema,thema,Vasıta > Otomobil > Lancia > Thema,curated-market-v1,CURATED_REVIEW,,
Otomobil,,Lancia,Thesis,,SERIES,Thesis,thesis,Vasıta > Otomobil > Lancia > Thesis,curated-market-v1,CURATED_REVIEW,,
Otomobil,,Lancia,Ypsilon,,SERIES,Ypsilon,ypsilon,Vasıta > Otomobil > Lancia > Ypsilon,curated-market-v1,CURATED_REVIEW,,
Otomobil,,Leapmotor,C01,,SERIES,C01,c01,Vasıta > Otomobil > Leapmotor > C01,curated-market-v1,CURATED_REVIEW,,
Otomobil,,Leapmotor,C10,,SERIES,C10,c10,Vasıta > Otomobil > Leapmotor > C10,curated-market-v1,CURATED_REVIEW,,
Otomobil,,Leapmotor,C10,Design,MODEL_VARIANT,Design,design,Vasıta > Otomobil > Leapmotor > C10 > Design,curated-market-v1,CURATED_REVIEW,,
Otomobil,,Leapmotor,C11,,SERIES,C11,c11,Vasıta > Otomobil > Leapmotor > C11,curated-market-v1,CURATED_REVIEW,,
Otomobil,,Leapmotor,T03,,SERIES,T03,t03,Vasıta > Otomobil > Leapmotor > T03,curated-market-v1,CURATED_REVIEW,,
Otomobil,,Leapmotor,T03,Design,MODEL_VARIANT,Design,design,Vasıta > Otomobil > Leapmotor > T03 > Design,curated-market-v1,CURATED_REVIEW,,
Otomobil,,Lexus,CT,,SERIES,CT,ct,Vasıta > Otomobil > Lexus > CT,curated-market-v1,CURATED_REVIEW,,
Otomobil,,Lexus,CT,200h,MODEL_VARIANT,200h,200h,Vasıta > Otomobil > Lexus > CT > 200h,curated-market-v1,CURATED_REVIEW,,
Otomobil,,Lexus,ES,,SERIES,ES,es,Vasıta > Otomobil > Lexus > ES,curated-market-v1,CURATED_REVIEW,,
Otomobil,,Lexus,ES,250,MODEL_VARIANT,250,250,Vasıta > Otomobil > Lexus > ES > 250,curated-market-v1,CURATED_REVIEW,,
Otomobil,,Lexus,ES,300h,MODEL_VARIANT,300h,300h,Vasıta > Otomobil > Lexus > ES > 300h,curated-market-v1,CURATED_REVIEW,,
Otomobil,,Lexus,GS,,SERIES,GS,gs,Vasıta > Otomobil > Lexus > GS,curated-market-v1,CURATED_REVIEW,,
Otomobil,,Lexus,GS,250,MODEL_VARIANT,250,250,Vasıta > Otomobil > Lexus > GS > 250,curated-market-v1,CURATED_REVIEW,,
Otomobil,,Lexus,GS,300h,MODEL_VARIANT,300h,300h,Vasıta > Otomobil > Lexus > GS > 300h,curated-market-v1,CURATED_REVIEW,,
Otomobil,,Lexus,GS,450h,MODEL_VARIANT,450h,450h,Vasıta > Otomobil > Lexus > GS > 450h,curated-market-v1,CURATED_REVIEW,,
Otomobil,,Lexus,IS,,SERIES,IS,is,Vasıta > Otomobil > Lexus > IS,curated-market-v1,CURATED_REVIEW,,
Otomobil,,Lexus,IS,200t,MODEL_VARIANT,200t,200t,Vasıta > Otomobil > Lexus > IS > 200t,curated-market-v1,CURATED_REVIEW,,
Otomobil,,Lexus,IS,250,MODEL_VARIANT,250,250,Vasıta > Otomobil > Lexus > IS > 250,curated-market-v1,CURATED_REVIEW,,
Otomobil,,Lexus,IS,300h,MODEL_VARIANT,300h,300h,Vasıta > Otomobil > Lexus > IS > 300h,curated-market-v1,CURATED_REVIEW,,
Otomobil,,Lexus,LC,,SERIES,LC,lc,Vasıta > Otomobil > Lexus > LC,curated-market-v1,CURATED_REVIEW,,
Otomobil,,Lexus,LC,500,MODEL_VARIANT,500,500,Vasıta > Otomobil > Lexus > LC > 500,curated-market-v1,CURATED_REVIEW,,
Otomobil,,Lexus,LC,500h,MODEL_VARIANT,500h,500h,Vasıta > Otomobil > Lexus > LC > 500h,curated-market-v1,CURATED_REVIEW,,
Otomobil,,Lexus,LS,,SERIES,LS,ls,Vasıta > Otomobil > Lexus > LS,curated-market-v1,CURATED_REVIEW,,
Otomobil,,Lexus,LS,460,MODEL_VARIANT,460,460,Vasıta > Otomobil > Lexus > LS > 460,curated-market-v1,CURATED_REVIEW,,
Otomobil,,Lexus,LS,500h,MODEL_VARIANT,500h,500h,Vasıta > Otomobil > Lexus > LS > 500h,curated-market-v1,CURATED_REVIEW,,
Otomobil,,Lexus,RC,,SERIES,RC,rc,Vasıta > Otomobil > Lexus > RC,curated-market-v1,CURATED_REVIEW,,
Otomobil,,Lexus,RC,200t,MODEL_VARIANT,200t,200t,Vasıta > Otomobil > Lexus > RC > 200t,curated-market-v1,CURATED_REVIEW,,
Otomobil,,Lexus,RC,300h,MODEL_VARIANT,300h,300h,Vasıta > Otomobil > Lexus > RC > 300h,curated-market-v1,CURATED_REVIEW,,
Otomobil,,Lexus,SC,,SERIES,SC,sc,Vasıta > Otomobil > Lexus > SC,curated-market-v1,CURATED_REVIEW,,
Otomobil,,Lincoln,Continental,,SERIES,Continental,continental,Vasıta > Otomobil > Lincoln > Continental,curated-market-v1,CURATED_REVIEW,,
Otomobil,,Lincoln,LS,,SERIES,LS,ls,Vasıta > Otomobil > Lincoln > LS,curated-market-v1,CURATED_REVIEW,,
Otomobil,,Lincoln,Mark,,SERIES,Mark,mark,Vasıta > Otomobil > Lincoln > Mark,curated-market-v1,CURATED_REVIEW,,
Otomobil,,Lincoln,MKZ,,SERIES,MKZ,mkz,Vasıta > Otomobil > Lincoln > MKZ,curated-market-v1,CURATED_REVIEW,,
Otomobil,,Lincoln,Town Car,,SERIES,Town Car,town-car,Vasıta > Otomobil > Lincoln > Town Car,curated-market-v1,CURATED_REVIEW,,
Otomobil,,Lincoln,Zephyr,,SERIES,Zephyr,zephyr,Vasıta > Otomobil > Lincoln > Zephyr,curated-market-v1,CURATED_REVIEW,,
Otomobil,,Lotus,Elan,,SERIES,Elan,elan,Vasıta > Otomobil > Lotus > Elan,curated-market-v1,CURATED_REVIEW,,
Otomobil,,Lotus,Elise,,SERIES,Elise,elise,Vasıta > Otomobil > Lotus > Elise,curated-market-v1,CURATED_REVIEW,,
Otomobil,,Lotus,Emira,,SERIES,Emira,emira,Vasıta > Otomobil > Lotus > Emira,curated-market-v1,CURATED_REVIEW,,
Otomobil,,Lotus,Esprit,,SERIES,Esprit,esprit,Vasıta > Otomobil > Lotus > Esprit,curated-market-v1,CURATED_REVIEW,,
Otomobil,,Lotus,Evora,,SERIES,Evora,evora,Vasıta > Otomobil > Lotus > Evora,curated-market-v1,CURATED_REVIEW,,
Otomobil,,Lotus,Exige,,SERIES,Exige,exige,Vasıta > Otomobil > Lotus > Exige,curated-market-v1,CURATED_REVIEW,,
Otomobil,,Luqi,EV3,,SERIES,EV3,ev3,Vasıta > Otomobil > Luqi > EV3,curated-market-v1,CURATED_REVIEW,,
Otomobil,,Marcos,GT,,SERIES,GT,gt,Vasıta > Otomobil > Marcos > GT,curated-market-v1,CURATED_REVIEW,,
Otomobil,,Marcos,Mantis,,SERIES,Mantis,mantis,Vasıta > Otomobil > Marcos > Mantis,curated-market-v1,CURATED_REVIEW,,
Otomobil,,Marcos,Mantula,,SERIES,Mantula,mantula,Vasıta > Otomobil > Marcos > Mantula,curated-market-v1,CURATED_REVIEW,,
Otomobil,,Maserati,3200 GT,,SERIES,3200 GT,3200-gt,Vasıta > Otomobil > Maserati > 3200 GT,curated-market-v1,CURATED_REVIEW,,
Otomobil,,Maserati,Ghibli,,SERIES,Ghibli,ghibli,Vasıta > Otomobil > Maserati > Ghibli,curated-market-v1,CURATED_REVIEW,,
Otomobil,,Maserati,Ghibli,Diesel,MODEL_VARIANT,Diesel,diesel,Vasıta > Otomobil > Maserati > Ghibli > Diesel,curated-market-v1,CURATED_REVIEW,,
Otomobil,,Maserati,Ghibli,GranSport,MODEL_VARIANT,GranSport,gransport,Vasıta > Otomobil > Maserati > Ghibli > GranSport,curated-market-v1,CURATED_REVIEW,,
Otomobil,,Maserati,Ghibli,Hybrid,MODEL_VARIANT,Hybrid,hybrid,Vasıta > Otomobil > Maserati > Ghibli > Hybrid,curated-market-v1,CURATED_REVIEW,,
Otomobil,,Maserati,GranCabrio,,SERIES,GranCabrio,grancabrio,Vasıta > Otomobil > Maserati > GranCabrio,curated-market-v1,CURATED_REVIEW,,
Otomobil,,Maserati,GranTurismo,,SERIES,GranTurismo,granturismo,Vasıta > Otomobil > Maserati > GranTurismo,curated-market-v1,CURATED_REVIEW,,
Otomobil,,Maserati,MC20,,SERIES,MC20,mc20,Vasıta > Otomobil > Maserati > MC20,curated-market-v1,CURATED_REVIEW,,
Otomobil,,Maserati,Quattroporte,,SERIES,Quattroporte,quattroporte,Vasıta > Otomobil > Maserati > Quattroporte,curated-market-v1,CURATED_REVIEW,,
Otomobil,,Mazda,121,,SERIES,121,121,Vasıta > Otomobil > Mazda > 121,curated-market-v1,CURATED_REVIEW,,
Otomobil,,Mazda,2,,SERIES,2,2,Vasıta > Otomobil > Mazda > 2,curated-market-v1,CURATED_REVIEW,,
Otomobil,,Mazda,2,1.3 Go,MODEL_VARIANT,1.3 Go,1-3-go,Vasıta > Otomobil > Mazda > 2 > 1.3 Go,curated-market-v1,CURATED_REVIEW,,
Otomobil,,Mazda,2,1.5 Power,MODEL_VARIANT,1.5 Power,1-5-power,Vasıta > Otomobil > Mazda > 2 > 1.5 Power,curated-market-v1,CURATED_REVIEW,,
Otomobil,,Mazda,3,,SERIES,3,3,Vasıta > Otomobil > Mazda > 3,curated-market-v1,CURATED_REVIEW,,
Otomobil,,Mazda,3,1.5 Skyactiv-G Power,MODEL_VARIANT,1.5 Skyactiv-G Power,1-5-skyactiv-g-power,Vasıta > Otomobil > Mazda > 3 > 1.5 Skyactiv-G Power,curated-market-v1,CURATED_REVIEW,,
Otomobil,,Mazda,3,1.6 Impressive,MODEL_VARIANT,1.6 Impressive,1-6-impressive,Vasıta > Otomobil > Mazda > 3 > 1.6 Impressive,curated-market-v1,CURATED_REVIEW,,
Otomobil,,Mazda,323,,SERIES,323,323,Vasıta > Otomobil > Mazda > 323,curated-market-v1,CURATED_REVIEW,,
Otomobil,,Mazda,5,,SERIES,5,5,Vasıta > Otomobil > Mazda > 5,curated-market-v1,CURATED_REVIEW,,
Otomobil,,Mazda,6,,SERIES,6,6,Vasıta > Otomobil > Mazda > 6,curated-market-v1,CURATED_REVIEW,,
Otomobil,,Mazda,6,2.0 Power,MODEL_VARIANT,2.0 Power,2-0-power,Vasıta > Otomobil > Mazda > 6 > 2.0 Power,curated-market-v1,CURATED_REVIEW,,
Otomobil,,Mazda,6,2.2 Skyactiv-D,MODEL_VARIANT,2.2 Skyactiv-D,2-2-skyactiv-d,Vasıta > Otomobil > Mazda > 6 > 2.2 Skyactiv-D,curated-market-v1,CURATED_REVIEW,,
Otomobil,,Mazda,626,,SERIES,626,626,Vasıta > Otomobil > Mazda > 626,curated-market-v1,CURATED_REVIEW,,
Otomobil,,Mazda,929,,SERIES,929,929,Vasıta > Otomobil > Mazda > 929,curated-market-v1,CURATED_REVIEW,,
Otomobil,,Mazda,Lantis,,SERIES,Lantis,lantis,Vasıta > Otomobil > Mazda > Lantis,curated-market-v1,CURATED_REVIEW,,
Otomobil,,Mazda,Millenia,,SERIES,Millenia,millenia,Vasıta > Otomobil > Mazda > Millenia,curated-market-v1,CURATED_REVIEW,,
Otomobil,,Mazda,MX-3,,SERIES,MX-3,mx-3,Vasıta > Otomobil > Mazda > MX-3,curated-market-v1,CURATED_REVIEW,,
Otomobil,,Mazda,MX-5,,SERIES,MX-5,mx-5,Vasıta > Otomobil > Mazda > MX-5,curated-market-v1,CURATED_REVIEW,,
Otomobil,,Mazda,MX-6,,SERIES,MX-6,mx-6,Vasıta > Otomobil > Mazda > MX-6,curated-market-v1,CURATED_REVIEW,,
Otomobil,,Mazda,RX-7,,SERIES,RX-7,rx-7,Vasıta > Otomobil > Mazda > RX-7,curated-market-v1,CURATED_REVIEW,,
Otomobil,,Mazda,RX-8,,SERIES,RX-8,rx-8,Vasıta > Otomobil > Mazda > RX-8,curated-market-v1,CURATED_REVIEW,,
Otomobil,,Mazda,Xedos,,SERIES,Xedos,xedos,Vasıta > Otomobil > Mazda > Xedos,curated-market-v1,CURATED_REVIEW,,
Otomobil,,McLaren,540C,,SERIES,540C,540c,Vasıta > Otomobil > McLaren > 540C,curated-market-v1,CURATED_REVIEW,,
Otomobil,,McLaren,570S,,SERIES,570S,570s,Vasıta > Otomobil > McLaren > 570S,curated-market-v1,CURATED_REVIEW,,
Otomobil,,McLaren,600LT,,SERIES,600LT,600lt,Vasıta > Otomobil > McLaren > 600LT,curated-market-v1,CURATED_REVIEW,,
Otomobil,,McLaren,650S,,SERIES,650S,650s,Vasıta > Otomobil > McLaren > 650S,curated-market-v1,CURATED_REVIEW,,
Otomobil,,McLaren,675LT,,SERIES,675LT,675lt,Vasıta > Otomobil > McLaren > 675LT,curated-market-v1,CURATED_REVIEW,,
Otomobil,,McLaren,720S,,SERIES,720S,720s,Vasıta > Otomobil > McLaren > 720S,curated-market-v1,CURATED_REVIEW,,
Otomobil,,McLaren,750S,,SERIES,750S,750s,Vasıta > Otomobil > McLaren > 750S,curated-market-v1,CURATED_REVIEW,,
Otomobil,,McLaren,Artura,,SERIES,Artura,artura,Vasıta > Otomobil > McLaren > Artura,curated-market-v1,CURATED_REVIEW,,
Otomobil,,McLaren,GT,,SERIES,GT,gt,Vasıta > Otomobil > McLaren > GT,curated-market-v1,CURATED_REVIEW,,
Otomobil,,McLaren,MP4-12C,,SERIES,MP4-12C,mp4-12c,Vasıta > Otomobil > McLaren > MP4-12C,curated-market-v1,CURATED_REVIEW,,
Otomobil,,McLaren,P1,,SERIES,P1,p1,Vasıta > Otomobil > McLaren > P1,curated-market-v1,CURATED_REVIEW,,
Otomobil,,McLaren,Senna,,SERIES,Senna,senna,Vasıta > Otomobil > McLaren > Senna,curated-market-v1,CURATED_REVIEW,,
Otomobil,,Mercedes-Benz,190,,SERIES,190,190,Vasıta > Otomobil > Mercedes-Benz > 190,curated-market-v1,CURATED_REVIEW,,
Otomobil,,Mercedes-Benz,200,,SERIES,200,200,Vasıta > Otomobil > Mercedes-Benz > 200,curated-market-v1,CURATED_REVIEW,,
Otomobil,,Mercedes-Benz,230,,SERIES,230,230,Vasıta > Otomobil > Mercedes-Benz > 230,curated-market-v1,CURATED_REVIEW,,
Otomobil,,Mercedes-Benz,240,,SERIES,240,240,Vasıta > Otomobil > Mercedes-Benz > 240,curated-market-v1,CURATED_REVIEW,,
Otomobil,,Mercedes-Benz,250,,SERIES,250,250,Vasıta > Otomobil > Mercedes-Benz > 250,curated-market-v1,CURATED_REVIEW,,
Otomobil,,Mercedes-Benz,260,,SERIES,260,260,Vasıta > Otomobil > Mercedes-Benz > 260,curated-market-v1,CURATED_REVIEW,,
Otomobil,,Mercedes-Benz,280,,SERIES,280,280,Vasıta > Otomobil > Mercedes-Benz > 280,curated-market-v1,CURATED_REVIEW,,
Otomobil,,Mercedes-Benz,300,,SERIES,300,300,Vasıta > Otomobil > Mercedes-Benz > 300,curated-market-v1,CURATED_REVIEW,,
Otomobil,,Mercedes-Benz,320,,SERIES,320,320,Vasıta > Otomobil > Mercedes-Benz > 320,curated-market-v1,CURATED_REVIEW,,
Otomobil,,Mercedes-Benz,380,,SERIES,380,380,Vasıta > Otomobil > Mercedes-Benz > 380,curated-market-v1,CURATED_REVIEW,,
Otomobil,,Mercedes-Benz,400,,SERIES,400,400,Vasıta > Otomobil > Mercedes-Benz > 400,curated-market-v1,CURATED_REVIEW,,
Otomobil,,Mercedes-Benz,420,,SERIES,420,420,Vasıta > Otomobil > Mercedes-Benz > 420,curated-market-v1,CURATED_REVIEW,,
Otomobil,,Mercedes-Benz,500,,SERIES,500,500,Vasıta > Otomobil > Mercedes-Benz > 500,curated-market-v1,CURATED_REVIEW,,
Otomobil,,Mercedes-Benz,560,,SERIES,560,560,Vasıta > Otomobil > Mercedes-Benz > 560,curated-market-v1,CURATED_REVIEW,,
Otomobil,,Mercedes-Benz,A Serisi,,SERIES,A Serisi,a-serisi,Vasıta > Otomobil > Mercedes-Benz > A Serisi,curated-market-v1,CURATED_REVIEW,,
Otomobil,,Mercedes-Benz,A Serisi,A 140,MODEL_VARIANT,A 140,a-140,Vasıta > Otomobil > Mercedes-Benz > A Serisi > A 140,curated-market-v1,CURATED_REVIEW,,
Otomobil,,Mercedes-Benz,A Serisi,A 150,MODEL_VARIANT,A 150,a-150,Vasıta > Otomobil > Mercedes-Benz > A Serisi > A 150,curated-market-v1,CURATED_REVIEW,,
Otomobil,,Mercedes-Benz,A Serisi,A 160,MODEL_VARIANT,A 160,a-160,Vasıta > Otomobil > Mercedes-Benz > A Serisi > A 160,curated-market-v1,CURATED_REVIEW,,
Otomobil,,Mercedes-Benz,A Serisi,A 180 CDI,MODEL_VARIANT,A 180 CDI,a-180-cdi,Vasıta > Otomobil > Mercedes-Benz > A Serisi > A 180 CDI,curated-market-v1,CURATED_REVIEW,,
Otomobil,,Mercedes-Benz,A Serisi,A 180 d,MODEL_VARIANT,A 180 d,a-180-d,Vasıta > Otomobil > Mercedes-Benz > A Serisi > A 180 d,curated-market-v1,CURATED_REVIEW,,
Otomobil,,Mercedes-Benz,A Serisi,A 180,MODEL_VARIANT,A 180,a-180,Vasıta > Otomobil > Mercedes-Benz > A Serisi > A 180,curated-market-v1,CURATED_REVIEW,,
Otomobil,,Mercedes-Benz,A Serisi,A 200 AMG,MODEL_VARIANT,A 200 AMG,a-200-amg,Vasıta > Otomobil > Mercedes-Benz > A Serisi > A 200 AMG,curated-market-v1,CURATED_REVIEW,,
Otomobil,,Mercedes-Benz,A Serisi,A 200 d,MODEL_VARIANT,A 200 d,a-200-d,Vasıta > Otomobil > Mercedes-Benz > A Serisi > A 200 d,curated-market-v1,CURATED_REVIEW,,
Otomobil,,Mercedes-Benz,A Serisi,A 250 e,MODEL_VARIANT,A 250 e,a-250-e,Vasıta > Otomobil > Mercedes-Benz > A Serisi > A 250 e,curated-market-v1,CURATED_REVIEW,,
Otomobil,,Mercedes-Benz,A Serisi,A 35 AMG,MODEL_VARIANT,A 35 AMG,a-35-amg,Vasıta > Otomobil > Mercedes-Benz > A Serisi > A 35 AMG,curated-market-v1,CURATED_REVIEW,,
Otomobil,,Mercedes-Benz,A Serisi,A 45 AMG,MODEL_VARIANT,A 45 AMG,a-45-amg,Vasıta > Otomobil > Mercedes-Benz > A Serisi > A 45 AMG,curated-market-v1,CURATED_REVIEW,,
Otomobil,,Mercedes-Benz,AMG GT,,SERIES,AMG GT,amg-gt,Vasıta > Otomobil > Mercedes-Benz > AMG GT,curated-market-v1,CURATED_REVIEW,,
Otomobil,,Mercedes-Benz,AMG GT,GT 43,MODEL_VARIANT,GT 43,gt-43,Vasıta > Otomobil > Mercedes-Benz > AMG GT > GT 43,curated-market-v1,CURATED_REVIEW,,
Otomobil,,Mercedes-Benz,AMG GT,GT 53,MODEL_VARIANT,GT 53,gt-53,Vasıta > Otomobil > Mercedes-Benz > AMG GT > GT 53,curated-market-v1,CURATED_REVIEW,,
Otomobil,,Mercedes-Benz,AMG GT,GT 63 S,MODEL_VARIANT,GT 63 S,gt-63-s,Vasıta > Otomobil > Mercedes-Benz > AMG GT > GT 63 S,curated-market-v1,CURATED_REVIEW,,
Otomobil,,Mercedes-Benz,B Serisi,,SERIES,B Serisi,b-serisi,Vasıta > Otomobil > Mercedes-Benz > B Serisi,curated-market-v1,CURATED_REVIEW,,
Otomobil,,Mercedes-Benz,B Serisi,B 150,MODEL_VARIANT,B 150,b-150,Vasıta > Otomobil > Mercedes-Benz > B Serisi > B 150,curated-market-v1,CURATED_REVIEW,,
Otomobil,,Mercedes-Benz,B Serisi,B 160,MODEL_VARIANT,B 160,b-160,Vasıta > Otomobil > Mercedes-Benz > B Serisi > B 160,curated-market-v1,CURATED_REVIEW,,
Otomobil,,Mercedes-Benz,B Serisi,B 180 CDI,MODEL_VARIANT,B 180 CDI,b-180-cdi,Vasıta > Otomobil > Mercedes-Benz > B Serisi > B 180 CDI,curated-market-v1,CURATED_REVIEW,,
Otomobil,,Mercedes-Benz,B Serisi,B 180 d,MODEL_VARIANT,B 180 d,b-180-d,Vasıta > Otomobil > Mercedes-Benz > B Serisi > B 180 d,curated-market-v1,CURATED_REVIEW,,
Otomobil,,Mercedes-Benz,B Serisi,B 180,MODEL_VARIANT,B 180,b-180,Vasıta > Otomobil > Mercedes-Benz > B Serisi > B 180,curated-market-v1,CURATED_REVIEW,,
Otomobil,,Mercedes-Benz,B Serisi,B 200,MODEL_VARIANT,B 200,b-200,Vasıta > Otomobil > Mercedes-Benz > B Serisi > B 200,curated-market-v1,CURATED_REVIEW,,
Otomobil,,Mercedes-Benz,C Serisi,,SERIES,C Serisi,c-serisi,Vasıta > Otomobil > Mercedes-Benz > C Serisi,curated-market-v1,CURATED_REVIEW,,
Otomobil,,Mercedes-Benz,C Serisi,C 180 Kompressor,MODEL_VARIANT,C 180 Kompressor,c-180-kompressor,Vasıta > Otomobil > Mercedes-Benz > C Serisi > C 180 Kompressor,curated-market-v1,CURATED_REVIEW,,
Otomobil,,Mercedes-Benz,C Serisi,C 180 AMG,MODEL_VARIANT,C 180 AMG,c-180-amg,Vasıta > Otomobil > Mercedes-Benz > C Serisi > C 180 AMG,curated-market-v1,CURATED_REVIEW,,
Otomobil,,Mercedes-Benz,C Serisi,C 200 d,MODEL_VARIANT,C 200 d,c-200-d,Vasıta > Otomobil > Mercedes-Benz > C Serisi > C 200 d,curated-market-v1,CURATED_REVIEW,,
Otomobil,,Mercedes-Benz,C Serisi,C 200 AMG,MODEL_VARIANT,C 200 AMG,c-200-amg,Vasıta > Otomobil > Mercedes-Benz > C Serisi > C 200 AMG,curated-market-v1,CURATED_REVIEW,,
Otomobil,,Mercedes-Benz,C Serisi,C 220 CDI,MODEL_VARIANT,C 220 CDI,c-220-cdi,Vasıta > Otomobil > Mercedes-Benz > C Serisi > C 220 CDI,curated-market-v1,CURATED_REVIEW,,
Otomobil,,Mercedes-Benz,C Serisi,C 220 d,MODEL_VARIANT,C 220 d,c-220-d,Vasıta > Otomobil > Mercedes-Benz > C Serisi > C 220 d,curated-market-v1,CURATED_REVIEW,,
Otomobil,,Mercedes-Benz,C Serisi,C 250 CDI,MODEL_VARIANT,C 250 CDI,c-250-cdi,Vasıta > Otomobil > Mercedes-Benz > C Serisi > C 250 CDI,curated-market-v1,CURATED_REVIEW,,
Otomobil,,Mercedes-Benz,C Serisi,C 250,MODEL_VARIANT,C 250,c-250,Vasıta > Otomobil > Mercedes-Benz > C Serisi > C 250,curated-market-v1,CURATED_REVIEW,,
Otomobil,,Mercedes-Benz,C Serisi,C 300 d,MODEL_VARIANT,C 300 d,c-300-d,Vasıta > Otomobil > Mercedes-Benz > C Serisi > C 300 d,curated-market-v1,CURATED_REVIEW,,
Otomobil,,Mercedes-Benz,C Serisi,C 300 e,MODEL_VARIANT,C 300 e,c-300-e,Vasıta > Otomobil > Mercedes-Benz > C Serisi > C 300 e,curated-market-v1,CURATED_REVIEW,,
Otomobil,,Mercedes-Benz,C Serisi,C 43 AMG,MODEL_VARIANT,C 43 AMG,c-43-amg,Vasıta > Otomobil > Mercedes-Benz > C Serisi > C 43 AMG,curated-market-v1,CURATED_REVIEW,,
Otomobil,,Mercedes-Benz,C Serisi,C 63 AMG,MODEL_VARIANT,C 63 AMG,c-63-amg,Vasıta > Otomobil > Mercedes-Benz > C Serisi > C 63 AMG,curated-market-v1,CURATED_REVIEW,,
Otomobil,,Mercedes-Benz,CLA,,SERIES,CLA,cla,Vasıta > Otomobil > Mercedes-Benz > CLA,curated-market-v1,CURATED_REVIEW,,
Otomobil,,Mercedes-Benz,CLA,CLA 180 d,MODEL_VARIANT,CLA 180 d,cla-180-d,Vasıta > Otomobil > Mercedes-Benz > CLA > CLA 180 d,curated-market-v1,CURATED_REVIEW,,
Otomobil,,Mercedes-Benz,CLA,CLA 180,MODEL_VARIANT,CLA 180,cla-180,Vasıta > Otomobil > Mercedes-Benz > CLA > CLA 180,curated-market-v1,CURATED_REVIEW,,
Otomobil,,Mercedes-Benz,CLA,CLA 200,MODEL_VARIANT,CLA 200,cla-200,Vasıta > Otomobil > Mercedes-Benz > CLA > CLA 200,curated-market-v1,CURATED_REVIEW,,
Otomobil,,Mercedes-Benz,CLA,CLA 220 d,MODEL_VARIANT,CLA 220 d,cla-220-d,Vasıta > Otomobil > Mercedes-Benz > CLA > CLA 220 d,curated-market-v1,CURATED_REVIEW,,
Otomobil,,Mercedes-Benz,CLA,CLA 250 e,MODEL_VARIANT,CLA 250 e,cla-250-e,Vasıta > Otomobil > Mercedes-Benz > CLA > CLA 250 e,curated-market-v1,CURATED_REVIEW,,
Otomobil,,Mercedes-Benz,CLA,CLA 35 AMG,MODEL_VARIANT,CLA 35 AMG,cla-35-amg,Vasıta > Otomobil > Mercedes-Benz > CLA > CLA 35 AMG,curated-market-v1,CURATED_REVIEW,,
Otomobil,,Mercedes-Benz,CLA,CLA 45 AMG,MODEL_VARIANT,CLA 45 AMG,cla-45-amg,Vasıta > Otomobil > Mercedes-Benz > CLA > CLA 45 AMG,curated-market-v1,CURATED_REVIEW,,
Otomobil,,Mercedes-Benz,CLE,,SERIES,CLE,cle,Vasıta > Otomobil > Mercedes-Benz > CLE,curated-market-v1,CURATED_REVIEW,,
Otomobil,,Mercedes-Benz,CLE,CLE 200,MODEL_VARIANT,CLE 200,cle-200,Vasıta > Otomobil > Mercedes-Benz > CLE > CLE 200,curated-market-v1,CURATED_REVIEW,,
Otomobil,,Mercedes-Benz,CLE,CLE 300 4MATIC,MODEL_VARIANT,CLE 300 4MATIC,cle-300-4matic,Vasıta > Otomobil > Mercedes-Benz > CLE > CLE 300 4MATIC,curated-market-v1,CURATED_REVIEW,,
Otomobil,,Mercedes-Benz,CLE,CLE 53 AMG,MODEL_VARIANT,CLE 53 AMG,cle-53-amg,Vasıta > Otomobil > Mercedes-Benz > CLE > CLE 53 AMG,curated-market-v1,CURATED_REVIEW,,
Otomobil,,Mercedes-Benz,CLK,,SERIES,CLK,clk,Vasıta > Otomobil > Mercedes-Benz > CLK,curated-market-v1,CURATED_REVIEW,,
Otomobil,,Mercedes-Benz,CLS,,SERIES,CLS,cls,Vasıta > Otomobil > Mercedes-Benz > CLS,curated-market-v1,CURATED_REVIEW,,
Otomobil,,Mercedes-Benz,CLS,CLS 250 CDI,MODEL_VARIANT,CLS 250 CDI,cls-250-cdi,Vasıta > Otomobil > Mercedes-Benz > CLS > CLS 250 CDI,curated-market-v1,CURATED_REVIEW,,
Otomobil,,Mercedes-Benz,CLS,CLS 300 d,MODEL_VARIANT,CLS 300 d,cls-300-d,Vasıta > Otomobil > Mercedes-Benz > CLS > CLS 300 d,curated-market-v1,CURATED_REVIEW,,
Otomobil,,Mercedes-Benz,CLS,CLS 350 CDI,MODEL_VARIANT,CLS 350 CDI,cls-350-cdi,Vasıta > Otomobil > Mercedes-Benz > CLS > CLS 350 CDI,curated-market-v1,CURATED_REVIEW,,
Otomobil,,Mercedes-Benz,CLS,CLS 400 d,MODEL_VARIANT,CLS 400 d,cls-400-d,Vasıta > Otomobil > Mercedes-Benz > CLS > CLS 400 d,curated-market-v1,CURATED_REVIEW,,
Otomobil,,Mercedes-Benz,CLS,CLS 450,MODEL_VARIANT,CLS 450,cls-450,Vasıta > Otomobil > Mercedes-Benz > CLS > CLS 450,curated-market-v1,CURATED_REVIEW,,
Otomobil,,Mercedes-Benz,CLS,CLS 53 AMG,MODEL_VARIANT,CLS 53 AMG,cls-53-amg,Vasıta > Otomobil > Mercedes-Benz > CLS > CLS 53 AMG,curated-market-v1,CURATED_REVIEW,,
Otomobil,,Mercedes-Benz,CLS,CLS 63 AMG,MODEL_VARIANT,CLS 63 AMG,cls-63-amg,Vasıta > Otomobil > Mercedes-Benz > CLS > CLS 63 AMG,curated-market-v1,CURATED_REVIEW,,
Otomobil,,Mercedes-Benz,E Serisi,,SERIES,E Serisi,e-serisi,Vasıta > Otomobil > Mercedes-Benz > E Serisi,curated-market-v1,CURATED_REVIEW,,
Otomobil,,Mercedes-Benz,E Serisi,E 180,MODEL_VARIANT,E 180,e-180,Vasıta > Otomobil > Mercedes-Benz > E Serisi > E 180,curated-market-v1,CURATED_REVIEW,,
Otomobil,,Mercedes-Benz,E Serisi,E 200 d,MODEL_VARIANT,E 200 d,e-200-d,Vasıta > Otomobil > Mercedes-Benz > E Serisi > E 200 d,curated-market-v1,CURATED_REVIEW,,
Otomobil,,Mercedes-Benz,E Serisi,E 200,MODEL_VARIANT,E 200,e-200,Vasıta > Otomobil > Mercedes-Benz > E Serisi > E 200,curated-market-v1,CURATED_REVIEW,,
Otomobil,,Mercedes-Benz,E Serisi,E 220 CDI,MODEL_VARIANT,E 220 CDI,e-220-cdi,Vasıta > Otomobil > Mercedes-Benz > E Serisi > E 220 CDI,curated-market-v1,CURATED_REVIEW,,
Otomobil,,Mercedes-Benz,E Serisi,E 220 d,MODEL_VARIANT,E 220 d,e-220-d,Vasıta > Otomobil > Mercedes-Benz > E Serisi > E 220 d,curated-market-v1,CURATED_REVIEW,,
Otomobil,,Mercedes-Benz,E Serisi,E 250 CDI,MODEL_VARIANT,E 250 CDI,e-250-cdi,Vasıta > Otomobil > Mercedes-Benz > E Serisi > E 250 CDI,curated-market-v1,CURATED_REVIEW,,
Otomobil,,Mercedes-Benz,E Serisi,E 250,MODEL_VARIANT,E 250,e-250,Vasıta > Otomobil > Mercedes-Benz > E Serisi > E 250,curated-market-v1,CURATED_REVIEW,,
Otomobil,,Mercedes-Benz,E Serisi,E 300 d,MODEL_VARIANT,E 300 d,e-300-d,Vasıta > Otomobil > Mercedes-Benz > E Serisi > E 300 d,curated-market-v1,CURATED_REVIEW,,
Otomobil,,Mercedes-Benz,E Serisi,E 300 e,MODEL_VARIANT,E 300 e,e-300-e,Vasıta > Otomobil > Mercedes-Benz > E Serisi > E 300 e,curated-market-v1,CURATED_REVIEW,,
Otomobil,,Mercedes-Benz,E Serisi,E 350 CDI,MODEL_VARIANT,E 350 CDI,e-350-cdi,Vasıta > Otomobil > Mercedes-Benz > E Serisi > E 350 CDI,curated-market-v1,CURATED_REVIEW,,
Otomobil,,Mercedes-Benz,E Serisi,E 400 d,MODEL_VARIANT,E 400 d,e-400-d,Vasıta > Otomobil > Mercedes-Benz > E Serisi > E 400 d,curated-market-v1,CURATED_REVIEW,,
Otomobil,,Mercedes-Benz,E Serisi,E 450,MODEL_VARIANT,E 450,e-450,Vasıta > Otomobil > Mercedes-Benz > E Serisi > E 450,curated-market-v1,CURATED_REVIEW,,
Otomobil,,Mercedes-Benz,E Serisi,E 53 AMG,MODEL_VARIANT,E 53 AMG,e-53-amg,Vasıta > Otomobil > Mercedes-Benz > E Serisi > E 53 AMG,curated-market-v1,CURATED_REVIEW,,
Otomobil,,Mercedes-Benz,E Serisi,E 63 AMG,MODEL_VARIANT,E 63 AMG,e-63-amg,Vasıta > Otomobil > Mercedes-Benz > E Serisi > E 63 AMG,curated-market-v1,CURATED_REVIEW,,
Otomobil,,Mercedes-Benz,EQE,,SERIES,EQE,eqe,Vasıta > Otomobil > Mercedes-Benz > EQE,curated-market-v1,CURATED_REVIEW,,
Otomobil,,Mercedes-Benz,EQE,EQE 300,MODEL_VARIANT,EQE 300,eqe-300,Vasıta > Otomobil > Mercedes-Benz > EQE > EQE 300,curated-market-v1,CURATED_REVIEW,,
Otomobil,,Mercedes-Benz,EQE,EQE 350+,MODEL_VARIANT,EQE 350+,eqe-350,Vasıta > Otomobil > Mercedes-Benz > EQE > EQE 350+,curated-market-v1,CURATED_REVIEW,,
Otomobil,,Mercedes-Benz,EQE,EQE 500 4MATIC,MODEL_VARIANT,EQE 500 4MATIC,eqe-500-4matic,Vasıta > Otomobil > Mercedes-Benz > EQE > EQE 500 4MATIC,curated-market-v1,CURATED_REVIEW,,
Otomobil,,Mercedes-Benz,EQE,AMG EQE 53,MODEL_VARIANT,AMG EQE 53,amg-eqe-53,Vasıta > Otomobil > Mercedes-Benz > EQE > AMG EQE 53,curated-market-v1,CURATED_REVIEW,,
Otomobil,,Mercedes-Benz,EQS,,SERIES,EQS,eqs,Vasıta > Otomobil > Mercedes-Benz > EQS,curated-market-v1,CURATED_REVIEW,,
Otomobil,,Mercedes-Benz,EQS,EQS 450+,MODEL_VARIANT,EQS 450+,eqs-450,Vasıta > Otomobil > Mercedes-Benz > EQS > EQS 450+,curated-market-v1,CURATED_REVIEW,,
Otomobil,,Mercedes-Benz,EQS,EQS 580 4MATIC,MODEL_VARIANT,EQS 580 4MATIC,eqs-580-4matic,Vasıta > Otomobil > Mercedes-Benz > EQS > EQS 580 4MATIC,curated-market-v1,CURATED_REVIEW,,
Otomobil,,Mercedes-Benz,EQS,AMG EQS 53,MODEL_VARIANT,AMG EQS 53,amg-eqs-53,Vasıta > Otomobil > Mercedes-Benz > EQS > AMG EQS 53,curated-market-v1,CURATED_REVIEW,,
Otomobil,,Mercedes-Benz,S Serisi,,SERIES,S Serisi,s-serisi,Vasıta > Otomobil > Mercedes-Benz > S Serisi,curated-market-v1,CURATED_REVIEW,,
Otomobil,,Mercedes-Benz,S Serisi,S 280,MODEL_VARIANT,S 280,s-280,Vasıta > Otomobil > Mercedes-Benz > S Serisi > S 280,curated-market-v1,CURATED_REVIEW,,
Otomobil,,Mercedes-Benz,S Serisi,S 320 CDI,MODEL_VARIANT,S 320 CDI,s-320-cdi,Vasıta > Otomobil > Mercedes-Benz > S Serisi > S 320 CDI,curated-market-v1,CURATED_REVIEW,,
Otomobil,,Mercedes-Benz,S Serisi,S 350 d,MODEL_VARIANT,S 350 d,s-350-d,Vasıta > Otomobil > Mercedes-Benz > S Serisi > S 350 d,curated-market-v1,CURATED_REVIEW,,
Otomobil,,Mercedes-Benz,S Serisi,S 400 d,MODEL_VARIANT,S 400 d,s-400-d,Vasıta > Otomobil > Mercedes-Benz > S Serisi > S 400 d,curated-market-v1,CURATED_REVIEW,,
Otomobil,,Mercedes-Benz,S Serisi,S 450,MODEL_VARIANT,S 450,s-450,Vasıta > Otomobil > Mercedes-Benz > S Serisi > S 450,curated-market-v1,CURATED_REVIEW,,
Otomobil,,Mercedes-Benz,S Serisi,S 500,MODEL_VARIANT,S 500,s-500,Vasıta > Otomobil > Mercedes-Benz > S Serisi > S 500,curated-market-v1,CURATED_REVIEW,,
Otomobil,,Mercedes-Benz,S Serisi,S 580,MODEL_VARIANT,S 580,s-580,Vasıta > Otomobil > Mercedes-Benz > S Serisi > S 580,curated-market-v1,CURATED_REVIEW,,
Otomobil,,Mercedes-Benz,S Serisi,S 63 AMG,MODEL_VARIANT,S 63 AMG,s-63-amg,Vasıta > Otomobil > Mercedes-Benz > S Serisi > S 63 AMG,curated-market-v1,CURATED_REVIEW,,
Otomobil,,Mercedes-Benz,S Serisi,S 600,MODEL_VARIANT,S 600,s-600,Vasıta > Otomobil > Mercedes-Benz > S Serisi > S 600,curated-market-v1,CURATED_REVIEW,,
Otomobil,,Mercedes-Benz,SL,,SERIES,SL,sl,Vasıta > Otomobil > Mercedes-Benz > SL,curated-market-v1,CURATED_REVIEW,,
Otomobil,,Mercedes-Benz,SLC,,SERIES,SLC,slc,Vasıta > Otomobil > Mercedes-Benz > SLC,curated-market-v1,CURATED_REVIEW,,
Otomobil,,Mercedes-Benz,SLK,,SERIES,SLK,slk,Vasıta > Otomobil > Mercedes-Benz > SLK,curated-market-v1,CURATED_REVIEW,,
Otomobil,,Mercedes-Benz,SLS AMG,,SERIES,SLS AMG,sls-amg,Vasıta > Otomobil > Mercedes-Benz > SLS AMG,curated-market-v1,CURATED_REVIEW,,
Otomobil,,MG,HS,,SERIES,HS,hs,Vasıta > Otomobil > MG > HS,curated-market-v1,CURATED_REVIEW,,
Otomobil,,MG,HS,Comfort,MODEL_VARIANT,Comfort,comfort,Vasıta > Otomobil > MG > HS > Comfort,curated-market-v1,CURATED_REVIEW,,
Otomobil,,MG,HS,Luxury,MODEL_VARIANT,Luxury,luxury,Vasıta > Otomobil > MG > HS > Luxury,curated-market-v1,CURATED_REVIEW,,
Otomobil,,MG,HS,PHEV,MODEL_VARIANT,PHEV,phev,Vasıta > Otomobil > MG > HS > PHEV,curated-market-v1,CURATED_REVIEW,,
Otomobil,,MG,MG3,,SERIES,MG3,mg3,Vasıta > Otomobil > MG > MG3,curated-market-v1,CURATED_REVIEW,,
Otomobil,,MG,MG4,,SERIES,MG4,mg4,Vasıta > Otomobil > MG > MG4,curated-market-v1,CURATED_REVIEW,,
Otomobil,,MG,MG4,Comfort,MODEL_VARIANT,Comfort,comfort,Vasıta > Otomobil > MG > MG4 > Comfort,curated-market-v1,CURATED_REVIEW,,
Otomobil,,MG,MG4,Luxury,MODEL_VARIANT,Luxury,luxury,Vasıta > Otomobil > MG > MG4 > Luxury,curated-market-v1,CURATED_REVIEW,,
Otomobil,,MG,MG4,XPower,MODEL_VARIANT,XPower,xpower,Vasıta > Otomobil > MG > MG4 > XPower,curated-market-v1,CURATED_REVIEW,,
Otomobil,,MG,MG5,,SERIES,MG5,mg5,Vasıta > Otomobil > MG > MG5,curated-market-v1,CURATED_REVIEW,,
Otomobil,,MG,MG6,,SERIES,MG6,mg6,Vasıta > Otomobil > MG > MG6,curated-market-v1,CURATED_REVIEW,,
Otomobil,,MG,MG7,,SERIES,MG7,mg7,Vasıta > Otomobil > MG > MG7,curated-market-v1,CURATED_REVIEW,,
Otomobil,,MG,ZS,,SERIES,ZS,zs,Vasıta > Otomobil > MG > ZS,curated-market-v1,CURATED_REVIEW,,
Otomobil,,MG,ZS,Comfort,MODEL_VARIANT,Comfort,comfort,Vasıta > Otomobil > MG > ZS > Comfort,curated-market-v1,CURATED_REVIEW,,
Otomobil,,MG,ZS,Luxury,MODEL_VARIANT,Luxury,luxury,Vasıta > Otomobil > MG > ZS > Luxury,curated-market-v1,CURATED_REVIEW,,
Otomobil,,MG,ZS,EV,MODEL_VARIANT,EV,ev,Vasıta > Otomobil > MG > ZS > EV,curated-market-v1,CURATED_REVIEW,,
Otomobil,,Micro,Microlino,,SERIES,Microlino,microlino,Vasıta > Otomobil > Micro > Microlino,curated-market-v1,CURATED_REVIEW,,
Otomobil,,Micro,Microlino,Lite,MODEL_VARIANT,Lite,lite,Vasıta > Otomobil > Micro > Microlino > Lite,curated-market-v1,CURATED_REVIEW,,
Otomobil,,Micro,Microlino,Dolce,MODEL_VARIANT,Dolce,dolce,Vasıta > Otomobil > Micro > Microlino > Dolce,curated-market-v1,CURATED_REVIEW,,
Otomobil,,Micro,Microlino,Competizione,MODEL_VARIANT,Competizione,competizione,Vasıta > Otomobil > Micro > Microlino > Competizione,curated-market-v1,CURATED_REVIEW,,
Otomobil,,Mini,Cooper,,SERIES,Cooper,cooper,Vasıta > Otomobil > Mini > Cooper,curated-market-v1,CURATED_REVIEW,,
Otomobil,,Mini,Cooper,One,MODEL_VARIANT,One,one,Vasıta > Otomobil > Mini > Cooper > One,curated-market-v1,CURATED_REVIEW,,
Otomobil,,Mini,Cooper,Cooper,MODEL_VARIANT,Cooper,cooper,Vasıta > Otomobil > Mini > Cooper > Cooper,curated-market-v1,CURATED_REVIEW,,
Otomobil,,Mini,Cooper,Cooper S,MODEL_VARIANT,Cooper S,cooper-s,Vasıta > Otomobil > Mini > Cooper > Cooper S,curated-market-v1,CURATED_REVIEW,,
Otomobil,,Mini,Cooper,JCW,MODEL_VARIANT,JCW,jcw,Vasıta > Otomobil > Mini > Cooper > JCW,curated-market-v1,CURATED_REVIEW,,
Otomobil,,Mini,Cooper Clubman,,SERIES,Cooper Clubman,cooper-clubman,Vasıta > Otomobil > Mini > Cooper Clubman,curated-market-v1,CURATED_REVIEW,,
Otomobil,,Mini,Cooper Countryman,,SERIES,Cooper Countryman,cooper-countryman,Vasıta > Otomobil > Mini > Cooper Countryman,curated-market-v1,CURATED_REVIEW,,
Otomobil,,Mini,Cooper Coupe,,SERIES,Cooper Coupe,cooper-coupe,Vasıta > Otomobil > Mini > Cooper Coupe,curated-market-v1,CURATED_REVIEW,,
Otomobil,,Mini,Cooper Paceman,,SERIES,Cooper Paceman,cooper-paceman,Vasıta > Otomobil > Mini > Cooper Paceman,curated-market-v1,CURATED_REVIEW,,
Otomobil,,Mini,Cooper Roadster,,SERIES,Cooper Roadster,cooper-roadster,Vasıta > Otomobil > Mini > Cooper Roadster,curated-market-v1,CURATED_REVIEW,,
Otomobil,,Mitsubishi,Carisma,,SERIES,Carisma,carisma,Vasıta > Otomobil > Mitsubishi > Carisma,curated-market-v1,CURATED_REVIEW,,
Otomobil,,Mitsubishi,Colt,,SERIES,Colt,colt,Vasıta > Otomobil > Mitsubishi > Colt,curated-market-v1,CURATED_REVIEW,,
Otomobil,,Mitsubishi,Colt,1.3 Invite,MODEL_VARIANT,1.3 Invite,1-3-invite,Vasıta > Otomobil > Mitsubishi > Colt > 1.3 Invite,curated-market-v1,CURATED_REVIEW,,
Otomobil,,Mitsubishi,Colt,1.5 Instyle,MODEL_VARIANT,1.5 Instyle,1-5-instyle,Vasıta > Otomobil > Mitsubishi > Colt > 1.5 Instyle,curated-market-v1,CURATED_REVIEW,,
Otomobil,,Mitsubishi,Eclipse,,SERIES,Eclipse,eclipse,Vasıta > Otomobil > Mitsubishi > Eclipse,curated-market-v1,CURATED_REVIEW,,
Otomobil,,Mitsubishi,Galant,,SERIES,Galant,galant,Vasıta > Otomobil > Mitsubishi > Galant,curated-market-v1,CURATED_REVIEW,,
Otomobil,,Mitsubishi,Grandis,,SERIES,Grandis,grandis,Vasıta > Otomobil > Mitsubishi > Grandis,curated-market-v1,CURATED_REVIEW,,
Otomobil,,Mitsubishi,Lancer,,SERIES,Lancer,lancer,Vasıta > Otomobil > Mitsubishi > Lancer,curated-market-v1,CURATED_REVIEW,,
Otomobil,,Mitsubishi,Lancer,1.5 Invite,MODEL_VARIANT,1.5 Invite,1-5-invite,Vasıta > Otomobil > Mitsubishi > Lancer > 1.5 Invite,curated-market-v1,CURATED_REVIEW,,
Otomobil,,Mitsubishi,Lancer,1.6 Invite,MODEL_VARIANT,1.6 Invite,1-6-invite,Vasıta > Otomobil > Mitsubishi > Lancer > 1.6 Invite,curated-market-v1,CURATED_REVIEW,,
Otomobil,,Mitsubishi,Lancer,1.8 Intense,MODEL_VARIANT,1.8 Intense,1-8-intense,Vasıta > Otomobil > Mitsubishi > Lancer > 1.8 Intense,curated-market-v1,CURATED_REVIEW,,
Otomobil,,Mitsubishi,Mirage,,SERIES,Mirage,mirage,Vasıta > Otomobil > Mitsubishi > Mirage,curated-market-v1,CURATED_REVIEW,,
Otomobil,,Mitsubishi,Space Star,,SERIES,Space Star,space-star,Vasıta > Otomobil > Mitsubishi > Space Star,curated-market-v1,CURATED_REVIEW,,
Otomobil,,Morgan,3 Wheeler,,SERIES,3 Wheeler,3-wheeler,Vasıta > Otomobil > Morgan > 3 Wheeler,curated-market-v1,CURATED_REVIEW,,
Otomobil,,Morgan,4/4,,SERIES,4/4,4-4,Vasıta > Otomobil > Morgan > 4/4,curated-market-v1,CURATED_REVIEW,,
Otomobil,,Morgan,Aero 8,,SERIES,Aero 8,aero-8,Vasıta > Otomobil > Morgan > Aero 8,curated-market-v1,CURATED_REVIEW,,
Otomobil,,Morgan,Plus 4,,SERIES,Plus 4,plus-4,Vasıta > Otomobil > Morgan > Plus 4,curated-market-v1,CURATED_REVIEW,,
Otomobil,,Morgan,Plus 6,,SERIES,Plus 6,plus-6,Vasıta > Otomobil > Morgan > Plus 6,curated-market-v1,CURATED_REVIEW,,
Otomobil,,Morgan,Roadster,,SERIES,Roadster,roadster,Vasıta > Otomobil > Morgan > Roadster,curated-market-v1,CURATED_REVIEW,,
Otomobil,,Motolux,E-Dream,,SERIES,E-Dream,e-dream,Vasıta > Otomobil > Motolux > E-Dream,curated-market-v1,CURATED_REVIEW,,
Otomobil,,Motolux,F5,,SERIES,F5,f5,Vasıta > Otomobil > Motolux > F5,curated-market-v1,CURATED_REVIEW,,
Otomobil,,Motolux,M5,,SERIES,M5,m5,Vasıta > Otomobil > Motolux > M5,curated-market-v1,CURATED_REVIEW,,
Otomobil,,Nieve,Niev 1,,SERIES,Niev 1,niev-1,Vasıta > Otomobil > Nieve > Niev 1,curated-market-v1,CURATED_REVIEW,,
Otomobil,,Nieve,Niev 2,,SERIES,Niev 2,niev-2,Vasıta > Otomobil > Nieve > Niev 2,curated-market-v1,CURATED_REVIEW,,
Otomobil,,Nissan,200 SX,,SERIES,200 SX,200-sx,Vasıta > Otomobil > Nissan > 200 SX,curated-market-v1,CURATED_REVIEW,,
Otomobil,,Nissan,300 ZX,,SERIES,300 ZX,300-zx,Vasıta > Otomobil > Nissan > 300 ZX,curated-market-v1,CURATED_REVIEW,,
Otomobil,,Nissan,Almera,,SERIES,Almera,almera,Vasıta > Otomobil > Nissan > Almera,curated-market-v1,CURATED_REVIEW,,
Otomobil,,Nissan,Almera,1.5 Tekna,MODEL_VARIANT,1.5 Tekna,1-5-tekna,Vasıta > Otomobil > Nissan > Almera > 1.5 Tekna,curated-market-v1,CURATED_REVIEW,,
Otomobil,,Nissan,Almera,1.5 dCi,MODEL_VARIANT,1.5 dCi,1-5-dci,Vasıta > Otomobil > Nissan > Almera > 1.5 dCi,curated-market-v1,CURATED_REVIEW,,
Otomobil,,Nissan,Altima,,SERIES,Altima,altima,Vasıta > Otomobil > Nissan > Altima,curated-market-v1,CURATED_REVIEW,,
Otomobil,,Nissan,Bluebird,,SERIES,Bluebird,bluebird,Vasıta > Otomobil > Nissan > Bluebird,curated-market-v1,CURATED_REVIEW,,
Otomobil,,Nissan,Cube,,SERIES,Cube,cube,Vasıta > Otomobil > Nissan > Cube,curated-market-v1,CURATED_REVIEW,,
Otomobil,,Nissan,GT-R,,SERIES,GT-R,gt-r,Vasıta > Otomobil > Nissan > GT-R,curated-market-v1,CURATED_REVIEW,,
Otomobil,,Nissan,Laurel,,SERIES,Laurel,laurel,Vasıta > Otomobil > Nissan > Laurel,curated-market-v1,CURATED_REVIEW,,
Otomobil,,Nissan,Leaf,,SERIES,Leaf,leaf,Vasıta > Otomobil > Nissan > Leaf,curated-market-v1,CURATED_REVIEW,,
Otomobil,,Nissan,Leaf,Visia,MODEL_VARIANT,Visia,visia,Vasıta > Otomobil > Nissan > Leaf > Visia,curated-market-v1,CURATED_REVIEW,,
Otomobil,,Nissan,Leaf,Tekna,MODEL_VARIANT,Tekna,tekna,Vasıta > Otomobil > Nissan > Leaf > Tekna,curated-market-v1,CURATED_REVIEW,,
Otomobil,,Nissan,Maxima,,SERIES,Maxima,maxima,Vasıta > Otomobil > Nissan > Maxima,curated-market-v1,CURATED_REVIEW,,
Otomobil,,Nissan,Micra,,SERIES,Micra,micra,Vasıta > Otomobil > Nissan > Micra,curated-market-v1,CURATED_REVIEW,,
Otomobil,,Nissan,Micra,1.0 IG-T Tekna,MODEL_VARIANT,1.0 IG-T Tekna,1-0-ig-t-tekna,Vasıta > Otomobil > Nissan > Micra > 1.0 IG-T Tekna,curated-market-v1,CURATED_REVIEW,,
Otomobil,,Nissan,Micra,1.2 Match,MODEL_VARIANT,1.2 Match,1-2-match,Vasıta > Otomobil > Nissan > Micra > 1.2 Match,curated-market-v1,CURATED_REVIEW,,
Otomobil,,Nissan,Micra,1.5 dCi,MODEL_VARIANT,1.5 dCi,1-5-dci,Vasıta > Otomobil > Nissan > Micra > 1.5 dCi,curated-market-v1,CURATED_REVIEW,,
Otomobil,,Nissan,Note,,SERIES,Note,note,Vasıta > Otomobil > Nissan > Note,curated-market-v1,CURATED_REVIEW,,
Otomobil,,Nissan,Note,1.2 Tekna,MODEL_VARIANT,1.2 Tekna,1-2-tekna,Vasıta > Otomobil > Nissan > Note > 1.2 Tekna,curated-market-v1,CURATED_REVIEW,,
Otomobil,,Nissan,Note,1.5 dCi,MODEL_VARIANT,1.5 dCi,1-5-dci,Vasıta > Otomobil > Nissan > Note > 1.5 dCi,curated-market-v1,CURATED_REVIEW,,
Otomobil,,Nissan,Primera,,SERIES,Primera,primera,Vasıta > Otomobil > Nissan > Primera,curated-market-v1,CURATED_REVIEW,,
Otomobil,,Nissan,Pulsar,,SERIES,Pulsar,pulsar,Vasıta > Otomobil > Nissan > Pulsar,curated-market-v1,CURATED_REVIEW,,
Otomobil,,Nissan,Silvia,,SERIES,Silvia,silvia,Vasıta > Otomobil > Nissan > Silvia,curated-market-v1,CURATED_REVIEW,,
Otomobil,,Nissan,Skyline,,SERIES,Skyline,skyline,Vasıta > Otomobil > Nissan > Skyline,curated-market-v1,CURATED_REVIEW,,
Otomobil,,Nissan,Sunny,,SERIES,Sunny,sunny,Vasıta > Otomobil > Nissan > Sunny,curated-market-v1,CURATED_REVIEW,,
Otomobil,,Nissan,Tiida,,SERIES,Tiida,tiida,Vasıta > Otomobil > Nissan > Tiida,curated-market-v1,CURATED_REVIEW,,
Otomobil,,Opel,Adam,,SERIES,Adam,adam,Vasıta > Otomobil > Opel > Adam,curated-market-v1,CURATED_REVIEW,,
Otomobil,,Opel,Agila,,SERIES,Agila,agila,Vasıta > Otomobil > Opel > Agila,curated-market-v1,CURATED_REVIEW,,
Otomobil,,Opel,Ampera,,SERIES,Ampera,ampera,Vasıta > Otomobil > Opel > Ampera,curated-market-v1,CURATED_REVIEW,,
Otomobil,,Opel,Ascona,,SERIES,Ascona,ascona,Vasıta > Otomobil > Opel > Ascona,curated-market-v1,CURATED_REVIEW,,
Otomobil,,Opel,Astra,,SERIES,Astra,astra,Vasıta > Otomobil > Opel > Astra,curated-market-v1,CURATED_REVIEW,,
Otomobil,,Opel,Astra,1.2 T Edition,MODEL_VARIANT,1.2 T Edition,1-2-t-edition,Vasıta > Otomobil > Opel > Astra > 1.2 T Edition,curated-market-v1,CURATED_REVIEW,,
Otomobil,,Opel,Astra,1.3 CDTI Enjoy,MODEL_VARIANT,1.3 CDTI Enjoy,1-3-cdti-enjoy,Vasıta > Otomobil > Opel > Astra > 1.3 CDTI Enjoy,curated-market-v1,CURATED_REVIEW,,
Otomobil,,Opel,Astra,1.4 T Dynamic,MODEL_VARIANT,1.4 T Dynamic,1-4-t-dynamic,Vasıta > Otomobil > Opel > Astra > 1.4 T Dynamic,curated-market-v1,CURATED_REVIEW,,
Otomobil,,Opel,Astra,1.5 D Elegance,MODEL_VARIANT,1.5 D Elegance,1-5-d-elegance,Vasıta > Otomobil > Opel > Astra > 1.5 D Elegance,curated-market-v1,CURATED_REVIEW,,
Otomobil,,Opel,Astra,1.6 CDTI Enjoy,MODEL_VARIANT,1.6 CDTI Enjoy,1-6-cdti-enjoy,Vasıta > Otomobil > Opel > Astra > 1.6 CDTI Enjoy,curated-market-v1,CURATED_REVIEW,,
Otomobil,,Opel,Astra,1.6 Edition,MODEL_VARIANT,1.6 Edition,1-6-edition,Vasıta > Otomobil > Opel > Astra > 1.6 Edition,curated-market-v1,CURATED_REVIEW,,
Otomobil,,Opel,Calibra,,SERIES,Calibra,calibra,Vasıta > Otomobil > Opel > Calibra,curated-market-v1,CURATED_REVIEW,,
Otomobil,,Opel,Cascada,,SERIES,Cascada,cascada,Vasıta > Otomobil > Opel > Cascada,curated-market-v1,CURATED_REVIEW,,
Otomobil,,Opel,Corsa,,SERIES,Corsa,corsa,Vasıta > Otomobil > Opel > Corsa,curated-market-v1,CURATED_REVIEW,,
Otomobil,,Opel,Corsa,1.0,MODEL_VARIANT,1.0,1-0,Vasıta > Otomobil > Opel > Corsa > 1.0,curated-market-v1,CURATED_REVIEW,,
Otomobil,,Opel,Corsa,1.0 T,MODEL_VARIANT,1.0 T,1-0-t,Vasıta > Otomobil > Opel > Corsa > 1.0 T,curated-market-v1,CURATED_REVIEW,,
Otomobil,,Opel,Corsa,1.2,MODEL_VARIANT,1.2,1-2,Vasıta > Otomobil > Opel > Corsa > 1.2,curated-market-v1,CURATED_REVIEW,,
Otomobil,,Opel,Corsa,1.2 Hibrit,MODEL_VARIANT,1.2 Hibrit,1-2-hibrit,Vasıta > Otomobil > Opel > Corsa > 1.2 Hibrit,curated-market-v1,CURATED_REVIEW,,
Otomobil,,Opel,Corsa,1.2 T,MODEL_VARIANT,1.2 T,1-2-t,Vasıta > Otomobil > Opel > Corsa > 1.2 T,curated-market-v1,CURATED_REVIEW,,
Otomobil,,Opel,Corsa,1.2 Twinport,MODEL_VARIANT,1.2 Twinport,1-2-twinport,Vasıta > Otomobil > Opel > Corsa > 1.2 Twinport,curated-market-v1,CURATED_REVIEW,,
Otomobil,,Opel,Corsa,1.3 CDTI,MODEL_VARIANT,1.3 CDTI,1-3-cdti,Vasıta > Otomobil > Opel > Corsa > 1.3 CDTI,curated-market-v1,CURATED_REVIEW,,
Otomobil,,Opel,Corsa,1.4,MODEL_VARIANT,1.4,1-4,Vasıta > Otomobil > Opel > Corsa > 1.4,curated-market-v1,CURATED_REVIEW,,
Otomobil,,Opel,Corsa,1.4 Twinport,MODEL_VARIANT,1.4 Twinport,1-4-twinport,Vasıta > Otomobil > Opel > Corsa > 1.4 Twinport,curated-market-v1,CURATED_REVIEW,,
Otomobil,,Opel,Corsa,1.5 D,MODEL_VARIANT,1.5 D,1-5-d,Vasıta > Otomobil > Opel > Corsa > 1.5 D,curated-market-v1,CURATED_REVIEW,,
Otomobil,,Opel,Corsa,1.5 TD,MODEL_VARIANT,1.5 TD,1-5-td,Vasıta > Otomobil > Opel > Corsa > 1.5 TD,curated-market-v1,CURATED_REVIEW,,
Otomobil,,Opel,Corsa,1.6,MODEL_VARIANT,1.6,1-6,Vasıta > Otomobil > Opel > Corsa > 1.6,curated-market-v1,CURATED_REVIEW,,
Otomobil,,Opel,Corsa,1.7 DTI Comfort,MODEL_VARIANT,1.7 DTI Comfort,1-7-dti-comfort,Vasıta > Otomobil > Opel > Corsa > 1.7 DTI Comfort,curated-market-v1,CURATED_REVIEW,,
Otomobil,,Opel,Insignia,,SERIES,Insignia,insignia,Vasıta > Otomobil > Opel > Insignia,curated-market-v1,CURATED_REVIEW,,
Otomobil,,Opel,Insignia,1.5 T Grand Sport,MODEL_VARIANT,1.5 T Grand Sport,1-5-t-grand-sport,Vasıta > Otomobil > Opel > Insignia > 1.5 T Grand Sport,curated-market-v1,CURATED_REVIEW,,
Otomobil,,Opel,Insignia,1.6 CDTI Design,MODEL_VARIANT,1.6 CDTI Design,1-6-cdti-design,Vasıta > Otomobil > Opel > Insignia > 1.6 CDTI Design,curated-market-v1,CURATED_REVIEW,,
Otomobil,,Opel,Insignia,1.6 T Cosmo,MODEL_VARIANT,1.6 T Cosmo,1-6-t-cosmo,Vasıta > Otomobil > Opel > Insignia > 1.6 T Cosmo,curated-market-v1,CURATED_REVIEW,,
Otomobil,,Opel,Insignia,2.0 CDTI Cosmo,MODEL_VARIANT,2.0 CDTI Cosmo,2-0-cdti-cosmo,Vasıta > Otomobil > Opel > Insignia > 2.0 CDTI Cosmo,curated-market-v1,CURATED_REVIEW,,
Otomobil,,Opel,Kadett,,SERIES,Kadett,kadett,Vasıta > Otomobil > Opel > Kadett,curated-market-v1,CURATED_REVIEW,,
Otomobil,,Opel,Meriva,,SERIES,Meriva,meriva,Vasıta > Otomobil > Opel > Meriva,curated-market-v1,CURATED_REVIEW,,
Otomobil,,Opel,Meriva,1.3 CDTI Enjoy,MODEL_VARIANT,1.3 CDTI Enjoy,1-3-cdti-enjoy,Vasıta > Otomobil > Opel > Meriva > 1.3 CDTI Enjoy,curated-market-v1,CURATED_REVIEW,,
Otomobil,,Opel,Meriva,1.6 CDTI Cosmo,MODEL_VARIANT,1.6 CDTI Cosmo,1-6-cdti-cosmo,Vasıta > Otomobil > Opel > Meriva > 1.6 CDTI Cosmo,curated-market-v1,CURATED_REVIEW,,
Otomobil,,Opel,Omega,,SERIES,Omega,omega,Vasıta > Otomobil > Opel > Omega,curated-market-v1,CURATED_REVIEW,,
Otomobil,,Opel,Rekord,,SERIES,Rekord,rekord,Vasıta > Otomobil > Opel > Rekord,curated-market-v1,CURATED_REVIEW,,
Otomobil,,Opel,Senator,,SERIES,Senator,senator,Vasıta > Otomobil > Opel > Senator,curated-market-v1,CURATED_REVIEW,,
Otomobil,,Opel,Signum,,SERIES,Signum,signum,Vasıta > Otomobil > Opel > Signum,curated-market-v1,CURATED_REVIEW,,
Otomobil,,Opel,Tigra,,SERIES,Tigra,tigra,Vasıta > Otomobil > Opel > Tigra,curated-market-v1,CURATED_REVIEW,,
Otomobil,,Opel,Vectra,,SERIES,Vectra,vectra,Vasıta > Otomobil > Opel > Vectra,curated-market-v1,CURATED_REVIEW,,
Otomobil,,Opel,Vectra,1.6 Comfort,MODEL_VARIANT,1.6 Comfort,1-6-comfort,Vasıta > Otomobil > Opel > Vectra > 1.6 Comfort,curated-market-v1,CURATED_REVIEW,,
Otomobil,,Opel,Vectra,2.0 CDX,MODEL_VARIANT,2.0 CDX,2-0-cdx,Vasıta > Otomobil > Opel > Vectra > 2.0 CDX,curated-market-v1,CURATED_REVIEW,,
Otomobil,,Opel,Zafira,,SERIES,Zafira,zafira,Vasıta > Otomobil > Opel > Zafira,curated-market-v1,CURATED_REVIEW,,
Otomobil,,Opel,Zafira,1.6 Enjoy,MODEL_VARIANT,1.6 Enjoy,1-6-enjoy,Vasıta > Otomobil > Opel > Zafira > 1.6 Enjoy,curated-market-v1,CURATED_REVIEW,,
Otomobil,,Opel,Zafira,1.9 CDTI Cosmo,MODEL_VARIANT,1.9 CDTI Cosmo,1-9-cdti-cosmo,Vasıta > Otomobil > Opel > Zafira > 1.9 CDTI Cosmo,curated-market-v1,CURATED_REVIEW,,
Otomobil,,Ortimobil,O2,,SERIES,O2,o2,Vasıta > Otomobil > Ortimobil > O2,curated-market-v1,CURATED_REVIEW,,
Otomobil,,Ortimobil,O4,,SERIES,O4,o4,Vasıta > Otomobil > Ortimobil > O4,curated-market-v1,CURATED_REVIEW,,
Otomobil,,Peugeot,106,,SERIES,106,106,Vasıta > Otomobil > Peugeot > 106,curated-market-v1,CURATED_REVIEW,,
Otomobil,,Peugeot,107,,SERIES,107,107,Vasıta > Otomobil > Peugeot > 107,curated-market-v1,CURATED_REVIEW,,
Otomobil,,Peugeot,108,,SERIES,108,108,Vasıta > Otomobil > Peugeot > 108,curated-market-v1,CURATED_REVIEW,,
Otomobil,,Peugeot,205,,SERIES,205,205,Vasıta > Otomobil > Peugeot > 205,curated-market-v1,CURATED_REVIEW,,
Otomobil,,Peugeot,206,,SERIES,206,206,Vasıta > Otomobil > Peugeot > 206,curated-market-v1,CURATED_REVIEW,,
Otomobil,,Peugeot,206,1.4 HDi X-Line,MODEL_VARIANT,1.4 HDi X-Line,1-4-hdi-x-line,Vasıta > Otomobil > Peugeot > 206 > 1.4 HDi X-Line,curated-market-v1,CURATED_REVIEW,,
Otomobil,,Peugeot,206,1.4 XR,MODEL_VARIANT,1.4 XR,1-4-xr,Vasıta > Otomobil > Peugeot > 206 > 1.4 XR,curated-market-v1,CURATED_REVIEW,,
Otomobil,,Peugeot,206,1.6 XT,MODEL_VARIANT,1.6 XT,1-6-xt,Vasıta > Otomobil > Peugeot > 206 > 1.6 XT,curated-market-v1,CURATED_REVIEW,,
Otomobil,,Peugeot,207,,SERIES,207,207,Vasıta > Otomobil > Peugeot > 207,curated-market-v1,CURATED_REVIEW,,
Otomobil,,Peugeot,207,1.4 HDi Trendy,MODEL_VARIANT,1.4 HDi Trendy,1-4-hdi-trendy,Vasıta > Otomobil > Peugeot > 207 > 1.4 HDi Trendy,curated-market-v1,CURATED_REVIEW,,
Otomobil,,Peugeot,207,1.4 VTi Active,MODEL_VARIANT,1.4 VTi Active,1-4-vti-active,Vasıta > Otomobil > Peugeot > 207 > 1.4 VTi Active,curated-market-v1,CURATED_REVIEW,,
Otomobil,,Peugeot,207,1.6 HDi Premium,MODEL_VARIANT,1.6 HDi Premium,1-6-hdi-premium,Vasıta > Otomobil > Peugeot > 207 > 1.6 HDi Premium,curated-market-v1,CURATED_REVIEW,,
Otomobil,,Peugeot,208,,SERIES,208,208,Vasıta > Otomobil > Peugeot > 208,curated-market-v1,CURATED_REVIEW,,
Otomobil,,Peugeot,208,1.2 PureTech Active,MODEL_VARIANT,1.2 PureTech Active,1-2-puretech-active,Vasıta > Otomobil > Peugeot > 208 > 1.2 PureTech Active,curated-market-v1,CURATED_REVIEW,,
Otomobil,,Peugeot,208,1.2 PureTech Allure,MODEL_VARIANT,1.2 PureTech Allure,1-2-puretech-allure,Vasıta > Otomobil > Peugeot > 208 > 1.2 PureTech Allure,curated-market-v1,CURATED_REVIEW,,
Otomobil,,Peugeot,208,1.2 PureTech GT,MODEL_VARIANT,1.2 PureTech GT,1-2-puretech-gt,Vasıta > Otomobil > Peugeot > 208 > 1.2 PureTech GT,curated-market-v1,CURATED_REVIEW,,
Otomobil,,Peugeot,208,1.5 BlueHDi Active,MODEL_VARIANT,1.5 BlueHDi Active,1-5-bluehdi-active,Vasıta > Otomobil > Peugeot > 208 > 1.5 BlueHDi Active,curated-market-v1,CURATED_REVIEW,,
Otomobil,,Peugeot,208,e-208 GT,MODEL_VARIANT,e-208 GT,e-208-gt,Vasıta > Otomobil > Peugeot > 208 > e-208 GT,curated-market-v1,CURATED_REVIEW,,
Otomobil,,Peugeot,301,,SERIES,301,301,Vasıta > Otomobil > Peugeot > 301,curated-market-v1,CURATED_REVIEW,,
Otomobil,,Peugeot,301,1.2 PureTech Active,MODEL_VARIANT,1.2 PureTech Active,1-2-puretech-active,Vasıta > Otomobil > Peugeot > 301 > 1.2 PureTech Active,curated-market-v1,CURATED_REVIEW,,
Otomobil,,Peugeot,301,1.5 BlueHDi Allure,MODEL_VARIANT,1.5 BlueHDi Allure,1-5-bluehdi-allure,Vasıta > Otomobil > Peugeot > 301 > 1.5 BlueHDi Allure,curated-market-v1,CURATED_REVIEW,,
Otomobil,,Peugeot,301,1.6 HDi Active,MODEL_VARIANT,1.6 HDi Active,1-6-hdi-active,Vasıta > Otomobil > Peugeot > 301 > 1.6 HDi Active,curated-market-v1,CURATED_REVIEW,,
Otomobil,,Peugeot,305,,SERIES,305,305,Vasıta > Otomobil > Peugeot > 305,curated-market-v1,CURATED_REVIEW,,
Otomobil,,Peugeot,306,,SERIES,306,306,Vasıta > Otomobil > Peugeot > 306,curated-market-v1,CURATED_REVIEW,,
Otomobil,,Peugeot,307,,SERIES,307,307,Vasıta > Otomobil > Peugeot > 307,curated-market-v1,CURATED_REVIEW,,
Otomobil,,Peugeot,307,1.4 HDi XR,MODEL_VARIANT,1.4 HDi XR,1-4-hdi-xr,Vasıta > Otomobil > Peugeot > 307 > 1.4 HDi XR,curated-market-v1,CURATED_REVIEW,,
Otomobil,,Peugeot,307,1.6 HDi Premium,MODEL_VARIANT,1.6 HDi Premium,1-6-hdi-premium,Vasıta > Otomobil > Peugeot > 307 > 1.6 HDi Premium,curated-market-v1,CURATED_REVIEW,,
Otomobil,,Peugeot,307,1.6 XT,MODEL_VARIANT,1.6 XT,1-6-xt,Vasıta > Otomobil > Peugeot > 307 > 1.6 XT,curated-market-v1,CURATED_REVIEW,,
Otomobil,,Peugeot,308,,SERIES,308,308,Vasıta > Otomobil > Peugeot > 308,curated-market-v1,CURATED_REVIEW,,
Otomobil,,Peugeot,308,1.2 PureTech Allure,MODEL_VARIANT,1.2 PureTech Allure,1-2-puretech-allure,Vasıta > Otomobil > Peugeot > 308 > 1.2 PureTech Allure,curated-market-v1,CURATED_REVIEW,,
Otomobil,,Peugeot,308,1.2 PureTech GT,MODEL_VARIANT,1.2 PureTech GT,1-2-puretech-gt,Vasıta > Otomobil > Peugeot > 308 > 1.2 PureTech GT,curated-market-v1,CURATED_REVIEW,,
Otomobil,,Peugeot,308,1.5 BlueHDi Allure,MODEL_VARIANT,1.5 BlueHDi Allure,1-5-bluehdi-allure,Vasıta > Otomobil > Peugeot > 308 > 1.5 BlueHDi Allure,curated-market-v1,CURATED_REVIEW,,
Otomobil,,Peugeot,308,1.6 HDi Active,MODEL_VARIANT,1.6 HDi Active,1-6-hdi-active,Vasıta > Otomobil > Peugeot > 308 > 1.6 HDi Active,curated-market-v1,CURATED_REVIEW,,
Otomobil,,Peugeot,405,,SERIES,405,405,Vasıta > Otomobil > Peugeot > 405,curated-market-v1,CURATED_REVIEW,,
Otomobil,,Peugeot,406,,SERIES,406,406,Vasıta > Otomobil > Peugeot > 406,curated-market-v1,CURATED_REVIEW,,
Otomobil,,Peugeot,407,,SERIES,407,407,Vasıta > Otomobil > Peugeot > 407,curated-market-v1,CURATED_REVIEW,,
Otomobil,,Peugeot,407,1.6 HDi Comfort,MODEL_VARIANT,1.6 HDi Comfort,1-6-hdi-comfort,Vasıta > Otomobil > Peugeot > 407 > 1.6 HDi Comfort,curated-market-v1,CURATED_REVIEW,,
Otomobil,,Peugeot,407,2.0 HDi Executive,MODEL_VARIANT,2.0 HDi Executive,2-0-hdi-executive,Vasıta > Otomobil > Peugeot > 407 > 2.0 HDi Executive,curated-market-v1,CURATED_REVIEW,,
Otomobil,,Peugeot,508,,SERIES,508,508,Vasıta > Otomobil > Peugeot > 508,curated-market-v1,CURATED_REVIEW,,
Otomobil,,Peugeot,508,1.5 BlueHDi Allure,MODEL_VARIANT,1.5 BlueHDi Allure,1-5-bluehdi-allure,Vasıta > Otomobil > Peugeot > 508 > 1.5 BlueHDi Allure,curated-market-v1,CURATED_REVIEW,,
Otomobil,,Peugeot,508,1.6 PureTech GT,MODEL_VARIANT,1.6 PureTech GT,1-6-puretech-gt,Vasıta > Otomobil > Peugeot > 508 > 1.6 PureTech GT,curated-market-v1,CURATED_REVIEW,,
Otomobil,,Peugeot,508,Hybrid GT,MODEL_VARIANT,Hybrid GT,hybrid-gt,Vasıta > Otomobil > Peugeot > 508 > Hybrid GT,curated-market-v1,CURATED_REVIEW,,
Otomobil,,Peugeot,605,,SERIES,605,605,Vasıta > Otomobil > Peugeot > 605,curated-market-v1,CURATED_REVIEW,,
Otomobil,,Peugeot,607,,SERIES,607,607,Vasıta > Otomobil > Peugeot > 607,curated-market-v1,CURATED_REVIEW,,
Otomobil,,Peugeot,RCZ,,SERIES,RCZ,rcz,Vasıta > Otomobil > Peugeot > RCZ,curated-market-v1,CURATED_REVIEW,,
Otomobil,,Plymouth,Barracuda,,SERIES,Barracuda,barracuda,Vasıta > Otomobil > Plymouth > Barracuda,curated-market-v1,CURATED_REVIEW,,
Otomobil,,Plymouth,Belvedere,,SERIES,Belvedere,belvedere,Vasıta > Otomobil > Plymouth > Belvedere,curated-market-v1,CURATED_REVIEW,,
Otomobil,,Plymouth,Fury,,SERIES,Fury,fury,Vasıta > Otomobil > Plymouth > Fury,curated-market-v1,CURATED_REVIEW,,
Otomobil,,Plymouth,Neon,,SERIES,Neon,neon,Vasıta > Otomobil > Plymouth > Neon,curated-market-v1,CURATED_REVIEW,,
Otomobil,,Plymouth,Prowler,,SERIES,Prowler,prowler,Vasıta > Otomobil > Plymouth > Prowler,curated-market-v1,CURATED_REVIEW,,
Otomobil,,Plymouth,Road Runner,,SERIES,Road Runner,road-runner,Vasıta > Otomobil > Plymouth > Road Runner,curated-market-v1,CURATED_REVIEW,,
Otomobil,,Plymouth,Satellite,,SERIES,Satellite,satellite,Vasıta > Otomobil > Plymouth > Satellite,curated-market-v1,CURATED_REVIEW,,
Otomobil,,Plymouth,Voyager,,SERIES,Voyager,voyager,Vasıta > Otomobil > Plymouth > Voyager,curated-market-v1,CURATED_REVIEW,,
Otomobil,,Polestar,1,,SERIES,1,1,Vasıta > Otomobil > Polestar > 1,curated-market-v1,CURATED_REVIEW,,
Otomobil,,Polestar,2,,SERIES,2,2,Vasıta > Otomobil > Polestar > 2,curated-market-v1,CURATED_REVIEW,,
Otomobil,,Polestar,2,Long Range Single Motor,MODEL_VARIANT,Long Range Single Motor,long-range-single-motor,Vasıta > Otomobil > Polestar > 2 > Long Range Single Motor,curated-market-v1,CURATED_REVIEW,,
Otomobil,,Polestar,2,Long Range Dual Motor,MODEL_VARIANT,Long Range Dual Motor,long-range-dual-motor,Vasıta > Otomobil > Polestar > 2 > Long Range Dual Motor,curated-market-v1,CURATED_REVIEW,,
Otomobil,,Polestar,3,,SERIES,3,3,Vasıta > Otomobil > Polestar > 3,curated-market-v1,CURATED_REVIEW,,
Otomobil,,Polestar,4,,SERIES,4,4,Vasıta > Otomobil > Polestar > 4,curated-market-v1,CURATED_REVIEW,,
Otomobil,,Pontiac,Bonneville,,SERIES,Bonneville,bonneville,Vasıta > Otomobil > Pontiac > Bonneville,curated-market-v1,CURATED_REVIEW,,
Otomobil,,Pontiac,Firebird,,SERIES,Firebird,firebird,Vasıta > Otomobil > Pontiac > Firebird,curated-market-v1,CURATED_REVIEW,,
Otomobil,,Pontiac,G5,,SERIES,G5,g5,Vasıta > Otomobil > Pontiac > G5,curated-market-v1,CURATED_REVIEW,,
Otomobil,,Pontiac,G6,,SERIES,G6,g6,Vasıta > Otomobil > Pontiac > G6,curated-market-v1,CURATED_REVIEW,,
Otomobil,,Pontiac,Grand Am,,SERIES,Grand Am,grand-am,Vasıta > Otomobil > Pontiac > Grand Am,curated-market-v1,CURATED_REVIEW,,
Otomobil,,Pontiac,Grand Prix,,SERIES,Grand Prix,grand-prix,Vasıta > Otomobil > Pontiac > Grand Prix,curated-market-v1,CURATED_REVIEW,,
Otomobil,,Pontiac,GTO,,SERIES,GTO,gto,Vasıta > Otomobil > Pontiac > GTO,curated-market-v1,CURATED_REVIEW,,
Otomobil,,Pontiac,Solstice,,SERIES,Solstice,solstice,Vasıta > Otomobil > Pontiac > Solstice,curated-market-v1,CURATED_REVIEW,,
Otomobil,,Pontiac,Sunfire,,SERIES,Sunfire,sunfire,Vasıta > Otomobil > Pontiac > Sunfire,curated-market-v1,CURATED_REVIEW,,
Otomobil,,Pontiac,Trans Am,,SERIES,Trans Am,trans-am,Vasıta > Otomobil > Pontiac > Trans Am,curated-market-v1,CURATED_REVIEW,,
Otomobil,,Porsche,718,,SERIES,718,718,Vasıta > Otomobil > Porsche > 718,curated-market-v1,CURATED_REVIEW,,
Otomobil,,Porsche,718,Boxster,MODEL_VARIANT,Boxster,boxster,Vasıta > Otomobil > Porsche > 718 > Boxster,curated-market-v1,CURATED_REVIEW,,
Otomobil,,Porsche,718,Cayman,MODEL_VARIANT,Cayman,cayman,Vasıta > Otomobil > Porsche > 718 > Cayman,curated-market-v1,CURATED_REVIEW,,
Otomobil,,Porsche,718,GTS 4.0,MODEL_VARIANT,GTS 4.0,gts-4-0,Vasıta > Otomobil > Porsche > 718 > GTS 4.0,curated-market-v1,CURATED_REVIEW,,
Otomobil,,Porsche,911,,SERIES,911,911,Vasıta > Otomobil > Porsche > 911,curated-market-v1,CURATED_REVIEW,,
Otomobil,,Porsche,911,Carrera,MODEL_VARIANT,Carrera,carrera,Vasıta > Otomobil > Porsche > 911 > Carrera,curated-market-v1,CURATED_REVIEW,,
Otomobil,,Porsche,911,Carrera S,MODEL_VARIANT,Carrera S,carrera-s,Vasıta > Otomobil > Porsche > 911 > Carrera S,curated-market-v1,CURATED_REVIEW,,
Otomobil,,Porsche,911,Carrera 4S,MODEL_VARIANT,Carrera 4S,carrera-4s,Vasıta > Otomobil > Porsche > 911 > Carrera 4S,curated-market-v1,CURATED_REVIEW,,
Otomobil,,Porsche,911,Targa 4S,MODEL_VARIANT,Targa 4S,targa-4s,Vasıta > Otomobil > Porsche > 911 > Targa 4S,curated-market-v1,CURATED_REVIEW,,
Otomobil,,Porsche,911,Turbo S,MODEL_VARIANT,Turbo S,turbo-s,Vasıta > Otomobil > Porsche > 911 > Turbo S,curated-market-v1,CURATED_REVIEW,,
Otomobil,,Porsche,911,GT3,MODEL_VARIANT,GT3,gt3,Vasıta > Otomobil > Porsche > 911 > GT3,curated-market-v1,CURATED_REVIEW,,
Otomobil,,Porsche,911,GT3 RS,MODEL_VARIANT,GT3 RS,gt3-rs,Vasıta > Otomobil > Porsche > 911 > GT3 RS,curated-market-v1,CURATED_REVIEW,,
Otomobil,,Porsche,Boxster,,SERIES,Boxster,boxster,Vasıta > Otomobil > Porsche > Boxster,curated-market-v1,CURATED_REVIEW,,
Otomobil,,Porsche,Cayman,,SERIES,Cayman,cayman,Vasıta > Otomobil > Porsche > Cayman,curated-market-v1,CURATED_REVIEW,,
Otomobil,,Porsche,Panamera,,SERIES,Panamera,panamera,Vasıta > Otomobil > Porsche > Panamera,curated-market-v1,CURATED_REVIEW,,
Otomobil,,Porsche,Panamera,2.9 4,MODEL_VARIANT,2.9 4,2-9-4,Vasıta > Otomobil > Porsche > Panamera > 2.9 4,curated-market-v1,CURATED_REVIEW,,
Otomobil,,Porsche,Panamera,4 E-Hybrid,MODEL_VARIANT,4 E-Hybrid,4-e-hybrid,Vasıta > Otomobil > Porsche > Panamera > 4 E-Hybrid,curated-market-v1,CURATED_REVIEW,,
Otomobil,,Porsche,Panamera,GTS,MODEL_VARIANT,GTS,gts,Vasıta > Otomobil > Porsche > Panamera > GTS,curated-market-v1,CURATED_REVIEW,,
Otomobil,,Porsche,Panamera,Turbo S,MODEL_VARIANT,Turbo S,turbo-s,Vasıta > Otomobil > Porsche > Panamera > Turbo S,curated-market-v1,CURATED_REVIEW,,
Otomobil,,Porsche,Taycan,,SERIES,Taycan,taycan,Vasıta > Otomobil > Porsche > Taycan,curated-market-v1,CURATED_REVIEW,,
Otomobil,,Porsche,Taycan,4S,MODEL_VARIANT,4S,4s,Vasıta > Otomobil > Porsche > Taycan > 4S,curated-market-v1,CURATED_REVIEW,,
Otomobil,,Porsche,Taycan,GTS,MODEL_VARIANT,GTS,gts,Vasıta > Otomobil > Porsche > Taycan > GTS,curated-market-v1,CURATED_REVIEW,,
Otomobil,,Porsche,Taycan,Turbo,MODEL_VARIANT,Turbo,turbo,Vasıta > Otomobil > Porsche > Taycan > Turbo,curated-market-v1,CURATED_REVIEW,,
Otomobil,,Porsche,Taycan,Turbo S,MODEL_VARIANT,Turbo S,turbo-s,Vasıta > Otomobil > Porsche > Taycan > Turbo S,curated-market-v1,CURATED_REVIEW,,
Otomobil,,Proton,315,,SERIES,315,315,Vasıta > Otomobil > Proton > 315,curated-market-v1,CURATED_REVIEW,,
Otomobil,,Proton,316,,SERIES,316,316,Vasıta > Otomobil > Proton > 316,curated-market-v1,CURATED_REVIEW,,
Otomobil,,Proton,Persona,,SERIES,Persona,persona,Vasıta > Otomobil > Proton > Persona,curated-market-v1,CURATED_REVIEW,,
Otomobil,,Proton,Saga,,SERIES,Saga,saga,Vasıta > Otomobil > Proton > Saga,curated-market-v1,CURATED_REVIEW,,
Otomobil,,Proton,Satria,,SERIES,Satria,satria,Vasıta > Otomobil > Proton > Satria,curated-market-v1,CURATED_REVIEW,,
Otomobil,,Proton,Savvy,,SERIES,Savvy,savvy,Vasıta > Otomobil > Proton > Savvy,curated-market-v1,CURATED_REVIEW,,
Otomobil,,Proton,Waja,,SERIES,Waja,waja,Vasıta > Otomobil > Proton > Waja,curated-market-v1,CURATED_REVIEW,,
Otomobil,,Proton,Wira,,SERIES,Wira,wira,Vasıta > Otomobil > Proton > Wira,curated-market-v1,CURATED_REVIEW,,
Otomobil,,Rainwoll,RW10,,SERIES,RW10,rw10,Vasıta > Otomobil > Rainwoll > RW10,curated-market-v1,CURATED_REVIEW,,
Otomobil,,Rainwoll,RW20,,SERIES,RW20,rw20,Vasıta > Otomobil > Rainwoll > RW20,curated-market-v1,CURATED_REVIEW,,
Otomobil,,Reeder,ReeV Fancy,,SERIES,ReeV Fancy,reev-fancy,Vasıta > Otomobil > Reeder > ReeV Fancy,curated-market-v1,CURATED_REVIEW,,
Otomobil,,Reeder,ReeV Max,,SERIES,ReeV Max,reev-max,Vasıta > Otomobil > Reeder > ReeV Max,curated-market-v1,CURATED_REVIEW,,
Otomobil,,Regal Raptor,K5,,SERIES,K5,k5,Vasıta > Otomobil > Regal Raptor > K5,curated-market-v1,CURATED_REVIEW,,
Otomobil,,Regal Raptor,Pilder,,SERIES,Pilder,pilder,Vasıta > Otomobil > Regal Raptor > Pilder,curated-market-v1,CURATED_REVIEW,,
Otomobil,,Relive,N1,,SERIES,N1,n1,Vasıta > Otomobil > Relive > N1,curated-market-v1,CURATED_REVIEW,,
Otomobil,,Renault,Clio,,SERIES,Clio,clio,Vasıta > Otomobil > Renault > Clio,curated-market-v1,CURATED_REVIEW,,
Otomobil,,Renault,Clio,1.0 SCe Joy,MODEL_VARIANT,1.0 SCe Joy,1-0-sce-joy,Vasıta > Otomobil > Renault > Clio > 1.0 SCe Joy,curated-market-v1,CURATED_REVIEW,,
Otomobil,,Renault,Clio,1.0 TCe Touch,MODEL_VARIANT,1.0 TCe Touch,1-0-tce-touch,Vasıta > Otomobil > Renault > Clio > 1.0 TCe Touch,curated-market-v1,CURATED_REVIEW,,
Otomobil,,Renault,Clio,1.0 TCe Icon,MODEL_VARIANT,1.0 TCe Icon,1-0-tce-icon,Vasıta > Otomobil > Renault > Clio > 1.0 TCe Icon,curated-market-v1,CURATED_REVIEW,,
Otomobil,,Renault,Clio,1.0 TCe Evolution,MODEL_VARIANT,1.0 TCe Evolution,1-0-tce-evolution,Vasıta > Otomobil > Renault > Clio > 1.0 TCe Evolution,curated-market-v1,CURATED_REVIEW,,
Otomobil,,Renault,Clio,1.0 TCe Techno,MODEL_VARIANT,1.0 TCe Techno,1-0-tce-techno,Vasıta > Otomobil > Renault > Clio > 1.0 TCe Techno,curated-market-v1,CURATED_REVIEW,,
Otomobil,,Renault,Clio,1.2 Joy,MODEL_VARIANT,1.2 Joy,1-2-joy,Vasıta > Otomobil > Renault > Clio > 1.2 Joy,curated-market-v1,CURATED_REVIEW,,
Otomobil,,Renault,Clio,1.5 dCi Joy,MODEL_VARIANT,1.5 dCi Joy,1-5-dci-joy,Vasıta > Otomobil > Renault > Clio > 1.5 dCi Joy,curated-market-v1,CURATED_REVIEW,,
Otomobil,,Renault,Clio,1.5 dCi Icon,MODEL_VARIANT,1.5 dCi Icon,1-5-dci-icon,Vasıta > Otomobil > Renault > Clio > 1.5 dCi Icon,curated-market-v1,CURATED_REVIEW,,
Otomobil,,Renault,Fluence,,SERIES,Fluence,fluence,Vasıta > Otomobil > Renault > Fluence,curated-market-v1,CURATED_REVIEW,,
Otomobil,,Renault,Fluence,1.5 dCi Business,MODEL_VARIANT,1.5 dCi Business,1-5-dci-business,Vasıta > Otomobil > Renault > Fluence > 1.5 dCi Business,curated-market-v1,CURATED_REVIEW,,
Otomobil,,Renault,Fluence,1.5 dCi Icon,MODEL_VARIANT,1.5 dCi Icon,1-5-dci-icon,Vasıta > Otomobil > Renault > Fluence > 1.5 dCi Icon,curated-market-v1,CURATED_REVIEW,,
Otomobil,,Renault,Fluence,1.6 Extreme,MODEL_VARIANT,1.6 Extreme,1-6-extreme,Vasıta > Otomobil > Renault > Fluence > 1.6 Extreme,curated-market-v1,CURATED_REVIEW,,
Otomobil,,Renault,Laguna,,SERIES,Laguna,laguna,Vasıta > Otomobil > Renault > Laguna,curated-market-v1,CURATED_REVIEW,,
Otomobil,,Renault,Latitude,,SERIES,Latitude,latitude,Vasıta > Otomobil > Renault > Latitude,curated-market-v1,CURATED_REVIEW,,
Otomobil,,Renault,Megane,,SERIES,Megane,megane,Vasıta > Otomobil > Renault > Megane,curated-market-v1,CURATED_REVIEW,,
Otomobil,,Renault,Megane,1.3 TCe Joy,MODEL_VARIANT,1.3 TCe Joy,1-3-tce-joy,Vasıta > Otomobil > Renault > Megane > 1.3 TCe Joy,curated-market-v1,CURATED_REVIEW,,
Otomobil,,Renault,Megane,1.3 TCe Icon,MODEL_VARIANT,1.3 TCe Icon,1-3-tce-icon,Vasıta > Otomobil > Renault > Megane > 1.3 TCe Icon,curated-market-v1,CURATED_REVIEW,,
Otomobil,,Renault,Megane,1.5 Blue dCi Touch,MODEL_VARIANT,1.5 Blue dCi Touch,1-5-blue-dci-touch,Vasıta > Otomobil > Renault > Megane > 1.5 Blue dCi Touch,curated-market-v1,CURATED_REVIEW,,
Otomobil,,Renault,Megane,1.5 dCi Icon,MODEL_VARIANT,1.5 dCi Icon,1-5-dci-icon,Vasıta > Otomobil > Renault > Megane > 1.5 dCi Icon,curated-market-v1,CURATED_REVIEW,,
Otomobil,,Renault,Megane,1.6 Joy,MODEL_VARIANT,1.6 Joy,1-6-joy,Vasıta > Otomobil > Renault > Megane > 1.6 Joy,curated-market-v1,CURATED_REVIEW,,
Otomobil,,Renault,Megane,1.6 Touch,MODEL_VARIANT,1.6 Touch,1-6-touch,Vasıta > Otomobil > Renault > Megane > 1.6 Touch,curated-market-v1,CURATED_REVIEW,,
Otomobil,,Renault,R11,,SERIES,R11,r11,Vasıta > Otomobil > Renault > R11,curated-market-v1,CURATED_REVIEW,,
Otomobil,,Renault,R19,,SERIES,R19,r19,Vasıta > Otomobil > Renault > R19,curated-market-v1,CURATED_REVIEW,,
Otomobil,,Renault,R21,,SERIES,R21,r21,Vasıta > Otomobil > Renault > R21,curated-market-v1,CURATED_REVIEW,,
Otomobil,,Renault,R25,,SERIES,R25,r25,Vasıta > Otomobil > Renault > R25,curated-market-v1,CURATED_REVIEW,,
Otomobil,,Renault,R9,,SERIES,R9,r9,Vasıta > Otomobil > Renault > R9,curated-market-v1,CURATED_REVIEW,,
Otomobil,,Renault,Safrane,,SERIES,Safrane,safrane,Vasıta > Otomobil > Renault > Safrane,curated-market-v1,CURATED_REVIEW,,
Otomobil,,Renault,Scenic,,SERIES,Scenic,scenic,Vasıta > Otomobil > Renault > Scenic,curated-market-v1,CURATED_REVIEW,,
Otomobil,,Renault,Symbol,,SERIES,Symbol,symbol,Vasıta > Otomobil > Renault > Symbol,curated-market-v1,CURATED_REVIEW,,
Otomobil,,Renault,Symbol,1.2 Joy,MODEL_VARIANT,1.2 Joy,1-2-joy,Vasıta > Otomobil > Renault > Symbol > 1.2 Joy,curated-market-v1,CURATED_REVIEW,,
Otomobil,,Renault,Symbol,1.5 dCi Joy,MODEL_VARIANT,1.5 dCi Joy,1-5-dci-joy,Vasıta > Otomobil > Renault > Symbol > 1.5 dCi Joy,curated-market-v1,CURATED_REVIEW,,
Otomobil,,Renault,Symbol,1.5 dCi Touch,MODEL_VARIANT,1.5 dCi Touch,1-5-dci-touch,Vasıta > Otomobil > Renault > Symbol > 1.5 dCi Touch,curated-market-v1,CURATED_REVIEW,,
Otomobil,,Renault,Taliant,,SERIES,Taliant,taliant,Vasıta > Otomobil > Renault > Taliant,curated-market-v1,CURATED_REVIEW,,
Otomobil,,Renault,Taliant,1.0 SCe Joy,MODEL_VARIANT,1.0 SCe Joy,1-0-sce-joy,Vasıta > Otomobil > Renault > Taliant > 1.0 SCe Joy,curated-market-v1,CURATED_REVIEW,,
Otomobil,,Renault,Taliant,1.0 TCe Touch,MODEL_VARIANT,1.0 TCe Touch,1-0-tce-touch,Vasıta > Otomobil > Renault > Taliant > 1.0 TCe Touch,curated-market-v1,CURATED_REVIEW,,
Otomobil,,Renault,Twingo,,SERIES,Twingo,twingo,Vasıta > Otomobil > Renault > Twingo,curated-market-v1,CURATED_REVIEW,,
Otomobil,,Renault,Vel Satis,,SERIES,Vel Satis,vel-satis,Vasıta > Otomobil > Renault > Vel Satis,curated-market-v1,CURATED_REVIEW,,
Otomobil,,Renault,Zoe,,SERIES,Zoe,zoe,Vasıta > Otomobil > Renault > Zoe,curated-market-v1,CURATED_REVIEW,,
Otomobil,,Renault,Zoe,Intens,MODEL_VARIANT,Intens,intens,Vasıta > Otomobil > Renault > Zoe > Intens,curated-market-v1,CURATED_REVIEW,,
Otomobil,,RKS,A1,,SERIES,A1,a1,Vasıta > Otomobil > RKS > A1,curated-market-v1,CURATED_REVIEW,,
Otomobil,,RKS,D2,,SERIES,D2,d2,Vasıta > Otomobil > RKS > D2,curated-market-v1,CURATED_REVIEW,,
Otomobil,,RKS,M5,,SERIES,M5,m5,Vasıta > Otomobil > RKS > M5,curated-market-v1,CURATED_REVIEW,,
Otomobil,,Roewe,Ei5,,SERIES,Ei5,ei5,Vasıta > Otomobil > Roewe > Ei5,curated-market-v1,CURATED_REVIEW,,
Otomobil,,Roewe,i5,,SERIES,i5,i5,Vasıta > Otomobil > Roewe > i5,curated-market-v1,CURATED_REVIEW,,
Otomobil,,Roewe,i6,,SERIES,i6,i6,Vasıta > Otomobil > Roewe > i6,curated-market-v1,CURATED_REVIEW,,
Otomobil,,Rolls-Royce,Corniche,,SERIES,Corniche,corniche,Vasıta > Otomobil > Rolls-Royce > Corniche,curated-market-v1,CURATED_REVIEW,,
Otomobil,,Rolls-Royce,Cullinan,,SERIES,Cullinan,cullinan,Vasıta > Otomobil > Rolls-Royce > Cullinan,curated-market-v1,CURATED_REVIEW,,
Otomobil,,Rolls-Royce,Dawn,,SERIES,Dawn,dawn,Vasıta > Otomobil > Rolls-Royce > Dawn,curated-market-v1,CURATED_REVIEW,,
Otomobil,,Rolls-Royce,Ghost,,SERIES,Ghost,ghost,Vasıta > Otomobil > Rolls-Royce > Ghost,curated-market-v1,CURATED_REVIEW,,
Otomobil,,Rolls-Royce,Phantom,,SERIES,Phantom,phantom,Vasıta > Otomobil > Rolls-Royce > Phantom,curated-market-v1,CURATED_REVIEW,,
Otomobil,,Rolls-Royce,Silver Cloud,,SERIES,Silver Cloud,silver-cloud,Vasıta > Otomobil > Rolls-Royce > Silver Cloud,curated-market-v1,CURATED_REVIEW,,
Otomobil,,Rolls-Royce,Silver Seraph,,SERIES,Silver Seraph,silver-seraph,Vasıta > Otomobil > Rolls-Royce > Silver Seraph,curated-market-v1,CURATED_REVIEW,,
Otomobil,,Rolls-Royce,Silver Shadow,,SERIES,Silver Shadow,silver-shadow,Vasıta > Otomobil > Rolls-Royce > Silver Shadow,curated-market-v1,CURATED_REVIEW,,
Otomobil,,Rolls-Royce,Spectre,,SERIES,Spectre,spectre,Vasıta > Otomobil > Rolls-Royce > Spectre,curated-market-v1,CURATED_REVIEW,,
Otomobil,,Rolls-Royce,Wraith,,SERIES,Wraith,wraith,Vasıta > Otomobil > Rolls-Royce > Wraith,curated-market-v1,CURATED_REVIEW,,
Otomobil,,Rover,200,,SERIES,200,200,Vasıta > Otomobil > Rover > 200,curated-market-v1,CURATED_REVIEW,,
Otomobil,,Rover,25,,SERIES,25,25,Vasıta > Otomobil > Rover > 25,curated-market-v1,CURATED_REVIEW,,
Otomobil,,Rover,400,,SERIES,400,400,Vasıta > Otomobil > Rover > 400,curated-market-v1,CURATED_REVIEW,,
Otomobil,,Rover,45,,SERIES,45,45,Vasıta > Otomobil > Rover > 45,curated-market-v1,CURATED_REVIEW,,
Otomobil,,Rover,600,,SERIES,600,600,Vasıta > Otomobil > Rover > 600,curated-market-v1,CURATED_REVIEW,,
Otomobil,,Rover,75,,SERIES,75,75,Vasıta > Otomobil > Rover > 75,curated-market-v1,CURATED_REVIEW,,
Otomobil,,Rover,800,,SERIES,800,800,Vasıta > Otomobil > Rover > 800,curated-market-v1,CURATED_REVIEW,,
Otomobil,,Rover,Mini,,SERIES,Mini,mini,Vasıta > Otomobil > Rover > Mini,curated-market-v1,CURATED_REVIEW,,
Otomobil,,Saab,9-3,,SERIES,9-3,9-3,Vasıta > Otomobil > Saab > 9-3,curated-market-v1,CURATED_REVIEW,,
Otomobil,,Saab,9-5,,SERIES,9-5,9-5,Vasıta > Otomobil > Saab > 9-5,curated-market-v1,CURATED_REVIEW,,
Otomobil,,Saab,900,,SERIES,900,900,Vasıta > Otomobil > Saab > 900,curated-market-v1,CURATED_REVIEW,,
Otomobil,,Saab,9000,,SERIES,9000,9000,Vasıta > Otomobil > Saab > 9000,curated-market-v1,CURATED_REVIEW,,
Otomobil,,Saab,96,,SERIES,96,96,Vasıta > Otomobil > Saab > 96,curated-market-v1,CURATED_REVIEW,,
Otomobil,,Saab,99,,SERIES,99,99,Vasıta > Otomobil > Saab > 99,curated-market-v1,CURATED_REVIEW,,
Otomobil,,Seat,Alhambra,,SERIES,Alhambra,alhambra,Vasıta > Otomobil > Seat > Alhambra,curated-market-v1,CURATED_REVIEW,,
Otomobil,,Seat,Altea,,SERIES,Altea,altea,Vasıta > Otomobil > Seat > Altea,curated-market-v1,CURATED_REVIEW,,
Otomobil,,Seat,Arosa,,SERIES,Arosa,arosa,Vasıta > Otomobil > Seat > Arosa,curated-market-v1,CURATED_REVIEW,,
Otomobil,,Seat,Cordoba,,SERIES,Cordoba,cordoba,Vasıta > Otomobil > Seat > Cordoba,curated-market-v1,CURATED_REVIEW,,
Otomobil,,Seat,Cordoba,1.4 Reference,MODEL_VARIANT,1.4 Reference,1-4-reference,Vasıta > Otomobil > Seat > Cordoba > 1.4 Reference,curated-market-v1,CURATED_REVIEW,,
Otomobil,,Seat,Cordoba,1.6 Stylance,MODEL_VARIANT,1.6 Stylance,1-6-stylance,Vasıta > Otomobil > Seat > Cordoba > 1.6 Stylance,curated-market-v1,CURATED_REVIEW,,
Otomobil,,Seat,Exeo,,SERIES,Exeo,exeo,Vasıta > Otomobil > Seat > Exeo,curated-market-v1,CURATED_REVIEW,,
Otomobil,,Seat,Ibiza,,SERIES,Ibiza,ibiza,Vasıta > Otomobil > Seat > Ibiza,curated-market-v1,CURATED_REVIEW,,
Otomobil,,Seat,Ibiza,1.0 EcoTSI Style,MODEL_VARIANT,1.0 EcoTSI Style,1-0-ecotsi-style,Vasıta > Otomobil > Seat > Ibiza > 1.0 EcoTSI Style,curated-market-v1,CURATED_REVIEW,,
Otomobil,,Seat,Ibiza,1.2 TSI Reference,MODEL_VARIANT,1.2 TSI Reference,1-2-tsi-reference,Vasıta > Otomobil > Seat > Ibiza > 1.2 TSI Reference,curated-market-v1,CURATED_REVIEW,,
Otomobil,,Seat,Ibiza,1.4 TDI Style,MODEL_VARIANT,1.4 TDI Style,1-4-tdi-style,Vasıta > Otomobil > Seat > Ibiza > 1.4 TDI Style,curated-market-v1,CURATED_REVIEW,,
Otomobil,,Seat,Leon,,SERIES,Leon,leon,Vasıta > Otomobil > Seat > Leon,curated-market-v1,CURATED_REVIEW,,
Otomobil,,Seat,Leon,1.0 eTSI Style,MODEL_VARIANT,1.0 eTSI Style,1-0-etsi-style,Vasıta > Otomobil > Seat > Leon > 1.0 eTSI Style,curated-market-v1,CURATED_REVIEW,,
Otomobil,,Seat,Leon,1.5 eTSI FR,MODEL_VARIANT,1.5 eTSI FR,1-5-etsi-fr,Vasıta > Otomobil > Seat > Leon > 1.5 eTSI FR,curated-market-v1,CURATED_REVIEW,,
Otomobil,,Seat,Leon,1.6 TDI Style,MODEL_VARIANT,1.6 TDI Style,1-6-tdi-style,Vasıta > Otomobil > Seat > Leon > 1.6 TDI Style,curated-market-v1,CURATED_REVIEW,,
Otomobil,,Seat,Leon,2.0 TSI Cupra,MODEL_VARIANT,2.0 TSI Cupra,2-0-tsi-cupra,Vasıta > Otomobil > Seat > Leon > 2.0 TSI Cupra,curated-market-v1,CURATED_REVIEW,,
Otomobil,,Seat,Toledo,,SERIES,Toledo,toledo,Vasıta > Otomobil > Seat > Toledo,curated-market-v1,CURATED_REVIEW,,
Otomobil,,Skoda,Citigo,,SERIES,Citigo,citigo,Vasıta > Otomobil > Skoda > Citigo,curated-market-v1,CURATED_REVIEW,,
Otomobil,,Skoda,Fabia,,SERIES,Fabia,fabia,Vasıta > Otomobil > Skoda > Fabia,curated-market-v1,CURATED_REVIEW,,
Otomobil,,Skoda,Fabia,1.0 TSI Elite,MODEL_VARIANT,1.0 TSI Elite,1-0-tsi-elite,Vasıta > Otomobil > Skoda > Fabia > 1.0 TSI Elite,curated-market-v1,CURATED_REVIEW,,
Otomobil,,Skoda,Fabia,1.2 TSI Ambition,MODEL_VARIANT,1.2 TSI Ambition,1-2-tsi-ambition,Vasıta > Otomobil > Skoda > Fabia > 1.2 TSI Ambition,curated-market-v1,CURATED_REVIEW,,
Otomobil,,Skoda,Fabia,1.4 TDI Style,MODEL_VARIANT,1.4 TDI Style,1-4-tdi-style,Vasıta > Otomobil > Skoda > Fabia > 1.4 TDI Style,curated-market-v1,CURATED_REVIEW,,
Otomobil,,Skoda,Favorit,,SERIES,Favorit,favorit,Vasıta > Otomobil > Skoda > Favorit,curated-market-v1,CURATED_REVIEW,,
Otomobil,,Skoda,Felicia,,SERIES,Felicia,felicia,Vasıta > Otomobil > Skoda > Felicia,curated-market-v1,CURATED_REVIEW,,
Otomobil,,Skoda,Octavia,,SERIES,Octavia,octavia,Vasıta > Otomobil > Skoda > Octavia,curated-market-v1,CURATED_REVIEW,,
Otomobil,,Skoda,Octavia,1.0 eTSI Elite,MODEL_VARIANT,1.0 eTSI Elite,1-0-etsi-elite,Vasıta > Otomobil > Skoda > Octavia > 1.0 eTSI Elite,curated-market-v1,CURATED_REVIEW,,
Otomobil,,Skoda,Octavia,1.5 TSI Premium,MODEL_VARIANT,1.5 TSI Premium,1-5-tsi-premium,Vasıta > Otomobil > Skoda > Octavia > 1.5 TSI Premium,curated-market-v1,CURATED_REVIEW,,
Otomobil,,Skoda,Octavia,1.6 TDI Optimal,MODEL_VARIANT,1.6 TDI Optimal,1-6-tdi-optimal,Vasıta > Otomobil > Skoda > Octavia > 1.6 TDI Optimal,curated-market-v1,CURATED_REVIEW,,
Otomobil,,Skoda,Octavia,2.0 TDI Prestige,MODEL_VARIANT,2.0 TDI Prestige,2-0-tdi-prestige,Vasıta > Otomobil > Skoda > Octavia > 2.0 TDI Prestige,curated-market-v1,CURATED_REVIEW,,
Otomobil,,Skoda,Rapid,,SERIES,Rapid,rapid,Vasıta > Otomobil > Skoda > Rapid,curated-market-v1,CURATED_REVIEW,,
Otomobil,,Skoda,Rapid,1.4 TDI Style,MODEL_VARIANT,1.4 TDI Style,1-4-tdi-style,Vasıta > Otomobil > Skoda > Rapid > 1.4 TDI Style,curated-market-v1,CURATED_REVIEW,,
Otomobil,,Skoda,Scala,,SERIES,Scala,scala,Vasıta > Otomobil > Skoda > Scala,curated-market-v1,CURATED_REVIEW,,
Otomobil,,Skoda,Scala,1.0 TSI Premium,MODEL_VARIANT,1.0 TSI Premium,1-0-tsi-premium,Vasıta > Otomobil > Skoda > Scala > 1.0 TSI Premium,curated-market-v1,CURATED_REVIEW,,
Otomobil,,Skoda,Scala,1.5 TSI,MODEL_VARIANT,1.5 TSI,1-5-tsi,Vasıta > Otomobil > Skoda > Scala > 1.5 TSI,curated-market-v1,CURATED_REVIEW,,
Otomobil,,Skoda,Superb,,SERIES,Superb,superb,Vasıta > Otomobil > Skoda > Superb,curated-market-v1,CURATED_REVIEW,,
Otomobil,,Skoda,Superb,1.5 TSI Prestige,MODEL_VARIANT,1.5 TSI Prestige,1-5-tsi-prestige,Vasıta > Otomobil > Skoda > Superb > 1.5 TSI Prestige,curated-market-v1,CURATED_REVIEW,,
Otomobil,,Skoda,Superb,1.6 TDI Style,MODEL_VARIANT,1.6 TDI Style,1-6-tdi-style,Vasıta > Otomobil > Skoda > Superb > 1.6 TDI Style,curated-market-v1,CURATED_REVIEW,,
Otomobil,,Skoda,Superb,2.0 TDI L&K,MODEL_VARIANT,2.0 TDI L&K,2-0-tdi-l-k,Vasıta > Otomobil > Skoda > Superb > 2.0 TDI L&K,curated-market-v1,CURATED_REVIEW,,
Otomobil,,Smart,#1,,SERIES,#1,1,Vasıta > Otomobil > Smart > #1,curated-market-v1,CURATED_REVIEW,,
Otomobil,,Smart,#1,Premium,MODEL_VARIANT,Premium,premium,Vasıta > Otomobil > Smart > #1 > Premium,curated-market-v1,CURATED_REVIEW,,
Otomobil,,Smart,#1,Brabus,MODEL_VARIANT,Brabus,brabus,Vasıta > Otomobil > Smart > #1 > Brabus,curated-market-v1,CURATED_REVIEW,,
Otomobil,,Smart,#3,,SERIES,#3,3,Vasıta > Otomobil > Smart > #3,curated-market-v1,CURATED_REVIEW,,
Otomobil,,Smart,#3,Premium,MODEL_VARIANT,Premium,premium,Vasıta > Otomobil > Smart > #3 > Premium,curated-market-v1,CURATED_REVIEW,,
Otomobil,,Smart,#3,Brabus,MODEL_VARIANT,Brabus,brabus,Vasıta > Otomobil > Smart > #3 > Brabus,curated-market-v1,CURATED_REVIEW,,
Otomobil,,Smart,Forfour,,SERIES,Forfour,forfour,Vasıta > Otomobil > Smart > Forfour,curated-market-v1,CURATED_REVIEW,,
Otomobil,,Smart,Fortwo,,SERIES,Fortwo,fortwo,Vasıta > Otomobil > Smart > Fortwo,curated-market-v1,CURATED_REVIEW,,
Otomobil,,Smart,Fortwo,Passion,MODEL_VARIANT,Passion,passion,Vasıta > Otomobil > Smart > Fortwo > Passion,curated-market-v1,CURATED_REVIEW,,
Otomobil,,Smart,Fortwo,Prime,MODEL_VARIANT,Prime,prime,Vasıta > Otomobil > Smart > Fortwo > Prime,curated-market-v1,CURATED_REVIEW,,
Otomobil,,Smart,Roadster,,SERIES,Roadster,roadster,Vasıta > Otomobil > Smart > Roadster,curated-market-v1,CURATED_REVIEW,,
Otomobil,,Subaru,BRZ,,SERIES,BRZ,brz,Vasıta > Otomobil > Subaru > BRZ,curated-market-v1,CURATED_REVIEW,,
Otomobil,,Subaru,Impreza,,SERIES,Impreza,impreza,Vasıta > Otomobil > Subaru > Impreza,curated-market-v1,CURATED_REVIEW,,
Otomobil,,Subaru,Impreza,1.5 AWD,MODEL_VARIANT,1.5 AWD,1-5-awd,Vasıta > Otomobil > Subaru > Impreza > 1.5 AWD,curated-market-v1,CURATED_REVIEW,,
Otomobil,,Subaru,Impreza,2.0 WRX,MODEL_VARIANT,2.0 WRX,2-0-wrx,Vasıta > Otomobil > Subaru > Impreza > 2.0 WRX,curated-market-v1,CURATED_REVIEW,,
Otomobil,,Subaru,Impreza,WRX STI,MODEL_VARIANT,WRX STI,wrx-sti,Vasıta > Otomobil > Subaru > Impreza > WRX STI,curated-market-v1,CURATED_REVIEW,,
Otomobil,,Subaru,Justy,,SERIES,Justy,justy,Vasıta > Otomobil > Subaru > Justy,curated-market-v1,CURATED_REVIEW,,
Otomobil,,Subaru,Legacy,,SERIES,Legacy,legacy,Vasıta > Otomobil > Subaru > Legacy,curated-market-v1,CURATED_REVIEW,,
Otomobil,,Subaru,Legacy,2.0 AWD,MODEL_VARIANT,2.0 AWD,2-0-awd,Vasıta > Otomobil > Subaru > Legacy > 2.0 AWD,curated-market-v1,CURATED_REVIEW,,
Otomobil,,Subaru,Levorg,,SERIES,Levorg,levorg,Vasıta > Otomobil > Subaru > Levorg,curated-market-v1,CURATED_REVIEW,,
Otomobil,,Subaru,SVX,,SERIES,SVX,svx,Vasıta > Otomobil > Subaru > SVX,curated-market-v1,CURATED_REVIEW,,
Otomobil,,Suzuki,Alto,,SERIES,Alto,alto,Vasıta > Otomobil > Suzuki > Alto,curated-market-v1,CURATED_REVIEW,,
Otomobil,,Suzuki,Baleno,,SERIES,Baleno,baleno,Vasıta > Otomobil > Suzuki > Baleno,curated-market-v1,CURATED_REVIEW,,
Otomobil,,Suzuki,Baleno,1.2 GLX,MODEL_VARIANT,1.2 GLX,1-2-glx,Vasıta > Otomobil > Suzuki > Baleno > 1.2 GLX,curated-market-v1,CURATED_REVIEW,,
Otomobil,,Suzuki,Celerio,,SERIES,Celerio,celerio,Vasıta > Otomobil > Suzuki > Celerio,curated-market-v1,CURATED_REVIEW,,
Otomobil,,Suzuki,Ignis,,SERIES,Ignis,ignis,Vasıta > Otomobil > Suzuki > Ignis,curated-market-v1,CURATED_REVIEW,,
Otomobil,,Suzuki,Ignis,1.2 GLX,MODEL_VARIANT,1.2 GLX,1-2-glx,Vasıta > Otomobil > Suzuki > Ignis > 1.2 GLX,curated-market-v1,CURATED_REVIEW,,
Otomobil,,Suzuki,Kizashi,,SERIES,Kizashi,kizashi,Vasıta > Otomobil > Suzuki > Kizashi,curated-market-v1,CURATED_REVIEW,,
Otomobil,,Suzuki,Liana,,SERIES,Liana,liana,Vasıta > Otomobil > Suzuki > Liana,curated-market-v1,CURATED_REVIEW,,
Otomobil,,Suzuki,Maruti,,SERIES,Maruti,maruti,Vasıta > Otomobil > Suzuki > Maruti,curated-market-v1,CURATED_REVIEW,,
Otomobil,,Suzuki,Splash,,SERIES,Splash,splash,Vasıta > Otomobil > Suzuki > Splash,curated-market-v1,CURATED_REVIEW,,
Otomobil,,Suzuki,Swift,,SERIES,Swift,swift,Vasıta > Otomobil > Suzuki > Swift,curated-market-v1,CURATED_REVIEW,,
Otomobil,,Suzuki,Swift,1.2 GL,MODEL_VARIANT,1.2 GL,1-2-gl,Vasıta > Otomobil > Suzuki > Swift > 1.2 GL,curated-market-v1,CURATED_REVIEW,,
Otomobil,,Suzuki,Swift,1.2 GLX,MODEL_VARIANT,1.2 GLX,1-2-glx,Vasıta > Otomobil > Suzuki > Swift > 1.2 GLX,curated-market-v1,CURATED_REVIEW,,
Otomobil,,Suzuki,Swift,1.4 Sport,MODEL_VARIANT,1.4 Sport,1-4-sport,Vasıta > Otomobil > Suzuki > Swift > 1.4 Sport,curated-market-v1,CURATED_REVIEW,,
Otomobil,,Suzuki,Wagon R,,SERIES,Wagon R,wagon-r,Vasıta > Otomobil > Suzuki > Wagon R,curated-market-v1,CURATED_REVIEW,,
Otomobil,,Tata,Indica,,SERIES,Indica,indica,Vasıta > Otomobil > Tata > Indica,curated-market-v1,CURATED_REVIEW,,
Otomobil,,Tata,Indigo,,SERIES,Indigo,indigo,Vasıta > Otomobil > Tata > Indigo,curated-market-v1,CURATED_REVIEW,,
Otomobil,,Tata,Manza,,SERIES,Manza,manza,Vasıta > Otomobil > Tata > Manza,curated-market-v1,CURATED_REVIEW,,
Otomobil,,Tata,Nano,,SERIES,Nano,nano,Vasıta > Otomobil > Tata > Nano,curated-market-v1,CURATED_REVIEW,,
Otomobil,,Tata,Vista,,SERIES,Vista,vista,Vasıta > Otomobil > Tata > Vista,curated-market-v1,CURATED_REVIEW,,
Otomobil,,Tesla,Model 3,,SERIES,Model 3,model-3,Vasıta > Otomobil > Tesla > Model 3,curated-market-v1,CURATED_REVIEW,,
Otomobil,,Tesla,Model 3,RWD,MODEL_VARIANT,RWD,rwd,Vasıta > Otomobil > Tesla > Model 3 > RWD,curated-market-v1,CURATED_REVIEW,,
Otomobil,,Tesla,Model 3,Long Range AWD,MODEL_VARIANT,Long Range AWD,long-range-awd,Vasıta > Otomobil > Tesla > Model 3 > Long Range AWD,curated-market-v1,CURATED_REVIEW,,
Otomobil,,Tesla,Model 3,Performance,MODEL_VARIANT,Performance,performance,Vasıta > Otomobil > Tesla > Model 3 > Performance,curated-market-v1,CURATED_REVIEW,,
Otomobil,,Tesla,Model S,,SERIES,Model S,model-s,Vasıta > Otomobil > Tesla > Model S,curated-market-v1,CURATED_REVIEW,,
Otomobil,,Tesla,Model S,Long Range,MODEL_VARIANT,Long Range,long-range,Vasıta > Otomobil > Tesla > Model S > Long Range,curated-market-v1,CURATED_REVIEW,,
Otomobil,,Tesla,Model S,Plaid,MODEL_VARIANT,Plaid,plaid,Vasıta > Otomobil > Tesla > Model S > Plaid,curated-market-v1,CURATED_REVIEW,,
Otomobil,,Tesla,Model X,,SERIES,Model X,model-x,Vasıta > Otomobil > Tesla > Model X,curated-market-v1,CURATED_REVIEW,,
Otomobil,,Tesla,Model X,Long Range,MODEL_VARIANT,Long Range,long-range,Vasıta > Otomobil > Tesla > Model X > Long Range,curated-market-v1,CURATED_REVIEW,,
Otomobil,,Tesla,Model X,Plaid,MODEL_VARIANT,Plaid,plaid,Vasıta > Otomobil > Tesla > Model X > Plaid,curated-market-v1,CURATED_REVIEW,,
Otomobil,,The London Taxi,TX Electric,,SERIES,TX Electric,tx-electric,Vasıta > Otomobil > The London Taxi > TX Electric,curated-market-v1,CURATED_REVIEW,,
Otomobil,,The London Taxi,TX1,,SERIES,TX1,tx1,Vasıta > Otomobil > The London Taxi > TX1,curated-market-v1,CURATED_REVIEW,,
Otomobil,,The London Taxi,TX2,,SERIES,TX2,tx2,Vasıta > Otomobil > The London Taxi > TX2,curated-market-v1,CURATED_REVIEW,,
Otomobil,,The London Taxi,TX4,,SERIES,TX4,tx4,Vasıta > Otomobil > The London Taxi > TX4,curated-market-v1,CURATED_REVIEW,,
Otomobil,,Tofaş,Doğan,,SERIES,Doğan,dogan,Vasıta > Otomobil > Tofaş > Doğan,curated-market-v1,CURATED_REVIEW,,
Otomobil,,Tofaş,Doğan,L,MODEL_VARIANT,L,l,Vasıta > Otomobil > Tofaş > Doğan > L,curated-market-v1,CURATED_REVIEW,,
Otomobil,,Tofaş,Doğan,SL,MODEL_VARIANT,SL,sl,Vasıta > Otomobil > Tofaş > Doğan > SL,curated-market-v1,CURATED_REVIEW,,
Otomobil,,Tofaş,Doğan,SLX,MODEL_VARIANT,SLX,slx,Vasıta > Otomobil > Tofaş > Doğan > SLX,curated-market-v1,CURATED_REVIEW,,
Otomobil,,Tofaş,Kartal,,SERIES,Kartal,kartal,Vasıta > Otomobil > Tofaş > Kartal,curated-market-v1,CURATED_REVIEW,,
Otomobil,,Tofaş,Kartal,L,MODEL_VARIANT,L,l,Vasıta > Otomobil > Tofaş > Kartal > L,curated-market-v1,CURATED_REVIEW,,
Otomobil,,Tofaş,Kartal,SL,MODEL_VARIANT,SL,sl,Vasıta > Otomobil > Tofaş > Kartal > SL,curated-market-v1,CURATED_REVIEW,,
Otomobil,,Tofaş,Kartal,SLX,MODEL_VARIANT,SLX,slx,Vasıta > Otomobil > Tofaş > Kartal > SLX,curated-market-v1,CURATED_REVIEW,,
Otomobil,,Tofaş,Murat 124,,SERIES,Murat 124,murat-124,Vasıta > Otomobil > Tofaş > Murat 124,curated-market-v1,CURATED_REVIEW,,
Otomobil,,Tofaş,Murat 131,,SERIES,Murat 131,murat-131,Vasıta > Otomobil > Tofaş > Murat 131,curated-market-v1,CURATED_REVIEW,,
Otomobil,,Tofaş,Serçe,,SERIES,Serçe,serce,Vasıta > Otomobil > Tofaş > Serçe,curated-market-v1,CURATED_REVIEW,,
Otomobil,,Tofaş,Şahin,,SERIES,Şahin,sahin,Vasıta > Otomobil > Tofaş > Şahin,curated-market-v1,CURATED_REVIEW,,
Otomobil,,Tofaş,Şahin,S,MODEL_VARIANT,S,s,Vasıta > Otomobil > Tofaş > Şahin > S,curated-market-v1,CURATED_REVIEW,,
Otomobil,,Tofaş,Şahin,SLX,MODEL_VARIANT,SLX,slx,Vasıta > Otomobil > Tofaş > Şahin > SLX,curated-market-v1,CURATED_REVIEW,,
Otomobil,,TOGG,T10F,,SERIES,T10F,t10f,Vasıta > Otomobil > TOGG > T10F,curated-market-v1,CURATED_REVIEW,,
Otomobil,,TOGG,T10F,V1 RWD Standart Menzil,MODEL_VARIANT,V1 RWD Standart Menzil,v1-rwd-standart-menzil,Vasıta > Otomobil > TOGG > T10F > V1 RWD Standart Menzil,curated-market-v1,CURATED_REVIEW,,
Otomobil,,TOGG,T10F,V1 RWD Uzun Menzil,MODEL_VARIANT,V1 RWD Uzun Menzil,v1-rwd-uzun-menzil,Vasıta > Otomobil > TOGG > T10F > V1 RWD Uzun Menzil,curated-market-v1,CURATED_REVIEW,,
Otomobil,,TOGG,T10F,V2 RWD Uzun Menzil,MODEL_VARIANT,V2 RWD Uzun Menzil,v2-rwd-uzun-menzil,Vasıta > Otomobil > TOGG > T10F > V2 RWD Uzun Menzil,curated-market-v1,CURATED_REVIEW,,
Otomobil,,Toyota,Auris,,SERIES,Auris,auris,Vasıta > Otomobil > Toyota > Auris,curated-market-v1,CURATED_REVIEW,,
Otomobil,,Toyota,Auris,1.33 Life,MODEL_VARIANT,1.33 Life,1-33-life,Vasıta > Otomobil > Toyota > Auris > 1.33 Life,curated-market-v1,CURATED_REVIEW,,
Otomobil,,Toyota,Auris,1.4 D-4D Advance,MODEL_VARIANT,1.4 D-4D Advance,1-4-d-4d-advance,Vasıta > Otomobil > Toyota > Auris > 1.4 D-4D Advance,curated-market-v1,CURATED_REVIEW,,
Otomobil,,Toyota,Auris,1.6 Advance,MODEL_VARIANT,1.6 Advance,1-6-advance,Vasıta > Otomobil > Toyota > Auris > 1.6 Advance,curated-market-v1,CURATED_REVIEW,,
Otomobil,,Toyota,Auris,Hybrid,MODEL_VARIANT,Hybrid,hybrid,Vasıta > Otomobil > Toyota > Auris > Hybrid,curated-market-v1,CURATED_REVIEW,,
Otomobil,,Toyota,Avensis,,SERIES,Avensis,avensis,Vasıta > Otomobil > Toyota > Avensis,curated-market-v1,CURATED_REVIEW,,
Otomobil,,Toyota,Avensis,1.6 Elegant,MODEL_VARIANT,1.6 Elegant,1-6-elegant,Vasıta > Otomobil > Toyota > Avensis > 1.6 Elegant,curated-market-v1,CURATED_REVIEW,,
Otomobil,,Toyota,Avensis,2.0 D-4D Elegant,MODEL_VARIANT,2.0 D-4D Elegant,2-0-d-4d-elegant,Vasıta > Otomobil > Toyota > Avensis > 2.0 D-4D Elegant,curated-market-v1,CURATED_REVIEW,,
Otomobil,,Toyota,Camry,,SERIES,Camry,camry,Vasıta > Otomobil > Toyota > Camry,curated-market-v1,CURATED_REVIEW,,
Otomobil,,Toyota,Camry,2.5 Hybrid Passion,MODEL_VARIANT,2.5 Hybrid Passion,2-5-hybrid-passion,Vasıta > Otomobil > Toyota > Camry > 2.5 Hybrid Passion,curated-market-v1,CURATED_REVIEW,,
Otomobil,,Toyota,Carina,,SERIES,Carina,carina,Vasıta > Otomobil > Toyota > Carina,curated-market-v1,CURATED_REVIEW,,
Otomobil,,Toyota,Celica,,SERIES,Celica,celica,Vasıta > Otomobil > Toyota > Celica,curated-market-v1,CURATED_REVIEW,,
Otomobil,,Toyota,Corolla,,SERIES,Corolla,corolla,Vasıta > Otomobil > Toyota > Corolla,curated-market-v1,CURATED_REVIEW,,
Otomobil,,Toyota,Corolla,1.33 Life,MODEL_VARIANT,1.33 Life,1-33-life,Vasıta > Otomobil > Toyota > Corolla > 1.33 Life,curated-market-v1,CURATED_REVIEW,,
Otomobil,,Toyota,Corolla,1.4 D-4D Touch,MODEL_VARIANT,1.4 D-4D Touch,1-4-d-4d-touch,Vasıta > Otomobil > Toyota > Corolla > 1.4 D-4D Touch,curated-market-v1,CURATED_REVIEW,,
Otomobil,,Toyota,Corolla,1.5 Vision,MODEL_VARIANT,1.5 Vision,1-5-vision,Vasıta > Otomobil > Toyota > Corolla > 1.5 Vision,curated-market-v1,CURATED_REVIEW,,
Otomobil,,Toyota,Corolla,1.5 Dream,MODEL_VARIANT,1.5 Dream,1-5-dream,Vasıta > Otomobil > Toyota > Corolla > 1.5 Dream,curated-market-v1,CURATED_REVIEW,,
Otomobil,,Toyota,Corolla,1.6 Advance,MODEL_VARIANT,1.6 Advance,1-6-advance,Vasıta > Otomobil > Toyota > Corolla > 1.6 Advance,curated-market-v1,CURATED_REVIEW,,
Otomobil,,Toyota,Corolla,1.8 Hybrid Dream,MODEL_VARIANT,1.8 Hybrid Dream,1-8-hybrid-dream,Vasıta > Otomobil > Toyota > Corolla > 1.8 Hybrid Dream,curated-market-v1,CURATED_REVIEW,,
Otomobil,,Toyota,Corolla,1.8 Hybrid Passion X-Pack,MODEL_VARIANT,1.8 Hybrid Passion X-Pack,1-8-hybrid-passion-x-pack,Vasıta > Otomobil > Toyota > Corolla > 1.8 Hybrid Passion X-Pack,curated-market-v1,CURATED_REVIEW,,
Otomobil,,Toyota,Corona,,SERIES,Corona,corona,Vasıta > Otomobil > Toyota > Corona,curated-market-v1,CURATED_REVIEW,,
Otomobil,,Toyota,GT86,,SERIES,GT86,gt86,Vasıta > Otomobil > Toyota > GT86,curated-market-v1,CURATED_REVIEW,,
Otomobil,,Toyota,MR2,,SERIES,MR2,mr2,Vasıta > Otomobil > Toyota > MR2,curated-market-v1,CURATED_REVIEW,,
Otomobil,,Toyota,Prius,,SERIES,Prius,prius,Vasıta > Otomobil > Toyota > Prius,curated-market-v1,CURATED_REVIEW,,
Otomobil,,Toyota,Starlet,,SERIES,Starlet,starlet,Vasıta > Otomobil > Toyota > Starlet,curated-market-v1,CURATED_REVIEW,,
Otomobil,,Toyota,Supra,,SERIES,Supra,supra,Vasıta > Otomobil > Toyota > Supra,curated-market-v1,CURATED_REVIEW,,
Otomobil,,Toyota,Urban Cruiser,,SERIES,Urban Cruiser,urban-cruiser,Vasıta > Otomobil > Toyota > Urban Cruiser,curated-market-v1,CURATED_REVIEW,,
Otomobil,,Toyota,Yaris,,SERIES,Yaris,yaris,Vasıta > Otomobil > Toyota > Yaris,curated-market-v1,CURATED_REVIEW,,
Otomobil,,Toyota,Yaris,1.0 Vision,MODEL_VARIANT,1.0 Vision,1-0-vision,Vasıta > Otomobil > Toyota > Yaris > 1.0 Vision,curated-market-v1,CURATED_REVIEW,,
Otomobil,,Toyota,Yaris,1.33 Fun,MODEL_VARIANT,1.33 Fun,1-33-fun,Vasıta > Otomobil > Toyota > Yaris > 1.33 Fun,curated-market-v1,CURATED_REVIEW,,
Otomobil,,Toyota,Yaris,1.4 D-4D Cool,MODEL_VARIANT,1.4 D-4D Cool,1-4-d-4d-cool,Vasıta > Otomobil > Toyota > Yaris > 1.4 D-4D Cool,curated-market-v1,CURATED_REVIEW,,
Otomobil,,Toyota,Yaris,1.5 Dream,MODEL_VARIANT,1.5 Dream,1-5-dream,Vasıta > Otomobil > Toyota > Yaris > 1.5 Dream,curated-market-v1,CURATED_REVIEW,,
Otomobil,,Toyota,Yaris,1.5 Hybrid Passion,MODEL_VARIANT,1.5 Hybrid Passion,1-5-hybrid-passion,Vasıta > Otomobil > Toyota > Yaris > 1.5 Hybrid Passion,curated-market-v1,CURATED_REVIEW,,
Otomobil,,Vanderhall,Carmel,,SERIES,Carmel,carmel,Vasıta > Otomobil > Vanderhall > Carmel,curated-market-v1,CURATED_REVIEW,,
Otomobil,,Vanderhall,Venice,,SERIES,Venice,venice,Vasıta > Otomobil > Vanderhall > Venice,curated-market-v1,CURATED_REVIEW,,
Otomobil,,Volkswagen,Arteon,,SERIES,Arteon,arteon,Vasıta > Otomobil > Volkswagen > Arteon,curated-market-v1,CURATED_REVIEW,,
Otomobil,,Volkswagen,Arteon,1.5 TSI Elegance,MODEL_VARIANT,1.5 TSI Elegance,1-5-tsi-elegance,Vasıta > Otomobil > Volkswagen > Arteon > 1.5 TSI Elegance,curated-market-v1,CURATED_REVIEW,,
Otomobil,,Volkswagen,Arteon,2.0 TDI R-Line,MODEL_VARIANT,2.0 TDI R-Line,2-0-tdi-r-line,Vasıta > Otomobil > Volkswagen > Arteon > 2.0 TDI R-Line,curated-market-v1,CURATED_REVIEW,,
Otomobil,,Volkswagen,Beetle,,SERIES,Beetle,beetle,Vasıta > Otomobil > Volkswagen > Beetle,curated-market-v1,CURATED_REVIEW,,
Otomobil,,Volkswagen,Bora,,SERIES,Bora,bora,Vasıta > Otomobil > Volkswagen > Bora,curated-market-v1,CURATED_REVIEW,,
Otomobil,,Volkswagen,Bora,1.6 Comfortline,MODEL_VARIANT,1.6 Comfortline,1-6-comfortline,Vasıta > Otomobil > Volkswagen > Bora > 1.6 Comfortline,curated-market-v1,CURATED_REVIEW,,
Otomobil,,Volkswagen,Bora,1.9 TDI Highline,MODEL_VARIANT,1.9 TDI Highline,1-9-tdi-highline,Vasıta > Otomobil > Volkswagen > Bora > 1.9 TDI Highline,curated-market-v1,CURATED_REVIEW,,
Otomobil,,Volkswagen,CC,,SERIES,CC,cc,Vasıta > Otomobil > Volkswagen > CC,curated-market-v1,CURATED_REVIEW,,
Otomobil,,Volkswagen,CC,1.4 TSI Exclusive,MODEL_VARIANT,1.4 TSI Exclusive,1-4-tsi-exclusive,Vasıta > Otomobil > Volkswagen > CC > 1.4 TSI Exclusive,curated-market-v1,CURATED_REVIEW,,
Otomobil,,Volkswagen,CC,2.0 TDI,MODEL_VARIANT,2.0 TDI,2-0-tdi,Vasıta > Otomobil > Volkswagen > CC > 2.0 TDI,curated-market-v1,CURATED_REVIEW,,
Otomobil,,Volkswagen,Eos,,SERIES,Eos,eos,Vasıta > Otomobil > Volkswagen > Eos,curated-market-v1,CURATED_REVIEW,,
Otomobil,,Volkswagen,Golf,,SERIES,Golf,golf,Vasıta > Otomobil > Volkswagen > Golf,curated-market-v1,CURATED_REVIEW,,
Otomobil,,Volkswagen,Golf,1.0 eTSI Life,MODEL_VARIANT,1.0 eTSI Life,1-0-etsi-life,Vasıta > Otomobil > Volkswagen > Golf > 1.0 eTSI Life,curated-market-v1,CURATED_REVIEW,,
Otomobil,,Volkswagen,Golf,1.2 TSI Comfortline,MODEL_VARIANT,1.2 TSI Comfortline,1-2-tsi-comfortline,Vasıta > Otomobil > Volkswagen > Golf > 1.2 TSI Comfortline,curated-market-v1,CURATED_REVIEW,,
Otomobil,,Volkswagen,Golf,1.4 TSI Highline,MODEL_VARIANT,1.4 TSI Highline,1-4-tsi-highline,Vasıta > Otomobil > Volkswagen > Golf > 1.4 TSI Highline,curated-market-v1,CURATED_REVIEW,,
Otomobil,,Volkswagen,Golf,1.5 eTSI R-Line,MODEL_VARIANT,1.5 eTSI R-Line,1-5-etsi-r-line,Vasıta > Otomobil > Volkswagen > Golf > 1.5 eTSI R-Line,curated-market-v1,CURATED_REVIEW,,
Otomobil,,Volkswagen,Golf,1.6 TDI Comfortline,MODEL_VARIANT,1.6 TDI Comfortline,1-6-tdi-comfortline,Vasıta > Otomobil > Volkswagen > Golf > 1.6 TDI Comfortline,curated-market-v1,CURATED_REVIEW,,
Otomobil,,Volkswagen,Golf,2.0 TDI GTD,MODEL_VARIANT,2.0 TDI GTD,2-0-tdi-gtd,Vasıta > Otomobil > Volkswagen > Golf > 2.0 TDI GTD,curated-market-v1,CURATED_REVIEW,,
Otomobil,,Volkswagen,Golf,GTI,MODEL_VARIANT,GTI,gti,Vasıta > Otomobil > Volkswagen > Golf > GTI,curated-market-v1,CURATED_REVIEW,,
Otomobil,,Volkswagen,Golf,R,MODEL_VARIANT,R,r,Vasıta > Otomobil > Volkswagen > Golf > R,curated-market-v1,CURATED_REVIEW,,
Otomobil,,Volkswagen,ID.3,,SERIES,ID.3,id-3,Vasıta > Otomobil > Volkswagen > ID.3,curated-market-v1,CURATED_REVIEW,,
Otomobil,,Volkswagen,ID.3,Pro,MODEL_VARIANT,Pro,pro,Vasıta > Otomobil > Volkswagen > ID.3 > Pro,curated-market-v1,CURATED_REVIEW,,
Otomobil,,Volkswagen,ID.3,Pro S,MODEL_VARIANT,Pro S,pro-s,Vasıta > Otomobil > Volkswagen > ID.3 > Pro S,curated-market-v1,CURATED_REVIEW,,
Otomobil,,Volkswagen,Jetta,,SERIES,Jetta,jetta,Vasıta > Otomobil > Volkswagen > Jetta,curated-market-v1,CURATED_REVIEW,,
Otomobil,,Volkswagen,Jetta,1.2 TSI Trendline,MODEL_VARIANT,1.2 TSI Trendline,1-2-tsi-trendline,Vasıta > Otomobil > Volkswagen > Jetta > 1.2 TSI Trendline,curated-market-v1,CURATED_REVIEW,,
Otomobil,,Volkswagen,Jetta,1.6 TDI Comfortline,MODEL_VARIANT,1.6 TDI Comfortline,1-6-tdi-comfortline,Vasıta > Otomobil > Volkswagen > Jetta > 1.6 TDI Comfortline,curated-market-v1,CURATED_REVIEW,,
Otomobil,,Volkswagen,Lupo,,SERIES,Lupo,lupo,Vasıta > Otomobil > Volkswagen > Lupo,curated-market-v1,CURATED_REVIEW,,
Otomobil,,Volkswagen,Passat,,SERIES,Passat,passat,Vasıta > Otomobil > Volkswagen > Passat,curated-market-v1,CURATED_REVIEW,,
Otomobil,,Volkswagen,Passat,1.4 TSI Comfortline,MODEL_VARIANT,1.4 TSI Comfortline,1-4-tsi-comfortline,Vasıta > Otomobil > Volkswagen > Passat > 1.4 TSI Comfortline,curated-market-v1,CURATED_REVIEW,,
Otomobil,,Volkswagen,Passat,1.5 TSI Business,MODEL_VARIANT,1.5 TSI Business,1-5-tsi-business,Vasıta > Otomobil > Volkswagen > Passat > 1.5 TSI Business,curated-market-v1,CURATED_REVIEW,,
Otomobil,,Volkswagen,Passat,1.6 TDI Impression,MODEL_VARIANT,1.6 TDI Impression,1-6-tdi-impression,Vasıta > Otomobil > Volkswagen > Passat > 1.6 TDI Impression,curated-market-v1,CURATED_REVIEW,,
Otomobil,,Volkswagen,Passat,2.0 TDI Elegance,MODEL_VARIANT,2.0 TDI Elegance,2-0-tdi-elegance,Vasıta > Otomobil > Volkswagen > Passat > 2.0 TDI Elegance,curated-market-v1,CURATED_REVIEW,,
Otomobil,,Volkswagen,Phaeton,,SERIES,Phaeton,phaeton,Vasıta > Otomobil > Volkswagen > Phaeton,curated-market-v1,CURATED_REVIEW,,
Otomobil,,Volkswagen,Polo,,SERIES,Polo,polo,Vasıta > Otomobil > Volkswagen > Polo,curated-market-v1,CURATED_REVIEW,,
Otomobil,,Volkswagen,Polo,1.0 Impression,MODEL_VARIANT,1.0 Impression,1-0-impression,Vasıta > Otomobil > Volkswagen > Polo > 1.0 Impression,curated-market-v1,CURATED_REVIEW,,
Otomobil,,Volkswagen,Polo,1.0 TSI Life,MODEL_VARIANT,1.0 TSI Life,1-0-tsi-life,Vasıta > Otomobil > Volkswagen > Polo > 1.0 TSI Life,curated-market-v1,CURATED_REVIEW,,
Otomobil,,Volkswagen,Polo,1.2 TSI Comfortline,MODEL_VARIANT,1.2 TSI Comfortline,1-2-tsi-comfortline,Vasıta > Otomobil > Volkswagen > Polo > 1.2 TSI Comfortline,curated-market-v1,CURATED_REVIEW,,
Otomobil,,Volkswagen,Polo,1.4 TDI Trendline,MODEL_VARIANT,1.4 TDI Trendline,1-4-tdi-trendline,Vasıta > Otomobil > Volkswagen > Polo > 1.4 TDI Trendline,curated-market-v1,CURATED_REVIEW,,
Otomobil,,Volkswagen,Polo,GTI,MODEL_VARIANT,GTI,gti,Vasıta > Otomobil > Volkswagen > Polo > GTI,curated-market-v1,CURATED_REVIEW,,
Otomobil,,Volkswagen,Scirocco,,SERIES,Scirocco,scirocco,Vasıta > Otomobil > Volkswagen > Scirocco,curated-market-v1,CURATED_REVIEW,,
Otomobil,,Volkswagen,Scirocco,1.4 TSI Sportline,MODEL_VARIANT,1.4 TSI Sportline,1-4-tsi-sportline,Vasıta > Otomobil > Volkswagen > Scirocco > 1.4 TSI Sportline,curated-market-v1,CURATED_REVIEW,,
Otomobil,,Volkswagen,Scirocco,2.0 TSI R,MODEL_VARIANT,2.0 TSI R,2-0-tsi-r,Vasıta > Otomobil > Volkswagen > Scirocco > 2.0 TSI R,curated-market-v1,CURATED_REVIEW,,
Otomobil,,Volkswagen,Vento,,SERIES,Vento,vento,Vasıta > Otomobil > Volkswagen > Vento,curated-market-v1,CURATED_REVIEW,,
Otomobil,,Volta,EV1,,SERIES,EV1,ev1,Vasıta > Otomobil > Volta > EV1,curated-market-v1,CURATED_REVIEW,,
Otomobil,,Volta,EV2,,SERIES,EV2,ev2,Vasıta > Otomobil > Volta > EV2,curated-market-v1,CURATED_REVIEW,,
Otomobil,,Volta,EV4,,SERIES,EV4,ev4,Vasıta > Otomobil > Volta > EV4,curated-market-v1,CURATED_REVIEW,,
Otomobil,,Volvo,C30,,SERIES,C30,c30,Vasıta > Otomobil > Volvo > C30,curated-market-v1,CURATED_REVIEW,,
Otomobil,,Volvo,C70,,SERIES,C70,c70,Vasıta > Otomobil > Volvo > C70,curated-market-v1,CURATED_REVIEW,,
Otomobil,,Volvo,S40,,SERIES,S40,s40,Vasıta > Otomobil > Volvo > S40,curated-market-v1,CURATED_REVIEW,,
Otomobil,,Volvo,S40,1.6 D Drive,MODEL_VARIANT,1.6 D Drive,1-6-d-drive,Vasıta > Otomobil > Volvo > S40 > 1.6 D Drive,curated-market-v1,CURATED_REVIEW,,
Otomobil,,Volvo,S40,1.6 Dynamic,MODEL_VARIANT,1.6 Dynamic,1-6-dynamic,Vasıta > Otomobil > Volvo > S40 > 1.6 Dynamic,curated-market-v1,CURATED_REVIEW,,
Otomobil,,Volvo,S60,,SERIES,S60,s60,Vasıta > Otomobil > Volvo > S60,curated-market-v1,CURATED_REVIEW,,
Otomobil,,Volvo,S60,1.5 T3 Premium,MODEL_VARIANT,1.5 T3 Premium,1-5-t3-premium,Vasıta > Otomobil > Volvo > S60 > 1.5 T3 Premium,curated-market-v1,CURATED_REVIEW,,
Otomobil,,Volvo,S60,1.6 D2 Advance,MODEL_VARIANT,1.6 D2 Advance,1-6-d2-advance,Vasıta > Otomobil > Volvo > S60 > 1.6 D2 Advance,curated-market-v1,CURATED_REVIEW,,
Otomobil,,Volvo,S60,2.0 D4 Inscription,MODEL_VARIANT,2.0 D4 Inscription,2-0-d4-inscription,Vasıta > Otomobil > Volvo > S60 > 2.0 D4 Inscription,curated-market-v1,CURATED_REVIEW,,
Otomobil,,Volvo,S60,T8 Recharge,MODEL_VARIANT,T8 Recharge,t8-recharge,Vasıta > Otomobil > Volvo > S60 > T8 Recharge,curated-market-v1,CURATED_REVIEW,,
Otomobil,,Volvo,S70,,SERIES,S70,s70,Vasıta > Otomobil > Volvo > S70,curated-market-v1,CURATED_REVIEW,,
Otomobil,,Volvo,S80,,SERIES,S80,s80,Vasıta > Otomobil > Volvo > S80,curated-market-v1,CURATED_REVIEW,,
Otomobil,,Volvo,S80,1.6 D2 Advance,MODEL_VARIANT,1.6 D2 Advance,1-6-d2-advance,Vasıta > Otomobil > Volvo > S80 > 1.6 D2 Advance,curated-market-v1,CURATED_REVIEW,,
Otomobil,,Volvo,S80,2.0 D4 Summum,MODEL_VARIANT,2.0 D4 Summum,2-0-d4-summum,Vasıta > Otomobil > Volvo > S80 > 2.0 D4 Summum,curated-market-v1,CURATED_REVIEW,,
Otomobil,,Volvo,S90,,SERIES,S90,s90,Vasıta > Otomobil > Volvo > S90,curated-market-v1,CURATED_REVIEW,,
Otomobil,,Volvo,S90,B5 AWD Inscription,MODEL_VARIANT,B5 AWD Inscription,b5-awd-inscription,Vasıta > Otomobil > Volvo > S90 > B5 AWD Inscription,curated-market-v1,CURATED_REVIEW,,
Otomobil,,Volvo,S90,D5 AWD Inscription,MODEL_VARIANT,D5 AWD Inscription,d5-awd-inscription,Vasıta > Otomobil > Volvo > S90 > D5 AWD Inscription,curated-market-v1,CURATED_REVIEW,,
Otomobil,,Volvo,S90,T8 Recharge,MODEL_VARIANT,T8 Recharge,t8-recharge,Vasıta > Otomobil > Volvo > S90 > T8 Recharge,curated-market-v1,CURATED_REVIEW,,
Otomobil,,Volvo,V40,,SERIES,V40,v40,Vasıta > Otomobil > Volvo > V40,curated-market-v1,CURATED_REVIEW,,
Otomobil,,Volvo,V40,1.5 T3 Cross Country,MODEL_VARIANT,1.5 T3 Cross Country,1-5-t3-cross-country,Vasıta > Otomobil > Volvo > V40 > 1.5 T3 Cross Country,curated-market-v1,CURATED_REVIEW,,
Otomobil,,Volvo,V40,1.6 D2 Advance,MODEL_VARIANT,1.6 D2 Advance,1-6-d2-advance,Vasıta > Otomobil > Volvo > V40 > 1.6 D2 Advance,curated-market-v1,CURATED_REVIEW,,
Otomobil,,Volvo,V40,2.0 D4 R-Design,MODEL_VARIANT,2.0 D4 R-Design,2-0-d4-r-design,Vasıta > Otomobil > Volvo > V40 > 2.0 D4 R-Design,curated-market-v1,CURATED_REVIEW,,
Otomobil,,Volvo,V50,,SERIES,V50,v50,Vasıta > Otomobil > Volvo > V50,curated-market-v1,CURATED_REVIEW,,
Otomobil,,Volvo,V60,,SERIES,V60,v60,Vasıta > Otomobil > Volvo > V60,curated-market-v1,CURATED_REVIEW,,
Otomobil,,Volvo,V70,,SERIES,V70,v70,Vasıta > Otomobil > Volvo > V70,curated-market-v1,CURATED_REVIEW,,
Otomobil,,Volvo,V90,,SERIES,V90,v90,Vasıta > Otomobil > Volvo > V90,curated-market-v1,CURATED_REVIEW,,
Otomobil,,XEV,Yoyo,,SERIES,Yoyo,yoyo,Vasıta > Otomobil > XEV > Yoyo,curated-market-v1,CURATED_REVIEW,,
Otomobil,,Yuki,Amy,,SERIES,Amy,amy,Vasıta > Otomobil > Yuki > Amy,curated-market-v1,CURATED_REVIEW,,
Otomobil,,Yuki,Tria,,SERIES,Tria,tria,Vasıta > Otomobil > Yuki > Tria,curated-market-v1,CURATED_REVIEW,,
Otomobil,,Zlin Motors,Z2,,SERIES,Z2,z2,Vasıta > Otomobil > Zlin Motors > Z2,curated-market-v1,CURATED_REVIEW,,
Otomobil,,Zlin Motors,Z3,,SERIES,Z3,z3,Vasıta > Otomobil > Zlin Motors > Z3,curated-market-v1,CURATED_REVIEW,,
"Arazi, SUV & Pickup",,Alfa Romeo,Junior,,SERIES,Junior,junior,"Vasıta > Arazi, SUV & Pickup > Alfa Romeo > Junior",curated-market-v1,CURATED_REVIEW,,
"Arazi, SUV & Pickup",,Alfa Romeo,Junior,Ibrida,MODEL_VARIANT,Ibrida,ibrida,"Vasıta > Arazi, SUV & Pickup > Alfa Romeo > Junior > Ibrida",curated-market-v1,CURATED_REVIEW,,
"Arazi, SUV & Pickup",,Alfa Romeo,Junior,Elettrica,MODEL_VARIANT,Elettrica,elettrica,"Vasıta > Arazi, SUV & Pickup > Alfa Romeo > Junior > Elettrica",curated-market-v1,CURATED_REVIEW,,
"Arazi, SUV & Pickup",,Alfa Romeo,Stelvio,,SERIES,Stelvio,stelvio,"Vasıta > Arazi, SUV & Pickup > Alfa Romeo > Stelvio",curated-market-v1,CURATED_REVIEW,,
"Arazi, SUV & Pickup",,Alfa Romeo,Stelvio,2.0 Turbo Sprint,MODEL_VARIANT,2.0 Turbo Sprint,2-0-turbo-sprint,"Vasıta > Arazi, SUV & Pickup > Alfa Romeo > Stelvio > 2.0 Turbo Sprint",curated-market-v1,CURATED_REVIEW,,
"Arazi, SUV & Pickup",,Alfa Romeo,Stelvio,2.2 Diesel Super,MODEL_VARIANT,2.2 Diesel Super,2-2-diesel-super,"Vasıta > Arazi, SUV & Pickup > Alfa Romeo > Stelvio > 2.2 Diesel Super",curated-market-v1,CURATED_REVIEW,,
"Arazi, SUV & Pickup",,Alfa Romeo,Stelvio,Quadrifoglio,MODEL_VARIANT,Quadrifoglio,quadrifoglio,"Vasıta > Arazi, SUV & Pickup > Alfa Romeo > Stelvio > Quadrifoglio",curated-market-v1,CURATED_REVIEW,,
"Arazi, SUV & Pickup",,Alfa Romeo,Tonale,,SERIES,Tonale,tonale,"Vasıta > Arazi, SUV & Pickup > Alfa Romeo > Tonale",curated-market-v1,CURATED_REVIEW,,
"Arazi, SUV & Pickup",,Alfa Romeo,Tonale,1.5 Hybrid Ti,MODEL_VARIANT,1.5 Hybrid Ti,1-5-hybrid-ti,"Vasıta > Arazi, SUV & Pickup > Alfa Romeo > Tonale > 1.5 Hybrid Ti",curated-market-v1,CURATED_REVIEW,,
"Arazi, SUV & Pickup",,Alfa Romeo,Tonale,1.6 Diesel Sprint,MODEL_VARIANT,1.6 Diesel Sprint,1-6-diesel-sprint,"Vasıta > Arazi, SUV & Pickup > Alfa Romeo > Tonale > 1.6 Diesel Sprint",curated-market-v1,CURATED_REVIEW,,
"Arazi, SUV & Pickup",,Alfa Romeo,Tonale,PHEV Veloce,MODEL_VARIANT,PHEV Veloce,phev-veloce,"Vasıta > Arazi, SUV & Pickup > Alfa Romeo > Tonale > PHEV Veloce",curated-market-v1,CURATED_REVIEW,,
"Arazi, SUV & Pickup",,ARO,10,,SERIES,10,10,"Vasıta > Arazi, SUV & Pickup > ARO > 10",curated-market-v1,CURATED_REVIEW,,
"Arazi, SUV & Pickup",,ARO,24,,SERIES,24,24,"Vasıta > Arazi, SUV & Pickup > ARO > 24",curated-market-v1,CURATED_REVIEW,,
"Arazi, SUV & Pickup",,ARO,Spartana,,SERIES,Spartana,spartana,"Vasıta > Arazi, SUV & Pickup > ARO > Spartana",curated-market-v1,CURATED_REVIEW,,
"Arazi, SUV & Pickup",,Aston Martin,DBX,,SERIES,DBX,dbx,"Vasıta > Arazi, SUV & Pickup > Aston Martin > DBX",curated-market-v1,CURATED_REVIEW,,
"Arazi, SUV & Pickup",,Aston Martin,DBX,550,MODEL_VARIANT,550,550,"Vasıta > Arazi, SUV & Pickup > Aston Martin > DBX > 550",curated-market-v1,CURATED_REVIEW,,
"Arazi, SUV & Pickup",,Aston Martin,DBX,707,MODEL_VARIANT,707,707,"Vasıta > Arazi, SUV & Pickup > Aston Martin > DBX > 707",curated-market-v1,CURATED_REVIEW,,
"Arazi, SUV & Pickup",,Audi,Q2,,SERIES,Q2,q2,"Vasıta > Arazi, SUV & Pickup > Audi > Q2",curated-market-v1,CURATED_REVIEW,,
"Arazi, SUV & Pickup",,Audi,Q2,30 TFSI,MODEL_VARIANT,30 TFSI,30-tfsi,"Vasıta > Arazi, SUV & Pickup > Audi > Q2 > 30 TFSI",curated-market-v1,CURATED_REVIEW,,
"Arazi, SUV & Pickup",,Audi,Q2,35 TFSI,MODEL_VARIANT,35 TFSI,35-tfsi,"Vasıta > Arazi, SUV & Pickup > Audi > Q2 > 35 TFSI",curated-market-v1,CURATED_REVIEW,,
"Arazi, SUV & Pickup",,Audi,Q2,S line,MODEL_VARIANT,S line,s-line,"Vasıta > Arazi, SUV & Pickup > Audi > Q2 > S line",curated-market-v1,CURATED_REVIEW,,
"Arazi, SUV & Pickup",,Audi,Q3,,SERIES,Q3,q3,"Vasıta > Arazi, SUV & Pickup > Audi > Q3",curated-market-v1,CURATED_REVIEW,,
"Arazi, SUV & Pickup",,Audi,Q3,35 TFSI,MODEL_VARIANT,35 TFSI,35-tfsi,"Vasıta > Arazi, SUV & Pickup > Audi > Q3 > 35 TFSI",curated-market-v1,CURATED_REVIEW,,
"Arazi, SUV & Pickup",,Audi,Q3,35 TDI,MODEL_VARIANT,35 TDI,35-tdi,"Vasıta > Arazi, SUV & Pickup > Audi > Q3 > 35 TDI",curated-market-v1,CURATED_REVIEW,,
"Arazi, SUV & Pickup",,Audi,Q3,45 TFSI e,MODEL_VARIANT,45 TFSI e,45-tfsi-e,"Vasıta > Arazi, SUV & Pickup > Audi > Q3 > 45 TFSI e",curated-market-v1,CURATED_REVIEW,,
"Arazi, SUV & Pickup",,Audi,Q3,S line,MODEL_VARIANT,S line,s-line,"Vasıta > Arazi, SUV & Pickup > Audi > Q3 > S line",curated-market-v1,CURATED_REVIEW,,
"Arazi, SUV & Pickup",,Audi,Q4 e-tron,,SERIES,Q4 e-tron,q4-e-tron,"Vasıta > Arazi, SUV & Pickup > Audi > Q4 e-tron",curated-market-v1,CURATED_REVIEW,,
"Arazi, SUV & Pickup",,Audi,Q4 e-tron,40,MODEL_VARIANT,40,40,"Vasıta > Arazi, SUV & Pickup > Audi > Q4 e-tron > 40",curated-market-v1,CURATED_REVIEW,,
"Arazi, SUV & Pickup",,Audi,Q4 e-tron,45 quattro,MODEL_VARIANT,45 quattro,45-quattro,"Vasıta > Arazi, SUV & Pickup > Audi > Q4 e-tron > 45 quattro",curated-market-v1,CURATED_REVIEW,,
"Arazi, SUV & Pickup",,Audi,Q4 e-tron,50 quattro,MODEL_VARIANT,50 quattro,50-quattro,"Vasıta > Arazi, SUV & Pickup > Audi > Q4 e-tron > 50 quattro",curated-market-v1,CURATED_REVIEW,,
"Arazi, SUV & Pickup",,Audi,Q5,,SERIES,Q5,q5,"Vasıta > Arazi, SUV & Pickup > Audi > Q5",curated-market-v1,CURATED_REVIEW,,
"Arazi, SUV & Pickup",,Audi,Q5,40 TDI quattro,MODEL_VARIANT,40 TDI quattro,40-tdi-quattro,"Vasıta > Arazi, SUV & Pickup > Audi > Q5 > 40 TDI quattro",curated-market-v1,CURATED_REVIEW,,
"Arazi, SUV & Pickup",,Audi,Q5,45 TFSI quattro,MODEL_VARIANT,45 TFSI quattro,45-tfsi-quattro,"Vasıta > Arazi, SUV & Pickup > Audi > Q5 > 45 TFSI quattro",curated-market-v1,CURATED_REVIEW,,
"Arazi, SUV & Pickup",,Audi,Q5,55 TFSI e,MODEL_VARIANT,55 TFSI e,55-tfsi-e,"Vasıta > Arazi, SUV & Pickup > Audi > Q5 > 55 TFSI e",curated-market-v1,CURATED_REVIEW,,
"Arazi, SUV & Pickup",,Audi,Q6 e-tron,,SERIES,Q6 e-tron,q6-e-tron,"Vasıta > Arazi, SUV & Pickup > Audi > Q6 e-tron",curated-market-v1,CURATED_REVIEW,,
"Arazi, SUV & Pickup",,Audi,Q7,,SERIES,Q7,q7,"Vasıta > Arazi, SUV & Pickup > Audi > Q7",curated-market-v1,CURATED_REVIEW,,
"Arazi, SUV & Pickup",,Audi,Q7,45 TDI quattro,MODEL_VARIANT,45 TDI quattro,45-tdi-quattro,"Vasıta > Arazi, SUV & Pickup > Audi > Q7 > 45 TDI quattro",curated-market-v1,CURATED_REVIEW,,
"Arazi, SUV & Pickup",,Audi,Q7,50 TDI quattro,MODEL_VARIANT,50 TDI quattro,50-tdi-quattro,"Vasıta > Arazi, SUV & Pickup > Audi > Q7 > 50 TDI quattro",curated-market-v1,CURATED_REVIEW,,
"Arazi, SUV & Pickup",,Audi,Q7,55 TFSI,MODEL_VARIANT,55 TFSI,55-tfsi,"Vasıta > Arazi, SUV & Pickup > Audi > Q7 > 55 TFSI",curated-market-v1,CURATED_REVIEW,,
"Arazi, SUV & Pickup",,Audi,Q8,,SERIES,Q8,q8,"Vasıta > Arazi, SUV & Pickup > Audi > Q8",curated-market-v1,CURATED_REVIEW,,
"Arazi, SUV & Pickup",,Audi,Q8,50 TDI quattro,MODEL_VARIANT,50 TDI quattro,50-tdi-quattro,"Vasıta > Arazi, SUV & Pickup > Audi > Q8 > 50 TDI quattro",curated-market-v1,CURATED_REVIEW,,
"Arazi, SUV & Pickup",,Audi,Q8,55 TFSI,MODEL_VARIANT,55 TFSI,55-tfsi,"Vasıta > Arazi, SUV & Pickup > Audi > Q8 > 55 TFSI",curated-market-v1,CURATED_REVIEW,,
"Arazi, SUV & Pickup",,Audi,Q8,60 TFSI e,MODEL_VARIANT,60 TFSI e,60-tfsi-e,"Vasıta > Arazi, SUV & Pickup > Audi > Q8 > 60 TFSI e",curated-market-v1,CURATED_REVIEW,,
"Arazi, SUV & Pickup",,Audi,Q8 e-tron,,SERIES,Q8 e-tron,q8-e-tron,"Vasıta > Arazi, SUV & Pickup > Audi > Q8 e-tron",curated-market-v1,CURATED_REVIEW,,
"Arazi, SUV & Pickup",,Audi,Q8 e-tron,50 quattro,MODEL_VARIANT,50 quattro,50-quattro,"Vasıta > Arazi, SUV & Pickup > Audi > Q8 e-tron > 50 quattro",curated-market-v1,CURATED_REVIEW,,
"Arazi, SUV & Pickup",,Audi,Q8 e-tron,55 quattro,MODEL_VARIANT,55 quattro,55-quattro,"Vasıta > Arazi, SUV & Pickup > Audi > Q8 e-tron > 55 quattro",curated-market-v1,CURATED_REVIEW,,
"Arazi, SUV & Pickup",,Audi,RS Q3,,SERIES,RS Q3,rs-q3,"Vasıta > Arazi, SUV & Pickup > Audi > RS Q3",curated-market-v1,CURATED_REVIEW,,
"Arazi, SUV & Pickup",,Audi,RS Q8,,SERIES,RS Q8,rs-q8,"Vasıta > Arazi, SUV & Pickup > Audi > RS Q8",curated-market-v1,CURATED_REVIEW,,
"Arazi, SUV & Pickup",,Audi,SQ5,,SERIES,SQ5,sq5,"Vasıta > Arazi, SUV & Pickup > Audi > SQ5",curated-market-v1,CURATED_REVIEW,,
"Arazi, SUV & Pickup",,Audi,SQ7,,SERIES,SQ7,sq7,"Vasıta > Arazi, SUV & Pickup > Audi > SQ7",curated-market-v1,CURATED_REVIEW,,
"Arazi, SUV & Pickup",,Audi,SQ8,,SERIES,SQ8,sq8,"Vasıta > Arazi, SUV & Pickup > Audi > SQ8",curated-market-v1,CURATED_REVIEW,,
"Arazi, SUV & Pickup",,Bentley,Bentayga,,SERIES,Bentayga,bentayga,"Vasıta > Arazi, SUV & Pickup > Bentley > Bentayga",curated-market-v1,CURATED_REVIEW,,
"Arazi, SUV & Pickup",,Bentley,Bentayga,V8,MODEL_VARIANT,V8,v8,"Vasıta > Arazi, SUV & Pickup > Bentley > Bentayga > V8",curated-market-v1,CURATED_REVIEW,,
"Arazi, SUV & Pickup",,Bentley,Bentayga,Speed,MODEL_VARIANT,Speed,speed,"Vasıta > Arazi, SUV & Pickup > Bentley > Bentayga > Speed",curated-market-v1,CURATED_REVIEW,,
"Arazi, SUV & Pickup",,Bentley,Bentayga,Hybrid,MODEL_VARIANT,Hybrid,hybrid,"Vasıta > Arazi, SUV & Pickup > Bentley > Bentayga > Hybrid",curated-market-v1,CURATED_REVIEW,,
"Arazi, SUV & Pickup",,Bentley,Bentayga,Azure,MODEL_VARIANT,Azure,azure,"Vasıta > Arazi, SUV & Pickup > Bentley > Bentayga > Azure",curated-market-v1,CURATED_REVIEW,,
"Arazi, SUV & Pickup",,BMW,iX,,SERIES,iX,ix,"Vasıta > Arazi, SUV & Pickup > BMW > iX",curated-market-v1,CURATED_REVIEW,,
"Arazi, SUV & Pickup",,BMW,iX,xDrive40,MODEL_VARIANT,xDrive40,xdrive40,"Vasıta > Arazi, SUV & Pickup > BMW > iX > xDrive40",curated-market-v1,CURATED_REVIEW,,
"Arazi, SUV & Pickup",,BMW,iX,xDrive50,MODEL_VARIANT,xDrive50,xdrive50,"Vasıta > Arazi, SUV & Pickup > BMW > iX > xDrive50",curated-market-v1,CURATED_REVIEW,,
"Arazi, SUV & Pickup",,BMW,iX,M60,MODEL_VARIANT,M60,m60,"Vasıta > Arazi, SUV & Pickup > BMW > iX > M60",curated-market-v1,CURATED_REVIEW,,
"Arazi, SUV & Pickup",,BMW,iX1,,SERIES,iX1,ix1,"Vasıta > Arazi, SUV & Pickup > BMW > iX1",curated-market-v1,CURATED_REVIEW,,
"Arazi, SUV & Pickup",,BMW,iX1,eDrive20,MODEL_VARIANT,eDrive20,edrive20,"Vasıta > Arazi, SUV & Pickup > BMW > iX1 > eDrive20",curated-market-v1,CURATED_REVIEW,,
"Arazi, SUV & Pickup",,BMW,iX1,xDrive30,MODEL_VARIANT,xDrive30,xdrive30,"Vasıta > Arazi, SUV & Pickup > BMW > iX1 > xDrive30",curated-market-v1,CURATED_REVIEW,,
"Arazi, SUV & Pickup",,BMW,iX2,,SERIES,iX2,ix2,"Vasıta > Arazi, SUV & Pickup > BMW > iX2",curated-market-v1,CURATED_REVIEW,,
"Arazi, SUV & Pickup",,BMW,iX2,eDrive20,MODEL_VARIANT,eDrive20,edrive20,"Vasıta > Arazi, SUV & Pickup > BMW > iX2 > eDrive20",curated-market-v1,CURATED_REVIEW,,
"Arazi, SUV & Pickup",,BMW,iX2,xDrive30,MODEL_VARIANT,xDrive30,xdrive30,"Vasıta > Arazi, SUV & Pickup > BMW > iX2 > xDrive30",curated-market-v1,CURATED_REVIEW,,
"Arazi, SUV & Pickup",,BMW,iX3,,SERIES,iX3,ix3,"Vasıta > Arazi, SUV & Pickup > BMW > iX3",curated-market-v1,CURATED_REVIEW,,
"Arazi, SUV & Pickup",,BMW,iX3,Inspiring,MODEL_VARIANT,Inspiring,inspiring,"Vasıta > Arazi, SUV & Pickup > BMW > iX3 > Inspiring",curated-market-v1,CURATED_REVIEW,,
"Arazi, SUV & Pickup",,BMW,iX3,Impressive,MODEL_VARIANT,Impressive,impressive,"Vasıta > Arazi, SUV & Pickup > BMW > iX3 > Impressive",curated-market-v1,CURATED_REVIEW,,
"Arazi, SUV & Pickup",,BMW,X1,,SERIES,X1,x1,"Vasıta > Arazi, SUV & Pickup > BMW > X1",curated-market-v1,CURATED_REVIEW,,
"Arazi, SUV & Pickup",,BMW,X1,sDrive16d,MODEL_VARIANT,sDrive16d,sdrive16d,"Vasıta > Arazi, SUV & Pickup > BMW > X1 > sDrive16d",curated-market-v1,CURATED_REVIEW,,
"Arazi, SUV & Pickup",,BMW,X1,sDrive18i,MODEL_VARIANT,sDrive18i,sdrive18i,"Vasıta > Arazi, SUV & Pickup > BMW > X1 > sDrive18i",curated-market-v1,CURATED_REVIEW,,
"Arazi, SUV & Pickup",,BMW,X1,sDrive20i,MODEL_VARIANT,sDrive20i,sdrive20i,"Vasıta > Arazi, SUV & Pickup > BMW > X1 > sDrive20i",curated-market-v1,CURATED_REVIEW,,
"Arazi, SUV & Pickup",,BMW,X1,xDrive20d,MODEL_VARIANT,xDrive20d,xdrive20d,"Vasıta > Arazi, SUV & Pickup > BMW > X1 > xDrive20d",curated-market-v1,CURATED_REVIEW,,
"Arazi, SUV & Pickup",,BMW,X1,xDrive25e,MODEL_VARIANT,xDrive25e,xdrive25e,"Vasıta > Arazi, SUV & Pickup > BMW > X1 > xDrive25e",curated-market-v1,CURATED_REVIEW,,
"Arazi, SUV & Pickup",,BMW,X2,,SERIES,X2,x2,"Vasıta > Arazi, SUV & Pickup > BMW > X2",curated-market-v1,CURATED_REVIEW,,
"Arazi, SUV & Pickup",,BMW,X2,sDrive18i,MODEL_VARIANT,sDrive18i,sdrive18i,"Vasıta > Arazi, SUV & Pickup > BMW > X2 > sDrive18i",curated-market-v1,CURATED_REVIEW,,
"Arazi, SUV & Pickup",,BMW,X2,sDrive20i,MODEL_VARIANT,sDrive20i,sdrive20i,"Vasıta > Arazi, SUV & Pickup > BMW > X2 > sDrive20i",curated-market-v1,CURATED_REVIEW,,
"Arazi, SUV & Pickup",,BMW,X2,xDrive20d,MODEL_VARIANT,xDrive20d,xdrive20d,"Vasıta > Arazi, SUV & Pickup > BMW > X2 > xDrive20d",curated-market-v1,CURATED_REVIEW,,
"Arazi, SUV & Pickup",,BMW,X2,M35i,MODEL_VARIANT,M35i,m35i,"Vasıta > Arazi, SUV & Pickup > BMW > X2 > M35i",curated-market-v1,CURATED_REVIEW,,
"Arazi, SUV & Pickup",,BMW,X3,,SERIES,X3,x3,"Vasıta > Arazi, SUV & Pickup > BMW > X3",curated-market-v1,CURATED_REVIEW,,
"Arazi, SUV & Pickup",,BMW,X3,16d sDrive,MODEL_VARIANT,16d sDrive,16d-sdrive,"Vasıta > Arazi, SUV & Pickup > BMW > X3 > 16d sDrive",curated-market-v1,CURATED_REVIEW,,
"Arazi, SUV & Pickup",,BMW,X3,18d xDrive,MODEL_VARIANT,18d xDrive,18d-xdrive,"Vasıta > Arazi, SUV & Pickup > BMW > X3 > 18d xDrive",curated-market-v1,CURATED_REVIEW,,
"Arazi, SUV & Pickup",,BMW,X3,20d xDrive,MODEL_VARIANT,20d xDrive,20d-xdrive,"Vasıta > Arazi, SUV & Pickup > BMW > X3 > 20d xDrive",curated-market-v1,CURATED_REVIEW,,
"Arazi, SUV & Pickup",,BMW,X3,20i sDrive,MODEL_VARIANT,20i sDrive,20i-sdrive,"Vasıta > Arazi, SUV & Pickup > BMW > X3 > 20i sDrive",curated-market-v1,CURATED_REVIEW,,
"Arazi, SUV & Pickup",,BMW,X3,20i xDrive,MODEL_VARIANT,20i xDrive,20i-xdrive,"Vasıta > Arazi, SUV & Pickup > BMW > X3 > 20i xDrive",curated-market-v1,CURATED_REVIEW,,
"Arazi, SUV & Pickup",,BMW,X3,30e xDrive,MODEL_VARIANT,30e xDrive,30e-xdrive,"Vasıta > Arazi, SUV & Pickup > BMW > X3 > 30e xDrive",curated-market-v1,CURATED_REVIEW,,
"Arazi, SUV & Pickup",,BMW,X3,M40i,MODEL_VARIANT,M40i,m40i,"Vasıta > Arazi, SUV & Pickup > BMW > X3 > M40i",curated-market-v1,CURATED_REVIEW,,
"Arazi, SUV & Pickup",,BMW,X4,,SERIES,X4,x4,"Vasıta > Arazi, SUV & Pickup > BMW > X4",curated-market-v1,CURATED_REVIEW,,
"Arazi, SUV & Pickup",,BMW,X4,20d xDrive,MODEL_VARIANT,20d xDrive,20d-xdrive,"Vasıta > Arazi, SUV & Pickup > BMW > X4 > 20d xDrive",curated-market-v1,CURATED_REVIEW,,
"Arazi, SUV & Pickup",,BMW,X4,20i xDrive,MODEL_VARIANT,20i xDrive,20i-xdrive,"Vasıta > Arazi, SUV & Pickup > BMW > X4 > 20i xDrive",curated-market-v1,CURATED_REVIEW,,
"Arazi, SUV & Pickup",,BMW,X4,30d xDrive,MODEL_VARIANT,30d xDrive,30d-xdrive,"Vasıta > Arazi, SUV & Pickup > BMW > X4 > 30d xDrive",curated-market-v1,CURATED_REVIEW,,
"Arazi, SUV & Pickup",,BMW,X4,M40i,MODEL_VARIANT,M40i,m40i,"Vasıta > Arazi, SUV & Pickup > BMW > X4 > M40i",curated-market-v1,CURATED_REVIEW,,
"Arazi, SUV & Pickup",,BMW,X5,,SERIES,X5,x5,"Vasıta > Arazi, SUV & Pickup > BMW > X5",curated-market-v1,CURATED_REVIEW,,
"Arazi, SUV & Pickup",,BMW,X5,25d sDrive,MODEL_VARIANT,25d sDrive,25d-sdrive,"Vasıta > Arazi, SUV & Pickup > BMW > X5 > 25d sDrive",curated-market-v1,CURATED_REVIEW,,
"Arazi, SUV & Pickup",,BMW,X5,30d xDrive,MODEL_VARIANT,30d xDrive,30d-xdrive,"Vasıta > Arazi, SUV & Pickup > BMW > X5 > 30d xDrive",curated-market-v1,CURATED_REVIEW,,
"Arazi, SUV & Pickup",,BMW,X5,40d xDrive,MODEL_VARIANT,40d xDrive,40d-xdrive,"Vasıta > Arazi, SUV & Pickup > BMW > X5 > 40d xDrive",curated-market-v1,CURATED_REVIEW,,
"Arazi, SUV & Pickup",,BMW,X5,45e xDrive,MODEL_VARIANT,45e xDrive,45e-xdrive,"Vasıta > Arazi, SUV & Pickup > BMW > X5 > 45e xDrive",curated-market-v1,CURATED_REVIEW,,
"Arazi, SUV & Pickup",,BMW,X5,50e xDrive,MODEL_VARIANT,50e xDrive,50e-xdrive,"Vasıta > Arazi, SUV & Pickup > BMW > X5 > 50e xDrive",curated-market-v1,CURATED_REVIEW,,
"Arazi, SUV & Pickup",,BMW,X5,M50i,MODEL_VARIANT,M50i,m50i,"Vasıta > Arazi, SUV & Pickup > BMW > X5 > M50i",curated-market-v1,CURATED_REVIEW,,
"Arazi, SUV & Pickup",,BMW,X6,,SERIES,X6,x6,"Vasıta > Arazi, SUV & Pickup > BMW > X6",curated-market-v1,CURATED_REVIEW,,
"Arazi, SUV & Pickup",,BMW,X6,30d xDrive,MODEL_VARIANT,30d xDrive,30d-xdrive,"Vasıta > Arazi, SUV & Pickup > BMW > X6 > 30d xDrive",curated-market-v1,CURATED_REVIEW,,
"Arazi, SUV & Pickup",,BMW,X6,40d xDrive,MODEL_VARIANT,40d xDrive,40d-xdrive,"Vasıta > Arazi, SUV & Pickup > BMW > X6 > 40d xDrive",curated-market-v1,CURATED_REVIEW,,
"Arazi, SUV & Pickup",,BMW,X6,M50d,MODEL_VARIANT,M50d,m50d,"Vasıta > Arazi, SUV & Pickup > BMW > X6 > M50d",curated-market-v1,CURATED_REVIEW,,
"Arazi, SUV & Pickup",,BMW,X6,M60i,MODEL_VARIANT,M60i,m60i,"Vasıta > Arazi, SUV & Pickup > BMW > X6 > M60i",curated-market-v1,CURATED_REVIEW,,
"Arazi, SUV & Pickup",,BMW,X7,,SERIES,X7,x7,"Vasıta > Arazi, SUV & Pickup > BMW > X7",curated-market-v1,CURATED_REVIEW,,
"Arazi, SUV & Pickup",,BMW,X7,30d xDrive,MODEL_VARIANT,30d xDrive,30d-xdrive,"Vasıta > Arazi, SUV & Pickup > BMW > X7 > 30d xDrive",curated-market-v1,CURATED_REVIEW,,
"Arazi, SUV & Pickup",,BMW,X7,40d xDrive,MODEL_VARIANT,40d xDrive,40d-xdrive,"Vasıta > Arazi, SUV & Pickup > BMW > X7 > 40d xDrive",curated-market-v1,CURATED_REVIEW,,
"Arazi, SUV & Pickup",,BMW,X7,M50d,MODEL_VARIANT,M50d,m50d,"Vasıta > Arazi, SUV & Pickup > BMW > X7 > M50d",curated-market-v1,CURATED_REVIEW,,
"Arazi, SUV & Pickup",,BMW,X7,M60i,MODEL_VARIANT,M60i,m60i,"Vasıta > Arazi, SUV & Pickup > BMW > X7 > M60i",curated-market-v1,CURATED_REVIEW,,
"Arazi, SUV & Pickup",,BYD,Atto 3,,SERIES,Atto 3,atto-3,"Vasıta > Arazi, SUV & Pickup > BYD > Atto 3",curated-market-v1,CURATED_REVIEW,,
"Arazi, SUV & Pickup",,BYD,Atto 3,Design,MODEL_VARIANT,Design,design,"Vasıta > Arazi, SUV & Pickup > BYD > Atto 3 > Design",curated-market-v1,CURATED_REVIEW,,
"Arazi, SUV & Pickup",,BYD,Seal U,,SERIES,Seal U,seal-u,"Vasıta > Arazi, SUV & Pickup > BYD > Seal U",curated-market-v1,CURATED_REVIEW,,
"Arazi, SUV & Pickup",,BYD,Seal U,Comfort,MODEL_VARIANT,Comfort,comfort,"Vasıta > Arazi, SUV & Pickup > BYD > Seal U > Comfort",curated-market-v1,CURATED_REVIEW,,
"Arazi, SUV & Pickup",,BYD,Seal U,Design,MODEL_VARIANT,Design,design,"Vasıta > Arazi, SUV & Pickup > BYD > Seal U > Design",curated-market-v1,CURATED_REVIEW,,
"Arazi, SUV & Pickup",,BYD,Seal U,DM-i Design,MODEL_VARIANT,DM-i Design,dm-i-design,"Vasıta > Arazi, SUV & Pickup > BYD > Seal U > DM-i Design",curated-market-v1,CURATED_REVIEW,,
"Arazi, SUV & Pickup",,BYD,Seal U,DM-i Excellence,MODEL_VARIANT,DM-i Excellence,dm-i-excellence,"Vasıta > Arazi, SUV & Pickup > BYD > Seal U > DM-i Excellence",curated-market-v1,CURATED_REVIEW,,
"Arazi, SUV & Pickup",,BYD,Tang,,SERIES,Tang,tang,"Vasıta > Arazi, SUV & Pickup > BYD > Tang",curated-market-v1,CURATED_REVIEW,,
"Arazi, SUV & Pickup",,BYD,Tang,Flagship,MODEL_VARIANT,Flagship,flagship,"Vasıta > Arazi, SUV & Pickup > BYD > Tang > Flagship",curated-market-v1,CURATED_REVIEW,,
"Arazi, SUV & Pickup",,Cadillac,Escalade,,SERIES,Escalade,escalade,"Vasıta > Arazi, SUV & Pickup > Cadillac > Escalade",curated-market-v1,CURATED_REVIEW,,
"Arazi, SUV & Pickup",,Cadillac,SRX,,SERIES,SRX,srx,"Vasıta > Arazi, SUV & Pickup > Cadillac > SRX",curated-market-v1,CURATED_REVIEW,,
"Arazi, SUV & Pickup",,Cadillac,XT4,,SERIES,XT4,xt4,"Vasıta > Arazi, SUV & Pickup > Cadillac > XT4",curated-market-v1,CURATED_REVIEW,,
"Arazi, SUV & Pickup",,Cadillac,XT5,,SERIES,XT5,xt5,"Vasıta > Arazi, SUV & Pickup > Cadillac > XT5",curated-market-v1,CURATED_REVIEW,,
"Arazi, SUV & Pickup",,Cadillac,XT6,,SERIES,XT6,xt6,"Vasıta > Arazi, SUV & Pickup > Cadillac > XT6",curated-market-v1,CURATED_REVIEW,,
"Arazi, SUV & Pickup",,Chery,Tiggo 3,,SERIES,Tiggo 3,tiggo-3,"Vasıta > Arazi, SUV & Pickup > Chery > Tiggo 3",curated-market-v1,CURATED_REVIEW,,
"Arazi, SUV & Pickup",,Chery,Tiggo 4 Pro,,SERIES,Tiggo 4 Pro,tiggo-4-pro,"Vasıta > Arazi, SUV & Pickup > Chery > Tiggo 4 Pro",curated-market-v1,CURATED_REVIEW,,
"Arazi, SUV & Pickup",,Chery,Tiggo 7 Pro,,SERIES,Tiggo 7 Pro,tiggo-7-pro,"Vasıta > Arazi, SUV & Pickup > Chery > Tiggo 7 Pro",curated-market-v1,CURATED_REVIEW,,
"Arazi, SUV & Pickup",,Chery,Tiggo 7 Pro,Comfort,MODEL_VARIANT,Comfort,comfort,"Vasıta > Arazi, SUV & Pickup > Chery > Tiggo 7 Pro > Comfort",curated-market-v1,CURATED_REVIEW,,
"Arazi, SUV & Pickup",,Chery,Tiggo 7 Pro,Luxury,MODEL_VARIANT,Luxury,luxury,"Vasıta > Arazi, SUV & Pickup > Chery > Tiggo 7 Pro > Luxury",curated-market-v1,CURATED_REVIEW,,
"Arazi, SUV & Pickup",,Chery,Tiggo 7 Pro,Excellent,MODEL_VARIANT,Excellent,excellent,"Vasıta > Arazi, SUV & Pickup > Chery > Tiggo 7 Pro > Excellent",curated-market-v1,CURATED_REVIEW,,
"Arazi, SUV & Pickup",,Chery,Tiggo 8 Pro,,SERIES,Tiggo 8 Pro,tiggo-8-pro,"Vasıta > Arazi, SUV & Pickup > Chery > Tiggo 8 Pro",curated-market-v1,CURATED_REVIEW,,
"Arazi, SUV & Pickup",,Chery,Tiggo 8 Pro,Luxury,MODEL_VARIANT,Luxury,luxury,"Vasıta > Arazi, SUV & Pickup > Chery > Tiggo 8 Pro > Luxury",curated-market-v1,CURATED_REVIEW,,
"Arazi, SUV & Pickup",,Chery,Tiggo 8 Pro,Excellent,MODEL_VARIANT,Excellent,excellent,"Vasıta > Arazi, SUV & Pickup > Chery > Tiggo 8 Pro > Excellent",curated-market-v1,CURATED_REVIEW,,
"Arazi, SUV & Pickup",,Chery,Tiggo 8 Pro Max,,SERIES,Tiggo 8 Pro Max,tiggo-8-pro-max,"Vasıta > Arazi, SUV & Pickup > Chery > Tiggo 8 Pro Max",curated-market-v1,CURATED_REVIEW,,
"Arazi, SUV & Pickup",,Chevrolet,Blazer,,SERIES,Blazer,blazer,"Vasıta > Arazi, SUV & Pickup > Chevrolet > Blazer",curated-market-v1,CURATED_REVIEW,,
"Arazi, SUV & Pickup",,Chevrolet,Captiva,,SERIES,Captiva,captiva,"Vasıta > Arazi, SUV & Pickup > Chevrolet > Captiva",curated-market-v1,CURATED_REVIEW,,
"Arazi, SUV & Pickup",,Chevrolet,Captiva,2.0 D LT,MODEL_VARIANT,2.0 D LT,2-0-d-lt,"Vasıta > Arazi, SUV & Pickup > Chevrolet > Captiva > 2.0 D LT",curated-market-v1,CURATED_REVIEW,,
"Arazi, SUV & Pickup",,Chevrolet,Captiva,2.0 D LTZ,MODEL_VARIANT,2.0 D LTZ,2-0-d-ltz,"Vasıta > Arazi, SUV & Pickup > Chevrolet > Captiva > 2.0 D LTZ",curated-market-v1,CURATED_REVIEW,,
"Arazi, SUV & Pickup",,Chevrolet,Equinox,,SERIES,Equinox,equinox,"Vasıta > Arazi, SUV & Pickup > Chevrolet > Equinox",curated-market-v1,CURATED_REVIEW,,
"Arazi, SUV & Pickup",,Chevrolet,Suburban,,SERIES,Suburban,suburban,"Vasıta > Arazi, SUV & Pickup > Chevrolet > Suburban",curated-market-v1,CURATED_REVIEW,,
"Arazi, SUV & Pickup",,Chevrolet,Tahoe,,SERIES,Tahoe,tahoe,"Vasıta > Arazi, SUV & Pickup > Chevrolet > Tahoe",curated-market-v1,CURATED_REVIEW,,
"Arazi, SUV & Pickup",,Chevrolet,Tracker,,SERIES,Tracker,tracker,"Vasıta > Arazi, SUV & Pickup > Chevrolet > Tracker",curated-market-v1,CURATED_REVIEW,,
"Arazi, SUV & Pickup",,Chevrolet,Tracker,1.2 Turbo LT,MODEL_VARIANT,1.2 Turbo LT,1-2-turbo-lt,"Vasıta > Arazi, SUV & Pickup > Chevrolet > Tracker > 1.2 Turbo LT",curated-market-v1,CURATED_REVIEW,,
"Arazi, SUV & Pickup",,Chevrolet,Trailblazer,,SERIES,Trailblazer,trailblazer,"Vasıta > Arazi, SUV & Pickup > Chevrolet > Trailblazer",curated-market-v1,CURATED_REVIEW,,
"Arazi, SUV & Pickup",,Chrysler,Aspen,,SERIES,Aspen,aspen,"Vasıta > Arazi, SUV & Pickup > Chrysler > Aspen",curated-market-v1,CURATED_REVIEW,,
"Arazi, SUV & Pickup",,Chrysler,Pacifica,,SERIES,Pacifica,pacifica,"Vasıta > Arazi, SUV & Pickup > Chrysler > Pacifica",curated-market-v1,CURATED_REVIEW,,
"Arazi, SUV & Pickup",,Citroen,C3 Aircross,,SERIES,C3 Aircross,c3-aircross,"Vasıta > Arazi, SUV & Pickup > Citroen > C3 Aircross",curated-market-v1,CURATED_REVIEW,,
"Arazi, SUV & Pickup",,Citroen,C3 Aircross,1.2 PureTech Feel Bold,MODEL_VARIANT,1.2 PureTech Feel Bold,1-2-puretech-feel-bold,"Vasıta > Arazi, SUV & Pickup > Citroen > C3 Aircross > 1.2 PureTech Feel Bold",curated-market-v1,CURATED_REVIEW,,
"Arazi, SUV & Pickup",,Citroen,C3 Aircross,1.5 BlueHDi Shine,MODEL_VARIANT,1.5 BlueHDi Shine,1-5-bluehdi-shine,"Vasıta > Arazi, SUV & Pickup > Citroen > C3 Aircross > 1.5 BlueHDi Shine",curated-market-v1,CURATED_REVIEW,,
"Arazi, SUV & Pickup",,Citroen,C4 Cactus,,SERIES,C4 Cactus,c4-cactus,"Vasıta > Arazi, SUV & Pickup > Citroen > C4 Cactus",curated-market-v1,CURATED_REVIEW,,
"Arazi, SUV & Pickup",,Citroen,C4 Cactus,1.2 PureTech Feel,MODEL_VARIANT,1.2 PureTech Feel,1-2-puretech-feel,"Vasıta > Arazi, SUV & Pickup > Citroen > C4 Cactus > 1.2 PureTech Feel",curated-market-v1,CURATED_REVIEW,,
"Arazi, SUV & Pickup",,Citroen,C4 Cactus,1.6 BlueHDi Shine,MODEL_VARIANT,1.6 BlueHDi Shine,1-6-bluehdi-shine,"Vasıta > Arazi, SUV & Pickup > Citroen > C4 Cactus > 1.6 BlueHDi Shine",curated-market-v1,CURATED_REVIEW,,
"Arazi, SUV & Pickup",,Citroen,C5 Aircross,,SERIES,C5 Aircross,c5-aircross,"Vasıta > Arazi, SUV & Pickup > Citroen > C5 Aircross",curated-market-v1,CURATED_REVIEW,,
"Arazi, SUV & Pickup",,Citroen,C5 Aircross,1.2 PureTech Feel,MODEL_VARIANT,1.2 PureTech Feel,1-2-puretech-feel,"Vasıta > Arazi, SUV & Pickup > Citroen > C5 Aircross > 1.2 PureTech Feel",curated-market-v1,CURATED_REVIEW,,
"Arazi, SUV & Pickup",,Citroen,C5 Aircross,1.5 BlueHDi Shine,MODEL_VARIANT,1.5 BlueHDi Shine,1-5-bluehdi-shine,"Vasıta > Arazi, SUV & Pickup > Citroen > C5 Aircross > 1.5 BlueHDi Shine",curated-market-v1,CURATED_REVIEW,,
"Arazi, SUV & Pickup",,Citroen,C5 Aircross,Hybrid e-Series,MODEL_VARIANT,Hybrid e-Series,hybrid-e-series,"Vasıta > Arazi, SUV & Pickup > Citroen > C5 Aircross > Hybrid e-Series",curated-market-v1,CURATED_REVIEW,,
"Arazi, SUV & Pickup",,Cupra,Ateca,,SERIES,Ateca,ateca,"Vasıta > Arazi, SUV & Pickup > Cupra > Ateca",curated-market-v1,CURATED_REVIEW,,
"Arazi, SUV & Pickup",,Cupra,Ateca,2.0 TSI,MODEL_VARIANT,2.0 TSI,2-0-tsi,"Vasıta > Arazi, SUV & Pickup > Cupra > Ateca > 2.0 TSI",curated-market-v1,CURATED_REVIEW,,
"Arazi, SUV & Pickup",,Cupra,Formentor,,SERIES,Formentor,formentor,"Vasıta > Arazi, SUV & Pickup > Cupra > Formentor",curated-market-v1,CURATED_REVIEW,,
"Arazi, SUV & Pickup",,Cupra,Formentor,1.5 TSI,MODEL_VARIANT,1.5 TSI,1-5-tsi,"Vasıta > Arazi, SUV & Pickup > Cupra > Formentor > 1.5 TSI",curated-market-v1,CURATED_REVIEW,,
"Arazi, SUV & Pickup",,Cupra,Formentor,2.0 TSI,MODEL_VARIANT,2.0 TSI,2-0-tsi,"Vasıta > Arazi, SUV & Pickup > Cupra > Formentor > 2.0 TSI",curated-market-v1,CURATED_REVIEW,,
"Arazi, SUV & Pickup",,Cupra,Formentor,VZ,MODEL_VARIANT,VZ,vz,"Vasıta > Arazi, SUV & Pickup > Cupra > Formentor > VZ",curated-market-v1,CURATED_REVIEW,,
"Arazi, SUV & Pickup",,Cupra,Formentor,e-Hybrid,MODEL_VARIANT,e-Hybrid,e-hybrid,"Vasıta > Arazi, SUV & Pickup > Cupra > Formentor > e-Hybrid",curated-market-v1,CURATED_REVIEW,,
"Arazi, SUV & Pickup",,Cupra,Tavascan,,SERIES,Tavascan,tavascan,"Vasıta > Arazi, SUV & Pickup > Cupra > Tavascan",curated-market-v1,CURATED_REVIEW,,
"Arazi, SUV & Pickup",,Cupra,Tavascan,Endurance,MODEL_VARIANT,Endurance,endurance,"Vasıta > Arazi, SUV & Pickup > Cupra > Tavascan > Endurance",curated-market-v1,CURATED_REVIEW,,
"Arazi, SUV & Pickup",,Cupra,Tavascan,VZ,MODEL_VARIANT,VZ,vz,"Vasıta > Arazi, SUV & Pickup > Cupra > Tavascan > VZ",curated-market-v1,CURATED_REVIEW,,
"Arazi, SUV & Pickup",,Dacia,Bigster,,SERIES,Bigster,bigster,"Vasıta > Arazi, SUV & Pickup > Dacia > Bigster",curated-market-v1,CURATED_REVIEW,,
"Arazi, SUV & Pickup",,Dacia,Duster,,SERIES,Duster,duster,"Vasıta > Arazi, SUV & Pickup > Dacia > Duster",curated-market-v1,CURATED_REVIEW,,
"Arazi, SUV & Pickup",,Dacia,Duster,1.0 TCe Comfort,MODEL_VARIANT,1.0 TCe Comfort,1-0-tce-comfort,"Vasıta > Arazi, SUV & Pickup > Dacia > Duster > 1.0 TCe Comfort",curated-market-v1,CURATED_REVIEW,,
"Arazi, SUV & Pickup",,Dacia,Duster,1.3 TCe Prestige,MODEL_VARIANT,1.3 TCe Prestige,1-3-tce-prestige,"Vasıta > Arazi, SUV & Pickup > Dacia > Duster > 1.3 TCe Prestige",curated-market-v1,CURATED_REVIEW,,
"Arazi, SUV & Pickup",,Dacia,Duster,1.5 dCi 4x4 Prestige,MODEL_VARIANT,1.5 dCi 4x4 Prestige,1-5-dci-4x4-prestige,"Vasıta > Arazi, SUV & Pickup > Dacia > Duster > 1.5 dCi 4x4 Prestige",curated-market-v1,CURATED_REVIEW,,
"Arazi, SUV & Pickup",,Dacia,Duster,1.6 4x2 Laureate,MODEL_VARIANT,1.6 4x2 Laureate,1-6-4x2-laureate,"Vasıta > Arazi, SUV & Pickup > Dacia > Duster > 1.6 4x2 Laureate",curated-market-v1,CURATED_REVIEW,,
"Arazi, SUV & Pickup",,Dacia,Spring,,SERIES,Spring,spring,"Vasıta > Arazi, SUV & Pickup > Dacia > Spring",curated-market-v1,CURATED_REVIEW,,
"Arazi, SUV & Pickup",,Dacia,Spring,Extreme,MODEL_VARIANT,Extreme,extreme,"Vasıta > Arazi, SUV & Pickup > Dacia > Spring > Extreme",curated-market-v1,CURATED_REVIEW,,
"Arazi, SUV & Pickup",,Daewoo,,,BRAND,Daewoo,daewoo,"Vasıta > Arazi, SUV & Pickup > Daewoo",https://www.sahibinden.com/kategori/arazi-suv-pickup,PUBLIC_NAV_VERIFIED,Marka doğrulandı; seri/model dalı sonraki veri doğrulamasına bırakıldı.,
"Arazi, SUV & Pickup",,Daihatsu,Feroza,,SERIES,Feroza,feroza,"Vasıta > Arazi, SUV & Pickup > Daihatsu > Feroza",curated-market-v1,CURATED_REVIEW,,
"Arazi, SUV & Pickup",,Daihatsu,Rocky,,SERIES,Rocky,rocky,"Vasıta > Arazi, SUV & Pickup > Daihatsu > Rocky",curated-market-v1,CURATED_REVIEW,,
"Arazi, SUV & Pickup",,Daihatsu,Terios,,SERIES,Terios,terios,"Vasıta > Arazi, SUV & Pickup > Daihatsu > Terios",curated-market-v1,CURATED_REVIEW,,
"Arazi, SUV & Pickup",,DFM,Rich,,SERIES,Rich,rich,"Vasıta > Arazi, SUV & Pickup > DFM > Rich",curated-market-v1,CURATED_REVIEW,,
"Arazi, SUV & Pickup",,DFM,Succe,,SERIES,Succe,succe,"Vasıta > Arazi, SUV & Pickup > DFM > Succe",curated-market-v1,CURATED_REVIEW,,
"Arazi, SUV & Pickup",,DFSK,Fengon 5,,SERIES,Fengon 5,fengon-5,"Vasıta > Arazi, SUV & Pickup > DFSK > Fengon 5",curated-market-v1,CURATED_REVIEW,,
"Arazi, SUV & Pickup",,DFSK,Fengon 500,,SERIES,Fengon 500,fengon-500,"Vasıta > Arazi, SUV & Pickup > DFSK > Fengon 500",curated-market-v1,CURATED_REVIEW,,
"Arazi, SUV & Pickup",,DFSK,Fengon 580,,SERIES,Fengon 580,fengon-580,"Vasıta > Arazi, SUV & Pickup > DFSK > Fengon 580",curated-market-v1,CURATED_REVIEW,,
"Arazi, SUV & Pickup",,DFSK,Glory 330,,SERIES,Glory 330,glory-330,"Vasıta > Arazi, SUV & Pickup > DFSK > Glory 330",curated-market-v1,CURATED_REVIEW,,
"Arazi, SUV & Pickup",,DFSK,Glory 500,,SERIES,Glory 500,glory-500,"Vasıta > Arazi, SUV & Pickup > DFSK > Glory 500",curated-market-v1,CURATED_REVIEW,,
"Arazi, SUV & Pickup",,DFSK,Seres 3,,SERIES,Seres 3,seres-3,"Vasıta > Arazi, SUV & Pickup > DFSK > Seres 3",curated-market-v1,CURATED_REVIEW,,
"Arazi, SUV & Pickup",,Dodge,Durango,,SERIES,Durango,durango,"Vasıta > Arazi, SUV & Pickup > Dodge > Durango",curated-market-v1,CURATED_REVIEW,,
"Arazi, SUV & Pickup",,Dodge,Journey,,SERIES,Journey,journey,"Vasıta > Arazi, SUV & Pickup > Dodge > Journey",curated-market-v1,CURATED_REVIEW,,
"Arazi, SUV & Pickup",,Dodge,Nitro,,SERIES,Nitro,nitro,"Vasıta > Arazi, SUV & Pickup > Dodge > Nitro",curated-market-v1,CURATED_REVIEW,,
"Arazi, SUV & Pickup",,Dodge,Ram,,SERIES,Ram,ram,"Vasıta > Arazi, SUV & Pickup > Dodge > Ram",curated-market-v1,CURATED_REVIEW,,
"Arazi, SUV & Pickup",,DS Automobiles,DS 3 Crossback,,SERIES,DS 3 Crossback,ds-3-crossback,"Vasıta > Arazi, SUV & Pickup > DS Automobiles > DS 3 Crossback",curated-market-v1,CURATED_REVIEW,,
"Arazi, SUV & Pickup",,DS Automobiles,DS 3 Crossback,Performance Line,MODEL_VARIANT,Performance Line,performance-line,"Vasıta > Arazi, SUV & Pickup > DS Automobiles > DS 3 Crossback > Performance Line",curated-market-v1,CURATED_REVIEW,,
"Arazi, SUV & Pickup",,DS Automobiles,DS 3 Crossback,Rivoli,MODEL_VARIANT,Rivoli,rivoli,"Vasıta > Arazi, SUV & Pickup > DS Automobiles > DS 3 Crossback > Rivoli",curated-market-v1,CURATED_REVIEW,,
"Arazi, SUV & Pickup",,DS Automobiles,DS 7,,SERIES,DS 7,ds-7,"Vasıta > Arazi, SUV & Pickup > DS Automobiles > DS 7",curated-market-v1,CURATED_REVIEW,,
"Arazi, SUV & Pickup",,DS Automobiles,DS 7,Performance Line,MODEL_VARIANT,Performance Line,performance-line,"Vasıta > Arazi, SUV & Pickup > DS Automobiles > DS 7 > Performance Line",curated-market-v1,CURATED_REVIEW,,
"Arazi, SUV & Pickup",,DS Automobiles,DS 7,Rivoli,MODEL_VARIANT,Rivoli,rivoli,"Vasıta > Arazi, SUV & Pickup > DS Automobiles > DS 7 > Rivoli",curated-market-v1,CURATED_REVIEW,,
"Arazi, SUV & Pickup",,DS Automobiles,DS 7,Opera,MODEL_VARIANT,Opera,opera,"Vasıta > Arazi, SUV & Pickup > DS Automobiles > DS 7 > Opera",curated-market-v1,CURATED_REVIEW,,
"Arazi, SUV & Pickup",,DS Automobiles,DS 7 Crossback,,SERIES,DS 7 Crossback,ds-7-crossback,"Vasıta > Arazi, SUV & Pickup > DS Automobiles > DS 7 Crossback",curated-market-v1,CURATED_REVIEW,,
"Arazi, SUV & Pickup",,Ferrari,Purosangue,,SERIES,Purosangue,purosangue,"Vasıta > Arazi, SUV & Pickup > Ferrari > Purosangue",curated-market-v1,CURATED_REVIEW,,
"Arazi, SUV & Pickup",,Fiat,500X,,SERIES,500X,500x,"Vasıta > Arazi, SUV & Pickup > Fiat > 500X",curated-market-v1,CURATED_REVIEW,,
"Arazi, SUV & Pickup",,Fiat,500X,1.0 FireFly Cross,MODEL_VARIANT,1.0 FireFly Cross,1-0-firefly-cross,"Vasıta > Arazi, SUV & Pickup > Fiat > 500X > 1.0 FireFly Cross",curated-market-v1,CURATED_REVIEW,,
"Arazi, SUV & Pickup",,Fiat,500X,1.3 FireFly Lounge,MODEL_VARIANT,1.3 FireFly Lounge,1-3-firefly-lounge,"Vasıta > Arazi, SUV & Pickup > Fiat > 500X > 1.3 FireFly Lounge",curated-market-v1,CURATED_REVIEW,,
"Arazi, SUV & Pickup",,Fiat,500X,1.6 Multijet Cross,MODEL_VARIANT,1.6 Multijet Cross,1-6-multijet-cross,"Vasıta > Arazi, SUV & Pickup > Fiat > 500X > 1.6 Multijet Cross",curated-market-v1,CURATED_REVIEW,,
"Arazi, SUV & Pickup",,Fiat,Freemont,,SERIES,Freemont,freemont,"Vasıta > Arazi, SUV & Pickup > Fiat > Freemont",curated-market-v1,CURATED_REVIEW,,
"Arazi, SUV & Pickup",,Fiat,Freemont,2.0 Multijet Lounge,MODEL_VARIANT,2.0 Multijet Lounge,2-0-multijet-lounge,"Vasıta > Arazi, SUV & Pickup > Fiat > Freemont > 2.0 Multijet Lounge",curated-market-v1,CURATED_REVIEW,,
"Arazi, SUV & Pickup",,Fiat,Fullback,,SERIES,Fullback,fullback,"Vasıta > Arazi, SUV & Pickup > Fiat > Fullback",curated-market-v1,CURATED_REVIEW,,
"Arazi, SUV & Pickup",,Fiat,Fullback,2.4 D 4x4,MODEL_VARIANT,2.4 D 4x4,2-4-d-4x4,"Vasıta > Arazi, SUV & Pickup > Fiat > Fullback > 2.4 D 4x4",curated-market-v1,CURATED_REVIEW,,
"Arazi, SUV & Pickup",,Fiat,Panda 4x4,,SERIES,Panda 4x4,panda-4x4,"Vasıta > Arazi, SUV & Pickup > Fiat > Panda 4x4",curated-market-v1,CURATED_REVIEW,,
"Arazi, SUV & Pickup",,Fiat,Sedici,,SERIES,Sedici,sedici,"Vasıta > Arazi, SUV & Pickup > Fiat > Sedici",curated-market-v1,CURATED_REVIEW,,
"Arazi, SUV & Pickup",,Fiat,Toro,,SERIES,Toro,toro,"Vasıta > Arazi, SUV & Pickup > Fiat > Toro",curated-market-v1,CURATED_REVIEW,,
"Arazi, SUV & Pickup",,Ford,Bronco,,SERIES,Bronco,bronco,"Vasıta > Arazi, SUV & Pickup > Ford > Bronco",curated-market-v1,CURATED_REVIEW,,
"Arazi, SUV & Pickup",,Ford,Edge,,SERIES,Edge,edge,"Vasıta > Arazi, SUV & Pickup > Ford > Edge",curated-market-v1,CURATED_REVIEW,,
"Arazi, SUV & Pickup",,Ford,Escape,,SERIES,Escape,escape,"Vasıta > Arazi, SUV & Pickup > Ford > Escape",curated-market-v1,CURATED_REVIEW,,
"Arazi, SUV & Pickup",,Ford,Everest,,SERIES,Everest,everest,"Vasıta > Arazi, SUV & Pickup > Ford > Everest",curated-market-v1,CURATED_REVIEW,,
"Arazi, SUV & Pickup",,Ford,Explorer,,SERIES,Explorer,explorer,"Vasıta > Arazi, SUV & Pickup > Ford > Explorer",curated-market-v1,CURATED_REVIEW,,
"Arazi, SUV & Pickup",,Ford,Kuga,,SERIES,Kuga,kuga,"Vasıta > Arazi, SUV & Pickup > Ford > Kuga",curated-market-v1,CURATED_REVIEW,,
"Arazi, SUV & Pickup",,Ford,Kuga,1.5 EcoBoost Style,MODEL_VARIANT,1.5 EcoBoost Style,1-5-ecoboost-style,"Vasıta > Arazi, SUV & Pickup > Ford > Kuga > 1.5 EcoBoost Style",curated-market-v1,CURATED_REVIEW,,
"Arazi, SUV & Pickup",,Ford,Kuga,1.5 EcoBlue Titanium,MODEL_VARIANT,1.5 EcoBlue Titanium,1-5-ecoblue-titanium,"Vasıta > Arazi, SUV & Pickup > Ford > Kuga > 1.5 EcoBlue Titanium",curated-market-v1,CURATED_REVIEW,,
"Arazi, SUV & Pickup",,Ford,Kuga,2.5 PHEV ST-Line,MODEL_VARIANT,2.5 PHEV ST-Line,2-5-phev-st-line,"Vasıta > Arazi, SUV & Pickup > Ford > Kuga > 2.5 PHEV ST-Line",curated-market-v1,CURATED_REVIEW,,
"Arazi, SUV & Pickup",,Ford,Maverick,,SERIES,Maverick,maverick,"Vasıta > Arazi, SUV & Pickup > Ford > Maverick",curated-market-v1,CURATED_REVIEW,,
"Arazi, SUV & Pickup",,Ford,Puma,,SERIES,Puma,puma,"Vasıta > Arazi, SUV & Pickup > Ford > Puma",curated-market-v1,CURATED_REVIEW,,
"Arazi, SUV & Pickup",,Ford,Puma,1.0 EcoBoost Style,MODEL_VARIANT,1.0 EcoBoost Style,1-0-ecoboost-style,"Vasıta > Arazi, SUV & Pickup > Ford > Puma > 1.0 EcoBoost Style",curated-market-v1,CURATED_REVIEW,,
"Arazi, SUV & Pickup",,Ford,Puma,1.0 EcoBoost Titanium,MODEL_VARIANT,1.0 EcoBoost Titanium,1-0-ecoboost-titanium,"Vasıta > Arazi, SUV & Pickup > Ford > Puma > 1.0 EcoBoost Titanium",curated-market-v1,CURATED_REVIEW,,
"Arazi, SUV & Pickup",,Ford,Puma,ST,MODEL_VARIANT,ST,st,"Vasıta > Arazi, SUV & Pickup > Ford > Puma > ST",curated-market-v1,CURATED_REVIEW,,
"Arazi, SUV & Pickup",,Ford,Ranger,,SERIES,Ranger,ranger,"Vasıta > Arazi, SUV & Pickup > Ford > Ranger",curated-market-v1,CURATED_REVIEW,,
"Arazi, SUV & Pickup",,Ford,Ranger,2.0 EcoBlue Wildtrak,MODEL_VARIANT,2.0 EcoBlue Wildtrak,2-0-ecoblue-wildtrak,"Vasıta > Arazi, SUV & Pickup > Ford > Ranger > 2.0 EcoBlue Wildtrak",curated-market-v1,CURATED_REVIEW,,
"Arazi, SUV & Pickup",,Ford,Ranger,2.0 Bi-Turbo Raptor,MODEL_VARIANT,2.0 Bi-Turbo Raptor,2-0-bi-turbo-raptor,"Vasıta > Arazi, SUV & Pickup > Ford > Ranger > 2.0 Bi-Turbo Raptor",curated-market-v1,CURATED_REVIEW,,
"Arazi, SUV & Pickup",,Ford,Ranger,2.2 TDCi XLT,MODEL_VARIANT,2.2 TDCi XLT,2-2-tdci-xlt,"Vasıta > Arazi, SUV & Pickup > Ford > Ranger > 2.2 TDCi XLT",curated-market-v1,CURATED_REVIEW,,
"Arazi, SUV & Pickup",,Ford,Ranger,3.2 TDCi Wildtrak,MODEL_VARIANT,3.2 TDCi Wildtrak,3-2-tdci-wildtrak,"Vasıta > Arazi, SUV & Pickup > Ford > Ranger > 3.2 TDCi Wildtrak",curated-market-v1,CURATED_REVIEW,,
"Arazi, SUV & Pickup",,Foton,Sauvana,,SERIES,Sauvana,sauvana,"Vasıta > Arazi, SUV & Pickup > Foton > Sauvana",curated-market-v1,CURATED_REVIEW,,
"Arazi, SUV & Pickup",,Foton,Tunland,,SERIES,Tunland,tunland,"Vasıta > Arazi, SUV & Pickup > Foton > Tunland",curated-market-v1,CURATED_REVIEW,,
"Arazi, SUV & Pickup",,Foton,Tunland,G7,MODEL_VARIANT,G7,g7,"Vasıta > Arazi, SUV & Pickup > Foton > Tunland > G7",curated-market-v1,CURATED_REVIEW,,
"Arazi, SUV & Pickup",,Foton,Tunland,G9,MODEL_VARIANT,G9,g9,"Vasıta > Arazi, SUV & Pickup > Foton > Tunland > G9",curated-market-v1,CURATED_REVIEW,,
"Arazi, SUV & Pickup",,Foton,Tunland,V9,MODEL_VARIANT,V9,v9,"Vasıta > Arazi, SUV & Pickup > Foton > Tunland > V9",curated-market-v1,CURATED_REVIEW,,
"Arazi, SUV & Pickup",,GMC,Acadia,,SERIES,Acadia,acadia,"Vasıta > Arazi, SUV & Pickup > GMC > Acadia",curated-market-v1,CURATED_REVIEW,,
"Arazi, SUV & Pickup",,GMC,Canyon,,SERIES,Canyon,canyon,"Vasıta > Arazi, SUV & Pickup > GMC > Canyon",curated-market-v1,CURATED_REVIEW,,
"Arazi, SUV & Pickup",,GMC,Envoy,,SERIES,Envoy,envoy,"Vasıta > Arazi, SUV & Pickup > GMC > Envoy",curated-market-v1,CURATED_REVIEW,,
"Arazi, SUV & Pickup",,GMC,Hummer EV,,SERIES,Hummer EV,hummer-ev,"Vasıta > Arazi, SUV & Pickup > GMC > Hummer EV",curated-market-v1,CURATED_REVIEW,,
"Arazi, SUV & Pickup",,GMC,Sierra,,SERIES,Sierra,sierra,"Vasıta > Arazi, SUV & Pickup > GMC > Sierra",curated-market-v1,CURATED_REVIEW,,
"Arazi, SUV & Pickup",,GMC,Terrain,,SERIES,Terrain,terrain,"Vasıta > Arazi, SUV & Pickup > GMC > Terrain",curated-market-v1,CURATED_REVIEW,,
"Arazi, SUV & Pickup",,GMC,Yukon,,SERIES,Yukon,yukon,"Vasıta > Arazi, SUV & Pickup > GMC > Yukon",curated-market-v1,CURATED_REVIEW,,
"Arazi, SUV & Pickup",,Honda,CR-V,,SERIES,CR-V,cr-v,"Vasıta > Arazi, SUV & Pickup > Honda > CR-V",curated-market-v1,CURATED_REVIEW,,
"Arazi, SUV & Pickup",,Honda,CR-V,1.5 VTEC Turbo Executive,MODEL_VARIANT,1.5 VTEC Turbo Executive,1-5-vtec-turbo-executive,"Vasıta > Arazi, SUV & Pickup > Honda > CR-V > 1.5 VTEC Turbo Executive",curated-market-v1,CURATED_REVIEW,,
"Arazi, SUV & Pickup",,Honda,CR-V,1.6 i-DTEC Elegance,MODEL_VARIANT,1.6 i-DTEC Elegance,1-6-i-dtec-elegance,"Vasıta > Arazi, SUV & Pickup > Honda > CR-V > 1.6 i-DTEC Elegance",curated-market-v1,CURATED_REVIEW,,
"Arazi, SUV & Pickup",,Honda,CR-V,2.0 Hybrid Executive,MODEL_VARIANT,2.0 Hybrid Executive,2-0-hybrid-executive,"Vasıta > Arazi, SUV & Pickup > Honda > CR-V > 2.0 Hybrid Executive",curated-market-v1,CURATED_REVIEW,,
"Arazi, SUV & Pickup",,Honda,HR-V,,SERIES,HR-V,hr-v,"Vasıta > Arazi, SUV & Pickup > Honda > HR-V",curated-market-v1,CURATED_REVIEW,,
"Arazi, SUV & Pickup",,Honda,HR-V,1.5 e:HEV Advance,MODEL_VARIANT,1.5 e:HEV Advance,1-5-e-hev-advance,"Vasıta > Arazi, SUV & Pickup > Honda > HR-V > 1.5 e:HEV Advance",curated-market-v1,CURATED_REVIEW,,
"Arazi, SUV & Pickup",,Honda,HR-V,1.5 i-VTEC Executive,MODEL_VARIANT,1.5 i-VTEC Executive,1-5-i-vtec-executive,"Vasıta > Arazi, SUV & Pickup > Honda > HR-V > 1.5 i-VTEC Executive",curated-market-v1,CURATED_REVIEW,,
"Arazi, SUV & Pickup",,Honda,Pilot,,SERIES,Pilot,pilot,"Vasıta > Arazi, SUV & Pickup > Honda > Pilot",curated-market-v1,CURATED_REVIEW,,
"Arazi, SUV & Pickup",,Honda,ZR-V,,SERIES,ZR-V,zr-v,"Vasıta > Arazi, SUV & Pickup > Honda > ZR-V",curated-market-v1,CURATED_REVIEW,,
"Arazi, SUV & Pickup",,Honda,ZR-V,2.0 e:HEV Advance,MODEL_VARIANT,2.0 e:HEV Advance,2-0-e-hev-advance,"Vasıta > Arazi, SUV & Pickup > Honda > ZR-V > 2.0 e:HEV Advance",curated-market-v1,CURATED_REVIEW,,
"Arazi, SUV & Pickup",,Hongqi,E-HS9,,SERIES,E-HS9,e-hs9,"Vasıta > Arazi, SUV & Pickup > Hongqi > E-HS9",curated-market-v1,CURATED_REVIEW,,
"Arazi, SUV & Pickup",,Hongqi,E-HS9,Executive,MODEL_VARIANT,Executive,executive,"Vasıta > Arazi, SUV & Pickup > Hongqi > E-HS9 > Executive",curated-market-v1,CURATED_REVIEW,,
"Arazi, SUV & Pickup",,Hongqi,E-HS9,Premium,MODEL_VARIANT,Premium,premium,"Vasıta > Arazi, SUV & Pickup > Hongqi > E-HS9 > Premium",curated-market-v1,CURATED_REVIEW,,
"Arazi, SUV & Pickup",,Hongqi,HS5,,SERIES,HS5,hs5,"Vasıta > Arazi, SUV & Pickup > Hongqi > HS5",curated-market-v1,CURATED_REVIEW,,
"Arazi, SUV & Pickup",,Hongqi,HS7,,SERIES,HS7,hs7,"Vasıta > Arazi, SUV & Pickup > Hongqi > HS7",curated-market-v1,CURATED_REVIEW,,
"Arazi, SUV & Pickup",,Hummer,H1,,SERIES,H1,h1,"Vasıta > Arazi, SUV & Pickup > Hummer > H1",curated-market-v1,CURATED_REVIEW,,
"Arazi, SUV & Pickup",,Hummer,H2,,SERIES,H2,h2,"Vasıta > Arazi, SUV & Pickup > Hummer > H2",curated-market-v1,CURATED_REVIEW,,
"Arazi, SUV & Pickup",,Hummer,H3,,SERIES,H3,h3,"Vasıta > Arazi, SUV & Pickup > Hummer > H3",curated-market-v1,CURATED_REVIEW,,
"Arazi, SUV & Pickup",,Hyundai,Bayon,,SERIES,Bayon,bayon,"Vasıta > Arazi, SUV & Pickup > Hyundai > Bayon",curated-market-v1,CURATED_REVIEW,,
"Arazi, SUV & Pickup",,Hyundai,Bayon,1.0 T-GDI Elite,MODEL_VARIANT,1.0 T-GDI Elite,1-0-t-gdi-elite,"Vasıta > Arazi, SUV & Pickup > Hyundai > Bayon > 1.0 T-GDI Elite",curated-market-v1,CURATED_REVIEW,,
"Arazi, SUV & Pickup",,Hyundai,Bayon,1.4 MPI Jump,MODEL_VARIANT,1.4 MPI Jump,1-4-mpi-jump,"Vasıta > Arazi, SUV & Pickup > Hyundai > Bayon > 1.4 MPI Jump",curated-market-v1,CURATED_REVIEW,,
"Arazi, SUV & Pickup",,Hyundai,Ioniq 5,,SERIES,Ioniq 5,ioniq-5,"Vasıta > Arazi, SUV & Pickup > Hyundai > Ioniq 5",curated-market-v1,CURATED_REVIEW,,
"Arazi, SUV & Pickup",,Hyundai,Ioniq 5,Progressive,MODEL_VARIANT,Progressive,progressive,"Vasıta > Arazi, SUV & Pickup > Hyundai > Ioniq 5 > Progressive",curated-market-v1,CURATED_REVIEW,,
"Arazi, SUV & Pickup",,Hyundai,Ioniq 5,AWD,MODEL_VARIANT,AWD,awd,"Vasıta > Arazi, SUV & Pickup > Hyundai > Ioniq 5 > AWD",curated-market-v1,CURATED_REVIEW,,
"Arazi, SUV & Pickup",,Hyundai,Ioniq 9,,SERIES,Ioniq 9,ioniq-9,"Vasıta > Arazi, SUV & Pickup > Hyundai > Ioniq 9",curated-market-v1,CURATED_REVIEW,,
"Arazi, SUV & Pickup",,Hyundai,ix35,,SERIES,ix35,ix35,"Vasıta > Arazi, SUV & Pickup > Hyundai > ix35",curated-market-v1,CURATED_REVIEW,,
"Arazi, SUV & Pickup",,Hyundai,Kona,,SERIES,Kona,kona,"Vasıta > Arazi, SUV & Pickup > Hyundai > Kona",curated-market-v1,CURATED_REVIEW,,
"Arazi, SUV & Pickup",,Hyundai,Kona,1.0 T-GDI Elite,MODEL_VARIANT,1.0 T-GDI Elite,1-0-t-gdi-elite,"Vasıta > Arazi, SUV & Pickup > Hyundai > Kona > 1.0 T-GDI Elite",curated-market-v1,CURATED_REVIEW,,
"Arazi, SUV & Pickup",,Hyundai,Kona,1.6 Hybrid Smart,MODEL_VARIANT,1.6 Hybrid Smart,1-6-hybrid-smart,"Vasıta > Arazi, SUV & Pickup > Hyundai > Kona > 1.6 Hybrid Smart",curated-market-v1,CURATED_REVIEW,,
"Arazi, SUV & Pickup",,Hyundai,Kona,Electric,MODEL_VARIANT,Electric,electric,"Vasıta > Arazi, SUV & Pickup > Hyundai > Kona > Electric",curated-market-v1,CURATED_REVIEW,,
"Arazi, SUV & Pickup",,Hyundai,Santa Fe,,SERIES,Santa Fe,santa-fe,"Vasıta > Arazi, SUV & Pickup > Hyundai > Santa Fe",curated-market-v1,CURATED_REVIEW,,
"Arazi, SUV & Pickup",,Hyundai,Santa Fe,2.2 CRDi Elite,MODEL_VARIANT,2.2 CRDi Elite,2-2-crdi-elite,"Vasıta > Arazi, SUV & Pickup > Hyundai > Santa Fe > 2.2 CRDi Elite",curated-market-v1,CURATED_REVIEW,,
"Arazi, SUV & Pickup",,Hyundai,Terracan,,SERIES,Terracan,terracan,"Vasıta > Arazi, SUV & Pickup > Hyundai > Terracan",curated-market-v1,CURATED_REVIEW,,
"Arazi, SUV & Pickup",,Hyundai,Tucson,,SERIES,Tucson,tucson,"Vasıta > Arazi, SUV & Pickup > Hyundai > Tucson",curated-market-v1,CURATED_REVIEW,,
"Arazi, SUV & Pickup",,Hyundai,Tucson,1.6 CRDi Elite,MODEL_VARIANT,1.6 CRDi Elite,1-6-crdi-elite,"Vasıta > Arazi, SUV & Pickup > Hyundai > Tucson > 1.6 CRDi Elite",curated-market-v1,CURATED_REVIEW,,
"Arazi, SUV & Pickup",,Hyundai,Tucson,1.6 T-GDI Prime Plus,MODEL_VARIANT,1.6 T-GDI Prime Plus,1-6-t-gdi-prime-plus,"Vasıta > Arazi, SUV & Pickup > Hyundai > Tucson > 1.6 T-GDI Prime Plus",curated-market-v1,CURATED_REVIEW,,
"Arazi, SUV & Pickup",,Hyundai,Tucson,1.6 Hybrid Elite Plus,MODEL_VARIANT,1.6 Hybrid Elite Plus,1-6-hybrid-elite-plus,"Vasıta > Arazi, SUV & Pickup > Hyundai > Tucson > 1.6 Hybrid Elite Plus",curated-market-v1,CURATED_REVIEW,,
"Arazi, SUV & Pickup",,Infiniti,EX,,SERIES,EX,ex,"Vasıta > Arazi, SUV & Pickup > Infiniti > EX",curated-market-v1,CURATED_REVIEW,,
"Arazi, SUV & Pickup",,Infiniti,FX,,SERIES,FX,fx,"Vasıta > Arazi, SUV & Pickup > Infiniti > FX",curated-market-v1,CURATED_REVIEW,,
"Arazi, SUV & Pickup",,Infiniti,JX,,SERIES,JX,jx,"Vasıta > Arazi, SUV & Pickup > Infiniti > JX",curated-market-v1,CURATED_REVIEW,,
"Arazi, SUV & Pickup",,Infiniti,QX30,,SERIES,QX30,qx30,"Vasıta > Arazi, SUV & Pickup > Infiniti > QX30",curated-market-v1,CURATED_REVIEW,,
"Arazi, SUV & Pickup",,Infiniti,QX50,,SERIES,QX50,qx50,"Vasıta > Arazi, SUV & Pickup > Infiniti > QX50",curated-market-v1,CURATED_REVIEW,,
"Arazi, SUV & Pickup",,Infiniti,QX55,,SERIES,QX55,qx55,"Vasıta > Arazi, SUV & Pickup > Infiniti > QX55",curated-market-v1,CURATED_REVIEW,,
"Arazi, SUV & Pickup",,Infiniti,QX60,,SERIES,QX60,qx60,"Vasıta > Arazi, SUV & Pickup > Infiniti > QX60",curated-market-v1,CURATED_REVIEW,,
"Arazi, SUV & Pickup",,Infiniti,QX70,,SERIES,QX70,qx70,"Vasıta > Arazi, SUV & Pickup > Infiniti > QX70",curated-market-v1,CURATED_REVIEW,,
"Arazi, SUV & Pickup",,Infiniti,QX80,,SERIES,QX80,qx80,"Vasıta > Arazi, SUV & Pickup > Infiniti > QX80",curated-market-v1,CURATED_REVIEW,,
"Arazi, SUV & Pickup",,Isuzu,D-Max,,SERIES,D-Max,d-max,"Vasıta > Arazi, SUV & Pickup > Isuzu > D-Max",curated-market-v1,CURATED_REVIEW,,
"Arazi, SUV & Pickup",,Isuzu,D-Max,1.9 V-Life,MODEL_VARIANT,1.9 V-Life,1-9-v-life,"Vasıta > Arazi, SUV & Pickup > Isuzu > D-Max > 1.9 V-Life",curated-market-v1,CURATED_REVIEW,,
"Arazi, SUV & Pickup",,Isuzu,D-Max,1.9 V-Cross,MODEL_VARIANT,1.9 V-Cross,1-9-v-cross,"Vasıta > Arazi, SUV & Pickup > Isuzu > D-Max > 1.9 V-Cross",curated-market-v1,CURATED_REVIEW,,
"Arazi, SUV & Pickup",,Isuzu,D-Max,2.5 4x4,MODEL_VARIANT,2.5 4x4,2-5-4x4,"Vasıta > Arazi, SUV & Pickup > Isuzu > D-Max > 2.5 4x4",curated-market-v1,CURATED_REVIEW,,
"Arazi, SUV & Pickup",,Isuzu,Trooper,,SERIES,Trooper,trooper,"Vasıta > Arazi, SUV & Pickup > Isuzu > Trooper",curated-market-v1,CURATED_REVIEW,,
"Arazi, SUV & Pickup",,Isuzu,VehiCross,,SERIES,VehiCross,vehicross,"Vasıta > Arazi, SUV & Pickup > Isuzu > VehiCross",curated-market-v1,CURATED_REVIEW,,
"Arazi, SUV & Pickup",,Jaecoo,J7,,SERIES,J7,j7,"Vasıta > Arazi, SUV & Pickup > Jaecoo > J7",curated-market-v1,CURATED_REVIEW,,
"Arazi, SUV & Pickup",,Jaecoo,J7,Revive,MODEL_VARIANT,Revive,revive,"Vasıta > Arazi, SUV & Pickup > Jaecoo > J7 > Revive",curated-market-v1,CURATED_REVIEW,,
"Arazi, SUV & Pickup",,Jaecoo,J7,Evolve,MODEL_VARIANT,Evolve,evolve,"Vasıta > Arazi, SUV & Pickup > Jaecoo > J7 > Evolve",curated-market-v1,CURATED_REVIEW,,
"Arazi, SUV & Pickup",,Jaecoo,J7,4x4,MODEL_VARIANT,4x4,4x4,"Vasıta > Arazi, SUV & Pickup > Jaecoo > J7 > 4x4",curated-market-v1,CURATED_REVIEW,,
"Arazi, SUV & Pickup",,Jaecoo,J8,,SERIES,J8,j8,"Vasıta > Arazi, SUV & Pickup > Jaecoo > J8",curated-market-v1,CURATED_REVIEW,,
"Arazi, SUV & Pickup",,Jaguar,E-Pace,,SERIES,E-Pace,e-pace,"Vasıta > Arazi, SUV & Pickup > Jaguar > E-Pace",curated-market-v1,CURATED_REVIEW,,
"Arazi, SUV & Pickup",,Jaguar,E-Pace,D150 R-Dynamic,MODEL_VARIANT,D150 R-Dynamic,d150-r-dynamic,"Vasıta > Arazi, SUV & Pickup > Jaguar > E-Pace > D150 R-Dynamic",curated-market-v1,CURATED_REVIEW,,
"Arazi, SUV & Pickup",,Jaguar,E-Pace,P200,MODEL_VARIANT,P200,p200,"Vasıta > Arazi, SUV & Pickup > Jaguar > E-Pace > P200",curated-market-v1,CURATED_REVIEW,,
"Arazi, SUV & Pickup",,Jaguar,F-Pace,,SERIES,F-Pace,f-pace,"Vasıta > Arazi, SUV & Pickup > Jaguar > F-Pace",curated-market-v1,CURATED_REVIEW,,
"Arazi, SUV & Pickup",,Jaguar,F-Pace,D180 R-Sport,MODEL_VARIANT,D180 R-Sport,d180-r-sport,"Vasıta > Arazi, SUV & Pickup > Jaguar > F-Pace > D180 R-Sport",curated-market-v1,CURATED_REVIEW,,
"Arazi, SUV & Pickup",,Jaguar,F-Pace,P250 R-Dynamic,MODEL_VARIANT,P250 R-Dynamic,p250-r-dynamic,"Vasıta > Arazi, SUV & Pickup > Jaguar > F-Pace > P250 R-Dynamic",curated-market-v1,CURATED_REVIEW,,
"Arazi, SUV & Pickup",,Jaguar,I-Pace,,SERIES,I-Pace,i-pace,"Vasıta > Arazi, SUV & Pickup > Jaguar > I-Pace",curated-market-v1,CURATED_REVIEW,,
"Arazi, SUV & Pickup",,Jaguar,I-Pace,EV400 HSE,MODEL_VARIANT,EV400 HSE,ev400-hse,"Vasıta > Arazi, SUV & Pickup > Jaguar > I-Pace > EV400 HSE",curated-market-v1,CURATED_REVIEW,,
"Arazi, SUV & Pickup",,Jeep,Avenger,,SERIES,Avenger,avenger,"Vasıta > Arazi, SUV & Pickup > Jeep > Avenger",curated-market-v1,CURATED_REVIEW,,
"Arazi, SUV & Pickup",,Jeep,Avenger,Longitude,MODEL_VARIANT,Longitude,longitude,"Vasıta > Arazi, SUV & Pickup > Jeep > Avenger > Longitude",curated-market-v1,CURATED_REVIEW,,
"Arazi, SUV & Pickup",,Jeep,Avenger,Limited,MODEL_VARIANT,Limited,limited,"Vasıta > Arazi, SUV & Pickup > Jeep > Avenger > Limited",curated-market-v1,CURATED_REVIEW,,
"Arazi, SUV & Pickup",,Jeep,Avenger,Electric,MODEL_VARIANT,Electric,electric,"Vasıta > Arazi, SUV & Pickup > Jeep > Avenger > Electric",curated-market-v1,CURATED_REVIEW,,
"Arazi, SUV & Pickup",,Jeep,Cherokee,,SERIES,Cherokee,cherokee,"Vasıta > Arazi, SUV & Pickup > Jeep > Cherokee",curated-market-v1,CURATED_REVIEW,,
"Arazi, SUV & Pickup",,Jeep,Cherokee,2.0 MJD Limited,MODEL_VARIANT,2.0 MJD Limited,2-0-mjd-limited,"Vasıta > Arazi, SUV & Pickup > Jeep > Cherokee > 2.0 MJD Limited",curated-market-v1,CURATED_REVIEW,,
"Arazi, SUV & Pickup",,Jeep,Commander,,SERIES,Commander,commander,"Vasıta > Arazi, SUV & Pickup > Jeep > Commander",curated-market-v1,CURATED_REVIEW,,
"Arazi, SUV & Pickup",,Jeep,Compass,,SERIES,Compass,compass,"Vasıta > Arazi, SUV & Pickup > Jeep > Compass",curated-market-v1,CURATED_REVIEW,,
"Arazi, SUV & Pickup",,Jeep,Compass,1.3 GSE Limited,MODEL_VARIANT,1.3 GSE Limited,1-3-gse-limited,"Vasıta > Arazi, SUV & Pickup > Jeep > Compass > 1.3 GSE Limited",curated-market-v1,CURATED_REVIEW,,
"Arazi, SUV & Pickup",,Jeep,Compass,1.6 MJD Longitude,MODEL_VARIANT,1.6 MJD Longitude,1-6-mjd-longitude,"Vasıta > Arazi, SUV & Pickup > Jeep > Compass > 1.6 MJD Longitude",curated-market-v1,CURATED_REVIEW,,
"Arazi, SUV & Pickup",,Jeep,Compass,4xe,MODEL_VARIANT,4xe,4xe,"Vasıta > Arazi, SUV & Pickup > Jeep > Compass > 4xe",curated-market-v1,CURATED_REVIEW,,
"Arazi, SUV & Pickup",,Jeep,Grand Cherokee,,SERIES,Grand Cherokee,grand-cherokee,"Vasıta > Arazi, SUV & Pickup > Jeep > Grand Cherokee",curated-market-v1,CURATED_REVIEW,,
"Arazi, SUV & Pickup",,Jeep,Grand Cherokee,3.0 CRD Limited,MODEL_VARIANT,3.0 CRD Limited,3-0-crd-limited,"Vasıta > Arazi, SUV & Pickup > Jeep > Grand Cherokee > 3.0 CRD Limited",curated-market-v1,CURATED_REVIEW,,
"Arazi, SUV & Pickup",,Jeep,Grand Cherokee,4xe Summit,MODEL_VARIANT,4xe Summit,4xe-summit,"Vasıta > Arazi, SUV & Pickup > Jeep > Grand Cherokee > 4xe Summit",curated-market-v1,CURATED_REVIEW,,
"Arazi, SUV & Pickup",,Jeep,Renegade,,SERIES,Renegade,renegade,"Vasıta > Arazi, SUV & Pickup > Jeep > Renegade",curated-market-v1,CURATED_REVIEW,,
"Arazi, SUV & Pickup",,Jeep,Renegade,1.0 T3 Limited,MODEL_VARIANT,1.0 T3 Limited,1-0-t3-limited,"Vasıta > Arazi, SUV & Pickup > Jeep > Renegade > 1.0 T3 Limited",curated-market-v1,CURATED_REVIEW,,
"Arazi, SUV & Pickup",,Jeep,Renegade,1.3 T4 S,MODEL_VARIANT,1.3 T4 S,1-3-t4-s,"Vasıta > Arazi, SUV & Pickup > Jeep > Renegade > 1.3 T4 S",curated-market-v1,CURATED_REVIEW,,
"Arazi, SUV & Pickup",,Jeep,Renegade,1.6 MJD Longitude,MODEL_VARIANT,1.6 MJD Longitude,1-6-mjd-longitude,"Vasıta > Arazi, SUV & Pickup > Jeep > Renegade > 1.6 MJD Longitude",curated-market-v1,CURATED_REVIEW,,
"Arazi, SUV & Pickup",,Jeep,Wrangler,,SERIES,Wrangler,wrangler,"Vasıta > Arazi, SUV & Pickup > Jeep > Wrangler",curated-market-v1,CURATED_REVIEW,,
"Arazi, SUV & Pickup",,Jeep,Wrangler,2.0 Rubicon,MODEL_VARIANT,2.0 Rubicon,2-0-rubicon,"Vasıta > Arazi, SUV & Pickup > Jeep > Wrangler > 2.0 Rubicon",curated-market-v1,CURATED_REVIEW,,
"Arazi, SUV & Pickup",,Jeep,Wrangler,3.6 Sahara,MODEL_VARIANT,3.6 Sahara,3-6-sahara,"Vasıta > Arazi, SUV & Pickup > Jeep > Wrangler > 3.6 Sahara",curated-market-v1,CURATED_REVIEW,,
"Arazi, SUV & Pickup",,Jeep,Wrangler,4xe,MODEL_VARIANT,4xe,4xe,"Vasıta > Arazi, SUV & Pickup > Jeep > Wrangler > 4xe",curated-market-v1,CURATED_REVIEW,,
"Arazi, SUV & Pickup",,KGM SsangYong,Actyon,,SERIES,Actyon,actyon,"Vasıta > Arazi, SUV & Pickup > KGM SsangYong > Actyon",curated-market-v1,CURATED_REVIEW,,
"Arazi, SUV & Pickup",,KGM SsangYong,Korando,,SERIES,Korando,korando,"Vasıta > Arazi, SUV & Pickup > KGM SsangYong > Korando",curated-market-v1,CURATED_REVIEW,,
"Arazi, SUV & Pickup",,KGM SsangYong,Korando,1.5 GDI Turbo Platinum,MODEL_VARIANT,1.5 GDI Turbo Platinum,1-5-gdi-turbo-platinum,"Vasıta > Arazi, SUV & Pickup > KGM SsangYong > Korando > 1.5 GDI Turbo Platinum",curated-market-v1,CURATED_REVIEW,,
"Arazi, SUV & Pickup",,KGM SsangYong,Korando,1.6 e-XDI Dream,MODEL_VARIANT,1.6 e-XDI Dream,1-6-e-xdi-dream,"Vasıta > Arazi, SUV & Pickup > KGM SsangYong > Korando > 1.6 e-XDI Dream",curated-market-v1,CURATED_REVIEW,,
"Arazi, SUV & Pickup",,KGM SsangYong,Kyron,,SERIES,Kyron,kyron,"Vasıta > Arazi, SUV & Pickup > KGM SsangYong > Kyron",curated-market-v1,CURATED_REVIEW,,
"Arazi, SUV & Pickup",,KGM SsangYong,Musso Grand,,SERIES,Musso Grand,musso-grand,"Vasıta > Arazi, SUV & Pickup > KGM SsangYong > Musso Grand",curated-market-v1,CURATED_REVIEW,,
"Arazi, SUV & Pickup",,KGM SsangYong,Musso Grand,2.2 e-XDI Platinum,MODEL_VARIANT,2.2 e-XDI Platinum,2-2-e-xdi-platinum,"Vasıta > Arazi, SUV & Pickup > KGM SsangYong > Musso Grand > 2.2 e-XDI Platinum",curated-market-v1,CURATED_REVIEW,,
"Arazi, SUV & Pickup",,KGM SsangYong,Rexton,,SERIES,Rexton,rexton,"Vasıta > Arazi, SUV & Pickup > KGM SsangYong > Rexton",curated-market-v1,CURATED_REVIEW,,
"Arazi, SUV & Pickup",,KGM SsangYong,Rexton,2.2 e-XDI Platinum,MODEL_VARIANT,2.2 e-XDI Platinum,2-2-e-xdi-platinum,"Vasıta > Arazi, SUV & Pickup > KGM SsangYong > Rexton > 2.2 e-XDI Platinum",curated-market-v1,CURATED_REVIEW,,
"Arazi, SUV & Pickup",,KGM SsangYong,Tivoli,,SERIES,Tivoli,tivoli,"Vasıta > Arazi, SUV & Pickup > KGM SsangYong > Tivoli",curated-market-v1,CURATED_REVIEW,,
"Arazi, SUV & Pickup",,KGM SsangYong,Tivoli,1.5 GDI Turbo Platinum,MODEL_VARIANT,1.5 GDI Turbo Platinum,1-5-gdi-turbo-platinum,"Vasıta > Arazi, SUV & Pickup > KGM SsangYong > Tivoli > 1.5 GDI Turbo Platinum",curated-market-v1,CURATED_REVIEW,,
"Arazi, SUV & Pickup",,KGM SsangYong,Torres,,SERIES,Torres,torres,"Vasıta > Arazi, SUV & Pickup > KGM SsangYong > Torres",curated-market-v1,CURATED_REVIEW,,
"Arazi, SUV & Pickup",,KGM SsangYong,Torres,1.5 GDI Turbo,MODEL_VARIANT,1.5 GDI Turbo,1-5-gdi-turbo,"Vasıta > Arazi, SUV & Pickup > KGM SsangYong > Torres > 1.5 GDI Turbo",curated-market-v1,CURATED_REVIEW,,
"Arazi, SUV & Pickup",,KGM SsangYong,Torres,EVX,MODEL_VARIANT,EVX,evx,"Vasıta > Arazi, SUV & Pickup > KGM SsangYong > Torres > EVX",curated-market-v1,CURATED_REVIEW,,
"Arazi, SUV & Pickup",,Kia,EV3,,SERIES,EV3,ev3,"Vasıta > Arazi, SUV & Pickup > Kia > EV3",curated-market-v1,CURATED_REVIEW,,
"Arazi, SUV & Pickup",,Kia,EV3,Elegance,MODEL_VARIANT,Elegance,elegance,"Vasıta > Arazi, SUV & Pickup > Kia > EV3 > Elegance",curated-market-v1,CURATED_REVIEW,,
"Arazi, SUV & Pickup",,Kia,EV3,Prestige,MODEL_VARIANT,Prestige,prestige,"Vasıta > Arazi, SUV & Pickup > Kia > EV3 > Prestige",curated-market-v1,CURATED_REVIEW,,
"Arazi, SUV & Pickup",,Kia,EV6,,SERIES,EV6,ev6,"Vasıta > Arazi, SUV & Pickup > Kia > EV6",curated-market-v1,CURATED_REVIEW,,
"Arazi, SUV & Pickup",,Kia,EV6,Long Range,MODEL_VARIANT,Long Range,long-range,"Vasıta > Arazi, SUV & Pickup > Kia > EV6 > Long Range",curated-market-v1,CURATED_REVIEW,,
"Arazi, SUV & Pickup",,Kia,EV6,GT,MODEL_VARIANT,GT,gt,"Vasıta > Arazi, SUV & Pickup > Kia > EV6 > GT",curated-market-v1,CURATED_REVIEW,,
"Arazi, SUV & Pickup",,Kia,EV9,,SERIES,EV9,ev9,"Vasıta > Arazi, SUV & Pickup > Kia > EV9",curated-market-v1,CURATED_REVIEW,,
"Arazi, SUV & Pickup",,Kia,EV9,GT-Line,MODEL_VARIANT,GT-Line,gt-line,"Vasıta > Arazi, SUV & Pickup > Kia > EV9 > GT-Line",curated-market-v1,CURATED_REVIEW,,
"Arazi, SUV & Pickup",,Kia,Niro,,SERIES,Niro,niro,"Vasıta > Arazi, SUV & Pickup > Kia > Niro",curated-market-v1,CURATED_REVIEW,,
"Arazi, SUV & Pickup",,Kia,Niro,Hybrid Prestige,MODEL_VARIANT,Hybrid Prestige,hybrid-prestige,"Vasıta > Arazi, SUV & Pickup > Kia > Niro > Hybrid Prestige",curated-market-v1,CURATED_REVIEW,,
"Arazi, SUV & Pickup",,Kia,Niro,EV Prestige,MODEL_VARIANT,EV Prestige,ev-prestige,"Vasıta > Arazi, SUV & Pickup > Kia > Niro > EV Prestige",curated-market-v1,CURATED_REVIEW,,
"Arazi, SUV & Pickup",,Kia,Sorento,,SERIES,Sorento,sorento,"Vasıta > Arazi, SUV & Pickup > Kia > Sorento",curated-market-v1,CURATED_REVIEW,,
"Arazi, SUV & Pickup",,Kia,Sorento,1.6 T-GDI Hybrid Prestige,MODEL_VARIANT,1.6 T-GDI Hybrid Prestige,1-6-t-gdi-hybrid-prestige,"Vasıta > Arazi, SUV & Pickup > Kia > Sorento > 1.6 T-GDI Hybrid Prestige",curated-market-v1,CURATED_REVIEW,,
"Arazi, SUV & Pickup",,Kia,Soul,,SERIES,Soul,soul,"Vasıta > Arazi, SUV & Pickup > Kia > Soul",curated-market-v1,CURATED_REVIEW,,
"Arazi, SUV & Pickup",,Kia,Sportage,,SERIES,Sportage,sportage,"Vasıta > Arazi, SUV & Pickup > Kia > Sportage",curated-market-v1,CURATED_REVIEW,,
"Arazi, SUV & Pickup",,Kia,Sportage,1.6 CRDi Elegance,MODEL_VARIANT,1.6 CRDi Elegance,1-6-crdi-elegance,"Vasıta > Arazi, SUV & Pickup > Kia > Sportage > 1.6 CRDi Elegance",curated-market-v1,CURATED_REVIEW,,
"Arazi, SUV & Pickup",,Kia,Sportage,1.6 T-GDI Prestige,MODEL_VARIANT,1.6 T-GDI Prestige,1-6-t-gdi-prestige,"Vasıta > Arazi, SUV & Pickup > Kia > Sportage > 1.6 T-GDI Prestige",curated-market-v1,CURATED_REVIEW,,
"Arazi, SUV & Pickup",,Kia,Sportage,Hybrid,MODEL_VARIANT,Hybrid,hybrid,"Vasıta > Arazi, SUV & Pickup > Kia > Sportage > Hybrid",curated-market-v1,CURATED_REVIEW,,
"Arazi, SUV & Pickup",,Kia,Stonic,,SERIES,Stonic,stonic,"Vasıta > Arazi, SUV & Pickup > Kia > Stonic",curated-market-v1,CURATED_REVIEW,,
"Arazi, SUV & Pickup",,Kia,Stonic,1.0 T-GDI Elegance,MODEL_VARIANT,1.0 T-GDI Elegance,1-0-t-gdi-elegance,"Vasıta > Arazi, SUV & Pickup > Kia > Stonic > 1.0 T-GDI Elegance",curated-market-v1,CURATED_REVIEW,,
"Arazi, SUV & Pickup",,Kia,Stonic,1.4 Cool,MODEL_VARIANT,1.4 Cool,1-4-cool,"Vasıta > Arazi, SUV & Pickup > Kia > Stonic > 1.4 Cool",curated-market-v1,CURATED_REVIEW,,
"Arazi, SUV & Pickup",,Lada,Niva,,SERIES,Niva,niva,"Vasıta > Arazi, SUV & Pickup > Lada > Niva",curated-market-v1,CURATED_REVIEW,,
"Arazi, SUV & Pickup",,Lada,Niva,1.7,MODEL_VARIANT,1.7,1-7,"Vasıta > Arazi, SUV & Pickup > Lada > Niva > 1.7",curated-market-v1,CURATED_REVIEW,,
"Arazi, SUV & Pickup",,Lada,Niva,Travel,MODEL_VARIANT,Travel,travel,"Vasıta > Arazi, SUV & Pickup > Lada > Niva > Travel",curated-market-v1,CURATED_REVIEW,,
"Arazi, SUV & Pickup",,Lamborghini,Urus,,SERIES,Urus,urus,"Vasıta > Arazi, SUV & Pickup > Lamborghini > Urus",curated-market-v1,CURATED_REVIEW,,
"Arazi, SUV & Pickup",,Lamborghini,Urus,S,MODEL_VARIANT,S,s,"Vasıta > Arazi, SUV & Pickup > Lamborghini > Urus > S",curated-market-v1,CURATED_REVIEW,,
"Arazi, SUV & Pickup",,Lamborghini,Urus,Performante,MODEL_VARIANT,Performante,performante,"Vasıta > Arazi, SUV & Pickup > Lamborghini > Urus > Performante",curated-market-v1,CURATED_REVIEW,,
"Arazi, SUV & Pickup",,Lamborghini,Urus,SE,MODEL_VARIANT,SE,se,"Vasıta > Arazi, SUV & Pickup > Lamborghini > Urus > SE",curated-market-v1,CURATED_REVIEW,,
"Arazi, SUV & Pickup",,Land Rover,Defender,,SERIES,Defender,defender,"Vasıta > Arazi, SUV & Pickup > Land Rover > Defender",curated-market-v1,CURATED_REVIEW,,
"Arazi, SUV & Pickup",,Land Rover,Defender,90,MODEL_VARIANT,90,90,"Vasıta > Arazi, SUV & Pickup > Land Rover > Defender > 90",curated-market-v1,CURATED_REVIEW,,
"Arazi, SUV & Pickup",,Land Rover,Defender,110,MODEL_VARIANT,110,110,"Vasıta > Arazi, SUV & Pickup > Land Rover > Defender > 110",curated-market-v1,CURATED_REVIEW,,
"Arazi, SUV & Pickup",,Land Rover,Defender,130,MODEL_VARIANT,130,130,"Vasıta > Arazi, SUV & Pickup > Land Rover > Defender > 130",curated-market-v1,CURATED_REVIEW,,
"Arazi, SUV & Pickup",,Land Rover,Discovery,,SERIES,Discovery,discovery,"Vasıta > Arazi, SUV & Pickup > Land Rover > Discovery",curated-market-v1,CURATED_REVIEW,,
"Arazi, SUV & Pickup",,Land Rover,Discovery,Sport,MODEL_VARIANT,Sport,sport,"Vasıta > Arazi, SUV & Pickup > Land Rover > Discovery > Sport",curated-market-v1,CURATED_REVIEW,,
"Arazi, SUV & Pickup",,Land Rover,Discovery,D250,MODEL_VARIANT,D250,d250,"Vasıta > Arazi, SUV & Pickup > Land Rover > Discovery > D250",curated-market-v1,CURATED_REVIEW,,
"Arazi, SUV & Pickup",,Land Rover,Discovery,R-Dynamic,MODEL_VARIANT,R-Dynamic,r-dynamic,"Vasıta > Arazi, SUV & Pickup > Land Rover > Discovery > R-Dynamic",curated-market-v1,CURATED_REVIEW,,
"Arazi, SUV & Pickup",,Land Rover,Freelander,,SERIES,Freelander,freelander,"Vasıta > Arazi, SUV & Pickup > Land Rover > Freelander",curated-market-v1,CURATED_REVIEW,,
"Arazi, SUV & Pickup",,Land Rover,Range Rover,,SERIES,Range Rover,range-rover,"Vasıta > Arazi, SUV & Pickup > Land Rover > Range Rover",curated-market-v1,CURATED_REVIEW,,
"Arazi, SUV & Pickup",,Land Rover,Range Rover,D350,MODEL_VARIANT,D350,d350,"Vasıta > Arazi, SUV & Pickup > Land Rover > Range Rover > D350",curated-market-v1,CURATED_REVIEW,,
"Arazi, SUV & Pickup",,Land Rover,Range Rover,HSE,MODEL_VARIANT,HSE,hse,"Vasıta > Arazi, SUV & Pickup > Land Rover > Range Rover > HSE",curated-market-v1,CURATED_REVIEW,,
"Arazi, SUV & Pickup",,Land Rover,Range Rover,Autobiography,MODEL_VARIANT,Autobiography,autobiography,"Vasıta > Arazi, SUV & Pickup > Land Rover > Range Rover > Autobiography",curated-market-v1,CURATED_REVIEW,,
"Arazi, SUV & Pickup",,Land Rover,Range Rover Evoque,,SERIES,Range Rover Evoque,range-rover-evoque,"Vasıta > Arazi, SUV & Pickup > Land Rover > Range Rover Evoque",curated-market-v1,CURATED_REVIEW,,
"Arazi, SUV & Pickup",,Land Rover,Range Rover Evoque,D150,MODEL_VARIANT,D150,d150,"Vasıta > Arazi, SUV & Pickup > Land Rover > Range Rover Evoque > D150",curated-market-v1,CURATED_REVIEW,,
"Arazi, SUV & Pickup",,Land Rover,Range Rover Evoque,S,MODEL_VARIANT,S,s,"Vasıta > Arazi, SUV & Pickup > Land Rover > Range Rover Evoque > S",curated-market-v1,CURATED_REVIEW,,
"Arazi, SUV & Pickup",,Land Rover,Range Rover Evoque,R-Dynamic,MODEL_VARIANT,R-Dynamic,r-dynamic,"Vasıta > Arazi, SUV & Pickup > Land Rover > Range Rover Evoque > R-Dynamic",curated-market-v1,CURATED_REVIEW,,
"Arazi, SUV & Pickup",,Land Rover,Range Rover Sport,,SERIES,Range Rover Sport,range-rover-sport,"Vasıta > Arazi, SUV & Pickup > Land Rover > Range Rover Sport",curated-market-v1,CURATED_REVIEW,,
"Arazi, SUV & Pickup",,Land Rover,Range Rover Sport,D300,MODEL_VARIANT,D300,d300,"Vasıta > Arazi, SUV & Pickup > Land Rover > Range Rover Sport > D300",curated-market-v1,CURATED_REVIEW,,
"Arazi, SUV & Pickup",,Land Rover,Range Rover Sport,HSE,MODEL_VARIANT,HSE,hse,"Vasıta > Arazi, SUV & Pickup > Land Rover > Range Rover Sport > HSE",curated-market-v1,CURATED_REVIEW,,
"Arazi, SUV & Pickup",,Land Rover,Range Rover Sport,SV,MODEL_VARIANT,SV,sv,"Vasıta > Arazi, SUV & Pickup > Land Rover > Range Rover Sport > SV",curated-market-v1,CURATED_REVIEW,,
"Arazi, SUV & Pickup",,Land Rover,Range Rover Velar,,SERIES,Range Rover Velar,range-rover-velar,"Vasıta > Arazi, SUV & Pickup > Land Rover > Range Rover Velar",curated-market-v1,CURATED_REVIEW,,
"Arazi, SUV & Pickup",,Land Rover,Range Rover Velar,D200,MODEL_VARIANT,D200,d200,"Vasıta > Arazi, SUV & Pickup > Land Rover > Range Rover Velar > D200",curated-market-v1,CURATED_REVIEW,,
"Arazi, SUV & Pickup",,Land Rover,Range Rover Velar,R-Dynamic,MODEL_VARIANT,R-Dynamic,r-dynamic,"Vasıta > Arazi, SUV & Pickup > Land Rover > Range Rover Velar > R-Dynamic",curated-market-v1,CURATED_REVIEW,,
"Arazi, SUV & Pickup",,Lexus,GX,,SERIES,GX,gx,"Vasıta > Arazi, SUV & Pickup > Lexus > GX",curated-market-v1,CURATED_REVIEW,,
"Arazi, SUV & Pickup",,Lexus,LBX,,SERIES,LBX,lbx,"Vasıta > Arazi, SUV & Pickup > Lexus > LBX",curated-market-v1,CURATED_REVIEW,,
"Arazi, SUV & Pickup",,Lexus,LBX,Elegant,MODEL_VARIANT,Elegant,elegant,"Vasıta > Arazi, SUV & Pickup > Lexus > LBX > Elegant",curated-market-v1,CURATED_REVIEW,,
"Arazi, SUV & Pickup",,Lexus,LBX,Relax,MODEL_VARIANT,Relax,relax,"Vasıta > Arazi, SUV & Pickup > Lexus > LBX > Relax",curated-market-v1,CURATED_REVIEW,,
"Arazi, SUV & Pickup",,Lexus,LX,,SERIES,LX,lx,"Vasıta > Arazi, SUV & Pickup > Lexus > LX",curated-market-v1,CURATED_REVIEW,,
"Arazi, SUV & Pickup",,Lexus,NX,,SERIES,NX,nx,"Vasıta > Arazi, SUV & Pickup > Lexus > NX",curated-market-v1,CURATED_REVIEW,,
"Arazi, SUV & Pickup",,Lexus,NX,250,MODEL_VARIANT,250,250,"Vasıta > Arazi, SUV & Pickup > Lexus > NX > 250",curated-market-v1,CURATED_REVIEW,,
"Arazi, SUV & Pickup",,Lexus,NX,350h,MODEL_VARIANT,350h,350h,"Vasıta > Arazi, SUV & Pickup > Lexus > NX > 350h",curated-market-v1,CURATED_REVIEW,,
"Arazi, SUV & Pickup",,Lexus,NX,450h+,MODEL_VARIANT,450h+,450h,"Vasıta > Arazi, SUV & Pickup > Lexus > NX > 450h+",curated-market-v1,CURATED_REVIEW,,
"Arazi, SUV & Pickup",,Lexus,RX,,SERIES,RX,rx,"Vasıta > Arazi, SUV & Pickup > Lexus > RX",curated-market-v1,CURATED_REVIEW,,
"Arazi, SUV & Pickup",,Lexus,RX,300,MODEL_VARIANT,300,300,"Vasıta > Arazi, SUV & Pickup > Lexus > RX > 300",curated-market-v1,CURATED_REVIEW,,
"Arazi, SUV & Pickup",,Lexus,RX,350h,MODEL_VARIANT,350h,350h,"Vasıta > Arazi, SUV & Pickup > Lexus > RX > 350h",curated-market-v1,CURATED_REVIEW,,
"Arazi, SUV & Pickup",,Lexus,RX,450h+,MODEL_VARIANT,450h+,450h,"Vasıta > Arazi, SUV & Pickup > Lexus > RX > 450h+",curated-market-v1,CURATED_REVIEW,,
"Arazi, SUV & Pickup",,Lexus,RX,500h,MODEL_VARIANT,500h,500h,"Vasıta > Arazi, SUV & Pickup > Lexus > RX > 500h",curated-market-v1,CURATED_REVIEW,,
"Arazi, SUV & Pickup",,Lexus,UX,,SERIES,UX,ux,"Vasıta > Arazi, SUV & Pickup > Lexus > UX",curated-market-v1,CURATED_REVIEW,,
"Arazi, SUV & Pickup",,Lexus,UX,250h,MODEL_VARIANT,250h,250h,"Vasıta > Arazi, SUV & Pickup > Lexus > UX > 250h",curated-market-v1,CURATED_REVIEW,,
"Arazi, SUV & Pickup",,Lexus,UX,300e,MODEL_VARIANT,300e,300e,"Vasıta > Arazi, SUV & Pickup > Lexus > UX > 300e",curated-market-v1,CURATED_REVIEW,,
"Arazi, SUV & Pickup",,Lincoln,Aviator,,SERIES,Aviator,aviator,"Vasıta > Arazi, SUV & Pickup > Lincoln > Aviator",curated-market-v1,CURATED_REVIEW,,
"Arazi, SUV & Pickup",,Lincoln,Corsair,,SERIES,Corsair,corsair,"Vasıta > Arazi, SUV & Pickup > Lincoln > Corsair",curated-market-v1,CURATED_REVIEW,,
"Arazi, SUV & Pickup",,Lincoln,MKC,,SERIES,MKC,mkc,"Vasıta > Arazi, SUV & Pickup > Lincoln > MKC",curated-market-v1,CURATED_REVIEW,,
"Arazi, SUV & Pickup",,Lincoln,Navigator,,SERIES,Navigator,navigator,"Vasıta > Arazi, SUV & Pickup > Lincoln > Navigator",curated-market-v1,CURATED_REVIEW,,
"Arazi, SUV & Pickup",,Lotus,Eletre,,SERIES,Eletre,eletre,"Vasıta > Arazi, SUV & Pickup > Lotus > Eletre",curated-market-v1,CURATED_REVIEW,,
"Arazi, SUV & Pickup",,Lotus,Eletre,S,MODEL_VARIANT,S,s,"Vasıta > Arazi, SUV & Pickup > Lotus > Eletre > S",curated-market-v1,CURATED_REVIEW,,
"Arazi, SUV & Pickup",,Lotus,Eletre,R,MODEL_VARIANT,R,r,"Vasıta > Arazi, SUV & Pickup > Lotus > Eletre > R",curated-market-v1,CURATED_REVIEW,,
"Arazi, SUV & Pickup",,Lynk & Co,01,,SERIES,01,01,"Vasıta > Arazi, SUV & Pickup > Lynk & Co > 01",curated-market-v1,CURATED_REVIEW,,
"Arazi, SUV & Pickup",,Lynk & Co,01,Hybrid,MODEL_VARIANT,Hybrid,hybrid,"Vasıta > Arazi, SUV & Pickup > Lynk & Co > 01 > Hybrid",curated-market-v1,CURATED_REVIEW,,
"Arazi, SUV & Pickup",,Lynk & Co,01,Plug-in Hybrid,MODEL_VARIANT,Plug-in Hybrid,plug-in-hybrid,"Vasıta > Arazi, SUV & Pickup > Lynk & Co > 01 > Plug-in Hybrid",curated-market-v1,CURATED_REVIEW,,
"Arazi, SUV & Pickup",,Lynk & Co,02,,SERIES,02,02,"Vasıta > Arazi, SUV & Pickup > Lynk & Co > 02",curated-market-v1,CURATED_REVIEW,,
"Arazi, SUV & Pickup",,Lynk & Co,05,,SERIES,05,05,"Vasıta > Arazi, SUV & Pickup > Lynk & Co > 05",curated-market-v1,CURATED_REVIEW,,
"Arazi, SUV & Pickup",,Lynk & Co,08,,SERIES,08,08,"Vasıta > Arazi, SUV & Pickup > Lynk & Co > 08",curated-market-v1,CURATED_REVIEW,,
"Arazi, SUV & Pickup",,Mahindra,Bolero,,SERIES,Bolero,bolero,"Vasıta > Arazi, SUV & Pickup > Mahindra > Bolero",curated-market-v1,CURATED_REVIEW,,
"Arazi, SUV & Pickup",,Mahindra,Goa,,SERIES,Goa,goa,"Vasıta > Arazi, SUV & Pickup > Mahindra > Goa",curated-market-v1,CURATED_REVIEW,,
"Arazi, SUV & Pickup",,Mahindra,KUV100,,SERIES,KUV100,kuv100,"Vasıta > Arazi, SUV & Pickup > Mahindra > KUV100",curated-market-v1,CURATED_REVIEW,,
"Arazi, SUV & Pickup",,Mahindra,Scorpio,,SERIES,Scorpio,scorpio,"Vasıta > Arazi, SUV & Pickup > Mahindra > Scorpio",curated-market-v1,CURATED_REVIEW,,
"Arazi, SUV & Pickup",,Mahindra,XUV500,,SERIES,XUV500,xuv500,"Vasıta > Arazi, SUV & Pickup > Mahindra > XUV500",curated-market-v1,CURATED_REVIEW,,
"Arazi, SUV & Pickup",,Maserati,Grecale,,SERIES,Grecale,grecale,"Vasıta > Arazi, SUV & Pickup > Maserati > Grecale",curated-market-v1,CURATED_REVIEW,,
"Arazi, SUV & Pickup",,Maserati,Grecale,GT,MODEL_VARIANT,GT,gt,"Vasıta > Arazi, SUV & Pickup > Maserati > Grecale > GT",curated-market-v1,CURATED_REVIEW,,
"Arazi, SUV & Pickup",,Maserati,Grecale,Modena,MODEL_VARIANT,Modena,modena,"Vasıta > Arazi, SUV & Pickup > Maserati > Grecale > Modena",curated-market-v1,CURATED_REVIEW,,
"Arazi, SUV & Pickup",,Maserati,Grecale,Trofeo,MODEL_VARIANT,Trofeo,trofeo,"Vasıta > Arazi, SUV & Pickup > Maserati > Grecale > Trofeo",curated-market-v1,CURATED_REVIEW,,
"Arazi, SUV & Pickup",,Maserati,Grecale,Folgore,MODEL_VARIANT,Folgore,folgore,"Vasıta > Arazi, SUV & Pickup > Maserati > Grecale > Folgore",curated-market-v1,CURATED_REVIEW,,
"Arazi, SUV & Pickup",,Maserati,Levante,,SERIES,Levante,levante,"Vasıta > Arazi, SUV & Pickup > Maserati > Levante",curated-market-v1,CURATED_REVIEW,,
"Arazi, SUV & Pickup",,Maserati,Levante,Diesel,MODEL_VARIANT,Diesel,diesel,"Vasıta > Arazi, SUV & Pickup > Maserati > Levante > Diesel",curated-market-v1,CURATED_REVIEW,,
"Arazi, SUV & Pickup",,Maserati,Levante,GranSport,MODEL_VARIANT,GranSport,gransport,"Vasıta > Arazi, SUV & Pickup > Maserati > Levante > GranSport",curated-market-v1,CURATED_REVIEW,,
"Arazi, SUV & Pickup",,Maserati,Levante,Trofeo,MODEL_VARIANT,Trofeo,trofeo,"Vasıta > Arazi, SUV & Pickup > Maserati > Levante > Trofeo",curated-market-v1,CURATED_REVIEW,,
"Arazi, SUV & Pickup",,Mazda,CX-3,,SERIES,CX-3,cx-3,"Vasıta > Arazi, SUV & Pickup > Mazda > CX-3",curated-market-v1,CURATED_REVIEW,,
"Arazi, SUV & Pickup",,Mazda,CX-3,1.5 Skyactiv-D Power,MODEL_VARIANT,1.5 Skyactiv-D Power,1-5-skyactiv-d-power,"Vasıta > Arazi, SUV & Pickup > Mazda > CX-3 > 1.5 Skyactiv-D Power",curated-market-v1,CURATED_REVIEW,,
"Arazi, SUV & Pickup",,Mazda,CX-30,,SERIES,CX-30,cx-30,"Vasıta > Arazi, SUV & Pickup > Mazda > CX-30",curated-market-v1,CURATED_REVIEW,,
"Arazi, SUV & Pickup",,Mazda,CX-30,2.0 Skyactiv-G Power,MODEL_VARIANT,2.0 Skyactiv-G Power,2-0-skyactiv-g-power,"Vasıta > Arazi, SUV & Pickup > Mazda > CX-30 > 2.0 Skyactiv-G Power",curated-market-v1,CURATED_REVIEW,,
"Arazi, SUV & Pickup",,Mazda,CX-5,,SERIES,CX-5,cx-5,"Vasıta > Arazi, SUV & Pickup > Mazda > CX-5",curated-market-v1,CURATED_REVIEW,,
"Arazi, SUV & Pickup",,Mazda,CX-5,2.0 Skyactiv-G Power,MODEL_VARIANT,2.0 Skyactiv-G Power,2-0-skyactiv-g-power,"Vasıta > Arazi, SUV & Pickup > Mazda > CX-5 > 2.0 Skyactiv-G Power",curated-market-v1,CURATED_REVIEW,,
"Arazi, SUV & Pickup",,Mazda,CX-5,2.2 Skyactiv-D,MODEL_VARIANT,2.2 Skyactiv-D,2-2-skyactiv-d,"Vasıta > Arazi, SUV & Pickup > Mazda > CX-5 > 2.2 Skyactiv-D",curated-market-v1,CURATED_REVIEW,,
"Arazi, SUV & Pickup",,Mazda,CX-60,,SERIES,CX-60,cx-60,"Vasıta > Arazi, SUV & Pickup > Mazda > CX-60",curated-market-v1,CURATED_REVIEW,,
"Arazi, SUV & Pickup",,Mazda,CX-60,PHEV,MODEL_VARIANT,PHEV,phev,"Vasıta > Arazi, SUV & Pickup > Mazda > CX-60 > PHEV",curated-market-v1,CURATED_REVIEW,,
"Arazi, SUV & Pickup",,Mazda,CX-60,Diesel,MODEL_VARIANT,Diesel,diesel,"Vasıta > Arazi, SUV & Pickup > Mazda > CX-60 > Diesel",curated-market-v1,CURATED_REVIEW,,
"Arazi, SUV & Pickup",,Mazda,CX-7,,SERIES,CX-7,cx-7,"Vasıta > Arazi, SUV & Pickup > Mazda > CX-7",curated-market-v1,CURATED_REVIEW,,
"Arazi, SUV & Pickup",,Mazda,CX-9,,SERIES,CX-9,cx-9,"Vasıta > Arazi, SUV & Pickup > Mazda > CX-9",curated-market-v1,CURATED_REVIEW,,
"Arazi, SUV & Pickup",,Mazda,MX-30,,SERIES,MX-30,mx-30,"Vasıta > Arazi, SUV & Pickup > Mazda > MX-30",curated-market-v1,CURATED_REVIEW,,
"Arazi, SUV & Pickup",,Mercedes-Benz,EQA,,SERIES,EQA,eqa,"Vasıta > Arazi, SUV & Pickup > Mercedes-Benz > EQA",curated-market-v1,CURATED_REVIEW,,
"Arazi, SUV & Pickup",,Mercedes-Benz,EQA,EQA 250,MODEL_VARIANT,EQA 250,eqa-250,"Vasıta > Arazi, SUV & Pickup > Mercedes-Benz > EQA > EQA 250",curated-market-v1,CURATED_REVIEW,,
"Arazi, SUV & Pickup",,Mercedes-Benz,EQA,EQA 250+,MODEL_VARIANT,EQA 250+,eqa-250,"Vasıta > Arazi, SUV & Pickup > Mercedes-Benz > EQA > EQA 250+",curated-market-v1,CURATED_REVIEW,,
"Arazi, SUV & Pickup",,Mercedes-Benz,EQA,EQA 350 4MATIC,MODEL_VARIANT,EQA 350 4MATIC,eqa-350-4matic,"Vasıta > Arazi, SUV & Pickup > Mercedes-Benz > EQA > EQA 350 4MATIC",curated-market-v1,CURATED_REVIEW,,
"Arazi, SUV & Pickup",,Mercedes-Benz,EQB,,SERIES,EQB,eqb,"Vasıta > Arazi, SUV & Pickup > Mercedes-Benz > EQB",curated-market-v1,CURATED_REVIEW,,
"Arazi, SUV & Pickup",,Mercedes-Benz,EQB,EQB 250+,MODEL_VARIANT,EQB 250+,eqb-250,"Vasıta > Arazi, SUV & Pickup > Mercedes-Benz > EQB > EQB 250+",curated-market-v1,CURATED_REVIEW,,
"Arazi, SUV & Pickup",,Mercedes-Benz,EQB,EQB 350 4MATIC,MODEL_VARIANT,EQB 350 4MATIC,eqb-350-4matic,"Vasıta > Arazi, SUV & Pickup > Mercedes-Benz > EQB > EQB 350 4MATIC",curated-market-v1,CURATED_REVIEW,,
"Arazi, SUV & Pickup",,Mercedes-Benz,EQC,,SERIES,EQC,eqc,"Vasıta > Arazi, SUV & Pickup > Mercedes-Benz > EQC",curated-market-v1,CURATED_REVIEW,,
"Arazi, SUV & Pickup",,Mercedes-Benz,EQC,EQC 400 4MATIC,MODEL_VARIANT,EQC 400 4MATIC,eqc-400-4matic,"Vasıta > Arazi, SUV & Pickup > Mercedes-Benz > EQC > EQC 400 4MATIC",curated-market-v1,CURATED_REVIEW,,
"Arazi, SUV & Pickup",,Mercedes-Benz,EQE SUV,,SERIES,EQE SUV,eqe-suv,"Vasıta > Arazi, SUV & Pickup > Mercedes-Benz > EQE SUV",curated-market-v1,CURATED_REVIEW,,
"Arazi, SUV & Pickup",,Mercedes-Benz,EQE SUV,EQE 350+,MODEL_VARIANT,EQE 350+,eqe-350,"Vasıta > Arazi, SUV & Pickup > Mercedes-Benz > EQE SUV > EQE 350+",curated-market-v1,CURATED_REVIEW,,
"Arazi, SUV & Pickup",,Mercedes-Benz,EQE SUV,EQE 500 4MATIC,MODEL_VARIANT,EQE 500 4MATIC,eqe-500-4matic,"Vasıta > Arazi, SUV & Pickup > Mercedes-Benz > EQE SUV > EQE 500 4MATIC",curated-market-v1,CURATED_REVIEW,,
"Arazi, SUV & Pickup",,Mercedes-Benz,EQE SUV,AMG EQE 53,MODEL_VARIANT,AMG EQE 53,amg-eqe-53,"Vasıta > Arazi, SUV & Pickup > Mercedes-Benz > EQE SUV > AMG EQE 53",curated-market-v1,CURATED_REVIEW,,
"Arazi, SUV & Pickup",,Mercedes-Benz,EQS SUV,,SERIES,EQS SUV,eqs-suv,"Vasıta > Arazi, SUV & Pickup > Mercedes-Benz > EQS SUV",curated-market-v1,CURATED_REVIEW,,
"Arazi, SUV & Pickup",,Mercedes-Benz,EQS SUV,EQS 450+,MODEL_VARIANT,EQS 450+,eqs-450,"Vasıta > Arazi, SUV & Pickup > Mercedes-Benz > EQS SUV > EQS 450+",curated-market-v1,CURATED_REVIEW,,
"Arazi, SUV & Pickup",,Mercedes-Benz,EQS SUV,EQS 580 4MATIC,MODEL_VARIANT,EQS 580 4MATIC,eqs-580-4matic,"Vasıta > Arazi, SUV & Pickup > Mercedes-Benz > EQS SUV > EQS 580 4MATIC",curated-market-v1,CURATED_REVIEW,,
"Arazi, SUV & Pickup",,Mercedes-Benz,G Serisi,,SERIES,G Serisi,g-serisi,"Vasıta > Arazi, SUV & Pickup > Mercedes-Benz > G Serisi",curated-market-v1,CURATED_REVIEW,,
"Arazi, SUV & Pickup",,Mercedes-Benz,G Serisi,G 350 d,MODEL_VARIANT,G 350 d,g-350-d,"Vasıta > Arazi, SUV & Pickup > Mercedes-Benz > G Serisi > G 350 d",curated-market-v1,CURATED_REVIEW,,
"Arazi, SUV & Pickup",,Mercedes-Benz,G Serisi,G 400 d,MODEL_VARIANT,G 400 d,g-400-d,"Vasıta > Arazi, SUV & Pickup > Mercedes-Benz > G Serisi > G 400 d",curated-market-v1,CURATED_REVIEW,,
"Arazi, SUV & Pickup",,Mercedes-Benz,G Serisi,G 500,MODEL_VARIANT,G 500,g-500,"Vasıta > Arazi, SUV & Pickup > Mercedes-Benz > G Serisi > G 500",curated-market-v1,CURATED_REVIEW,,
"Arazi, SUV & Pickup",,Mercedes-Benz,G Serisi,G 63 AMG,MODEL_VARIANT,G 63 AMG,g-63-amg,"Vasıta > Arazi, SUV & Pickup > Mercedes-Benz > G Serisi > G 63 AMG",curated-market-v1,CURATED_REVIEW,,
"Arazi, SUV & Pickup",,Mercedes-Benz,GLA,,SERIES,GLA,gla,"Vasıta > Arazi, SUV & Pickup > Mercedes-Benz > GLA",curated-market-v1,CURATED_REVIEW,,
"Arazi, SUV & Pickup",,Mercedes-Benz,GLA,GLA 180,MODEL_VARIANT,GLA 180,gla-180,"Vasıta > Arazi, SUV & Pickup > Mercedes-Benz > GLA > GLA 180",curated-market-v1,CURATED_REVIEW,,
"Arazi, SUV & Pickup",,Mercedes-Benz,GLA,GLA 200,MODEL_VARIANT,GLA 200,gla-200,"Vasıta > Arazi, SUV & Pickup > Mercedes-Benz > GLA > GLA 200",curated-market-v1,CURATED_REVIEW,,
"Arazi, SUV & Pickup",,Mercedes-Benz,GLA,GLA 200 d,MODEL_VARIANT,GLA 200 d,gla-200-d,"Vasıta > Arazi, SUV & Pickup > Mercedes-Benz > GLA > GLA 200 d",curated-market-v1,CURATED_REVIEW,,
"Arazi, SUV & Pickup",,Mercedes-Benz,GLA,GLA 250 e,MODEL_VARIANT,GLA 250 e,gla-250-e,"Vasıta > Arazi, SUV & Pickup > Mercedes-Benz > GLA > GLA 250 e",curated-market-v1,CURATED_REVIEW,,
"Arazi, SUV & Pickup",,Mercedes-Benz,GLA,GLA 35 AMG,MODEL_VARIANT,GLA 35 AMG,gla-35-amg,"Vasıta > Arazi, SUV & Pickup > Mercedes-Benz > GLA > GLA 35 AMG",curated-market-v1,CURATED_REVIEW,,
"Arazi, SUV & Pickup",,Mercedes-Benz,GLB,,SERIES,GLB,glb,"Vasıta > Arazi, SUV & Pickup > Mercedes-Benz > GLB",curated-market-v1,CURATED_REVIEW,,
"Arazi, SUV & Pickup",,Mercedes-Benz,GLB,GLB 180 d,MODEL_VARIANT,GLB 180 d,glb-180-d,"Vasıta > Arazi, SUV & Pickup > Mercedes-Benz > GLB > GLB 180 d",curated-market-v1,CURATED_REVIEW,,
"Arazi, SUV & Pickup",,Mercedes-Benz,GLB,GLB 200,MODEL_VARIANT,GLB 200,glb-200,"Vasıta > Arazi, SUV & Pickup > Mercedes-Benz > GLB > GLB 200",curated-market-v1,CURATED_REVIEW,,
"Arazi, SUV & Pickup",,Mercedes-Benz,GLB,GLB 200 d,MODEL_VARIANT,GLB 200 d,glb-200-d,"Vasıta > Arazi, SUV & Pickup > Mercedes-Benz > GLB > GLB 200 d",curated-market-v1,CURATED_REVIEW,,
"Arazi, SUV & Pickup",,Mercedes-Benz,GLB,GLB 250 4MATIC,MODEL_VARIANT,GLB 250 4MATIC,glb-250-4matic,"Vasıta > Arazi, SUV & Pickup > Mercedes-Benz > GLB > GLB 250 4MATIC",curated-market-v1,CURATED_REVIEW,,
"Arazi, SUV & Pickup",,Mercedes-Benz,GLC,,SERIES,GLC,glc,"Vasıta > Arazi, SUV & Pickup > Mercedes-Benz > GLC",curated-market-v1,CURATED_REVIEW,,
"Arazi, SUV & Pickup",,Mercedes-Benz,GLC,GLC 220 d,MODEL_VARIANT,GLC 220 d,glc-220-d,"Vasıta > Arazi, SUV & Pickup > Mercedes-Benz > GLC > GLC 220 d",curated-market-v1,CURATED_REVIEW,,
"Arazi, SUV & Pickup",,Mercedes-Benz,GLC,GLC 250 d,MODEL_VARIANT,GLC 250 d,glc-250-d,"Vasıta > Arazi, SUV & Pickup > Mercedes-Benz > GLC > GLC 250 d",curated-market-v1,CURATED_REVIEW,,
"Arazi, SUV & Pickup",,Mercedes-Benz,GLC,GLC 300 d,MODEL_VARIANT,GLC 300 d,glc-300-d,"Vasıta > Arazi, SUV & Pickup > Mercedes-Benz > GLC > GLC 300 d",curated-market-v1,CURATED_REVIEW,,
"Arazi, SUV & Pickup",,Mercedes-Benz,GLC,GLC 300 e,MODEL_VARIANT,GLC 300 e,glc-300-e,"Vasıta > Arazi, SUV & Pickup > Mercedes-Benz > GLC > GLC 300 e",curated-market-v1,CURATED_REVIEW,,
"Arazi, SUV & Pickup",,Mercedes-Benz,GLC,GLC 43 AMG,MODEL_VARIANT,GLC 43 AMG,glc-43-amg,"Vasıta > Arazi, SUV & Pickup > Mercedes-Benz > GLC > GLC 43 AMG",curated-market-v1,CURATED_REVIEW,,
"Arazi, SUV & Pickup",,Mercedes-Benz,GLC,GLC 63 AMG,MODEL_VARIANT,GLC 63 AMG,glc-63-amg,"Vasıta > Arazi, SUV & Pickup > Mercedes-Benz > GLC > GLC 63 AMG",curated-market-v1,CURATED_REVIEW,,
"Arazi, SUV & Pickup",,Mercedes-Benz,GLE,,SERIES,GLE,gle,"Vasıta > Arazi, SUV & Pickup > Mercedes-Benz > GLE",curated-market-v1,CURATED_REVIEW,,
"Arazi, SUV & Pickup",,Mercedes-Benz,GLE,GLE 300 d,MODEL_VARIANT,GLE 300 d,gle-300-d,"Vasıta > Arazi, SUV & Pickup > Mercedes-Benz > GLE > GLE 300 d",curated-market-v1,CURATED_REVIEW,,
"Arazi, SUV & Pickup",,Mercedes-Benz,GLE,GLE 350 d,MODEL_VARIANT,GLE 350 d,gle-350-d,"Vasıta > Arazi, SUV & Pickup > Mercedes-Benz > GLE > GLE 350 d",curated-market-v1,CURATED_REVIEW,,
"Arazi, SUV & Pickup",,Mercedes-Benz,GLE,GLE 400 d,MODEL_VARIANT,GLE 400 d,gle-400-d,"Vasıta > Arazi, SUV & Pickup > Mercedes-Benz > GLE > GLE 400 d",curated-market-v1,CURATED_REVIEW,,
"Arazi, SUV & Pickup",,Mercedes-Benz,GLE,GLE 450,MODEL_VARIANT,GLE 450,gle-450,"Vasıta > Arazi, SUV & Pickup > Mercedes-Benz > GLE > GLE 450",curated-market-v1,CURATED_REVIEW,,
"Arazi, SUV & Pickup",,Mercedes-Benz,GLE,GLE 53 AMG,MODEL_VARIANT,GLE 53 AMG,gle-53-amg,"Vasıta > Arazi, SUV & Pickup > Mercedes-Benz > GLE > GLE 53 AMG",curated-market-v1,CURATED_REVIEW,,
"Arazi, SUV & Pickup",,Mercedes-Benz,GLE,GLE 63 AMG,MODEL_VARIANT,GLE 63 AMG,gle-63-amg,"Vasıta > Arazi, SUV & Pickup > Mercedes-Benz > GLE > GLE 63 AMG",curated-market-v1,CURATED_REVIEW,,
"Arazi, SUV & Pickup",,Mercedes-Benz,GLK,,SERIES,GLK,glk,"Vasıta > Arazi, SUV & Pickup > Mercedes-Benz > GLK",curated-market-v1,CURATED_REVIEW,,
"Arazi, SUV & Pickup",,Mercedes-Benz,GLS,,SERIES,GLS,gls,"Vasıta > Arazi, SUV & Pickup > Mercedes-Benz > GLS",curated-market-v1,CURATED_REVIEW,,
"Arazi, SUV & Pickup",,Mercedes-Benz,GLS,GLS 350 d,MODEL_VARIANT,GLS 350 d,gls-350-d,"Vasıta > Arazi, SUV & Pickup > Mercedes-Benz > GLS > GLS 350 d",curated-market-v1,CURATED_REVIEW,,
"Arazi, SUV & Pickup",,Mercedes-Benz,GLS,GLS 400 d,MODEL_VARIANT,GLS 400 d,gls-400-d,"Vasıta > Arazi, SUV & Pickup > Mercedes-Benz > GLS > GLS 400 d",curated-market-v1,CURATED_REVIEW,,
"Arazi, SUV & Pickup",,Mercedes-Benz,GLS,GLS 450,MODEL_VARIANT,GLS 450,gls-450,"Vasıta > Arazi, SUV & Pickup > Mercedes-Benz > GLS > GLS 450",curated-market-v1,CURATED_REVIEW,,
"Arazi, SUV & Pickup",,Mercedes-Benz,GLS,GLS 580,MODEL_VARIANT,GLS 580,gls-580,"Vasıta > Arazi, SUV & Pickup > Mercedes-Benz > GLS > GLS 580",curated-market-v1,CURATED_REVIEW,,
"Arazi, SUV & Pickup",,Mercedes-Benz,GLS,GLS 63 AMG,MODEL_VARIANT,GLS 63 AMG,gls-63-amg,"Vasıta > Arazi, SUV & Pickup > Mercedes-Benz > GLS > GLS 63 AMG",curated-market-v1,CURATED_REVIEW,,
"Arazi, SUV & Pickup",,Mercedes-Benz,Maybach GLS,,SERIES,Maybach GLS,maybach-gls,"Vasıta > Arazi, SUV & Pickup > Mercedes-Benz > Maybach GLS",curated-market-v1,CURATED_REVIEW,,
"Arazi, SUV & Pickup",,Mercedes-Benz,ML,,SERIES,ML,ml,"Vasıta > Arazi, SUV & Pickup > Mercedes-Benz > ML",curated-market-v1,CURATED_REVIEW,,
"Arazi, SUV & Pickup",,MG,HS,,SERIES,HS,hs,"Vasıta > Arazi, SUV & Pickup > MG > HS",curated-market-v1,CURATED_REVIEW,,
"Arazi, SUV & Pickup",,MG,HS,Comfort,MODEL_VARIANT,Comfort,comfort,"Vasıta > Arazi, SUV & Pickup > MG > HS > Comfort",curated-market-v1,CURATED_REVIEW,,
"Arazi, SUV & Pickup",,MG,HS,Luxury,MODEL_VARIANT,Luxury,luxury,"Vasıta > Arazi, SUV & Pickup > MG > HS > Luxury",curated-market-v1,CURATED_REVIEW,,
"Arazi, SUV & Pickup",,MG,HS,PHEV,MODEL_VARIANT,PHEV,phev,"Vasıta > Arazi, SUV & Pickup > MG > HS > PHEV",curated-market-v1,CURATED_REVIEW,,
"Arazi, SUV & Pickup",,MG,Marvel R,,SERIES,Marvel R,marvel-r,"Vasıta > Arazi, SUV & Pickup > MG > Marvel R",curated-market-v1,CURATED_REVIEW,,
"Arazi, SUV & Pickup",,MG,Marvel R,Performance,MODEL_VARIANT,Performance,performance,"Vasıta > Arazi, SUV & Pickup > MG > Marvel R > Performance",curated-market-v1,CURATED_REVIEW,,
"Arazi, SUV & Pickup",,MG,ZS,,SERIES,ZS,zs,"Vasıta > Arazi, SUV & Pickup > MG > ZS",curated-market-v1,CURATED_REVIEW,,
"Arazi, SUV & Pickup",,MG,ZS,Comfort,MODEL_VARIANT,Comfort,comfort,"Vasıta > Arazi, SUV & Pickup > MG > ZS > Comfort",curated-market-v1,CURATED_REVIEW,,
"Arazi, SUV & Pickup",,MG,ZS,Luxury,MODEL_VARIANT,Luxury,luxury,"Vasıta > Arazi, SUV & Pickup > MG > ZS > Luxury",curated-market-v1,CURATED_REVIEW,,
"Arazi, SUV & Pickup",,MG,ZS,EV,MODEL_VARIANT,EV,ev,"Vasıta > Arazi, SUV & Pickup > MG > ZS > EV",curated-market-v1,CURATED_REVIEW,,
"Arazi, SUV & Pickup",,Mini,Aceman,,SERIES,Aceman,aceman,"Vasıta > Arazi, SUV & Pickup > Mini > Aceman",curated-market-v1,CURATED_REVIEW,,
"Arazi, SUV & Pickup",,Mini,Aceman,E,MODEL_VARIANT,E,e,"Vasıta > Arazi, SUV & Pickup > Mini > Aceman > E",curated-market-v1,CURATED_REVIEW,,
"Arazi, SUV & Pickup",,Mini,Aceman,SE,MODEL_VARIANT,SE,se,"Vasıta > Arazi, SUV & Pickup > Mini > Aceman > SE",curated-market-v1,CURATED_REVIEW,,
"Arazi, SUV & Pickup",,Mini,Countryman,,SERIES,Countryman,countryman,"Vasıta > Arazi, SUV & Pickup > Mini > Countryman",curated-market-v1,CURATED_REVIEW,,
"Arazi, SUV & Pickup",,Mini,Countryman,Cooper,MODEL_VARIANT,Cooper,cooper,"Vasıta > Arazi, SUV & Pickup > Mini > Countryman > Cooper",curated-market-v1,CURATED_REVIEW,,
"Arazi, SUV & Pickup",,Mini,Countryman,Cooper S,MODEL_VARIANT,Cooper S,cooper-s,"Vasıta > Arazi, SUV & Pickup > Mini > Countryman > Cooper S",curated-market-v1,CURATED_REVIEW,,
"Arazi, SUV & Pickup",,Mini,Countryman,Cooper SE,MODEL_VARIANT,Cooper SE,cooper-se,"Vasıta > Arazi, SUV & Pickup > Mini > Countryman > Cooper SE",curated-market-v1,CURATED_REVIEW,,
"Arazi, SUV & Pickup",,Mini,Countryman,JCW,MODEL_VARIANT,JCW,jcw,"Vasıta > Arazi, SUV & Pickup > Mini > Countryman > JCW",curated-market-v1,CURATED_REVIEW,,
"Arazi, SUV & Pickup",,Mitsubishi,ASX,,SERIES,ASX,asx,"Vasıta > Arazi, SUV & Pickup > Mitsubishi > ASX",curated-market-v1,CURATED_REVIEW,,
"Arazi, SUV & Pickup",,Mitsubishi,ASX,1.3 Turbo Intense,MODEL_VARIANT,1.3 Turbo Intense,1-3-turbo-intense,"Vasıta > Arazi, SUV & Pickup > Mitsubishi > ASX > 1.3 Turbo Intense",curated-market-v1,CURATED_REVIEW,,
"Arazi, SUV & Pickup",,Mitsubishi,ASX,1.6 Invite,MODEL_VARIANT,1.6 Invite,1-6-invite,"Vasıta > Arazi, SUV & Pickup > Mitsubishi > ASX > 1.6 Invite",curated-market-v1,CURATED_REVIEW,,
"Arazi, SUV & Pickup",,Mitsubishi,Eclipse Cross,,SERIES,Eclipse Cross,eclipse-cross,"Vasıta > Arazi, SUV & Pickup > Mitsubishi > Eclipse Cross",curated-market-v1,CURATED_REVIEW,,
"Arazi, SUV & Pickup",,Mitsubishi,Eclipse Cross,1.5 Turbo Instyle,MODEL_VARIANT,1.5 Turbo Instyle,1-5-turbo-instyle,"Vasıta > Arazi, SUV & Pickup > Mitsubishi > Eclipse Cross > 1.5 Turbo Instyle",curated-market-v1,CURATED_REVIEW,,
"Arazi, SUV & Pickup",,Mitsubishi,Eclipse Cross,PHEV,MODEL_VARIANT,PHEV,phev,"Vasıta > Arazi, SUV & Pickup > Mitsubishi > Eclipse Cross > PHEV",curated-market-v1,CURATED_REVIEW,,
"Arazi, SUV & Pickup",,Mitsubishi,L200,,SERIES,L200,l200,"Vasıta > Arazi, SUV & Pickup > Mitsubishi > L200",curated-market-v1,CURATED_REVIEW,,
"Arazi, SUV & Pickup",,Mitsubishi,L200,2.4 DI-D Invite,MODEL_VARIANT,2.4 DI-D Invite,2-4-di-d-invite,"Vasıta > Arazi, SUV & Pickup > Mitsubishi > L200 > 2.4 DI-D Invite",curated-market-v1,CURATED_REVIEW,,
"Arazi, SUV & Pickup",,Mitsubishi,L200,2.4 DI-D Intense,MODEL_VARIANT,2.4 DI-D Intense,2-4-di-d-intense,"Vasıta > Arazi, SUV & Pickup > Mitsubishi > L200 > 2.4 DI-D Intense",curated-market-v1,CURATED_REVIEW,,
"Arazi, SUV & Pickup",,Mitsubishi,Outlander,,SERIES,Outlander,outlander,"Vasıta > Arazi, SUV & Pickup > Mitsubishi > Outlander",curated-market-v1,CURATED_REVIEW,,
"Arazi, SUV & Pickup",,Mitsubishi,Outlander,2.0 Invite,MODEL_VARIANT,2.0 Invite,2-0-invite,"Vasıta > Arazi, SUV & Pickup > Mitsubishi > Outlander > 2.0 Invite",curated-market-v1,CURATED_REVIEW,,
"Arazi, SUV & Pickup",,Mitsubishi,Outlander,PHEV,MODEL_VARIANT,PHEV,phev,"Vasıta > Arazi, SUV & Pickup > Mitsubishi > Outlander > PHEV",curated-market-v1,CURATED_REVIEW,,
"Arazi, SUV & Pickup",,Mitsubishi,Pajero,,SERIES,Pajero,pajero,"Vasıta > Arazi, SUV & Pickup > Mitsubishi > Pajero",curated-market-v1,CURATED_REVIEW,,
"Arazi, SUV & Pickup",,Nissan,Ariya,,SERIES,Ariya,ariya,"Vasıta > Arazi, SUV & Pickup > Nissan > Ariya",curated-market-v1,CURATED_REVIEW,,
"Arazi, SUV & Pickup",,Nissan,Ariya,Advance,MODEL_VARIANT,Advance,advance,"Vasıta > Arazi, SUV & Pickup > Nissan > Ariya > Advance",curated-market-v1,CURATED_REVIEW,,
"Arazi, SUV & Pickup",,Nissan,Ariya,Evolve,MODEL_VARIANT,Evolve,evolve,"Vasıta > Arazi, SUV & Pickup > Nissan > Ariya > Evolve",curated-market-v1,CURATED_REVIEW,,
"Arazi, SUV & Pickup",,Nissan,Juke,,SERIES,Juke,juke,"Vasıta > Arazi, SUV & Pickup > Nissan > Juke",curated-market-v1,CURATED_REVIEW,,
"Arazi, SUV & Pickup",,Nissan,Juke,1.0 DIG-T Tekna,MODEL_VARIANT,1.0 DIG-T Tekna,1-0-dig-t-tekna,"Vasıta > Arazi, SUV & Pickup > Nissan > Juke > 1.0 DIG-T Tekna",curated-market-v1,CURATED_REVIEW,,
"Arazi, SUV & Pickup",,Nissan,Juke,1.6 Hybrid,MODEL_VARIANT,1.6 Hybrid,1-6-hybrid,"Vasıta > Arazi, SUV & Pickup > Nissan > Juke > 1.6 Hybrid",curated-market-v1,CURATED_REVIEW,,
"Arazi, SUV & Pickup",,Nissan,Murano,,SERIES,Murano,murano,"Vasıta > Arazi, SUV & Pickup > Nissan > Murano",curated-market-v1,CURATED_REVIEW,,
"Arazi, SUV & Pickup",,Nissan,Navara,,SERIES,Navara,navara,"Vasıta > Arazi, SUV & Pickup > Nissan > Navara",curated-market-v1,CURATED_REVIEW,,
"Arazi, SUV & Pickup",,Nissan,Navara,2.3 dCi Platinum,MODEL_VARIANT,2.3 dCi Platinum,2-3-dci-platinum,"Vasıta > Arazi, SUV & Pickup > Nissan > Navara > 2.3 dCi Platinum",curated-market-v1,CURATED_REVIEW,,
"Arazi, SUV & Pickup",,Nissan,Navara,2.5 dCi 4x4,MODEL_VARIANT,2.5 dCi 4x4,2-5-dci-4x4,"Vasıta > Arazi, SUV & Pickup > Nissan > Navara > 2.5 dCi 4x4",curated-market-v1,CURATED_REVIEW,,
"Arazi, SUV & Pickup",,Nissan,Pathfinder,,SERIES,Pathfinder,pathfinder,"Vasıta > Arazi, SUV & Pickup > Nissan > Pathfinder",curated-market-v1,CURATED_REVIEW,,
"Arazi, SUV & Pickup",,Nissan,Qashqai,,SERIES,Qashqai,qashqai,"Vasıta > Arazi, SUV & Pickup > Nissan > Qashqai",curated-market-v1,CURATED_REVIEW,,
"Arazi, SUV & Pickup",,Nissan,Qashqai,1.3 DIG-T Designpack,MODEL_VARIANT,1.3 DIG-T Designpack,1-3-dig-t-designpack,"Vasıta > Arazi, SUV & Pickup > Nissan > Qashqai > 1.3 DIG-T Designpack",curated-market-v1,CURATED_REVIEW,,
"Arazi, SUV & Pickup",,Nissan,Qashqai,1.5 dCi Sky Pack,MODEL_VARIANT,1.5 dCi Sky Pack,1-5-dci-sky-pack,"Vasıta > Arazi, SUV & Pickup > Nissan > Qashqai > 1.5 dCi Sky Pack",curated-market-v1,CURATED_REVIEW,,
"Arazi, SUV & Pickup",,Nissan,Qashqai,e-Power,MODEL_VARIANT,e-Power,e-power,"Vasıta > Arazi, SUV & Pickup > Nissan > Qashqai > e-Power",curated-market-v1,CURATED_REVIEW,,
"Arazi, SUV & Pickup",,Nissan,Terrano,,SERIES,Terrano,terrano,"Vasıta > Arazi, SUV & Pickup > Nissan > Terrano",curated-market-v1,CURATED_REVIEW,,
"Arazi, SUV & Pickup",,Nissan,X-Trail,,SERIES,X-Trail,x-trail,"Vasıta > Arazi, SUV & Pickup > Nissan > X-Trail",curated-market-v1,CURATED_REVIEW,,
"Arazi, SUV & Pickup",,Nissan,X-Trail,1.5 VC-T e-Power,MODEL_VARIANT,1.5 VC-T e-Power,1-5-vc-t-e-power,"Vasıta > Arazi, SUV & Pickup > Nissan > X-Trail > 1.5 VC-T e-Power",curated-market-v1,CURATED_REVIEW,,
"Arazi, SUV & Pickup",,Nissan,X-Trail,1.6 dCi Platinum,MODEL_VARIANT,1.6 dCi Platinum,1-6-dci-platinum,"Vasıta > Arazi, SUV & Pickup > Nissan > X-Trail > 1.6 dCi Platinum",curated-market-v1,CURATED_REVIEW,,
"Arazi, SUV & Pickup",,Omoda,Omoda 5,,SERIES,Omoda 5,omoda-5,"Vasıta > Arazi, SUV & Pickup > Omoda > Omoda 5",curated-market-v1,CURATED_REVIEW,,
"Arazi, SUV & Pickup",,Omoda,Omoda 5,Comfort,MODEL_VARIANT,Comfort,comfort,"Vasıta > Arazi, SUV & Pickup > Omoda > Omoda 5 > Comfort",curated-market-v1,CURATED_REVIEW,,
"Arazi, SUV & Pickup",,Omoda,Omoda 5,Excellent,MODEL_VARIANT,Excellent,excellent,"Vasıta > Arazi, SUV & Pickup > Omoda > Omoda 5 > Excellent",curated-market-v1,CURATED_REVIEW,,
"Arazi, SUV & Pickup",,Omoda,Omoda 5,EV,MODEL_VARIANT,EV,ev,"Vasıta > Arazi, SUV & Pickup > Omoda > Omoda 5 > EV",curated-market-v1,CURATED_REVIEW,,
"Arazi, SUV & Pickup",,Opel,Antara,,SERIES,Antara,antara,"Vasıta > Arazi, SUV & Pickup > Opel > Antara",curated-market-v1,CURATED_REVIEW,,
"Arazi, SUV & Pickup",,Opel,Crossland,,SERIES,Crossland,crossland,"Vasıta > Arazi, SUV & Pickup > Opel > Crossland",curated-market-v1,CURATED_REVIEW,,
"Arazi, SUV & Pickup",,Opel,Crossland,1.2 Turbo Edition,MODEL_VARIANT,1.2 Turbo Edition,1-2-turbo-edition,"Vasıta > Arazi, SUV & Pickup > Opel > Crossland > 1.2 Turbo Edition",curated-market-v1,CURATED_REVIEW,,
"Arazi, SUV & Pickup",,Opel,Crossland,1.5 D Elegance,MODEL_VARIANT,1.5 D Elegance,1-5-d-elegance,"Vasıta > Arazi, SUV & Pickup > Opel > Crossland > 1.5 D Elegance",curated-market-v1,CURATED_REVIEW,,
"Arazi, SUV & Pickup",,Opel,Frontera,,SERIES,Frontera,frontera,"Vasıta > Arazi, SUV & Pickup > Opel > Frontera",curated-market-v1,CURATED_REVIEW,,
"Arazi, SUV & Pickup",,Opel,Frontera,Hybrid,MODEL_VARIANT,Hybrid,hybrid,"Vasıta > Arazi, SUV & Pickup > Opel > Frontera > Hybrid",curated-market-v1,CURATED_REVIEW,,
"Arazi, SUV & Pickup",,Opel,Frontera,Electric,MODEL_VARIANT,Electric,electric,"Vasıta > Arazi, SUV & Pickup > Opel > Frontera > Electric",curated-market-v1,CURATED_REVIEW,,
"Arazi, SUV & Pickup",,Opel,Grandland,,SERIES,Grandland,grandland,"Vasıta > Arazi, SUV & Pickup > Opel > Grandland",curated-market-v1,CURATED_REVIEW,,
"Arazi, SUV & Pickup",,Opel,Grandland,1.2 Turbo Edition,MODEL_VARIANT,1.2 Turbo Edition,1-2-turbo-edition,"Vasıta > Arazi, SUV & Pickup > Opel > Grandland > 1.2 Turbo Edition",curated-market-v1,CURATED_REVIEW,,
"Arazi, SUV & Pickup",,Opel,Grandland,1.5 D Ultimate,MODEL_VARIANT,1.5 D Ultimate,1-5-d-ultimate,"Vasıta > Arazi, SUV & Pickup > Opel > Grandland > 1.5 D Ultimate",curated-market-v1,CURATED_REVIEW,,
"Arazi, SUV & Pickup",,Opel,Grandland,Hybrid,MODEL_VARIANT,Hybrid,hybrid,"Vasıta > Arazi, SUV & Pickup > Opel > Grandland > Hybrid",curated-market-v1,CURATED_REVIEW,,
"Arazi, SUV & Pickup",,Opel,Mokka,,SERIES,Mokka,mokka,"Vasıta > Arazi, SUV & Pickup > Opel > Mokka",curated-market-v1,CURATED_REVIEW,,
"Arazi, SUV & Pickup",,Opel,Mokka,1.2 Turbo Elegance,MODEL_VARIANT,1.2 Turbo Elegance,1-2-turbo-elegance,"Vasıta > Arazi, SUV & Pickup > Opel > Mokka > 1.2 Turbo Elegance",curated-market-v1,CURATED_REVIEW,,
"Arazi, SUV & Pickup",,Opel,Mokka,1.5 D Ultimate,MODEL_VARIANT,1.5 D Ultimate,1-5-d-ultimate,"Vasıta > Arazi, SUV & Pickup > Opel > Mokka > 1.5 D Ultimate",curated-market-v1,CURATED_REVIEW,,
"Arazi, SUV & Pickup",,Opel,Mokka,Elektrik,MODEL_VARIANT,Elektrik,elektrik,"Vasıta > Arazi, SUV & Pickup > Opel > Mokka > Elektrik",curated-market-v1,CURATED_REVIEW,,
"Arazi, SUV & Pickup",,Opel,Mokka X,,SERIES,Mokka X,mokka-x,"Vasıta > Arazi, SUV & Pickup > Opel > Mokka X",curated-market-v1,CURATED_REVIEW,,
"Arazi, SUV & Pickup",,Peugeot,2008,,SERIES,2008,2008,"Vasıta > Arazi, SUV & Pickup > Peugeot > 2008",curated-market-v1,CURATED_REVIEW,,
"Arazi, SUV & Pickup",,Peugeot,2008,1.2 PureTech Active,MODEL_VARIANT,1.2 PureTech Active,1-2-puretech-active,"Vasıta > Arazi, SUV & Pickup > Peugeot > 2008 > 1.2 PureTech Active",curated-market-v1,CURATED_REVIEW,,
"Arazi, SUV & Pickup",,Peugeot,2008,1.2 PureTech Allure,MODEL_VARIANT,1.2 PureTech Allure,1-2-puretech-allure,"Vasıta > Arazi, SUV & Pickup > Peugeot > 2008 > 1.2 PureTech Allure",curated-market-v1,CURATED_REVIEW,,
"Arazi, SUV & Pickup",,Peugeot,2008,1.5 BlueHDi GT,MODEL_VARIANT,1.5 BlueHDi GT,1-5-bluehdi-gt,"Vasıta > Arazi, SUV & Pickup > Peugeot > 2008 > 1.5 BlueHDi GT",curated-market-v1,CURATED_REVIEW,,
"Arazi, SUV & Pickup",,Peugeot,2008,e-2008,MODEL_VARIANT,e-2008,e-2008,"Vasıta > Arazi, SUV & Pickup > Peugeot > 2008 > e-2008",curated-market-v1,CURATED_REVIEW,,
"Arazi, SUV & Pickup",,Peugeot,3008,,SERIES,3008,3008,"Vasıta > Arazi, SUV & Pickup > Peugeot > 3008",curated-market-v1,CURATED_REVIEW,,
"Arazi, SUV & Pickup",,Peugeot,3008,1.2 PureTech Active Prime,MODEL_VARIANT,1.2 PureTech Active Prime,1-2-puretech-active-prime,"Vasıta > Arazi, SUV & Pickup > Peugeot > 3008 > 1.2 PureTech Active Prime",curated-market-v1,CURATED_REVIEW,,
"Arazi, SUV & Pickup",,Peugeot,3008,1.5 BlueHDi Allure,MODEL_VARIANT,1.5 BlueHDi Allure,1-5-bluehdi-allure,"Vasıta > Arazi, SUV & Pickup > Peugeot > 3008 > 1.5 BlueHDi Allure",curated-market-v1,CURATED_REVIEW,,
"Arazi, SUV & Pickup",,Peugeot,3008,1.6 Hybrid GT,MODEL_VARIANT,1.6 Hybrid GT,1-6-hybrid-gt,"Vasıta > Arazi, SUV & Pickup > Peugeot > 3008 > 1.6 Hybrid GT",curated-market-v1,CURATED_REVIEW,,
"Arazi, SUV & Pickup",,Peugeot,4007,,SERIES,4007,4007,"Vasıta > Arazi, SUV & Pickup > Peugeot > 4007",curated-market-v1,CURATED_REVIEW,,
"Arazi, SUV & Pickup",,Peugeot,4008,,SERIES,4008,4008,"Vasıta > Arazi, SUV & Pickup > Peugeot > 4008",curated-market-v1,CURATED_REVIEW,,
"Arazi, SUV & Pickup",,Peugeot,5008,,SERIES,5008,5008,"Vasıta > Arazi, SUV & Pickup > Peugeot > 5008",curated-market-v1,CURATED_REVIEW,,
"Arazi, SUV & Pickup",,Peugeot,5008,1.2 PureTech Allure,MODEL_VARIANT,1.2 PureTech Allure,1-2-puretech-allure,"Vasıta > Arazi, SUV & Pickup > Peugeot > 5008 > 1.2 PureTech Allure",curated-market-v1,CURATED_REVIEW,,
"Arazi, SUV & Pickup",,Peugeot,5008,1.5 BlueHDi GT,MODEL_VARIANT,1.5 BlueHDi GT,1-5-bluehdi-gt,"Vasıta > Arazi, SUV & Pickup > Peugeot > 5008 > 1.5 BlueHDi GT",curated-market-v1,CURATED_REVIEW,,
"Arazi, SUV & Pickup",,Peugeot,5008,Hybrid,MODEL_VARIANT,Hybrid,hybrid,"Vasıta > Arazi, SUV & Pickup > Peugeot > 5008 > Hybrid",curated-market-v1,CURATED_REVIEW,,
"Arazi, SUV & Pickup",,Porsche,Cayenne,,SERIES,Cayenne,cayenne,"Vasıta > Arazi, SUV & Pickup > Porsche > Cayenne",curated-market-v1,CURATED_REVIEW,,
"Arazi, SUV & Pickup",,Porsche,Cayenne,3.0,MODEL_VARIANT,3.0,3-0,"Vasıta > Arazi, SUV & Pickup > Porsche > Cayenne > 3.0",curated-market-v1,CURATED_REVIEW,,
"Arazi, SUV & Pickup",,Porsche,Cayenne,Coupe,MODEL_VARIANT,Coupe,coupe,"Vasıta > Arazi, SUV & Pickup > Porsche > Cayenne > Coupe",curated-market-v1,CURATED_REVIEW,,
"Arazi, SUV & Pickup",,Porsche,Cayenne,E-Hybrid,MODEL_VARIANT,E-Hybrid,e-hybrid,"Vasıta > Arazi, SUV & Pickup > Porsche > Cayenne > E-Hybrid",curated-market-v1,CURATED_REVIEW,,
"Arazi, SUV & Pickup",,Porsche,Cayenne,GTS,MODEL_VARIANT,GTS,gts,"Vasıta > Arazi, SUV & Pickup > Porsche > Cayenne > GTS",curated-market-v1,CURATED_REVIEW,,
"Arazi, SUV & Pickup",,Porsche,Cayenne,Turbo GT,MODEL_VARIANT,Turbo GT,turbo-gt,"Vasıta > Arazi, SUV & Pickup > Porsche > Cayenne > Turbo GT",curated-market-v1,CURATED_REVIEW,,
"Arazi, SUV & Pickup",,Porsche,Macan,,SERIES,Macan,macan,"Vasıta > Arazi, SUV & Pickup > Porsche > Macan",curated-market-v1,CURATED_REVIEW,,
"Arazi, SUV & Pickup",,Porsche,Macan,2.0,MODEL_VARIANT,2.0,2-0,"Vasıta > Arazi, SUV & Pickup > Porsche > Macan > 2.0",curated-market-v1,CURATED_REVIEW,,
"Arazi, SUV & Pickup",,Porsche,Macan,S,MODEL_VARIANT,S,s,"Vasıta > Arazi, SUV & Pickup > Porsche > Macan > S",curated-market-v1,CURATED_REVIEW,,
"Arazi, SUV & Pickup",,Porsche,Macan,GTS,MODEL_VARIANT,GTS,gts,"Vasıta > Arazi, SUV & Pickup > Porsche > Macan > GTS",curated-market-v1,CURATED_REVIEW,,
"Arazi, SUV & Pickup",,Porsche,Macan,Turbo,MODEL_VARIANT,Turbo,turbo,"Vasıta > Arazi, SUV & Pickup > Porsche > Macan > Turbo",curated-market-v1,CURATED_REVIEW,,
"Arazi, SUV & Pickup",,Porsche,Macan,Electric 4,MODEL_VARIANT,Electric 4,electric-4,"Vasıta > Arazi, SUV & Pickup > Porsche > Macan > Electric 4",curated-market-v1,CURATED_REVIEW,,
"Arazi, SUV & Pickup",,Porsche,Macan,Electric Turbo,MODEL_VARIANT,Electric Turbo,electric-turbo,"Vasıta > Arazi, SUV & Pickup > Porsche > Macan > Electric Turbo",curated-market-v1,CURATED_REVIEW,,
"Arazi, SUV & Pickup",,Renault,Arkana,,SERIES,Arkana,arkana,"Vasıta > Arazi, SUV & Pickup > Renault > Arkana",curated-market-v1,CURATED_REVIEW,,
"Arazi, SUV & Pickup",,Renault,Arkana,1.3 TCe Icon,MODEL_VARIANT,1.3 TCe Icon,1-3-tce-icon,"Vasıta > Arazi, SUV & Pickup > Renault > Arkana > 1.3 TCe Icon",curated-market-v1,CURATED_REVIEW,,
"Arazi, SUV & Pickup",,Renault,Arkana,E-Tech,MODEL_VARIANT,E-Tech,e-tech,"Vasıta > Arazi, SUV & Pickup > Renault > Arkana > E-Tech",curated-market-v1,CURATED_REVIEW,,
"Arazi, SUV & Pickup",,Renault,Austral,,SERIES,Austral,austral,"Vasıta > Arazi, SUV & Pickup > Renault > Austral",curated-market-v1,CURATED_REVIEW,,
"Arazi, SUV & Pickup",,Renault,Austral,Mild Hybrid Techno,MODEL_VARIANT,Mild Hybrid Techno,mild-hybrid-techno,"Vasıta > Arazi, SUV & Pickup > Renault > Austral > Mild Hybrid Techno",curated-market-v1,CURATED_REVIEW,,
"Arazi, SUV & Pickup",,Renault,Austral,Full Hybrid Esprit Alpine,MODEL_VARIANT,Full Hybrid Esprit Alpine,full-hybrid-esprit-alpine,"Vasıta > Arazi, SUV & Pickup > Renault > Austral > Full Hybrid Esprit Alpine",curated-market-v1,CURATED_REVIEW,,
"Arazi, SUV & Pickup",,Renault,Captur,,SERIES,Captur,captur,"Vasıta > Arazi, SUV & Pickup > Renault > Captur",curated-market-v1,CURATED_REVIEW,,
"Arazi, SUV & Pickup",,Renault,Captur,1.0 TCe Touch,MODEL_VARIANT,1.0 TCe Touch,1-0-tce-touch,"Vasıta > Arazi, SUV & Pickup > Renault > Captur > 1.0 TCe Touch",curated-market-v1,CURATED_REVIEW,,
"Arazi, SUV & Pickup",,Renault,Captur,1.3 TCe Icon,MODEL_VARIANT,1.3 TCe Icon,1-3-tce-icon,"Vasıta > Arazi, SUV & Pickup > Renault > Captur > 1.3 TCe Icon",curated-market-v1,CURATED_REVIEW,,
"Arazi, SUV & Pickup",,Renault,Captur,E-Tech,MODEL_VARIANT,E-Tech,e-tech,"Vasıta > Arazi, SUV & Pickup > Renault > Captur > E-Tech",curated-market-v1,CURATED_REVIEW,,
"Arazi, SUV & Pickup",,Renault,Kadjar,,SERIES,Kadjar,kadjar,"Vasıta > Arazi, SUV & Pickup > Renault > Kadjar",curated-market-v1,CURATED_REVIEW,,
"Arazi, SUV & Pickup",,Renault,Kadjar,1.2 TCe Touch,MODEL_VARIANT,1.2 TCe Touch,1-2-tce-touch,"Vasıta > Arazi, SUV & Pickup > Renault > Kadjar > 1.2 TCe Touch",curated-market-v1,CURATED_REVIEW,,
"Arazi, SUV & Pickup",,Renault,Kadjar,1.5 dCi Icon,MODEL_VARIANT,1.5 dCi Icon,1-5-dci-icon,"Vasıta > Arazi, SUV & Pickup > Renault > Kadjar > 1.5 dCi Icon",curated-market-v1,CURATED_REVIEW,,
"Arazi, SUV & Pickup",,Renault,Koleos,,SERIES,Koleos,koleos,"Vasıta > Arazi, SUV & Pickup > Renault > Koleos",curated-market-v1,CURATED_REVIEW,,
"Arazi, SUV & Pickup",,Renault,Koleos,1.6 dCi Icon,MODEL_VARIANT,1.6 dCi Icon,1-6-dci-icon,"Vasıta > Arazi, SUV & Pickup > Renault > Koleos > 1.6 dCi Icon",curated-market-v1,CURATED_REVIEW,,
"Arazi, SUV & Pickup",,Renault,Koleos,2.0 dCi 4x4,MODEL_VARIANT,2.0 dCi 4x4,2-0-dci-4x4,"Vasıta > Arazi, SUV & Pickup > Renault > Koleos > 2.0 dCi 4x4",curated-market-v1,CURATED_REVIEW,,
"Arazi, SUV & Pickup",,Renault,Rafale,,SERIES,Rafale,rafale,"Vasıta > Arazi, SUV & Pickup > Renault > Rafale",curated-market-v1,CURATED_REVIEW,,
"Arazi, SUV & Pickup",,Renault,Rafale,E-Tech Esprit Alpine,MODEL_VARIANT,E-Tech Esprit Alpine,e-tech-esprit-alpine,"Vasıta > Arazi, SUV & Pickup > Renault > Rafale > E-Tech Esprit Alpine",curated-market-v1,CURATED_REVIEW,,
"Arazi, SUV & Pickup",,Renault,Scenic E-Tech,,SERIES,Scenic E-Tech,scenic-e-tech,"Vasıta > Arazi, SUV & Pickup > Renault > Scenic E-Tech",curated-market-v1,CURATED_REVIEW,,
"Arazi, SUV & Pickup",,Renault,Symbioz,,SERIES,Symbioz,symbioz,"Vasıta > Arazi, SUV & Pickup > Renault > Symbioz",curated-market-v1,CURATED_REVIEW,,
"Arazi, SUV & Pickup",,Rolls-Royce,Cullinan,,SERIES,Cullinan,cullinan,"Vasıta > Arazi, SUV & Pickup > Rolls-Royce > Cullinan",curated-market-v1,CURATED_REVIEW,,
"Arazi, SUV & Pickup",,Rolls-Royce,Cullinan,Black Badge,MODEL_VARIANT,Black Badge,black-badge,"Vasıta > Arazi, SUV & Pickup > Rolls-Royce > Cullinan > Black Badge",curated-market-v1,CURATED_REVIEW,,
"Arazi, SUV & Pickup",,Santana,,,BRAND,Santana,santana,"Vasıta > Arazi, SUV & Pickup > Santana",https://www.sahibinden.com/kategori/arazi-suv-pickup,PUBLIC_NAV_VERIFIED,Marka doğrulandı; seri/model dalı sonraki veri doğrulamasına bırakıldı.,
"Arazi, SUV & Pickup",,Seat,Arona,,SERIES,Arona,arona,"Vasıta > Arazi, SUV & Pickup > Seat > Arona",curated-market-v1,CURATED_REVIEW,,
"Arazi, SUV & Pickup",,Seat,Arona,1.0 EcoTSI Style,MODEL_VARIANT,1.0 EcoTSI Style,1-0-ecotsi-style,"Vasıta > Arazi, SUV & Pickup > Seat > Arona > 1.0 EcoTSI Style",curated-market-v1,CURATED_REVIEW,,
"Arazi, SUV & Pickup",,Seat,Arona,1.0 EcoTSI Xperience,MODEL_VARIANT,1.0 EcoTSI Xperience,1-0-ecotsi-xperience,"Vasıta > Arazi, SUV & Pickup > Seat > Arona > 1.0 EcoTSI Xperience",curated-market-v1,CURATED_REVIEW,,
"Arazi, SUV & Pickup",,Seat,Ateca,,SERIES,Ateca,ateca,"Vasıta > Arazi, SUV & Pickup > Seat > Ateca",curated-market-v1,CURATED_REVIEW,,
"Arazi, SUV & Pickup",,Seat,Ateca,1.5 EcoTSI Xperience,MODEL_VARIANT,1.5 EcoTSI Xperience,1-5-ecotsi-xperience,"Vasıta > Arazi, SUV & Pickup > Seat > Ateca > 1.5 EcoTSI Xperience",curated-market-v1,CURATED_REVIEW,,
"Arazi, SUV & Pickup",,Seat,Ateca,2.0 TDI FR,MODEL_VARIANT,2.0 TDI FR,2-0-tdi-fr,"Vasıta > Arazi, SUV & Pickup > Seat > Ateca > 2.0 TDI FR",curated-market-v1,CURATED_REVIEW,,
"Arazi, SUV & Pickup",,Seat,Tarraco,,SERIES,Tarraco,tarraco,"Vasıta > Arazi, SUV & Pickup > Seat > Tarraco",curated-market-v1,CURATED_REVIEW,,
"Arazi, SUV & Pickup",,Seat,Tarraco,1.5 EcoTSI Xcellence,MODEL_VARIANT,1.5 EcoTSI Xcellence,1-5-ecotsi-xcellence,"Vasıta > Arazi, SUV & Pickup > Seat > Tarraco > 1.5 EcoTSI Xcellence",curated-market-v1,CURATED_REVIEW,,
"Arazi, SUV & Pickup",,Seres,Seres 3,,SERIES,Seres 3,seres-3,"Vasıta > Arazi, SUV & Pickup > Seres > Seres 3",curated-market-v1,CURATED_REVIEW,,
"Arazi, SUV & Pickup",,Seres,Seres 3,Comfort,MODEL_VARIANT,Comfort,comfort,"Vasıta > Arazi, SUV & Pickup > Seres > Seres 3 > Comfort",curated-market-v1,CURATED_REVIEW,,
"Arazi, SUV & Pickup",,Seres,Seres 3,Premium,MODEL_VARIANT,Premium,premium,"Vasıta > Arazi, SUV & Pickup > Seres > Seres 3 > Premium",curated-market-v1,CURATED_REVIEW,,
"Arazi, SUV & Pickup",,Seres,Seres 5,,SERIES,Seres 5,seres-5,"Vasıta > Arazi, SUV & Pickup > Seres > Seres 5",curated-market-v1,CURATED_REVIEW,,
"Arazi, SUV & Pickup",,Seres,Seres 5,Premium,MODEL_VARIANT,Premium,premium,"Vasıta > Arazi, SUV & Pickup > Seres > Seres 5 > Premium",curated-market-v1,CURATED_REVIEW,,
"Arazi, SUV & Pickup",,Skoda,Elroq,,SERIES,Elroq,elroq,"Vasıta > Arazi, SUV & Pickup > Skoda > Elroq",curated-market-v1,CURATED_REVIEW,,
"Arazi, SUV & Pickup",,Skoda,Elroq,50,MODEL_VARIANT,50,50,"Vasıta > Arazi, SUV & Pickup > Skoda > Elroq > 50",curated-market-v1,CURATED_REVIEW,,
"Arazi, SUV & Pickup",,Skoda,Elroq,60,MODEL_VARIANT,60,60,"Vasıta > Arazi, SUV & Pickup > Skoda > Elroq > 60",curated-market-v1,CURATED_REVIEW,,
"Arazi, SUV & Pickup",,Skoda,Elroq,85,MODEL_VARIANT,85,85,"Vasıta > Arazi, SUV & Pickup > Skoda > Elroq > 85",curated-market-v1,CURATED_REVIEW,,
"Arazi, SUV & Pickup",,Skoda,Enyaq,,SERIES,Enyaq,enyaq,"Vasıta > Arazi, SUV & Pickup > Skoda > Enyaq",curated-market-v1,CURATED_REVIEW,,
"Arazi, SUV & Pickup",,Skoda,Enyaq,60,MODEL_VARIANT,60,60,"Vasıta > Arazi, SUV & Pickup > Skoda > Enyaq > 60",curated-market-v1,CURATED_REVIEW,,
"Arazi, SUV & Pickup",,Skoda,Enyaq,80,MODEL_VARIANT,80,80,"Vasıta > Arazi, SUV & Pickup > Skoda > Enyaq > 80",curated-market-v1,CURATED_REVIEW,,
"Arazi, SUV & Pickup",,Skoda,Enyaq,85,MODEL_VARIANT,85,85,"Vasıta > Arazi, SUV & Pickup > Skoda > Enyaq > 85",curated-market-v1,CURATED_REVIEW,,
"Arazi, SUV & Pickup",,Skoda,Enyaq,Coupe RS,MODEL_VARIANT,Coupe RS,coupe-rs,"Vasıta > Arazi, SUV & Pickup > Skoda > Enyaq > Coupe RS",curated-market-v1,CURATED_REVIEW,,
"Arazi, SUV & Pickup",,Skoda,Kamiq,,SERIES,Kamiq,kamiq,"Vasıta > Arazi, SUV & Pickup > Skoda > Kamiq",curated-market-v1,CURATED_REVIEW,,
"Arazi, SUV & Pickup",,Skoda,Kamiq,1.0 TSI Elite,MODEL_VARIANT,1.0 TSI Elite,1-0-tsi-elite,"Vasıta > Arazi, SUV & Pickup > Skoda > Kamiq > 1.0 TSI Elite",curated-market-v1,CURATED_REVIEW,,
"Arazi, SUV & Pickup",,Skoda,Kamiq,1.5 TSI Premium,MODEL_VARIANT,1.5 TSI Premium,1-5-tsi-premium,"Vasıta > Arazi, SUV & Pickup > Skoda > Kamiq > 1.5 TSI Premium",curated-market-v1,CURATED_REVIEW,,
"Arazi, SUV & Pickup",,Skoda,Karoq,,SERIES,Karoq,karoq,"Vasıta > Arazi, SUV & Pickup > Skoda > Karoq",curated-market-v1,CURATED_REVIEW,,
"Arazi, SUV & Pickup",,Skoda,Karoq,1.5 TSI Prestige,MODEL_VARIANT,1.5 TSI Prestige,1-5-tsi-prestige,"Vasıta > Arazi, SUV & Pickup > Skoda > Karoq > 1.5 TSI Prestige",curated-market-v1,CURATED_REVIEW,,
"Arazi, SUV & Pickup",,Skoda,Karoq,2.0 TDI 4x4,MODEL_VARIANT,2.0 TDI 4x4,2-0-tdi-4x4,"Vasıta > Arazi, SUV & Pickup > Skoda > Karoq > 2.0 TDI 4x4",curated-market-v1,CURATED_REVIEW,,
"Arazi, SUV & Pickup",,Skoda,Kodiaq,,SERIES,Kodiaq,kodiaq,"Vasıta > Arazi, SUV & Pickup > Skoda > Kodiaq",curated-market-v1,CURATED_REVIEW,,
"Arazi, SUV & Pickup",,Skoda,Kodiaq,1.5 TSI Prestige,MODEL_VARIANT,1.5 TSI Prestige,1-5-tsi-prestige,"Vasıta > Arazi, SUV & Pickup > Skoda > Kodiaq > 1.5 TSI Prestige",curated-market-v1,CURATED_REVIEW,,
"Arazi, SUV & Pickup",,Skoda,Kodiaq,2.0 TDI L&K,MODEL_VARIANT,2.0 TDI L&K,2-0-tdi-l-k,"Vasıta > Arazi, SUV & Pickup > Skoda > Kodiaq > 2.0 TDI L&K",curated-market-v1,CURATED_REVIEW,,
"Arazi, SUV & Pickup",,Skywell,ET5,,SERIES,ET5,et5,"Vasıta > Arazi, SUV & Pickup > Skywell > ET5",curated-market-v1,CURATED_REVIEW,,
"Arazi, SUV & Pickup",,Skywell,ET5,Long Range,MODEL_VARIANT,Long Range,long-range,"Vasıta > Arazi, SUV & Pickup > Skywell > ET5 > Long Range",curated-market-v1,CURATED_REVIEW,,
"Arazi, SUV & Pickup",,Skywell,ET5,LR Legend,MODEL_VARIANT,LR Legend,lr-legend,"Vasıta > Arazi, SUV & Pickup > Skywell > ET5 > LR Legend",curated-market-v1,CURATED_REVIEW,,
"Arazi, SUV & Pickup",,Subaru,Crosstrek,,SERIES,Crosstrek,crosstrek,"Vasıta > Arazi, SUV & Pickup > Subaru > Crosstrek",curated-market-v1,CURATED_REVIEW,,
"Arazi, SUV & Pickup",,Subaru,Crosstrek,e-Boxer,MODEL_VARIANT,e-Boxer,e-boxer,"Vasıta > Arazi, SUV & Pickup > Subaru > Crosstrek > e-Boxer",curated-market-v1,CURATED_REVIEW,,
"Arazi, SUV & Pickup",,Subaru,Forester,,SERIES,Forester,forester,"Vasıta > Arazi, SUV & Pickup > Subaru > Forester",curated-market-v1,CURATED_REVIEW,,
"Arazi, SUV & Pickup",,Subaru,Forester,2.0i e-Boxer,MODEL_VARIANT,2.0i e-Boxer,2-0i-e-boxer,"Vasıta > Arazi, SUV & Pickup > Subaru > Forester > 2.0i e-Boxer",curated-market-v1,CURATED_REVIEW,,
"Arazi, SUV & Pickup",,Subaru,Forester,2.0 XT,MODEL_VARIANT,2.0 XT,2-0-xt,"Vasıta > Arazi, SUV & Pickup > Subaru > Forester > 2.0 XT",curated-market-v1,CURATED_REVIEW,,
"Arazi, SUV & Pickup",,Subaru,Outback,,SERIES,Outback,outback,"Vasıta > Arazi, SUV & Pickup > Subaru > Outback",curated-market-v1,CURATED_REVIEW,,
"Arazi, SUV & Pickup",,Subaru,Outback,2.5i Touring,MODEL_VARIANT,2.5i Touring,2-5i-touring,"Vasıta > Arazi, SUV & Pickup > Subaru > Outback > 2.5i Touring",curated-market-v1,CURATED_REVIEW,,
"Arazi, SUV & Pickup",,Subaru,Solterra,,SERIES,Solterra,solterra,"Vasıta > Arazi, SUV & Pickup > Subaru > Solterra",curated-market-v1,CURATED_REVIEW,,
"Arazi, SUV & Pickup",,Subaru,Solterra,e-Xtreme,MODEL_VARIANT,e-Xtreme,e-xtreme,"Vasıta > Arazi, SUV & Pickup > Subaru > Solterra > e-Xtreme",curated-market-v1,CURATED_REVIEW,,
"Arazi, SUV & Pickup",,Subaru,Tribeca,,SERIES,Tribeca,tribeca,"Vasıta > Arazi, SUV & Pickup > Subaru > Tribeca",curated-market-v1,CURATED_REVIEW,,
"Arazi, SUV & Pickup",,Subaru,XV,,SERIES,XV,xv,"Vasıta > Arazi, SUV & Pickup > Subaru > XV",curated-market-v1,CURATED_REVIEW,,
"Arazi, SUV & Pickup",,Subaru,XV,1.6i Comfort,MODEL_VARIANT,1.6i Comfort,1-6i-comfort,"Vasıta > Arazi, SUV & Pickup > Subaru > XV > 1.6i Comfort",curated-market-v1,CURATED_REVIEW,,
"Arazi, SUV & Pickup",,Subaru,XV,2.0i Premium,MODEL_VARIANT,2.0i Premium,2-0i-premium,"Vasıta > Arazi, SUV & Pickup > Subaru > XV > 2.0i Premium",curated-market-v1,CURATED_REVIEW,,
"Arazi, SUV & Pickup",,Suzuki,Across,,SERIES,Across,across,"Vasıta > Arazi, SUV & Pickup > Suzuki > Across",curated-market-v1,CURATED_REVIEW,,
"Arazi, SUV & Pickup",,Suzuki,Across,PHEV,MODEL_VARIANT,PHEV,phev,"Vasıta > Arazi, SUV & Pickup > Suzuki > Across > PHEV",curated-market-v1,CURATED_REVIEW,,
"Arazi, SUV & Pickup",,Suzuki,Jimny,,SERIES,Jimny,jimny,"Vasıta > Arazi, SUV & Pickup > Suzuki > Jimny",curated-market-v1,CURATED_REVIEW,,
"Arazi, SUV & Pickup",,Suzuki,Jimny,1.5 GLX,MODEL_VARIANT,1.5 GLX,1-5-glx,"Vasıta > Arazi, SUV & Pickup > Suzuki > Jimny > 1.5 GLX",curated-market-v1,CURATED_REVIEW,,
"Arazi, SUV & Pickup",,Suzuki,S-Cross,,SERIES,S-Cross,s-cross,"Vasıta > Arazi, SUV & Pickup > Suzuki > S-Cross",curated-market-v1,CURATED_REVIEW,,
"Arazi, SUV & Pickup",,Suzuki,S-Cross,1.4 Boosterjet GLX,MODEL_VARIANT,1.4 Boosterjet GLX,1-4-boosterjet-glx,"Vasıta > Arazi, SUV & Pickup > Suzuki > S-Cross > 1.4 Boosterjet GLX",curated-market-v1,CURATED_REVIEW,,
"Arazi, SUV & Pickup",,Suzuki,S-Cross,Hybrid,MODEL_VARIANT,Hybrid,hybrid,"Vasıta > Arazi, SUV & Pickup > Suzuki > S-Cross > Hybrid",curated-market-v1,CURATED_REVIEW,,
"Arazi, SUV & Pickup",,Suzuki,Vitara,,SERIES,Vitara,vitara,"Vasıta > Arazi, SUV & Pickup > Suzuki > Vitara",curated-market-v1,CURATED_REVIEW,,
"Arazi, SUV & Pickup",,Suzuki,Vitara,1.4 Boosterjet GLX,MODEL_VARIANT,1.4 Boosterjet GLX,1-4-boosterjet-glx,"Vasıta > Arazi, SUV & Pickup > Suzuki > Vitara > 1.4 Boosterjet GLX",curated-market-v1,CURATED_REVIEW,,
"Arazi, SUV & Pickup",,Suzuki,Vitara,1.6 GL+,MODEL_VARIANT,1.6 GL+,1-6-gl,"Vasıta > Arazi, SUV & Pickup > Suzuki > Vitara > 1.6 GL+",curated-market-v1,CURATED_REVIEW,,
"Arazi, SUV & Pickup",,SWM,G01,,SERIES,G01,g01,"Vasıta > Arazi, SUV & Pickup > SWM > G01",curated-market-v1,CURATED_REVIEW,,
"Arazi, SUV & Pickup",,SWM,G01,Elite,MODEL_VARIANT,Elite,elite,"Vasıta > Arazi, SUV & Pickup > SWM > G01 > Elite",curated-market-v1,CURATED_REVIEW,,
"Arazi, SUV & Pickup",,SWM,G01,Premium,MODEL_VARIANT,Premium,premium,"Vasıta > Arazi, SUV & Pickup > SWM > G01 > Premium",curated-market-v1,CURATED_REVIEW,,
"Arazi, SUV & Pickup",,SWM,G01F,,SERIES,G01F,g01f,"Vasıta > Arazi, SUV & Pickup > SWM > G01F",curated-market-v1,CURATED_REVIEW,,
"Arazi, SUV & Pickup",,SWM,G03F,,SERIES,G03F,g03f,"Vasıta > Arazi, SUV & Pickup > SWM > G03F",curated-market-v1,CURATED_REVIEW,,
"Arazi, SUV & Pickup",,SWM,G05,,SERIES,G05,g05,"Vasıta > Arazi, SUV & Pickup > SWM > G05",curated-market-v1,CURATED_REVIEW,,
"Arazi, SUV & Pickup",,Tata,Safari,,SERIES,Safari,safari,"Vasıta > Arazi, SUV & Pickup > Tata > Safari",curated-market-v1,CURATED_REVIEW,,
"Arazi, SUV & Pickup",,Tata,Telcoline,,SERIES,Telcoline,telcoline,"Vasıta > Arazi, SUV & Pickup > Tata > Telcoline",curated-market-v1,CURATED_REVIEW,,
"Arazi, SUV & Pickup",,Tata,Xenon,,SERIES,Xenon,xenon,"Vasıta > Arazi, SUV & Pickup > Tata > Xenon",curated-market-v1,CURATED_REVIEW,,
"Arazi, SUV & Pickup",,TOGG,T10X,,SERIES,T10X,t10x,"Vasıta > Arazi, SUV & Pickup > TOGG > T10X",curated-market-v1,CURATED_REVIEW,,
"Arazi, SUV & Pickup",,TOGG,T10X,V1 RWD Standart Menzil,MODEL_VARIANT,V1 RWD Standart Menzil,v1-rwd-standart-menzil,"Vasıta > Arazi, SUV & Pickup > TOGG > T10X > V1 RWD Standart Menzil",curated-market-v1,CURATED_REVIEW,,
"Arazi, SUV & Pickup",,TOGG,T10X,V1 RWD Uzun Menzil,MODEL_VARIANT,V1 RWD Uzun Menzil,v1-rwd-uzun-menzil,"Vasıta > Arazi, SUV & Pickup > TOGG > T10X > V1 RWD Uzun Menzil",curated-market-v1,CURATED_REVIEW,,
"Arazi, SUV & Pickup",,TOGG,T10X,V2 RWD Uzun Menzil,MODEL_VARIANT,V2 RWD Uzun Menzil,v2-rwd-uzun-menzil,"Vasıta > Arazi, SUV & Pickup > TOGG > T10X > V2 RWD Uzun Menzil",curated-market-v1,CURATED_REVIEW,,
"Arazi, SUV & Pickup",,Toyota,C-HR,,SERIES,C-HR,c-hr,"Vasıta > Arazi, SUV & Pickup > Toyota > C-HR",curated-market-v1,CURATED_REVIEW,,
"Arazi, SUV & Pickup",,Toyota,C-HR,1.2 Turbo Advance,MODEL_VARIANT,1.2 Turbo Advance,1-2-turbo-advance,"Vasıta > Arazi, SUV & Pickup > Toyota > C-HR > 1.2 Turbo Advance",curated-market-v1,CURATED_REVIEW,,
"Arazi, SUV & Pickup",,Toyota,C-HR,1.8 Hybrid Passion,MODEL_VARIANT,1.8 Hybrid Passion,1-8-hybrid-passion,"Vasıta > Arazi, SUV & Pickup > Toyota > C-HR > 1.8 Hybrid Passion",curated-market-v1,CURATED_REVIEW,,
"Arazi, SUV & Pickup",,Toyota,C-HR,2.0 Hybrid GR Sport,MODEL_VARIANT,2.0 Hybrid GR Sport,2-0-hybrid-gr-sport,"Vasıta > Arazi, SUV & Pickup > Toyota > C-HR > 2.0 Hybrid GR Sport",curated-market-v1,CURATED_REVIEW,,
"Arazi, SUV & Pickup",,Toyota,Highlander,,SERIES,Highlander,highlander,"Vasıta > Arazi, SUV & Pickup > Toyota > Highlander",curated-market-v1,CURATED_REVIEW,,
"Arazi, SUV & Pickup",,Toyota,Highlander,2.5 Hybrid,MODEL_VARIANT,2.5 Hybrid,2-5-hybrid,"Vasıta > Arazi, SUV & Pickup > Toyota > Highlander > 2.5 Hybrid",curated-market-v1,CURATED_REVIEW,,
"Arazi, SUV & Pickup",,Toyota,Hilux,,SERIES,Hilux,hilux,"Vasıta > Arazi, SUV & Pickup > Toyota > Hilux",curated-market-v1,CURATED_REVIEW,,
"Arazi, SUV & Pickup",,Toyota,Hilux,2.4 D-4D Adventure,MODEL_VARIANT,2.4 D-4D Adventure,2-4-d-4d-adventure,"Vasıta > Arazi, SUV & Pickup > Toyota > Hilux > 2.4 D-4D Adventure",curated-market-v1,CURATED_REVIEW,,
"Arazi, SUV & Pickup",,Toyota,Hilux,2.4 D-4D Hi-Cruiser,MODEL_VARIANT,2.4 D-4D Hi-Cruiser,2-4-d-4d-hi-cruiser,"Vasıta > Arazi, SUV & Pickup > Toyota > Hilux > 2.4 D-4D Hi-Cruiser",curated-market-v1,CURATED_REVIEW,,
"Arazi, SUV & Pickup",,Toyota,Land Cruiser,,SERIES,Land Cruiser,land-cruiser,"Vasıta > Arazi, SUV & Pickup > Toyota > Land Cruiser",curated-market-v1,CURATED_REVIEW,,
"Arazi, SUV & Pickup",,Toyota,Land Cruiser,Prado,MODEL_VARIANT,Prado,prado,"Vasıta > Arazi, SUV & Pickup > Toyota > Land Cruiser > Prado",curated-market-v1,CURATED_REVIEW,,
"Arazi, SUV & Pickup",,Toyota,Land Cruiser,250,MODEL_VARIANT,250,250,"Vasıta > Arazi, SUV & Pickup > Toyota > Land Cruiser > 250",curated-market-v1,CURATED_REVIEW,,
"Arazi, SUV & Pickup",,Toyota,Land Cruiser,300,MODEL_VARIANT,300,300,"Vasıta > Arazi, SUV & Pickup > Toyota > Land Cruiser > 300",curated-market-v1,CURATED_REVIEW,,
"Arazi, SUV & Pickup",,Toyota,RAV4,,SERIES,RAV4,rav4,"Vasıta > Arazi, SUV & Pickup > Toyota > RAV4",curated-market-v1,CURATED_REVIEW,,
"Arazi, SUV & Pickup",,Toyota,RAV4,2.0 Adventure,MODEL_VARIANT,2.0 Adventure,2-0-adventure,"Vasıta > Arazi, SUV & Pickup > Toyota > RAV4 > 2.0 Adventure",curated-market-v1,CURATED_REVIEW,,
"Arazi, SUV & Pickup",,Toyota,RAV4,2.5 Hybrid Passion X-Sport,MODEL_VARIANT,2.5 Hybrid Passion X-Sport,2-5-hybrid-passion-x-sport,"Vasıta > Arazi, SUV & Pickup > Toyota > RAV4 > 2.5 Hybrid Passion X-Sport",curated-market-v1,CURATED_REVIEW,,
"Arazi, SUV & Pickup",,Toyota,Yaris Cross,,SERIES,Yaris Cross,yaris-cross,"Vasıta > Arazi, SUV & Pickup > Toyota > Yaris Cross",curated-market-v1,CURATED_REVIEW,,
"Arazi, SUV & Pickup",,Toyota,Yaris Cross,1.5 Hybrid Dream,MODEL_VARIANT,1.5 Hybrid Dream,1-5-hybrid-dream,"Vasıta > Arazi, SUV & Pickup > Toyota > Yaris Cross > 1.5 Hybrid Dream",curated-market-v1,CURATED_REVIEW,,
"Arazi, SUV & Pickup",,Toyota,Yaris Cross,1.5 Hybrid Flame,MODEL_VARIANT,1.5 Hybrid Flame,1-5-hybrid-flame,"Vasıta > Arazi, SUV & Pickup > Toyota > Yaris Cross > 1.5 Hybrid Flame",curated-market-v1,CURATED_REVIEW,,
"Arazi, SUV & Pickup",,Volkswagen,Amarok,,SERIES,Amarok,amarok,"Vasıta > Arazi, SUV & Pickup > Volkswagen > Amarok",curated-market-v1,CURATED_REVIEW,,
"Arazi, SUV & Pickup",,Volkswagen,Amarok,2.0 TDI Life,MODEL_VARIANT,2.0 TDI Life,2-0-tdi-life,"Vasıta > Arazi, SUV & Pickup > Volkswagen > Amarok > 2.0 TDI Life",curated-market-v1,CURATED_REVIEW,,
"Arazi, SUV & Pickup",,Volkswagen,Amarok,3.0 V6 Aventura,MODEL_VARIANT,3.0 V6 Aventura,3-0-v6-aventura,"Vasıta > Arazi, SUV & Pickup > Volkswagen > Amarok > 3.0 V6 Aventura",curated-market-v1,CURATED_REVIEW,,
"Arazi, SUV & Pickup",,Volkswagen,ID.4,,SERIES,ID.4,id-4,"Vasıta > Arazi, SUV & Pickup > Volkswagen > ID.4",curated-market-v1,CURATED_REVIEW,,
"Arazi, SUV & Pickup",,Volkswagen,ID.4,Pure,MODEL_VARIANT,Pure,pure,"Vasıta > Arazi, SUV & Pickup > Volkswagen > ID.4 > Pure",curated-market-v1,CURATED_REVIEW,,
"Arazi, SUV & Pickup",,Volkswagen,ID.4,Pro,MODEL_VARIANT,Pro,pro,"Vasıta > Arazi, SUV & Pickup > Volkswagen > ID.4 > Pro",curated-market-v1,CURATED_REVIEW,,
"Arazi, SUV & Pickup",,Volkswagen,ID.4,GTX,MODEL_VARIANT,GTX,gtx,"Vasıta > Arazi, SUV & Pickup > Volkswagen > ID.4 > GTX",curated-market-v1,CURATED_REVIEW,,
"Arazi, SUV & Pickup",,Volkswagen,ID.5,,SERIES,ID.5,id-5,"Vasıta > Arazi, SUV & Pickup > Volkswagen > ID.5",curated-market-v1,CURATED_REVIEW,,
"Arazi, SUV & Pickup",,Volkswagen,ID.5,Pro,MODEL_VARIANT,Pro,pro,"Vasıta > Arazi, SUV & Pickup > Volkswagen > ID.5 > Pro",curated-market-v1,CURATED_REVIEW,,
"Arazi, SUV & Pickup",,Volkswagen,ID.5,GTX,MODEL_VARIANT,GTX,gtx,"Vasıta > Arazi, SUV & Pickup > Volkswagen > ID.5 > GTX",curated-market-v1,CURATED_REVIEW,,
"Arazi, SUV & Pickup",,Volkswagen,T-Cross,,SERIES,T-Cross,t-cross,"Vasıta > Arazi, SUV & Pickup > Volkswagen > T-Cross",curated-market-v1,CURATED_REVIEW,,
"Arazi, SUV & Pickup",,Volkswagen,T-Cross,1.0 TSI Life,MODEL_VARIANT,1.0 TSI Life,1-0-tsi-life,"Vasıta > Arazi, SUV & Pickup > Volkswagen > T-Cross > 1.0 TSI Life",curated-market-v1,CURATED_REVIEW,,
"Arazi, SUV & Pickup",,Volkswagen,T-Cross,1.0 TSI Style,MODEL_VARIANT,1.0 TSI Style,1-0-tsi-style,"Vasıta > Arazi, SUV & Pickup > Volkswagen > T-Cross > 1.0 TSI Style",curated-market-v1,CURATED_REVIEW,,
"Arazi, SUV & Pickup",,Volkswagen,T-Roc,,SERIES,T-Roc,t-roc,"Vasıta > Arazi, SUV & Pickup > Volkswagen > T-Roc",curated-market-v1,CURATED_REVIEW,,
"Arazi, SUV & Pickup",,Volkswagen,T-Roc,1.0 TSI Life,MODEL_VARIANT,1.0 TSI Life,1-0-tsi-life,"Vasıta > Arazi, SUV & Pickup > Volkswagen > T-Roc > 1.0 TSI Life",curated-market-v1,CURATED_REVIEW,,
"Arazi, SUV & Pickup",,Volkswagen,T-Roc,1.5 TSI R-Line,MODEL_VARIANT,1.5 TSI R-Line,1-5-tsi-r-line,"Vasıta > Arazi, SUV & Pickup > Volkswagen > T-Roc > 1.5 TSI R-Line",curated-market-v1,CURATED_REVIEW,,
"Arazi, SUV & Pickup",,Volkswagen,Taigo,,SERIES,Taigo,taigo,"Vasıta > Arazi, SUV & Pickup > Volkswagen > Taigo",curated-market-v1,CURATED_REVIEW,,
"Arazi, SUV & Pickup",,Volkswagen,Taigo,1.0 TSI Life,MODEL_VARIANT,1.0 TSI Life,1-0-tsi-life,"Vasıta > Arazi, SUV & Pickup > Volkswagen > Taigo > 1.0 TSI Life",curated-market-v1,CURATED_REVIEW,,
"Arazi, SUV & Pickup",,Volkswagen,Taigo,1.5 TSI Style,MODEL_VARIANT,1.5 TSI Style,1-5-tsi-style,"Vasıta > Arazi, SUV & Pickup > Volkswagen > Taigo > 1.5 TSI Style",curated-market-v1,CURATED_REVIEW,,
"Arazi, SUV & Pickup",,Volkswagen,Tiguan,,SERIES,Tiguan,tiguan,"Vasıta > Arazi, SUV & Pickup > Volkswagen > Tiguan",curated-market-v1,CURATED_REVIEW,,
"Arazi, SUV & Pickup",,Volkswagen,Tiguan,1.5 eTSI Life,MODEL_VARIANT,1.5 eTSI Life,1-5-etsi-life,"Vasıta > Arazi, SUV & Pickup > Volkswagen > Tiguan > 1.5 eTSI Life",curated-market-v1,CURATED_REVIEW,,
"Arazi, SUV & Pickup",,Volkswagen,Tiguan,2.0 TDI Elegance,MODEL_VARIANT,2.0 TDI Elegance,2-0-tdi-elegance,"Vasıta > Arazi, SUV & Pickup > Volkswagen > Tiguan > 2.0 TDI Elegance",curated-market-v1,CURATED_REVIEW,,
"Arazi, SUV & Pickup",,Volkswagen,Touareg,,SERIES,Touareg,touareg,"Vasıta > Arazi, SUV & Pickup > Volkswagen > Touareg",curated-market-v1,CURATED_REVIEW,,
"Arazi, SUV & Pickup",,Volkswagen,Touareg,3.0 TDI Elegance,MODEL_VARIANT,3.0 TDI Elegance,3-0-tdi-elegance,"Vasıta > Arazi, SUV & Pickup > Volkswagen > Touareg > 3.0 TDI Elegance",curated-market-v1,CURATED_REVIEW,,
"Arazi, SUV & Pickup",,Volkswagen,Touareg,R eHybrid,MODEL_VARIANT,R eHybrid,r-ehybrid,"Vasıta > Arazi, SUV & Pickup > Volkswagen > Touareg > R eHybrid",curated-market-v1,CURATED_REVIEW,,
"Arazi, SUV & Pickup",,Volvo,C40 Recharge,,SERIES,C40 Recharge,c40-recharge,"Vasıta > Arazi, SUV & Pickup > Volvo > C40 Recharge",curated-market-v1,CURATED_REVIEW,,
"Arazi, SUV & Pickup",,Volvo,C40 Recharge,Single Motor,MODEL_VARIANT,Single Motor,single-motor,"Vasıta > Arazi, SUV & Pickup > Volvo > C40 Recharge > Single Motor",curated-market-v1,CURATED_REVIEW,,
"Arazi, SUV & Pickup",,Volvo,C40 Recharge,Twin Motor,MODEL_VARIANT,Twin Motor,twin-motor,"Vasıta > Arazi, SUV & Pickup > Volvo > C40 Recharge > Twin Motor",curated-market-v1,CURATED_REVIEW,,
"Arazi, SUV & Pickup",,Volvo,EX30,,SERIES,EX30,ex30,"Vasıta > Arazi, SUV & Pickup > Volvo > EX30",curated-market-v1,CURATED_REVIEW,,
"Arazi, SUV & Pickup",,Volvo,EX30,Single Motor Extended Range,MODEL_VARIANT,Single Motor Extended Range,single-motor-extended-range,"Vasıta > Arazi, SUV & Pickup > Volvo > EX30 > Single Motor Extended Range",curated-market-v1,CURATED_REVIEW,,
"Arazi, SUV & Pickup",,Volvo,EX30,Twin Motor Performance,MODEL_VARIANT,Twin Motor Performance,twin-motor-performance,"Vasıta > Arazi, SUV & Pickup > Volvo > EX30 > Twin Motor Performance",curated-market-v1,CURATED_REVIEW,,
"Arazi, SUV & Pickup",,Volvo,EX40,,SERIES,EX40,ex40,"Vasıta > Arazi, SUV & Pickup > Volvo > EX40",curated-market-v1,CURATED_REVIEW,,
"Arazi, SUV & Pickup",,Volvo,EX90,,SERIES,EX90,ex90,"Vasıta > Arazi, SUV & Pickup > Volvo > EX90",curated-market-v1,CURATED_REVIEW,,
"Arazi, SUV & Pickup",,Volvo,XC40,,SERIES,XC40,xc40,"Vasıta > Arazi, SUV & Pickup > Volvo > XC40",curated-market-v1,CURATED_REVIEW,,
"Arazi, SUV & Pickup",,Volvo,XC40,T3 Momentum,MODEL_VARIANT,T3 Momentum,t3-momentum,"Vasıta > Arazi, SUV & Pickup > Volvo > XC40 > T3 Momentum",curated-market-v1,CURATED_REVIEW,,
"Arazi, SUV & Pickup",,Volvo,XC40,B4 Mild Hybrid,MODEL_VARIANT,B4 Mild Hybrid,b4-mild-hybrid,"Vasıta > Arazi, SUV & Pickup > Volvo > XC40 > B4 Mild Hybrid",curated-market-v1,CURATED_REVIEW,,
"Arazi, SUV & Pickup",,Volvo,XC40,Recharge,MODEL_VARIANT,Recharge,recharge,"Vasıta > Arazi, SUV & Pickup > Volvo > XC40 > Recharge",curated-market-v1,CURATED_REVIEW,,
"Arazi, SUV & Pickup",,Volvo,XC60,,SERIES,XC60,xc60,"Vasıta > Arazi, SUV & Pickup > Volvo > XC60",curated-market-v1,CURATED_REVIEW,,
"Arazi, SUV & Pickup",,Volvo,XC60,B4 Plus,MODEL_VARIANT,B4 Plus,b4-plus,"Vasıta > Arazi, SUV & Pickup > Volvo > XC60 > B4 Plus",curated-market-v1,CURATED_REVIEW,,
"Arazi, SUV & Pickup",,Volvo,XC60,D4 Inscription,MODEL_VARIANT,D4 Inscription,d4-inscription,"Vasıta > Arazi, SUV & Pickup > Volvo > XC60 > D4 Inscription",curated-market-v1,CURATED_REVIEW,,
"Arazi, SUV & Pickup",,Volvo,XC60,T8 Recharge,MODEL_VARIANT,T8 Recharge,t8-recharge,"Vasıta > Arazi, SUV & Pickup > Volvo > XC60 > T8 Recharge",curated-market-v1,CURATED_REVIEW,,
"Arazi, SUV & Pickup",,Volvo,XC90,,SERIES,XC90,xc90,"Vasıta > Arazi, SUV & Pickup > Volvo > XC90",curated-market-v1,CURATED_REVIEW,,
"Arazi, SUV & Pickup",,Volvo,XC90,B5 Plus,MODEL_VARIANT,B5 Plus,b5-plus,"Vasıta > Arazi, SUV & Pickup > Volvo > XC90 > B5 Plus",curated-market-v1,CURATED_REVIEW,,
"Arazi, SUV & Pickup",,Volvo,XC90,D5 Inscription,MODEL_VARIANT,D5 Inscription,d5-inscription,"Vasıta > Arazi, SUV & Pickup > Volvo > XC90 > D5 Inscription",curated-market-v1,CURATED_REVIEW,,
"Arazi, SUV & Pickup",,Volvo,XC90,T8 Recharge,MODEL_VARIANT,T8 Recharge,t8-recharge,"Vasıta > Arazi, SUV & Pickup > Volvo > XC90 > T8 Recharge",curated-market-v1,CURATED_REVIEW,,
"Arazi, SUV & Pickup",,Voyah,Dream,,SERIES,Dream,dream,"Vasıta > Arazi, SUV & Pickup > Voyah > Dream",curated-market-v1,CURATED_REVIEW,,
"Arazi, SUV & Pickup",,Voyah,Free,,SERIES,Free,free,"Vasıta > Arazi, SUV & Pickup > Voyah > Free",curated-market-v1,CURATED_REVIEW,,
"Arazi, SUV & Pickup",,Voyah,Free,Standard,MODEL_VARIANT,Standard,standard,"Vasıta > Arazi, SUV & Pickup > Voyah > Free > Standard",curated-market-v1,CURATED_REVIEW,,
"Arazi, SUV & Pickup",,Voyah,Free,Long Range,MODEL_VARIANT,Long Range,long-range,"Vasıta > Arazi, SUV & Pickup > Voyah > Free > Long Range",curated-market-v1,CURATED_REVIEW,,
"Arazi, SUV & Pickup",,Voyah,Passion,,SERIES,Passion,passion,"Vasıta > Arazi, SUV & Pickup > Voyah > Passion",curated-market-v1,CURATED_REVIEW,,
Elektrikli Araçlar,,Aion,ES,,SERIES,ES,es,Vasıta > Elektrikli Araçlar > Aion > ES,curated-market-v1,CURATED_REVIEW,,
Elektrikli Araçlar,,Aion,Hyper GT,,SERIES,Hyper GT,hyper-gt,Vasıta > Elektrikli Araçlar > Aion > Hyper GT,curated-market-v1,CURATED_REVIEW,,
Elektrikli Araçlar,,Aion,S,,SERIES,S,s,Vasıta > Elektrikli Araçlar > Aion > S,curated-market-v1,CURATED_REVIEW,,
Elektrikli Araçlar,,Aion,Y Plus,,SERIES,Y Plus,y-plus,Vasıta > Elektrikli Araçlar > Aion > Y Plus,curated-market-v1,CURATED_REVIEW,,
Elektrikli Araçlar,,Audi,A6 e-tron,,SERIES,A6 e-tron,a6-e-tron,Vasıta > Elektrikli Araçlar > Audi > A6 e-tron,curated-market-v1,CURATED_REVIEW,,
Elektrikli Araçlar,,Audi,e-tron GT,,SERIES,e-tron GT,e-tron-gt,Vasıta > Elektrikli Araçlar > Audi > e-tron GT,curated-market-v1,CURATED_REVIEW,,
Elektrikli Araçlar,,Audi,Q4 e-tron,,SERIES,Q4 e-tron,q4-e-tron,Vasıta > Elektrikli Araçlar > Audi > Q4 e-tron,curated-market-v1,CURATED_REVIEW,,
Elektrikli Araçlar,,Audi,Q6 e-tron,,SERIES,Q6 e-tron,q6-e-tron,Vasıta > Elektrikli Araçlar > Audi > Q6 e-tron,curated-market-v1,CURATED_REVIEW,,
Elektrikli Araçlar,,Audi,Q8 e-tron,,SERIES,Q8 e-tron,q8-e-tron,Vasıta > Elektrikli Araçlar > Audi > Q8 e-tron,curated-market-v1,CURATED_REVIEW,,
Elektrikli Araçlar,,BMW,i3,,SERIES,i3,i3,Vasıta > Elektrikli Araçlar > BMW > i3,curated-market-v1,CURATED_REVIEW,,
Elektrikli Araçlar,,BMW,i4,,SERIES,i4,i4,Vasıta > Elektrikli Araçlar > BMW > i4,curated-market-v1,CURATED_REVIEW,,
Elektrikli Araçlar,,BMW,i5,,SERIES,i5,i5,Vasıta > Elektrikli Araçlar > BMW > i5,curated-market-v1,CURATED_REVIEW,,
Elektrikli Araçlar,,BMW,i7,,SERIES,i7,i7,Vasıta > Elektrikli Araçlar > BMW > i7,curated-market-v1,CURATED_REVIEW,,
Elektrikli Araçlar,,BMW,iX,,SERIES,iX,ix,Vasıta > Elektrikli Araçlar > BMW > iX,curated-market-v1,CURATED_REVIEW,,
Elektrikli Araçlar,,BMW,iX1,,SERIES,iX1,ix1,Vasıta > Elektrikli Araçlar > BMW > iX1,curated-market-v1,CURATED_REVIEW,,
Elektrikli Araçlar,,BMW,iX2,,SERIES,iX2,ix2,Vasıta > Elektrikli Araçlar > BMW > iX2,curated-market-v1,CURATED_REVIEW,,
Elektrikli Araçlar,,BMW,iX3,,SERIES,iX3,ix3,Vasıta > Elektrikli Araçlar > BMW > iX3,curated-market-v1,CURATED_REVIEW,,
Elektrikli Araçlar,,BYD,Atto 3,,SERIES,Atto 3,atto-3,Vasıta > Elektrikli Araçlar > BYD > Atto 3,curated-market-v1,CURATED_REVIEW,,
Elektrikli Araçlar,,BYD,Dolphin,,SERIES,Dolphin,dolphin,Vasıta > Elektrikli Araçlar > BYD > Dolphin,curated-market-v1,CURATED_REVIEW,,
Elektrikli Araçlar,,BYD,Han,,SERIES,Han,han,Vasıta > Elektrikli Araçlar > BYD > Han,curated-market-v1,CURATED_REVIEW,,
Elektrikli Araçlar,,BYD,Seal,,SERIES,Seal,seal,Vasıta > Elektrikli Araçlar > BYD > Seal,curated-market-v1,CURATED_REVIEW,,
Elektrikli Araçlar,,BYD,Seal U,,SERIES,Seal U,seal-u,Vasıta > Elektrikli Araçlar > BYD > Seal U,curated-market-v1,CURATED_REVIEW,,
Elektrikli Araçlar,,BYD,Tang,,SERIES,Tang,tang,Vasıta > Elektrikli Araçlar > BYD > Tang,curated-market-v1,CURATED_REVIEW,,
Elektrikli Araçlar,,Citroen,Ami,,SERIES,Ami,ami,Vasıta > Elektrikli Araçlar > Citroen > Ami,curated-market-v1,CURATED_REVIEW,,
Elektrikli Araçlar,,Citroen,e-Berlingo,,SERIES,e-Berlingo,e-berlingo,Vasıta > Elektrikli Araçlar > Citroen > e-Berlingo,curated-market-v1,CURATED_REVIEW,,
Elektrikli Araçlar,,Citroen,e-C3,,SERIES,e-C3,e-c3,Vasıta > Elektrikli Araçlar > Citroen > e-C3,curated-market-v1,CURATED_REVIEW,,
Elektrikli Araçlar,,Citroen,e-C4,,SERIES,e-C4,e-c4,Vasıta > Elektrikli Araçlar > Citroen > e-C4,curated-market-v1,CURATED_REVIEW,,
Elektrikli Araçlar,,Citroen,e-C4 X,,SERIES,e-C4 X,e-c4-x,Vasıta > Elektrikli Araçlar > Citroen > e-C4 X,curated-market-v1,CURATED_REVIEW,,
Elektrikli Araçlar,,Cupra,Born,,SERIES,Born,born,Vasıta > Elektrikli Araçlar > Cupra > Born,curated-market-v1,CURATED_REVIEW,,
Elektrikli Araçlar,,Cupra,Tavascan,,SERIES,Tavascan,tavascan,Vasıta > Elektrikli Araçlar > Cupra > Tavascan,curated-market-v1,CURATED_REVIEW,,
Elektrikli Araçlar,,DS Automobiles,DS 3 E-Tense,,SERIES,DS 3 E-Tense,ds-3-e-tense,Vasıta > Elektrikli Araçlar > DS Automobiles > DS 3 E-Tense,curated-market-v1,CURATED_REVIEW,,
Elektrikli Araçlar,,DS Automobiles,DS 4 E-Tense,,SERIES,DS 4 E-Tense,ds-4-e-tense,Vasıta > Elektrikli Araçlar > DS Automobiles > DS 4 E-Tense,curated-market-v1,CURATED_REVIEW,,
Elektrikli Araçlar,,Fiat,500e,,SERIES,500e,500e,Vasıta > Elektrikli Araçlar > Fiat > 500e,curated-market-v1,CURATED_REVIEW,,
Elektrikli Araçlar,,Fiat,600e,,SERIES,600e,600e,Vasıta > Elektrikli Araçlar > Fiat > 600e,curated-market-v1,CURATED_REVIEW,,
Elektrikli Araçlar,,Fiat,E-Doblo,,SERIES,E-Doblo,e-doblo,Vasıta > Elektrikli Araçlar > Fiat > E-Doblo,curated-market-v1,CURATED_REVIEW,,
Elektrikli Araçlar,,Fiat,E-Ducato,,SERIES,E-Ducato,e-ducato,Vasıta > Elektrikli Araçlar > Fiat > E-Ducato,curated-market-v1,CURATED_REVIEW,,
Elektrikli Araçlar,,Fiat,Topolino,,SERIES,Topolino,topolino,Vasıta > Elektrikli Araçlar > Fiat > Topolino,curated-market-v1,CURATED_REVIEW,,
Elektrikli Araçlar,,Ford,Capri EV,,SERIES,Capri EV,capri-ev,Vasıta > Elektrikli Araçlar > Ford > Capri EV,curated-market-v1,CURATED_REVIEW,,
Elektrikli Araçlar,,Ford,E-Transit,,SERIES,E-Transit,e-transit,Vasıta > Elektrikli Araçlar > Ford > E-Transit,curated-market-v1,CURATED_REVIEW,,
Elektrikli Araçlar,,Ford,E-Transit Courier,,SERIES,E-Transit Courier,e-transit-courier,Vasıta > Elektrikli Araçlar > Ford > E-Transit Courier,curated-market-v1,CURATED_REVIEW,,
Elektrikli Araçlar,,Ford,Explorer EV,,SERIES,Explorer EV,explorer-ev,Vasıta > Elektrikli Araçlar > Ford > Explorer EV,curated-market-v1,CURATED_REVIEW,,
Elektrikli Araçlar,,Ford,Mustang Mach-E,,SERIES,Mustang Mach-E,mustang-mach-e,Vasıta > Elektrikli Araçlar > Ford > Mustang Mach-E,curated-market-v1,CURATED_REVIEW,,
Elektrikli Araçlar,,Honda,e:Ny1,,SERIES,e:Ny1,e-ny1,Vasıta > Elektrikli Araçlar > Honda > e:Ny1,curated-market-v1,CURATED_REVIEW,,
Elektrikli Araçlar,,Honda,Honda e,,SERIES,Honda e,honda-e,Vasıta > Elektrikli Araçlar > Honda > Honda e,curated-market-v1,CURATED_REVIEW,,
Elektrikli Araçlar,,Hyundai,Inster,,SERIES,Inster,inster,Vasıta > Elektrikli Araçlar > Hyundai > Inster,curated-market-v1,CURATED_REVIEW,,
Elektrikli Araçlar,,Hyundai,Ioniq 5,,SERIES,Ioniq 5,ioniq-5,Vasıta > Elektrikli Araçlar > Hyundai > Ioniq 5,curated-market-v1,CURATED_REVIEW,,
Elektrikli Araçlar,,Hyundai,Ioniq 6,,SERIES,Ioniq 6,ioniq-6,Vasıta > Elektrikli Araçlar > Hyundai > Ioniq 6,curated-market-v1,CURATED_REVIEW,,
Elektrikli Araçlar,,Hyundai,Kona Electric,,SERIES,Kona Electric,kona-electric,Vasıta > Elektrikli Araçlar > Hyundai > Kona Electric,curated-market-v1,CURATED_REVIEW,,
Elektrikli Araçlar,,Jaguar,I-Pace,,SERIES,I-Pace,i-pace,Vasıta > Elektrikli Araçlar > Jaguar > I-Pace,curated-market-v1,CURATED_REVIEW,,
Elektrikli Araçlar,,Jeep,Avenger Electric,,SERIES,Avenger Electric,avenger-electric,Vasıta > Elektrikli Araçlar > Jeep > Avenger Electric,curated-market-v1,CURATED_REVIEW,,
Elektrikli Araçlar,,Kia,EV3,,SERIES,EV3,ev3,Vasıta > Elektrikli Araçlar > Kia > EV3,curated-market-v1,CURATED_REVIEW,,
Elektrikli Araçlar,,Kia,EV5,,SERIES,EV5,ev5,Vasıta > Elektrikli Araçlar > Kia > EV5,curated-market-v1,CURATED_REVIEW,,
Elektrikli Araçlar,,Kia,EV6,,SERIES,EV6,ev6,Vasıta > Elektrikli Araçlar > Kia > EV6,curated-market-v1,CURATED_REVIEW,,
Elektrikli Araçlar,,Kia,EV9,,SERIES,EV9,ev9,Vasıta > Elektrikli Araçlar > Kia > EV9,curated-market-v1,CURATED_REVIEW,,
Elektrikli Araçlar,,Kia,Niro EV,,SERIES,Niro EV,niro-ev,Vasıta > Elektrikli Araçlar > Kia > Niro EV,curated-market-v1,CURATED_REVIEW,,
Elektrikli Araçlar,,Leapmotor,C10,,SERIES,C10,c10,Vasıta > Elektrikli Araçlar > Leapmotor > C10,curated-market-v1,CURATED_REVIEW,,
Elektrikli Araçlar,,Leapmotor,C11,,SERIES,C11,c11,Vasıta > Elektrikli Araçlar > Leapmotor > C11,curated-market-v1,CURATED_REVIEW,,
Elektrikli Araçlar,,Leapmotor,T03,,SERIES,T03,t03,Vasıta > Elektrikli Araçlar > Leapmotor > T03,curated-market-v1,CURATED_REVIEW,,
Elektrikli Araçlar,,Lexus,RZ,,SERIES,RZ,rz,Vasıta > Elektrikli Araçlar > Lexus > RZ,curated-market-v1,CURATED_REVIEW,,
Elektrikli Araçlar,,Lexus,UX 300e,,SERIES,UX 300e,ux-300e,Vasıta > Elektrikli Araçlar > Lexus > UX 300e,curated-market-v1,CURATED_REVIEW,,
Elektrikli Araçlar,,Mercedes-Benz,EQA,,SERIES,EQA,eqa,Vasıta > Elektrikli Araçlar > Mercedes-Benz > EQA,curated-market-v1,CURATED_REVIEW,,
Elektrikli Araçlar,,Mercedes-Benz,EQB,,SERIES,EQB,eqb,Vasıta > Elektrikli Araçlar > Mercedes-Benz > EQB,curated-market-v1,CURATED_REVIEW,,
Elektrikli Araçlar,,Mercedes-Benz,EQC,,SERIES,EQC,eqc,Vasıta > Elektrikli Araçlar > Mercedes-Benz > EQC,curated-market-v1,CURATED_REVIEW,,
Elektrikli Araçlar,,Mercedes-Benz,EQE,,SERIES,EQE,eqe,Vasıta > Elektrikli Araçlar > Mercedes-Benz > EQE,curated-market-v1,CURATED_REVIEW,,
Elektrikli Araçlar,,Mercedes-Benz,EQE SUV,,SERIES,EQE SUV,eqe-suv,Vasıta > Elektrikli Araçlar > Mercedes-Benz > EQE SUV,curated-market-v1,CURATED_REVIEW,,
Elektrikli Araçlar,,Mercedes-Benz,EQS,,SERIES,EQS,eqs,Vasıta > Elektrikli Araçlar > Mercedes-Benz > EQS,curated-market-v1,CURATED_REVIEW,,
Elektrikli Araçlar,,Mercedes-Benz,EQS SUV,,SERIES,EQS SUV,eqs-suv,Vasıta > Elektrikli Araçlar > Mercedes-Benz > EQS SUV,curated-market-v1,CURATED_REVIEW,,
Elektrikli Araçlar,,Mercedes-Benz,G 580 EQ,,SERIES,G 580 EQ,g-580-eq,Vasıta > Elektrikli Araçlar > Mercedes-Benz > G 580 EQ,curated-market-v1,CURATED_REVIEW,,
Elektrikli Araçlar,,MG,Marvel R,,SERIES,Marvel R,marvel-r,Vasıta > Elektrikli Araçlar > MG > Marvel R,curated-market-v1,CURATED_REVIEW,,
Elektrikli Araçlar,,MG,MG4,,SERIES,MG4,mg4,Vasıta > Elektrikli Araçlar > MG > MG4,curated-market-v1,CURATED_REVIEW,,
Elektrikli Araçlar,,MG,MG5 Electric,,SERIES,MG5 Electric,mg5-electric,Vasıta > Elektrikli Araçlar > MG > MG5 Electric,curated-market-v1,CURATED_REVIEW,,
Elektrikli Araçlar,,MG,ZS EV,,SERIES,ZS EV,zs-ev,Vasıta > Elektrikli Araçlar > MG > ZS EV,curated-market-v1,CURATED_REVIEW,,
Elektrikli Araçlar,,Mini,Aceman,,SERIES,Aceman,aceman,Vasıta > Elektrikli Araçlar > Mini > Aceman,curated-market-v1,CURATED_REVIEW,,
Elektrikli Araçlar,,Mini,Cooper Electric,,SERIES,Cooper Electric,cooper-electric,Vasıta > Elektrikli Araçlar > Mini > Cooper Electric,curated-market-v1,CURATED_REVIEW,,
Elektrikli Araçlar,,Mini,Countryman Electric,,SERIES,Countryman Electric,countryman-electric,Vasıta > Elektrikli Araçlar > Mini > Countryman Electric,curated-market-v1,CURATED_REVIEW,,
Elektrikli Araçlar,,Nissan,Ariya,,SERIES,Ariya,ariya,Vasıta > Elektrikli Araçlar > Nissan > Ariya,curated-market-v1,CURATED_REVIEW,,
Elektrikli Araçlar,,Nissan,Leaf,,SERIES,Leaf,leaf,Vasıta > Elektrikli Araçlar > Nissan > Leaf,curated-market-v1,CURATED_REVIEW,,
Elektrikli Araçlar,,Nissan,Townstar EV,,SERIES,Townstar EV,townstar-ev,Vasıta > Elektrikli Araçlar > Nissan > Townstar EV,curated-market-v1,CURATED_REVIEW,,
Elektrikli Araçlar,,Opel,Astra Electric,,SERIES,Astra Electric,astra-electric,Vasıta > Elektrikli Araçlar > Opel > Astra Electric,curated-market-v1,CURATED_REVIEW,,
Elektrikli Araçlar,,Opel,Combo Electric,,SERIES,Combo Electric,combo-electric,Vasıta > Elektrikli Araçlar > Opel > Combo Electric,curated-market-v1,CURATED_REVIEW,,
Elektrikli Araçlar,,Opel,Corsa Electric,,SERIES,Corsa Electric,corsa-electric,Vasıta > Elektrikli Araçlar > Opel > Corsa Electric,curated-market-v1,CURATED_REVIEW,,
Elektrikli Araçlar,,Opel,Frontera Electric,,SERIES,Frontera Electric,frontera-electric,Vasıta > Elektrikli Araçlar > Opel > Frontera Electric,curated-market-v1,CURATED_REVIEW,,
Elektrikli Araçlar,,Opel,Mokka Electric,,SERIES,Mokka Electric,mokka-electric,Vasıta > Elektrikli Araçlar > Opel > Mokka Electric,curated-market-v1,CURATED_REVIEW,,
Elektrikli Araçlar,,Opel,Vivaro Electric,,SERIES,Vivaro Electric,vivaro-electric,Vasıta > Elektrikli Araçlar > Opel > Vivaro Electric,curated-market-v1,CURATED_REVIEW,,
Elektrikli Araçlar,,Peugeot,e-2008,,SERIES,e-2008,e-2008,Vasıta > Elektrikli Araçlar > Peugeot > e-2008,curated-market-v1,CURATED_REVIEW,,
Elektrikli Araçlar,,Peugeot,e-208,,SERIES,e-208,e-208,Vasıta > Elektrikli Araçlar > Peugeot > e-208,curated-market-v1,CURATED_REVIEW,,
Elektrikli Araçlar,,Peugeot,e-3008,,SERIES,e-3008,e-3008,Vasıta > Elektrikli Araçlar > Peugeot > e-3008,curated-market-v1,CURATED_REVIEW,,
Elektrikli Araçlar,,Peugeot,e-5008,,SERIES,e-5008,e-5008,Vasıta > Elektrikli Araçlar > Peugeot > e-5008,curated-market-v1,CURATED_REVIEW,,
Elektrikli Araçlar,,Peugeot,e-Expert,,SERIES,e-Expert,e-expert,Vasıta > Elektrikli Araçlar > Peugeot > e-Expert,curated-market-v1,CURATED_REVIEW,,
Elektrikli Araçlar,,Peugeot,e-Partner,,SERIES,e-Partner,e-partner,Vasıta > Elektrikli Araçlar > Peugeot > e-Partner,curated-market-v1,CURATED_REVIEW,,
Elektrikli Araçlar,,Peugeot,e-Rifter,,SERIES,e-Rifter,e-rifter,Vasıta > Elektrikli Araçlar > Peugeot > e-Rifter,curated-market-v1,CURATED_REVIEW,,
Elektrikli Araçlar,,Polestar,2,,SERIES,2,2,Vasıta > Elektrikli Araçlar > Polestar > 2,curated-market-v1,CURATED_REVIEW,,
Elektrikli Araçlar,,Polestar,3,,SERIES,3,3,Vasıta > Elektrikli Araçlar > Polestar > 3,curated-market-v1,CURATED_REVIEW,,
Elektrikli Araçlar,,Polestar,4,,SERIES,4,4,Vasıta > Elektrikli Araçlar > Polestar > 4,curated-market-v1,CURATED_REVIEW,,
Elektrikli Araçlar,,Porsche,Macan Electric,,SERIES,Macan Electric,macan-electric,Vasıta > Elektrikli Araçlar > Porsche > Macan Electric,curated-market-v1,CURATED_REVIEW,,
Elektrikli Araçlar,,Porsche,Taycan,,SERIES,Taycan,taycan,Vasıta > Elektrikli Araçlar > Porsche > Taycan,curated-market-v1,CURATED_REVIEW,,
Elektrikli Araçlar,,Renault,Kangoo E-Tech,,SERIES,Kangoo E-Tech,kangoo-e-tech,Vasıta > Elektrikli Araçlar > Renault > Kangoo E-Tech,curated-market-v1,CURATED_REVIEW,,
Elektrikli Araçlar,,Renault,Master E-Tech,,SERIES,Master E-Tech,master-e-tech,Vasıta > Elektrikli Araçlar > Renault > Master E-Tech,curated-market-v1,CURATED_REVIEW,,
Elektrikli Araçlar,,Renault,Megane E-Tech,,SERIES,Megane E-Tech,megane-e-tech,Vasıta > Elektrikli Araçlar > Renault > Megane E-Tech,curated-market-v1,CURATED_REVIEW,,
Elektrikli Araçlar,,Renault,Scenic E-Tech,,SERIES,Scenic E-Tech,scenic-e-tech,Vasıta > Elektrikli Araçlar > Renault > Scenic E-Tech,curated-market-v1,CURATED_REVIEW,,
Elektrikli Araçlar,,Renault,Zoe,,SERIES,Zoe,zoe,Vasıta > Elektrikli Araçlar > Renault > Zoe,curated-market-v1,CURATED_REVIEW,,
Elektrikli Araçlar,,Seres,Seres 3,,SERIES,Seres 3,seres-3,Vasıta > Elektrikli Araçlar > Seres > Seres 3,curated-market-v1,CURATED_REVIEW,,
Elektrikli Araçlar,,Seres,Seres 5,,SERIES,Seres 5,seres-5,Vasıta > Elektrikli Araçlar > Seres > Seres 5,curated-market-v1,CURATED_REVIEW,,
Elektrikli Araçlar,,Skoda,Citigo-e,,SERIES,Citigo-e,citigo-e,Vasıta > Elektrikli Araçlar > Skoda > Citigo-e,curated-market-v1,CURATED_REVIEW,,
Elektrikli Araçlar,,Skoda,Elroq,,SERIES,Elroq,elroq,Vasıta > Elektrikli Araçlar > Skoda > Elroq,curated-market-v1,CURATED_REVIEW,,
Elektrikli Araçlar,,Skoda,Enyaq,,SERIES,Enyaq,enyaq,Vasıta > Elektrikli Araçlar > Skoda > Enyaq,curated-market-v1,CURATED_REVIEW,,
Elektrikli Araçlar,,Skywell,ET5,,SERIES,ET5,et5,Vasıta > Elektrikli Araçlar > Skywell > ET5,curated-market-v1,CURATED_REVIEW,,
Elektrikli Araçlar,,Skywell,HT-i,,SERIES,HT-i,ht-i,Vasıta > Elektrikli Araçlar > Skywell > HT-i,curated-market-v1,CURATED_REVIEW,,
Elektrikli Araçlar,,Smart,#1,,SERIES,#1,1,Vasıta > Elektrikli Araçlar > Smart > #1,curated-market-v1,CURATED_REVIEW,,
Elektrikli Araçlar,,Smart,#3,,SERIES,#3,3,Vasıta > Elektrikli Araçlar > Smart > #3,curated-market-v1,CURATED_REVIEW,,
Elektrikli Araçlar,,Subaru,Solterra,,SERIES,Solterra,solterra,Vasıta > Elektrikli Araçlar > Subaru > Solterra,curated-market-v1,CURATED_REVIEW,,
Elektrikli Araçlar,,Tesla,Cybertruck,,SERIES,Cybertruck,cybertruck,Vasıta > Elektrikli Araçlar > Tesla > Cybertruck,curated-market-v1,CURATED_REVIEW,,
Elektrikli Araçlar,,Tesla,Model 3,,SERIES,Model 3,model-3,Vasıta > Elektrikli Araçlar > Tesla > Model 3,curated-market-v1,CURATED_REVIEW,,
Elektrikli Araçlar,,Tesla,Model S,,SERIES,Model S,model-s,Vasıta > Elektrikli Araçlar > Tesla > Model S,curated-market-v1,CURATED_REVIEW,,
Elektrikli Araçlar,,Tesla,Model X,,SERIES,Model X,model-x,Vasıta > Elektrikli Araçlar > Tesla > Model X,curated-market-v1,CURATED_REVIEW,,
Elektrikli Araçlar,,Tesla,Model Y,,SERIES,Model Y,model-y,Vasıta > Elektrikli Araçlar > Tesla > Model Y,curated-market-v1,CURATED_REVIEW,,
Elektrikli Araçlar,,TOGG,T10F,,SERIES,T10F,t10f,Vasıta > Elektrikli Araçlar > TOGG > T10F,curated-market-v1,CURATED_REVIEW,,
Elektrikli Araçlar,,TOGG,T10X,,SERIES,T10X,t10x,Vasıta > Elektrikli Araçlar > TOGG > T10X,curated-market-v1,CURATED_REVIEW,,
Elektrikli Araçlar,,Toyota,bZ4X,,SERIES,bZ4X,bz4x,Vasıta > Elektrikli Araçlar > Toyota > bZ4X,curated-market-v1,CURATED_REVIEW,,
Elektrikli Araçlar,,Toyota,Proace City Electric,,SERIES,Proace City Electric,proace-city-electric,Vasıta > Elektrikli Araçlar > Toyota > Proace City Electric,curated-market-v1,CURATED_REVIEW,,
Elektrikli Araçlar,,Toyota,Proace Electric,,SERIES,Proace Electric,proace-electric,Vasıta > Elektrikli Araçlar > Toyota > Proace Electric,curated-market-v1,CURATED_REVIEW,,
Elektrikli Araçlar,,Volkswagen,ID. Buzz,,SERIES,ID. Buzz,id-buzz,Vasıta > Elektrikli Araçlar > Volkswagen > ID. Buzz,curated-market-v1,CURATED_REVIEW,,
Elektrikli Araçlar,,Volkswagen,ID.3,,SERIES,ID.3,id-3,Vasıta > Elektrikli Araçlar > Volkswagen > ID.3,curated-market-v1,CURATED_REVIEW,,
Elektrikli Araçlar,,Volkswagen,ID.4,,SERIES,ID.4,id-4,Vasıta > Elektrikli Araçlar > Volkswagen > ID.4,curated-market-v1,CURATED_REVIEW,,
Elektrikli Araçlar,,Volkswagen,ID.5,,SERIES,ID.5,id-5,Vasıta > Elektrikli Araçlar > Volkswagen > ID.5,curated-market-v1,CURATED_REVIEW,,
Elektrikli Araçlar,,Volkswagen,ID.7,,SERIES,ID.7,id-7,Vasıta > Elektrikli Araçlar > Volkswagen > ID.7,curated-market-v1,CURATED_REVIEW,,
Elektrikli Araçlar,,Volvo,C40 Recharge,,SERIES,C40 Recharge,c40-recharge,Vasıta > Elektrikli Araçlar > Volvo > C40 Recharge,curated-market-v1,CURATED_REVIEW,,
Elektrikli Araçlar,,Volvo,EX30,,SERIES,EX30,ex30,Vasıta > Elektrikli Araçlar > Volvo > EX30,curated-market-v1,CURATED_REVIEW,,
Elektrikli Araçlar,,Volvo,EX40,,SERIES,EX40,ex40,Vasıta > Elektrikli Araçlar > Volvo > EX40,curated-market-v1,CURATED_REVIEW,,
Elektrikli Araçlar,,Volvo,EX90,,SERIES,EX90,ex90,Vasıta > Elektrikli Araçlar > Volvo > EX90,curated-market-v1,CURATED_REVIEW,,
Elektrikli Araçlar,,Voyah,Dream,,SERIES,Dream,dream,Vasıta > Elektrikli Araçlar > Voyah > Dream,curated-market-v1,CURATED_REVIEW,,
Elektrikli Araçlar,,Voyah,Free,,SERIES,Free,free,Vasıta > Elektrikli Araçlar > Voyah > Free,curated-market-v1,CURATED_REVIEW,,
Elektrikli Araçlar,,Voyah,Passion,,SERIES,Passion,passion,Vasıta > Elektrikli Araçlar > Voyah > Passion,curated-market-v1,CURATED_REVIEW,,
Elektrikli Araçlar,,XEV,Yoyo,,SERIES,Yoyo,yoyo,Vasıta > Elektrikli Araçlar > XEV > Yoyo,curated-market-v1,CURATED_REVIEW,,
Motosiklet,,Abush,,,BRAND,Abush,abush,Vasıta > Motosiklet > Abush,https://www.sahibinden.com/kategori/motosiklet,PUBLIC_NAV_VERIFIED,Marka doğrulandı; seri/model dalı sonraki veri doğrulamasına bırakıldı.,
Motosiklet,,Aeon,,,BRAND,Aeon,aeon,Vasıta > Motosiklet > Aeon,https://www.sahibinden.com/kategori/motosiklet,PUBLIC_NAV_VERIFIED,Marka doğrulandı; seri/model dalı sonraki veri doğrulamasına bırakıldı.,
Motosiklet,,Altai,F1 Max,,SERIES,F1 Max,f1-max,Vasıta > Motosiklet > Altai > F1 Max,curated-market-v1,CURATED_REVIEW,,
Motosiklet,,Altai,Misk 50,,SERIES,Misk 50,misk-50,Vasıta > Motosiklet > Altai > Misk 50,curated-market-v1,CURATED_REVIEW,,
Motosiklet,,Altai,Tank 50,,SERIES,Tank 50,tank-50,Vasıta > Motosiklet > Altai > Tank 50,curated-market-v1,CURATED_REVIEW,,
Motosiklet,,Apachi,Alfa,,SERIES,Alfa,alfa,Vasıta > Motosiklet > Apachi > Alfa,curated-market-v1,CURATED_REVIEW,,
Motosiklet,,Apachi,Beta,,SERIES,Beta,beta,Vasıta > Motosiklet > Apachi > Beta,curated-market-v1,CURATED_REVIEW,,
Motosiklet,,Apachi,XRS 125,,SERIES,XRS 125,xrs-125,Vasıta > Motosiklet > Apachi > XRS 125,curated-market-v1,CURATED_REVIEW,,
Motosiklet,,Apec,APX5,,SERIES,APX5,apx5,Vasıta > Motosiklet > Apec > APX5,curated-market-v1,CURATED_REVIEW,,
Motosiklet,,Apec,APX6,,SERIES,APX6,apx6,Vasıta > Motosiklet > Apec > APX6,curated-market-v1,CURATED_REVIEW,,
Motosiklet,,Apec,APX7,,SERIES,APX7,apx7,Vasıta > Motosiklet > Apec > APX7,curated-market-v1,CURATED_REVIEW,,
Motosiklet,,Aprilia,Dorsoduro,,SERIES,Dorsoduro,dorsoduro,Vasıta > Motosiklet > Aprilia > Dorsoduro,curated-market-v1,CURATED_REVIEW,,
Motosiklet,,Aprilia,RS 125,,SERIES,RS 125,rs-125,Vasıta > Motosiklet > Aprilia > RS 125,curated-market-v1,CURATED_REVIEW,,
Motosiklet,,Aprilia,RS 457,,SERIES,RS 457,rs-457,Vasıta > Motosiklet > Aprilia > RS 457,curated-market-v1,CURATED_REVIEW,,
Motosiklet,,Aprilia,RS 660,,SERIES,RS 660,rs-660,Vasıta > Motosiklet > Aprilia > RS 660,curated-market-v1,CURATED_REVIEW,,
Motosiklet,,Aprilia,RSV4,,SERIES,RSV4,rsv4,Vasıta > Motosiklet > Aprilia > RSV4,curated-market-v1,CURATED_REVIEW,,
Motosiklet,,Aprilia,RX 125,,SERIES,RX 125,rx-125,Vasıta > Motosiklet > Aprilia > RX 125,curated-market-v1,CURATED_REVIEW,,
Motosiklet,,Aprilia,SR GT 200,,SERIES,SR GT 200,sr-gt-200,Vasıta > Motosiklet > Aprilia > SR GT 200,curated-market-v1,CURATED_REVIEW,,
Motosiklet,,Aprilia,SR Max,,SERIES,SR Max,sr-max,Vasıta > Motosiklet > Aprilia > SR Max,curated-market-v1,CURATED_REVIEW,,
Motosiklet,,Aprilia,SX 125,,SERIES,SX 125,sx-125,Vasıta > Motosiklet > Aprilia > SX 125,curated-market-v1,CURATED_REVIEW,,
Motosiklet,,Aprilia,Tuareg 660,,SERIES,Tuareg 660,tuareg-660,Vasıta > Motosiklet > Aprilia > Tuareg 660,curated-market-v1,CURATED_REVIEW,,
Motosiklet,,Aprilia,Tuono 125,,SERIES,Tuono 125,tuono-125,Vasıta > Motosiklet > Aprilia > Tuono 125,curated-market-v1,CURATED_REVIEW,,
Motosiklet,,Aprilia,Tuono 660,,SERIES,Tuono 660,tuono-660,Vasıta > Motosiklet > Aprilia > Tuono 660,curated-market-v1,CURATED_REVIEW,,
Motosiklet,,Aprilia,Tuono V4,,SERIES,Tuono V4,tuono-v4,Vasıta > Motosiklet > Aprilia > Tuono V4,curated-market-v1,CURATED_REVIEW,,
Motosiklet,,Ariic,,,BRAND,Ariic,ariic,Vasıta > Motosiklet > Ariic,https://www.sahibinden.com/kategori/motosiklet,PUBLIC_NAV_VERIFIED,Marka doğrulandı; seri/model dalı sonraki veri doğrulamasına bırakıldı.,
Motosiklet,,Arora,Beatrix 150,,SERIES,Beatrix 150,beatrix-150,Vasıta > Motosiklet > Arora > Beatrix 150,curated-market-v1,CURATED_REVIEW,,
Motosiklet,,Arora,Freedom 50,,SERIES,Freedom 50,freedom-50,Vasıta > Motosiklet > Arora > Freedom 50,curated-market-v1,CURATED_REVIEW,,
Motosiklet,,Arora,Jaguar 200,,SERIES,Jaguar 200,jaguar-200,Vasıta > Motosiklet > Arora > Jaguar 200,curated-market-v1,CURATED_REVIEW,,
Motosiklet,,Arora,Max-T 150,,SERIES,Max-T 150,max-t-150,Vasıta > Motosiklet > Arora > Max-T 150,curated-market-v1,CURATED_REVIEW,,
Motosiklet,,Arora,Mojito 125,,SERIES,Mojito 125,mojito-125,Vasıta > Motosiklet > Arora > Mojito 125,curated-market-v1,CURATED_REVIEW,,
Motosiklet,,Arora,Quantum 50,,SERIES,Quantum 50,quantum-50,Vasıta > Motosiklet > Arora > Quantum 50,curated-market-v1,CURATED_REVIEW,,
Motosiklet,,Arora,Special Alfa,,SERIES,Special Alfa,special-alfa,Vasıta > Motosiklet > Arora > Special Alfa,curated-market-v1,CURATED_REVIEW,,
Motosiklet,,Arora,Verano 50,,SERIES,Verano 50,verano-50,Vasıta > Motosiklet > Arora > Verano 50,curated-market-v1,CURATED_REVIEW,,
Motosiklet,,Arora,ZRX 200,,SERIES,ZRX 200,zrx-200,Vasıta > Motosiklet > Arora > ZRX 200,curated-market-v1,CURATED_REVIEW,,
Motosiklet,,Asya,AS 125,,SERIES,AS 125,as-125,Vasıta > Motosiklet > Asya > AS 125,curated-market-v1,CURATED_REVIEW,,
Motosiklet,,Asya,Ghost,,SERIES,Ghost,ghost,Vasıta > Motosiklet > Asya > Ghost,curated-market-v1,CURATED_REVIEW,,
Motosiklet,,Asya,Nostalji,,SERIES,Nostalji,nostalji,Vasıta > Motosiklet > Asya > Nostalji,curated-market-v1,CURATED_REVIEW,,
Motosiklet,,Bajaj,Avenger 150,,SERIES,Avenger 150,avenger-150,Vasıta > Motosiklet > Bajaj > Avenger 150,curated-market-v1,CURATED_REVIEW,,
Motosiklet,,Bajaj,Avenger 220,,SERIES,Avenger 220,avenger-220,Vasıta > Motosiklet > Bajaj > Avenger 220,curated-market-v1,CURATED_REVIEW,,
Motosiklet,,Bajaj,Boxer 150,,SERIES,Boxer 150,boxer-150,Vasıta > Motosiklet > Bajaj > Boxer 150,curated-market-v1,CURATED_REVIEW,,
Motosiklet,,Bajaj,Dominar 250,,SERIES,Dominar 250,dominar-250,Vasıta > Motosiklet > Bajaj > Dominar 250,curated-market-v1,CURATED_REVIEW,,
Motosiklet,,Bajaj,Dominar 400,,SERIES,Dominar 400,dominar-400,Vasıta > Motosiklet > Bajaj > Dominar 400,curated-market-v1,CURATED_REVIEW,,
Motosiklet,,Bajaj,Pulsar F250,,SERIES,Pulsar F250,pulsar-f250,Vasıta > Motosiklet > Bajaj > Pulsar F250,curated-market-v1,CURATED_REVIEW,,
Motosiklet,,Bajaj,Pulsar N250,,SERIES,Pulsar N250,pulsar-n250,Vasıta > Motosiklet > Bajaj > Pulsar N250,curated-market-v1,CURATED_REVIEW,,
Motosiklet,,Bajaj,Pulsar NS125,,SERIES,Pulsar NS125,pulsar-ns125,Vasıta > Motosiklet > Bajaj > Pulsar NS125,curated-market-v1,CURATED_REVIEW,,
Motosiklet,,Bajaj,Pulsar NS150,,SERIES,Pulsar NS150,pulsar-ns150,Vasıta > Motosiklet > Bajaj > Pulsar NS150,curated-market-v1,CURATED_REVIEW,,
Motosiklet,,Bajaj,Pulsar NS160,,SERIES,Pulsar NS160,pulsar-ns160,Vasıta > Motosiklet > Bajaj > Pulsar NS160,curated-market-v1,CURATED_REVIEW,,
Motosiklet,,Bajaj,Pulsar NS200,,SERIES,Pulsar NS200,pulsar-ns200,Vasıta > Motosiklet > Bajaj > Pulsar NS200,curated-market-v1,CURATED_REVIEW,,
Motosiklet,,Bajaj,Pulsar RS200,,SERIES,Pulsar RS200,pulsar-rs200,Vasıta > Motosiklet > Bajaj > Pulsar RS200,curated-market-v1,CURATED_REVIEW,,
Motosiklet,,Barossa,,,BRAND,Barossa,barossa,Vasıta > Motosiklet > Barossa,https://www.sahibinden.com/kategori/motosiklet,PUBLIC_NAV_VERIFIED,Marka doğrulandı; seri/model dalı sonraki veri doğrulamasına bırakıldı.,
Motosiklet,,Belderia,,,BRAND,Belderia,belderia,Vasıta > Motosiklet > Belderia,https://www.sahibinden.com/kategori/motosiklet,PUBLIC_NAV_VERIFIED,Marka doğrulandı; seri/model dalı sonraki veri doğrulamasına bırakıldı.,
Motosiklet,,Benda Motor,Chinchilla 300,,SERIES,Chinchilla 300,chinchilla-300,Vasıta > Motosiklet > Benda Motor > Chinchilla 300,curated-market-v1,CURATED_REVIEW,,
Motosiklet,,Benda Motor,Darkflag 500,,SERIES,Darkflag 500,darkflag-500,Vasıta > Motosiklet > Benda Motor > Darkflag 500,curated-market-v1,CURATED_REVIEW,,
Motosiklet,,Benda Motor,LFC 700,,SERIES,LFC 700,lfc-700,Vasıta > Motosiklet > Benda Motor > LFC 700,curated-market-v1,CURATED_REVIEW,,
Motosiklet,,Benelli,125S,,SERIES,125S,125s,Vasıta > Motosiklet > Benelli > 125S,curated-market-v1,CURATED_REVIEW,,
Motosiklet,,Benelli,180S,,SERIES,180S,180s,Vasıta > Motosiklet > Benelli > 180S,curated-market-v1,CURATED_REVIEW,,
Motosiklet,,Benelli,302S,,SERIES,302S,302s,Vasıta > Motosiklet > Benelli > 302S,curated-market-v1,CURATED_REVIEW,,
Motosiklet,,Benelli,502C,,SERIES,502C,502c,Vasıta > Motosiklet > Benelli > 502C,curated-market-v1,CURATED_REVIEW,,
Motosiklet,,Benelli,752S,,SERIES,752S,752s,Vasıta > Motosiklet > Benelli > 752S,curated-market-v1,CURATED_REVIEW,,
Motosiklet,,Benelli,Imperiale 400,,SERIES,Imperiale 400,imperiale-400,Vasıta > Motosiklet > Benelli > Imperiale 400,curated-market-v1,CURATED_REVIEW,,
Motosiklet,,Benelli,Leoncino 250,,SERIES,Leoncino 250,leoncino-250,Vasıta > Motosiklet > Benelli > Leoncino 250,curated-market-v1,CURATED_REVIEW,,
Motosiklet,,Benelli,Leoncino 500,,SERIES,Leoncino 500,leoncino-500,Vasıta > Motosiklet > Benelli > Leoncino 500,curated-market-v1,CURATED_REVIEW,,
Motosiklet,,Benelli,TNT 125,,SERIES,TNT 125,tnt-125,Vasıta > Motosiklet > Benelli > TNT 125,curated-market-v1,CURATED_REVIEW,,
Motosiklet,,Benelli,TNT 250,,SERIES,TNT 250,tnt-250,Vasıta > Motosiklet > Benelli > TNT 250,curated-market-v1,CURATED_REVIEW,,
Motosiklet,,Benelli,TRK 251,,SERIES,TRK 251,trk-251,Vasıta > Motosiklet > Benelli > TRK 251,curated-market-v1,CURATED_REVIEW,,
Motosiklet,,Benelli,TRK 502,,SERIES,TRK 502,trk-502,Vasıta > Motosiklet > Benelli > TRK 502,curated-market-v1,CURATED_REVIEW,,
Motosiklet,,Benelli,TRK 502 X,,SERIES,TRK 502 X,trk-502-x,Vasıta > Motosiklet > Benelli > TRK 502 X,curated-market-v1,CURATED_REVIEW,,
Motosiklet,,Benelli,TRK 702,,SERIES,TRK 702,trk-702,Vasıta > Motosiklet > Benelli > TRK 702,curated-market-v1,CURATED_REVIEW,,
Motosiklet,,Benelli,TRK 702 X,,SERIES,TRK 702 X,trk-702-x,Vasıta > Motosiklet > Benelli > TRK 702 X,curated-market-v1,CURATED_REVIEW,,
Motosiklet,,Beta,Alp 4.0,,SERIES,Alp 4.0,alp-4-0,Vasıta > Motosiklet > Beta > Alp 4.0,curated-market-v1,CURATED_REVIEW,,
Motosiklet,,Beta,RR 125,,SERIES,RR 125,rr-125,Vasıta > Motosiklet > Beta > RR 125,curated-market-v1,CURATED_REVIEW,,
Motosiklet,,Beta,RR 250,,SERIES,RR 250,rr-250,Vasıta > Motosiklet > Beta > RR 250,curated-market-v1,CURATED_REVIEW,,
Motosiklet,,Beta,RR 300,,SERIES,RR 300,rr-300,Vasıta > Motosiklet > Beta > RR 300,curated-market-v1,CURATED_REVIEW,,
Motosiklet,,Beta,RR 390,,SERIES,RR 390,rr-390,Vasıta > Motosiklet > Beta > RR 390,curated-market-v1,CURATED_REVIEW,,
Motosiklet,,Beta,RR 430,,SERIES,RR 430,rr-430,Vasıta > Motosiklet > Beta > RR 430,curated-market-v1,CURATED_REVIEW,,
Motosiklet,,Beta,RR 480,,SERIES,RR 480,rr-480,Vasıta > Motosiklet > Beta > RR 480,curated-market-v1,CURATED_REVIEW,,
Motosiklet,,Beta,Xtrainer 300,,SERIES,Xtrainer 300,xtrainer-300,Vasıta > Motosiklet > Beta > Xtrainer 300,curated-market-v1,CURATED_REVIEW,,
Motosiklet,,Better,,,BRAND,Better,better,Vasıta > Motosiklet > Better,https://www.sahibinden.com/kategori/motosiklet,PUBLIC_NAV_VERIFIED,Marka doğrulandı; seri/model dalı sonraki veri doğrulamasına bırakıldı.,
Motosiklet,,Bianchi,,,BRAND,Bianchi,bianchi,Vasıta > Motosiklet > Bianchi,https://www.sahibinden.com/kategori/motosiklet,PUBLIC_NAV_VERIFIED,Marka doğrulandı; seri/model dalı sonraki veri doğrulamasına bırakıldı.,
Motosiklet,,Bisan,Lifan LF125,,SERIES,Lifan LF125,lifan-lf125,Vasıta > Motosiklet > Bisan > Lifan LF125,curated-market-v1,CURATED_REVIEW,,
Motosiklet,,Bisan,Roadstar,,SERIES,Roadstar,roadstar,Vasıta > Motosiklet > Bisan > Roadstar,curated-market-v1,CURATED_REVIEW,,
Motosiklet,,BMW,C 400 GT,,SERIES,C 400 GT,c-400-gt,Vasıta > Motosiklet > BMW > C 400 GT,curated-market-v1,CURATED_REVIEW,,
Motosiklet,,BMW,C 400 X,,SERIES,C 400 X,c-400-x,Vasıta > Motosiklet > BMW > C 400 X,curated-market-v1,CURATED_REVIEW,,
Motosiklet,,BMW,C 600 Sport,,SERIES,C 600 Sport,c-600-sport,Vasıta > Motosiklet > BMW > C 600 Sport,curated-market-v1,CURATED_REVIEW,,
Motosiklet,,BMW,C 650 GT,,SERIES,C 650 GT,c-650-gt,Vasıta > Motosiklet > BMW > C 650 GT,curated-market-v1,CURATED_REVIEW,,
Motosiklet,,BMW,CE 02,,SERIES,CE 02,ce-02,Vasıta > Motosiklet > BMW > CE 02,curated-market-v1,CURATED_REVIEW,,
Motosiklet,,BMW,CE 04,,SERIES,CE 04,ce-04,Vasıta > Motosiklet > BMW > CE 04,curated-market-v1,CURATED_REVIEW,,
Motosiklet,,BMW,F 750 GS,,SERIES,F 750 GS,f-750-gs,Vasıta > Motosiklet > BMW > F 750 GS,curated-market-v1,CURATED_REVIEW,,
Motosiklet,,BMW,F 800 GS,,SERIES,F 800 GS,f-800-gs,Vasıta > Motosiklet > BMW > F 800 GS,curated-market-v1,CURATED_REVIEW,,
Motosiklet,,BMW,F 850 GS,,SERIES,F 850 GS,f-850-gs,Vasıta > Motosiklet > BMW > F 850 GS,curated-market-v1,CURATED_REVIEW,,
Motosiklet,,BMW,F 900 R,,SERIES,F 900 R,f-900-r,Vasıta > Motosiklet > BMW > F 900 R,curated-market-v1,CURATED_REVIEW,,
Motosiklet,,BMW,F 900 XR,,SERIES,F 900 XR,f-900-xr,Vasıta > Motosiklet > BMW > F 900 XR,curated-market-v1,CURATED_REVIEW,,
Motosiklet,,BMW,G 310 GS,,SERIES,G 310 GS,g-310-gs,Vasıta > Motosiklet > BMW > G 310 GS,curated-market-v1,CURATED_REVIEW,,
Motosiklet,,BMW,G 310 R,,SERIES,G 310 R,g-310-r,Vasıta > Motosiklet > BMW > G 310 R,curated-market-v1,CURATED_REVIEW,,
Motosiklet,,BMW,K 1600 GT,,SERIES,K 1600 GT,k-1600-gt,Vasıta > Motosiklet > BMW > K 1600 GT,curated-market-v1,CURATED_REVIEW,,
Motosiklet,,BMW,K 1600 GTL,,SERIES,K 1600 GTL,k-1600-gtl,Vasıta > Motosiklet > BMW > K 1600 GTL,curated-market-v1,CURATED_REVIEW,,
Motosiklet,,BMW,M 1000 R,,SERIES,M 1000 R,m-1000-r,Vasıta > Motosiklet > BMW > M 1000 R,curated-market-v1,CURATED_REVIEW,,
Motosiklet,,BMW,M 1000 RR,,SERIES,M 1000 RR,m-1000-rr,Vasıta > Motosiklet > BMW > M 1000 RR,curated-market-v1,CURATED_REVIEW,,
Motosiklet,,BMW,R 1250 GS,,SERIES,R 1250 GS,r-1250-gs,Vasıta > Motosiklet > BMW > R 1250 GS,curated-market-v1,CURATED_REVIEW,,
Motosiklet,,BMW,R 1250 RT,,SERIES,R 1250 RT,r-1250-rt,Vasıta > Motosiklet > BMW > R 1250 RT,curated-market-v1,CURATED_REVIEW,,
Motosiklet,,BMW,R 1300 GS,,SERIES,R 1300 GS,r-1300-gs,Vasıta > Motosiklet > BMW > R 1300 GS,curated-market-v1,CURATED_REVIEW,,
Motosiklet,,BMW,R nineT,,SERIES,R nineT,r-ninet,Vasıta > Motosiklet > BMW > R nineT,curated-market-v1,CURATED_REVIEW,,
Motosiklet,,BMW,S 1000 R,,SERIES,S 1000 R,s-1000-r,Vasıta > Motosiklet > BMW > S 1000 R,curated-market-v1,CURATED_REVIEW,,
Motosiklet,,BMW,S 1000 RR,,SERIES,S 1000 RR,s-1000-rr,Vasıta > Motosiklet > BMW > S 1000 RR,curated-market-v1,CURATED_REVIEW,,
Motosiklet,,BMW,S 1000 XR,,SERIES,S 1000 XR,s-1000-xr,Vasıta > Motosiklet > BMW > S 1000 XR,curated-market-v1,CURATED_REVIEW,,
Motosiklet,,Boom,,,BRAND,Boom,boom,Vasıta > Motosiklet > Boom,https://www.sahibinden.com/kategori/motosiklet,PUBLIC_NAV_VERIFIED,Marka doğrulandı; seri/model dalı sonraki veri doğrulamasına bırakıldı.,
Motosiklet,,Borelli Ledow,,,BRAND,Borelli Ledow,borelli-ledow,Vasıta > Motosiklet > Borelli Ledow,https://www.sahibinden.com/kategori/motosiklet,PUBLIC_NAV_VERIFIED,Marka doğrulandı; seri/model dalı sonraki veri doğrulamasına bırakıldı.,
Motosiklet,,Brixton,Cromwell 1200,,SERIES,Cromwell 1200,cromwell-1200,Vasıta > Motosiklet > Brixton > Cromwell 1200,curated-market-v1,CURATED_REVIEW,,
Motosiklet,,Brixton,Cromwell 125,,SERIES,Cromwell 125,cromwell-125,Vasıta > Motosiklet > Brixton > Cromwell 125,curated-market-v1,CURATED_REVIEW,,
Motosiklet,,Brixton,Crossfire 500,,SERIES,Crossfire 500,crossfire-500,Vasıta > Motosiklet > Brixton > Crossfire 500,curated-market-v1,CURATED_REVIEW,,
Motosiklet,,Brixton,Felsberg 125,,SERIES,Felsberg 125,felsberg-125,Vasıta > Motosiklet > Brixton > Felsberg 125,curated-market-v1,CURATED_REVIEW,,
Motosiklet,,Brixton,Sunray 125,,SERIES,Sunray 125,sunray-125,Vasıta > Motosiklet > Brixton > Sunray 125,curated-market-v1,CURATED_REVIEW,,
Motosiklet,,BSA,,,BRAND,BSA,bsa,Vasıta > Motosiklet > BSA,https://www.sahibinden.com/kategori/motosiklet,PUBLIC_NAV_VERIFIED,Marka doğrulandı; seri/model dalı sonraki veri doğrulamasına bırakıldı.,
Motosiklet,,BuMoto/Jinling,,,BRAND,BuMoto/Jinling,bumoto-jinling,Vasıta > Motosiklet > BuMoto/Jinling,https://www.sahibinden.com/kategori/motosiklet,PUBLIC_NAV_VERIFIED,Marka doğrulandı; seri/model dalı sonraki veri doğrulamasına bırakıldı.,
Motosiklet,,Can-Am,Ryker 600,,SERIES,Ryker 600,ryker-600,Vasıta > Motosiklet > Can-Am > Ryker 600,curated-market-v1,CURATED_REVIEW,,
Motosiklet,,Can-Am,Ryker 900,,SERIES,Ryker 900,ryker-900,Vasıta > Motosiklet > Can-Am > Ryker 900,curated-market-v1,CURATED_REVIEW,,
Motosiklet,,Can-Am,Spyder F3,,SERIES,Spyder F3,spyder-f3,Vasıta > Motosiklet > Can-Am > Spyder F3,curated-market-v1,CURATED_REVIEW,,
Motosiklet,,Can-Am,Spyder RT,,SERIES,Spyder RT,spyder-rt,Vasıta > Motosiklet > Can-Am > Spyder RT,curated-market-v1,CURATED_REVIEW,,
Motosiklet,,CFmoto,125NK,,SERIES,125NK,125nk,Vasıta > Motosiklet > CFmoto > 125NK,curated-market-v1,CURATED_REVIEW,,
Motosiklet,,CFmoto,250CL-X,,SERIES,250CL-X,250cl-x,Vasıta > Motosiklet > CFmoto > 250CL-X,curated-market-v1,CURATED_REVIEW,,
Motosiklet,,CFmoto,250NK,,SERIES,250NK,250nk,Vasıta > Motosiklet > CFmoto > 250NK,curated-market-v1,CURATED_REVIEW,,
Motosiklet,,CFmoto,250SR,,SERIES,250SR,250sr,Vasıta > Motosiklet > CFmoto > 250SR,curated-market-v1,CURATED_REVIEW,,
Motosiklet,,CFmoto,300NK,,SERIES,300NK,300nk,Vasıta > Motosiklet > CFmoto > 300NK,curated-market-v1,CURATED_REVIEW,,
Motosiklet,,CFmoto,450CL-C,,SERIES,450CL-C,450cl-c,Vasıta > Motosiklet > CFmoto > 450CL-C,curated-market-v1,CURATED_REVIEW,,
Motosiklet,,CFmoto,450MT,,SERIES,450MT,450mt,Vasıta > Motosiklet > CFmoto > 450MT,curated-market-v1,CURATED_REVIEW,,
Motosiklet,,CFmoto,450NK,,SERIES,450NK,450nk,Vasıta > Motosiklet > CFmoto > 450NK,curated-market-v1,CURATED_REVIEW,,
Motosiklet,,CFmoto,450SR,,SERIES,450SR,450sr,Vasıta > Motosiklet > CFmoto > 450SR,curated-market-v1,CURATED_REVIEW,,
Motosiklet,,CFmoto,650GT,,SERIES,650GT,650gt,Vasıta > Motosiklet > CFmoto > 650GT,curated-market-v1,CURATED_REVIEW,,
Motosiklet,,CFmoto,650MT,,SERIES,650MT,650mt,Vasıta > Motosiklet > CFmoto > 650MT,curated-market-v1,CURATED_REVIEW,,
Motosiklet,,CFmoto,650NK,,SERIES,650NK,650nk,Vasıta > Motosiklet > CFmoto > 650NK,curated-market-v1,CURATED_REVIEW,,
Motosiklet,,CFmoto,700CL-X,,SERIES,700CL-X,700cl-x,Vasıta > Motosiklet > CFmoto > 700CL-X,curated-market-v1,CURATED_REVIEW,,
Motosiklet,,CFmoto,800MT,,SERIES,800MT,800mt,Vasıta > Motosiklet > CFmoto > 800MT,curated-market-v1,CURATED_REVIEW,,
Motosiklet,,CFmoto,800NK,,SERIES,800NK,800nk,Vasıta > Motosiklet > CFmoto > 800NK,curated-market-v1,CURATED_REVIEW,,
Motosiklet,,CFmoto,Papio,,SERIES,Papio,papio,Vasıta > Motosiklet > CFmoto > Papio,curated-market-v1,CURATED_REVIEW,,
Motosiklet,,CFmoto,XO Papio,,SERIES,XO Papio,xo-papio,Vasıta > Motosiklet > CFmoto > XO Papio,curated-market-v1,CURATED_REVIEW,,
Motosiklet,,Cheeta,,,BRAND,Cheeta,cheeta,Vasıta > Motosiklet > Cheeta,https://www.sahibinden.com/kategori/motosiklet,PUBLIC_NAV_VERIFIED,Marka doğrulandı; seri/model dalı sonraki veri doğrulamasına bırakıldı.,
Motosiklet,,Cosmopolitan,,,BRAND,Cosmopolitan,cosmopolitan,Vasıta > Motosiklet > Cosmopolitan,https://www.sahibinden.com/kategori/motosiklet,PUBLIC_NAV_VERIFIED,Marka doğrulandı; seri/model dalı sonraki veri doğrulamasına bırakıldı.,
Motosiklet,,CRN,,,BRAND,CRN,crn,Vasıta > Motosiklet > CRN,https://www.sahibinden.com/kategori/motosiklet,PUBLIC_NAV_VERIFIED,Marka doğrulandı; seri/model dalı sonraki veri doğrulamasına bırakıldı.,
Motosiklet,,CSN Motor,,,BRAND,CSN Motor,csn-motor,Vasıta > Motosiklet > CSN Motor,https://www.sahibinden.com/kategori/motosiklet,PUBLIC_NAV_VERIFIED,Marka doğrulandı; seri/model dalı sonraki veri doğrulamasına bırakıldı.,
Motosiklet,,Daelim,Daystar 250,,SERIES,Daystar 250,daystar-250,Vasıta > Motosiklet > Daelim > Daystar 250,curated-market-v1,CURATED_REVIEW,,
Motosiklet,,Daelim,Roadwin 250,,SERIES,Roadwin 250,roadwin-250,Vasıta > Motosiklet > Daelim > Roadwin 250,curated-market-v1,CURATED_REVIEW,,
Motosiklet,,Daelim,S3 Advance,,SERIES,S3 Advance,s3-advance,Vasıta > Motosiklet > Daelim > S3 Advance,curated-market-v1,CURATED_REVIEW,,
Motosiklet,,Dayun,,,BRAND,Dayun,dayun,Vasıta > Motosiklet > Dayun,https://www.sahibinden.com/kategori/motosiklet,PUBLIC_NAV_VERIFIED,Marka doğrulandı; seri/model dalı sonraki veri doğrulamasına bırakıldı.,
Motosiklet,,Delta Motorcycle,,,BRAND,Delta Motorcycle,delta-motorcycle,Vasıta > Motosiklet > Delta Motorcycle,https://www.sahibinden.com/kategori/motosiklet,PUBLIC_NAV_VERIFIED,Marka doğrulandı; seri/model dalı sonraki veri doğrulamasına bırakıldı.,
Motosiklet,,Derbi,GPR 125,,SERIES,GPR 125,gpr-125,Vasıta > Motosiklet > Derbi > GPR 125,curated-market-v1,CURATED_REVIEW,,
Motosiklet,,Derbi,Senda,,SERIES,Senda,senda,Vasıta > Motosiklet > Derbi > Senda,curated-market-v1,CURATED_REVIEW,,
Motosiklet,,Derbi,Terra 125,,SERIES,Terra 125,terra-125,Vasıta > Motosiklet > Derbi > Terra 125,curated-market-v1,CURATED_REVIEW,,
Motosiklet,,Dofern,,,BRAND,Dofern,dofern,Vasıta > Motosiklet > Dofern,https://www.sahibinden.com/kategori/motosiklet,PUBLIC_NAV_VERIFIED,Marka doğrulandı; seri/model dalı sonraki veri doğrulamasına bırakıldı.,
Motosiklet,,Doohan,Itango,,SERIES,Itango,itango,Vasıta > Motosiklet > Doohan > Itango,curated-market-v1,CURATED_REVIEW,,
Motosiklet,,Doohan,iTank,,SERIES,iTank,itank,Vasıta > Motosiklet > Doohan > iTank,curated-market-v1,CURATED_REVIEW,,
Motosiklet,,Doohan,Urban,,SERIES,Urban,urban,Vasıta > Motosiklet > Doohan > Urban,curated-market-v1,CURATED_REVIEW,,
Motosiklet,,Dorado,,,BRAND,Dorado,dorado,Vasıta > Motosiklet > Dorado,https://www.sahibinden.com/kategori/motosiklet,PUBLIC_NAV_VERIFIED,Marka doğrulandı; seri/model dalı sonraki veri doğrulamasına bırakıldı.,
Motosiklet,,Ducati,Diavel,,SERIES,Diavel,diavel,Vasıta > Motosiklet > Ducati > Diavel,curated-market-v1,CURATED_REVIEW,,
Motosiklet,,Ducati,Hypermotard 698,,SERIES,Hypermotard 698,hypermotard-698,Vasıta > Motosiklet > Ducati > Hypermotard 698,curated-market-v1,CURATED_REVIEW,,
Motosiklet,,Ducati,Hypermotard 950,,SERIES,Hypermotard 950,hypermotard-950,Vasıta > Motosiklet > Ducati > Hypermotard 950,curated-market-v1,CURATED_REVIEW,,
Motosiklet,,Ducati,Monster 696,,SERIES,Monster 696,monster-696,Vasıta > Motosiklet > Ducati > Monster 696,curated-market-v1,CURATED_REVIEW,,
Motosiklet,,Ducati,Monster 821,,SERIES,Monster 821,monster-821,Vasıta > Motosiklet > Ducati > Monster 821,curated-market-v1,CURATED_REVIEW,,
Motosiklet,,Ducati,Monster 937,,SERIES,Monster 937,monster-937,Vasıta > Motosiklet > Ducati > Monster 937,curated-market-v1,CURATED_REVIEW,,
Motosiklet,,Ducati,Multistrada 950,,SERIES,Multistrada 950,multistrada-950,Vasıta > Motosiklet > Ducati > Multistrada 950,curated-market-v1,CURATED_REVIEW,,
Motosiklet,,Ducati,Multistrada V2,,SERIES,Multistrada V2,multistrada-v2,Vasıta > Motosiklet > Ducati > Multistrada V2,curated-market-v1,CURATED_REVIEW,,
Motosiklet,,Ducati,Multistrada V4,,SERIES,Multistrada V4,multistrada-v4,Vasıta > Motosiklet > Ducati > Multistrada V4,curated-market-v1,CURATED_REVIEW,,
Motosiklet,,Ducati,Panigale V2,,SERIES,Panigale V2,panigale-v2,Vasıta > Motosiklet > Ducati > Panigale V2,curated-market-v1,CURATED_REVIEW,,
Motosiklet,,Ducati,Panigale V4,,SERIES,Panigale V4,panigale-v4,Vasıta > Motosiklet > Ducati > Panigale V4,curated-market-v1,CURATED_REVIEW,,
Motosiklet,,Ducati,Scrambler,,SERIES,Scrambler,scrambler,Vasıta > Motosiklet > Ducati > Scrambler,curated-market-v1,CURATED_REVIEW,,
Motosiklet,,Ducati,Streetfighter V2,,SERIES,Streetfighter V2,streetfighter-v2,Vasıta > Motosiklet > Ducati > Streetfighter V2,curated-market-v1,CURATED_REVIEW,,
Motosiklet,,Ducati,Streetfighter V4,,SERIES,Streetfighter V4,streetfighter-v4,Vasıta > Motosiklet > Ducati > Streetfighter V4,curated-market-v1,CURATED_REVIEW,,
Motosiklet,,Ducati,SuperSport 950,,SERIES,SuperSport 950,supersport-950,Vasıta > Motosiklet > Ducati > SuperSport 950,curated-market-v1,CURATED_REVIEW,,
Motosiklet,,Enbest,,,BRAND,Enbest,enbest,Vasıta > Motosiklet > Enbest,https://www.sahibinden.com/kategori/motosiklet,PUBLIC_NAV_VERIFIED,Marka doğrulandı; seri/model dalı sonraki veri doğrulamasına bırakıldı.,
Motosiklet,,Falcon,Attack 100,,SERIES,Attack 100,attack-100,Vasıta > Motosiklet > Falcon > Attack 100,curated-market-v1,CURATED_REVIEW,,
Motosiklet,,Falcon,Freedom 250,,SERIES,Freedom 250,freedom-250,Vasıta > Motosiklet > Falcon > Freedom 250,curated-market-v1,CURATED_REVIEW,,
Motosiklet,,Falcon,Martian 150,,SERIES,Martian 150,martian-150,Vasıta > Motosiklet > Falcon > Martian 150,curated-market-v1,CURATED_REVIEW,,
Motosiklet,,Falcon,Mexico 150,,SERIES,Mexico 150,mexico-150,Vasıta > Motosiklet > Falcon > Mexico 150,curated-market-v1,CURATED_REVIEW,,
Motosiklet,,Fantic,Caballero 125,,SERIES,Caballero 125,caballero-125,Vasıta > Motosiklet > Fantic > Caballero 125,curated-market-v1,CURATED_REVIEW,,
Motosiklet,,Fantic,Caballero 500,,SERIES,Caballero 500,caballero-500,Vasıta > Motosiklet > Fantic > Caballero 500,curated-market-v1,CURATED_REVIEW,,
Motosiklet,,Fantic,Caballero 700,,SERIES,Caballero 700,caballero-700,Vasıta > Motosiklet > Fantic > Caballero 700,curated-market-v1,CURATED_REVIEW,,
Motosiklet,,Fantic,XEF 250,,SERIES,XEF 250,xef-250,Vasıta > Motosiklet > Fantic > XEF 250,curated-market-v1,CURATED_REVIEW,,
Motosiklet,,Fantic,XX 125,,SERIES,XX 125,xx-125,Vasıta > Motosiklet > Fantic > XX 125,curated-market-v1,CURATED_REVIEW,,
Motosiklet,,FCM,,,BRAND,FCM,fcm,Vasıta > Motosiklet > FCM,https://www.sahibinden.com/kategori/motosiklet,PUBLIC_NAV_VERIFIED,Marka doğrulandı; seri/model dalı sonraki veri doğrulamasına bırakıldı.,
Motosiklet,,Fosti,,,BRAND,Fosti,fosti,Vasıta > Motosiklet > Fosti,https://www.sahibinden.com/kategori/motosiklet,PUBLIC_NAV_VERIFIED,Marka doğrulandı; seri/model dalı sonraki veri doğrulamasına bırakıldı.,
Motosiklet,,GasGas,EC 250,,SERIES,EC 250,ec-250,Vasıta > Motosiklet > GasGas > EC 250,curated-market-v1,CURATED_REVIEW,,
Motosiklet,,GasGas,EC 300,,SERIES,EC 300,ec-300,Vasıta > Motosiklet > GasGas > EC 300,curated-market-v1,CURATED_REVIEW,,
Motosiklet,,GasGas,ES 700,,SERIES,ES 700,es-700,Vasıta > Motosiklet > GasGas > ES 700,curated-market-v1,CURATED_REVIEW,,
Motosiklet,,GasGas,MC 250F,,SERIES,MC 250F,mc-250f,Vasıta > Motosiklet > GasGas > MC 250F,curated-market-v1,CURATED_REVIEW,,
Motosiklet,,GasGas,SM 700,,SERIES,SM 700,sm-700,Vasıta > Motosiklet > GasGas > SM 700,curated-market-v1,CURATED_REVIEW,,
Motosiklet,,Gilera,DNA,,SERIES,DNA,dna,Vasıta > Motosiklet > Gilera > DNA,curated-market-v1,CURATED_REVIEW,,
Motosiklet,,Gilera,Nexus 500,,SERIES,Nexus 500,nexus-500,Vasıta > Motosiklet > Gilera > Nexus 500,curated-market-v1,CURATED_REVIEW,,
Motosiklet,,Gilera,Runner,,SERIES,Runner,runner,Vasıta > Motosiklet > Gilera > Runner,curated-market-v1,CURATED_REVIEW,,
Motosiklet,,Harley-Davidson,Breakout,,SERIES,Breakout,breakout,Vasıta > Motosiklet > Harley-Davidson > Breakout,curated-market-v1,CURATED_REVIEW,,
Motosiklet,,Harley-Davidson,CVO,,SERIES,CVO,cvo,Vasıta > Motosiklet > Harley-Davidson > CVO,curated-market-v1,CURATED_REVIEW,,
Motosiklet,,Harley-Davidson,Dyna,,SERIES,Dyna,dyna,Vasıta > Motosiklet > Harley-Davidson > Dyna,curated-market-v1,CURATED_REVIEW,,
Motosiklet,,Harley-Davidson,Fat Bob,,SERIES,Fat Bob,fat-bob,Vasıta > Motosiklet > Harley-Davidson > Fat Bob,curated-market-v1,CURATED_REVIEW,,
Motosiklet,,Harley-Davidson,Fat Boy,,SERIES,Fat Boy,fat-boy,Vasıta > Motosiklet > Harley-Davidson > Fat Boy,curated-market-v1,CURATED_REVIEW,,
Motosiklet,,Harley-Davidson,Heritage Classic,,SERIES,Heritage Classic,heritage-classic,Vasıta > Motosiklet > Harley-Davidson > Heritage Classic,curated-market-v1,CURATED_REVIEW,,
Motosiklet,,Harley-Davidson,Iron 883,,SERIES,Iron 883,iron-883,Vasıta > Motosiklet > Harley-Davidson > Iron 883,curated-market-v1,CURATED_REVIEW,,
Motosiklet,,Harley-Davidson,Low Rider,,SERIES,Low Rider,low-rider,Vasıta > Motosiklet > Harley-Davidson > Low Rider,curated-market-v1,CURATED_REVIEW,,
Motosiklet,,Harley-Davidson,Nightster,,SERIES,Nightster,nightster,Vasıta > Motosiklet > Harley-Davidson > Nightster,curated-market-v1,CURATED_REVIEW,,
Motosiklet,,Harley-Davidson,Pan America,,SERIES,Pan America,pan-america,Vasıta > Motosiklet > Harley-Davidson > Pan America,curated-market-v1,CURATED_REVIEW,,
Motosiklet,,Harley-Davidson,Road Glide,,SERIES,Road Glide,road-glide,Vasıta > Motosiklet > Harley-Davidson > Road Glide,curated-market-v1,CURATED_REVIEW,,
Motosiklet,,Harley-Davidson,Road King,,SERIES,Road King,road-king,Vasıta > Motosiklet > Harley-Davidson > Road King,curated-market-v1,CURATED_REVIEW,,
Motosiklet,,Harley-Davidson,Softail,,SERIES,Softail,softail,Vasıta > Motosiklet > Harley-Davidson > Softail,curated-market-v1,CURATED_REVIEW,,
Motosiklet,,Harley-Davidson,Sport Glide,,SERIES,Sport Glide,sport-glide,Vasıta > Motosiklet > Harley-Davidson > Sport Glide,curated-market-v1,CURATED_REVIEW,,
Motosiklet,,Harley-Davidson,Sportster S,,SERIES,Sportster S,sportster-s,Vasıta > Motosiklet > Harley-Davidson > Sportster S,curated-market-v1,CURATED_REVIEW,,
Motosiklet,,Harley-Davidson,Street Bob,,SERIES,Street Bob,street-bob,Vasıta > Motosiklet > Harley-Davidson > Street Bob,curated-market-v1,CURATED_REVIEW,,
Motosiklet,,Harley-Davidson,Street Glide,,SERIES,Street Glide,street-glide,Vasıta > Motosiklet > Harley-Davidson > Street Glide,curated-market-v1,CURATED_REVIEW,,
Motosiklet,,Harley-Davidson,V-Rod,,SERIES,V-Rod,v-rod,Vasıta > Motosiklet > Harley-Davidson > V-Rod,curated-market-v1,CURATED_REVIEW,,
Motosiklet,,Hero,Dash 125,,SERIES,Dash 125,dash-125,Vasıta > Motosiklet > Hero > Dash 125,curated-market-v1,CURATED_REVIEW,,
Motosiklet,,Hero,Duet 110,,SERIES,Duet 110,duet-110,Vasıta > Motosiklet > Hero > Duet 110,curated-market-v1,CURATED_REVIEW,,
Motosiklet,,Hero,Hunk 150,,SERIES,Hunk 150,hunk-150,Vasıta > Motosiklet > Hero > Hunk 150,curated-market-v1,CURATED_REVIEW,,
Motosiklet,,Hero,Karizma XMR,,SERIES,Karizma XMR,karizma-xmr,Vasıta > Motosiklet > Hero > Karizma XMR,curated-market-v1,CURATED_REVIEW,,
Motosiklet,,Hero,Pleasure,,SERIES,Pleasure,pleasure,Vasıta > Motosiklet > Hero > Pleasure,curated-market-v1,CURATED_REVIEW,,
Motosiklet,,Hero,Splendor,,SERIES,Splendor,splendor,Vasıta > Motosiklet > Hero > Splendor,curated-market-v1,CURATED_REVIEW,,
Motosiklet,,Hero,Xpulse 200,,SERIES,Xpulse 200,xpulse-200,Vasıta > Motosiklet > Hero > Xpulse 200,curated-market-v1,CURATED_REVIEW,,
Motosiklet,,Hero,Xtreme 160R,,SERIES,Xtreme 160R,xtreme-160r,Vasıta > Motosiklet > Hero > Xtreme 160R,curated-market-v1,CURATED_REVIEW,,
Motosiklet,,Honda,Activa,,SERIES,Activa,activa,Vasıta > Motosiklet > Honda > Activa,curated-market-v1,CURATED_REVIEW,,
Motosiklet,,Honda,Africa Twin,,SERIES,Africa Twin,africa-twin,Vasıta > Motosiklet > Honda > Africa Twin,curated-market-v1,CURATED_REVIEW,,
Motosiklet,,Honda,Africa Twin,CRF1100L Adventure Sports,MODEL_VARIANT,CRF1100L Adventure Sports,crf1100l-adventure-sports,Vasıta > Motosiklet > Honda > Africa Twin > CRF1100L Adventure Sports,curated-market-v1,CURATED_REVIEW,,
Motosiklet,,Honda,CB125F,,SERIES,CB125F,cb125f,Vasıta > Motosiklet > Honda > CB125F,curated-market-v1,CURATED_REVIEW,,
Motosiklet,,Honda,CB250R,,SERIES,CB250R,cb250r,Vasıta > Motosiklet > Honda > CB250R,curated-market-v1,CURATED_REVIEW,,
Motosiklet,,Honda,CB500F,,SERIES,CB500F,cb500f,Vasıta > Motosiklet > Honda > CB500F,curated-market-v1,CURATED_REVIEW,,
Motosiklet,,Honda,CB500X,,SERIES,CB500X,cb500x,Vasıta > Motosiklet > Honda > CB500X,curated-market-v1,CURATED_REVIEW,,
Motosiklet,,Honda,CB650R,,SERIES,CB650R,cb650r,Vasıta > Motosiklet > Honda > CB650R,curated-market-v1,CURATED_REVIEW,,
Motosiklet,,Honda,CBR1000RR,,SERIES,CBR1000RR,cbr1000rr,Vasıta > Motosiklet > Honda > CBR1000RR,curated-market-v1,CURATED_REVIEW,,
Motosiklet,,Honda,CBR125R,,SERIES,CBR125R,cbr125r,Vasıta > Motosiklet > Honda > CBR125R,curated-market-v1,CURATED_REVIEW,,
Motosiklet,,Honda,CBR250R,,SERIES,CBR250R,cbr250r,Vasıta > Motosiklet > Honda > CBR250R,curated-market-v1,CURATED_REVIEW,,
Motosiklet,,Honda,CBR500R,,SERIES,CBR500R,cbr500r,Vasıta > Motosiklet > Honda > CBR500R,curated-market-v1,CURATED_REVIEW,,
Motosiklet,,Honda,CBR600RR,,SERIES,CBR600RR,cbr600rr,Vasıta > Motosiklet > Honda > CBR600RR,curated-market-v1,CURATED_REVIEW,,
Motosiklet,,Honda,CBR650R,,SERIES,CBR650R,cbr650r,Vasıta > Motosiklet > Honda > CBR650R,curated-market-v1,CURATED_REVIEW,,
Motosiklet,,Honda,CRF1100L,,SERIES,CRF1100L,crf1100l,Vasıta > Motosiklet > Honda > CRF1100L,curated-market-v1,CURATED_REVIEW,,
Motosiklet,,Honda,CRF250L,,SERIES,CRF250L,crf250l,Vasıta > Motosiklet > Honda > CRF250L,curated-market-v1,CURATED_REVIEW,,
Motosiklet,,Honda,CRF300L,,SERIES,CRF300L,crf300l,Vasıta > Motosiklet > Honda > CRF300L,curated-market-v1,CURATED_REVIEW,,
Motosiklet,,Honda,Forza 250,,SERIES,Forza 250,forza-250,Vasıta > Motosiklet > Honda > Forza 250,curated-market-v1,CURATED_REVIEW,,
Motosiklet,,Honda,Forza 350,,SERIES,Forza 350,forza-350,Vasıta > Motosiklet > Honda > Forza 350,curated-market-v1,CURATED_REVIEW,,
Motosiklet,,Honda,Forza 750,,SERIES,Forza 750,forza-750,Vasıta > Motosiklet > Honda > Forza 750,curated-market-v1,CURATED_REVIEW,,
Motosiklet,,Honda,Gold Wing,,SERIES,Gold Wing,gold-wing,Vasıta > Motosiklet > Honda > Gold Wing,curated-market-v1,CURATED_REVIEW,,
Motosiklet,,Honda,NC750X,,SERIES,NC750X,nc750x,Vasıta > Motosiklet > Honda > NC750X,curated-market-v1,CURATED_REVIEW,,
Motosiklet,,Honda,PCX 125,,SERIES,PCX 125,pcx-125,Vasıta > Motosiklet > Honda > PCX 125,curated-market-v1,CURATED_REVIEW,,
Motosiklet,,Honda,Rebel 250,,SERIES,Rebel 250,rebel-250,Vasıta > Motosiklet > Honda > Rebel 250,curated-market-v1,CURATED_REVIEW,,
Motosiklet,,Honda,Rebel 500,,SERIES,Rebel 500,rebel-500,Vasıta > Motosiklet > Honda > Rebel 500,curated-market-v1,CURATED_REVIEW,,
Motosiklet,,Honda,SH125i,,SERIES,SH125i,sh125i,Vasıta > Motosiklet > Honda > SH125i,curated-market-v1,CURATED_REVIEW,,
Motosiklet,,Honda,SH150i,,SERIES,SH150i,sh150i,Vasıta > Motosiklet > Honda > SH150i,curated-market-v1,CURATED_REVIEW,,
Motosiklet,,Honda,Transalp XL750,,SERIES,Transalp XL750,transalp-xl750,Vasıta > Motosiklet > Honda > Transalp XL750,curated-market-v1,CURATED_REVIEW,,
Motosiklet,,Honda,Vision 110,,SERIES,Vision 110,vision-110,Vasıta > Motosiklet > Honda > Vision 110,curated-market-v1,CURATED_REVIEW,,
Motosiklet,,Honda,X-ADV,,SERIES,X-ADV,x-adv,Vasıta > Motosiklet > Honda > X-ADV,curated-market-v1,CURATED_REVIEW,,
Motosiklet,,Husqvarna,701 Enduro,,SERIES,701 Enduro,701-enduro,Vasıta > Motosiklet > Husqvarna > 701 Enduro,curated-market-v1,CURATED_REVIEW,,
Motosiklet,,Husqvarna,701 Supermoto,,SERIES,701 Supermoto,701-supermoto,Vasıta > Motosiklet > Husqvarna > 701 Supermoto,curated-market-v1,CURATED_REVIEW,,
Motosiklet,,Husqvarna,Norden 901,,SERIES,Norden 901,norden-901,Vasıta > Motosiklet > Husqvarna > Norden 901,curated-market-v1,CURATED_REVIEW,,
Motosiklet,,Husqvarna,Svartpilen 125,,SERIES,Svartpilen 125,svartpilen-125,Vasıta > Motosiklet > Husqvarna > Svartpilen 125,curated-market-v1,CURATED_REVIEW,,
Motosiklet,,Husqvarna,Svartpilen 250,,SERIES,Svartpilen 250,svartpilen-250,Vasıta > Motosiklet > Husqvarna > Svartpilen 250,curated-market-v1,CURATED_REVIEW,,
Motosiklet,,Husqvarna,Svartpilen 401,,SERIES,Svartpilen 401,svartpilen-401,Vasıta > Motosiklet > Husqvarna > Svartpilen 401,curated-market-v1,CURATED_REVIEW,,
Motosiklet,,Husqvarna,Svartpilen 801,,SERIES,Svartpilen 801,svartpilen-801,Vasıta > Motosiklet > Husqvarna > Svartpilen 801,curated-market-v1,CURATED_REVIEW,,
Motosiklet,,Husqvarna,Vitpilen 250,,SERIES,Vitpilen 250,vitpilen-250,Vasıta > Motosiklet > Husqvarna > Vitpilen 250,curated-market-v1,CURATED_REVIEW,,
Motosiklet,,Husqvarna,Vitpilen 401,,SERIES,Vitpilen 401,vitpilen-401,Vasıta > Motosiklet > Husqvarna > Vitpilen 401,curated-market-v1,CURATED_REVIEW,,
Motosiklet,,Hyosung,Aquila GV250,,SERIES,Aquila GV250,aquila-gv250,Vasıta > Motosiklet > Hyosung > Aquila GV250,curated-market-v1,CURATED_REVIEW,,
Motosiklet,,Hyosung,GT250R,,SERIES,GT250R,gt250r,Vasıta > Motosiklet > Hyosung > GT250R,curated-market-v1,CURATED_REVIEW,,
Motosiklet,,Hyosung,GT650R,,SERIES,GT650R,gt650r,Vasıta > Motosiklet > Hyosung > GT650R,curated-market-v1,CURATED_REVIEW,,
Motosiklet,,Hyosung,ST7,,SERIES,ST7,st7,Vasıta > Motosiklet > Hyosung > ST7,curated-market-v1,CURATED_REVIEW,,
Motosiklet,,Indian,Challenger,,SERIES,Challenger,challenger,Vasıta > Motosiklet > Indian > Challenger,curated-market-v1,CURATED_REVIEW,,
Motosiklet,,Indian,Chief,,SERIES,Chief,chief,Vasıta > Motosiklet > Indian > Chief,curated-market-v1,CURATED_REVIEW,,
Motosiklet,,Indian,Chieftain,,SERIES,Chieftain,chieftain,Vasıta > Motosiklet > Indian > Chieftain,curated-market-v1,CURATED_REVIEW,,
Motosiklet,,Indian,FTR,,SERIES,FTR,ftr,Vasıta > Motosiklet > Indian > FTR,curated-market-v1,CURATED_REVIEW,,
Motosiklet,,Indian,Roadmaster,,SERIES,Roadmaster,roadmaster,Vasıta > Motosiklet > Indian > Roadmaster,curated-market-v1,CURATED_REVIEW,,
Motosiklet,,Indian,Scout,,SERIES,Scout,scout,Vasıta > Motosiklet > Indian > Scout,curated-market-v1,CURATED_REVIEW,,
Motosiklet,,Indian,Springfield,,SERIES,Springfield,springfield,Vasıta > Motosiklet > Indian > Springfield,curated-market-v1,CURATED_REVIEW,,
Motosiklet,,Indian,Super Chief,,SERIES,Super Chief,super-chief,Vasıta > Motosiklet > Indian > Super Chief,curated-market-v1,CURATED_REVIEW,,
Motosiklet,,Italjet,,,BRAND,Italjet,italjet,Vasıta > Motosiklet > Italjet,https://www.sahibinden.com/kategori/motosiklet,PUBLIC_NAV_VERIFIED,Marka doğrulandı; seri/model dalı sonraki veri doğrulamasına bırakıldı.,
Motosiklet,,Jawa,,,BRAND,Jawa,jawa,Vasıta > Motosiklet > Jawa,https://www.sahibinden.com/kategori/motosiklet,PUBLIC_NAV_VERIFIED,Marka doğrulandı; seri/model dalı sonraki veri doğrulamasına bırakıldı.,
Motosiklet,,Jialing,,,BRAND,Jialing,jialing,Vasıta > Motosiklet > Jialing,https://www.sahibinden.com/kategori/motosiklet,PUBLIC_NAV_VERIFIED,Marka doğrulandı; seri/model dalı sonraki veri doğrulamasına bırakıldı.,
Motosiklet,,Kanuni,Breton 125,,SERIES,Breton 125,breton-125,Vasıta > Motosiklet > Kanuni > Breton 125,curated-market-v1,CURATED_REVIEW,,
Motosiklet,,Kanuni,Caracal 200,,SERIES,Caracal 200,caracal-200,Vasıta > Motosiklet > Kanuni > Caracal 200,curated-market-v1,CURATED_REVIEW,,
Motosiklet,,Kanuni,GT 170,,SERIES,GT 170,gt-170,Vasıta > Motosiklet > Kanuni > GT 170,curated-market-v1,CURATED_REVIEW,,
Motosiklet,,Kanuni,Seyhan 250,,SERIES,Seyhan 250,seyhan-250,Vasıta > Motosiklet > Kanuni > Seyhan 250,curated-market-v1,CURATED_REVIEW,,
Motosiklet,,Kawasaki,Eliminator 500,,SERIES,Eliminator 500,eliminator-500,Vasıta > Motosiklet > Kawasaki > Eliminator 500,curated-market-v1,CURATED_REVIEW,,
Motosiklet,,Kawasaki,ER-5,,SERIES,ER-5,er-5,Vasıta > Motosiklet > Kawasaki > ER-5,curated-market-v1,CURATED_REVIEW,,
Motosiklet,,Kawasaki,ER-6F,,SERIES,ER-6F,er-6f,Vasıta > Motosiklet > Kawasaki > ER-6F,curated-market-v1,CURATED_REVIEW,,
Motosiklet,,Kawasaki,ER-6N,,SERIES,ER-6N,er-6n,Vasıta > Motosiklet > Kawasaki > ER-6N,curated-market-v1,CURATED_REVIEW,,
Motosiklet,,Kawasaki,KLE500,,SERIES,KLE500,kle500,Vasıta > Motosiklet > Kawasaki > KLE500,curated-market-v1,CURATED_REVIEW,,
Motosiklet,,Kawasaki,KLR650,,SERIES,KLR650,klr650,Vasıta > Motosiklet > Kawasaki > KLR650,curated-market-v1,CURATED_REVIEW,,
Motosiklet,,Kawasaki,Ninja 125,,SERIES,Ninja 125,ninja-125,Vasıta > Motosiklet > Kawasaki > Ninja 125,curated-market-v1,CURATED_REVIEW,,
Motosiklet,,Kawasaki,Ninja 250,,SERIES,Ninja 250,ninja-250,Vasıta > Motosiklet > Kawasaki > Ninja 250,curated-market-v1,CURATED_REVIEW,,
Motosiklet,,Kawasaki,Ninja 300,,SERIES,Ninja 300,ninja-300,Vasıta > Motosiklet > Kawasaki > Ninja 300,curated-market-v1,CURATED_REVIEW,,
Motosiklet,,Kawasaki,Ninja 400,,SERIES,Ninja 400,ninja-400,Vasıta > Motosiklet > Kawasaki > Ninja 400,curated-market-v1,CURATED_REVIEW,,
Motosiklet,,Kawasaki,Ninja 500,,SERIES,Ninja 500,ninja-500,Vasıta > Motosiklet > Kawasaki > Ninja 500,curated-market-v1,CURATED_REVIEW,,
Motosiklet,,Kawasaki,Ninja 650,,SERIES,Ninja 650,ninja-650,Vasıta > Motosiklet > Kawasaki > Ninja 650,curated-market-v1,CURATED_REVIEW,,
Motosiklet,,Kawasaki,Ninja ZX-10R,,SERIES,Ninja ZX-10R,ninja-zx-10r,Vasıta > Motosiklet > Kawasaki > Ninja ZX-10R,curated-market-v1,CURATED_REVIEW,,
Motosiklet,,Kawasaki,Ninja ZX-6R,,SERIES,Ninja ZX-6R,ninja-zx-6r,Vasıta > Motosiklet > Kawasaki > Ninja ZX-6R,curated-market-v1,CURATED_REVIEW,,
Motosiklet,,Kawasaki,Versys 1000,,SERIES,Versys 1000,versys-1000,Vasıta > Motosiklet > Kawasaki > Versys 1000,curated-market-v1,CURATED_REVIEW,,
Motosiklet,,Kawasaki,Versys 650,,SERIES,Versys 650,versys-650,Vasıta > Motosiklet > Kawasaki > Versys 650,curated-market-v1,CURATED_REVIEW,,
Motosiklet,,Kawasaki,Vulcan S,,SERIES,Vulcan S,vulcan-s,Vasıta > Motosiklet > Kawasaki > Vulcan S,curated-market-v1,CURATED_REVIEW,,
Motosiklet,,Kawasaki,Z1000,,SERIES,Z1000,z1000,Vasıta > Motosiklet > Kawasaki > Z1000,curated-market-v1,CURATED_REVIEW,,
Motosiklet,,Kawasaki,Z125,,SERIES,Z125,z125,Vasıta > Motosiklet > Kawasaki > Z125,curated-market-v1,CURATED_REVIEW,,
Motosiklet,,Kawasaki,Z250,,SERIES,Z250,z250,Vasıta > Motosiklet > Kawasaki > Z250,curated-market-v1,CURATED_REVIEW,,
Motosiklet,,Kawasaki,Z300,,SERIES,Z300,z300,Vasıta > Motosiklet > Kawasaki > Z300,curated-market-v1,CURATED_REVIEW,,
Motosiklet,,Kawasaki,Z400,,SERIES,Z400,z400,Vasıta > Motosiklet > Kawasaki > Z400,curated-market-v1,CURATED_REVIEW,,
Motosiklet,,Kawasaki,Z500,,SERIES,Z500,z500,Vasıta > Motosiklet > Kawasaki > Z500,curated-market-v1,CURATED_REVIEW,,
Motosiklet,,Kawasaki,Z650,,SERIES,Z650,z650,Vasıta > Motosiklet > Kawasaki > Z650,curated-market-v1,CURATED_REVIEW,,
Motosiklet,,Kawasaki,Z900,,SERIES,Z900,z900,Vasıta > Motosiklet > Kawasaki > Z900,curated-market-v1,CURATED_REVIEW,,
Motosiklet,,Keeway,Blueshark,,SERIES,Blueshark,blueshark,Vasıta > Motosiklet > Keeway > Blueshark,curated-market-v1,CURATED_REVIEW,,
Motosiklet,,Keeway,K-Light 202,,SERIES,K-Light 202,k-light-202,Vasıta > Motosiklet > Keeway > K-Light 202,curated-market-v1,CURATED_REVIEW,,
Motosiklet,,Keeway,RKF 125,,SERIES,RKF 125,rkf-125,Vasıta > Motosiklet > Keeway > RKF 125,curated-market-v1,CURATED_REVIEW,,
Motosiklet,,Keeway,RKS 125,,SERIES,RKS 125,rks-125,Vasıta > Motosiklet > Keeway > RKS 125,curated-market-v1,CURATED_REVIEW,,
Motosiklet,,Keeway,Superlight 200,,SERIES,Superlight 200,superlight-200,Vasıta > Motosiklet > Keeway > Superlight 200,curated-market-v1,CURATED_REVIEW,,
Motosiklet,,Keeway,Vieste 300,,SERIES,Vieste 300,vieste-300,Vasıta > Motosiklet > Keeway > Vieste 300,curated-market-v1,CURATED_REVIEW,,
Motosiklet,,Kral Motor,Kr 25,,SERIES,Kr 25,kr-25,Vasıta > Motosiklet > Kral Motor > Kr 25,curated-market-v1,CURATED_REVIEW,,
Motosiklet,,Kral Motor,Luna 50,,SERIES,Luna 50,luna-50,Vasıta > Motosiklet > Kral Motor > Luna 50,curated-market-v1,CURATED_REVIEW,,
Motosiklet,,Kral Motor,Nirvana 150,,SERIES,Nirvana 150,nirvana-150,Vasıta > Motosiklet > Kral Motor > Nirvana 150,curated-market-v1,CURATED_REVIEW,,
Motosiklet,,KTM,125 Duke,,SERIES,125 Duke,125-duke,Vasıta > Motosiklet > KTM > 125 Duke,curated-market-v1,CURATED_REVIEW,,
Motosiklet,,KTM,1290 Super Adventure,,SERIES,1290 Super Adventure,1290-super-adventure,Vasıta > Motosiklet > KTM > 1290 Super Adventure,curated-market-v1,CURATED_REVIEW,,
Motosiklet,,KTM,1290 Super Duke R,,SERIES,1290 Super Duke R,1290-super-duke-r,Vasıta > Motosiklet > KTM > 1290 Super Duke R,curated-market-v1,CURATED_REVIEW,,
Motosiklet,,KTM,200 Duke,,SERIES,200 Duke,200-duke,Vasıta > Motosiklet > KTM > 200 Duke,curated-market-v1,CURATED_REVIEW,,
Motosiklet,,KTM,250 Adventure,,SERIES,250 Adventure,250-adventure,Vasıta > Motosiklet > KTM > 250 Adventure,curated-market-v1,CURATED_REVIEW,,
Motosiklet,,KTM,250 Duke,,SERIES,250 Duke,250-duke,Vasıta > Motosiklet > KTM > 250 Duke,curated-market-v1,CURATED_REVIEW,,
Motosiklet,,KTM,390 Adventure,,SERIES,390 Adventure,390-adventure,Vasıta > Motosiklet > KTM > 390 Adventure,curated-market-v1,CURATED_REVIEW,,
Motosiklet,,KTM,390 Duke,,SERIES,390 Duke,390-duke,Vasıta > Motosiklet > KTM > 390 Duke,curated-market-v1,CURATED_REVIEW,,
Motosiklet,,KTM,690 Duke,,SERIES,690 Duke,690-duke,Vasıta > Motosiklet > KTM > 690 Duke,curated-market-v1,CURATED_REVIEW,,
Motosiklet,,KTM,790 Adventure,,SERIES,790 Adventure,790-adventure,Vasıta > Motosiklet > KTM > 790 Adventure,curated-market-v1,CURATED_REVIEW,,
Motosiklet,,KTM,790 Duke,,SERIES,790 Duke,790-duke,Vasıta > Motosiklet > KTM > 790 Duke,curated-market-v1,CURATED_REVIEW,,
Motosiklet,,KTM,890 Adventure,,SERIES,890 Adventure,890-adventure,Vasıta > Motosiklet > KTM > 890 Adventure,curated-market-v1,CURATED_REVIEW,,
Motosiklet,,KTM,890 Duke,,SERIES,890 Duke,890-duke,Vasıta > Motosiklet > KTM > 890 Duke,curated-market-v1,CURATED_REVIEW,,
Motosiklet,,KTM,RC 125,,SERIES,RC 125,rc-125,Vasıta > Motosiklet > KTM > RC 125,curated-market-v1,CURATED_REVIEW,,
Motosiklet,,KTM,RC 200,,SERIES,RC 200,rc-200,Vasıta > Motosiklet > KTM > RC 200,curated-market-v1,CURATED_REVIEW,,
Motosiklet,,KTM,RC 250,,SERIES,RC 250,rc-250,Vasıta > Motosiklet > KTM > RC 250,curated-market-v1,CURATED_REVIEW,,
Motosiklet,,KTM,RC 390,,SERIES,RC 390,rc-390,Vasıta > Motosiklet > KTM > RC 390,curated-market-v1,CURATED_REVIEW,,
Motosiklet,,Kuba,Blueberry,,SERIES,Blueberry,blueberry,Vasıta > Motosiklet > Kuba > Blueberry,curated-market-v1,CURATED_REVIEW,,
Motosiklet,,Kuba,Ege 50,,SERIES,Ege 50,ege-50,Vasıta > Motosiklet > Kuba > Ege 50,curated-market-v1,CURATED_REVIEW,,
Motosiklet,,Kuba,RX9,,SERIES,RX9,rx9,Vasıta > Motosiklet > Kuba > RX9,curated-market-v1,CURATED_REVIEW,,
Motosiklet,,Kuba,Space 50,,SERIES,Space 50,space-50,Vasıta > Motosiklet > Kuba > Space 50,curated-market-v1,CURATED_REVIEW,,
Motosiklet,,Kuba,Superlight 125,,SERIES,Superlight 125,superlight-125,Vasıta > Motosiklet > Kuba > Superlight 125,curated-market-v1,CURATED_REVIEW,,
Motosiklet,,Kuba,X-Boss,,SERIES,X-Boss,x-boss,Vasıta > Motosiklet > Kuba > X-Boss,curated-market-v1,CURATED_REVIEW,,
Motosiklet,,Kuba,XR 100,,SERIES,XR 100,xr-100,Vasıta > Motosiklet > Kuba > XR 100,curated-market-v1,CURATED_REVIEW,,
Motosiklet,,Kuba,Çita 100R,,SERIES,Çita 100R,cita-100r,Vasıta > Motosiklet > Kuba > Çita 100R,curated-market-v1,CURATED_REVIEW,,
Motosiklet,,Kuba,Çita 125R,,SERIES,Çita 125R,cita-125r,Vasıta > Motosiklet > Kuba > Çita 125R,curated-market-v1,CURATED_REVIEW,,
Motosiklet,,Kymco,Agility 125,,SERIES,Agility 125,agility-125,Vasıta > Motosiklet > Kymco > Agility 125,curated-market-v1,CURATED_REVIEW,,
Motosiklet,,Kymco,Agility 50,,SERIES,Agility 50,agility-50,Vasıta > Motosiklet > Kymco > Agility 50,curated-market-v1,CURATED_REVIEW,,
Motosiklet,,Kymco,AK 550,,SERIES,AK 550,ak-550,Vasıta > Motosiklet > Kymco > AK 550,curated-market-v1,CURATED_REVIEW,,
Motosiklet,,Kymco,Dink R 150,,SERIES,Dink R 150,dink-r-150,Vasıta > Motosiklet > Kymco > Dink R 150,curated-market-v1,CURATED_REVIEW,,
Motosiklet,,Kymco,Downtown 250,,SERIES,Downtown 250,downtown-250,Vasıta > Motosiklet > Kymco > Downtown 250,curated-market-v1,CURATED_REVIEW,,
Motosiklet,,Kymco,Downtown 350,,SERIES,Downtown 350,downtown-350,Vasıta > Motosiklet > Kymco > Downtown 350,curated-market-v1,CURATED_REVIEW,,
Motosiklet,,Kymco,Like 125,,SERIES,Like 125,like-125,Vasıta > Motosiklet > Kymco > Like 125,curated-market-v1,CURATED_REVIEW,,
Motosiklet,,Kymco,People S 200,,SERIES,People S 200,people-s-200,Vasıta > Motosiklet > Kymco > People S 200,curated-market-v1,CURATED_REVIEW,,
Motosiklet,,Kymco,X-Town 250,,SERIES,X-Town 250,x-town-250,Vasıta > Motosiklet > Kymco > X-Town 250,curated-market-v1,CURATED_REVIEW,,
Motosiklet,,Kymco,X-Town 300,,SERIES,X-Town 300,x-town-300,Vasıta > Motosiklet > Kymco > X-Town 300,curated-market-v1,CURATED_REVIEW,,
Motosiklet,,Kymco,Xciting 400,,SERIES,Xciting 400,xciting-400,Vasıta > Motosiklet > Kymco > Xciting 400,curated-market-v1,CURATED_REVIEW,,
Motosiklet,,Lambretta,G350,,SERIES,G350,g350,Vasıta > Motosiklet > Lambretta > G350,curated-market-v1,CURATED_REVIEW,,
Motosiklet,,Lambretta,V125,,SERIES,V125,v125,Vasıta > Motosiklet > Lambretta > V125,curated-market-v1,CURATED_REVIEW,,
Motosiklet,,Lambretta,V200,,SERIES,V200,v200,Vasıta > Motosiklet > Lambretta > V200,curated-market-v1,CURATED_REVIEW,,
Motosiklet,,Lambretta,X300,,SERIES,X300,x300,Vasıta > Motosiklet > Lambretta > X300,curated-market-v1,CURATED_REVIEW,,
Motosiklet,,Lifan,Discovery 150,,SERIES,Discovery 150,discovery-150,Vasıta > Motosiklet > Lifan > Discovery 150,curated-market-v1,CURATED_REVIEW,,
Motosiklet,,Lifan,Emisol 150,,SERIES,Emisol 150,emisol-150,Vasıta > Motosiklet > Lifan > Emisol 150,curated-market-v1,CURATED_REVIEW,,
Motosiklet,,Lifan,KPR 200,,SERIES,KPR 200,kpr-200,Vasıta > Motosiklet > Lifan > KPR 200,curated-market-v1,CURATED_REVIEW,,
Motosiklet,,Lifan,LF 150,,SERIES,LF 150,lf-150,Vasıta > Motosiklet > Lifan > LF 150,curated-market-v1,CURATED_REVIEW,,
Motosiklet,,Malaguti,Dune 125,,SERIES,Dune 125,dune-125,Vasıta > Motosiklet > Malaguti > Dune 125,curated-market-v1,CURATED_REVIEW,,
Motosiklet,,Malaguti,Madison 300,,SERIES,Madison 300,madison-300,Vasıta > Motosiklet > Malaguti > Madison 300,curated-market-v1,CURATED_REVIEW,,
Motosiklet,,Malaguti,Mission 125,,SERIES,Mission 125,mission-125,Vasıta > Motosiklet > Malaguti > Mission 125,curated-market-v1,CURATED_REVIEW,,
Motosiklet,,Mash,,,BRAND,Mash,mash,Vasıta > Motosiklet > Mash,https://www.sahibinden.com/kategori/motosiklet,PUBLIC_NAV_VERIFIED,Marka doğrulandı; seri/model dalı sonraki veri doğrulamasına bırakıldı.,
Motosiklet,,Meka,,,BRAND,Meka,meka,Vasıta > Motosiklet > Meka,https://www.sahibinden.com/kategori/motosiklet,PUBLIC_NAV_VERIFIED,Marka doğrulandı; seri/model dalı sonraki veri doğrulamasına bırakıldı.,
Motosiklet,,Mondial,100 UAG,,SERIES,100 UAG,100-uag,Vasıta > Motosiklet > Mondial > 100 UAG,curated-market-v1,CURATED_REVIEW,,
Motosiklet,,Mondial,125 Drift L,,SERIES,125 Drift L,125-drift-l,Vasıta > Motosiklet > Mondial > 125 Drift L,curated-market-v1,CURATED_REVIEW,,
Motosiklet,,Mondial,125 MH Drift,,SERIES,125 MH Drift,125-mh-drift,Vasıta > Motosiklet > Mondial > 125 MH Drift,curated-market-v1,CURATED_REVIEW,,
Motosiklet,,Mondial,125 ZNU,,SERIES,125 ZNU,125-znu,Vasıta > Motosiklet > Mondial > 125 ZNU,curated-market-v1,CURATED_REVIEW,,
Motosiklet,,Mondial,150 ZC,,SERIES,150 ZC,150-zc,Vasıta > Motosiklet > Mondial > 150 ZC,curated-market-v1,CURATED_REVIEW,,
Motosiklet,,Mondial,180 Z-One,,SERIES,180 Z-One,180-z-one,Vasıta > Motosiklet > Mondial > 180 Z-One,curated-market-v1,CURATED_REVIEW,,
Motosiklet,,Mondial,250 MCT,,SERIES,250 MCT,250-mct,Vasıta > Motosiklet > Mondial > 250 MCT,curated-market-v1,CURATED_REVIEW,,
Motosiklet,,Mondial,250 Nevada,,SERIES,250 Nevada,250-nevada,Vasıta > Motosiklet > Mondial > 250 Nevada,curated-market-v1,CURATED_REVIEW,,
Motosiklet,,Mondial,RX3i Evo,,SERIES,RX3i Evo,rx3i-evo,Vasıta > Motosiklet > Mondial > RX3i Evo,curated-market-v1,CURATED_REVIEW,,
Motosiklet,,Mondial,Virago 50,,SERIES,Virago 50,virago-50,Vasıta > Motosiklet > Mondial > Virago 50,curated-market-v1,CURATED_REVIEW,,
Motosiklet,,Mondial,Wing 50,,SERIES,Wing 50,wing-50,Vasıta > Motosiklet > Mondial > Wing 50,curated-market-v1,CURATED_REVIEW,,
Motosiklet,,Moto Guzzi,California,,SERIES,California,california,Vasıta > Motosiklet > Moto Guzzi > California,curated-market-v1,CURATED_REVIEW,,
Motosiklet,,Moto Guzzi,Mandello V100,,SERIES,Mandello V100,mandello-v100,Vasıta > Motosiklet > Moto Guzzi > Mandello V100,curated-market-v1,CURATED_REVIEW,,
Motosiklet,,Moto Guzzi,Stelvio,,SERIES,Stelvio,stelvio,Vasıta > Motosiklet > Moto Guzzi > Stelvio,curated-market-v1,CURATED_REVIEW,,
Motosiklet,,Moto Guzzi,V7,,SERIES,V7,v7,Vasıta > Motosiklet > Moto Guzzi > V7,curated-market-v1,CURATED_REVIEW,,
Motosiklet,,Moto Guzzi,V85 TT,,SERIES,V85 TT,v85-tt,Vasıta > Motosiklet > Moto Guzzi > V85 TT,curated-market-v1,CURATED_REVIEW,,
Motosiklet,,Moto Guzzi,V9 Bobber,,SERIES,V9 Bobber,v9-bobber,Vasıta > Motosiklet > Moto Guzzi > V9 Bobber,curated-market-v1,CURATED_REVIEW,,
Motosiklet,,Motolux,Africa Wolf,,SERIES,Africa Wolf,africa-wolf,Vasıta > Motosiklet > Motolux > Africa Wolf,curated-market-v1,CURATED_REVIEW,,
Motosiklet,,Motolux,Efsane 50,,SERIES,Efsane 50,efsane-50,Vasıta > Motosiklet > Motolux > Efsane 50,curated-market-v1,CURATED_REVIEW,,
Motosiklet,,Motolux,Macchiato 125,,SERIES,Macchiato 125,macchiato-125,Vasıta > Motosiklet > Motolux > Macchiato 125,curated-market-v1,CURATED_REVIEW,,
Motosiklet,,Motolux,Rossi 50,,SERIES,Rossi 50,rossi-50,Vasıta > Motosiklet > Motolux > Rossi 50,curated-market-v1,CURATED_REVIEW,,
Motosiklet,,Motron,,,BRAND,Motron,motron,Vasıta > Motosiklet > Motron,https://www.sahibinden.com/kategori/motosiklet,PUBLIC_NAV_VERIFIED,Marka doğrulandı; seri/model dalı sonraki veri doğrulamasına bırakıldı.,
Motosiklet,,MV Agusta,Brutale 1000,,SERIES,Brutale 1000,brutale-1000,Vasıta > Motosiklet > MV Agusta > Brutale 1000,curated-market-v1,CURATED_REVIEW,,
Motosiklet,,MV Agusta,Brutale 800,,SERIES,Brutale 800,brutale-800,Vasıta > Motosiklet > MV Agusta > Brutale 800,curated-market-v1,CURATED_REVIEW,,
Motosiklet,,MV Agusta,Dragster 800,,SERIES,Dragster 800,dragster-800,Vasıta > Motosiklet > MV Agusta > Dragster 800,curated-market-v1,CURATED_REVIEW,,
Motosiklet,,MV Agusta,F3 800,,SERIES,F3 800,f3-800,Vasıta > Motosiklet > MV Agusta > F3 800,curated-market-v1,CURATED_REVIEW,,
Motosiklet,,MV Agusta,Rush 1000,,SERIES,Rush 1000,rush-1000,Vasıta > Motosiklet > MV Agusta > Rush 1000,curated-market-v1,CURATED_REVIEW,,
Motosiklet,,MV Agusta,Superveloce 800,,SERIES,Superveloce 800,superveloce-800,Vasıta > Motosiklet > MV Agusta > Superveloce 800,curated-market-v1,CURATED_REVIEW,,
Motosiklet,,MV Agusta,Turismo Veloce,,SERIES,Turismo Veloce,turismo-veloce,Vasıta > Motosiklet > MV Agusta > Turismo Veloce,curated-market-v1,CURATED_REVIEW,,
Motosiklet,,MZ,,,BRAND,MZ,mz,Vasıta > Motosiklet > MZ,https://www.sahibinden.com/kategori/motosiklet,PUBLIC_NAV_VERIFIED,Marka doğrulandı; seri/model dalı sonraki veri doğrulamasına bırakıldı.,
Motosiklet,,Neco,Alexone 125,,SERIES,Alexone 125,alexone-125,Vasıta > Motosiklet > Neco > Alexone 125,curated-market-v1,CURATED_REVIEW,,
Motosiklet,,Neco,Borsalino 125,,SERIES,Borsalino 125,borsalino-125,Vasıta > Motosiklet > Neco > Borsalino 125,curated-market-v1,CURATED_REVIEW,,
Motosiklet,,Neco,Gpx 50,,SERIES,Gpx 50,gpx-50,Vasıta > Motosiklet > Neco > Gpx 50,curated-market-v1,CURATED_REVIEW,,
Motosiklet,,NIU,MQi GT,,SERIES,MQi GT,mqi-gt,Vasıta > Motosiklet > NIU > MQi GT,curated-market-v1,CURATED_REVIEW,,
Motosiklet,,NIU,NQi GTS,,SERIES,NQi GTS,nqi-gts,Vasıta > Motosiklet > NIU > NQi GTS,curated-market-v1,CURATED_REVIEW,,
Motosiklet,,NIU,RQi,,SERIES,RQi,rqi,Vasıta > Motosiklet > NIU > RQi,curated-market-v1,CURATED_REVIEW,,
Motosiklet,,NIU,UQi GT,,SERIES,UQi GT,uqi-gt,Vasıta > Motosiklet > NIU > UQi GT,curated-market-v1,CURATED_REVIEW,,
Motosiklet,,Norton,Commando 961,,SERIES,Commando 961,commando-961,Vasıta > Motosiklet > Norton > Commando 961,curated-market-v1,CURATED_REVIEW,,
Motosiklet,,Norton,V4SV,,SERIES,V4SV,v4sv,Vasıta > Motosiklet > Norton > V4SV,curated-market-v1,CURATED_REVIEW,,
Motosiklet,,Peugeot,Belville 200,,SERIES,Belville 200,belville-200,Vasıta > Motosiklet > Peugeot > Belville 200,curated-market-v1,CURATED_REVIEW,,
Motosiklet,,Peugeot,Django 125,,SERIES,Django 125,django-125,Vasıta > Motosiklet > Peugeot > Django 125,curated-market-v1,CURATED_REVIEW,,
Motosiklet,,Peugeot,Kisbee 50,,SERIES,Kisbee 50,kisbee-50,Vasıta > Motosiklet > Peugeot > Kisbee 50,curated-market-v1,CURATED_REVIEW,,
Motosiklet,,Peugeot,Metropolis 400,,SERIES,Metropolis 400,metropolis-400,Vasıta > Motosiklet > Peugeot > Metropolis 400,curated-market-v1,CURATED_REVIEW,,
Motosiklet,,Peugeot,Pulsion 125,,SERIES,Pulsion 125,pulsion-125,Vasıta > Motosiklet > Peugeot > Pulsion 125,curated-market-v1,CURATED_REVIEW,,
Motosiklet,,Peugeot,Tweet 125,,SERIES,Tweet 125,tweet-125,Vasıta > Motosiklet > Peugeot > Tweet 125,curated-market-v1,CURATED_REVIEW,,
Motosiklet,,Peugeot,XP400,,SERIES,XP400,xp400,Vasıta > Motosiklet > Peugeot > XP400,curated-market-v1,CURATED_REVIEW,,
Motosiklet,,Piaggio,Beverly 300,,SERIES,Beverly 300,beverly-300,Vasıta > Motosiklet > Piaggio > Beverly 300,curated-market-v1,CURATED_REVIEW,,
Motosiklet,,Piaggio,Beverly 400,,SERIES,Beverly 400,beverly-400,Vasıta > Motosiklet > Piaggio > Beverly 400,curated-market-v1,CURATED_REVIEW,,
Motosiklet,,Piaggio,Liberty 125,,SERIES,Liberty 125,liberty-125,Vasıta > Motosiklet > Piaggio > Liberty 125,curated-market-v1,CURATED_REVIEW,,
Motosiklet,,Piaggio,Liberty 50,,SERIES,Liberty 50,liberty-50,Vasıta > Motosiklet > Piaggio > Liberty 50,curated-market-v1,CURATED_REVIEW,,
Motosiklet,,Piaggio,Medley 125,,SERIES,Medley 125,medley-125,Vasıta > Motosiklet > Piaggio > Medley 125,curated-market-v1,CURATED_REVIEW,,
Motosiklet,,Piaggio,Medley 150,,SERIES,Medley 150,medley-150,Vasıta > Motosiklet > Piaggio > Medley 150,curated-market-v1,CURATED_REVIEW,,
Motosiklet,,Piaggio,MP3 300,,SERIES,MP3 300,mp3-300,Vasıta > Motosiklet > Piaggio > MP3 300,curated-market-v1,CURATED_REVIEW,,
Motosiklet,,Piaggio,MP3 400,,SERIES,MP3 400,mp3-400,Vasıta > Motosiklet > Piaggio > MP3 400,curated-market-v1,CURATED_REVIEW,,
Motosiklet,,Piaggio,MP3 500,,SERIES,MP3 500,mp3-500,Vasıta > Motosiklet > Piaggio > MP3 500,curated-market-v1,CURATED_REVIEW,,
Motosiklet,,Piaggio,Typhoon,,SERIES,Typhoon,typhoon,Vasıta > Motosiklet > Piaggio > Typhoon,curated-market-v1,CURATED_REVIEW,,
Motosiklet,,Piaggio,Zip,,SERIES,Zip,zip,Vasıta > Motosiklet > Piaggio > Zip,curated-market-v1,CURATED_REVIEW,,
Motosiklet,,Polaris,Slingshot,,SERIES,Slingshot,slingshot,Vasıta > Motosiklet > Polaris > Slingshot,curated-market-v1,CURATED_REVIEW,,
Motosiklet,,QJ Motor,ATR 125,,SERIES,ATR 125,atr-125,Vasıta > Motosiklet > QJ Motor > ATR 125,curated-market-v1,CURATED_REVIEW,,
Motosiklet,,QJ Motor,Fort 350,,SERIES,Fort 350,fort-350,Vasıta > Motosiklet > QJ Motor > Fort 350,curated-market-v1,CURATED_REVIEW,,
Motosiklet,,QJ Motor,LTR 150,,SERIES,LTR 150,ltr-150,Vasıta > Motosiklet > QJ Motor > LTR 150,curated-market-v1,CURATED_REVIEW,,
Motosiklet,,QJ Motor,MTX 125,,SERIES,MTX 125,mtx-125,Vasıta > Motosiklet > QJ Motor > MTX 125,curated-market-v1,CURATED_REVIEW,,
Motosiklet,,QJ Motor,SRK 125,,SERIES,SRK 125,srk-125,Vasıta > Motosiklet > QJ Motor > SRK 125,curated-market-v1,CURATED_REVIEW,,
Motosiklet,,QJ Motor,SRK 250 R,,SERIES,SRK 250 R,srk-250-r,Vasıta > Motosiklet > QJ Motor > SRK 250 R,curated-market-v1,CURATED_REVIEW,,
Motosiklet,,QJ Motor,SRK 400 RR,,SERIES,SRK 400 RR,srk-400-rr,Vasıta > Motosiklet > QJ Motor > SRK 400 RR,curated-market-v1,CURATED_REVIEW,,
Motosiklet,,QJ Motor,SRK 550,,SERIES,SRK 550,srk-550,Vasıta > Motosiklet > QJ Motor > SRK 550,curated-market-v1,CURATED_REVIEW,,
Motosiklet,,QJ Motor,SRT 550,,SERIES,SRT 550,srt-550,Vasıta > Motosiklet > QJ Motor > SRT 550,curated-market-v1,CURATED_REVIEW,,
Motosiklet,,QJ Motor,SRT 700,,SERIES,SRT 700,srt-700,Vasıta > Motosiklet > QJ Motor > SRT 700,curated-market-v1,CURATED_REVIEW,,
Motosiklet,,QJ Motor,SRT 800,,SERIES,SRT 800,srt-800,Vasıta > Motosiklet > QJ Motor > SRT 800,curated-market-v1,CURATED_REVIEW,,
Motosiklet,,QJ Motor,SVT 650,,SERIES,SVT 650,svt-650,Vasıta > Motosiklet > QJ Motor > SVT 650,curated-market-v1,CURATED_REVIEW,,
Motosiklet,,RKS,A250,,SERIES,A250,a250,Vasıta > Motosiklet > RKS > A250,curated-market-v1,CURATED_REVIEW,,
Motosiklet,,RKS,Azure 50,,SERIES,Azure 50,azure-50,Vasıta > Motosiklet > RKS > Azure 50,curated-market-v1,CURATED_REVIEW,,
Motosiklet,,RKS,Bitter 50,,SERIES,Bitter 50,bitter-50,Vasıta > Motosiklet > RKS > Bitter 50,curated-market-v1,CURATED_REVIEW,,
Motosiklet,,RKS,Blade 250,,SERIES,Blade 250,blade-250,Vasıta > Motosiklet > RKS > Blade 250,curated-market-v1,CURATED_REVIEW,,
Motosiklet,,RKS,Dark Blue 50,,SERIES,Dark Blue 50,dark-blue-50,Vasıta > Motosiklet > RKS > Dark Blue 50,curated-market-v1,CURATED_REVIEW,,
Motosiklet,,RKS,Grace 202,,SERIES,Grace 202,grace-202,Vasıta > Motosiklet > RKS > Grace 202,curated-market-v1,CURATED_REVIEW,,
Motosiklet,,RKS,Newlight,,SERIES,Newlight,newlight,Vasıta > Motosiklet > RKS > Newlight,curated-market-v1,CURATED_REVIEW,,
Motosiklet,,RKS,R250,,SERIES,R250,r250,Vasıta > Motosiklet > RKS > R250,curated-market-v1,CURATED_REVIEW,,
Motosiklet,,RKS,RN 180,,SERIES,RN 180,rn-180,Vasıta > Motosiklet > RKS > RN 180,curated-market-v1,CURATED_REVIEW,,
Motosiklet,,RKS,RT250,,SERIES,RT250,rt250,Vasıta > Motosiklet > RKS > RT250,curated-market-v1,CURATED_REVIEW,,
Motosiklet,,RKS,Titanic 150,,SERIES,Titanic 150,titanic-150,Vasıta > Motosiklet > RKS > Titanic 150,curated-market-v1,CURATED_REVIEW,,
Motosiklet,,RKS,Wildcat 125,,SERIES,Wildcat 125,wildcat-125,Vasıta > Motosiklet > RKS > Wildcat 125,curated-market-v1,CURATED_REVIEW,,
Motosiklet,,Royal Alloy,GP 125,,SERIES,GP 125,gp-125,Vasıta > Motosiklet > Royal Alloy > GP 125,curated-market-v1,CURATED_REVIEW,,
Motosiklet,,Royal Alloy,GP 300,,SERIES,GP 300,gp-300,Vasıta > Motosiklet > Royal Alloy > GP 300,curated-market-v1,CURATED_REVIEW,,
Motosiklet,,Royal Alloy,TG 300,,SERIES,TG 300,tg-300,Vasıta > Motosiklet > Royal Alloy > TG 300,curated-market-v1,CURATED_REVIEW,,
Motosiklet,,Royal Enfield,Bullet 350,,SERIES,Bullet 350,bullet-350,Vasıta > Motosiklet > Royal Enfield > Bullet 350,curated-market-v1,CURATED_REVIEW,,
Motosiklet,,Royal Enfield,Classic 350,,SERIES,Classic 350,classic-350,Vasıta > Motosiklet > Royal Enfield > Classic 350,curated-market-v1,CURATED_REVIEW,,
Motosiklet,,Royal Enfield,Continental GT 650,,SERIES,Continental GT 650,continental-gt-650,Vasıta > Motosiklet > Royal Enfield > Continental GT 650,curated-market-v1,CURATED_REVIEW,,
Motosiklet,,Royal Enfield,Guerrilla 450,,SERIES,Guerrilla 450,guerrilla-450,Vasıta > Motosiklet > Royal Enfield > Guerrilla 450,curated-market-v1,CURATED_REVIEW,,
Motosiklet,,Royal Enfield,Himalayan 411,,SERIES,Himalayan 411,himalayan-411,Vasıta > Motosiklet > Royal Enfield > Himalayan 411,curated-market-v1,CURATED_REVIEW,,
Motosiklet,,Royal Enfield,Himalayan 450,,SERIES,Himalayan 450,himalayan-450,Vasıta > Motosiklet > Royal Enfield > Himalayan 450,curated-market-v1,CURATED_REVIEW,,
Motosiklet,,Royal Enfield,Hunter 350,,SERIES,Hunter 350,hunter-350,Vasıta > Motosiklet > Royal Enfield > Hunter 350,curated-market-v1,CURATED_REVIEW,,
Motosiklet,,Royal Enfield,Interceptor 650,,SERIES,Interceptor 650,interceptor-650,Vasıta > Motosiklet > Royal Enfield > Interceptor 650,curated-market-v1,CURATED_REVIEW,,
Motosiklet,,Royal Enfield,Meteor 350,,SERIES,Meteor 350,meteor-350,Vasıta > Motosiklet > Royal Enfield > Meteor 350,curated-market-v1,CURATED_REVIEW,,
Motosiklet,,Royal Enfield,Scram 411,,SERIES,Scram 411,scram-411,Vasıta > Motosiklet > Royal Enfield > Scram 411,curated-market-v1,CURATED_REVIEW,,
Motosiklet,,Royal Enfield,Shotgun 650,,SERIES,Shotgun 650,shotgun-650,Vasıta > Motosiklet > Royal Enfield > Shotgun 650,curated-market-v1,CURATED_REVIEW,,
Motosiklet,,Royal Enfield,Super Meteor 650,,SERIES,Super Meteor 650,super-meteor-650,Vasıta > Motosiklet > Royal Enfield > Super Meteor 650,curated-market-v1,CURATED_REVIEW,,
Motosiklet,,Salcano,Nova 125,,SERIES,Nova 125,nova-125,Vasıta > Motosiklet > Salcano > Nova 125,curated-market-v1,CURATED_REVIEW,,
Motosiklet,,Salcano,Wolf 125,,SERIES,Wolf 125,wolf-125,Vasıta > Motosiklet > Salcano > Wolf 125,curated-market-v1,CURATED_REVIEW,,
Motosiklet,,Scomadi,Technica 125,,SERIES,Technica 125,technica-125,Vasıta > Motosiklet > Scomadi > Technica 125,curated-market-v1,CURATED_REVIEW,,
Motosiklet,,Scomadi,Turismo Leggera 125,,SERIES,Turismo Leggera 125,turismo-leggera-125,Vasıta > Motosiklet > Scomadi > Turismo Leggera 125,curated-market-v1,CURATED_REVIEW,,
Motosiklet,,Scomadi,Turismo Technica 200,,SERIES,Turismo Technica 200,turismo-technica-200,Vasıta > Motosiklet > Scomadi > Turismo Technica 200,curated-market-v1,CURATED_REVIEW,,
Motosiklet,,Segway,E110S,,SERIES,E110S,e110s,Vasıta > Motosiklet > Segway > E110S,curated-market-v1,CURATED_REVIEW,,
Motosiklet,,Segway,E125S,,SERIES,E125S,e125s,Vasıta > Motosiklet > Segway > E125S,curated-market-v1,CURATED_REVIEW,,
Motosiklet,,Segway,E300SE,,SERIES,E300SE,e300se,Vasıta > Motosiklet > Segway > E300SE,curated-market-v1,CURATED_REVIEW,,
Motosiklet,,Skyjet,,,BRAND,Skyjet,skyjet,Vasıta > Motosiklet > Skyjet,https://www.sahibinden.com/kategori/motosiklet,PUBLIC_NAV_VERIFIED,Marka doğrulandı; seri/model dalı sonraki veri doğrulamasına bırakıldı.,
Motosiklet,,Stmax,GF 910,,SERIES,GF 910,gf-910,Vasıta > Motosiklet > Stmax > GF 910,curated-market-v1,CURATED_REVIEW,,
Motosiklet,,Stmax,Kobra,,SERIES,Kobra,kobra,Vasıta > Motosiklet > Stmax > Kobra,curated-market-v1,CURATED_REVIEW,,
Motosiklet,,Stmax,Lindy,,SERIES,Lindy,lindy,Vasıta > Motosiklet > Stmax > Lindy,curated-market-v1,CURATED_REVIEW,,
Motosiklet,,Super Soco,CPx,,SERIES,CPx,cpx,Vasıta > Motosiklet > Super Soco > CPx,curated-market-v1,CURATED_REVIEW,,
Motosiklet,,Super Soco,CUx,,SERIES,CUx,cux,Vasıta > Motosiklet > Super Soco > CUx,curated-market-v1,CURATED_REVIEW,,
Motosiklet,,Super Soco,TC,,SERIES,TC,tc,Vasıta > Motosiklet > Super Soco > TC,curated-market-v1,CURATED_REVIEW,,
Motosiklet,,Super Soco,TC Max,,SERIES,TC Max,tc-max,Vasıta > Motosiklet > Super Soco > TC Max,curated-market-v1,CURATED_REVIEW,,
Motosiklet,,Super Soco,TS Street Hunter,,SERIES,TS Street Hunter,ts-street-hunter,Vasıta > Motosiklet > Super Soco > TS Street Hunter,curated-market-v1,CURATED_REVIEW,,
Motosiklet,,Suzuki,Address 110,,SERIES,Address 110,address-110,Vasıta > Motosiklet > Suzuki > Address 110,curated-market-v1,CURATED_REVIEW,,
Motosiklet,,Suzuki,Burgman 200,,SERIES,Burgman 200,burgman-200,Vasıta > Motosiklet > Suzuki > Burgman 200,curated-market-v1,CURATED_REVIEW,,
Motosiklet,,Suzuki,Burgman 400,,SERIES,Burgman 400,burgman-400,Vasıta > Motosiklet > Suzuki > Burgman 400,curated-market-v1,CURATED_REVIEW,,
Motosiklet,,Suzuki,Burgman 650,,SERIES,Burgman 650,burgman-650,Vasıta > Motosiklet > Suzuki > Burgman 650,curated-market-v1,CURATED_REVIEW,,
Motosiklet,,Suzuki,DL1000 V-Strom,,SERIES,DL1000 V-Strom,dl1000-v-strom,Vasıta > Motosiklet > Suzuki > DL1000 V-Strom,curated-market-v1,CURATED_REVIEW,,
Motosiklet,,Suzuki,DL650 V-Strom,,SERIES,DL650 V-Strom,dl650-v-strom,Vasıta > Motosiklet > Suzuki > DL650 V-Strom,curated-market-v1,CURATED_REVIEW,,
Motosiklet,,Suzuki,DL800 V-Strom,,SERIES,DL800 V-Strom,dl800-v-strom,Vasıta > Motosiklet > Suzuki > DL800 V-Strom,curated-market-v1,CURATED_REVIEW,,
Motosiklet,,Suzuki,GSX-8R,,SERIES,GSX-8R,gsx-8r,Vasıta > Motosiklet > Suzuki > GSX-8R,curated-market-v1,CURATED_REVIEW,,
Motosiklet,,Suzuki,GSX-8S,,SERIES,GSX-8S,gsx-8s,Vasıta > Motosiklet > Suzuki > GSX-8S,curated-market-v1,CURATED_REVIEW,,
Motosiklet,,Suzuki,GSX-R1000,,SERIES,GSX-R1000,gsx-r1000,Vasıta > Motosiklet > Suzuki > GSX-R1000,curated-market-v1,CURATED_REVIEW,,
Motosiklet,,Suzuki,GSX-R600,,SERIES,GSX-R600,gsx-r600,Vasıta > Motosiklet > Suzuki > GSX-R600,curated-market-v1,CURATED_REVIEW,,
Motosiklet,,Suzuki,GSX-R750,,SERIES,GSX-R750,gsx-r750,Vasıta > Motosiklet > Suzuki > GSX-R750,curated-market-v1,CURATED_REVIEW,,
Motosiklet,,Suzuki,GSX-S1000,,SERIES,GSX-S1000,gsx-s1000,Vasıta > Motosiklet > Suzuki > GSX-S1000,curated-market-v1,CURATED_REVIEW,,
Motosiklet,,Suzuki,GSX-S750,,SERIES,GSX-S750,gsx-s750,Vasıta > Motosiklet > Suzuki > GSX-S750,curated-market-v1,CURATED_REVIEW,,
Motosiklet,,Suzuki,Hayabusa,,SERIES,Hayabusa,hayabusa,Vasıta > Motosiklet > Suzuki > Hayabusa,curated-market-v1,CURATED_REVIEW,,
Motosiklet,,Suzuki,Intruder,,SERIES,Intruder,intruder,Vasıta > Motosiklet > Suzuki > Intruder,curated-market-v1,CURATED_REVIEW,,
Motosiklet,,Suzuki,SV650,,SERIES,SV650,sv650,Vasıta > Motosiklet > Suzuki > SV650,curated-market-v1,CURATED_REVIEW,,
Motosiklet,,SYM,ADX 125,,SERIES,ADX 125,adx-125,Vasıta > Motosiklet > SYM > ADX 125,curated-market-v1,CURATED_REVIEW,,
Motosiklet,,SYM,Cruisym 250,,SERIES,Cruisym 250,cruisym-250,Vasıta > Motosiklet > SYM > Cruisym 250,curated-market-v1,CURATED_REVIEW,,
Motosiklet,,SYM,Cruisym 300,,SERIES,Cruisym 300,cruisym-300,Vasıta > Motosiklet > SYM > Cruisym 300,curated-market-v1,CURATED_REVIEW,,
Motosiklet,,SYM,Fiddle 3,,SERIES,Fiddle 3,fiddle-3,Vasıta > Motosiklet > SYM > Fiddle 3,curated-market-v1,CURATED_REVIEW,,
Motosiklet,,SYM,Jet 14,,SERIES,Jet 14,jet-14,Vasıta > Motosiklet > SYM > Jet 14,curated-market-v1,CURATED_REVIEW,,
Motosiklet,,SYM,Joymax Z 250,,SERIES,Joymax Z 250,joymax-z-250,Vasıta > Motosiklet > SYM > Joymax Z 250,curated-market-v1,CURATED_REVIEW,,
Motosiklet,,SYM,Joymax Z 300,,SERIES,Joymax Z 300,joymax-z-300,Vasıta > Motosiklet > SYM > Joymax Z 300,curated-market-v1,CURATED_REVIEW,,
Motosiklet,,SYM,Maxsym 400,,SERIES,Maxsym 400,maxsym-400,Vasıta > Motosiklet > SYM > Maxsym 400,curated-market-v1,CURATED_REVIEW,,
Motosiklet,,SYM,Maxsym TL 508,,SERIES,Maxsym TL 508,maxsym-tl-508,Vasıta > Motosiklet > SYM > Maxsym TL 508,curated-market-v1,CURATED_REVIEW,,
Motosiklet,,SYM,NH-T 200,,SERIES,NH-T 200,nh-t-200,Vasıta > Motosiklet > SYM > NH-T 200,curated-market-v1,CURATED_REVIEW,,
Motosiklet,,SYM,Symphony ST 125,,SERIES,Symphony ST 125,symphony-st-125,Vasıta > Motosiklet > SYM > Symphony ST 125,curated-market-v1,CURATED_REVIEW,,
Motosiklet,,TGB,Blade 550,,SERIES,Blade 550,blade-550,Vasıta > Motosiklet > TGB > Blade 550,curated-market-v1,CURATED_REVIEW,,
Motosiklet,,TGB,X-Motion 250,,SERIES,X-Motion 250,x-motion-250,Vasıta > Motosiklet > TGB > X-Motion 250,curated-market-v1,CURATED_REVIEW,,
Motosiklet,,Triumph,Bonneville Bobber,,SERIES,Bonneville Bobber,bonneville-bobber,Vasıta > Motosiklet > Triumph > Bonneville Bobber,curated-market-v1,CURATED_REVIEW,,
Motosiklet,,Triumph,Bonneville T100,,SERIES,Bonneville T100,bonneville-t100,Vasıta > Motosiklet > Triumph > Bonneville T100,curated-market-v1,CURATED_REVIEW,,
Motosiklet,,Triumph,Bonneville T120,,SERIES,Bonneville T120,bonneville-t120,Vasıta > Motosiklet > Triumph > Bonneville T120,curated-market-v1,CURATED_REVIEW,,
Motosiklet,,Triumph,Daytona 660,,SERIES,Daytona 660,daytona-660,Vasıta > Motosiklet > Triumph > Daytona 660,curated-market-v1,CURATED_REVIEW,,
Motosiklet,,Triumph,Rocket 3,,SERIES,Rocket 3,rocket-3,Vasıta > Motosiklet > Triumph > Rocket 3,curated-market-v1,CURATED_REVIEW,,
Motosiklet,,Triumph,Scrambler 400 X,,SERIES,Scrambler 400 X,scrambler-400-x,Vasıta > Motosiklet > Triumph > Scrambler 400 X,curated-market-v1,CURATED_REVIEW,,
Motosiklet,,Triumph,Scrambler 900,,SERIES,Scrambler 900,scrambler-900,Vasıta > Motosiklet > Triumph > Scrambler 900,curated-market-v1,CURATED_REVIEW,,
Motosiklet,,Triumph,Speed 400,,SERIES,Speed 400,speed-400,Vasıta > Motosiklet > Triumph > Speed 400,curated-market-v1,CURATED_REVIEW,,
Motosiklet,,Triumph,Speed Triple,,SERIES,Speed Triple,speed-triple,Vasıta > Motosiklet > Triumph > Speed Triple,curated-market-v1,CURATED_REVIEW,,
Motosiklet,,Triumph,Street Triple,,SERIES,Street Triple,street-triple,Vasıta > Motosiklet > Triumph > Street Triple,curated-market-v1,CURATED_REVIEW,,
Motosiklet,,Triumph,Tiger 1200,,SERIES,Tiger 1200,tiger-1200,Vasıta > Motosiklet > Triumph > Tiger 1200,curated-market-v1,CURATED_REVIEW,,
Motosiklet,,Triumph,Tiger 660,,SERIES,Tiger 660,tiger-660,Vasıta > Motosiklet > Triumph > Tiger 660,curated-market-v1,CURATED_REVIEW,,
Motosiklet,,Triumph,Tiger 850 Sport,,SERIES,Tiger 850 Sport,tiger-850-sport,Vasıta > Motosiklet > Triumph > Tiger 850 Sport,curated-market-v1,CURATED_REVIEW,,
Motosiklet,,Triumph,Tiger 900,,SERIES,Tiger 900,tiger-900,Vasıta > Motosiklet > Triumph > Tiger 900,curated-market-v1,CURATED_REVIEW,,
Motosiklet,,Triumph,Trident 660,,SERIES,Trident 660,trident-660,Vasıta > Motosiklet > Triumph > Trident 660,curated-market-v1,CURATED_REVIEW,,
Motosiklet,,TVS,Apache RR 310,,SERIES,Apache RR 310,apache-rr-310,Vasıta > Motosiklet > TVS > Apache RR 310,curated-market-v1,CURATED_REVIEW,,
Motosiklet,,TVS,Apache RTR 160,,SERIES,Apache RTR 160,apache-rtr-160,Vasıta > Motosiklet > TVS > Apache RTR 160,curated-market-v1,CURATED_REVIEW,,
Motosiklet,,TVS,Apache RTR 200,,SERIES,Apache RTR 200,apache-rtr-200,Vasıta > Motosiklet > TVS > Apache RTR 200,curated-market-v1,CURATED_REVIEW,,
Motosiklet,,TVS,Jupiter 125,,SERIES,Jupiter 125,jupiter-125,Vasıta > Motosiklet > TVS > Jupiter 125,curated-market-v1,CURATED_REVIEW,,
Motosiklet,,TVS,NTorq 125,,SERIES,NTorq 125,ntorq-125,Vasıta > Motosiklet > TVS > NTorq 125,curated-market-v1,CURATED_REVIEW,,
Motosiklet,,TVS,Raider 125,,SERIES,Raider 125,raider-125,Vasıta > Motosiklet > TVS > Raider 125,curated-market-v1,CURATED_REVIEW,,
Motosiklet,,TVS,Ronin 225,,SERIES,Ronin 225,ronin-225,Vasıta > Motosiklet > TVS > Ronin 225,curated-market-v1,CURATED_REVIEW,,
Motosiklet,,Vespa,946,,SERIES,946,946,Vasıta > Motosiklet > Vespa > 946,curated-market-v1,CURATED_REVIEW,,
Motosiklet,,Vespa,GTS 125,,SERIES,GTS 125,gts-125,Vasıta > Motosiklet > Vespa > GTS 125,curated-market-v1,CURATED_REVIEW,,
Motosiklet,,Vespa,GTS 250,,SERIES,GTS 250,gts-250,Vasıta > Motosiklet > Vespa > GTS 250,curated-market-v1,CURATED_REVIEW,,
Motosiklet,,Vespa,GTS 300,,SERIES,GTS 300,gts-300,Vasıta > Motosiklet > Vespa > GTS 300,curated-market-v1,CURATED_REVIEW,,
Motosiklet,,Vespa,GTV 300,,SERIES,GTV 300,gtv-300,Vasıta > Motosiklet > Vespa > GTV 300,curated-market-v1,CURATED_REVIEW,,
Motosiklet,,Vespa,Primavera 125,,SERIES,Primavera 125,primavera-125,Vasıta > Motosiklet > Vespa > Primavera 125,curated-market-v1,CURATED_REVIEW,,
Motosiklet,,Vespa,Primavera 150,,SERIES,Primavera 150,primavera-150,Vasıta > Motosiklet > Vespa > Primavera 150,curated-market-v1,CURATED_REVIEW,,
Motosiklet,,Vespa,Primavera 50,,SERIES,Primavera 50,primavera-50,Vasıta > Motosiklet > Vespa > Primavera 50,curated-market-v1,CURATED_REVIEW,,
Motosiklet,,Vespa,Sprint 125,,SERIES,Sprint 125,sprint-125,Vasıta > Motosiklet > Vespa > Sprint 125,curated-market-v1,CURATED_REVIEW,,
Motosiklet,,Vespa,Sprint 150,,SERIES,Sprint 150,sprint-150,Vasıta > Motosiklet > Vespa > Sprint 150,curated-market-v1,CURATED_REVIEW,,
Motosiklet,,Vespa,Sprint 50,,SERIES,Sprint 50,sprint-50,Vasıta > Motosiklet > Vespa > Sprint 50,curated-market-v1,CURATED_REVIEW,,
Motosiklet,,Voge,125 R,,SERIES,125 R,125-r,Vasıta > Motosiklet > Voge > 125 R,curated-market-v1,CURATED_REVIEW,,
Motosiklet,,Voge,250 Rally,,SERIES,250 Rally,250-rally,Vasıta > Motosiklet > Voge > 250 Rally,curated-market-v1,CURATED_REVIEW,,
Motosiklet,,Voge,300 AC,,SERIES,300 AC,300-ac,Vasıta > Motosiklet > Voge > 300 AC,curated-market-v1,CURATED_REVIEW,,
Motosiklet,,Voge,300 DS,,SERIES,300 DS,300-ds,Vasıta > Motosiklet > Voge > 300 DS,curated-market-v1,CURATED_REVIEW,,
Motosiklet,,Voge,300 Rally,,SERIES,300 Rally,300-rally,Vasıta > Motosiklet > Voge > 300 Rally,curated-market-v1,CURATED_REVIEW,,
Motosiklet,,Voge,500 AC,,SERIES,500 AC,500-ac,Vasıta > Motosiklet > Voge > 500 AC,curated-market-v1,CURATED_REVIEW,,
Motosiklet,,Voge,500 DS,,SERIES,500 DS,500-ds,Vasıta > Motosiklet > Voge > 500 DS,curated-market-v1,CURATED_REVIEW,,
Motosiklet,,Voge,525 ACX,,SERIES,525 ACX,525-acx,Vasıta > Motosiklet > Voge > 525 ACX,curated-market-v1,CURATED_REVIEW,,
Motosiklet,,Voge,525 DSX,,SERIES,525 DSX,525-dsx,Vasıta > Motosiklet > Voge > 525 DSX,curated-market-v1,CURATED_REVIEW,,
Motosiklet,,Voge,625 DSX,,SERIES,625 DSX,625-dsx,Vasıta > Motosiklet > Voge > 625 DSX,curated-market-v1,CURATED_REVIEW,,
Motosiklet,,Voge,900 DSX,,SERIES,900 DSX,900-dsx,Vasıta > Motosiklet > Voge > 900 DSX,curated-market-v1,CURATED_REVIEW,,
Motosiklet,,Volta,Apec APX5,,SERIES,Apec APX5,apec-apx5,Vasıta > Motosiklet > Volta > Apec APX5,curated-market-v1,CURATED_REVIEW,,
Motosiklet,,Volta,RM5,,SERIES,RM5,rm5,Vasıta > Motosiklet > Volta > RM5,curated-market-v1,CURATED_REVIEW,,
Motosiklet,,Volta,RS5,,SERIES,RS5,rs5,Vasıta > Motosiklet > Volta > RS5,curated-market-v1,CURATED_REVIEW,,
Motosiklet,,Volta,VS1,,SERIES,VS1,vs1,Vasıta > Motosiklet > Volta > VS1,curated-market-v1,CURATED_REVIEW,,
Motosiklet,,Volta,VS2,,SERIES,VS2,vs2,Vasıta > Motosiklet > Volta > VS2,curated-market-v1,CURATED_REVIEW,,
Motosiklet,,Volta,VSM,,SERIES,VSM,vsm,Vasıta > Motosiklet > Volta > VSM,curated-market-v1,CURATED_REVIEW,,
Motosiklet,,Yamaha,Aerox 155,,SERIES,Aerox 155,aerox-155,Vasıta > Motosiklet > Yamaha > Aerox 155,curated-market-v1,CURATED_REVIEW,,
Motosiklet,,Yamaha,Bolt,,SERIES,Bolt,bolt,Vasıta > Motosiklet > Yamaha > Bolt,curated-market-v1,CURATED_REVIEW,,
Motosiklet,,Yamaha,Cygnus L,,SERIES,Cygnus L,cygnus-l,Vasıta > Motosiklet > Yamaha > Cygnus L,curated-market-v1,CURATED_REVIEW,,
Motosiklet,,Yamaha,Delight,,SERIES,Delight,delight,Vasıta > Motosiklet > Yamaha > Delight,curated-market-v1,CURATED_REVIEW,,
Motosiklet,,Yamaha,FJR1300,,SERIES,FJR1300,fjr1300,Vasıta > Motosiklet > Yamaha > FJR1300,curated-market-v1,CURATED_REVIEW,,
Motosiklet,,Yamaha,MT-07,,SERIES,MT-07,mt-07,Vasıta > Motosiklet > Yamaha > MT-07,curated-market-v1,CURATED_REVIEW,,
Motosiklet,,Yamaha,MT-09,,SERIES,MT-09,mt-09,Vasıta > Motosiklet > Yamaha > MT-09,curated-market-v1,CURATED_REVIEW,,
Motosiklet,,Yamaha,MT-10,,SERIES,MT-10,mt-10,Vasıta > Motosiklet > Yamaha > MT-10,curated-market-v1,CURATED_REVIEW,,
Motosiklet,,Yamaha,NMAX 125,,SERIES,NMAX 125,nmax-125,Vasıta > Motosiklet > Yamaha > NMAX 125,curated-market-v1,CURATED_REVIEW,,
Motosiklet,,Yamaha,NMAX 155,,SERIES,NMAX 155,nmax-155,Vasıta > Motosiklet > Yamaha > NMAX 155,curated-market-v1,CURATED_REVIEW,,
Motosiklet,,Yamaha,R1,,SERIES,R1,r1,Vasıta > Motosiklet > Yamaha > R1,curated-market-v1,CURATED_REVIEW,,
Motosiklet,,Yamaha,R25,,SERIES,R25,r25,Vasıta > Motosiklet > Yamaha > R25,curated-market-v1,CURATED_REVIEW,,
Motosiklet,,Yamaha,R6,,SERIES,R6,r6,Vasıta > Motosiklet > Yamaha > R6,curated-market-v1,CURATED_REVIEW,,
Motosiklet,,Yamaha,R7,,SERIES,R7,r7,Vasıta > Motosiklet > Yamaha > R7,curated-market-v1,CURATED_REVIEW,,
Motosiklet,,Yamaha,Tenere 700,,SERIES,Tenere 700,tenere-700,Vasıta > Motosiklet > Yamaha > Tenere 700,curated-market-v1,CURATED_REVIEW,,
Motosiklet,,Yamaha,Tracer 7,,SERIES,Tracer 7,tracer-7,Vasıta > Motosiklet > Yamaha > Tracer 7,curated-market-v1,CURATED_REVIEW,,
Motosiklet,,Yamaha,Tracer 9,,SERIES,Tracer 9,tracer-9,Vasıta > Motosiklet > Yamaha > Tracer 9,curated-market-v1,CURATED_REVIEW,,
Motosiklet,,Yamaha,Tricity 300,,SERIES,Tricity 300,tricity-300,Vasıta > Motosiklet > Yamaha > Tricity 300,curated-market-v1,CURATED_REVIEW,,
Motosiklet,,Yamaha,XMAX 250,,SERIES,XMAX 250,xmax-250,Vasıta > Motosiklet > Yamaha > XMAX 250,curated-market-v1,CURATED_REVIEW,,
Motosiklet,,Yamaha,XMAX 300,,SERIES,XMAX 300,xmax-300,Vasıta > Motosiklet > Yamaha > XMAX 300,curated-market-v1,CURATED_REVIEW,,
Motosiklet,,Yamaha,XMAX 400,,SERIES,XMAX 400,xmax-400,Vasıta > Motosiklet > Yamaha > XMAX 400,curated-market-v1,CURATED_REVIEW,,
Motosiklet,,Yamaha,YZF-R125,,SERIES,YZF-R125,yzf-r125,Vasıta > Motosiklet > Yamaha > YZF-R125,curated-market-v1,CURATED_REVIEW,,
Motosiklet,,Yamaha,YZF-R3,,SERIES,YZF-R3,yzf-r3,Vasıta > Motosiklet > Yamaha > YZF-R3,curated-market-v1,CURATED_REVIEW,,
Motosiklet,,Yuki,Active 125,,SERIES,Active 125,active-125,Vasıta > Motosiklet > Yuki > Active 125,curated-market-v1,CURATED_REVIEW,,
Motosiklet,,Yuki,Casper S,,SERIES,Casper S,casper-s,Vasıta > Motosiklet > Yuki > Casper S,curated-market-v1,CURATED_REVIEW,,
Motosiklet,,Yuki,Hammer 50,,SERIES,Hammer 50,hammer-50,Vasıta > Motosiklet > Yuki > Hammer 50,curated-market-v1,CURATED_REVIEW,,
Motosiklet,,Yuki,Legend 50,,SERIES,Legend 50,legend-50,Vasıta > Motosiklet > Yuki > Legend 50,curated-market-v1,CURATED_REVIEW,,
Motosiklet,,Yuki,Matrix 125,,SERIES,Matrix 125,matrix-125,Vasıta > Motosiklet > Yuki > Matrix 125,curated-market-v1,CURATED_REVIEW,,
Motosiklet,,Yuki,Spitzer,,SERIES,Spitzer,spitzer,Vasıta > Motosiklet > Yuki > Spitzer,curated-market-v1,CURATED_REVIEW,,
Motosiklet,,Yuki,Taro GP1,,SERIES,Taro GP1,taro-gp1,Vasıta > Motosiklet > Yuki > Taro GP1,curated-market-v1,CURATED_REVIEW,,
Motosiklet,,Zontes,125 G1,,SERIES,125 G1,125-g1,Vasıta > Motosiklet > Zontes > 125 G1,curated-market-v1,CURATED_REVIEW,,
Motosiklet,,Zontes,125 U,,SERIES,125 U,125-u,Vasıta > Motosiklet > Zontes > 125 U,curated-market-v1,CURATED_REVIEW,,
Motosiklet,,Zontes,125 U1,,SERIES,125 U1,125-u1,Vasıta > Motosiklet > Zontes > 125 U1,curated-market-v1,CURATED_REVIEW,,
Motosiklet,,Zontes,125 X,,SERIES,125 X,125-x,Vasıta > Motosiklet > Zontes > 125 X,curated-market-v1,CURATED_REVIEW,,
Motosiklet,,Zontes,250 R,,SERIES,250 R,250-r,Vasıta > Motosiklet > Zontes > 250 R,curated-market-v1,CURATED_REVIEW,,
Motosiklet,,Zontes,310 M,,SERIES,310 M,310-m,Vasıta > Motosiklet > Zontes > 310 M,curated-market-v1,CURATED_REVIEW,,
Motosiklet,,Zontes,350 D,,SERIES,350 D,350-d,Vasıta > Motosiklet > Zontes > 350 D,curated-market-v1,CURATED_REVIEW,,
Motosiklet,,Zontes,350 E,,SERIES,350 E,350-e,Vasıta > Motosiklet > Zontes > 350 E,curated-market-v1,CURATED_REVIEW,,
Motosiklet,,Zontes,350 GK,,SERIES,350 GK,350-gk,Vasıta > Motosiklet > Zontes > 350 GK,curated-market-v1,CURATED_REVIEW,,
Motosiklet,,Zontes,350 R,,SERIES,350 R,350-r,Vasıta > Motosiklet > Zontes > 350 R,curated-market-v1,CURATED_REVIEW,,
Motosiklet,,Zontes,350 T,,SERIES,350 T,350-t,Vasıta > Motosiklet > Zontes > 350 T,curated-market-v1,CURATED_REVIEW,,
Motosiklet,,Zontes,350 V,,SERIES,350 V,350-v,Vasıta > Motosiklet > Zontes > 350 V,curated-market-v1,CURATED_REVIEW,,
Motosiklet,,Zontes,368 G,,SERIES,368 G,368-g,Vasıta > Motosiklet > Zontes > 368 G,curated-market-v1,CURATED_REVIEW,,
Motosiklet,,Çelik Motor,,,BRAND,Çelik Motor,celik-motor,Vasıta > Motosiklet > Çelik Motor,https://www.sahibinden.com/kategori/motosiklet,PUBLIC_NAV_VERIFIED,Marka doğrulandı; seri/model dalı sonraki veri doğrulamasına bırakıldı.,
Minivan & Panelvan,,Askam,Fargo,,SERIES,Fargo,fargo,Vasıta > Minivan & Panelvan > Askam > Fargo,curated-market-v1,CURATED_REVIEW,,
Minivan & Panelvan,,BMC,Levend,,SERIES,Levend,levend,Vasıta > Minivan & Panelvan > BMC > Levend,curated-market-v1,CURATED_REVIEW,,
Minivan & Panelvan,,BMC,Megastar,,SERIES,Megastar,megastar,Vasıta > Minivan & Panelvan > BMC > Megastar,curated-market-v1,CURATED_REVIEW,,
Minivan & Panelvan,,Chery,Taxim,,SERIES,Taxim,taxim,Vasıta > Minivan & Panelvan > Chery > Taxim,curated-market-v1,CURATED_REVIEW,,
Minivan & Panelvan,,Chevrolet,Astro,,SERIES,Astro,astro,Vasıta > Minivan & Panelvan > Chevrolet > Astro,curated-market-v1,CURATED_REVIEW,,
Minivan & Panelvan,,Chevrolet,Express,,SERIES,Express,express,Vasıta > Minivan & Panelvan > Chevrolet > Express,curated-market-v1,CURATED_REVIEW,,
Minivan & Panelvan,,Chrysler,Grand Voyager,,SERIES,Grand Voyager,grand-voyager,Vasıta > Minivan & Panelvan > Chrysler > Grand Voyager,curated-market-v1,CURATED_REVIEW,,
Minivan & Panelvan,,Chrysler,Voyager,,SERIES,Voyager,voyager,Vasıta > Minivan & Panelvan > Chrysler > Voyager,curated-market-v1,CURATED_REVIEW,,
Minivan & Panelvan,,Citroen,Berlingo,,SERIES,Berlingo,berlingo,Vasıta > Minivan & Panelvan > Citroen > Berlingo,curated-market-v1,CURATED_REVIEW,,
Minivan & Panelvan,,Citroen,Berlingo,1.5 BlueHDi Feel,MODEL_VARIANT,1.5 BlueHDi Feel,1-5-bluehdi-feel,Vasıta > Minivan & Panelvan > Citroen > Berlingo > 1.5 BlueHDi Feel,curated-market-v1,CURATED_REVIEW,,
Minivan & Panelvan,,Citroen,Berlingo,1.5 BlueHDi Shine,MODEL_VARIANT,1.5 BlueHDi Shine,1-5-bluehdi-shine,Vasıta > Minivan & Panelvan > Citroen > Berlingo > 1.5 BlueHDi Shine,curated-market-v1,CURATED_REVIEW,,
Minivan & Panelvan,,Citroen,Berlingo,Van,MODEL_VARIANT,Van,van,Vasıta > Minivan & Panelvan > Citroen > Berlingo > Van,curated-market-v1,CURATED_REVIEW,,
Minivan & Panelvan,,Citroen,Jumper,,SERIES,Jumper,jumper,Vasıta > Minivan & Panelvan > Citroen > Jumper,curated-market-v1,CURATED_REVIEW,,
Minivan & Panelvan,,Citroen,Jumper,2.2 BlueHDi L2H2,MODEL_VARIANT,2.2 BlueHDi L2H2,2-2-bluehdi-l2h2,Vasıta > Minivan & Panelvan > Citroen > Jumper > 2.2 BlueHDi L2H2,curated-market-v1,CURATED_REVIEW,,
Minivan & Panelvan,,Citroen,Jumper,2.2 BlueHDi L4H3,MODEL_VARIANT,2.2 BlueHDi L4H3,2-2-bluehdi-l4h3,Vasıta > Minivan & Panelvan > Citroen > Jumper > 2.2 BlueHDi L4H3,curated-market-v1,CURATED_REVIEW,,
Minivan & Panelvan,,Citroen,Jumpy,,SERIES,Jumpy,jumpy,Vasıta > Minivan & Panelvan > Citroen > Jumpy,curated-market-v1,CURATED_REVIEW,,
Minivan & Panelvan,,Citroen,Jumpy,1.5 BlueHDi,MODEL_VARIANT,1.5 BlueHDi,1-5-bluehdi,Vasıta > Minivan & Panelvan > Citroen > Jumpy > 1.5 BlueHDi,curated-market-v1,CURATED_REVIEW,,
Minivan & Panelvan,,Citroen,Jumpy,2.0 BlueHDi,MODEL_VARIANT,2.0 BlueHDi,2-0-bluehdi,Vasıta > Minivan & Panelvan > Citroen > Jumpy > 2.0 BlueHDi,curated-market-v1,CURATED_REVIEW,,
Minivan & Panelvan,,Citroen,Nemo,,SERIES,Nemo,nemo,Vasıta > Minivan & Panelvan > Citroen > Nemo,curated-market-v1,CURATED_REVIEW,,
Minivan & Panelvan,,Citroen,Nemo,1.3 HDi,MODEL_VARIANT,1.3 HDi,1-3-hdi,Vasıta > Minivan & Panelvan > Citroen > Nemo > 1.3 HDi,curated-market-v1,CURATED_REVIEW,,
Minivan & Panelvan,,Dacia,Dokker,,SERIES,Dokker,dokker,Vasıta > Minivan & Panelvan > Dacia > Dokker,curated-market-v1,CURATED_REVIEW,,
Minivan & Panelvan,,Dacia,Dokker,1.5 dCi Ambiance,MODEL_VARIANT,1.5 dCi Ambiance,1-5-dci-ambiance,Vasıta > Minivan & Panelvan > Dacia > Dokker > 1.5 dCi Ambiance,curated-market-v1,CURATED_REVIEW,,
Minivan & Panelvan,,Dacia,Dokker,1.5 dCi Stepway,MODEL_VARIANT,1.5 dCi Stepway,1-5-dci-stepway,Vasıta > Minivan & Panelvan > Dacia > Dokker > 1.5 dCi Stepway,curated-market-v1,CURATED_REVIEW,,
Minivan & Panelvan,,Dacia,Lodgy,,SERIES,Lodgy,lodgy,Vasıta > Minivan & Panelvan > Dacia > Lodgy,curated-market-v1,CURATED_REVIEW,,
Minivan & Panelvan,,Dacia,Lodgy,1.5 dCi Laureate,MODEL_VARIANT,1.5 dCi Laureate,1-5-dci-laureate,Vasıta > Minivan & Panelvan > Dacia > Lodgy > 1.5 dCi Laureate,curated-market-v1,CURATED_REVIEW,,
Minivan & Panelvan,,Dacia,Lodgy,1.5 dCi Stepway,MODEL_VARIANT,1.5 dCi Stepway,1-5-dci-stepway,Vasıta > Minivan & Panelvan > Dacia > Lodgy > 1.5 dCi Stepway,curated-market-v1,CURATED_REVIEW,,
Minivan & Panelvan,,DFM,Rich,,SERIES,Rich,rich,Vasıta > Minivan & Panelvan > DFM > Rich,curated-market-v1,CURATED_REVIEW,,
Minivan & Panelvan,,DFM,Succe,,SERIES,Succe,succe,Vasıta > Minivan & Panelvan > DFM > Succe,curated-market-v1,CURATED_REVIEW,,
Minivan & Panelvan,,DFSK,C31,,SERIES,C31,c31,Vasıta > Minivan & Panelvan > DFSK > C31,curated-market-v1,CURATED_REVIEW,,
Minivan & Panelvan,,DFSK,C32,,SERIES,C32,c32,Vasıta > Minivan & Panelvan > DFSK > C32,curated-market-v1,CURATED_REVIEW,,
Minivan & Panelvan,,DFSK,C35,,SERIES,C35,c35,Vasıta > Minivan & Panelvan > DFSK > C35,curated-market-v1,CURATED_REVIEW,,
Minivan & Panelvan,,Dodge,Ram Van,,SERIES,Ram Van,ram-van,Vasıta > Minivan & Panelvan > Dodge > Ram Van,curated-market-v1,CURATED_REVIEW,,
Minivan & Panelvan,,Fiat,Doblo Cargo,,SERIES,Doblo Cargo,doblo-cargo,Vasıta > Minivan & Panelvan > Fiat > Doblo Cargo,curated-market-v1,CURATED_REVIEW,,
Minivan & Panelvan,,Fiat,Doblo Cargo,1.3 Multijet,MODEL_VARIANT,1.3 Multijet,1-3-multijet,Vasıta > Minivan & Panelvan > Fiat > Doblo Cargo > 1.3 Multijet,curated-market-v1,CURATED_REVIEW,,
Minivan & Panelvan,,Fiat,Doblo Cargo,1.6 Multijet,MODEL_VARIANT,1.6 Multijet,1-6-multijet,Vasıta > Minivan & Panelvan > Fiat > Doblo Cargo > 1.6 Multijet,curated-market-v1,CURATED_REVIEW,,
Minivan & Panelvan,,Fiat,Doblo Cargo,1.9 D,MODEL_VARIANT,1.9 D,1-9-d,Vasıta > Minivan & Panelvan > Fiat > Doblo Cargo > 1.9 D,curated-market-v1,CURATED_REVIEW,,
Minivan & Panelvan,,Fiat,Doblo Combi,,SERIES,Doblo Combi,doblo-combi,Vasıta > Minivan & Panelvan > Fiat > Doblo Combi,curated-market-v1,CURATED_REVIEW,,
Minivan & Panelvan,,Fiat,Doblo Combi,1.3 Multijet Safeline,MODEL_VARIANT,1.3 Multijet Safeline,1-3-multijet-safeline,Vasıta > Minivan & Panelvan > Fiat > Doblo Combi > 1.3 Multijet Safeline,curated-market-v1,CURATED_REVIEW,,
Minivan & Panelvan,,Fiat,Doblo Combi,1.6 Multijet Premio,MODEL_VARIANT,1.6 Multijet Premio,1-6-multijet-premio,Vasıta > Minivan & Panelvan > Fiat > Doblo Combi > 1.6 Multijet Premio,curated-market-v1,CURATED_REVIEW,,
Minivan & Panelvan,,Fiat,Ducato,,SERIES,Ducato,ducato,Vasıta > Minivan & Panelvan > Fiat > Ducato,curated-market-v1,CURATED_REVIEW,,
Minivan & Panelvan,,Fiat,Ducato,2.2 Multijet L2H2,MODEL_VARIANT,2.2 Multijet L2H2,2-2-multijet-l2h2,Vasıta > Minivan & Panelvan > Fiat > Ducato > 2.2 Multijet L2H2,curated-market-v1,CURATED_REVIEW,,
Minivan & Panelvan,,Fiat,Ducato,2.3 Multijet L4H3,MODEL_VARIANT,2.3 Multijet L4H3,2-3-multijet-l4h3,Vasıta > Minivan & Panelvan > Fiat > Ducato > 2.3 Multijet L4H3,curated-market-v1,CURATED_REVIEW,,
Minivan & Panelvan,,Fiat,Fiorino Cargo,,SERIES,Fiorino Cargo,fiorino-cargo,Vasıta > Minivan & Panelvan > Fiat > Fiorino Cargo,curated-market-v1,CURATED_REVIEW,,
Minivan & Panelvan,,Fiat,Fiorino Cargo,1.3 Multijet,MODEL_VARIANT,1.3 Multijet,1-3-multijet,Vasıta > Minivan & Panelvan > Fiat > Fiorino Cargo > 1.3 Multijet,curated-market-v1,CURATED_REVIEW,,
Minivan & Panelvan,,Fiat,Fiorino Panorama,,SERIES,Fiorino Panorama,fiorino-panorama,Vasıta > Minivan & Panelvan > Fiat > Fiorino Panorama,curated-market-v1,CURATED_REVIEW,,
Minivan & Panelvan,,Fiat,Fiorino Panorama,1.3 Multijet Pop,MODEL_VARIANT,1.3 Multijet Pop,1-3-multijet-pop,Vasıta > Minivan & Panelvan > Fiat > Fiorino Panorama > 1.3 Multijet Pop,curated-market-v1,CURATED_REVIEW,,
Minivan & Panelvan,,Fiat,Fiorino Panorama,Premio,MODEL_VARIANT,Premio,premio,Vasıta > Minivan & Panelvan > Fiat > Fiorino Panorama > Premio,curated-market-v1,CURATED_REVIEW,,
Minivan & Panelvan,,Fiat,Scudo,,SERIES,Scudo,scudo,Vasıta > Minivan & Panelvan > Fiat > Scudo,curated-market-v1,CURATED_REVIEW,,
Minivan & Panelvan,,Fiat,Scudo,2.0 Multijet,MODEL_VARIANT,2.0 Multijet,2-0-multijet,Vasıta > Minivan & Panelvan > Fiat > Scudo > 2.0 Multijet,curated-market-v1,CURATED_REVIEW,,
Minivan & Panelvan,,Fiat,Talento,,SERIES,Talento,talento,Vasıta > Minivan & Panelvan > Fiat > Talento,curated-market-v1,CURATED_REVIEW,,
Minivan & Panelvan,,Fiat,Talento,1.6 Multijet,MODEL_VARIANT,1.6 Multijet,1-6-multijet,Vasıta > Minivan & Panelvan > Fiat > Talento > 1.6 Multijet,curated-market-v1,CURATED_REVIEW,,
Minivan & Panelvan,,Ford,Tourneo Connect,,SERIES,Tourneo Connect,tourneo-connect,Vasıta > Minivan & Panelvan > Ford > Tourneo Connect,curated-market-v1,CURATED_REVIEW,,
Minivan & Panelvan,,Ford,Tourneo Connect,1.5 EcoBlue Titanium,MODEL_VARIANT,1.5 EcoBlue Titanium,1-5-ecoblue-titanium,Vasıta > Minivan & Panelvan > Ford > Tourneo Connect > 1.5 EcoBlue Titanium,curated-market-v1,CURATED_REVIEW,,
Minivan & Panelvan,,Ford,Tourneo Courier,,SERIES,Tourneo Courier,tourneo-courier,Vasıta > Minivan & Panelvan > Ford > Tourneo Courier,curated-market-v1,CURATED_REVIEW,,
Minivan & Panelvan,,Ford,Tourneo Courier,1.0 EcoBoost Titanium,MODEL_VARIANT,1.0 EcoBoost Titanium,1-0-ecoboost-titanium,Vasıta > Minivan & Panelvan > Ford > Tourneo Courier > 1.0 EcoBoost Titanium,curated-market-v1,CURATED_REVIEW,,
Minivan & Panelvan,,Ford,Tourneo Courier,1.5 TDCi Titanium,MODEL_VARIANT,1.5 TDCi Titanium,1-5-tdci-titanium,Vasıta > Minivan & Panelvan > Ford > Tourneo Courier > 1.5 TDCi Titanium,curated-market-v1,CURATED_REVIEW,,
Minivan & Panelvan,,Ford,Tourneo Custom,,SERIES,Tourneo Custom,tourneo-custom,Vasıta > Minivan & Panelvan > Ford > Tourneo Custom,curated-market-v1,CURATED_REVIEW,,
Minivan & Panelvan,,Ford,Tourneo Custom,2.0 EcoBlue Titanium,MODEL_VARIANT,2.0 EcoBlue Titanium,2-0-ecoblue-titanium,Vasıta > Minivan & Panelvan > Ford > Tourneo Custom > 2.0 EcoBlue Titanium,curated-market-v1,CURATED_REVIEW,,
Minivan & Panelvan,,Ford,Transit,,SERIES,Transit,transit,Vasıta > Minivan & Panelvan > Ford > Transit,curated-market-v1,CURATED_REVIEW,,
Minivan & Panelvan,,Ford,Transit,2.0 EcoBlue 350L,MODEL_VARIANT,2.0 EcoBlue 350L,2-0-ecoblue-350l,Vasıta > Minivan & Panelvan > Ford > Transit > 2.0 EcoBlue 350L,curated-market-v1,CURATED_REVIEW,,
Minivan & Panelvan,,Ford,Transit,2.2 TDCi 350M,MODEL_VARIANT,2.2 TDCi 350M,2-2-tdci-350m,Vasıta > Minivan & Panelvan > Ford > Transit > 2.2 TDCi 350M,curated-market-v1,CURATED_REVIEW,,
Minivan & Panelvan,,Ford,Transit Connect,,SERIES,Transit Connect,transit-connect,Vasıta > Minivan & Panelvan > Ford > Transit Connect,curated-market-v1,CURATED_REVIEW,,
Minivan & Panelvan,,Ford,Transit Connect,1.5 TDCi Trend,MODEL_VARIANT,1.5 TDCi Trend,1-5-tdci-trend,Vasıta > Minivan & Panelvan > Ford > Transit Connect > 1.5 TDCi Trend,curated-market-v1,CURATED_REVIEW,,
Minivan & Panelvan,,Ford,Transit Courier,,SERIES,Transit Courier,transit-courier,Vasıta > Minivan & Panelvan > Ford > Transit Courier,curated-market-v1,CURATED_REVIEW,,
Minivan & Panelvan,,Ford,Transit Courier,1.5 EcoBlue Trend,MODEL_VARIANT,1.5 EcoBlue Trend,1-5-ecoblue-trend,Vasıta > Minivan & Panelvan > Ford > Transit Courier > 1.5 EcoBlue Trend,curated-market-v1,CURATED_REVIEW,,
Minivan & Panelvan,,Ford,Transit Custom,,SERIES,Transit Custom,transit-custom,Vasıta > Minivan & Panelvan > Ford > Transit Custom,curated-market-v1,CURATED_REVIEW,,
Minivan & Panelvan,,Ford,Transit Custom,2.0 EcoBlue Trend,MODEL_VARIANT,2.0 EcoBlue Trend,2-0-ecoblue-trend,Vasıta > Minivan & Panelvan > Ford > Transit Custom > 2.0 EcoBlue Trend,curated-market-v1,CURATED_REVIEW,,
Minivan & Panelvan,,GAZ,Gazelle,,SERIES,Gazelle,gazelle,Vasıta > Minivan & Panelvan > GAZ > Gazelle,curated-market-v1,CURATED_REVIEW,,
Minivan & Panelvan,,GAZ,Sobol,,SERIES,Sobol,sobol,Vasıta > Minivan & Panelvan > GAZ > Sobol,curated-market-v1,CURATED_REVIEW,,
Minivan & Panelvan,,GMC,Savana,,SERIES,Savana,savana,Vasıta > Minivan & Panelvan > GMC > Savana,curated-market-v1,CURATED_REVIEW,,
Minivan & Panelvan,,Hyundai,H-1,,SERIES,H-1,h-1,Vasıta > Minivan & Panelvan > Hyundai > H-1,curated-market-v1,CURATED_REVIEW,,
Minivan & Panelvan,,Hyundai,H-1,2.5 CRDi Elite,MODEL_VARIANT,2.5 CRDi Elite,2-5-crdi-elite,Vasıta > Minivan & Panelvan > Hyundai > H-1 > 2.5 CRDi Elite,curated-market-v1,CURATED_REVIEW,,
Minivan & Panelvan,,Hyundai,H-1,Panelvan,MODEL_VARIANT,Panelvan,panelvan,Vasıta > Minivan & Panelvan > Hyundai > H-1 > Panelvan,curated-market-v1,CURATED_REVIEW,,
Minivan & Panelvan,,Hyundai,H100,,SERIES,H100,h100,Vasıta > Minivan & Panelvan > Hyundai > H100,curated-market-v1,CURATED_REVIEW,,
Minivan & Panelvan,,Hyundai,H100,2.5 CRDi,MODEL_VARIANT,2.5 CRDi,2-5-crdi,Vasıta > Minivan & Panelvan > Hyundai > H100 > 2.5 CRDi,curated-market-v1,CURATED_REVIEW,,
Minivan & Panelvan,,Iveco,Daily,,SERIES,Daily,daily,Vasıta > Minivan & Panelvan > Iveco > Daily,curated-market-v1,CURATED_REVIEW,,
Minivan & Panelvan,,Iveco,Daily,35C15,MODEL_VARIANT,35C15,35c15,Vasıta > Minivan & Panelvan > Iveco > Daily > 35C15,curated-market-v1,CURATED_REVIEW,,
Minivan & Panelvan,,Iveco,Daily,35S16,MODEL_VARIANT,35S16,35s16,Vasıta > Minivan & Panelvan > Iveco > Daily > 35S16,curated-market-v1,CURATED_REVIEW,,
Minivan & Panelvan,,Iveco,Daily,50C15,MODEL_VARIANT,50C15,50c15,Vasıta > Minivan & Panelvan > Iveco > Daily > 50C15,curated-market-v1,CURATED_REVIEW,,
Minivan & Panelvan,,Iveco,Daily,70C15,MODEL_VARIANT,70C15,70c15,Vasıta > Minivan & Panelvan > Iveco > Daily > 70C15,curated-market-v1,CURATED_REVIEW,,
Minivan & Panelvan,,Kia,Besta,,SERIES,Besta,besta,Vasıta > Minivan & Panelvan > Kia > Besta,curated-market-v1,CURATED_REVIEW,,
Minivan & Panelvan,,Kia,Carnival,,SERIES,Carnival,carnival,Vasıta > Minivan & Panelvan > Kia > Carnival,curated-market-v1,CURATED_REVIEW,,
Minivan & Panelvan,,Kia,Pregio,,SERIES,Pregio,pregio,Vasıta > Minivan & Panelvan > Kia > Pregio,curated-market-v1,CURATED_REVIEW,,
Minivan & Panelvan,,Lancia,Phedra,,SERIES,Phedra,phedra,Vasıta > Minivan & Panelvan > Lancia > Phedra,curated-market-v1,CURATED_REVIEW,,
Minivan & Panelvan,,Lancia,Voyager,,SERIES,Voyager,voyager,Vasıta > Minivan & Panelvan > Lancia > Voyager,curated-market-v1,CURATED_REVIEW,,
Minivan & Panelvan,,MAN,TGE,,SERIES,TGE,tge,Vasıta > Minivan & Panelvan > MAN > TGE,curated-market-v1,CURATED_REVIEW,,
Minivan & Panelvan,,Maxus,Deliver 3,,SERIES,Deliver 3,deliver-3,Vasıta > Minivan & Panelvan > Maxus > Deliver 3,curated-market-v1,CURATED_REVIEW,,
Minivan & Panelvan,,Maxus,Deliver 3,Electric,MODEL_VARIANT,Electric,electric,Vasıta > Minivan & Panelvan > Maxus > Deliver 3 > Electric,curated-market-v1,CURATED_REVIEW,,
Minivan & Panelvan,,Maxus,Deliver 7,,SERIES,Deliver 7,deliver-7,Vasıta > Minivan & Panelvan > Maxus > Deliver 7,curated-market-v1,CURATED_REVIEW,,
Minivan & Panelvan,,Maxus,Deliver 7,Diesel,MODEL_VARIANT,Diesel,diesel,Vasıta > Minivan & Panelvan > Maxus > Deliver 7 > Diesel,curated-market-v1,CURATED_REVIEW,,
Minivan & Panelvan,,Maxus,Deliver 7,Electric,MODEL_VARIANT,Electric,electric,Vasıta > Minivan & Panelvan > Maxus > Deliver 7 > Electric,curated-market-v1,CURATED_REVIEW,,
Minivan & Panelvan,,Maxus,Deliver 9,,SERIES,Deliver 9,deliver-9,Vasıta > Minivan & Panelvan > Maxus > Deliver 9,curated-market-v1,CURATED_REVIEW,,
Minivan & Panelvan,,Maxus,Deliver 9,Diesel,MODEL_VARIANT,Diesel,diesel,Vasıta > Minivan & Panelvan > Maxus > Deliver 9 > Diesel,curated-market-v1,CURATED_REVIEW,,
Minivan & Panelvan,,Maxus,Deliver 9,Electric,MODEL_VARIANT,Electric,electric,Vasıta > Minivan & Panelvan > Maxus > Deliver 9 > Electric,curated-market-v1,CURATED_REVIEW,,
Minivan & Panelvan,,Maxus,eDeliver 5,,SERIES,eDeliver 5,edeliver-5,Vasıta > Minivan & Panelvan > Maxus > eDeliver 5,curated-market-v1,CURATED_REVIEW,,
Minivan & Panelvan,,Maxus,eDeliver 9,,SERIES,eDeliver 9,edeliver-9,Vasıta > Minivan & Panelvan > Maxus > eDeliver 9,curated-market-v1,CURATED_REVIEW,,
Minivan & Panelvan,,Mazda,E2000,,SERIES,E2000,e2000,Vasıta > Minivan & Panelvan > Mazda > E2000,curated-market-v1,CURATED_REVIEW,,
Minivan & Panelvan,,Mazda,E2200,,SERIES,E2200,e2200,Vasıta > Minivan & Panelvan > Mazda > E2200,curated-market-v1,CURATED_REVIEW,,
Minivan & Panelvan,,Mercedes-Benz,Citan,,SERIES,Citan,citan,Vasıta > Minivan & Panelvan > Mercedes-Benz > Citan,curated-market-v1,CURATED_REVIEW,,
Minivan & Panelvan,,Mercedes-Benz,Citan,108 CDI,MODEL_VARIANT,108 CDI,108-cdi,Vasıta > Minivan & Panelvan > Mercedes-Benz > Citan > 108 CDI,curated-market-v1,CURATED_REVIEW,,
Minivan & Panelvan,,Mercedes-Benz,Citan,109 CDI,MODEL_VARIANT,109 CDI,109-cdi,Vasıta > Minivan & Panelvan > Mercedes-Benz > Citan > 109 CDI,curated-market-v1,CURATED_REVIEW,,
Minivan & Panelvan,,Mercedes-Benz,Citan,111 CDI,MODEL_VARIANT,111 CDI,111-cdi,Vasıta > Minivan & Panelvan > Mercedes-Benz > Citan > 111 CDI,curated-market-v1,CURATED_REVIEW,,
Minivan & Panelvan,,Mercedes-Benz,Sprinter,,SERIES,Sprinter,sprinter,Vasıta > Minivan & Panelvan > Mercedes-Benz > Sprinter,curated-market-v1,CURATED_REVIEW,,
Minivan & Panelvan,,Mercedes-Benz,Sprinter,313 CDI,MODEL_VARIANT,313 CDI,313-cdi,Vasıta > Minivan & Panelvan > Mercedes-Benz > Sprinter > 313 CDI,curated-market-v1,CURATED_REVIEW,,
Minivan & Panelvan,,Mercedes-Benz,Sprinter,315 CDI,MODEL_VARIANT,315 CDI,315-cdi,Vasıta > Minivan & Panelvan > Mercedes-Benz > Sprinter > 315 CDI,curated-market-v1,CURATED_REVIEW,,
Minivan & Panelvan,,Mercedes-Benz,Sprinter,316 CDI,MODEL_VARIANT,316 CDI,316-cdi,Vasıta > Minivan & Panelvan > Mercedes-Benz > Sprinter > 316 CDI,curated-market-v1,CURATED_REVIEW,,
Minivan & Panelvan,,Mercedes-Benz,Sprinter,319 CDI,MODEL_VARIANT,319 CDI,319-cdi,Vasıta > Minivan & Panelvan > Mercedes-Benz > Sprinter > 319 CDI,curated-market-v1,CURATED_REVIEW,,
Minivan & Panelvan,,Mercedes-Benz,Sprinter,413 CDI,MODEL_VARIANT,413 CDI,413-cdi,Vasıta > Minivan & Panelvan > Mercedes-Benz > Sprinter > 413 CDI,curated-market-v1,CURATED_REVIEW,,
Minivan & Panelvan,,Mercedes-Benz,Sprinter,515 CDI,MODEL_VARIANT,515 CDI,515-cdi,Vasıta > Minivan & Panelvan > Mercedes-Benz > Sprinter > 515 CDI,curated-market-v1,CURATED_REVIEW,,
Minivan & Panelvan,,Mercedes-Benz,Vaneo,,SERIES,Vaneo,vaneo,Vasıta > Minivan & Panelvan > Mercedes-Benz > Vaneo,curated-market-v1,CURATED_REVIEW,,
Minivan & Panelvan,,Mercedes-Benz,Viano,,SERIES,Viano,viano,Vasıta > Minivan & Panelvan > Mercedes-Benz > Viano,curated-market-v1,CURATED_REVIEW,,
Minivan & Panelvan,,Mercedes-Benz,Viano,2.2 CDI Ambiente,MODEL_VARIANT,2.2 CDI Ambiente,2-2-cdi-ambiente,Vasıta > Minivan & Panelvan > Mercedes-Benz > Viano > 2.2 CDI Ambiente,curated-market-v1,CURATED_REVIEW,,
Minivan & Panelvan,,Mercedes-Benz,Vito,,SERIES,Vito,vito,Vasıta > Minivan & Panelvan > Mercedes-Benz > Vito,curated-market-v1,CURATED_REVIEW,,
Minivan & Panelvan,,Mercedes-Benz,Vito,111 CDI,MODEL_VARIANT,111 CDI,111-cdi,Vasıta > Minivan & Panelvan > Mercedes-Benz > Vito > 111 CDI,curated-market-v1,CURATED_REVIEW,,
Minivan & Panelvan,,Mercedes-Benz,Vito,114 CDI,MODEL_VARIANT,114 CDI,114-cdi,Vasıta > Minivan & Panelvan > Mercedes-Benz > Vito > 114 CDI,curated-market-v1,CURATED_REVIEW,,
Minivan & Panelvan,,Mercedes-Benz,Vito,119 CDI Tourer,MODEL_VARIANT,119 CDI Tourer,119-cdi-tourer,Vasıta > Minivan & Panelvan > Mercedes-Benz > Vito > 119 CDI Tourer,curated-market-v1,CURATED_REVIEW,,
Minivan & Panelvan,,Mitsubishi,L300,,SERIES,L300,l300,Vasıta > Minivan & Panelvan > Mitsubishi > L300,curated-market-v1,CURATED_REVIEW,,
Minivan & Panelvan,,Mitsubishi,L300,2.5 D,MODEL_VARIANT,2.5 D,2-5-d,Vasıta > Minivan & Panelvan > Mitsubishi > L300 > 2.5 D,curated-market-v1,CURATED_REVIEW,,
Minivan & Panelvan,,Mitsubishi,L400,,SERIES,L400,l400,Vasıta > Minivan & Panelvan > Mitsubishi > L400,curated-market-v1,CURATED_REVIEW,,
Minivan & Panelvan,,Nissan,NV200,,SERIES,NV200,nv200,Vasıta > Minivan & Panelvan > Nissan > NV200,curated-market-v1,CURATED_REVIEW,,
Minivan & Panelvan,,Nissan,NV200,1.5 dCi,MODEL_VARIANT,1.5 dCi,1-5-dci,Vasıta > Minivan & Panelvan > Nissan > NV200 > 1.5 dCi,curated-market-v1,CURATED_REVIEW,,
Minivan & Panelvan,,Nissan,NV200,Evalia,MODEL_VARIANT,Evalia,evalia,Vasıta > Minivan & Panelvan > Nissan > NV200 > Evalia,curated-market-v1,CURATED_REVIEW,,
Minivan & Panelvan,,Nissan,NV300,,SERIES,NV300,nv300,Vasıta > Minivan & Panelvan > Nissan > NV300,curated-market-v1,CURATED_REVIEW,,
Minivan & Panelvan,,Nissan,NV300,1.6 dCi,MODEL_VARIANT,1.6 dCi,1-6-dci,Vasıta > Minivan & Panelvan > Nissan > NV300 > 1.6 dCi,curated-market-v1,CURATED_REVIEW,,
Minivan & Panelvan,,Nissan,NV400,,SERIES,NV400,nv400,Vasıta > Minivan & Panelvan > Nissan > NV400,curated-market-v1,CURATED_REVIEW,,
Minivan & Panelvan,,Nissan,NV400,2.3 dCi,MODEL_VARIANT,2.3 dCi,2-3-dci,Vasıta > Minivan & Panelvan > Nissan > NV400 > 2.3 dCi,curated-market-v1,CURATED_REVIEW,,
Minivan & Panelvan,,Nissan,Primastar,,SERIES,Primastar,primastar,Vasıta > Minivan & Panelvan > Nissan > Primastar,curated-market-v1,CURATED_REVIEW,,
Minivan & Panelvan,,Nissan,Townstar,,SERIES,Townstar,townstar,Vasıta > Minivan & Panelvan > Nissan > Townstar,curated-market-v1,CURATED_REVIEW,,
Minivan & Panelvan,,Nissan,Townstar,EV,MODEL_VARIANT,EV,ev,Vasıta > Minivan & Panelvan > Nissan > Townstar > EV,curated-market-v1,CURATED_REVIEW,,
Minivan & Panelvan,,Nissan,Vanette,,SERIES,Vanette,vanette,Vasıta > Minivan & Panelvan > Nissan > Vanette,curated-market-v1,CURATED_REVIEW,,
Minivan & Panelvan,,Opel,Combo,,SERIES,Combo,combo,Vasıta > Minivan & Panelvan > Opel > Combo,curated-market-v1,CURATED_REVIEW,,
Minivan & Panelvan,,Opel,Combo,1.3 CDTI City Plus,MODEL_VARIANT,1.3 CDTI City Plus,1-3-cdti-city-plus,Vasıta > Minivan & Panelvan > Opel > Combo > 1.3 CDTI City Plus,curated-market-v1,CURATED_REVIEW,,
Minivan & Panelvan,,Opel,Combo,1.5 D Edition,MODEL_VARIANT,1.5 D Edition,1-5-d-edition,Vasıta > Minivan & Panelvan > Opel > Combo > 1.5 D Edition,curated-market-v1,CURATED_REVIEW,,
Minivan & Panelvan,,Opel,Movano,,SERIES,Movano,movano,Vasıta > Minivan & Panelvan > Opel > Movano,curated-market-v1,CURATED_REVIEW,,
Minivan & Panelvan,,Opel,Movano,2.3 CDTI L3H2,MODEL_VARIANT,2.3 CDTI L3H2,2-3-cdti-l3h2,Vasıta > Minivan & Panelvan > Opel > Movano > 2.3 CDTI L3H2,curated-market-v1,CURATED_REVIEW,,
Minivan & Panelvan,,Opel,Vivaro,,SERIES,Vivaro,vivaro,Vasıta > Minivan & Panelvan > Opel > Vivaro,curated-market-v1,CURATED_REVIEW,,
Minivan & Panelvan,,Opel,Vivaro,1.6 CDTI,MODEL_VARIANT,1.6 CDTI,1-6-cdti,Vasıta > Minivan & Panelvan > Opel > Vivaro > 1.6 CDTI,curated-market-v1,CURATED_REVIEW,,
Minivan & Panelvan,,Opel,Vivaro,2.0 D,MODEL_VARIANT,2.0 D,2-0-d,Vasıta > Minivan & Panelvan > Opel > Vivaro > 2.0 D,curated-market-v1,CURATED_REVIEW,,
Minivan & Panelvan,,Peugeot,Bipper,,SERIES,Bipper,bipper,Vasıta > Minivan & Panelvan > Peugeot > Bipper,curated-market-v1,CURATED_REVIEW,,
Minivan & Panelvan,,Peugeot,Bipper,1.3 HDi,MODEL_VARIANT,1.3 HDi,1-3-hdi,Vasıta > Minivan & Panelvan > Peugeot > Bipper > 1.3 HDi,curated-market-v1,CURATED_REVIEW,,
Minivan & Panelvan,,Peugeot,Boxer,,SERIES,Boxer,boxer,Vasıta > Minivan & Panelvan > Peugeot > Boxer,curated-market-v1,CURATED_REVIEW,,
Minivan & Panelvan,,Peugeot,Boxer,2.2 BlueHDi L3H2,MODEL_VARIANT,2.2 BlueHDi L3H2,2-2-bluehdi-l3h2,Vasıta > Minivan & Panelvan > Peugeot > Boxer > 2.2 BlueHDi L3H2,curated-market-v1,CURATED_REVIEW,,
Minivan & Panelvan,,Peugeot,Expert,,SERIES,Expert,expert,Vasıta > Minivan & Panelvan > Peugeot > Expert,curated-market-v1,CURATED_REVIEW,,
Minivan & Panelvan,,Peugeot,Expert,1.5 BlueHDi,MODEL_VARIANT,1.5 BlueHDi,1-5-bluehdi,Vasıta > Minivan & Panelvan > Peugeot > Expert > 1.5 BlueHDi,curated-market-v1,CURATED_REVIEW,,
Minivan & Panelvan,,Peugeot,Expert,2.0 BlueHDi,MODEL_VARIANT,2.0 BlueHDi,2-0-bluehdi,Vasıta > Minivan & Panelvan > Peugeot > Expert > 2.0 BlueHDi,curated-market-v1,CURATED_REVIEW,,
Minivan & Panelvan,,Peugeot,Partner,,SERIES,Partner,partner,Vasıta > Minivan & Panelvan > Peugeot > Partner,curated-market-v1,CURATED_REVIEW,,
Minivan & Panelvan,,Peugeot,Partner,1.5 BlueHDi Premium,MODEL_VARIANT,1.5 BlueHDi Premium,1-5-bluehdi-premium,Vasıta > Minivan & Panelvan > Peugeot > Partner > 1.5 BlueHDi Premium,curated-market-v1,CURATED_REVIEW,,
Minivan & Panelvan,,Peugeot,Partner,1.6 HDi Tepee,MODEL_VARIANT,1.6 HDi Tepee,1-6-hdi-tepee,Vasıta > Minivan & Panelvan > Peugeot > Partner > 1.6 HDi Tepee,curated-market-v1,CURATED_REVIEW,,
Minivan & Panelvan,,Peugeot,Rifter,,SERIES,Rifter,rifter,Vasıta > Minivan & Panelvan > Peugeot > Rifter,curated-market-v1,CURATED_REVIEW,,
Minivan & Panelvan,,Peugeot,Rifter,1.5 BlueHDi Allure,MODEL_VARIANT,1.5 BlueHDi Allure,1-5-bluehdi-allure,Vasıta > Minivan & Panelvan > Peugeot > Rifter > 1.5 BlueHDi Allure,curated-market-v1,CURATED_REVIEW,,
Minivan & Panelvan,,Pontiac,Montana,,SERIES,Montana,montana,Vasıta > Minivan & Panelvan > Pontiac > Montana,curated-market-v1,CURATED_REVIEW,,
Minivan & Panelvan,,Pontiac,Trans Sport,,SERIES,Trans Sport,trans-sport,Vasıta > Minivan & Panelvan > Pontiac > Trans Sport,curated-market-v1,CURATED_REVIEW,,
Minivan & Panelvan,,Renault,Express Van,,SERIES,Express Van,express-van,Vasıta > Minivan & Panelvan > Renault > Express Van,curated-market-v1,CURATED_REVIEW,,
Minivan & Panelvan,,Renault,Express Van,1.5 Blue dCi,MODEL_VARIANT,1.5 Blue dCi,1-5-blue-dci,Vasıta > Minivan & Panelvan > Renault > Express Van > 1.5 Blue dCi,curated-market-v1,CURATED_REVIEW,,
Minivan & Panelvan,,Renault,Kangoo,,SERIES,Kangoo,kangoo,Vasıta > Minivan & Panelvan > Renault > Kangoo,curated-market-v1,CURATED_REVIEW,,
Minivan & Panelvan,,Renault,Kangoo,1.5 dCi Express,MODEL_VARIANT,1.5 dCi Express,1-5-dci-express,Vasıta > Minivan & Panelvan > Renault > Kangoo > 1.5 dCi Express,curated-market-v1,CURATED_REVIEW,,
Minivan & Panelvan,,Renault,Kangoo,1.5 dCi Multix,MODEL_VARIANT,1.5 dCi Multix,1-5-dci-multix,Vasıta > Minivan & Panelvan > Renault > Kangoo > 1.5 dCi Multix,curated-market-v1,CURATED_REVIEW,,
Minivan & Panelvan,,Renault,Master,,SERIES,Master,master,Vasıta > Minivan & Panelvan > Renault > Master,curated-market-v1,CURATED_REVIEW,,
Minivan & Panelvan,,Renault,Master,2.3 dCi L2H2,MODEL_VARIANT,2.3 dCi L2H2,2-3-dci-l2h2,Vasıta > Minivan & Panelvan > Renault > Master > 2.3 dCi L2H2,curated-market-v1,CURATED_REVIEW,,
Minivan & Panelvan,,Renault,Master,2.3 dCi L4H3,MODEL_VARIANT,2.3 dCi L4H3,2-3-dci-l4h3,Vasıta > Minivan & Panelvan > Renault > Master > 2.3 dCi L4H3,curated-market-v1,CURATED_REVIEW,,
Minivan & Panelvan,,Renault,Trafic,,SERIES,Trafic,trafic,Vasıta > Minivan & Panelvan > Renault > Trafic,curated-market-v1,CURATED_REVIEW,,
Minivan & Panelvan,,Renault,Trafic,1.6 dCi,MODEL_VARIANT,1.6 dCi,1-6-dci,Vasıta > Minivan & Panelvan > Renault > Trafic > 1.6 dCi,curated-market-v1,CURATED_REVIEW,,
Minivan & Panelvan,,Renault,Trafic,2.0 Blue dCi,MODEL_VARIANT,2.0 Blue dCi,2-0-blue-dci,Vasıta > Minivan & Panelvan > Renault > Trafic > 2.0 Blue dCi,curated-market-v1,CURATED_REVIEW,,
Minivan & Panelvan,,Seat,Inca,,SERIES,Inca,inca,Vasıta > Minivan & Panelvan > Seat > Inca,curated-market-v1,CURATED_REVIEW,,
Minivan & Panelvan,,Skoda,Praktik,,SERIES,Praktik,praktik,Vasıta > Minivan & Panelvan > Skoda > Praktik,curated-market-v1,CURATED_REVIEW,,
Minivan & Panelvan,,Suzuki,Carry,,SERIES,Carry,carry,Vasıta > Minivan & Panelvan > Suzuki > Carry,curated-market-v1,CURATED_REVIEW,,
Minivan & Panelvan,,Suzuki,Super Carry,,SERIES,Super Carry,super-carry,Vasıta > Minivan & Panelvan > Suzuki > Super Carry,curated-market-v1,CURATED_REVIEW,,
Minivan & Panelvan,,Tenax,V1,,SERIES,V1,v1,Vasıta > Minivan & Panelvan > Tenax > V1,curated-market-v1,CURATED_REVIEW,,
Minivan & Panelvan,,Toyota,Hiace,,SERIES,Hiace,hiace,Vasıta > Minivan & Panelvan > Toyota > Hiace,curated-market-v1,CURATED_REVIEW,,
Minivan & Panelvan,,Toyota,Proace,,SERIES,Proace,proace,Vasıta > Minivan & Panelvan > Toyota > Proace,curated-market-v1,CURATED_REVIEW,,
Minivan & Panelvan,,Toyota,Proace,2.0 D Comfort,MODEL_VARIANT,2.0 D Comfort,2-0-d-comfort,Vasıta > Minivan & Panelvan > Toyota > Proace > 2.0 D Comfort,curated-market-v1,CURATED_REVIEW,,
Minivan & Panelvan,,Toyota,Proace City,,SERIES,Proace City,proace-city,Vasıta > Minivan & Panelvan > Toyota > Proace City,curated-market-v1,CURATED_REVIEW,,
Minivan & Panelvan,,Toyota,Proace City,1.5 D Dream,MODEL_VARIANT,1.5 D Dream,1-5-d-dream,Vasıta > Minivan & Panelvan > Toyota > Proace City > 1.5 D Dream,curated-market-v1,CURATED_REVIEW,,
Minivan & Panelvan,,Toyota,Proace City,1.5 D Cargo,MODEL_VARIANT,1.5 D Cargo,1-5-d-cargo,Vasıta > Minivan & Panelvan > Toyota > Proace City > 1.5 D Cargo,curated-market-v1,CURATED_REVIEW,,
Minivan & Panelvan,,Volkswagen,Caddy,,SERIES,Caddy,caddy,Vasıta > Minivan & Panelvan > Volkswagen > Caddy,curated-market-v1,CURATED_REVIEW,,
Minivan & Panelvan,,Volkswagen,Caddy,1.6 TDI Comfortline,MODEL_VARIANT,1.6 TDI Comfortline,1-6-tdi-comfortline,Vasıta > Minivan & Panelvan > Volkswagen > Caddy > 1.6 TDI Comfortline,curated-market-v1,CURATED_REVIEW,,
Minivan & Panelvan,,Volkswagen,Caddy,2.0 TDI Life,MODEL_VARIANT,2.0 TDI Life,2-0-tdi-life,Vasıta > Minivan & Panelvan > Volkswagen > Caddy > 2.0 TDI Life,curated-market-v1,CURATED_REVIEW,,
Minivan & Panelvan,,Volkswagen,Caddy,Cargo,MODEL_VARIANT,Cargo,cargo,Vasıta > Minivan & Panelvan > Volkswagen > Caddy > Cargo,curated-market-v1,CURATED_REVIEW,,
Minivan & Panelvan,,Volkswagen,Crafter,,SERIES,Crafter,crafter,Vasıta > Minivan & Panelvan > Volkswagen > Crafter,curated-market-v1,CURATED_REVIEW,,
Minivan & Panelvan,,Volkswagen,Crafter,2.0 TDI L3H2,MODEL_VARIANT,2.0 TDI L3H2,2-0-tdi-l3h2,Vasıta > Minivan & Panelvan > Volkswagen > Crafter > 2.0 TDI L3H2,curated-market-v1,CURATED_REVIEW,,
Minivan & Panelvan,,Volkswagen,Crafter,L4H3,MODEL_VARIANT,L4H3,l4h3,Vasıta > Minivan & Panelvan > Volkswagen > Crafter > L4H3,curated-market-v1,CURATED_REVIEW,,
Minivan & Panelvan,,Volkswagen,Multivan,,SERIES,Multivan,multivan,Vasıta > Minivan & Panelvan > Volkswagen > Multivan,curated-market-v1,CURATED_REVIEW,,
Minivan & Panelvan,,Volkswagen,Multivan,2.0 TDI,MODEL_VARIANT,2.0 TDI,2-0-tdi,Vasıta > Minivan & Panelvan > Volkswagen > Multivan > 2.0 TDI,curated-market-v1,CURATED_REVIEW,,
Minivan & Panelvan,,Volkswagen,Multivan,1.4 eHybrid,MODEL_VARIANT,1.4 eHybrid,1-4-ehybrid,Vasıta > Minivan & Panelvan > Volkswagen > Multivan > 1.4 eHybrid,curated-market-v1,CURATED_REVIEW,,
Minivan & Panelvan,,Volkswagen,Transporter,,SERIES,Transporter,transporter,Vasıta > Minivan & Panelvan > Volkswagen > Transporter,curated-market-v1,CURATED_REVIEW,,
Minivan & Panelvan,,Volkswagen,Transporter,2.0 TDI City Van,MODEL_VARIANT,2.0 TDI City Van,2-0-tdi-city-van,Vasıta > Minivan & Panelvan > Volkswagen > Transporter > 2.0 TDI City Van,curated-market-v1,CURATED_REVIEW,,
Minivan & Panelvan,,Volkswagen,Transporter,Panel Van,MODEL_VARIANT,Panel Van,panel-van,Vasıta > Minivan & Panelvan > Volkswagen > Transporter > Panel Van,curated-market-v1,CURATED_REVIEW,,
Minivan & Panelvan,,Volkswagen,Transporter,Caravelle,MODEL_VARIANT,Caravelle,caravelle,Vasıta > Minivan & Panelvan > Volkswagen > Transporter > Caravelle,curated-market-v1,CURATED_REVIEW,,
Ticari Araçlar,Minibüs & Midibüs,BMC,Neocity,,SERIES,Neocity,neocity,Vasıta > Ticari Araçlar > Minibüs & Midibüs > BMC > Neocity,curated-market-v1,CURATED_REVIEW,,
Ticari Araçlar,Minibüs & Midibüs,BMC,Probus,,SERIES,Probus,probus,Vasıta > Ticari Araçlar > Minibüs & Midibüs > BMC > Probus,curated-market-v1,CURATED_REVIEW,,
Ticari Araçlar,Minibüs & Midibüs,Ford,Tourneo Custom,,SERIES,Tourneo Custom,tourneo-custom,Vasıta > Ticari Araçlar > Minibüs & Midibüs > Ford > Tourneo Custom,curated-market-v1,CURATED_REVIEW,,
Ticari Araçlar,Minibüs & Midibüs,Ford,Transit,,SERIES,Transit,transit,Vasıta > Ticari Araçlar > Minibüs & Midibüs > Ford > Transit,curated-market-v1,CURATED_REVIEW,,
Ticari Araçlar,Minibüs & Midibüs,Ford,Transit,14+1,MODEL_VARIANT,14+1,14-1,Vasıta > Ticari Araçlar > Minibüs & Midibüs > Ford > Transit > 14+1,curated-market-v1,CURATED_REVIEW,,
Ticari Araçlar,Minibüs & Midibüs,Ford,Transit,16+1,MODEL_VARIANT,16+1,16-1,Vasıta > Ticari Araçlar > Minibüs & Midibüs > Ford > Transit > 16+1,curated-market-v1,CURATED_REVIEW,,
Ticari Araçlar,Minibüs & Midibüs,Ford,Transit,19+1,MODEL_VARIANT,19+1,19-1,Vasıta > Ticari Araçlar > Minibüs & Midibüs > Ford > Transit > 19+1,curated-market-v1,CURATED_REVIEW,,
Ticari Araçlar,Minibüs & Midibüs,Isuzu,Novo,,SERIES,Novo,novo,Vasıta > Ticari Araçlar > Minibüs & Midibüs > Isuzu > Novo,curated-market-v1,CURATED_REVIEW,,
Ticari Araçlar,Minibüs & Midibüs,Isuzu,Turquoise,,SERIES,Turquoise,turquoise,Vasıta > Ticari Araçlar > Minibüs & Midibüs > Isuzu > Turquoise,curated-market-v1,CURATED_REVIEW,,
Ticari Araçlar,Minibüs & Midibüs,Isuzu,Visigo,,SERIES,Visigo,visigo,Vasıta > Ticari Araçlar > Minibüs & Midibüs > Isuzu > Visigo,curated-market-v1,CURATED_REVIEW,,
Ticari Araçlar,Minibüs & Midibüs,Iveco,Daily,,SERIES,Daily,daily,Vasıta > Ticari Araçlar > Minibüs & Midibüs > Iveco > Daily,curated-market-v1,CURATED_REVIEW,,
Ticari Araçlar,Minibüs & Midibüs,Iveco,Daily,50C15,MODEL_VARIANT,50C15,50c15,Vasıta > Ticari Araçlar > Minibüs & Midibüs > Iveco > Daily > 50C15,curated-market-v1,CURATED_REVIEW,,
Ticari Araçlar,Minibüs & Midibüs,Iveco,Daily,70C15,MODEL_VARIANT,70C15,70c15,Vasıta > Ticari Araçlar > Minibüs & Midibüs > Iveco > Daily > 70C15,curated-market-v1,CURATED_REVIEW,,
Ticari Araçlar,Minibüs & Midibüs,Iveco,Mobi,,SERIES,Mobi,mobi,Vasıta > Ticari Araçlar > Minibüs & Midibüs > Iveco > Mobi,curated-market-v1,CURATED_REVIEW,,
Ticari Araçlar,Minibüs & Midibüs,Karsan,Atak,,SERIES,Atak,atak,Vasıta > Ticari Araçlar > Minibüs & Midibüs > Karsan > Atak,curated-market-v1,CURATED_REVIEW,,
Ticari Araçlar,Minibüs & Midibüs,Karsan,Jest,,SERIES,Jest,jest,Vasıta > Ticari Araçlar > Minibüs & Midibüs > Karsan > Jest,curated-market-v1,CURATED_REVIEW,,
Ticari Araçlar,Minibüs & Midibüs,Karsan,Jest Electric,,SERIES,Jest Electric,jest-electric,Vasıta > Ticari Araçlar > Minibüs & Midibüs > Karsan > Jest Electric,curated-market-v1,CURATED_REVIEW,,
Ticari Araçlar,Minibüs & Midibüs,Karsan,Star,,SERIES,Star,star,Vasıta > Ticari Araçlar > Minibüs & Midibüs > Karsan > Star,curated-market-v1,CURATED_REVIEW,,
Ticari Araçlar,Minibüs & Midibüs,Mercedes-Benz,Sprinter,,SERIES,Sprinter,sprinter,Vasıta > Ticari Araçlar > Minibüs & Midibüs > Mercedes-Benz > Sprinter,curated-market-v1,CURATED_REVIEW,,
Ticari Araçlar,Minibüs & Midibüs,Mercedes-Benz,Sprinter,316 CDI,MODEL_VARIANT,316 CDI,316-cdi,Vasıta > Ticari Araçlar > Minibüs & Midibüs > Mercedes-Benz > Sprinter > 316 CDI,curated-market-v1,CURATED_REVIEW,,
Ticari Araçlar,Minibüs & Midibüs,Mercedes-Benz,Sprinter,416 CDI,MODEL_VARIANT,416 CDI,416-cdi,Vasıta > Ticari Araçlar > Minibüs & Midibüs > Mercedes-Benz > Sprinter > 416 CDI,curated-market-v1,CURATED_REVIEW,,
Ticari Araçlar,Minibüs & Midibüs,Mercedes-Benz,Sprinter,515 CDI,MODEL_VARIANT,515 CDI,515-cdi,Vasıta > Ticari Araçlar > Minibüs & Midibüs > Mercedes-Benz > Sprinter > 515 CDI,curated-market-v1,CURATED_REVIEW,,
Ticari Araçlar,Minibüs & Midibüs,Mercedes-Benz,Tourismo,,SERIES,Tourismo,tourismo,Vasıta > Ticari Araçlar > Minibüs & Midibüs > Mercedes-Benz > Tourismo,curated-market-v1,CURATED_REVIEW,,
Ticari Araçlar,Minibüs & Midibüs,Mercedes-Benz,Vito,,SERIES,Vito,vito,Vasıta > Ticari Araçlar > Minibüs & Midibüs > Mercedes-Benz > Vito,curated-market-v1,CURATED_REVIEW,,
Ticari Araçlar,Minibüs & Midibüs,Otokar,Centro,,SERIES,Centro,centro,Vasıta > Ticari Araçlar > Minibüs & Midibüs > Otokar > Centro,curated-market-v1,CURATED_REVIEW,,
Ticari Araçlar,Minibüs & Midibüs,Otokar,Doruk,,SERIES,Doruk,doruk,Vasıta > Ticari Araçlar > Minibüs & Midibüs > Otokar > Doruk,curated-market-v1,CURATED_REVIEW,,
Ticari Araçlar,Minibüs & Midibüs,Otokar,Navigo,,SERIES,Navigo,navigo,Vasıta > Ticari Araçlar > Minibüs & Midibüs > Otokar > Navigo,curated-market-v1,CURATED_REVIEW,,
Ticari Araçlar,Minibüs & Midibüs,Otokar,Sultan,,SERIES,Sultan,sultan,Vasıta > Ticari Araçlar > Minibüs & Midibüs > Otokar > Sultan,curated-market-v1,CURATED_REVIEW,,
Ticari Araçlar,Minibüs & Midibüs,Temsa,MD9,,SERIES,MD9,md9,Vasıta > Ticari Araçlar > Minibüs & Midibüs > Temsa > MD9,curated-market-v1,CURATED_REVIEW,,
Ticari Araçlar,Minibüs & Midibüs,Temsa,Opalin,,SERIES,Opalin,opalin,Vasıta > Ticari Araçlar > Minibüs & Midibüs > Temsa > Opalin,curated-market-v1,CURATED_REVIEW,,
Ticari Araçlar,Minibüs & Midibüs,Temsa,Prestij,,SERIES,Prestij,prestij,Vasıta > Ticari Araçlar > Minibüs & Midibüs > Temsa > Prestij,curated-market-v1,CURATED_REVIEW,,
Ticari Araçlar,Otobüs,BMC,Neocity,,SERIES,Neocity,neocity,Vasıta > Ticari Araçlar > Otobüs > BMC > Neocity,curated-market-v1,CURATED_REVIEW,,
Ticari Araçlar,Otobüs,BMC,Procity,,SERIES,Procity,procity,Vasıta > Ticari Araçlar > Otobüs > BMC > Procity,curated-market-v1,CURATED_REVIEW,,
Ticari Araçlar,Otobüs,Isuzu,Citibus,,SERIES,Citibus,citibus,Vasıta > Ticari Araçlar > Otobüs > Isuzu > Citibus,curated-market-v1,CURATED_REVIEW,,
Ticari Araçlar,Otobüs,Isuzu,Citiport,,SERIES,Citiport,citiport,Vasıta > Ticari Araçlar > Otobüs > Isuzu > Citiport,curated-market-v1,CURATED_REVIEW,,
Ticari Araçlar,Otobüs,Isuzu,Novociti,,SERIES,Novociti,novociti,Vasıta > Ticari Araçlar > Otobüs > Isuzu > Novociti,curated-market-v1,CURATED_REVIEW,,
Ticari Araçlar,Otobüs,MAN,Lion's City,,SERIES,Lion's City,lion-s-city,Vasıta > Ticari Araçlar > Otobüs > MAN > Lion's City,curated-market-v1,CURATED_REVIEW,,
Ticari Araçlar,Otobüs,MAN,Lion's Coach,,SERIES,Lion's Coach,lion-s-coach,Vasıta > Ticari Araçlar > Otobüs > MAN > Lion's Coach,curated-market-v1,CURATED_REVIEW,,
Ticari Araçlar,Otobüs,MAN,Neoplan Cityliner,,SERIES,Neoplan Cityliner,neoplan-cityliner,Vasıta > Ticari Araçlar > Otobüs > MAN > Neoplan Cityliner,curated-market-v1,CURATED_REVIEW,,
Ticari Araçlar,Otobüs,MAN,Neoplan Tourliner,,SERIES,Neoplan Tourliner,neoplan-tourliner,Vasıta > Ticari Araçlar > Otobüs > MAN > Neoplan Tourliner,curated-market-v1,CURATED_REVIEW,,
Ticari Araçlar,Otobüs,Mercedes-Benz,Citaro,,SERIES,Citaro,citaro,Vasıta > Ticari Araçlar > Otobüs > Mercedes-Benz > Citaro,curated-market-v1,CURATED_REVIEW,,
Ticari Araçlar,Otobüs,Mercedes-Benz,Conecto,,SERIES,Conecto,conecto,Vasıta > Ticari Araçlar > Otobüs > Mercedes-Benz > Conecto,curated-market-v1,CURATED_REVIEW,,
Ticari Araçlar,Otobüs,Mercedes-Benz,Intouro,,SERIES,Intouro,intouro,Vasıta > Ticari Araçlar > Otobüs > Mercedes-Benz > Intouro,curated-market-v1,CURATED_REVIEW,,
Ticari Araçlar,Otobüs,Mercedes-Benz,Tourismo,,SERIES,Tourismo,tourismo,Vasıta > Ticari Araçlar > Otobüs > Mercedes-Benz > Tourismo,curated-market-v1,CURATED_REVIEW,,
Ticari Araçlar,Otobüs,Mercedes-Benz,Travego,,SERIES,Travego,travego,Vasıta > Ticari Araçlar > Otobüs > Mercedes-Benz > Travego,curated-market-v1,CURATED_REVIEW,,
Ticari Araçlar,Otobüs,Otokar,Doruk,,SERIES,Doruk,doruk,Vasıta > Ticari Araçlar > Otobüs > Otokar > Doruk,curated-market-v1,CURATED_REVIEW,,
Ticari Araçlar,Otobüs,Otokar,Kent,,SERIES,Kent,kent,Vasıta > Ticari Araçlar > Otobüs > Otokar > Kent,curated-market-v1,CURATED_REVIEW,,
Ticari Araçlar,Otobüs,Otokar,Territo,,SERIES,Territo,territo,Vasıta > Ticari Araçlar > Otobüs > Otokar > Territo,curated-market-v1,CURATED_REVIEW,,
Ticari Araçlar,Otobüs,Otokar,Vectio,,SERIES,Vectio,vectio,Vasıta > Ticari Araçlar > Otobüs > Otokar > Vectio,curated-market-v1,CURATED_REVIEW,,
Ticari Araçlar,Otobüs,Setra,S 415,,SERIES,S 415,s-415,Vasıta > Ticari Araçlar > Otobüs > Setra > S 415,curated-market-v1,CURATED_REVIEW,,
Ticari Araçlar,Otobüs,Setra,S 416,,SERIES,S 416,s-416,Vasıta > Ticari Araçlar > Otobüs > Setra > S 416,curated-market-v1,CURATED_REVIEW,,
Ticari Araçlar,Otobüs,Setra,S 417,,SERIES,S 417,s-417,Vasıta > Ticari Araçlar > Otobüs > Setra > S 417,curated-market-v1,CURATED_REVIEW,,
Ticari Araçlar,Otobüs,Setra,S 431,,SERIES,S 431,s-431,Vasıta > Ticari Araçlar > Otobüs > Setra > S 431,curated-market-v1,CURATED_REVIEW,,
Ticari Araçlar,Otobüs,Temsa,Avenue,,SERIES,Avenue,avenue,Vasıta > Ticari Araçlar > Otobüs > Temsa > Avenue,curated-market-v1,CURATED_REVIEW,,
Ticari Araçlar,Otobüs,Temsa,Maraton,,SERIES,Maraton,maraton,Vasıta > Ticari Araçlar > Otobüs > Temsa > Maraton,curated-market-v1,CURATED_REVIEW,,
Ticari Araçlar,Otobüs,Temsa,Safir,,SERIES,Safir,safir,Vasıta > Ticari Araçlar > Otobüs > Temsa > Safir,curated-market-v1,CURATED_REVIEW,,
Ticari Araçlar,Otobüs,Temsa,Tourmalin,,SERIES,Tourmalin,tourmalin,Vasıta > Ticari Araçlar > Otobüs > Temsa > Tourmalin,curated-market-v1,CURATED_REVIEW,,
Ticari Araçlar,Kamyon & Kamyonet,Askam,AS 250,,SERIES,AS 250,as-250,Vasıta > Ticari Araçlar > Kamyon & Kamyonet > Askam > AS 250,curated-market-v1,CURATED_REVIEW,,
Ticari Araçlar,Kamyon & Kamyonet,Askam,Desoto Fargo,,SERIES,Desoto Fargo,desoto-fargo,Vasıta > Ticari Araçlar > Kamyon & Kamyonet > Askam > Desoto Fargo,curated-market-v1,CURATED_REVIEW,,
Ticari Araçlar,Kamyon & Kamyonet,BMC,Fatih,,SERIES,Fatih,fatih,Vasıta > Ticari Araçlar > Kamyon & Kamyonet > BMC > Fatih,curated-market-v1,CURATED_REVIEW,,
Ticari Araçlar,Kamyon & Kamyonet,BMC,Pro 1142,,SERIES,Pro 1142,pro-1142,Vasıta > Ticari Araçlar > Kamyon & Kamyonet > BMC > Pro 1142,curated-market-v1,CURATED_REVIEW,,
Ticari Araçlar,Kamyon & Kamyonet,BMC,Profesyonel,,SERIES,Profesyonel,profesyonel,Vasıta > Ticari Araçlar > Kamyon & Kamyonet > BMC > Profesyonel,curated-market-v1,CURATED_REVIEW,,
Ticari Araçlar,Kamyon & Kamyonet,BMC,Tuğra,,SERIES,Tuğra,tugra,Vasıta > Ticari Araçlar > Kamyon & Kamyonet > BMC > Tuğra,curated-market-v1,CURATED_REVIEW,,
Ticari Araçlar,Kamyon & Kamyonet,DAF,CF,,SERIES,CF,cf,Vasıta > Ticari Araçlar > Kamyon & Kamyonet > DAF > CF,curated-market-v1,CURATED_REVIEW,,
Ticari Araçlar,Kamyon & Kamyonet,DAF,LF,,SERIES,LF,lf,Vasıta > Ticari Araçlar > Kamyon & Kamyonet > DAF > LF,curated-market-v1,CURATED_REVIEW,,
Ticari Araçlar,Kamyon & Kamyonet,DAF,XF,,SERIES,XF,xf,Vasıta > Ticari Araçlar > Kamyon & Kamyonet > DAF > XF,curated-market-v1,CURATED_REVIEW,,
Ticari Araçlar,Kamyon & Kamyonet,DAF,XF,XF 480,MODEL_VARIANT,XF 480,xf-480,Vasıta > Ticari Araçlar > Kamyon & Kamyonet > DAF > XF > XF 480,curated-market-v1,CURATED_REVIEW,,
Ticari Araçlar,Kamyon & Kamyonet,DAF,XF,XF 530,MODEL_VARIANT,XF 530,xf-530,Vasıta > Ticari Araçlar > Kamyon & Kamyonet > DAF > XF > XF 530,curated-market-v1,CURATED_REVIEW,,
Ticari Araçlar,Kamyon & Kamyonet,DAF,XG,,SERIES,XG,xg,Vasıta > Ticari Araçlar > Kamyon & Kamyonet > DAF > XG,curated-market-v1,CURATED_REVIEW,,
Ticari Araçlar,Kamyon & Kamyonet,DAF,XG+,,SERIES,XG+,xg,Vasıta > Ticari Araçlar > Kamyon & Kamyonet > DAF > XG+,curated-market-v1,CURATED_REVIEW,,
Ticari Araçlar,Kamyon & Kamyonet,Ford,Cargo,,SERIES,Cargo,cargo,Vasıta > Ticari Araçlar > Kamyon & Kamyonet > Ford > Cargo,curated-market-v1,CURATED_REVIEW,,
Ticari Araçlar,Kamyon & Kamyonet,Ford,Cargo,1833,MODEL_VARIANT,1833,1833,Vasıta > Ticari Araçlar > Kamyon & Kamyonet > Ford > Cargo > 1833,curated-market-v1,CURATED_REVIEW,,
Ticari Araçlar,Kamyon & Kamyonet,Ford,Cargo,1838T,MODEL_VARIANT,1838T,1838t,Vasıta > Ticari Araçlar > Kamyon & Kamyonet > Ford > Cargo > 1838T,curated-market-v1,CURATED_REVIEW,,
Ticari Araçlar,Kamyon & Kamyonet,Ford,Cargo,2533,MODEL_VARIANT,2533,2533,Vasıta > Ticari Araçlar > Kamyon & Kamyonet > Ford > Cargo > 2533,curated-market-v1,CURATED_REVIEW,,
Ticari Araçlar,Kamyon & Kamyonet,Ford,Cargo,3230,MODEL_VARIANT,3230,3230,Vasıta > Ticari Araçlar > Kamyon & Kamyonet > Ford > Cargo > 3230,curated-market-v1,CURATED_REVIEW,,
Ticari Araçlar,Kamyon & Kamyonet,Ford,Cargo,3542D,MODEL_VARIANT,3542D,3542d,Vasıta > Ticari Araçlar > Kamyon & Kamyonet > Ford > Cargo > 3542D,curated-market-v1,CURATED_REVIEW,,
Ticari Araçlar,Kamyon & Kamyonet,Ford,F-Max,,SERIES,F-Max,f-max,Vasıta > Ticari Araçlar > Kamyon & Kamyonet > Ford > F-Max,curated-market-v1,CURATED_REVIEW,,
Ticari Araçlar,Kamyon & Kamyonet,Ford,F-Max,500,MODEL_VARIANT,500,500,Vasıta > Ticari Araçlar > Kamyon & Kamyonet > Ford > F-Max > 500,curated-market-v1,CURATED_REVIEW,,
Ticari Araçlar,Kamyon & Kamyonet,Hyundai,HD35,,SERIES,HD35,hd35,Vasıta > Ticari Araçlar > Kamyon & Kamyonet > Hyundai > HD35,curated-market-v1,CURATED_REVIEW,,
Ticari Araçlar,Kamyon & Kamyonet,Hyundai,HD65,,SERIES,HD65,hd65,Vasıta > Ticari Araçlar > Kamyon & Kamyonet > Hyundai > HD65,curated-market-v1,CURATED_REVIEW,,
Ticari Araçlar,Kamyon & Kamyonet,Hyundai,HD75,,SERIES,HD75,hd75,Vasıta > Ticari Araçlar > Kamyon & Kamyonet > Hyundai > HD75,curated-market-v1,CURATED_REVIEW,,
Ticari Araçlar,Kamyon & Kamyonet,Hyundai,Mighty,,SERIES,Mighty,mighty,Vasıta > Ticari Araçlar > Kamyon & Kamyonet > Hyundai > Mighty,curated-market-v1,CURATED_REVIEW,,
Ticari Araçlar,Kamyon & Kamyonet,Isuzu,FVR,,SERIES,FVR,fvr,Vasıta > Ticari Araçlar > Kamyon & Kamyonet > Isuzu > FVR,curated-market-v1,CURATED_REVIEW,,
Ticari Araçlar,Kamyon & Kamyonet,Isuzu,NLR,,SERIES,NLR,nlr,Vasıta > Ticari Araçlar > Kamyon & Kamyonet > Isuzu > NLR,curated-market-v1,CURATED_REVIEW,,
Ticari Araçlar,Kamyon & Kamyonet,Isuzu,NMR,,SERIES,NMR,nmr,Vasıta > Ticari Araçlar > Kamyon & Kamyonet > Isuzu > NMR,curated-market-v1,CURATED_REVIEW,,
Ticari Araçlar,Kamyon & Kamyonet,Isuzu,NPR,,SERIES,NPR,npr,Vasıta > Ticari Araçlar > Kamyon & Kamyonet > Isuzu > NPR,curated-market-v1,CURATED_REVIEW,,
Ticari Araçlar,Kamyon & Kamyonet,Isuzu,NPR,3D,MODEL_VARIANT,3D,3d,Vasıta > Ticari Araçlar > Kamyon & Kamyonet > Isuzu > NPR > 3D,curated-market-v1,CURATED_REVIEW,,
Ticari Araçlar,Kamyon & Kamyonet,Isuzu,NPR,5,MODEL_VARIANT,5,5,Vasıta > Ticari Araçlar > Kamyon & Kamyonet > Isuzu > NPR > 5,curated-market-v1,CURATED_REVIEW,,
Ticari Araçlar,Kamyon & Kamyonet,Isuzu,NPR,10,MODEL_VARIANT,10,10,Vasıta > Ticari Araçlar > Kamyon & Kamyonet > Isuzu > NPR > 10,curated-market-v1,CURATED_REVIEW,,
Ticari Araçlar,Kamyon & Kamyonet,Isuzu,NQR,,SERIES,NQR,nqr,Vasıta > Ticari Araçlar > Kamyon & Kamyonet > Isuzu > NQR,curated-market-v1,CURATED_REVIEW,,
Ticari Araçlar,Kamyon & Kamyonet,Iveco,Daily,,SERIES,Daily,daily,Vasıta > Ticari Araçlar > Kamyon & Kamyonet > Iveco > Daily,curated-market-v1,CURATED_REVIEW,,
Ticari Araçlar,Kamyon & Kamyonet,Iveco,Eurocargo,,SERIES,Eurocargo,eurocargo,Vasıta > Ticari Araçlar > Kamyon & Kamyonet > Iveco > Eurocargo,curated-market-v1,CURATED_REVIEW,,
Ticari Araçlar,Kamyon & Kamyonet,Iveco,S-Way,,SERIES,S-Way,s-way,Vasıta > Ticari Araçlar > Kamyon & Kamyonet > Iveco > S-Way,curated-market-v1,CURATED_REVIEW,,
Ticari Araçlar,Kamyon & Kamyonet,Iveco,Stralis,,SERIES,Stralis,stralis,Vasıta > Ticari Araçlar > Kamyon & Kamyonet > Iveco > Stralis,curated-market-v1,CURATED_REVIEW,,
Ticari Araçlar,Kamyon & Kamyonet,Iveco,Trakker,,SERIES,Trakker,trakker,Vasıta > Ticari Araçlar > Kamyon & Kamyonet > Iveco > Trakker,curated-market-v1,CURATED_REVIEW,,
Ticari Araçlar,Kamyon & Kamyonet,MAN,TGL,,SERIES,TGL,tgl,Vasıta > Ticari Araçlar > Kamyon & Kamyonet > MAN > TGL,curated-market-v1,CURATED_REVIEW,,
Ticari Araçlar,Kamyon & Kamyonet,MAN,TGL,8.180,MODEL_VARIANT,8.180,8-180,Vasıta > Ticari Araçlar > Kamyon & Kamyonet > MAN > TGL > 8.180,curated-market-v1,CURATED_REVIEW,,
Ticari Araçlar,Kamyon & Kamyonet,MAN,TGL,12.220,MODEL_VARIANT,12.220,12-220,Vasıta > Ticari Araçlar > Kamyon & Kamyonet > MAN > TGL > 12.220,curated-market-v1,CURATED_REVIEW,,
Ticari Araçlar,Kamyon & Kamyonet,MAN,TGM,,SERIES,TGM,tgm,Vasıta > Ticari Araçlar > Kamyon & Kamyonet > MAN > TGM,curated-market-v1,CURATED_REVIEW,,
Ticari Araçlar,Kamyon & Kamyonet,MAN,TGM,18.290,MODEL_VARIANT,18.290,18-290,Vasıta > Ticari Araçlar > Kamyon & Kamyonet > MAN > TGM > 18.290,curated-market-v1,CURATED_REVIEW,,
Ticari Araçlar,Kamyon & Kamyonet,MAN,TGM,18.320,MODEL_VARIANT,18.320,18-320,Vasıta > Ticari Araçlar > Kamyon & Kamyonet > MAN > TGM > 18.320,curated-market-v1,CURATED_REVIEW,,
Ticari Araçlar,Kamyon & Kamyonet,MAN,TGS,,SERIES,TGS,tgs,Vasıta > Ticari Araçlar > Kamyon & Kamyonet > MAN > TGS,curated-market-v1,CURATED_REVIEW,,
Ticari Araçlar,Kamyon & Kamyonet,MAN,TGS,18.440,MODEL_VARIANT,18.440,18-440,Vasıta > Ticari Araçlar > Kamyon & Kamyonet > MAN > TGS > 18.440,curated-market-v1,CURATED_REVIEW,,
Ticari Araçlar,Kamyon & Kamyonet,MAN,TGS,33.480,MODEL_VARIANT,33.480,33-480,Vasıta > Ticari Araçlar > Kamyon & Kamyonet > MAN > TGS > 33.480,curated-market-v1,CURATED_REVIEW,,
Ticari Araçlar,Kamyon & Kamyonet,MAN,TGS,41.480,MODEL_VARIANT,41.480,41-480,Vasıta > Ticari Araçlar > Kamyon & Kamyonet > MAN > TGS > 41.480,curated-market-v1,CURATED_REVIEW,,
Ticari Araçlar,Kamyon & Kamyonet,MAN,TGX,,SERIES,TGX,tgx,Vasıta > Ticari Araçlar > Kamyon & Kamyonet > MAN > TGX,curated-market-v1,CURATED_REVIEW,,
Ticari Araçlar,Kamyon & Kamyonet,MAN,TGX,18.500,MODEL_VARIANT,18.500,18-500,Vasıta > Ticari Araçlar > Kamyon & Kamyonet > MAN > TGX > 18.500,curated-market-v1,CURATED_REVIEW,,
Ticari Araçlar,Kamyon & Kamyonet,MAN,TGX,18.510,MODEL_VARIANT,18.510,18-510,Vasıta > Ticari Araçlar > Kamyon & Kamyonet > MAN > TGX > 18.510,curated-market-v1,CURATED_REVIEW,,
Ticari Araçlar,Kamyon & Kamyonet,Mercedes-Benz,Actros,,SERIES,Actros,actros,Vasıta > Ticari Araçlar > Kamyon & Kamyonet > Mercedes-Benz > Actros,curated-market-v1,CURATED_REVIEW,,
Ticari Araçlar,Kamyon & Kamyonet,Mercedes-Benz,Actros,1845,MODEL_VARIANT,1845,1845,Vasıta > Ticari Araçlar > Kamyon & Kamyonet > Mercedes-Benz > Actros > 1845,curated-market-v1,CURATED_REVIEW,,
Ticari Araçlar,Kamyon & Kamyonet,Mercedes-Benz,Actros,1848,MODEL_VARIANT,1848,1848,Vasıta > Ticari Araçlar > Kamyon & Kamyonet > Mercedes-Benz > Actros > 1848,curated-market-v1,CURATED_REVIEW,,
Ticari Araçlar,Kamyon & Kamyonet,Mercedes-Benz,Actros,1851,MODEL_VARIANT,1851,1851,Vasıta > Ticari Araçlar > Kamyon & Kamyonet > Mercedes-Benz > Actros > 1851,curated-market-v1,CURATED_REVIEW,,
Ticari Araçlar,Kamyon & Kamyonet,Mercedes-Benz,Actros,4142,MODEL_VARIANT,4142,4142,Vasıta > Ticari Araçlar > Kamyon & Kamyonet > Mercedes-Benz > Actros > 4142,curated-market-v1,CURATED_REVIEW,,
Ticari Araçlar,Kamyon & Kamyonet,Mercedes-Benz,Arocs,,SERIES,Arocs,arocs,Vasıta > Ticari Araçlar > Kamyon & Kamyonet > Mercedes-Benz > Arocs,curated-market-v1,CURATED_REVIEW,,
Ticari Araçlar,Kamyon & Kamyonet,Mercedes-Benz,Arocs,3242,MODEL_VARIANT,3242,3242,Vasıta > Ticari Araçlar > Kamyon & Kamyonet > Mercedes-Benz > Arocs > 3242,curated-market-v1,CURATED_REVIEW,,
Ticari Araçlar,Kamyon & Kamyonet,Mercedes-Benz,Arocs,3342,MODEL_VARIANT,3342,3342,Vasıta > Ticari Araçlar > Kamyon & Kamyonet > Mercedes-Benz > Arocs > 3342,curated-market-v1,CURATED_REVIEW,,
Ticari Araçlar,Kamyon & Kamyonet,Mercedes-Benz,Arocs,4145,MODEL_VARIANT,4145,4145,Vasıta > Ticari Araçlar > Kamyon & Kamyonet > Mercedes-Benz > Arocs > 4145,curated-market-v1,CURATED_REVIEW,,
Ticari Araçlar,Kamyon & Kamyonet,Mercedes-Benz,Atego,,SERIES,Atego,atego,Vasıta > Ticari Araçlar > Kamyon & Kamyonet > Mercedes-Benz > Atego,curated-market-v1,CURATED_REVIEW,,
Ticari Araçlar,Kamyon & Kamyonet,Mercedes-Benz,Atego,1518,MODEL_VARIANT,1518,1518,Vasıta > Ticari Araçlar > Kamyon & Kamyonet > Mercedes-Benz > Atego > 1518,curated-market-v1,CURATED_REVIEW,,
Ticari Araçlar,Kamyon & Kamyonet,Mercedes-Benz,Atego,1524,MODEL_VARIANT,1524,1524,Vasıta > Ticari Araçlar > Kamyon & Kamyonet > Mercedes-Benz > Atego > 1524,curated-market-v1,CURATED_REVIEW,,
Ticari Araçlar,Kamyon & Kamyonet,Mercedes-Benz,Atego,1824,MODEL_VARIANT,1824,1824,Vasıta > Ticari Araçlar > Kamyon & Kamyonet > Mercedes-Benz > Atego > 1824,curated-market-v1,CURATED_REVIEW,,
Ticari Araçlar,Kamyon & Kamyonet,Mercedes-Benz,Axor,,SERIES,Axor,axor,Vasıta > Ticari Araçlar > Kamyon & Kamyonet > Mercedes-Benz > Axor,curated-market-v1,CURATED_REVIEW,,
Ticari Araçlar,Kamyon & Kamyonet,Mercedes-Benz,Axor,1840,MODEL_VARIANT,1840,1840,Vasıta > Ticari Araçlar > Kamyon & Kamyonet > Mercedes-Benz > Axor > 1840,curated-market-v1,CURATED_REVIEW,,
Ticari Araçlar,Kamyon & Kamyonet,Mercedes-Benz,Axor,2529,MODEL_VARIANT,2529,2529,Vasıta > Ticari Araçlar > Kamyon & Kamyonet > Mercedes-Benz > Axor > 2529,curated-market-v1,CURATED_REVIEW,,
Ticari Araçlar,Kamyon & Kamyonet,Mercedes-Benz,Axor,3240,MODEL_VARIANT,3240,3240,Vasıta > Ticari Araçlar > Kamyon & Kamyonet > Mercedes-Benz > Axor > 3240,curated-market-v1,CURATED_REVIEW,,
Ticari Araçlar,Kamyon & Kamyonet,Mitsubishi Fuso,Canter,,SERIES,Canter,canter,Vasıta > Ticari Araçlar > Kamyon & Kamyonet > Mitsubishi Fuso > Canter,curated-market-v1,CURATED_REVIEW,,
Ticari Araçlar,Kamyon & Kamyonet,Mitsubishi Fuso,Canter,3C13,MODEL_VARIANT,3C13,3c13,Vasıta > Ticari Araçlar > Kamyon & Kamyonet > Mitsubishi Fuso > Canter > 3C13,curated-market-v1,CURATED_REVIEW,,
Ticari Araçlar,Kamyon & Kamyonet,Mitsubishi Fuso,Canter,6C14,MODEL_VARIANT,6C14,6c14,Vasıta > Ticari Araçlar > Kamyon & Kamyonet > Mitsubishi Fuso > Canter > 6C14,curated-market-v1,CURATED_REVIEW,,
Ticari Araçlar,Kamyon & Kamyonet,Mitsubishi Fuso,Canter,7C15,MODEL_VARIANT,7C15,7c15,Vasıta > Ticari Araçlar > Kamyon & Kamyonet > Mitsubishi Fuso > Canter > 7C15,curated-market-v1,CURATED_REVIEW,,
Ticari Araçlar,Kamyon & Kamyonet,Mitsubishi Fuso,Canter,9C18,MODEL_VARIANT,9C18,9c18,Vasıta > Ticari Araçlar > Kamyon & Kamyonet > Mitsubishi Fuso > Canter > 9C18,curated-market-v1,CURATED_REVIEW,,
Ticari Araçlar,Kamyon & Kamyonet,Renault Trucks,C,,SERIES,C,c,Vasıta > Ticari Araçlar > Kamyon & Kamyonet > Renault Trucks > C,curated-market-v1,CURATED_REVIEW,,
Ticari Araçlar,Kamyon & Kamyonet,Renault Trucks,D,,SERIES,D,d,Vasıta > Ticari Araçlar > Kamyon & Kamyonet > Renault Trucks > D,curated-market-v1,CURATED_REVIEW,,
Ticari Araçlar,Kamyon & Kamyonet,Renault Trucks,K,,SERIES,K,k,Vasıta > Ticari Araçlar > Kamyon & Kamyonet > Renault Trucks > K,curated-market-v1,CURATED_REVIEW,,
Ticari Araçlar,Kamyon & Kamyonet,Renault Trucks,T,,SERIES,T,t,Vasıta > Ticari Araçlar > Kamyon & Kamyonet > Renault Trucks > T,curated-market-v1,CURATED_REVIEW,,
Ticari Araçlar,Kamyon & Kamyonet,Renault Trucks,T,T 460,MODEL_VARIANT,T 460,t-460,Vasıta > Ticari Araçlar > Kamyon & Kamyonet > Renault Trucks > T > T 460,curated-market-v1,CURATED_REVIEW,,
Ticari Araçlar,Kamyon & Kamyonet,Renault Trucks,T,T 480,MODEL_VARIANT,T 480,t-480,Vasıta > Ticari Araçlar > Kamyon & Kamyonet > Renault Trucks > T > T 480,curated-market-v1,CURATED_REVIEW,,
Ticari Araçlar,Kamyon & Kamyonet,Renault Trucks,T,T 520,MODEL_VARIANT,T 520,t-520,Vasıta > Ticari Araçlar > Kamyon & Kamyonet > Renault Trucks > T > T 520,curated-market-v1,CURATED_REVIEW,,
Ticari Araçlar,Kamyon & Kamyonet,Scania,G Serisi,,SERIES,G Serisi,g-serisi,Vasıta > Ticari Araçlar > Kamyon & Kamyonet > Scania > G Serisi,curated-market-v1,CURATED_REVIEW,,
Ticari Araçlar,Kamyon & Kamyonet,Scania,G Serisi,G 410,MODEL_VARIANT,G 410,g-410,Vasıta > Ticari Araçlar > Kamyon & Kamyonet > Scania > G Serisi > G 410,curated-market-v1,CURATED_REVIEW,,
Ticari Araçlar,Kamyon & Kamyonet,Scania,G Serisi,G 450,MODEL_VARIANT,G 450,g-450,Vasıta > Ticari Araçlar > Kamyon & Kamyonet > Scania > G Serisi > G 450,curated-market-v1,CURATED_REVIEW,,
Ticari Araçlar,Kamyon & Kamyonet,Scania,G Serisi,G 500,MODEL_VARIANT,G 500,g-500,Vasıta > Ticari Araçlar > Kamyon & Kamyonet > Scania > G Serisi > G 500,curated-market-v1,CURATED_REVIEW,,
Ticari Araçlar,Kamyon & Kamyonet,Scania,P Serisi,,SERIES,P Serisi,p-serisi,Vasıta > Ticari Araçlar > Kamyon & Kamyonet > Scania > P Serisi,curated-market-v1,CURATED_REVIEW,,
Ticari Araçlar,Kamyon & Kamyonet,Scania,R Serisi,,SERIES,R Serisi,r-serisi,Vasıta > Ticari Araçlar > Kamyon & Kamyonet > Scania > R Serisi,curated-market-v1,CURATED_REVIEW,,
Ticari Araçlar,Kamyon & Kamyonet,Scania,R Serisi,R 450,MODEL_VARIANT,R 450,r-450,Vasıta > Ticari Araçlar > Kamyon & Kamyonet > Scania > R Serisi > R 450,curated-market-v1,CURATED_REVIEW,,
Ticari Araçlar,Kamyon & Kamyonet,Scania,R Serisi,R 500,MODEL_VARIANT,R 500,r-500,Vasıta > Ticari Araçlar > Kamyon & Kamyonet > Scania > R Serisi > R 500,curated-market-v1,CURATED_REVIEW,,
Ticari Araçlar,Kamyon & Kamyonet,Scania,R Serisi,R 540,MODEL_VARIANT,R 540,r-540,Vasıta > Ticari Araçlar > Kamyon & Kamyonet > Scania > R Serisi > R 540,curated-market-v1,CURATED_REVIEW,,
Ticari Araçlar,Kamyon & Kamyonet,Scania,S Serisi,,SERIES,S Serisi,s-serisi,Vasıta > Ticari Araçlar > Kamyon & Kamyonet > Scania > S Serisi,curated-market-v1,CURATED_REVIEW,,
Ticari Araçlar,Kamyon & Kamyonet,Scania,S Serisi,S 500,MODEL_VARIANT,S 500,s-500,Vasıta > Ticari Araçlar > Kamyon & Kamyonet > Scania > S Serisi > S 500,curated-market-v1,CURATED_REVIEW,,
Ticari Araçlar,Kamyon & Kamyonet,Scania,S Serisi,S 540,MODEL_VARIANT,S 540,s-540,Vasıta > Ticari Araçlar > Kamyon & Kamyonet > Scania > S Serisi > S 540,curated-market-v1,CURATED_REVIEW,,
Ticari Araçlar,Kamyon & Kamyonet,Volvo,FE,,SERIES,FE,fe,Vasıta > Ticari Araçlar > Kamyon & Kamyonet > Volvo > FE,curated-market-v1,CURATED_REVIEW,,
Ticari Araçlar,Kamyon & Kamyonet,Volvo,FH,,SERIES,FH,fh,Vasıta > Ticari Araçlar > Kamyon & Kamyonet > Volvo > FH,curated-market-v1,CURATED_REVIEW,,
Ticari Araçlar,Kamyon & Kamyonet,Volvo,FH,420,MODEL_VARIANT,420,420,Vasıta > Ticari Araçlar > Kamyon & Kamyonet > Volvo > FH > 420,curated-market-v1,CURATED_REVIEW,,
Ticari Araçlar,Kamyon & Kamyonet,Volvo,FH,460,MODEL_VARIANT,460,460,Vasıta > Ticari Araçlar > Kamyon & Kamyonet > Volvo > FH > 460,curated-market-v1,CURATED_REVIEW,,
Ticari Araçlar,Kamyon & Kamyonet,Volvo,FH,500,MODEL_VARIANT,500,500,Vasıta > Ticari Araçlar > Kamyon & Kamyonet > Volvo > FH > 500,curated-market-v1,CURATED_REVIEW,,
Ticari Araçlar,Kamyon & Kamyonet,Volvo,FH,540,MODEL_VARIANT,540,540,Vasıta > Ticari Araçlar > Kamyon & Kamyonet > Volvo > FH > 540,curated-market-v1,CURATED_REVIEW,,
Ticari Araçlar,Kamyon & Kamyonet,Volvo,FL,,SERIES,FL,fl,Vasıta > Ticari Araçlar > Kamyon & Kamyonet > Volvo > FL,curated-market-v1,CURATED_REVIEW,,
Ticari Araçlar,Kamyon & Kamyonet,Volvo,FM,,SERIES,FM,fm,Vasıta > Ticari Araçlar > Kamyon & Kamyonet > Volvo > FM,curated-market-v1,CURATED_REVIEW,,
Ticari Araçlar,Kamyon & Kamyonet,Volvo,FM,330,MODEL_VARIANT,330,330,Vasıta > Ticari Araçlar > Kamyon & Kamyonet > Volvo > FM > 330,curated-market-v1,CURATED_REVIEW,,
Ticari Araçlar,Kamyon & Kamyonet,Volvo,FM,410,MODEL_VARIANT,410,410,Vasıta > Ticari Araçlar > Kamyon & Kamyonet > Volvo > FM > 410,curated-market-v1,CURATED_REVIEW,,
Ticari Araçlar,Kamyon & Kamyonet,Volvo,FM,450,MODEL_VARIANT,450,450,Vasıta > Ticari Araçlar > Kamyon & Kamyonet > Volvo > FM > 450,curated-market-v1,CURATED_REVIEW,,
Ticari Araçlar,Kamyon & Kamyonet,Volvo,FM,500,MODEL_VARIANT,500,500,Vasıta > Ticari Araçlar > Kamyon & Kamyonet > Volvo > FM > 500,curated-market-v1,CURATED_REVIEW,,
Ticari Araçlar,Çekici,DAF,CF,,SERIES,CF,cf,Vasıta > Ticari Araçlar > Çekici > DAF > CF,curated-market-v1,CURATED_REVIEW,,
Ticari Araçlar,Çekici,DAF,CF,CF 450,MODEL_VARIANT,CF 450,cf-450,Vasıta > Ticari Araçlar > Çekici > DAF > CF > CF 450,curated-market-v1,CURATED_REVIEW,,
Ticari Araçlar,Çekici,DAF,XF,,SERIES,XF,xf,Vasıta > Ticari Araçlar > Çekici > DAF > XF,curated-market-v1,CURATED_REVIEW,,
Ticari Araçlar,Çekici,DAF,XF,XF 480,MODEL_VARIANT,XF 480,xf-480,Vasıta > Ticari Araçlar > Çekici > DAF > XF > XF 480,curated-market-v1,CURATED_REVIEW,,
Ticari Araçlar,Çekici,DAF,XF,XF 530,MODEL_VARIANT,XF 530,xf-530,Vasıta > Ticari Araçlar > Çekici > DAF > XF > XF 530,curated-market-v1,CURATED_REVIEW,,
Ticari Araçlar,Çekici,DAF,XG,,SERIES,XG,xg,Vasıta > Ticari Araçlar > Çekici > DAF > XG,curated-market-v1,CURATED_REVIEW,,
Ticari Araçlar,Çekici,Ford,Cargo,,SERIES,Cargo,cargo,Vasıta > Ticari Araçlar > Çekici > Ford > Cargo,curated-market-v1,CURATED_REVIEW,,
Ticari Araçlar,Çekici,Ford,Cargo,1846T,MODEL_VARIANT,1846T,1846t,Vasıta > Ticari Araçlar > Çekici > Ford > Cargo > 1846T,curated-market-v1,CURATED_REVIEW,,
Ticari Araçlar,Çekici,Ford,Cargo,1838T,MODEL_VARIANT,1838T,1838t,Vasıta > Ticari Araçlar > Çekici > Ford > Cargo > 1838T,curated-market-v1,CURATED_REVIEW,,
Ticari Araçlar,Çekici,Ford,F-Max,,SERIES,F-Max,f-max,Vasıta > Ticari Araçlar > Çekici > Ford > F-Max,curated-market-v1,CURATED_REVIEW,,
Ticari Araçlar,Çekici,Ford,F-Max,500,MODEL_VARIANT,500,500,Vasıta > Ticari Araçlar > Çekici > Ford > F-Max > 500,curated-market-v1,CURATED_REVIEW,,
Ticari Araçlar,Çekici,Iveco,S-Way,,SERIES,S-Way,s-way,Vasıta > Ticari Araçlar > Çekici > Iveco > S-Way,curated-market-v1,CURATED_REVIEW,,
Ticari Araçlar,Çekici,Iveco,S-Way,490,MODEL_VARIANT,490,490,Vasıta > Ticari Araçlar > Çekici > Iveco > S-Way > 490,curated-market-v1,CURATED_REVIEW,,
Ticari Araçlar,Çekici,Iveco,S-Way,570,MODEL_VARIANT,570,570,Vasıta > Ticari Araçlar > Çekici > Iveco > S-Way > 570,curated-market-v1,CURATED_REVIEW,,
Ticari Araçlar,Çekici,Iveco,Stralis,,SERIES,Stralis,stralis,Vasıta > Ticari Araçlar > Çekici > Iveco > Stralis,curated-market-v1,CURATED_REVIEW,,
Ticari Araçlar,Çekici,Iveco,Stralis,450,MODEL_VARIANT,450,450,Vasıta > Ticari Araçlar > Çekici > Iveco > Stralis > 450,curated-market-v1,CURATED_REVIEW,,
Ticari Araçlar,Çekici,Iveco,Stralis,480,MODEL_VARIANT,480,480,Vasıta > Ticari Araçlar > Çekici > Iveco > Stralis > 480,curated-market-v1,CURATED_REVIEW,,
Ticari Araçlar,Çekici,MAN,TGS,,SERIES,TGS,tgs,Vasıta > Ticari Araçlar > Çekici > MAN > TGS,curated-market-v1,CURATED_REVIEW,,
Ticari Araçlar,Çekici,MAN,TGS,18.440,MODEL_VARIANT,18.440,18-440,Vasıta > Ticari Araçlar > Çekici > MAN > TGS > 18.440,curated-market-v1,CURATED_REVIEW,,
Ticari Araçlar,Çekici,MAN,TGX,,SERIES,TGX,tgx,Vasıta > Ticari Araçlar > Çekici > MAN > TGX,curated-market-v1,CURATED_REVIEW,,
Ticari Araçlar,Çekici,MAN,TGX,18.480,MODEL_VARIANT,18.480,18-480,Vasıta > Ticari Araçlar > Çekici > MAN > TGX > 18.480,curated-market-v1,CURATED_REVIEW,,
Ticari Araçlar,Çekici,MAN,TGX,18.500,MODEL_VARIANT,18.500,18-500,Vasıta > Ticari Araçlar > Çekici > MAN > TGX > 18.500,curated-market-v1,CURATED_REVIEW,,
Ticari Araçlar,Çekici,MAN,TGX,18.510,MODEL_VARIANT,18.510,18-510,Vasıta > Ticari Araçlar > Çekici > MAN > TGX > 18.510,curated-market-v1,CURATED_REVIEW,,
Ticari Araçlar,Çekici,Mercedes-Benz,Actros,,SERIES,Actros,actros,Vasıta > Ticari Araçlar > Çekici > Mercedes-Benz > Actros,curated-market-v1,CURATED_REVIEW,,
Ticari Araçlar,Çekici,Mercedes-Benz,Actros,1842,MODEL_VARIANT,1842,1842,Vasıta > Ticari Araçlar > Çekici > Mercedes-Benz > Actros > 1842,curated-market-v1,CURATED_REVIEW,,
Ticari Araçlar,Çekici,Mercedes-Benz,Actros,1845,MODEL_VARIANT,1845,1845,Vasıta > Ticari Araçlar > Çekici > Mercedes-Benz > Actros > 1845,curated-market-v1,CURATED_REVIEW,,
Ticari Araçlar,Çekici,Mercedes-Benz,Actros,1848,MODEL_VARIANT,1848,1848,Vasıta > Ticari Araçlar > Çekici > Mercedes-Benz > Actros > 1848,curated-market-v1,CURATED_REVIEW,,
Ticari Araçlar,Çekici,Mercedes-Benz,Actros,1851,MODEL_VARIANT,1851,1851,Vasıta > Ticari Araçlar > Çekici > Mercedes-Benz > Actros > 1851,curated-market-v1,CURATED_REVIEW,,
Ticari Araçlar,Çekici,Mercedes-Benz,Axor,,SERIES,Axor,axor,Vasıta > Ticari Araçlar > Çekici > Mercedes-Benz > Axor,curated-market-v1,CURATED_REVIEW,,
Ticari Araçlar,Çekici,Mercedes-Benz,Axor,1840,MODEL_VARIANT,1840,1840,Vasıta > Ticari Araçlar > Çekici > Mercedes-Benz > Axor > 1840,curated-market-v1,CURATED_REVIEW,,
Ticari Araçlar,Çekici,Renault Trucks,Magnum,,SERIES,Magnum,magnum,Vasıta > Ticari Araçlar > Çekici > Renault Trucks > Magnum,curated-market-v1,CURATED_REVIEW,,
Ticari Araçlar,Çekici,Renault Trucks,Premium,,SERIES,Premium,premium,Vasıta > Ticari Araçlar > Çekici > Renault Trucks > Premium,curated-market-v1,CURATED_REVIEW,,
Ticari Araçlar,Çekici,Renault Trucks,T,,SERIES,T,t,Vasıta > Ticari Araçlar > Çekici > Renault Trucks > T,curated-market-v1,CURATED_REVIEW,,
Ticari Araçlar,Çekici,Renault Trucks,T,T 460,MODEL_VARIANT,T 460,t-460,Vasıta > Ticari Araçlar > Çekici > Renault Trucks > T > T 460,curated-market-v1,CURATED_REVIEW,,
Ticari Araçlar,Çekici,Renault Trucks,T,T 480,MODEL_VARIANT,T 480,t-480,Vasıta > Ticari Araçlar > Çekici > Renault Trucks > T > T 480,curated-market-v1,CURATED_REVIEW,,
Ticari Araçlar,Çekici,Renault Trucks,T,T 520,MODEL_VARIANT,T 520,t-520,Vasıta > Ticari Araçlar > Çekici > Renault Trucks > T > T 520,curated-market-v1,CURATED_REVIEW,,
Ticari Araçlar,Çekici,Scania,G,,SERIES,G,g,Vasıta > Ticari Araçlar > Çekici > Scania > G,curated-market-v1,CURATED_REVIEW,,
Ticari Araçlar,Çekici,Scania,G,G 410,MODEL_VARIANT,G 410,g-410,Vasıta > Ticari Araçlar > Çekici > Scania > G > G 410,curated-market-v1,CURATED_REVIEW,,
Ticari Araçlar,Çekici,Scania,G,G 450,MODEL_VARIANT,G 450,g-450,Vasıta > Ticari Araçlar > Çekici > Scania > G > G 450,curated-market-v1,CURATED_REVIEW,,
Ticari Araçlar,Çekici,Scania,R,,SERIES,R,r,Vasıta > Ticari Araçlar > Çekici > Scania > R,curated-market-v1,CURATED_REVIEW,,
Ticari Araçlar,Çekici,Scania,R,R 450,MODEL_VARIANT,R 450,r-450,Vasıta > Ticari Araçlar > Çekici > Scania > R > R 450,curated-market-v1,CURATED_REVIEW,,
Ticari Araçlar,Çekici,Scania,R,R 500,MODEL_VARIANT,R 500,r-500,Vasıta > Ticari Araçlar > Çekici > Scania > R > R 500,curated-market-v1,CURATED_REVIEW,,
Ticari Araçlar,Çekici,Scania,R,R 540,MODEL_VARIANT,R 540,r-540,Vasıta > Ticari Araçlar > Çekici > Scania > R > R 540,curated-market-v1,CURATED_REVIEW,,
Ticari Araçlar,Çekici,Scania,S,,SERIES,S,s,Vasıta > Ticari Araçlar > Çekici > Scania > S,curated-market-v1,CURATED_REVIEW,,
Ticari Araçlar,Çekici,Scania,S,S 500,MODEL_VARIANT,S 500,s-500,Vasıta > Ticari Araçlar > Çekici > Scania > S > S 500,curated-market-v1,CURATED_REVIEW,,
Ticari Araçlar,Çekici,Scania,S,S 540,MODEL_VARIANT,S 540,s-540,Vasıta > Ticari Araçlar > Çekici > Scania > S > S 540,curated-market-v1,CURATED_REVIEW,,
Ticari Araçlar,Çekici,Volvo,FH,,SERIES,FH,fh,Vasıta > Ticari Araçlar > Çekici > Volvo > FH,curated-market-v1,CURATED_REVIEW,,
Ticari Araçlar,Çekici,Volvo,FH,420,MODEL_VARIANT,420,420,Vasıta > Ticari Araçlar > Çekici > Volvo > FH > 420,curated-market-v1,CURATED_REVIEW,,
Ticari Araçlar,Çekici,Volvo,FH,460,MODEL_VARIANT,460,460,Vasıta > Ticari Araçlar > Çekici > Volvo > FH > 460,curated-market-v1,CURATED_REVIEW,,
Ticari Araçlar,Çekici,Volvo,FH,500,MODEL_VARIANT,500,500,Vasıta > Ticari Araçlar > Çekici > Volvo > FH > 500,curated-market-v1,CURATED_REVIEW,,
Ticari Araçlar,Çekici,Volvo,FH,540,MODEL_VARIANT,540,540,Vasıta > Ticari Araçlar > Çekici > Volvo > FH > 540,curated-market-v1,CURATED_REVIEW,,
Ticari Araçlar,Çekici,Volvo,FM,,SERIES,FM,fm,Vasıta > Ticari Araçlar > Çekici > Volvo > FM,curated-market-v1,CURATED_REVIEW,,
Ticari Araçlar,Çekici,Volvo,FM,410,MODEL_VARIANT,410,410,Vasıta > Ticari Araçlar > Çekici > Volvo > FM > 410,curated-market-v1,CURATED_REVIEW,,
Ticari Araçlar,Çekici,Volvo,FM,450,MODEL_VARIANT,450,450,Vasıta > Ticari Araçlar > Çekici > Volvo > FM > 450,curated-market-v1,CURATED_REVIEW,,
Ticari Araçlar,Dorse,Krone,Frigo,,SERIES,Frigo,frigo,Vasıta > Ticari Araçlar > Dorse > Krone > Frigo,curated-market-v1,CURATED_REVIEW,,
Ticari Araçlar,Dorse,Krone,Konteyner Şasi,,SERIES,Konteyner Şasi,konteyner-sasi,Vasıta > Ticari Araçlar > Dorse > Krone > Konteyner Şasi,curated-market-v1,CURATED_REVIEW,,
Ticari Araçlar,Dorse,Krone,Tenteli,,SERIES,Tenteli,tenteli,Vasıta > Ticari Araçlar > Dorse > Krone > Tenteli,curated-market-v1,CURATED_REVIEW,,
Ticari Araçlar,Dorse,Kässbohrer,Damper,,SERIES,Damper,damper,Vasıta > Ticari Araçlar > Dorse > Kässbohrer > Damper,curated-market-v1,CURATED_REVIEW,,
Ticari Araçlar,Dorse,Kässbohrer,Frigo,,SERIES,Frigo,frigo,Vasıta > Ticari Araçlar > Dorse > Kässbohrer > Frigo,curated-market-v1,CURATED_REVIEW,,
Ticari Araçlar,Dorse,Kässbohrer,Konteyner Taşıyıcı,,SERIES,Konteyner Taşıyıcı,konteyner-tasiyici,Vasıta > Ticari Araçlar > Dorse > Kässbohrer > Konteyner Taşıyıcı,curated-market-v1,CURATED_REVIEW,,
Ticari Araçlar,Dorse,Kässbohrer,Lowbed,,SERIES,Lowbed,lowbed,Vasıta > Ticari Araçlar > Dorse > Kässbohrer > Lowbed,curated-market-v1,CURATED_REVIEW,,
Ticari Araçlar,Dorse,Kässbohrer,Silobas,,SERIES,Silobas,silobas,Vasıta > Ticari Araçlar > Dorse > Kässbohrer > Silobas,curated-market-v1,CURATED_REVIEW,,
Ticari Araçlar,Dorse,Kässbohrer,Tenteli,,SERIES,Tenteli,tenteli,Vasıta > Ticari Araçlar > Dorse > Kässbohrer > Tenteli,curated-market-v1,CURATED_REVIEW,,
Ticari Araçlar,Dorse,Kögel,Frigo,,SERIES,Frigo,frigo,Vasıta > Ticari Araçlar > Dorse > Kögel > Frigo,curated-market-v1,CURATED_REVIEW,,
Ticari Araçlar,Dorse,Kögel,Tenteli,,SERIES,Tenteli,tenteli,Vasıta > Ticari Araçlar > Dorse > Kögel > Tenteli,curated-market-v1,CURATED_REVIEW,,
Ticari Araçlar,Dorse,Nursan,Damper,,SERIES,Damper,damper,Vasıta > Ticari Araçlar > Dorse > Nursan > Damper,curated-market-v1,CURATED_REVIEW,,
Ticari Araçlar,Dorse,Nursan,Tenteli,,SERIES,Tenteli,tenteli,Vasıta > Ticari Araçlar > Dorse > Nursan > Tenteli,curated-market-v1,CURATED_REVIEW,,
Ticari Araçlar,Dorse,Schmitz Cargobull,Damper,,SERIES,Damper,damper,Vasıta > Ticari Araçlar > Dorse > Schmitz Cargobull > Damper,curated-market-v1,CURATED_REVIEW,,
Ticari Araçlar,Dorse,Schmitz Cargobull,Frigo,,SERIES,Frigo,frigo,Vasıta > Ticari Araçlar > Dorse > Schmitz Cargobull > Frigo,curated-market-v1,CURATED_REVIEW,,
Ticari Araçlar,Dorse,Schmitz Cargobull,Tenteli,,SERIES,Tenteli,tenteli,Vasıta > Ticari Araçlar > Dorse > Schmitz Cargobull > Tenteli,curated-market-v1,CURATED_REVIEW,,
Ticari Araçlar,Dorse,Serin,Damper,,SERIES,Damper,damper,Vasıta > Ticari Araçlar > Dorse > Serin > Damper,curated-market-v1,CURATED_REVIEW,,
Ticari Araçlar,Dorse,Serin,Frigo,,SERIES,Frigo,frigo,Vasıta > Ticari Araçlar > Dorse > Serin > Frigo,curated-market-v1,CURATED_REVIEW,,
Ticari Araçlar,Dorse,Serin,Tenteli,,SERIES,Tenteli,tenteli,Vasıta > Ticari Araçlar > Dorse > Serin > Tenteli,curated-market-v1,CURATED_REVIEW,,
Ticari Araçlar,Dorse,Tırsan,Damper,,SERIES,Damper,damper,Vasıta > Ticari Araçlar > Dorse > Tırsan > Damper,curated-market-v1,CURATED_REVIEW,,
Ticari Araçlar,Dorse,Tırsan,Frigo,,SERIES,Frigo,frigo,Vasıta > Ticari Araçlar > Dorse > Tırsan > Frigo,curated-market-v1,CURATED_REVIEW,,
Ticari Araçlar,Dorse,Tırsan,Lowbed,,SERIES,Lowbed,lowbed,Vasıta > Ticari Araçlar > Dorse > Tırsan > Lowbed,curated-market-v1,CURATED_REVIEW,,
Ticari Araçlar,Dorse,Tırsan,Silobas,,SERIES,Silobas,silobas,Vasıta > Ticari Araçlar > Dorse > Tırsan > Silobas,curated-market-v1,CURATED_REVIEW,,
Ticari Araçlar,Dorse,Tırsan,Tenteli,,SERIES,Tenteli,tenteli,Vasıta > Ticari Araçlar > Dorse > Tırsan > Tenteli,curated-market-v1,CURATED_REVIEW,,
Ticari Araçlar,Dorse,Öztreyler,Damper,,SERIES,Damper,damper,Vasıta > Ticari Araçlar > Dorse > Öztreyler > Damper,curated-market-v1,CURATED_REVIEW,,
Ticari Araçlar,Dorse,Öztreyler,Lowbed,,SERIES,Lowbed,lowbed,Vasıta > Ticari Araçlar > Dorse > Öztreyler > Lowbed,curated-market-v1,CURATED_REVIEW,,
Ticari Araçlar,Dorse,Öztreyler,Tenteli,,SERIES,Tenteli,tenteli,Vasıta > Ticari Araçlar > Dorse > Öztreyler > Tenteli,curated-market-v1,CURATED_REVIEW,,
Ticari Araçlar,Römork,Aksoylu,Platform,,SERIES,Platform,platform,Vasıta > Ticari Araçlar > Römork > Aksoylu > Platform,curated-market-v1,CURATED_REVIEW,,
Ticari Araçlar,Römork,Aksoylu,Tarım Römorku,,SERIES,Tarım Römorku,tarim-romorku,Vasıta > Ticari Araçlar > Römork > Aksoylu > Tarım Römorku,curated-market-v1,CURATED_REVIEW,,
Ticari Araçlar,Römork,Diğer,Araç Taşıma Römorku,,SERIES,Araç Taşıma Römorku,arac-tasima-romorku,Vasıta > Ticari Araçlar > Römork > Diğer > Araç Taşıma Römorku,curated-market-v1,CURATED_REVIEW,,
Ticari Araçlar,Römork,Diğer,Tek Dingil,,SERIES,Tek Dingil,tek-dingil,Vasıta > Ticari Araçlar > Römork > Diğer > Tek Dingil,curated-market-v1,CURATED_REVIEW,,
Ticari Araçlar,Römork,Diğer,Tekne Römorku,,SERIES,Tekne Römorku,tekne-romorku,Vasıta > Ticari Araçlar > Römork > Diğer > Tekne Römorku,curated-market-v1,CURATED_REVIEW,,
Ticari Araçlar,Römork,Diğer,Çift Dingil,,SERIES,Çift Dingil,cift-dingil,Vasıta > Ticari Araçlar > Römork > Diğer > Çift Dingil,curated-market-v1,CURATED_REVIEW,,
Ticari Araçlar,Römork,Diğer,Üç Dingil,,SERIES,Üç Dingil,uc-dingil,Vasıta > Ticari Araçlar > Römork > Diğer > Üç Dingil,curated-market-v1,CURATED_REVIEW,,
Ticari Araçlar,Römork,Kässbohrer,Ağır Nakliye Römorku,,SERIES,Ağır Nakliye Römorku,agir-nakliye-romorku,Vasıta > Ticari Araçlar > Römork > Kässbohrer > Ağır Nakliye Römorku,curated-market-v1,CURATED_REVIEW,,
Ticari Araçlar,Römork,Tırsan,Konteyner Römorku,,SERIES,Konteyner Römorku,konteyner-romorku,Vasıta > Ticari Araçlar > Römork > Tırsan > Konteyner Römorku,curated-market-v1,CURATED_REVIEW,,
Ticari Araçlar,Karoser & Üst Yapı,Diğer,Açık Kasa,,SERIES,Açık Kasa,acik-kasa,Vasıta > Ticari Araçlar > Karoser & Üst Yapı > Diğer > Açık Kasa,curated-market-v1,CURATED_REVIEW,,
Ticari Araçlar,Karoser & Üst Yapı,Diğer,Damper,,SERIES,Damper,damper,Vasıta > Ticari Araçlar > Karoser & Üst Yapı > Diğer > Damper,curated-market-v1,CURATED_REVIEW,,
Ticari Araçlar,Karoser & Üst Yapı,Diğer,Frigo Kasa,,SERIES,Frigo Kasa,frigo-kasa,Vasıta > Ticari Araçlar > Karoser & Üst Yapı > Diğer > Frigo Kasa,curated-market-v1,CURATED_REVIEW,,
Ticari Araçlar,Karoser & Üst Yapı,Diğer,İtfaiye Üst Yapı,,SERIES,İtfaiye Üst Yapı,itfaiye-ust-yapi,Vasıta > Ticari Araçlar > Karoser & Üst Yapı > Diğer > İtfaiye Üst Yapı,curated-market-v1,CURATED_REVIEW,,
Ticari Araçlar,Karoser & Üst Yapı,Diğer,Kanal Açma,,SERIES,Kanal Açma,kanal-acma,Vasıta > Ticari Araçlar > Karoser & Üst Yapı > Diğer > Kanal Açma,curated-market-v1,CURATED_REVIEW,,
Ticari Araçlar,Karoser & Üst Yapı,Diğer,Kapalı Kasa,,SERIES,Kapalı Kasa,kapali-kasa,Vasıta > Ticari Araçlar > Karoser & Üst Yapı > Diğer > Kapalı Kasa,curated-market-v1,CURATED_REVIEW,,
Ticari Araçlar,Karoser & Üst Yapı,Diğer,Mikser,,SERIES,Mikser,mikser,Vasıta > Ticari Araçlar > Karoser & Üst Yapı > Diğer > Mikser,curated-market-v1,CURATED_REVIEW,,
Ticari Araçlar,Karoser & Üst Yapı,Diğer,Silobas,,SERIES,Silobas,silobas,Vasıta > Ticari Araçlar > Karoser & Üst Yapı > Diğer > Silobas,curated-market-v1,CURATED_REVIEW,,
Ticari Araçlar,Karoser & Üst Yapı,Diğer,Su Tankeri,,SERIES,Su Tankeri,su-tankeri,Vasıta > Ticari Araçlar > Karoser & Üst Yapı > Diğer > Su Tankeri,curated-market-v1,CURATED_REVIEW,,
Ticari Araçlar,Karoser & Üst Yapı,Diğer,Vakumlu Kasa,,SERIES,Vakumlu Kasa,vakumlu-kasa,Vasıta > Ticari Araçlar > Karoser & Üst Yapı > Diğer > Vakumlu Kasa,curated-market-v1,CURATED_REVIEW,,
Ticari Araçlar,Oto Kurtarıcı & Taşıyıcı,Ford,Cargo Oto Kurtarıcı,,SERIES,Cargo Oto Kurtarıcı,cargo-oto-kurtarici,Vasıta > Ticari Araçlar > Oto Kurtarıcı & Taşıyıcı > Ford > Cargo Oto Kurtarıcı,curated-market-v1,CURATED_REVIEW,,
Ticari Araçlar,Oto Kurtarıcı & Taşıyıcı,Ford,Transit Oto Kurtarıcı,,SERIES,Transit Oto Kurtarıcı,transit-oto-kurtarici,Vasıta > Ticari Araçlar > Oto Kurtarıcı & Taşıyıcı > Ford > Transit Oto Kurtarıcı,curated-market-v1,CURATED_REVIEW,,
Ticari Araçlar,Oto Kurtarıcı & Taşıyıcı,Hyundai,HD75 Oto Kurtarıcı,,SERIES,HD75 Oto Kurtarıcı,hd75-oto-kurtarici,Vasıta > Ticari Araçlar > Oto Kurtarıcı & Taşıyıcı > Hyundai > HD75 Oto Kurtarıcı,curated-market-v1,CURATED_REVIEW,,
Ticari Araçlar,Oto Kurtarıcı & Taşıyıcı,Isuzu,NPR Oto Kurtarıcı,,SERIES,NPR Oto Kurtarıcı,npr-oto-kurtarici,Vasıta > Ticari Araçlar > Oto Kurtarıcı & Taşıyıcı > Isuzu > NPR Oto Kurtarıcı,curated-market-v1,CURATED_REVIEW,,
Ticari Araçlar,Oto Kurtarıcı & Taşıyıcı,Iveco,Daily Oto Kurtarıcı,,SERIES,Daily Oto Kurtarıcı,daily-oto-kurtarici,Vasıta > Ticari Araçlar > Oto Kurtarıcı & Taşıyıcı > Iveco > Daily Oto Kurtarıcı,curated-market-v1,CURATED_REVIEW,,
Ticari Araçlar,Oto Kurtarıcı & Taşıyıcı,Mercedes-Benz,Atego Oto Kurtarıcı,,SERIES,Atego Oto Kurtarıcı,atego-oto-kurtarici,Vasıta > Ticari Araçlar > Oto Kurtarıcı & Taşıyıcı > Mercedes-Benz > Atego Oto Kurtarıcı,curated-market-v1,CURATED_REVIEW,,
Ticari Araçlar,Oto Kurtarıcı & Taşıyıcı,Mercedes-Benz,Sprinter Oto Kurtarıcı,,SERIES,Sprinter Oto Kurtarıcı,sprinter-oto-kurtarici,Vasıta > Ticari Araçlar > Oto Kurtarıcı & Taşıyıcı > Mercedes-Benz > Sprinter Oto Kurtarıcı,curated-market-v1,CURATED_REVIEW,,
Ticari Araçlar,Oto Kurtarıcı & Taşıyıcı,Mitsubishi Fuso,Canter Oto Kurtarıcı,,SERIES,Canter Oto Kurtarıcı,canter-oto-kurtarici,Vasıta > Ticari Araçlar > Oto Kurtarıcı & Taşıyıcı > Mitsubishi Fuso > Canter Oto Kurtarıcı,curated-market-v1,CURATED_REVIEW,,
Ticari Araçlar,Ticari Hat & Ticari Plaka,Diğer,Dolmuş Hattı,,SERIES,Dolmuş Hattı,dolmus-hatti,Vasıta > Ticari Araçlar > Ticari Hat & Ticari Plaka > Diğer > Dolmuş Hattı,curated-market-v1,CURATED_REVIEW,,
Ticari Araçlar,Ticari Hat & Ticari Plaka,Diğer,Minibüs Hattı,,SERIES,Minibüs Hattı,minibus-hatti,Vasıta > Ticari Araçlar > Ticari Hat & Ticari Plaka > Diğer > Minibüs Hattı,curated-market-v1,CURATED_REVIEW,,
Ticari Araçlar,Ticari Hat & Ticari Plaka,Diğer,Otobüs Hattı,,SERIES,Otobüs Hattı,otobus-hatti,Vasıta > Ticari Araçlar > Ticari Hat & Ticari Plaka > Diğer > Otobüs Hattı,curated-market-v1,CURATED_REVIEW,,
Ticari Araçlar,Ticari Hat & Ticari Plaka,Diğer,Servis Plakası,,SERIES,Servis Plakası,servis-plakasi,Vasıta > Ticari Araçlar > Ticari Hat & Ticari Plaka > Diğer > Servis Plakası,curated-market-v1,CURATED_REVIEW,,
Ticari Araçlar,Ticari Hat & Ticari Plaka,Diğer,Taksi Plakası,,SERIES,Taksi Plakası,taksi-plakasi,Vasıta > Ticari Araçlar > Ticari Hat & Ticari Plaka > Diğer > Taksi Plakası,curated-market-v1,CURATED_REVIEW,,
Deniz Araçları,Motorlu Tekne,,,,SUBCATEGORY,Motorlu Tekne,motorlu-tekne,Vasıta > Deniz Araçları > Motorlu Tekne,curated-market-v1,CURATED_REVIEW,,
Deniz Araçları,Motorlu Tekne,Azimut,Atlantis,,SERIES,Atlantis,atlantis,Vasıta > Deniz Araçları > Motorlu Tekne > Azimut > Atlantis,curated-market-v1,CURATED_REVIEW,,
Deniz Araçları,Motorlu Tekne,Azimut,Fly,,SERIES,Fly,fly,Vasıta > Deniz Araçları > Motorlu Tekne > Azimut > Fly,curated-market-v1,CURATED_REVIEW,,
Deniz Araçları,Motorlu Tekne,Azimut,Magellano,,SERIES,Magellano,magellano,Vasıta > Deniz Araçları > Motorlu Tekne > Azimut > Magellano,curated-market-v1,CURATED_REVIEW,,
Deniz Araçları,Motorlu Tekne,Bayliner,Ciera,,SERIES,Ciera,ciera,Vasıta > Deniz Araçları > Motorlu Tekne > Bayliner > Ciera,curated-market-v1,CURATED_REVIEW,,
Deniz Araçları,Motorlu Tekne,Bayliner,Element,,SERIES,Element,element,Vasıta > Deniz Araçları > Motorlu Tekne > Bayliner > Element,curated-market-v1,CURATED_REVIEW,,
Deniz Araçları,Motorlu Tekne,Bayliner,VR5,,SERIES,VR5,vr5,Vasıta > Deniz Araçları > Motorlu Tekne > Bayliner > VR5,curated-market-v1,CURATED_REVIEW,,
Deniz Araçları,Motorlu Tekne,Bayliner,VR6,,SERIES,VR6,vr6,Vasıta > Deniz Araçları > Motorlu Tekne > Bayliner > VR6,curated-market-v1,CURATED_REVIEW,,
Deniz Araçları,Motorlu Tekne,Beneteau,Antares,,SERIES,Antares,antares,Vasıta > Deniz Araçları > Motorlu Tekne > Beneteau > Antares,curated-market-v1,CURATED_REVIEW,,
Deniz Araçları,Motorlu Tekne,Beneteau,Flyer,,SERIES,Flyer,flyer,Vasıta > Deniz Araçları > Motorlu Tekne > Beneteau > Flyer,curated-market-v1,CURATED_REVIEW,,
Deniz Araçları,Motorlu Tekne,Beneteau,Gran Turismo,,SERIES,Gran Turismo,gran-turismo,Vasıta > Deniz Araçları > Motorlu Tekne > Beneteau > Gran Turismo,curated-market-v1,CURATED_REVIEW,,
Deniz Araçları,Motorlu Tekne,Fairline,Phantom,,SERIES,Phantom,phantom,Vasıta > Deniz Araçları > Motorlu Tekne > Fairline > Phantom,curated-market-v1,CURATED_REVIEW,,
Deniz Araçları,Motorlu Tekne,Fairline,Squadron,,SERIES,Squadron,squadron,Vasıta > Deniz Araçları > Motorlu Tekne > Fairline > Squadron,curated-market-v1,CURATED_REVIEW,,
Deniz Araçları,Motorlu Tekne,Fairline,Targa,,SERIES,Targa,targa,Vasıta > Deniz Araçları > Motorlu Tekne > Fairline > Targa,curated-market-v1,CURATED_REVIEW,,
Deniz Araçları,Motorlu Tekne,Jeanneau,Cap Camarat,,SERIES,Cap Camarat,cap-camarat,Vasıta > Deniz Araçları > Motorlu Tekne > Jeanneau > Cap Camarat,curated-market-v1,CURATED_REVIEW,,
Deniz Araçları,Motorlu Tekne,Jeanneau,Leader,,SERIES,Leader,leader,Vasıta > Deniz Araçları > Motorlu Tekne > Jeanneau > Leader,curated-market-v1,CURATED_REVIEW,,
Deniz Araçları,Motorlu Tekne,Jeanneau,Merry Fisher,,SERIES,Merry Fisher,merry-fisher,Vasıta > Deniz Araçları > Motorlu Tekne > Jeanneau > Merry Fisher,curated-market-v1,CURATED_REVIEW,,
Deniz Araçları,Motorlu Tekne,Princess,F50,,SERIES,F50,f50,Vasıta > Deniz Araçları > Motorlu Tekne > Princess > F50,curated-market-v1,CURATED_REVIEW,,
Deniz Araçları,Motorlu Tekne,Princess,V40,,SERIES,V40,v40,Vasıta > Deniz Araçları > Motorlu Tekne > Princess > V40,curated-market-v1,CURATED_REVIEW,,
Deniz Araçları,Motorlu Tekne,Princess,V50,,SERIES,V50,v50,Vasıta > Deniz Araçları > Motorlu Tekne > Princess > V50,curated-market-v1,CURATED_REVIEW,,
Deniz Araçları,Motorlu Tekne,Princess,Y72,,SERIES,Y72,y72,Vasıta > Deniz Araçları > Motorlu Tekne > Princess > Y72,curated-market-v1,CURATED_REVIEW,,
Deniz Araçları,Motorlu Tekne,Quicksilver,Activ 505,,SERIES,Activ 505,activ-505,Vasıta > Deniz Araçları > Motorlu Tekne > Quicksilver > Activ 505,curated-market-v1,CURATED_REVIEW,,
Deniz Araçları,Motorlu Tekne,Quicksilver,Activ 605,,SERIES,Activ 605,activ-605,Vasıta > Deniz Araçları > Motorlu Tekne > Quicksilver > Activ 605,curated-market-v1,CURATED_REVIEW,,
Deniz Araçları,Motorlu Tekne,Quicksilver,Activ 755,,SERIES,Activ 755,activ-755,Vasıta > Deniz Araçları > Motorlu Tekne > Quicksilver > Activ 755,curated-market-v1,CURATED_REVIEW,,
Deniz Araçları,Motorlu Tekne,Sea Ray,SLX,,SERIES,SLX,slx,Vasıta > Deniz Araçları > Motorlu Tekne > Sea Ray > SLX,curated-market-v1,CURATED_REVIEW,,
Deniz Araçları,Motorlu Tekne,Sea Ray,SPX,,SERIES,SPX,spx,Vasıta > Deniz Araçları > Motorlu Tekne > Sea Ray > SPX,curated-market-v1,CURATED_REVIEW,,
Deniz Araçları,Motorlu Tekne,Sea Ray,Sundancer,,SERIES,Sundancer,sundancer,Vasıta > Deniz Araçları > Motorlu Tekne > Sea Ray > Sundancer,curated-market-v1,CURATED_REVIEW,,
Deniz Araçları,Yelkenli,,,,SUBCATEGORY,Yelkenli,yelkenli,Vasıta > Deniz Araçları > Yelkenli,curated-market-v1,CURATED_REVIEW,,
Deniz Araçları,Yelkenli,Bavaria,C-Line,,SERIES,C-Line,c-line,Vasıta > Deniz Araçları > Yelkenli > Bavaria > C-Line,curated-market-v1,CURATED_REVIEW,,
Deniz Araçları,Yelkenli,Bavaria,Cruiser,,SERIES,Cruiser,cruiser,Vasıta > Deniz Araçları > Yelkenli > Bavaria > Cruiser,curated-market-v1,CURATED_REVIEW,,
Deniz Araçları,Yelkenli,Bavaria,Vision,,SERIES,Vision,vision,Vasıta > Deniz Araçları > Yelkenli > Bavaria > Vision,curated-market-v1,CURATED_REVIEW,,
Deniz Araçları,Yelkenli,Beneteau,First,,SERIES,First,first,Vasıta > Deniz Araçları > Yelkenli > Beneteau > First,curated-market-v1,CURATED_REVIEW,,
Deniz Araçları,Yelkenli,Beneteau,Oceanis,,SERIES,Oceanis,oceanis,Vasıta > Deniz Araçları > Yelkenli > Beneteau > Oceanis,curated-market-v1,CURATED_REVIEW,,
Deniz Araçları,Yelkenli,Dufour,Dufour 360,,SERIES,Dufour 360,dufour-360,Vasıta > Deniz Araçları > Yelkenli > Dufour > Dufour 360,curated-market-v1,CURATED_REVIEW,,
Deniz Araçları,Yelkenli,Dufour,Dufour 430,,SERIES,Dufour 430,dufour-430,Vasıta > Deniz Araçları > Yelkenli > Dufour > Dufour 430,curated-market-v1,CURATED_REVIEW,,
Deniz Araçları,Yelkenli,Dufour,Dufour 470,,SERIES,Dufour 470,dufour-470,Vasıta > Deniz Araçları > Yelkenli > Dufour > Dufour 470,curated-market-v1,CURATED_REVIEW,,
Deniz Araçları,Yelkenli,Hanse,Hanse 315,,SERIES,Hanse 315,hanse-315,Vasıta > Deniz Araçları > Yelkenli > Hanse > Hanse 315,curated-market-v1,CURATED_REVIEW,,
Deniz Araçları,Yelkenli,Hanse,Hanse 418,,SERIES,Hanse 418,hanse-418,Vasıta > Deniz Araçları > Yelkenli > Hanse > Hanse 418,curated-market-v1,CURATED_REVIEW,,
Deniz Araçları,Yelkenli,Hanse,Hanse 460,,SERIES,Hanse 460,hanse-460,Vasıta > Deniz Araçları > Yelkenli > Hanse > Hanse 460,curated-market-v1,CURATED_REVIEW,,
Deniz Araçları,Yelkenli,Jeanneau,Sun Fast,,SERIES,Sun Fast,sun-fast,Vasıta > Deniz Araçları > Yelkenli > Jeanneau > Sun Fast,curated-market-v1,CURATED_REVIEW,,
Deniz Araçları,Yelkenli,Jeanneau,Sun Odyssey,,SERIES,Sun Odyssey,sun-odyssey,Vasıta > Deniz Araçları > Yelkenli > Jeanneau > Sun Odyssey,curated-market-v1,CURATED_REVIEW,,
Deniz Araçları,Şişme Bot,,,,SUBCATEGORY,Şişme Bot,sisme-bot,Vasıta > Deniz Araçları > Şişme Bot,curated-market-v1,CURATED_REVIEW,,
Deniz Araçları,Şişme Bot,Brig,Eagle,,SERIES,Eagle,eagle,Vasıta > Deniz Araçları > Şişme Bot > Brig > Eagle,curated-market-v1,CURATED_REVIEW,,
Deniz Araçları,Şişme Bot,Brig,Falcon,,SERIES,Falcon,falcon,Vasıta > Deniz Araçları > Şişme Bot > Brig > Falcon,curated-market-v1,CURATED_REVIEW,,
Deniz Araçları,Şişme Bot,Brig,Navigator,,SERIES,Navigator,navigator,Vasıta > Deniz Araçları > Şişme Bot > Brig > Navigator,curated-market-v1,CURATED_REVIEW,,
Deniz Araçları,Şişme Bot,Highfield,Classic,,SERIES,Classic,classic,Vasıta > Deniz Araçları > Şişme Bot > Highfield > Classic,curated-market-v1,CURATED_REVIEW,,
Deniz Araçları,Şişme Bot,Highfield,Patrol,,SERIES,Patrol,patrol,Vasıta > Deniz Araçları > Şişme Bot > Highfield > Patrol,curated-market-v1,CURATED_REVIEW,,
Deniz Araçları,Şişme Bot,Highfield,Sport,,SERIES,Sport,sport,Vasıta > Deniz Araçları > Şişme Bot > Highfield > Sport,curated-market-v1,CURATED_REVIEW,,
Deniz Araçları,Şişme Bot,Lomac,Adrenalina,,SERIES,Adrenalina,adrenalina,Vasıta > Deniz Araçları > Şişme Bot > Lomac > Adrenalina,curated-market-v1,CURATED_REVIEW,,
Deniz Araçları,Şişme Bot,Lomac,GranTurismo,,SERIES,GranTurismo,granturismo,Vasıta > Deniz Araçları > Şişme Bot > Lomac > GranTurismo,curated-market-v1,CURATED_REVIEW,,
Deniz Araçları,Şişme Bot,Zodiac,Cadet,,SERIES,Cadet,cadet,Vasıta > Deniz Araçları > Şişme Bot > Zodiac > Cadet,curated-market-v1,CURATED_REVIEW,,
Deniz Araçları,Şişme Bot,Zodiac,Medline,,SERIES,Medline,medline,Vasıta > Deniz Araçları > Şişme Bot > Zodiac > Medline,curated-market-v1,CURATED_REVIEW,,
Deniz Araçları,Şişme Bot,Zodiac,Pro,,SERIES,Pro,pro,Vasıta > Deniz Araçları > Şişme Bot > Zodiac > Pro,curated-market-v1,CURATED_REVIEW,,
Deniz Araçları,Jet Ski,,,,SUBCATEGORY,Jet Ski,jet-ski,Vasıta > Deniz Araçları > Jet Ski,curated-market-v1,CURATED_REVIEW,,
Deniz Araçları,Jet Ski,Kawasaki,Jet Ski STX,,SERIES,Jet Ski STX,jet-ski-stx,Vasıta > Deniz Araçları > Jet Ski > Kawasaki > Jet Ski STX,curated-market-v1,CURATED_REVIEW,,
Deniz Araçları,Jet Ski,Kawasaki,Ultra 160,,SERIES,Ultra 160,ultra-160,Vasıta > Deniz Araçları > Jet Ski > Kawasaki > Ultra 160,curated-market-v1,CURATED_REVIEW,,
Deniz Araçları,Jet Ski,Kawasaki,Ultra 310,,SERIES,Ultra 310,ultra-310,Vasıta > Deniz Araçları > Jet Ski > Kawasaki > Ultra 310,curated-market-v1,CURATED_REVIEW,,
Deniz Araçları,Jet Ski,Sea-Doo,GTI,,SERIES,GTI,gti,Vasıta > Deniz Araçları > Jet Ski > Sea-Doo > GTI,curated-market-v1,CURATED_REVIEW,,
Deniz Araçları,Jet Ski,Sea-Doo,GTR,,SERIES,GTR,gtr,Vasıta > Deniz Araçları > Jet Ski > Sea-Doo > GTR,curated-market-v1,CURATED_REVIEW,,
Deniz Araçları,Jet Ski,Sea-Doo,RXP-X,,SERIES,RXP-X,rxp-x,Vasıta > Deniz Araçları > Jet Ski > Sea-Doo > RXP-X,curated-market-v1,CURATED_REVIEW,,
Deniz Araçları,Jet Ski,Sea-Doo,RXT-X,,SERIES,RXT-X,rxt-x,Vasıta > Deniz Araçları > Jet Ski > Sea-Doo > RXT-X,curated-market-v1,CURATED_REVIEW,,
Deniz Araçları,Jet Ski,Sea-Doo,Spark,,SERIES,Spark,spark,Vasıta > Deniz Araçları > Jet Ski > Sea-Doo > Spark,curated-market-v1,CURATED_REVIEW,,
Deniz Araçları,Jet Ski,Yamaha,EX,,SERIES,EX,ex,Vasıta > Deniz Araçları > Jet Ski > Yamaha > EX,curated-market-v1,CURATED_REVIEW,,
Deniz Araçları,Jet Ski,Yamaha,FX,,SERIES,FX,fx,Vasıta > Deniz Araçları > Jet Ski > Yamaha > FX,curated-market-v1,CURATED_REVIEW,,
Deniz Araçları,Jet Ski,Yamaha,GP,,SERIES,GP,gp,Vasıta > Deniz Araçları > Jet Ski > Yamaha > GP,curated-market-v1,CURATED_REVIEW,,
Deniz Araçları,Jet Ski,Yamaha,VX,,SERIES,VX,vx,Vasıta > Deniz Araçları > Jet Ski > Yamaha > VX,curated-market-v1,CURATED_REVIEW,,
Deniz Araçları,Deniz Motoru,,,,SUBCATEGORY,Deniz Motoru,deniz-motoru,Vasıta > Deniz Araçları > Deniz Motoru,curated-market-v1,CURATED_REVIEW,,
Deniz Araçları,Deniz Motoru,Evinrude,E-TEC,,SERIES,E-TEC,e-tec,Vasıta > Deniz Araçları > Deniz Motoru > Evinrude > E-TEC,curated-market-v1,CURATED_REVIEW,,
Deniz Araçları,Deniz Motoru,Honda,BF Serisi,,SERIES,BF Serisi,bf-serisi,Vasıta > Deniz Araçları > Deniz Motoru > Honda > BF Serisi,curated-market-v1,CURATED_REVIEW,,
Deniz Araçları,Deniz Motoru,Mercury,FourStroke,,SERIES,FourStroke,fourstroke,Vasıta > Deniz Araçları > Deniz Motoru > Mercury > FourStroke,curated-market-v1,CURATED_REVIEW,,
Deniz Araçları,Deniz Motoru,Mercury,Pro XS,,SERIES,Pro XS,pro-xs,Vasıta > Deniz Araçları > Deniz Motoru > Mercury > Pro XS,curated-market-v1,CURATED_REVIEW,,
Deniz Araçları,Deniz Motoru,Mercury,Verado,,SERIES,Verado,verado,Vasıta > Deniz Araçları > Deniz Motoru > Mercury > Verado,curated-market-v1,CURATED_REVIEW,,
Deniz Araçları,Deniz Motoru,Suzuki,DF Serisi,,SERIES,DF Serisi,df-serisi,Vasıta > Deniz Araçları > Deniz Motoru > Suzuki > DF Serisi,curated-market-v1,CURATED_REVIEW,,
Deniz Araçları,Deniz Motoru,Tohatsu,MFS Serisi,,SERIES,MFS Serisi,mfs-serisi,Vasıta > Deniz Araçları > Deniz Motoru > Tohatsu > MFS Serisi,curated-market-v1,CURATED_REVIEW,,
Deniz Araçları,Deniz Motoru,Yamaha,F Serisi,,SERIES,F Serisi,f-serisi,Vasıta > Deniz Araçları > Deniz Motoru > Yamaha > F Serisi,curated-market-v1,CURATED_REVIEW,,
Deniz Araçları,Deniz Motoru,Yamaha,V MAX SHO,,SERIES,V MAX SHO,v-max-sho,Vasıta > Deniz Araçları > Deniz Motoru > Yamaha > V MAX SHO,curated-market-v1,CURATED_REVIEW,,
Karavan,Motokaravan,,,,SUBCATEGORY,Motokaravan,motokaravan,Vasıta > Karavan > Motokaravan,curated-market-v1,CURATED_REVIEW,,
Karavan,Motokaravan,Adria,Matrix,,SERIES,Matrix,matrix,Vasıta > Karavan > Motokaravan > Adria > Matrix,curated-market-v1,CURATED_REVIEW,,
Karavan,Motokaravan,Adria,Supersonic,,SERIES,Supersonic,supersonic,Vasıta > Karavan > Motokaravan > Adria > Supersonic,curated-market-v1,CURATED_REVIEW,,
Karavan,Motokaravan,Adria,Twin,,SERIES,Twin,twin,Vasıta > Karavan > Motokaravan > Adria > Twin,curated-market-v1,CURATED_REVIEW,,
Karavan,Motokaravan,Benimar,Mileo,,SERIES,Mileo,mileo,Vasıta > Karavan > Motokaravan > Benimar > Mileo,curated-market-v1,CURATED_REVIEW,,
Karavan,Motokaravan,Benimar,Tessoro,,SERIES,Tessoro,tessoro,Vasıta > Karavan > Motokaravan > Benimar > Tessoro,curated-market-v1,CURATED_REVIEW,,
Karavan,Motokaravan,Bürstner,Elegance,,SERIES,Elegance,elegance,Vasıta > Karavan > Motokaravan > Bürstner > Elegance,curated-market-v1,CURATED_REVIEW,,
Karavan,Motokaravan,Bürstner,Lyseo,,SERIES,Lyseo,lyseo,Vasıta > Karavan > Motokaravan > Bürstner > Lyseo,curated-market-v1,CURATED_REVIEW,,
Karavan,Motokaravan,Bürstner,Nexxo,,SERIES,Nexxo,nexxo,Vasıta > Karavan > Motokaravan > Bürstner > Nexxo,curated-market-v1,CURATED_REVIEW,,
Karavan,Motokaravan,Carado,I Serisi,,SERIES,I Serisi,i-serisi,Vasıta > Karavan > Motokaravan > Carado > I Serisi,curated-market-v1,CURATED_REVIEW,,
Karavan,Motokaravan,Carado,T Serisi,,SERIES,T Serisi,t-serisi,Vasıta > Karavan > Motokaravan > Carado > T Serisi,curated-market-v1,CURATED_REVIEW,,
Karavan,Motokaravan,Carado,Vlow,,SERIES,Vlow,vlow,Vasıta > Karavan > Motokaravan > Carado > Vlow,curated-market-v1,CURATED_REVIEW,,
Karavan,Motokaravan,Dethleffs,Globebus,,SERIES,Globebus,globebus,Vasıta > Karavan > Motokaravan > Dethleffs > Globebus,curated-market-v1,CURATED_REVIEW,,
Karavan,Motokaravan,Dethleffs,Just 90,,SERIES,Just 90,just-90,Vasıta > Karavan > Motokaravan > Dethleffs > Just 90,curated-market-v1,CURATED_REVIEW,,
Karavan,Motokaravan,Dethleffs,Trend,,SERIES,Trend,trend,Vasıta > Karavan > Motokaravan > Dethleffs > Trend,curated-market-v1,CURATED_REVIEW,,
Karavan,Motokaravan,Fiat,Ducato Dönüşüm,,SERIES,Ducato Dönüşüm,ducato-donusum,Vasıta > Karavan > Motokaravan > Fiat > Ducato Dönüşüm,curated-market-v1,CURATED_REVIEW,,
Karavan,Motokaravan,Ford,Nugget,,SERIES,Nugget,nugget,Vasıta > Karavan > Motokaravan > Ford > Nugget,curated-market-v1,CURATED_REVIEW,,
Karavan,Motokaravan,Ford,Transit Dönüşüm,,SERIES,Transit Dönüşüm,transit-donusum,Vasıta > Karavan > Motokaravan > Ford > Transit Dönüşüm,curated-market-v1,CURATED_REVIEW,,
Karavan,Motokaravan,Hymer,B-Class,,SERIES,B-Class,b-class,Vasıta > Karavan > Motokaravan > Hymer > B-Class,curated-market-v1,CURATED_REVIEW,,
Karavan,Motokaravan,Hymer,Exsis,,SERIES,Exsis,exsis,Vasıta > Karavan > Motokaravan > Hymer > Exsis,curated-market-v1,CURATED_REVIEW,,
Karavan,Motokaravan,Hymer,Grand Canyon,,SERIES,Grand Canyon,grand-canyon,Vasıta > Karavan > Motokaravan > Hymer > Grand Canyon,curated-market-v1,CURATED_REVIEW,,
Karavan,Motokaravan,Knaus,Boxstar,,SERIES,Boxstar,boxstar,Vasıta > Karavan > Motokaravan > Knaus > Boxstar,curated-market-v1,CURATED_REVIEW,,
Karavan,Motokaravan,Knaus,Sky TI,,SERIES,Sky TI,sky-ti,Vasıta > Karavan > Motokaravan > Knaus > Sky TI,curated-market-v1,CURATED_REVIEW,,
Karavan,Motokaravan,Knaus,Van TI,,SERIES,Van TI,van-ti,Vasıta > Karavan > Motokaravan > Knaus > Van TI,curated-market-v1,CURATED_REVIEW,,
Karavan,Motokaravan,Laika,Ecocip,,SERIES,Ecocip,ecocip,Vasıta > Karavan > Motokaravan > Laika > Ecocip,curated-market-v1,CURATED_REVIEW,,
Karavan,Motokaravan,Laika,Kosmo,,SERIES,Kosmo,kosmo,Vasıta > Karavan > Motokaravan > Laika > Kosmo,curated-market-v1,CURATED_REVIEW,,
Karavan,Motokaravan,Laika,Kreos,,SERIES,Kreos,kreos,Vasıta > Karavan > Motokaravan > Laika > Kreos,curated-market-v1,CURATED_REVIEW,,
Karavan,Motokaravan,Mercedes-Benz,Marco Polo,,SERIES,Marco Polo,marco-polo,Vasıta > Karavan > Motokaravan > Mercedes-Benz > Marco Polo,curated-market-v1,CURATED_REVIEW,,
Karavan,Motokaravan,Mercedes-Benz,Sprinter Dönüşüm,,SERIES,Sprinter Dönüşüm,sprinter-donusum,Vasıta > Karavan > Motokaravan > Mercedes-Benz > Sprinter Dönüşüm,curated-market-v1,CURATED_REVIEW,,
Karavan,Motokaravan,Roller Team,Kronos,,SERIES,Kronos,kronos,Vasıta > Karavan > Motokaravan > Roller Team > Kronos,curated-market-v1,CURATED_REVIEW,,
Karavan,Motokaravan,Roller Team,Zefiro,,SERIES,Zefiro,zefiro,Vasıta > Karavan > Motokaravan > Roller Team > Zefiro,curated-market-v1,CURATED_REVIEW,,
Karavan,Motokaravan,Sunlight,Cliff,,SERIES,Cliff,cliff,Vasıta > Karavan > Motokaravan > Sunlight > Cliff,curated-market-v1,CURATED_REVIEW,,
Karavan,Motokaravan,Sunlight,T Serisi,,SERIES,T Serisi,t-serisi,Vasıta > Karavan > Motokaravan > Sunlight > T Serisi,curated-market-v1,CURATED_REVIEW,,
Karavan,Motokaravan,Volkswagen,California,,SERIES,California,california,Vasıta > Karavan > Motokaravan > Volkswagen > California,curated-market-v1,CURATED_REVIEW,,
Karavan,Çekme Karavan,,,,SUBCATEGORY,Çekme Karavan,cekme-karavan,Vasıta > Karavan > Çekme Karavan,curated-market-v1,CURATED_REVIEW,,
Karavan,Çekme Karavan,Adria,Adora,,SERIES,Adora,adora,Vasıta > Karavan > Çekme Karavan > Adria > Adora,curated-market-v1,CURATED_REVIEW,,
Karavan,Çekme Karavan,Adria,Altea,,SERIES,Altea,altea,Vasıta > Karavan > Çekme Karavan > Adria > Altea,curated-market-v1,CURATED_REVIEW,,
Karavan,Çekme Karavan,Adria,Aviva,,SERIES,Aviva,aviva,Vasıta > Karavan > Çekme Karavan > Adria > Aviva,curated-market-v1,CURATED_REVIEW,,
Karavan,Çekme Karavan,Başoğlu,Caretta 1500,,SERIES,Caretta 1500,caretta-1500,Vasıta > Karavan > Çekme Karavan > Başoğlu > Caretta 1500,curated-market-v1,CURATED_REVIEW,,
Karavan,Çekme Karavan,Başoğlu,Caretta Uncle,,SERIES,Caretta Uncle,caretta-uncle,Vasıta > Karavan > Çekme Karavan > Başoğlu > Caretta Uncle,curated-market-v1,CURATED_REVIEW,,
Karavan,Çekme Karavan,Bürstner,Averso,,SERIES,Averso,averso,Vasıta > Karavan > Çekme Karavan > Bürstner > Averso,curated-market-v1,CURATED_REVIEW,,
Karavan,Çekme Karavan,Bürstner,Premio,,SERIES,Premio,premio,Vasıta > Karavan > Çekme Karavan > Bürstner > Premio,curated-market-v1,CURATED_REVIEW,,
Karavan,Çekme Karavan,Dethleffs,Aero,,SERIES,Aero,aero,Vasıta > Karavan > Çekme Karavan > Dethleffs > Aero,curated-market-v1,CURATED_REVIEW,,
Karavan,Çekme Karavan,Dethleffs,Camper,,SERIES,Camper,camper,Vasıta > Karavan > Çekme Karavan > Dethleffs > Camper,curated-market-v1,CURATED_REVIEW,,
Karavan,Çekme Karavan,Dethleffs,Nomad,,SERIES,Nomad,nomad,Vasıta > Karavan > Çekme Karavan > Dethleffs > Nomad,curated-market-v1,CURATED_REVIEW,,
Karavan,Çekme Karavan,Eriba,Feeling,,SERIES,Feeling,feeling,Vasıta > Karavan > Çekme Karavan > Eriba > Feeling,curated-market-v1,CURATED_REVIEW,,
Karavan,Çekme Karavan,Eriba,Nova,,SERIES,Nova,nova,Vasıta > Karavan > Çekme Karavan > Eriba > Nova,curated-market-v1,CURATED_REVIEW,,
Karavan,Çekme Karavan,Eriba,Touring,,SERIES,Touring,touring,Vasıta > Karavan > Çekme Karavan > Eriba > Touring,curated-market-v1,CURATED_REVIEW,,
Karavan,Çekme Karavan,Hobby,De Luxe,,SERIES,De Luxe,de-luxe,Vasıta > Karavan > Çekme Karavan > Hobby > De Luxe,curated-market-v1,CURATED_REVIEW,,
Karavan,Çekme Karavan,Hobby,Excellent,,SERIES,Excellent,excellent,Vasıta > Karavan > Çekme Karavan > Hobby > Excellent,curated-market-v1,CURATED_REVIEW,,
Karavan,Çekme Karavan,Hobby,Prestige,,SERIES,Prestige,prestige,Vasıta > Karavan > Çekme Karavan > Hobby > Prestige,curated-market-v1,CURATED_REVIEW,,
Karavan,Çekme Karavan,Knaus,Deseo,,SERIES,Deseo,deseo,Vasıta > Karavan > Çekme Karavan > Knaus > Deseo,curated-market-v1,CURATED_REVIEW,,
Karavan,Çekme Karavan,Knaus,Sport,,SERIES,Sport,sport,Vasıta > Karavan > Çekme Karavan > Knaus > Sport,curated-market-v1,CURATED_REVIEW,,
Karavan,Çekme Karavan,Knaus,Südwind,,SERIES,Südwind,sudwind,Vasıta > Karavan > Çekme Karavan > Knaus > Südwind,curated-market-v1,CURATED_REVIEW,,
Karavan,Çekme Karavan,Saly,Carabinata,,SERIES,Carabinata,carabinata,Vasıta > Karavan > Çekme Karavan > Saly > Carabinata,curated-market-v1,CURATED_REVIEW,,
Karavan,Çekme Karavan,Saly,Sal 400,,SERIES,Sal 400,sal-400,Vasıta > Karavan > Çekme Karavan > Saly > Sal 400,curated-market-v1,CURATED_REVIEW,,
Karavan,Çekme Karavan,Tabbert,Da Vinci,,SERIES,Da Vinci,da-vinci,Vasıta > Karavan > Çekme Karavan > Tabbert > Da Vinci,curated-market-v1,CURATED_REVIEW,,
Karavan,Çekme Karavan,Tabbert,Puccini,,SERIES,Puccini,puccini,Vasıta > Karavan > Çekme Karavan > Tabbert > Puccini,curated-market-v1,CURATED_REVIEW,,
Karavan,Çekme Karavan,Tabbert,Vivaldi,,SERIES,Vivaldi,vivaldi,Vasıta > Karavan > Çekme Karavan > Tabbert > Vivaldi,curated-market-v1,CURATED_REVIEW,,
Karavan,Çekme Karavan,Weinsberg,CaraCito,,SERIES,CaraCito,caracito,Vasıta > Karavan > Çekme Karavan > Weinsberg > CaraCito,curated-market-v1,CURATED_REVIEW,,
Karavan,Çekme Karavan,Weinsberg,CaraOne,,SERIES,CaraOne,caraone,Vasıta > Karavan > Çekme Karavan > Weinsberg > CaraOne,curated-market-v1,CURATED_REVIEW,,
Karavan,Campervan,,,,SUBCATEGORY,Campervan,campervan,Vasıta > Karavan > Campervan,curated-market-v1,CURATED_REVIEW,,
Karavan,Campervan,Citroen,Jumper Camper,,SERIES,Jumper Camper,jumper-camper,Vasıta > Karavan > Campervan > Citroen > Jumper Camper,curated-market-v1,CURATED_REVIEW,,
Karavan,Campervan,Citroen,Jumpy Camper,,SERIES,Jumpy Camper,jumpy-camper,Vasıta > Karavan > Campervan > Citroen > Jumpy Camper,curated-market-v1,CURATED_REVIEW,,
Karavan,Campervan,Fiat,Doblo Camper,,SERIES,Doblo Camper,doblo-camper,Vasıta > Karavan > Campervan > Fiat > Doblo Camper,curated-market-v1,CURATED_REVIEW,,
Karavan,Campervan,Fiat,Ducato Camper,,SERIES,Ducato Camper,ducato-camper,Vasıta > Karavan > Campervan > Fiat > Ducato Camper,curated-market-v1,CURATED_REVIEW,,
Karavan,Campervan,Ford,Transit Camper,,SERIES,Transit Camper,transit-camper,Vasıta > Karavan > Campervan > Ford > Transit Camper,curated-market-v1,CURATED_REVIEW,,
Karavan,Campervan,Ford,Transit Custom Camper,,SERIES,Transit Custom Camper,transit-custom-camper,Vasıta > Karavan > Campervan > Ford > Transit Custom Camper,curated-market-v1,CURATED_REVIEW,,
Karavan,Campervan,Mercedes-Benz,Sprinter Camper,,SERIES,Sprinter Camper,sprinter-camper,Vasıta > Karavan > Campervan > Mercedes-Benz > Sprinter Camper,curated-market-v1,CURATED_REVIEW,,
Karavan,Campervan,Mercedes-Benz,Vito Camper,,SERIES,Vito Camper,vito-camper,Vasıta > Karavan > Campervan > Mercedes-Benz > Vito Camper,curated-market-v1,CURATED_REVIEW,,
Karavan,Campervan,Peugeot,Boxer Camper,,SERIES,Boxer Camper,boxer-camper,Vasıta > Karavan > Campervan > Peugeot > Boxer Camper,curated-market-v1,CURATED_REVIEW,,
Karavan,Campervan,Peugeot,Expert Camper,,SERIES,Expert Camper,expert-camper,Vasıta > Karavan > Campervan > Peugeot > Expert Camper,curated-market-v1,CURATED_REVIEW,,
Karavan,Campervan,Renault,Master Camper,,SERIES,Master Camper,master-camper,Vasıta > Karavan > Campervan > Renault > Master Camper,curated-market-v1,CURATED_REVIEW,,
Karavan,Campervan,Renault,Trafic Camper,,SERIES,Trafic Camper,trafic-camper,Vasıta > Karavan > Campervan > Renault > Trafic Camper,curated-market-v1,CURATED_REVIEW,,
Karavan,Campervan,Volkswagen,Crafter Camper,,SERIES,Crafter Camper,crafter-camper,Vasıta > Karavan > Campervan > Volkswagen > Crafter Camper,curated-market-v1,CURATED_REVIEW,,
Karavan,Campervan,Volkswagen,Transporter Camper,,SERIES,Transporter Camper,transporter-camper,Vasıta > Karavan > Campervan > Volkswagen > Transporter Camper,curated-market-v1,CURATED_REVIEW,,
Karavan,Karavan Projesi,,,,SUBCATEGORY,Karavan Projesi,karavan-projesi,Vasıta > Karavan > Karavan Projesi,curated-market-v1,CURATED_REVIEW,,
Karavan,Karavan Projesi,Diğer,Boş Panelvan,,SERIES,Boş Panelvan,bos-panelvan,Vasıta > Karavan > Karavan Projesi > Diğer > Boş Panelvan,curated-market-v1,CURATED_REVIEW,,
Karavan,Karavan Projesi,Diğer,Yarım Kalmış Proje,,SERIES,Yarım Kalmış Proje,yarim-kalmis-proje,Vasıta > Karavan > Karavan Projesi > Diğer > Yarım Kalmış Proje,curated-market-v1,CURATED_REVIEW,,
Karavan,Karavan Projesi,Diğer,Şasi Üstü Proje,,SERIES,Şasi Üstü Proje,sasi-ustu-proje,Vasıta > Karavan > Karavan Projesi > Diğer > Şasi Üstü Proje,curated-market-v1,CURATED_REVIEW,,
Hava Araçları,Uçak,,,,SUBCATEGORY,Uçak,ucak,Vasıta > Hava Araçları > Uçak,curated-market-v1,CURATED_REVIEW,,
Hava Araçları,Uçak,Beechcraft,Baron,,SERIES,Baron,baron,Vasıta > Hava Araçları > Uçak > Beechcraft > Baron,curated-market-v1,CURATED_REVIEW,,
Hava Araçları,Uçak,Beechcraft,Bonanza,,SERIES,Bonanza,bonanza,Vasıta > Hava Araçları > Uçak > Beechcraft > Bonanza,curated-market-v1,CURATED_REVIEW,,
Hava Araçları,Uçak,Beechcraft,King Air,,SERIES,King Air,king-air,Vasıta > Hava Araçları > Uçak > Beechcraft > King Air,curated-market-v1,CURATED_REVIEW,,
Hava Araçları,Uçak,Cessna,150,,SERIES,150,150,Vasıta > Hava Araçları > Uçak > Cessna > 150,curated-market-v1,CURATED_REVIEW,,
Hava Araçları,Uçak,Cessna,152,,SERIES,152,152,Vasıta > Hava Araçları > Uçak > Cessna > 152,curated-market-v1,CURATED_REVIEW,,
Hava Araçları,Uçak,Cessna,172,,SERIES,172,172,Vasıta > Hava Araçları > Uçak > Cessna > 172,curated-market-v1,CURATED_REVIEW,,
Hava Araçları,Uçak,Cessna,182,,SERIES,182,182,Vasıta > Hava Araçları > Uçak > Cessna > 182,curated-market-v1,CURATED_REVIEW,,
Hava Araçları,Uçak,Cessna,206,,SERIES,206,206,Vasıta > Hava Araçları > Uçak > Cessna > 206,curated-market-v1,CURATED_REVIEW,,
Hava Araçları,Uçak,Cessna,Citation,,SERIES,Citation,citation,Vasıta > Hava Araçları > Uçak > Cessna > Citation,curated-market-v1,CURATED_REVIEW,,
Hava Araçları,Uçak,Cirrus,SR20,,SERIES,SR20,sr20,Vasıta > Hava Araçları > Uçak > Cirrus > SR20,curated-market-v1,CURATED_REVIEW,,
Hava Araçları,Uçak,Cirrus,SR22,,SERIES,SR22,sr22,Vasıta > Hava Araçları > Uçak > Cirrus > SR22,curated-market-v1,CURATED_REVIEW,,
Hava Araçları,Uçak,Cirrus,Vision Jet,,SERIES,Vision Jet,vision-jet,Vasıta > Hava Araçları > Uçak > Cirrus > Vision Jet,curated-market-v1,CURATED_REVIEW,,
Hava Araçları,Uçak,Piper,PA-28 Cherokee,,SERIES,PA-28 Cherokee,pa-28-cherokee,Vasıta > Hava Araçları > Uçak > Piper > PA-28 Cherokee,curated-market-v1,CURATED_REVIEW,,
Hava Araçları,Uçak,Piper,PA-34 Seneca,,SERIES,PA-34 Seneca,pa-34-seneca,Vasıta > Hava Araçları > Uçak > Piper > PA-34 Seneca,curated-market-v1,CURATED_REVIEW,,
Hava Araçları,Uçak,Piper,PA-46 Malibu,,SERIES,PA-46 Malibu,pa-46-malibu,Vasıta > Hava Araçları > Uçak > Piper > PA-46 Malibu,curated-market-v1,CURATED_REVIEW,,
Hava Araçları,Uçak,Tecnam,P2002,,SERIES,P2002,p2002,Vasıta > Hava Araçları > Uçak > Tecnam > P2002,curated-market-v1,CURATED_REVIEW,,
Hava Araçları,Uçak,Tecnam,P2006T,,SERIES,P2006T,p2006t,Vasıta > Hava Araçları > Uçak > Tecnam > P2006T,curated-market-v1,CURATED_REVIEW,,
Hava Araçları,Uçak,Tecnam,P2010,,SERIES,P2010,p2010,Vasıta > Hava Araçları > Uçak > Tecnam > P2010,curated-market-v1,CURATED_REVIEW,,
Hava Araçları,Helikopter,,,,SUBCATEGORY,Helikopter,helikopter,Vasıta > Hava Araçları > Helikopter,curated-market-v1,CURATED_REVIEW,,
Hava Araçları,Helikopter,Airbus Helicopters,H125,,SERIES,H125,h125,Vasıta > Hava Araçları > Helikopter > Airbus Helicopters > H125,curated-market-v1,CURATED_REVIEW,,
Hava Araçları,Helikopter,Airbus Helicopters,H130,,SERIES,H130,h130,Vasıta > Hava Araçları > Helikopter > Airbus Helicopters > H130,curated-market-v1,CURATED_REVIEW,,
Hava Araçları,Helikopter,Airbus Helicopters,H135,,SERIES,H135,h135,Vasıta > Hava Araçları > Helikopter > Airbus Helicopters > H135,curated-market-v1,CURATED_REVIEW,,
Hava Araçları,Helikopter,Bell,206,,SERIES,206,206,Vasıta > Hava Araçları > Helikopter > Bell > 206,curated-market-v1,CURATED_REVIEW,,
Hava Araçları,Helikopter,Bell,407,,SERIES,407,407,Vasıta > Hava Araçları > Helikopter > Bell > 407,curated-market-v1,CURATED_REVIEW,,
Hava Araçları,Helikopter,Bell,429,,SERIES,429,429,Vasıta > Hava Araçları > Helikopter > Bell > 429,curated-market-v1,CURATED_REVIEW,,
Hava Araçları,Helikopter,Leonardo,AW109,,SERIES,AW109,aw109,Vasıta > Hava Araçları > Helikopter > Leonardo > AW109,curated-market-v1,CURATED_REVIEW,,
Hava Araçları,Helikopter,Leonardo,AW119,,SERIES,AW119,aw119,Vasıta > Hava Araçları > Helikopter > Leonardo > AW119,curated-market-v1,CURATED_REVIEW,,
Hava Araçları,Helikopter,Leonardo,AW139,,SERIES,AW139,aw139,Vasıta > Hava Araçları > Helikopter > Leonardo > AW139,curated-market-v1,CURATED_REVIEW,,
Hava Araçları,Helikopter,Robinson,R22,,SERIES,R22,r22,Vasıta > Hava Araçları > Helikopter > Robinson > R22,curated-market-v1,CURATED_REVIEW,,
Hava Araçları,Helikopter,Robinson,R44,,SERIES,R44,r44,Vasıta > Hava Araçları > Helikopter > Robinson > R44,curated-market-v1,CURATED_REVIEW,,
Hava Araçları,Helikopter,Robinson,R66,,SERIES,R66,r66,Vasıta > Hava Araçları > Helikopter > Robinson > R66,curated-market-v1,CURATED_REVIEW,,
Hava Araçları,Ultralight,,,,SUBCATEGORY,Ultralight,ultralight,Vasıta > Hava Araçları > Ultralight,curated-market-v1,CURATED_REVIEW,,
Hava Araçları,Ultralight,Aeroprakt,A22,,SERIES,A22,a22,Vasıta > Hava Araçları > Ultralight > Aeroprakt > A22,curated-market-v1,CURATED_REVIEW,,
Hava Araçları,Ultralight,Aeroprakt,A32,,SERIES,A32,a32,Vasıta > Hava Araçları > Ultralight > Aeroprakt > A32,curated-market-v1,CURATED_REVIEW,,
Hava Araçları,Ultralight,Flight Design,CTLS,,SERIES,CTLS,ctls,Vasıta > Hava Araçları > Ultralight > Flight Design > CTLS,curated-market-v1,CURATED_REVIEW,,
Hava Araçları,Ultralight,Flight Design,F2,,SERIES,F2,f2,Vasıta > Hava Araçları > Ultralight > Flight Design > F2,curated-market-v1,CURATED_REVIEW,,
Hava Araçları,Ultralight,Pipistrel,Alpha Trainer,,SERIES,Alpha Trainer,alpha-trainer,Vasıta > Hava Araçları > Ultralight > Pipistrel > Alpha Trainer,curated-market-v1,CURATED_REVIEW,,
Hava Araçları,Ultralight,Pipistrel,Velis Electro,,SERIES,Velis Electro,velis-electro,Vasıta > Hava Araçları > Ultralight > Pipistrel > Velis Electro,curated-market-v1,CURATED_REVIEW,,
Hava Araçları,Ultralight,Pipistrel,Virus SW,,SERIES,Virus SW,virus-sw,Vasıta > Hava Araçları > Ultralight > Pipistrel > Virus SW,curated-market-v1,CURATED_REVIEW,,
Hava Araçları,Ultralight,Remos,GX,,SERIES,GX,gx,Vasıta > Hava Araçları > Ultralight > Remos > GX,curated-market-v1,CURATED_REVIEW,,
Hava Araçları,Planör,,,,SUBCATEGORY,Planör,planor,Vasıta > Hava Araçları > Planör,curated-market-v1,CURATED_REVIEW,,
Hava Araçları,Planör,DG Flugzeugbau,DG-1000,,SERIES,DG-1000,dg-1000,Vasıta > Hava Araçları > Planör > DG Flugzeugbau > DG-1000,curated-market-v1,CURATED_REVIEW,,
Hava Araçları,Planör,DG Flugzeugbau,LS8,,SERIES,LS8,ls8,Vasıta > Hava Araçları > Planör > DG Flugzeugbau > LS8,curated-market-v1,CURATED_REVIEW,,
Hava Araçları,Planör,Schempp-Hirth,Arcus,,SERIES,Arcus,arcus,Vasıta > Hava Araçları > Planör > Schempp-Hirth > Arcus,curated-market-v1,CURATED_REVIEW,,
Hava Araçları,Planör,Schempp-Hirth,Discus,,SERIES,Discus,discus,Vasıta > Hava Araçları > Planör > Schempp-Hirth > Discus,curated-market-v1,CURATED_REVIEW,,
Hava Araçları,Planör,Schempp-Hirth,Ventus,,SERIES,Ventus,ventus,Vasıta > Hava Araçları > Planör > Schempp-Hirth > Ventus,curated-market-v1,CURATED_REVIEW,,
Hava Araçları,Planör,Schleicher,ASG 29,,SERIES,ASG 29,asg-29,Vasıta > Hava Araçları > Planör > Schleicher > ASG 29,curated-market-v1,CURATED_REVIEW,,
Hava Araçları,Planör,Schleicher,ASH 31,,SERIES,ASH 31,ash-31,Vasıta > Hava Araçları > Planör > Schleicher > ASH 31,curated-market-v1,CURATED_REVIEW,,
Hava Araçları,Planör,Schleicher,ASK 21,,SERIES,ASK 21,ask-21,Vasıta > Hava Araçları > Planör > Schleicher > ASK 21,curated-market-v1,CURATED_REVIEW,,
ATV,,Arora,Atak 200,,SERIES,Atak 200,atak-200,Vasıta > ATV > Arora > Atak 200,curated-market-v1,CURATED_REVIEW,,
ATV,,Arora,Sahara 250,,SERIES,Sahara 250,sahara-250,Vasıta > ATV > Arora > Sahara 250,curated-market-v1,CURATED_REVIEW,,
ATV,,Can-Am,Outlander 1000,,SERIES,Outlander 1000,outlander-1000,Vasıta > ATV > Can-Am > Outlander 1000,curated-market-v1,CURATED_REVIEW,,
ATV,,Can-Am,Outlander 450,,SERIES,Outlander 450,outlander-450,Vasıta > ATV > Can-Am > Outlander 450,curated-market-v1,CURATED_REVIEW,,
ATV,,Can-Am,Outlander 650,,SERIES,Outlander 650,outlander-650,Vasıta > ATV > Can-Am > Outlander 650,curated-market-v1,CURATED_REVIEW,,
ATV,,Can-Am,Outlander 850,,SERIES,Outlander 850,outlander-850,Vasıta > ATV > Can-Am > Outlander 850,curated-market-v1,CURATED_REVIEW,,
ATV,,Can-Am,Renegade 1000,,SERIES,Renegade 1000,renegade-1000,Vasıta > ATV > Can-Am > Renegade 1000,curated-market-v1,CURATED_REVIEW,,
ATV,,Can-Am,Renegade 570,,SERIES,Renegade 570,renegade-570,Vasıta > ATV > Can-Am > Renegade 570,curated-market-v1,CURATED_REVIEW,,
ATV,,CFmoto,CForce 1000,,SERIES,CForce 1000,cforce-1000,Vasıta > ATV > CFmoto > CForce 1000,curated-market-v1,CURATED_REVIEW,,
ATV,,CFmoto,CForce 450,,SERIES,CForce 450,cforce-450,Vasıta > ATV > CFmoto > CForce 450,curated-market-v1,CURATED_REVIEW,,
ATV,,CFmoto,CForce 520,,SERIES,CForce 520,cforce-520,Vasıta > ATV > CFmoto > CForce 520,curated-market-v1,CURATED_REVIEW,,
ATV,,CFmoto,CForce 625,,SERIES,CForce 625,cforce-625,Vasıta > ATV > CFmoto > CForce 625,curated-market-v1,CURATED_REVIEW,,
ATV,,CFmoto,CForce 850,,SERIES,CForce 850,cforce-850,Vasıta > ATV > CFmoto > CForce 850,curated-market-v1,CURATED_REVIEW,,
ATV,,Kawasaki,Brute Force 300,,SERIES,Brute Force 300,brute-force-300,Vasıta > ATV > Kawasaki > Brute Force 300,curated-market-v1,CURATED_REVIEW,,
ATV,,Kawasaki,Brute Force 750,,SERIES,Brute Force 750,brute-force-750,Vasıta > ATV > Kawasaki > Brute Force 750,curated-market-v1,CURATED_REVIEW,,
ATV,,Kawasaki,KFX 90,,SERIES,KFX 90,kfx-90,Vasıta > ATV > Kawasaki > KFX 90,curated-market-v1,CURATED_REVIEW,,
ATV,,Kuba,Eland 200,,SERIES,Eland 200,eland-200,Vasıta > ATV > Kuba > Eland 200,curated-market-v1,CURATED_REVIEW,,
ATV,,Kuba,Promax 250,,SERIES,Promax 250,promax-250,Vasıta > ATV > Kuba > Promax 250,curated-market-v1,CURATED_REVIEW,,
ATV,,Kymco,MXU 300,,SERIES,MXU 300,mxu-300,Vasıta > ATV > Kymco > MXU 300,curated-market-v1,CURATED_REVIEW,,
ATV,,Kymco,MXU 550,,SERIES,MXU 550,mxu-550,Vasıta > ATV > Kymco > MXU 550,curated-market-v1,CURATED_REVIEW,,
ATV,,Kymco,MXU 700,,SERIES,MXU 700,mxu-700,Vasıta > ATV > Kymco > MXU 700,curated-market-v1,CURATED_REVIEW,,
ATV,,Linhai,M150,,SERIES,M150,m150,Vasıta > ATV > Linhai > M150,curated-market-v1,CURATED_REVIEW,,
ATV,,Linhai,M550,,SERIES,M550,m550,Vasıta > ATV > Linhai > M550,curated-market-v1,CURATED_REVIEW,,
ATV,,Linhai,M750,,SERIES,M750,m750,Vasıta > ATV > Linhai > M750,curated-market-v1,CURATED_REVIEW,,
ATV,,Polaris,Scrambler 850,,SERIES,Scrambler 850,scrambler-850,Vasıta > ATV > Polaris > Scrambler 850,curated-market-v1,CURATED_REVIEW,,
ATV,,Polaris,Scrambler XP 1000,,SERIES,Scrambler XP 1000,scrambler-xp-1000,Vasıta > ATV > Polaris > Scrambler XP 1000,curated-market-v1,CURATED_REVIEW,,
ATV,,Polaris,Sportsman 570,,SERIES,Sportsman 570,sportsman-570,Vasıta > ATV > Polaris > Sportsman 570,curated-market-v1,CURATED_REVIEW,,
ATV,,Polaris,Sportsman 850,,SERIES,Sportsman 850,sportsman-850,Vasıta > ATV > Polaris > Sportsman 850,curated-market-v1,CURATED_REVIEW,,
ATV,,Segway,Snarler AT10,,SERIES,Snarler AT10,snarler-at10,Vasıta > ATV > Segway > Snarler AT10,curated-market-v1,CURATED_REVIEW,,
ATV,,Segway,Snarler AT5,,SERIES,Snarler AT5,snarler-at5,Vasıta > ATV > Segway > Snarler AT5,curated-market-v1,CURATED_REVIEW,,
ATV,,Segway,Snarler AT6,,SERIES,Snarler AT6,snarler-at6,Vasıta > ATV > Segway > Snarler AT6,curated-market-v1,CURATED_REVIEW,,
ATV,,Suzuki,KingQuad 400,,SERIES,KingQuad 400,kingquad-400,Vasıta > ATV > Suzuki > KingQuad 400,curated-market-v1,CURATED_REVIEW,,
ATV,,Suzuki,KingQuad 500,,SERIES,KingQuad 500,kingquad-500,Vasıta > ATV > Suzuki > KingQuad 500,curated-market-v1,CURATED_REVIEW,,
ATV,,Suzuki,KingQuad 750,,SERIES,KingQuad 750,kingquad-750,Vasıta > ATV > Suzuki > KingQuad 750,curated-market-v1,CURATED_REVIEW,,
ATV,,TGB,Blade 1000,,SERIES,Blade 1000,blade-1000,Vasıta > ATV > TGB > Blade 1000,curated-market-v1,CURATED_REVIEW,,
ATV,,TGB,Blade 550,,SERIES,Blade 550,blade-550,Vasıta > ATV > TGB > Blade 550,curated-market-v1,CURATED_REVIEW,,
ATV,,TGB,Blade 600,,SERIES,Blade 600,blade-600,Vasıta > ATV > TGB > Blade 600,curated-market-v1,CURATED_REVIEW,,
ATV,,TGB,Target 600,,SERIES,Target 600,target-600,Vasıta > ATV > TGB > Target 600,curated-market-v1,CURATED_REVIEW,,
ATV,,Yamaha,Grizzly 700,,SERIES,Grizzly 700,grizzly-700,Vasıta > ATV > Yamaha > Grizzly 700,curated-market-v1,CURATED_REVIEW,,
ATV,,Yamaha,Kodiak 450,,SERIES,Kodiak 450,kodiak-450,Vasıta > ATV > Yamaha > Kodiak 450,curated-market-v1,CURATED_REVIEW,,
ATV,,Yamaha,Kodiak 700,,SERIES,Kodiak 700,kodiak-700,Vasıta > ATV > Yamaha > Kodiak 700,curated-market-v1,CURATED_REVIEW,,
ATV,,Yamaha,Raptor 700,,SERIES,Raptor 700,raptor-700,Vasıta > ATV > Yamaha > Raptor 700,curated-market-v1,CURATED_REVIEW,,
ATV,,Yamaha,YFZ450R,,SERIES,YFZ450R,yfz450r,Vasıta > ATV > Yamaha > YFZ450R,curated-market-v1,CURATED_REVIEW,,
UTV,,Can-Am,Commander 1000,,SERIES,Commander 1000,commander-1000,Vasıta > UTV > Can-Am > Commander 1000,curated-market-v1,CURATED_REVIEW,,
UTV,,Can-Am,Commander 700,,SERIES,Commander 700,commander-700,Vasıta > UTV > Can-Am > Commander 700,curated-market-v1,CURATED_REVIEW,,
UTV,,Can-Am,Defender HD10,,SERIES,Defender HD10,defender-hd10,Vasıta > UTV > Can-Am > Defender HD10,curated-market-v1,CURATED_REVIEW,,
UTV,,Can-Am,Defender HD7,,SERIES,Defender HD7,defender-hd7,Vasıta > UTV > Can-Am > Defender HD7,curated-market-v1,CURATED_REVIEW,,
UTV,,Can-Am,Defender HD9,,SERIES,Defender HD9,defender-hd9,Vasıta > UTV > Can-Am > Defender HD9,curated-market-v1,CURATED_REVIEW,,
UTV,,Can-Am,Maverick X3,,SERIES,Maverick X3,maverick-x3,Vasıta > UTV > Can-Am > Maverick X3,curated-market-v1,CURATED_REVIEW,,
UTV,,CFmoto,UForce 1000,,SERIES,UForce 1000,uforce-1000,Vasıta > UTV > CFmoto > UForce 1000,curated-market-v1,CURATED_REVIEW,,
UTV,,CFmoto,UForce 600,,SERIES,UForce 600,uforce-600,Vasıta > UTV > CFmoto > UForce 600,curated-market-v1,CURATED_REVIEW,,
UTV,,CFmoto,ZForce 1000,,SERIES,ZForce 1000,zforce-1000,Vasıta > UTV > CFmoto > ZForce 1000,curated-market-v1,CURATED_REVIEW,,
UTV,,CFmoto,ZForce 950,,SERIES,ZForce 950,zforce-950,Vasıta > UTV > CFmoto > ZForce 950,curated-market-v1,CURATED_REVIEW,,
UTV,,John Deere,Gator XUV,,SERIES,Gator XUV,gator-xuv,Vasıta > UTV > John Deere > Gator XUV,curated-market-v1,CURATED_REVIEW,,
UTV,,Kawasaki,Mule Pro,,SERIES,Mule Pro,mule-pro,Vasıta > UTV > Kawasaki > Mule Pro,curated-market-v1,CURATED_REVIEW,,
UTV,,Kawasaki,Teryx KRX 1000,,SERIES,Teryx KRX 1000,teryx-krx-1000,Vasıta > UTV > Kawasaki > Teryx KRX 1000,curated-market-v1,CURATED_REVIEW,,
UTV,,Kymco,UXV 450,,SERIES,UXV 450,uxv-450,Vasıta > UTV > Kymco > UXV 450,curated-market-v1,CURATED_REVIEW,,
UTV,,Kymco,UXV 700,,SERIES,UXV 700,uxv-700,Vasıta > UTV > Kymco > UXV 700,curated-market-v1,CURATED_REVIEW,,
UTV,,Polaris,General 1000,,SERIES,General 1000,general-1000,Vasıta > UTV > Polaris > General 1000,curated-market-v1,CURATED_REVIEW,,
UTV,,Polaris,Ranger 1000,,SERIES,Ranger 1000,ranger-1000,Vasıta > UTV > Polaris > Ranger 1000,curated-market-v1,CURATED_REVIEW,,
UTV,,Polaris,Ranger 570,,SERIES,Ranger 570,ranger-570,Vasıta > UTV > Polaris > Ranger 570,curated-market-v1,CURATED_REVIEW,,
UTV,,Polaris,RZR 1000,,SERIES,RZR 1000,rzr-1000,Vasıta > UTV > Polaris > RZR 1000,curated-market-v1,CURATED_REVIEW,,
UTV,,Polaris,RZR 570,,SERIES,RZR 570,rzr-570,Vasıta > UTV > Polaris > RZR 570,curated-market-v1,CURATED_REVIEW,,
UTV,,Polaris,RZR Pro R,,SERIES,RZR Pro R,rzr-pro-r,Vasıta > UTV > Polaris > RZR Pro R,curated-market-v1,CURATED_REVIEW,,
UTV,,Segway,Fugleman UT10,,SERIES,Fugleman UT10,fugleman-ut10,Vasıta > UTV > Segway > Fugleman UT10,curated-market-v1,CURATED_REVIEW,,
UTV,,Segway,Fugleman UT6,,SERIES,Fugleman UT6,fugleman-ut6,Vasıta > UTV > Segway > Fugleman UT6,curated-market-v1,CURATED_REVIEW,,
UTV,,Segway,Villain SX10,,SERIES,Villain SX10,villain-sx10,Vasıta > UTV > Segway > Villain SX10,curated-market-v1,CURATED_REVIEW,,
UTV,,Yamaha,Viking,,SERIES,Viking,viking,Vasıta > UTV > Yamaha > Viking,curated-market-v1,CURATED_REVIEW,,
UTV,,Yamaha,Wolverine,,SERIES,Wolverine,wolverine,Vasıta > UTV > Yamaha > Wolverine,curated-market-v1,CURATED_REVIEW,,
UTV,,Yamaha,YXZ1000R,,SERIES,YXZ1000R,yxz1000r,Vasıta > UTV > Yamaha > YXZ1000R,curated-market-v1,CURATED_REVIEW,,
